task,ready_event,run_event,ready_cycles,start_cycles,exec_cycles,valid,sends,run_count,block_cycles,block_event,cause,wall_us,exec_us,start_us,block_us
TelemetryTask,172671,172673,61523,63183,178841,False,1,1,242024,172676,4,827.9675925925926,827.9675925925926,292.5138888888889,1120.4814814814815
UartTxTask,172675,172677,239755,244468,6243,True,0,1,250711,172679,4,28.90277777777778,28.90277777777778,1131.7962962962963,1160.6990740740741
UartTxTask,172681,172682,399837,401747,5419,True,0,1,407166,172684,4,25.087962962962962,25.087962962962962,1859.9398148148148,1885.0277777777778
TelemetryTask,172686,172687,1864720,1867728,466186,True,1,1,2333914,172690,4,2158.2685185185187,2158.2685185185187,8646.888888888889,10805.157407407407
UartTxTask,172689,172691,2331591,2336351,6196,True,0,1,2342547,172693,4,28.685185185185187,28.685185185185187,10816.439814814816,10845.125
UartTxTask,172695,172696,2491598,2494793,6281,True,0,1,2501074,172698,4,29.078703703703702,29.078703703703702,11549.967592592593,11579.046296296296
TelemetryTask,172700,172701,4024754,4027807,466158,True,1,1,4493965,172704,4,2158.1388888888887,2158.1388888888887,18647.25462962963,20805.39351851852
UartTxTask,172703,172705,4491628,4496384,6191,True,0,1,4502575,172707,4,28.662037037037038,28.662037037037038,20816.59259259259,20845.25462962963
UartTxTask,172709,172710,4651606,4654797,6199,True,0,1,4660996,172712,4,28.699074074074073,28.699074074074073,21549.98611111111,21578.685185185186
TelemetryTask,172714,172715,6184735,6187704,466168,True,1,1,6653872,172718,4,2158.185185185185,2158.185185185185,28646.777777777777,30804.962962962964
UartTxTask,172717,172719,6651535,6656309,6202,True,0,1,6662511,172721,4,28.712962962962962,28.712962962962962,30816.24537037037,30844.958333333332
UartTxTask,172723,172724,6811577,6814751,6271,True,0,1,6821022,172726,4,29.03240740740741,29.03240740740741,31549.77314814815,31578.805555555555
TelemetryTask,172728,172729,8344738,8347814,466205,True,1,1,8814019,172732,4,2158.3564814814813,2158.3564814814813,38647.28703703704,40805.64351851852
UartTxTask,172731,172733,8811714,8816459,6307,True,0,1,8822766,172735,4,29.199074074074073,29.199074074074073,40816.93981481482,40846.13888888889
UartTxTask,172737,172738,8971772,8974865,6221,True,0,1,8981086,172740,4,28.800925925925927,28.800925925925927,41550.30092592593,41579.101851851854
TelemetryTask,172742,172743,10504729,10507736,466094,True,1,1,10973830,172746,4,2157.8425925925926,2157.8425925925926,48646.92592592593,50804.76851851852
UartTxTask,172745,172747,10971485,10976261,6229,True,0,1,10982490,172749,4,28.837962962962962,28.837962962962962,50816.023148148146,50844.86111111111
UartTxTask,172751,172752,11131608,11134804,6307,True,0,1,11141111,172754,4,29.199074074074073,29.199074074074073,51550.01851851852,51579.21759259259
TelemetryTask,172756,172757,12664731,12667740,465907,True,1,1,13133647,172760,4,2156.9768518518517,2156.9768518518517,58646.944444444445,60803.9212962963
UartTxTask,172759,172761,13131295,13136072,6120,True,0,1,13142192,172763,4,28.333333333333332,28.333333333333332,60815.148148148146,60843.48148148148
UartTxTask,172765,172766,13291287,13294457,6188,True,0,1,13300645,172768,4,28.64814814814815,28.64814814814815,61548.41203703704,61577.06018518518
TelemetryTask,172770,172771,14824731,14827759,465985,True,1,1,15293744,172774,4,2157.337962962963,2157.337962962963,68647.0324074074,70804.37037037036
UartTxTask,172773,172775,15291422,15296240,6233,True,0,1,15302473,172777,4,28.85648148148148,28.85648148148148,70815.92592592593,70844.7824074074
UartTxTask,172779,172780,15451568,15454731,6254,True,0,1,15460985,172782,4,28.953703703703702,28.953703703703702,71549.68055555556,71578.63425925926
TelemetryTask,172784,172785,16984728,16987695,466115,True,1,1,17453810,172788,4,2157.939814814815,2157.939814814815,78646.73611111111,80804.67592592593
UartTxTask,172787,172789,17451449,17456243,6059,True,0,1,17462302,172791,4,28.050925925925927,28.050925925925927,80815.93981481482,80843.99074074074
UartTxTask,172793,172794,17611472,17614678,6138,True,0,1,17620816,172796,4,28.416666666666668,28.416666666666668,81549.43518518518,81577.85185185185
TelemetryTask,172798,172799,19144723,19147801,466044,True,1,1,19613845,172802,4,2157.6111111111113,2157.6111111111113,88647.22685185185,90804.83796296296
UartTxTask,172801,172803,19611510,19616294,6289,True,0,1,19622583,172805,4,29.11574074074074,29.11574074074074,90816.17592592593,90845.29166666667
UartTxTask,172807,172808,19771596,19774817,6162,True,0,1,19780979,172810,4,28.52777777777778,28.52777777777778,91550.07870370371,91578.60648148147
TelemetryTask,172812,172813,21304736,21307830,465891,True,1,1,21773721,172816,4,2156.902777777778,2156.902777777778,98647.36111111111,100804.26388888889
UartTxTask,172815,172817,21771424,21776178,6213,True,0,1,21782391,172819,4,28.76388888888889,28.76388888888889,100815.63888888889,100844.40277777778
UartTxTask,172821,172822,21931475,21934655,6246,True,0,1,21940901,172824,4,28.916666666666668,28.916666666666668,101549.32870370371,101578.24537037036
TelemetryTask,172826,172827,23464767,23467921,465980,True,1,1,23933901,172830,4,2157.314814814815,2157.314814814815,108647.7824074074,110805.09722222222
UartTxTask,172829,172831,23931562,23936330,6282,True,0,1,23942612,172833,4,29.083333333333332,29.083333333333332,110816.3425925926,110845.42592592593
UartTxTask,172835,172836,24091605,24094782,6223,True,0,1,24101005,172838,4,28.810185185185187,28.810185185185187,111549.91666666667,111578.72685185185
TelemetryTask,172840,172841,25624763,25627815,466052,True,1,1,26093867,172844,4,2157.6481481481483,2157.6481481481483,118647.29166666667,120804.93981481482
UartTxTask,172843,172845,26091533,26096246,6201,True,0,1,26102447,172847,4,28.708333333333332,28.708333333333332,120815.95370370371,120844.66203703704
UartTxTask,172849,172850,26251591,26254767,6125,True,0,1,26260892,172852,4,28.35648148148148,28.35648148148148,121549.84722222222,121578.20370370371
TelemetryTask,172854,172855,27784768,27787863,466028,True,1,1,28253891,172858,4,2157.537037037037,2157.537037037037,128647.51388888889,130805.05092592593
UartTxTask,172857,172859,28251513,28256304,6145,True,0,1,28262449,172861,4,28.449074074074073,28.449074074074073,130816.22222222222,130844.67129629629
UartTxTask,172863,172864,28411531,28414725,6247,True,0,1,28420972,172866,4,28.921296296296298,28.921296296296298,131549.65277777778,131578.57407407407
TelemetryTask,172868,172869,29944758,29947833,466288,True,1,1,30414121,172872,4,2158.740740740741,2158.740740740741,138647.375,140806.11574074073
UartTxTask,172871,172873,30411715,30416593,6142,True,0,1,30422735,172875,4,28.435185185185187,28.435185185185187,140817.5601851852,140845.99537037036
UartTxTask,172877,172878,30571843,30575025,6250,True,0,1,30581275,172880,4,28.935185185185187,28.935185185185187,141551.04166666666,141579.97685185185
TelemetryTask,172882,172883,32104757,32107794,465931,True,1,1,32573725,172886,4,2157.087962962963,2157.087962962963,148647.19444444444,150804.28240740742
UartTxTask,172885,172887,32571390,32576155,6187,True,0,1,32582342,172889,4,28.64351851851852,28.64351851851852,150815.53240740742,150844.17592592593
UartTxTask,172891,172892,32731368,32734528,6260,True,0,1,32740788,172894,4,28.98148148148148,28.98148148148148,151548.74074074073,151577.72222222222
TelemetryTask,172896,172897,34264738,34267810,466004,True,1,1,34733814,172900,4,2157.425925925926,2157.425925925926,158647.2685185185,160804.69444444444
UartTxTask,172899,172901,34731532,34736248,6255,True,0,1,34742503,172903,4,28.958333333333332,28.958333333333332,160815.96296296295,160844.9212962963
UartTxTask,172905,172906,34891615,34894758,6271,True,0,1,34901029,172908,4,29.03240740740741,29.03240740740741,161549.80555555556,161578.83796296295
TelemetryTask,172910,172911,36424759,36427771,466108,True,1,1,36893879,172914,4,2157.9074074074074,2157.9074074074074,168647.08796296295,170804.99537037036
UartTxTask,172913,172915,36891557,36896318,6216,True,0,1,36902534,172917,4,28.77777777777778,28.77777777777778,170816.28703703705,170845.0648148148
UartTxTask,172919,172920,37051620,37054746,6370,True,0,1,37061116,172922,4,29.49074074074074,29.49074074074074,171549.75,171579.24074074073
TelemetryTask,172924,172925,38584764,38587844,465903,True,1,1,39053747,172928,4,2156.9583333333335,2156.9583333333335,178647.42592592593,180804.38425925927
UartTxTask,172927,172929,39051401,39056204,6124,True,0,1,39062328,172931,4,28.35185185185185,28.35185185185185,180815.75925925927,180844.11111111112
UartTxTask,172933,172934,39211475,39214662,6332,True,0,1,39220994,172936,4,29.314814814814813,29.314814814814813,181549.36111111112,181578.67592592593
TelemetryTask,172938,172939,40744721,40747755,466026,True,1,1,41213781,172942,4,2157.527777777778,2157.527777777778,188647.01388888888,190804.54166666666
UartTxTask,172941,172943,41211488,41216254,6168,True,0,1,41222422,172945,4,28.555555555555557,28.555555555555557,190815.99074074073,190844.5462962963
UartTxTask,172947,172948,41371545,41374741,6223,True,0,1,41380964,172950,4,28.810185185185187,28.810185185185187,191549.72685185185,191578.53703703705
TelemetryTask,172952,172953,42904739,42907802,465979,True,1,1,43373781,172956,4,2157.310185185185,2157.310185185185,198647.2314814815,200804.54166666666
UartTxTask,172955,172957,43371477,43376233,6182,True,0,1,43382415,172959,4,28.62037037037037,28.62037037037037,200815.8935185185,200844.51388888888
UartTxTask,172961,172962,43531442,43534693,6156,True,0,1,43540849,172964,4,28.5,28.5,201549.50462962964,201578.00462962964
TelemetryTask,172966,172967,45064754,45067808,466344,True,1,1,45534152,172970,4,2159.0,2159.0,208647.25925925927,210806.25925925927
UartTxTask,172969,172971,45531810,45536665,6185,True,0,1,45542850,172973,4,28.63425925925926,28.63425925925926,210817.8935185185,210846.52777777778
UartTxTask,172975,172976,45691922,45695157,6186,True,0,1,45701343,172978,4,28.63888888888889,28.63888888888889,211551.65277777778,211580.29166666666
TelemetryTask,172980,172981,47224755,47227832,466070,True,1,1,47693902,172984,4,2157.7314814814813,2157.7314814814813,218647.37037037036,220805.10185185185
UartTxTask,172983,172985,47691578,47696352,6153,True,0,1,47702505,172987,4,28.48611111111111,28.48611111111111,220816.44444444444,220844.93055555556
UartTxTask,172989,172990,47851602,47854796,6400,True,0,1,47861196,172992,4,29.62962962962963,29.62962962962963,221549.9814814815,221579.61111111112
TelemetryTask,172994,172995,49384706,49387679,466284,True,1,1,49853963,172998,4,2158.722222222222,2158.722222222222,228646.66203703705,230805.38425925927
UartTxTask,172997,172999,49851606,49856445,6238,True,0,1,49862683,173001,4,28.87962962962963,28.87962962962963,230816.875,230845.75462962964
UartTxTask,173003,173004,50011776,50014942,6292,True,0,1,50021234,173006,4,29.12962962962963,29.12962962962963,231550.65740740742,231579.78703703705
TelemetryTask,173008,173009,51544735,51547709,466018,True,1,1,52013727,173012,4,2157.490740740741,2157.490740740741,238646.80092592593,240804.29166666666
UartTxTask,173011,173013,52011387,52016211,6257,True,0,1,52022468,173015,4,28.96759259259259,28.96759259259259,240815.79166666666,240844.75925925927
UartTxTask,173017,173018,52171557,52174720,6223,True,0,1,52180943,173020,4,28.810185185185187,28.810185185185187,241549.62962962964,241578.4398148148
TelemetryTask,173022,173023,53704706,53707720,466003,True,1,1,54173723,173026,4,2157.421296296296,2157.421296296296,248646.85185185185,250804.27314814815
UartTxTask,173025,173027,54171365,54176193,6146,True,0,1,54182339,173029,4,28.453703703703702,28.453703703703702,250815.70833333334,250844.16203703705
UartTxTask,173031,173032,54331404,54334550,6267,True,0,1,54340817,173034,4,29.01388888888889,29.01388888888889,251548.84259259258,251577.8564814815
TelemetryTask,173036,173037,55864736,55867771,466030,True,1,1,56333801,173040,4,2157.546296296296,2157.546296296296,258647.08796296295,260804.63425925927
UartTxTask,173039,173041,56331425,56336334,6180,True,0,1,56342514,173043,4,28.61111111111111,28.61111111111111,260816.36111111112,260844.97222222222
UartTxTask,173045,173046,56491557,56494727,6270,True,0,1,56500997,173048,4,29.02777777777778,29.02777777777778,261549.66203703705,261578.6898148148
TelemetryTask,173050,173051,58024725,58027721,465945,True,1,1,58493666,173054,4,2157.152777777778,2157.152777777778,268646.85648148146,270804.00925925927
UartTxTask,173053,173055,58491333,58496113,6170,True,0,1,58502283,173057,4,28.564814814814813,28.564814814814813,270815.337962963,270843.90277777775
UartTxTask,173059,173060,58651363,58654515,6328,True,0,1,58660843,173062,4,29.296296296296298,29.296296296296298,271548.68055555556,271577.97685185185
TelemetryTask,173064,173065,60184754,60187800,465906,True,1,1,60653706,173068,4,2156.972222222222,2156.972222222222,278647.22222222225,280804.19444444444
UartTxTask,173067,173069,60651336,60656141,6170,True,0,1,60662311,173071,4,28.564814814814813,28.564814814814813,280815.4675925926,280844.0324074074
UartTxTask,173073,173074,60811440,60814607,6263,True,0,1,60820870,173076,4,28.99537037037037,28.99537037037037,281549.10648148146,281578.10185185185
TelemetryTask,173078,173079,62344724,62347762,465951,True,1,1,62813713,173082,4,2157.1805555555557,2157.1805555555557,288647.0462962963,290804.22685185185
UartTxTask,173081,173083,62811368,62816112,6158,True,0,1,62822270,173085,4,28.50925925925926,28.50925925925926,290815.3333333333,290843.8425925926
UartTxTask,173087,173088,62971371,62974594,6253,True,0,1,62980847,173090,4,28.949074074074073,28.949074074074073,291549.0462962963,291577.9953703704
TelemetryTask,173092,173093,64504716,64507794,465798,True,1,1,64973592,173096,4,2156.472222222222,2156.472222222222,298647.19444444444,300803.6666666667
UartTxTask,173095,173097,64971247,64976030,6157,True,0,1,64982187,173099,4,28.50462962962963,28.50462962962963,300814.9537037037,300843.4583333333
UartTxTask,173101,173102,65131231,65134439,6217,True,0,1,65140656,173104,4,28.78240740740741,28.78240740740741,301548.3287037037,301577.1111111111
TelemetryTask,173106,173107,66664752,66667714,465940,True,1,1,67133654,173110,4,2157.1296296296296,2157.1296296296296,308646.8240740741,310803.9537037037
UartTxTask,173109,173111,67131391,67136107,6152,True,0,1,67142259,173113,4,28.48148148148148,28.48148148148148,310815.31018518517,310843.7916666667
UartTxTask,173115,173116,67291313,67294443,6166,True,0,1,67300609,173118,4,28.546296296296298,28.546296296296298,311548.34722222225,311576.89351851854
TelemetryTask,173120,173121,68824723,68827687,466015,True,1,1,69293702,173124,4,2157.4768518518517,2157.4768518518517,318646.6990740741,320804.1759259259
UartTxTask,173123,173125,69291373,69296146,6187,True,0,1,69302333,173127,4,28.64351851851852,28.64351851851852,320815.49074074073,320844.13425925927
UartTxTask,173129,173130,69451419,69454635,6327,True,0,1,69460962,173132,4,29.291666666666668,29.291666666666668,321549.2361111111,321578.52777777775
TelemetryTask,173134,173135,70984766,70987782,466140,True,1,1,71453922,173138,4,2158.0555555555557,2158.0555555555557,328647.1388888889,330805.19444444444
UartTxTask,173137,173139,71451547,71456383,6279,True,0,1,71462662,173141,4,29.069444444444443,29.069444444444443,330816.587962963,330845.6574074074
UartTxTask,173143,173144,71611738,71614949,6210,True,0,1,71621159,173146,4,28.75,28.75,331550.68981481483,331579.43981481483
TelemetryTask,173148,173149,73144747,73147794,466040,True,1,1,73613834,173152,4,2157.5925925925926,2157.5925925925926,338647.19444444444,340804.787037037
UartTxTask,173151,173153,73611493,73616333,6172,True,0,1,73622505,173155,4,28.574074074074073,28.574074074074073,340816.35648148146,340844.93055555556
UartTxTask,173157,173158,73771674,73774856,6233,True,0,1,73781089,173160,4,28.85648148148148,28.85648148148148,341550.25925925927,341579.11574074073
TelemetryTask,173162,173163,75304730,75307754,465998,True,1,1,75773752,173166,4,2157.3981481481483,2157.3981481481483,348647.00925925927,350804.4074074074
UartTxTask,173165,173167,75771405,75776216,6236,True,0,1,75782452,173169,4,28.87037037037037,28.87037037037037,350815.81481481483,350844.68518518517
UartTxTask,173171,173172,75931517,75934684,6257,True,0,1,75940941,173174,4,28.96759259259259,28.96759259259259,351549.462962963,351578.43055555556
TelemetryTask,173176,173177,77464683,77467771,466142,True,1,1,77933913,173180,4,2158.064814814815,2158.064814814815,358647.087962963,360805.15277777775
UartTxTask,173179,173181,77931540,77936353,6278,True,0,1,77942631,173183,4,29.064814814814813,29.064814814814813,360816.4490740741,360845.5138888889
UartTxTask,173185,173186,78091649,78094851,6086,True,0,1,78100937,173188,4,28.175925925925927,28.175925925925927,361550.2361111111,361578.412037037
TelemetryTask,173190,173191,79624752,79627714,466081,True,1,1,80093795,173194,4,2157.7824074074074,2157.7824074074074,368646.8240740741,370804.60648148146
UartTxTask,173193,173195,80091411,80096218,6196,True,0,1,80102414,173197,4,28.685185185185187,28.685185185185187,370815.8240740741,370844.50925925927
UartTxTask,173199,173200,80251437,80254646,6236,True,0,1,80260882,173202,4,28.87037037037037,28.87037037037037,371549.287037037,371578.1574074074
TelemetryTask,173204,173205,81784709,81787668,465984,True,1,1,82253652,173208,4,2157.3333333333335,2157.3333333333335,378646.6111111111,380803.94444444444
UartTxTask,173207,173209,82251362,82256121,6113,True,0,1,82262234,173211,4,28.300925925925927,28.300925925925927,380815.375,380843.6759259259
UartTxTask,173213,173214,82411291,82414490,6345,True,0,1,82420835,173216,4,29.375,29.375,381548.56481481483,381577.93981481483
TelemetryTask,173218,173219,83944764,83947827,466024,True,1,1,84413851,173222,4,2157.5185185185187,2157.5185185185187,388647.34722222225,390804.86574074073
UartTxTask,173221,173223,84411536,84416314,6130,True,0,1,84422444,173225,4,28.37962962962963,28.37962962962963,390816.26851851854,390844.64814814815
UartTxTask,173227,173228,84571598,84574805,6257,True,0,1,84581062,173230,4,28.96759259259259,28.96759259259259,391550.02314814815,391578.99074074073
TelemetryTask,173232,173233,86104783,86107793,466277,True,1,1,86574070,173236,4,2158.689814814815,2158.689814814815,398647.18981481483,400805.8796296296
UartTxTask,173235,173237,86571721,86576490,6082,True,0,1,86582572,173239,4,28.15740740740741,28.15740740740741,400817.0833333333,400845.24074074073
UartTxTask,173241,173242,86731711,86734888,6290,True,0,1,86741178,173244,4,29.12037037037037,29.12037037037037,401550.4074074074,401579.52777777775
TelemetryTask,173246,173247,88264723,88267818,465989,True,1,1,88733807,173250,4,2157.3564814814813,2157.3564814814813,408647.30555555556,410804.662037037
UartTxTask,173249,173251,88731424,88736250,6173,True,0,1,88742423,173253,4,28.578703703703702,28.578703703703702,410815.97222222225,410844.5509259259
UartTxTask,173255,173256,88891531,88894706,6360,True,0,1,88901066,173258,4,29.444444444444443,29.444444444444443,411549.56481481483,411579.00925925927
TelemetryTask,173260,173261,90424781,90427759,466081,True,1,1,90893840,173264,4,2157.7824074074074,2157.7824074074074,418647.0324074074,420804.81481481483
UartTxTask,173263,173265,90891456,90896304,6230,True,0,1,90902534,173267,4,28.84259259259259,28.84259259259259,420816.22222222225,420845.06481481483
UartTxTask,173269,173270,91051595,91054825,6265,True,0,1,91061090,173272,4,29.00462962962963,29.00462962962963,421550.11574074073,421579.1203703704
TelemetryTask,173274,173275,92584749,92587817,466097,True,1,1,93053914,173278,4,2157.8564814814813,2157.8564814814813,428647.3009259259,430805.1574074074
UartTxTask,173277,173279,93051568,93056371,6105,True,0,1,93062476,173281,4,28.26388888888889,28.26388888888889,430816.5324074074,430844.7962962963
UartTxTask,173283,173284,93211588,93214773,6279,True,0,1,93221052,173286,4,29.069444444444443,29.069444444444443,431549.875,431578.94444444444
TelemetryTask,173288,173289,94744729,94747807,465890,True,1,1,95213697,173292,4,2156.8981481481483,2156.8981481481483,438647.2546296296,440804.15277777775
UartTxTask,173291,173293,95211381,95216179,6241,True,0,1,95222420,173295,4,28.89351851851852,28.89351851851852,440815.64351851854,440844.537037037
UartTxTask,173297,173298,95371487,95374664,6174,True,0,1,95380838,173300,4,28.583333333333332,28.583333333333332,441549.3703703704,441577.9537037037
TelemetryTask,173302,173303,96904763,96907757,466066,True,1,1,97373823,173306,4,2157.712962962963,2157.712962962963,448647.02314814815,450804.7361111111
UartTxTask,173305,173307,97371431,97376237,6200,True,0,1,97382437,173309,4,28.703703703703702,28.703703703703702,450815.912037037,450844.61574074073
UartTxTask,173311,173312,97531606,97534773,6218,True,0,1,97540991,173314,4,28.787037037037038,28.787037037037038,451549.875,451578.662037037
TelemetryTask,173316,173317,99064715,99067816,465896,True,1,1,99533712,173320,4,2156.925925925926,2156.925925925926,458647.2962962963,460804.22222222225
UartTxTask,173319,173321,99531411,99536179,6290,True,0,1,99542469,173323,4,29.12037037037037,29.12037037037037,460815.64351851854,460844.7638888889
UartTxTask,173325,173326,99691500,99694737,6270,True,0,1,99701007,173328,4,29.02777777777778,29.02777777777778,461549.7083333333,461578.7361111111
TelemetryTask,173330,173331,101224746,101227829,465813,True,1,1,101693642,173334,4,2156.5416666666665,2156.5416666666665,468647.35648148146,470803.89814814815
UartTxTask,173333,173335,101691336,101696077,6261,True,0,1,101702338,173337,4,28.98611111111111,28.98611111111111,470815.1712962963,470844.1574074074
UartTxTask,173339,173340,101851367,101854525,6261,True,0,1,101860786,173342,4,28.98611111111111,28.98611111111111,471548.72685185185,471577.712962963
TelemetryTask,173344,173345,103384720,103387720,465926,True,1,1,103853646,173348,4,2157.064814814815,2157.064814814815,478646.85185185185,480803.9166666667
UartTxTask,173347,173349,103851268,103856143,6173,True,0,1,103862316,173351,4,28.578703703703702,28.578703703703702,480815.47685185185,480844.05555555556
UartTxTask,173353,173354,104011393,104014546,6264,True,0,1,104020810,173356,4,29.0,29.0,481548.8240740741,481577.8240740741
TelemetryTask,173358,173359,105544754,105547844,466123,True,1,1,106013967,173362,4,2157.9768518518517,2157.9768518518517,488647.4259259259,490805.40277777775
UartTxTask,173361,173363,106011672,106016429,6202,True,0,1,106022631,173365,4,28.712962962962962,28.712962962962962,490816.8009259259,490845.5138888889
UartTxTask,173367,173368,106171650,106174903,6257,True,0,1,106181160,173370,4,28.96759259259259,28.96759259259259,491550.47685185185,491579.44444444444
TelemetryTask,173372,173373,107704720,107707818,466017,True,1,1,108173835,173376,4,2157.4861111111113,2157.4861111111113,498647.30555555556,500804.7916666667
UartTxTask,173375,173377,108171484,108176336,6253,True,0,1,108182589,173379,4,28.949074074074073,28.949074074074073,500816.3703703704,500845.31944444444
UartTxTask,173381,173382,108331665,108334855,6266,True,0,1,108341121,173384,4,29.00925925925926,29.00925925925926,501550.2546296296,501579.2638888889
TelemetryTask,173386,173387,109864730,109867739,465865,True,1,1,110333604,173390,4,2156.7824074074074,2156.7824074074074,508646.93981481483,510803.72222222225
UartTxTask,173389,173391,110331317,110336105,6221,True,0,1,110342326,173393,4,28.800925925925927,28.800925925925927,510815.3009259259,510844.10185185185
UartTxTask,173395,173396,110491380,110494557,6203,True,0,1,110500760,173398,4,28.71759259259259,28.71759259259259,511548.875,511577.5925925926
TelemetryTask,173400,173401,112024748,112027772,465878,True,1,1,112493650,173404,4,2156.8425925925926,2156.8425925925926,518647.0925925926,520803.93518518517
UartTxTask,173403,173405,112491345,112496102,6297,True,0,1,112502399,173407,4,29.15277777777778,29.15277777777778,520815.287037037,520844.43981481483
UartTxTask,173409,173410,112651420,112654603,6309,True,0,1,112660912,173412,4,29.208333333333332,29.208333333333332,521549.087962963,521578.2962962963
TelemetryTask,173414,173415,114184762,114187800,466238,True,1,1,114654038,173418,4,2158.509259259259,2158.509259259259,528647.2222222222,530805.7314814815
UartTxTask,173417,173419,114651669,114656475,6270,True,0,1,114662745,173421,4,29.02777777777778,29.02777777777778,530817.0138888889,530846.0416666666
UartTxTask,173423,173424,114811818,114814992,6347,True,0,1,114821339,173426,4,29.38425925925926,29.38425925925926,531550.8888888889,531580.2731481482
TelemetryTask,173428,173429,116344769,116347891,466172,True,1,1,116814063,173432,4,2158.203703703704,2158.203703703704,538647.6435185185,540805.8472222222
UartTxTask,173431,173433,116811690,116816545,6281,True,0,1,116822826,173435,4,29.078703703703702,29.078703703703702,540817.3379629629,540846.4166666666
UartTxTask,173437,173438,116971903,116975102,6354,True,0,1,116981456,173440,4,29.416666666666668,29.416666666666668,541551.3981481482,541580.8148148148
TelemetryTask,173442,173443,118504755,118507769,466211,True,1,1,118973980,173446,4,2158.384259259259,2158.384259259259,548647.0787037037,550805.4629629629
UartTxTask,173445,173447,118971656,118976436,6199,True,0,1,118982635,173449,4,28.699074074074073,28.699074074074073,550816.8333333334,550845.5324074074
UartTxTask,173451,173452,119131658,119134852,6124,True,0,1,119140976,173454,4,28.35185185185185,28.35185185185185,551550.2407407408,551578.5925925926
TelemetryTask,173456,173457,120664742,120667844,465971,True,1,1,121133815,173460,4,2157.2731481481483,2157.2731481481483,558647.425925926,560804.699074074
UartTxTask,173459,173461,121131518,121136349,6166,True,0,1,121142515,173463,4,28.546296296296298,28.546296296296298,560816.4305555555,560844.9768518518
UartTxTask,173465,173466,121291611,121294772,6162,True,0,1,121300934,173468,4,28.52777777777778,28.52777777777778,561549.8703703703,561578.3981481482
TelemetryTask,173470,173471,122824775,122827780,466183,True,1,1,123293963,173474,4,2158.2546296296296,2158.2546296296296,568647.1296296297,570805.3842592592
UartTxTask,173473,173475,123291590,123296445,6271,True,0,1,123302716,173477,4,29.03240740740741,29.03240740740741,570816.875,570845.9074074074
UartTxTask,173479,173480,123451754,123454986,6244,True,0,1,123461230,173482,4,28.90740740740741,28.90740740740741,571550.8611111111,571579.7685185185
TelemetryTask,173484,173485,124984740,124987755,466145,True,1,1,125453900,173488,4,2158.078703703704,2158.078703703704,578647.0138888889,580805.0925925926
UartTxTask,173487,173489,125451552,125456375,6199,True,0,1,125462574,173491,4,28.699074074074073,28.699074074074073,580816.550925926,580845.25
UartTxTask,173493,173494,125611614,125614785,6343,True,0,1,125621128,173496,4,29.36574074074074,29.36574074074074,581549.9305555555,581579.2962962963
TelemetryTask,173498,173499,127144706,127147679,465891,True,1,1,127613570,173502,4,2156.902777777778,2156.902777777778,588646.6620370371,590803.5648148148
UartTxTask,173501,173503,127611202,127616035,6251,True,0,1,127622286,173505,4,28.939814814814813,28.939814814814813,590814.9768518518,590843.9166666666
UartTxTask,173507,173508,127771295,127774540,6266,True,0,1,127780806,173510,4,29.00925925925926,29.00925925925926,591548.7962962963,591577.8055555555
TelemetryTask,173512,173513,129304716,129307861,465961,True,1,1,129773822,173516,4,2157.2268518518517,2157.2268518518517,598647.5046296297,600804.7314814815
UartTxTask,173515,173517,129771598,129776296,6180,True,0,1,129782476,173519,4,28.61111111111111,28.61111111111111,600816.1851851852,600844.7962962963
UartTxTask,173521,173522,129931605,129934749,6153,True,0,1,129940902,173524,4,28.48611111111111,28.48611111111111,601549.7638888889,601578.25
TelemetryTask,173526,173527,131464757,131467782,466302,True,1,1,131934084,173530,4,2158.8055555555557,2158.8055555555557,608647.1388888889,610805.9444444445
UartTxTask,173529,173531,131931702,131936587,6341,True,0,1,131942928,173533,4,29.35648148148148,29.35648148148148,610817.5324074074,610846.8888888889
UartTxTask,173535,173536,132091943,132095080,6298,True,0,1,132101378,173538,4,29.15740740740741,29.15740740740741,611551.2962962963,611580.4537037037
TelemetryTask,173540,173541,133624733,133627725,465992,True,1,1,134093717,173544,4,2157.3703703703704,2157.3703703703704,618646.875,620804.2453703703
UartTxTask,173543,173545,134091444,134096159,6203,True,0,1,134102362,173547,4,28.71759259259259,28.71759259259259,620815.550925926,620844.2685185185
UartTxTask,173549,173550,134251469,134254647,6260,True,0,1,134260907,173552,4,28.98148148148148,28.98148148148148,621549.2916666666,621578.2731481482
TelemetryTask,173554,173555,135784761,135787842,466127,True,1,1,136253969,173558,4,2157.9953703703704,2157.9953703703704,628647.4166666666,630805.4120370371
UartTxTask,173557,173559,136251675,136256438,6226,True,0,1,136262664,173561,4,28.824074074074073,28.824074074074073,630816.8425925926,630845.6666666666
UartTxTask,173563,173564,136411731,136414864,6252,True,0,1,136421116,173566,4,28.944444444444443,28.944444444444443,631550.2962962963,631579.2407407408
TelemetryTask,173568,173569,137944729,137947715,466179,True,1,1,138413894,173572,4,2158.2361111111113,2158.2361111111113,638646.8287037037,640805.0648148148
UartTxTask,173571,173573,138411507,138416354,6212,True,0,1,138422566,173575,4,28.75925925925926,28.75925925925926,640816.4537037037,640845.2129629629
UartTxTask,173577,173578,138571594,138574749,6218,True,0,1,138580967,173580,4,28.787037037037038,28.787037037037038,641549.7638888889,641578.550925926
TelemetryTask,173582,173583,140104717,140107740,465947,True,1,1,140573687,173586,4,2157.162037037037,2157.162037037037,648646.9444444445,650804.1064814815
UartTxTask,173585,173587,140571368,140576138,6281,True,0,1,140582419,173589,4,29.078703703703702,29.078703703703702,650815.4537037037,650844.5324074074
UartTxTask,173591,173592,140731531,140734683,6269,True,0,1,140740952,173594,4,29.02314814814815,29.02314814814815,651549.4583333334,651578.4814814815
TelemetryTask,173596,173597,142264759,142267726,466124,True,1,1,142733850,173600,4,2157.9814814814813,2157.9814814814813,658646.8796296297,660804.8611111111
UartTxTask,173599,173601,142731461,142736255,6218,True,0,1,142742473,173603,4,28.787037037037038,28.787037037037038,660815.9953703703,660844.7824074074
UartTxTask,173605,173606,142891499,142894646,6208,True,0,1,142900854,173608,4,28.74074074074074,28.74074074074074,661549.2870370371,661578.0277777778
TelemetryTask,173610,173611,144424718,144427648,466127,True,1,1,144893775,173614,4,2157.9953703703704,2157.9953703703704,668646.5185185185,670804.5138888889
UartTxTask,173613,173615,144891496,144896238,6236,True,0,1,144902474,173617,4,28.87037037037037,28.87037037037037,670815.9166666666,670844.7870370371
UartTxTask,173619,173620,145051524,145054697,6049,True,0,1,145060746,173622,4,28.00462962962963,28.00462962962963,671549.5231481482,671577.5277777778
TelemetryTask,173624,173625,146584738,146587836,465950,True,1,1,147053786,173628,4,2157.175925925926,2157.175925925926,678647.3888888889,680804.5648148148
UartTxTask,173627,173629,147051528,147056188,6107,True,0,1,147062295,173631,4,28.27314814814815,28.27314814814815,680815.6851851852,680843.9583333334
UartTxTask,173633,173634,147211469,147214640,6260,True,0,1,147220900,173636,4,28.98148148148148,28.98148148148148,681549.2592592592,681578.2407407408
TelemetryTask,173638,173639,148744734,148747776,466118,True,1,1,149213894,173642,4,2157.953703703704,2157.953703703704,688647.1111111111,690805.0648148148
UartTxTask,173641,173643,149211518,149216351,6257,True,0,1,149222608,173645,4,28.96759259259259,28.96759259259259,690816.4398148148,690845.4074074074
UartTxTask,173647,173648,149371698,149374877,6179,True,0,1,149381056,173650,4,28.60648148148148,28.60648148148148,691550.3564814815,691578.9629629629
TelemetryTask,173652,173653,150904737,150907744,466048,True,1,1,151373792,173656,4,2157.6296296296296,2157.6296296296296,698646.9629629629,700804.5925925926
UartTxTask,173655,173657,151371472,151376254,6214,True,0,1,151382468,173659,4,28.76851851851852,28.76851851851852,700815.9907407408,700844.7592592592
UartTxTask,173661,173662,151531523,151534710,6296,True,0,1,151541006,173664,4,29.14814814814815,29.14814814814815,701549.5833333334,701578.7314814815
TelemetryTask,173666,173667,153064771,153067810,465894,True,1,1,153533704,173670,4,2156.9166666666665,2156.9166666666665,708647.2685185185,710804.1851851852
UartTxTask,173669,173671,153531382,153536135,6084,True,0,1,153542219,173673,4,28.166666666666668,28.166666666666668,710815.4398148148,710843.6064814815
UartTxTask,173675,173676,153691324,153694530,6232,True,0,1,153700762,173678,4,28.85185185185185,28.85185185185185,711548.75,711577.6018518518
TelemetryTask,173680,173681,155224753,155227843,466005,True,1,1,155693848,173684,4,2157.4305555555557,2157.4305555555557,718647.4212962963,720804.8518518518
UartTxTask,173683,173685,155691482,155696308,6246,True,0,1,155702554,173687,4,28.916666666666668,28.916666666666668,720816.2407407408,720845.1574074074
UartTxTask,173689,173690,155851565,155854741,6251,True,0,1,155860992,173692,4,28.939814814814813,28.939814814814813,721549.7268518518,721578.6666666666
TelemetryTask,173694,173695,157384739,157387815,466045,True,1,1,157853860,173698,4,2157.615740740741,2157.615740740741,728647.2916666666,730804.9074074074
UartTxTask,173697,173699,157851477,157856303,6167,True,0,1,157862470,173701,4,28.550925925925927,28.550925925925927,730816.2175925926,730844.7685185185
UartTxTask,173703,173704,158011525,158014710,6443,True,0,1,158021153,173706,4,29.828703703703702,29.828703703703702,731549.5833333334,731579.4120370371
TelemetryTask,173708,173709,159544756,159547793,465994,True,1,1,160013787,173712,4,2157.3796296296296,2157.3796296296296,738647.1898148148,740804.5694444445
UartTxTask,173711,173713,160011464,160016169,6198,True,0,1,160022367,173715,4,28.694444444444443,28.694444444444443,740815.5972222222,740844.2916666666
UartTxTask,173717,173718,160171487,160174702,6386,True,0,1,160181088,173720,4,29.564814814814813,29.564814814814813,741549.5462962963,741579.1111111111
TelemetryTask,173722,173723,161704733,161707810,465876,True,1,1,162173686,173726,4,2156.8333333333335,2156.8333333333335,748647.2685185185,750804.1018518518
UartTxTask,173725,173727,162171426,162176081,6263,True,0,1,162182344,173729,4,28.99537037037037,28.99537037037037,750815.1898148148,750844.1851851852
UartTxTask,173731,173732,162331350,162334468,6186,True,0,1,162340654,173734,4,28.63888888888889,28.63888888888889,751548.4629629629,751577.1018518518
TelemetryTask,173736,173737,163864733,163867710,466071,True,1,1,164333781,173740,4,2157.7361111111113,2157.7361111111113,758646.8055555555,760804.5416666666
UartTxTask,173739,173741,164331510,164336208,6257,True,0,1,164342465,173743,4,28.96759259259259,28.96759259259259,760815.7777777778,760844.7453703703
UartTxTask,173745,173746,164491599,164494725,6260,True,0,1,164500985,173748,4,28.98148148148148,28.98148148148148,761549.6527777778,761578.6342592592
TelemetryTask,173750,173751,166024710,166027766,466010,True,1,1,166493776,173754,4,2157.453703703704,2157.453703703704,768647.0648148148,770804.5185185185
UartTxTask,173753,173755,166491458,166496221,6330,True,0,1,166502551,173757,4,29.305555555555557,29.305555555555557,770815.8379629629,770845.1435185185
UartTxTask,173759,173760,166651581,166654710,6282,True,0,1,166660992,173762,4,29.083333333333332,29.083333333333332,771549.5833333334,771578.6666666666
TelemetryTask,173764,173765,168184724,168187720,465888,True,1,1,168653608,173768,4,2156.8888888888887,2156.8888888888887,778646.8518518518,780803.7407407408
UartTxTask,173767,173769,168651279,168656065,6101,True,0,1,168662166,173771,4,28.24537037037037,28.24537037037037,780815.1157407408,780843.3611111111
UartTxTask,173773,173774,168811283,168814475,6229,True,0,1,168820704,173776,4,28.837962962962962,28.837962962962962,781548.4953703703,781577.3333333334
TelemetryTask,173778,173779,170344713,170347803,465916,True,1,1,170813719,173782,4,2157.0185185185187,2157.0185185185187,788647.2361111111,790804.2546296297
UartTxTask,173781,173783,170811398,170816154,6230,True,0,1,170822384,173785,4,28.84259259259259,28.84259259259259,790815.5277777778,790844.3703703703
UartTxTask,173787,173788,170971423,170974635,6194,True,0,1,170980829,173790,4,28.675925925925927,28.675925925925927,791549.2361111111,791577.9120370371
TelemetryTask,173792,173793,172504731,172507815,466142,True,1,1,172973957,173796,4,2158.064814814815,2158.064814814815,798647.2916666666,800805.3564814815
UartTxTask,173795,173797,172971574,172976415,6175,True,0,1,172982590,173799,4,28.587962962962962,28.587962962962962,800816.7361111111,800845.324074074
UartTxTask,173801,173802,173131736,173134920,6268,True,0,1,173141188,173804,4,29.01851851851852,29.01851851851852,801550.5555555555,801579.574074074
TelemetryTask,173806,173807,174664701,174667710,465972,True,1,1,175133682,173810,4,2157.277777777778,2157.277777777778,808646.8055555555,810804.0833333334
UartTxTask,173809,173811,175131334,175136131,6212,True,0,1,175142343,173813,4,28.75925925925926,28.75925925925926,810815.4212962963,810844.1805555555
UartTxTask,173815,173816,175291411,175294594,6189,True,0,1,175300783,173818,4,28.65277777777778,28.65277777777778,811549.0462962963,811577.699074074
TelemetryTask,173820,173821,176824716,176827747,465890,True,1,1,177293637,173824,4,2156.8981481481483,2156.8981481481483,818646.9768518518,820803.875
UartTxTask,173823,173825,177291334,177296146,6186,True,0,1,177302332,173827,4,28.63888888888889,28.63888888888889,820815.4907407408,820844.1296296297
UartTxTask,173829,173830,177451388,177454528,6225,True,0,1,177460753,173832,4,28.819444444444443,28.819444444444443,821548.7407407408,821577.5601851852
TelemetryTask,173834,173835,178984740,178987760,466058,True,1,1,179453818,173838,4,2157.675925925926,2157.675925925926,828647.0370370371,830804.7129629629
UartTxTask,173837,173839,179451443,179456299,6289,True,0,1,179462588,173841,4,29.11574074074074,29.11574074074074,830816.199074074,830845.3148148148
UartTxTask,173843,173844,179611628,179614829,6297,True,0,1,179621126,173846,4,29.15277777777778,29.15277777777778,831550.1342592592,831579.2870370371
TelemetryTask,173848,173849,181144732,181147781,466066,True,1,1,181613847,173852,4,2157.712962962963,2157.712962962963,838647.1342592592,840804.8472222222
UartTxTask,173851,173853,181611509,181616237,6253,True,0,1,181622490,173855,4,28.949074074074073,28.949074074074073,840815.9120370371,840844.8611111111
UartTxTask,173857,173858,181771615,181774776,6304,True,0,1,181781080,173860,4,29.185185185185187,29.185185185185187,841549.8888888889,841579.074074074
TelemetryTask,173862,173863,183304715,183307810,466088,True,1,1,183773898,173866,4,2157.814814814815,2157.814814814815,848647.2685185185,850805.0833333334
UartTxTask,173865,173867,183771526,183776327,6182,True,0,1,183782509,173869,4,28.62037037037037,28.62037037037037,850816.3287037037,850844.949074074
UartTxTask,173871,173872,183931624,183934745,6223,True,0,1,183940968,173874,4,28.810185185185187,28.810185185185187,851549.7453703703,851578.5555555555
TelemetryTask,173876,173877,185464734,185467759,465971,True,1,1,185933730,173880,4,2157.2731481481483,2157.2731481481483,858647.0324074074,860804.3055555555
UartTxTask,173879,173881,185931411,185936162,6313,True,0,1,185942475,173883,4,29.22685185185185,29.22685185185185,860815.5648148148,860844.7916666666
UartTxTask,173885,173886,186091533,186094727,6343,True,0,1,186101070,173888,4,29.36574074074074,29.36574074074074,861549.6620370371,861579.0277777778
TelemetryTask,173890,173891,187624741,187627720,466029,True,1,1,188093749,173894,4,2157.5416666666665,2157.5416666666665,868646.8518518518,870804.3935185185
UartTxTask,173893,173895,188091449,188096178,6214,True,0,1,188102392,173897,4,28.76851851851852,28.76851851851852,870815.6388888889,870844.4074074074
UartTxTask,173899,173900,188251457,188254624,6263,True,0,1,188260887,173902,4,28.99537037037037,28.99537037037037,871549.1851851852,871578.1805555555
TelemetryTask,173904,173905,189784749,189787801,465976,True,1,1,190253777,173908,4,2157.296296296296,2157.296296296296,878647.2268518518,880804.5231481482
UartTxTask,173907,173909,190251434,190256215,6232,True,0,1,190262447,173911,4,28.85185185185185,28.85185185185185,880815.8101851852,880844.6620370371
UartTxTask,173913,173914,190411482,190414631,6273,True,0,1,190420904,173916,4,29.041666666666668,29.041666666666668,881549.2175925926,881578.2592592592
TelemetryTask,173918,173919,191944754,191947868,466038,True,1,1,192413906,173922,4,2157.5833333333335,2157.5833333333335,888647.5370370371,890805.1203703703
UartTxTask,173921,173923,192411533,192416386,6141,True,0,1,192422527,173925,4,28.430555555555557,28.430555555555557,890816.6018518518,890845.0324074074
UartTxTask,173927,173928,192571714,192574914,6203,True,0,1,192581117,173930,4,28.71759259259259,28.71759259259259,891550.5277777778,891579.2453703703
TelemetryTask,173932,173933,194104732,194107689,466182,True,1,1,194573871,173936,4,2158.25,2158.25,898646.7083333334,900804.9583333334
UartTxTask,173935,173937,194571534,194576328,6120,True,0,1,194582448,173939,4,28.333333333333332,28.333333333333332,900816.3333333334,900844.6666666666
UartTxTask,173941,173942,194731524,194734733,6317,True,0,1,194741050,173944,4,29.24537037037037,29.24537037037037,901549.6898148148,901578.9351851852
TelemetryTask,173946,173947,196264752,196267759,466113,True,1,1,196733872,173950,4,2157.9305555555557,2157.9305555555557,908647.0324074074,910804.9629629629
UartTxTask,173949,173951,196731565,196736297,6159,True,0,1,196742456,173953,4,28.51388888888889,28.51388888888889,910816.1898148148,910844.7037037037
UartTxTask,173955,173956,196891510,196894656,6217,True,0,1,196900873,173958,4,28.78240740740741,28.78240740740741,911549.3333333334,911578.1157407408
TelemetryTask,173960,173961,198424777,198427754,465947,True,1,1,198893701,173964,4,2157.162037037037,2157.162037037037,918647.0092592592,920804.1712962963
UartTxTask,173963,173965,198891339,198896118,6146,True,0,1,198902264,173967,4,28.453703703703702,28.453703703703702,920815.3611111111,920843.8148148148
UartTxTask,173969,173970,199051392,199054621,6297,True,0,1,199060918,173972,4,29.15277777777778,29.15277777777778,921549.1712962963,921578.324074074
TelemetryTask,173974,173975,200584727,200587725,466246,True,1,1,201053971,173978,4,2158.546296296296,2158.546296296296,928646.875,930805.4212962963
UartTxTask,173977,173979,201051658,201056418,6155,True,0,1,201062573,173981,4,28.49537037037037,28.49537037037037,930816.75,930845.2453703703
UartTxTask,173983,173984,201211643,201214791,6322,True,0,1,201221113,173986,4,29.26851851851852,29.26851851851852,931549.9583333334,931579.2268518518
TelemetryTask,173988,173989,202744746,202747895,465878,True,1,1,203213773,173992,4,2156.8425925925926,2156.8425925925926,938647.6620370371,940804.5046296297
UartTxTask,173991,173993,203211451,203216226,6289,True,0,1,203222515,173995,4,29.11574074074074,29.11574074074074,940815.8611111111,940844.9768518518
UartTxTask,173997,173998,203371545,203374731,6175,True,0,1,203380906,174000,4,28.587962962962962,28.587962962962962,941549.6805555555,941578.2685185185
TelemetryTask,174002,174003,204904741,204907819,465924,True,1,1,205373743,174006,4,2157.0555555555557,2157.0555555555557,948647.3101851852,950804.3657407408
UartTxTask,174005,174007,205371485,205376168,6196,True,0,1,205382364,174009,4,28.685185185185187,28.685185185185187,950815.5925925926,950844.2777777778
UartTxTask,174011,174012,205531371,205534571,6301,True,0,1,205540872,174014,4,29.171296296296298,29.171296296296298,951548.9398148148,951578.1111111111
TelemetryTask,174016,174017,207064777,207067821,465889,True,1,1,207533710,174020,4,2156.8935185185187,2156.8935185185187,958647.3194444445,960804.2129629629
UartTxTask,174019,174021,207531348,207536228,6139,True,0,1,207542367,174023,4,28.421296296296298,28.421296296296298,960815.8703703703,960844.2916666666
UartTxTask,174025,174026,207691511,207694734,6208,True,0,1,207700942,174028,4,28.74074074074074,28.74074074074074,961549.6944444445,961578.4351851852
TelemetryTask,174030,174031,209224760,209227812,465884,True,1,1,209693696,174034,4,2156.8703703703704,2156.8703703703704,968647.2777777778,970804.1481481482
UartTxTask,174033,174035,209691401,209696085,6155,True,0,1,209702240,174037,4,28.49537037037037,28.49537037037037,970815.2083333334,970843.7037037037
UartTxTask,174039,174040,209851355,209854618,6280,True,0,1,209860898,174042,4,29.074074074074073,29.074074074074073,971549.1574074074,971578.2314814815
TelemetryTask,174044,174045,211384726,211387702,465963,True,1,1,211853665,174048,4,2157.2361111111113,2157.2361111111113,978646.7685185185,980804.0046296297
UartTxTask,174047,174049,211851313,211856096,6259,True,0,1,211862355,174051,4,28.97685185185185,28.97685185185185,980815.2592592592,980844.2361111111
UartTxTask,174053,174054,212011346,212014493,6358,True,0,1,212020851,174056,4,29.435185185185187,29.435185185185187,981548.5787037037,981578.0138888889
TelemetryTask,174058,174059,213544752,213547806,465793,True,1,1,214013599,174062,4,2156.449074074074,2156.449074074074,988647.25,990803.699074074
UartTxTask,174061,174063,214011237,214016027,6195,True,0,1,214022222,174065,4,28.680555555555557,28.680555555555557,990814.9398148148,990843.6203703703
UartTxTask,174067,174068,214171314,214174466,6252,True,0,1,214180718,174070,4,28.944444444444443,28.944444444444443,991548.4537037037,991577.3981481482
TelemetryTask,174072,174073,215704702,215707738,466048,True,1,1,216173786,174076,4,2157.6296296296296,2157.6296296296296,998646.9351851852,1000804.5648148148
UartTxTask,174075,174077,216171444,216176299,6140,True,0,1,216182439,174079,4,28.425925925925927,28.425925925925927,1000816.199074074,1000844.625
UartTxTask,174081,174082,216331554,216334730,6294,True,0,1,216341024,174084,4,29.13888888888889,29.13888888888889,1001549.675925926,1001578.8148148148
TelemetryTask,174086,174087,217864758,217867759,465832,True,1,1,218333591,174090,4,2156.6296296296296,2156.6296296296296,1008647.0324074074,1010803.6620370371
UartTxTask,174089,174091,218331285,218335984,6187,True,0,1,218342171,174093,4,28.64351851851852,28.64351851851852,1010814.7407407408,1010843.3842592592
UartTxTask,174095,174096,218491179,218494291,6264,True,0,1,218500555,174098,4,29.0,29.0,1011547.6435185185,1011576.6435185185
TelemetryTask,174100,174101,220024723,220027732,465992,True,1,1,220493724,174104,4,2157.3703703703704,2157.3703703703704,1018646.9074074074,1020804.2777777778
UartTxTask,174103,174105,220491418,220496167,6263,True,0,1,220502430,174107,4,28.99537037037037,28.99537037037037,1020815.5879629629,1020844.5833333334
UartTxTask,174109,174110,220651563,220654776,6235,True,0,1,220661011,174112,4,28.86574074074074,28.86574074074074,1021549.8888888889,1021578.7546296297
TelemetryTask,174114,174115,222184702,222187743,466021,True,1,1,222653764,174118,4,2157.5046296296296,2157.5046296296296,1028646.9583333334,1030804.4629629629
UartTxTask,174117,174119,222651445,222656199,6182,True,0,1,222662381,174121,4,28.62037037037037,28.62037037037037,1030815.7361111111,1030844.3564814815
UartTxTask,174123,174124,222811476,222814623,6276,True,0,1,222820899,174126,4,29.055555555555557,29.055555555555557,1031549.1805555555,1031578.2361111111
TelemetryTask,174128,174129,224344761,224347786,466101,True,1,1,224813887,174132,4,2157.875,2157.875,1038647.1574074074,1040805.0324074074
UartTxTask,174131,174133,224811501,224816289,6171,True,0,1,224822460,174135,4,28.569444444444443,28.569444444444443,1040816.1527777778,1040844.7222222222
UartTxTask,174137,174138,224971549,224974624,6320,True,0,1,224980944,174140,4,29.25925925925926,29.25925925925926,1041549.1851851852,1041578.4444444445
TelemetryTask,174142,174143,226504736,226507832,466091,True,1,1,226973923,174146,4,2157.828703703704,2157.828703703704,1048647.3703703703,1050805.1990740742
UartTxTask,174145,174147,226971571,226976402,6214,True,0,1,226982616,174149,4,28.76851851851852,28.76851851851852,1050816.6759259258,1050845.4444444445
UartTxTask,174151,174152,227131703,227134876,6417,True,0,1,227141293,174154,4,29.708333333333332,29.708333333333332,1051550.351851852,1051580.0601851852
TelemetryTask,174156,174157,228664759,228667807,466188,True,1,1,229133995,174160,4,2158.277777777778,2158.277777777778,1058647.2546296297,1060805.5324074074
UartTxTask,174159,174161,229131622,229136465,6296,True,0,1,229142761,174163,4,29.14814814814815,29.14814814814815,1060816.9675925926,1060846.1157407407
UartTxTask,174165,174166,229291858,229295005,6300,True,0,1,229301305,174168,4,29.166666666666668,29.166666666666668,1061550.9490740742,1061580.1157407407
TelemetryTask,174170,174171,230824697,230827747,466174,True,1,1,231293921,174174,4,2158.212962962963,2158.212962962963,1068646.976851852,1070805.1898148148
UartTxTask,174173,174175,231291553,231296385,6180,True,0,1,231302565,174177,4,28.61111111111111,28.61111111111111,1070816.5972222222,1070845.2083333333
UartTxTask,174179,174180,231451677,231454878,6262,True,0,1,231461140,174182,4,28.99074074074074,28.99074074074074,1071550.361111111,1071579.351851852
TelemetryTask,174184,174185,232984768,232987855,466184,True,1,1,233454039,174188,4,2158.259259259259,2158.259259259259,1078647.476851852,1080805.736111111
UartTxTask,174187,174189,233451700,233456452,6164,True,0,1,233462616,174191,4,28.537037037037038,28.537037037037038,1080816.9074074074,1080845.4444444445
UartTxTask,174193,174194,233611666,233614803,6222,True,0,1,233621025,174196,4,28.805555555555557,28.805555555555557,1081550.013888889,1081578.8194444445
TelemetryTask,174198,174199,235144758,235147819,466106,True,1,1,235613925,174202,4,2157.8981481481483,2157.8981481481483,1088647.3101851852,1090805.2083333333
UartTxTask,174201,174203,235611555,235616416,6268,True,0,1,235622684,174205,4,29.01851851851852,29.01851851851852,1090816.7407407407,1090845.7592592593
UartTxTask,174207,174208,235771750,235774903,6318,True,0,1,235781221,174210,4,29.25,29.25,1091550.476851852,1091579.726851852
TelemetryTask,174212,174213,237304718,237307727,466066,True,1,1,237773793,174216,4,2157.712962962963,2157.712962962963,1098646.8842592593,1100804.5972222222
UartTxTask,174215,174217,237771502,237776270,6174,True,0,1,237782444,174219,4,28.583333333333332,28.583333333333332,1100816.0648148148,1100844.648148148
UartTxTask,174221,174222,237931557,237934702,6258,True,0,1,237940960,174224,4,28.97222222222222,28.97222222222222,1101549.5462962964,1101578.5185185184
TelemetryTask,174226,174227,239464730,239467781,466128,True,1,1,239933909,174230,4,2158.0,2158.0,1108647.1342592593,1110805.1342592593
UartTxTask,174229,174231,239931569,239936337,6120,True,0,1,239942457,174233,4,28.333333333333332,28.333333333333332,1110816.375,1110844.7083333333
UartTxTask,174235,174236,240091554,240094811,6317,True,0,1,240101128,174238,4,29.24537037037037,29.24537037037037,1111550.0509259258,1111579.2962962964
TelemetryTask,174240,174241,241624776,241627799,466062,True,1,1,242093861,174244,4,2157.6944444444443,2157.6944444444443,1118647.2175925926,1120804.912037037
UartTxTask,174243,174245,242091496,242096326,6194,True,0,1,242102520,174247,4,28.675925925925927,28.675925925925927,1120816.3240740742,1120845.0
UartTxTask,174249,174250,242251589,242254711,6251,True,0,1,242260962,174252,4,28.939814814814813,28.939814814814813,1121549.587962963,1121578.5277777778
TelemetryTask,174254,174255,243784721,243787781,466014,True,1,1,244253795,174258,4,2157.472222222222,2157.472222222222,1128647.1342592593,1130804.6064814816
UartTxTask,174257,174259,244251423,244256244,6271,True,0,1,244262515,174261,4,29.03240740740741,29.03240740740741,1130815.9444444445,1130844.976851852
UartTxTask,174263,174264,244411524,244414680,6260,True,0,1,244420940,174266,4,28.98148148148148,28.98148148148148,1131549.4444444445,1131578.4259259258
TelemetryTask,174268,174269,245944734,245947762,466206,True,1,1,246413968,174272,4,2158.3611111111113,2158.3611111111113,1138647.0462962964,1140805.4074074074
UartTxTask,174271,174273,246411628,246416447,6255,True,0,1,246422702,174275,4,28.958333333333332,28.958333333333332,1140816.8842592593,1140845.8425925926
UartTxTask,174277,174278,246571787,246574975,6236,True,0,1,246581211,174280,4,28.87037037037037,28.87037037037037,1141550.8101851852,1141579.6805555555
TelemetryTask,174282,174283,248104735,248107766,465937,True,1,1,248573703,174286,4,2157.115740740741,2157.115740740741,1148647.0648148148,1150804.1805555555
UartTxTask,174285,174287,248571331,248576166,6142,True,0,1,248582308,174289,4,28.435185185185187,28.435185185185187,1150815.5833333333,1150844.0185185184
UartTxTask,174291,174292,248731435,248734604,6211,True,0,1,248740815,174294,4,28.75462962962963,28.75462962962963,1151549.0925925926,1151577.8472222222
TelemetryTask,174296,174297,250264719,250267836,465869,True,1,1,250733705,174300,4,2156.800925925926,2156.800925925926,1158647.388888889,1160804.1898148148
UartTxTask,174299,174301,250731405,250736165,6107,True,0,1,250742272,174303,4,28.27314814814815,28.27314814814815,1160815.5787037036,1160843.851851852
UartTxTask,174305,174306,250891391,250894610,6274,True,0,1,250900884,174308,4,29.046296296296298,29.046296296296298,1161549.1203703703,1161578.1666666667
TelemetryTask,174310,174311,252424760,252427746,466009,True,1,1,252893755,174314,4,2157.449074074074,2157.449074074074,1168646.9722222222,1170804.4212962964
UartTxTask,174313,174315,252891399,252896172,6155,True,0,1,252902327,174317,4,28.49537037037037,28.49537037037037,1170815.611111111,1170844.1064814816
UartTxTask,174319,174320,253051481,253054757,6192,True,0,1,253060949,174322,4,28.666666666666668,28.666666666666668,1171549.8009259258,1171578.4675925926
TelemetryTask,174324,174325,254584738,254587733,466039,True,1,1,255053772,174328,4,2157.587962962963,2157.587962962963,1178646.912037037,1180804.5
UartTxTask,174327,174329,255051417,255056188,6105,True,0,1,255062293,174331,4,28.26388888888889,28.26388888888889,1180815.6851851852,1180843.9490740742
UartTxTask,174333,174334,255211414,255214570,6271,True,0,1,255220841,174336,4,29.03240740740741,29.03240740740741,1181548.9351851852,1181577.9675925926
TelemetryTask,174338,174339,256744763,256747804,466180,True,1,1,257213984,174342,4,2158.240740740741,2158.240740740741,1188647.2407407407,1190805.4814814816
UartTxTask,174341,174343,257211605,257216477,6155,True,0,1,257222632,174345,4,28.49537037037037,28.49537037037037,1190817.023148148,1190845.5185185184
UartTxTask,174347,174348,257371761,257374919,6236,True,0,1,257381155,174350,4,28.87037037037037,28.87037037037037,1191550.5509259258,1191579.4212962964
TelemetryTask,174352,174353,258904715,258907689,466083,True,1,1,259373772,174356,4,2157.7916666666665,2157.7916666666665,1198646.7083333333,1200804.5
UartTxTask,174355,174357,259371480,259376253,6186,True,0,1,259382439,174359,4,28.63888888888889,28.63888888888889,1200815.986111111,1200844.625
UartTxTask,174361,174362,259531498,259534724,6270,True,0,1,259540994,174364,4,29.02777777777778,29.02777777777778,1201549.648148148,1201578.6759259258
TelemetryTask,174366,174367,261064753,261067825,466002,True,1,1,261533827,174370,4,2157.4166666666665,2157.4166666666665,1208647.337962963,1210804.7546296297
UartTxTask,174369,174371,261531463,261536317,6105,True,0,1,261542422,174373,4,28.26388888888889,28.26388888888889,1210816.2824074074,1210844.5462962964
UartTxTask,174375,174376,261691541,261694668,6238,True,0,1,261700906,174378,4,28.87962962962963,28.87962962962963,1211549.388888889,1211578.2685185184
TelemetryTask,174380,174381,263224745,263227797,465834,True,1,1,263693631,174384,4,2156.6388888888887,2156.6388888888887,1218647.2083333333,1220803.8472222222
UartTxTask,174383,174385,263691360,263696032,6212,True,0,1,263702244,174387,4,28.75925925925926,28.75925925925926,1220814.962962963,1220843.7222222222
UartTxTask,174389,174390,263851291,263854516,6218,True,0,1,263860734,174392,4,28.787037037037038,28.787037037037038,1221548.6851851852,1221577.4722222222
TelemetryTask,174394,174395,265384765,265387836,466117,True,1,1,265853953,174398,4,2157.949074074074,2157.949074074074,1228647.388888889,1230805.337962963
UartTxTask,174397,174399,265851694,265856419,6277,True,0,1,265862696,174401,4,29.060185185185187,29.060185185185187,1230816.7546296297,1230845.8148148148
UartTxTask,174403,174404,266011814,266015053,6197,True,0,1,266021250,174406,4,28.689814814814813,28.689814814814813,1231551.1712962964,1231579.861111111
TelemetryTask,174408,174409,267544742,267547742,465981,True,1,1,268013723,174412,4,2157.3194444444443,2157.3194444444443,1238646.9537037036,1240804.273148148
UartTxTask,174411,174413,268011387,268016201,6192,True,0,1,268022393,174415,4,28.666666666666668,28.666666666666668,1240815.7453703703,1240844.412037037
UartTxTask,174417,174418,268171500,268174688,6389,True,0,1,268181077,174420,4,29.578703703703702,29.578703703703702,1241549.4814814816,1241579.0601851852
ButtonTask,174424,174426,268990031,268993234,29602,True,1,1,269022836,174430,4,137.0462962962963,137.0462962962963,1245339.0462962964,1245476.0925925926
UartTxTask,174429,174431,269019249,269025622,6170,True,0,1,269031792,174433,4,28.564814814814813,28.564814814814813,1245488.9907407407,1245517.5555555555
UartTxTask,174435,174436,269180892,269182930,6292,True,0,1,269189222,174438,4,29.12962962962963,29.12962962962963,1246217.2685185184,1246246.398148148
TelemetryTask,174440,174441,269704769,269707844,466131,True,1,1,270173975,174444,4,2158.0138888888887,2158.0138888888887,1248647.4259259258,1250805.4398148148
UartTxTask,174443,174445,270171604,270176422,6205,True,0,1,270182627,174447,4,28.72685185185185,28.72685185185185,1250816.7685185184,1250845.4953703703
UartTxTask,174449,174450,270331663,270334848,6224,True,0,1,270341072,174452,4,28.814814814814813,28.814814814814813,1251550.2222222222,1251579.037037037
TelemetryTask,174454,174455,271864703,271867697,466007,True,1,1,272333704,174458,4,2157.439814814815,2157.439814814815,1258646.7453703703,1260804.1851851852
UartTxTask,174457,174459,272331362,272336171,6301,True,0,1,272342472,174461,4,29.171296296296298,29.171296296296298,1260815.6064814816,1260844.7777777778
UartTxTask,174463,174464,272491534,272494746,6330,True,0,1,272501076,174466,4,29.305555555555557,29.305555555555557,1261549.75,1261579.0555555555
TelemetryTask,174468,174469,274024735,274027830,466133,True,1,1,274493963,174472,4,2158.0231481481483,2158.0231481481483,1268647.361111111,1270805.3842592593
UartTxTask,174471,174473,274491683,274496406,6249,True,0,1,274502655,174475,4,28.930555555555557,28.930555555555557,1270816.6944444445,1270845.625
UartTxTask,174477,174478,274651779,274654973,6263,True,0,1,274661236,174480,4,28.99537037037037,28.99537037037037,1271550.8009259258,1271579.7962962964
TelemetryTask,174482,174483,276184740,276187701,466010,True,1,1,276653711,174486,4,2157.453703703704,2157.453703703704,1278646.763888889,1280804.2175925926
UartTxTask,174485,174487,276651389,276656169,6244,True,0,1,276662413,174489,4,28.90740740740741,28.90740740740741,1280815.5972222222,1280844.5046296297
UartTxTask,174491,174492,276811432,276814664,6272,True,0,1,276820936,174494,4,29.037037037037038,29.037037037037038,1281549.3703703703,1281578.4074074074
TelemetryTask,174496,174497,278344770,278347778,465918,True,1,1,278813696,174500,4,2157.027777777778,2157.027777777778,1288647.1203703703,1290804.148148148
UartTxTask,174499,174501,278811392,278816147,6182,True,0,1,278822329,174503,4,28.62037037037037,28.62037037037037,1290815.4953703703,1290844.1157407407
UartTxTask,174505,174506,278971343,278974487,6328,True,0,1,278980815,174508,4,29.296296296296298,29.296296296296298,1291548.5509259258,1291577.8472222222
TelemetryTask,174510,174511,280504746,280507796,465772,True,1,1,280973568,174514,4,2156.3518518518517,2156.3518518518517,1298647.2037037036,1300803.5555555555
UartTxTask,174513,174515,280971307,280976000,6115,True,0,1,280982115,174517,4,28.310185185185187,28.310185185185187,1300814.8148148148,1300843.125
UartTxTask,174519,174520,281131288,281134503,6321,True,0,1,281140824,174522,4,29.26388888888889,29.26388888888889,1301548.625,1301577.888888889
TelemetryTask,174524,174525,282664744,282667754,465945,True,1,1,283133699,174528,4,2157.152777777778,2157.152777777778,1308647.0092592593,1310804.162037037
UartTxTask,174527,174529,283131316,283136168,6158,True,0,1,283142326,174531,4,28.50925925925926,28.50925925925926,1310815.5925925926,1310844.101851852
UartTxTask,174533,174534,283291416,283294585,6240,True,0,1,283300825,174536,4,28.88888888888889,28.88888888888889,1311549.0046296297,1311577.8935185184
TelemetryTask,174538,174539,284824742,284827843,465896,True,1,1,285293739,174542,4,2156.925925925926,2156.925925925926,1318647.4212962964,1320804.3472222222
UartTxTask,174541,174543,285291362,285296164,6127,True,0,1,285302291,174545,4,28.36574074074074,28.36574074074074,1320815.5740740742,1320843.9398148148
UartTxTask,174547,174548,285451417,285454509,6236,True,0,1,285460745,174550,4,28.87037037037037,28.87037037037037,1321548.6527777778,1321577.523148148
TelemetryTask,174552,174553,286984695,286987724,465958,True,1,1,287453682,174556,4,2157.212962962963,2157.212962962963,1328646.8703703703,1330804.0833333333
UartTxTask,174555,174557,287451360,287456123,6187,True,0,1,287462310,174559,4,28.64351851851852,28.64351851851852,1330815.3842592593,1330844.0277777778
UartTxTask,174561,174562,287611344,287614531,6365,True,0,1,287620896,174564,4,29.46759259259259,29.46759259259259,1331548.7546296297,1331578.2222222222
TelemetryTask,174566,174567,289144742,289147832,466100,True,1,1,289613932,174570,4,2157.8703703703704,2157.8703703703704,1338647.3703703703,1340805.2407407407
UartTxTask,174569,174571,289611565,289616413,6189,True,0,1,289622602,174573,4,28.65277777777778,28.65277777777778,1340816.726851852,1340845.3796296297
UartTxTask,174575,174576,289771620,289774829,6302,True,0,1,289781131,174578,4,29.175925925925927,29.175925925925927,1341550.1342592593,1341579.3101851852
TelemetryTask,174580,174581,291304743,291307794,465908,True,1,1,291773702,174584,4,2156.9814814814813,2156.9814814814813,1348647.1944444445,1350804.1759259258
UartTxTask,174583,174585,291771311,291776127,6181,True,0,1,291782308,174587,4,28.61574074074074,28.61574074074074,1350815.4027777778,1350844.0185185184
UartTxTask,174589,174590,291931416,291934543,6231,True,0,1,291940774,174592,4,28.84722222222222,28.84722222222222,1351548.8101851852,1351577.6574074074
TelemetryTask,174594,174595,293464759,293467785,466193,True,1,1,293933978,174598,4,2158.300925925926,2158.300925925926,1358647.1527777778,1360805.4537037036
UartTxTask,174597,174599,293931595,293936422,6215,True,0,1,293942637,174601,4,28.77314814814815,28.77314814814815,1360816.7685185184,1360845.5416666667
UartTxTask,174603,174604,294091696,294094920,6135,True,0,1,294101055,174606,4,28.40277777777778,28.40277777777778,1361550.5555555555,1361578.9583333333
TelemetryTask,174608,174609,295624742,295627755,466121,True,1,1,296093876,174612,4,2157.9675925925926,2157.9675925925926,1368647.013888889,1370804.9814814816
UartTxTask,174611,174613,296091599,296096321,6243,True,0,1,296102564,174615,4,28.90277777777778,28.90277777777778,1370816.3009259258,1370845.2037037036
UartTxTask,174617,174618,296251631,296254854,6305,True,0,1,296261159,174620,4,29.189814814814813,29.189814814814813,1371550.25,1371579.4398148148
TelemetryTask,174622,174623,297784753,297787791,465949,True,1,1,298253740,174626,4,2157.171296296296,2157.171296296296,1378647.1805555555,1380804.351851852
UartTxTask,174625,174627,298251422,298256185,6322,True,0,1,298262507,174629,4,29.26851851851852,29.26851851851852,1380815.6712962964,1380844.9398148148
UartTxTask,174631,174632,298411580,298414770,6358,True,0,1,298421128,174634,4,29.435185185185187,29.435185185185187,1381549.861111111,1381579.2962962964
TelemetryTask,174636,174637,299944776,299947790,466205,True,1,1,300413995,174640,4,2158.3564814814813,2158.3564814814813,1388647.1759259258,1390805.5324074074
UartTxTask,174639,174641,300411630,300416428,6188,True,0,1,300422616,174643,4,28.64814814814815,28.64814814814815,1390816.7962962964,1390845.4444444445
UartTxTask,174645,174646,300571686,300574835,6223,True,0,1,300581058,174648,4,28.810185185185187,28.810185185185187,1391550.162037037,1391578.9722222222
TelemetryTask,174650,174651,302104745,302107857,466217,True,1,1,302574074,174654,4,2158.412037037037,2158.412037037037,1398647.486111111,1400805.898148148
UartTxTask,174653,174655,302571746,302576509,6167,True,0,1,302582676,174657,4,28.550925925925927,28.550925925925927,1400817.1712962964,1400845.7222222222
UartTxTask,174659,174660,302731871,302735069,6282,True,0,1,302741351,174662,4,29.083333333333332,29.083333333333332,1401551.2453703703,1401580.3287037036
TelemetryTask,174664,174665,304264743,304267737,466036,True,1,1,304733773,174668,4,2157.574074074074,2157.574074074074,1408646.9305555555,1410804.5046296297
UartTxTask,174667,174669,304731456,304736211,6139,True,0,1,304742350,174671,4,28.421296296296298,28.421296296296298,1410815.7916666667,1410844.212962963
UartTxTask,174673,174674,304891445,304894613,6256,True,0,1,304900869,174676,4,28.962962962962962,28.962962962962962,1411549.1342592593,1411578.0972222222
TelemetryTask,174678,174679,306424728,306427771,465937,True,1,1,306893708,174682,4,2157.115740740741,2157.115740740741,1418647.087962963,1420804.2037037036
UartTxTask,174681,174683,306891347,306896155,6324,True,0,1,306902479,174685,4,29.27777777777778,29.27777777777778,1420815.5324074074,1420844.8101851852
UartTxTask,174687,174688,307051533,307054690,6309,True,0,1,307060999,174690,4,29.208333333333332,29.208333333333332,1421549.4907407407,1421578.6990740742
TelemetryTask,174692,174693,308584724,308587763,466076,True,1,1,309053839,174696,4,2157.759259259259,2157.759259259259,1428647.0509259258,1430804.8101851852
UartTxTask,174695,174697,309051504,309056264,6134,True,0,1,309062398,174699,4,28.39814814814815,28.39814814814815,1430816.037037037,1430844.4351851852
UartTxTask,174701,174702,309211497,309214723,6257,True,0,1,309220980,174704,4,28.96759259259259,28.96759259259259,1431549.6435185184,1431578.611111111
TelemetryTask,174706,174707,310744752,310747787,466036,True,1,1,311213823,174710,4,2157.574074074074,2157.574074074074,1438647.162037037,1440804.736111111
UartTxTask,174709,174711,311211439,311216286,6193,True,0,1,311222479,174713,4,28.671296296296298,28.671296296296298,1440816.138888889,1440844.8101851852
UartTxTask,174715,174716,311371461,311374615,6310,True,0,1,311380925,174718,4,29.212962962962962,29.212962962962962,1441549.1435185184,1441578.3564814816
TelemetryTask,174720,174721,312904720,312907758,465935,True,1,1,313373693,174724,4,2157.1064814814813,2157.1064814814813,1448647.0277777778,1450804.1342592593
UartTxTask,174723,174725,313371338,313376202,6320,True,0,1,313382522,174727,4,29.25925925925926,29.25925925925926,1450815.75,1450845.0092592593
UartTxTask,174729,174730,313531620,313534737,6188,True,0,1,313540925,174732,4,28.64814814814815,28.64814814814815,1451549.7083333333,1451578.3564814816
TelemetryTask,174734,174735,315064719,315067743,465743,True,1,1,315533486,174738,4,2156.2175925925926,2156.2175925925926,1458646.9583333333,1460803.1759259258
UartTxTask,174737,174739,315531208,315535905,6192,True,0,1,315542097,174741,4,28.666666666666668,28.666666666666668,1460814.375,1460843.0416666667
UartTxTask,174743,174744,315691115,315694295,6161,True,0,1,315700456,174746,4,28.52314814814815,28.52314814814815,1461547.662037037,1461576.1851851852
TelemetryTask,174748,174749,317224741,317227721,466041,True,1,1,317693762,174752,4,2157.597222222222,2157.597222222222,1468646.8564814816,1470804.4537037036
UartTxTask,174751,174753,317691368,317696172,6221,True,0,1,317702393,174755,4,28.800925925925927,28.800925925925927,1470815.611111111,1470844.412037037
UartTxTask,174757,174758,317851445,317854578,6377,True,0,1,317860955,174760,4,29.52314814814815,29.52314814814815,1471548.9722222222,1471578.4953703703
TelemetryTask,174762,174763,319384760,319387800,466173,True,1,1,319853973,174766,4,2158.2083333333335,2158.2083333333335,1478647.2222222222,1480805.4305555555
UartTxTask,174765,174767,319851611,319856409,6112,True,0,1,319862521,174769,4,28.296296296296298,28.296296296296298,1480816.7083333333,1480845.0046296297
UartTxTask,174771,174772,320011649,320014825,6176,True,0,1,320021001,174774,4,28.59259259259259,28.59259259259259,1481550.1157407407,1481578.7083333333
TelemetryTask,174776,174777,321544736,321547729,466013,True,1,1,322013742,174780,4,2157.4675925925926,2157.4675925925926,1488646.8935185184,1490804.361111111
UartTxTask,174779,174781,322011401,322016202,6241,True,0,1,322022443,174783,4,28.89351851851852,28.89351851851852,1490815.75,1490844.6435185184
UartTxTask,174785,174786,322171498,322174738,6238,True,0,1,322180976,174788,4,28.87962962962963,28.87962962962963,1491549.712962963,1491578.5925925926
TelemetryTask,174790,174791,323704732,323707780,465971,True,1,1,324173751,174794,4,2157.2731481481483,2157.2731481481483,1498647.1296296297,1500804.4027777778
UartTxTask,174793,174795,324171416,324176194,6102,True,0,1,324182296,174797,4,28.25,28.25,1500815.712962963,1500843.962962963
UartTxTask,174799,174800,324331429,324334656,6270,True,0,1,324340926,174802,4,29.02777777777778,29.02777777777778,1501549.3333333333,1501578.361111111
TelemetryTask,174804,174805,325864747,325867761,466012,True,1,1,326333773,174808,4,2157.462962962963,2157.462962962963,1508647.0416666667,1510804.5046296297
UartTxTask,174807,174809,326331371,326336252,6140,True,0,1,326342392,174811,4,28.425925925925927,28.425925925925927,1510815.9814814816,1510844.4074074074
UartTxTask,174813,174814,326491421,326494615,6222,True,0,1,326500837,174816,4,28.805555555555557,28.805555555555557,1511549.1435185184,1511577.9490740742
TelemetryTask,174818,174819,328024739,328027732,465842,True,1,1,328493574,174822,4,2156.675925925926,2156.675925925926,1518646.9074074074,1520803.5833333333
UartTxTask,174821,174823,328491296,328496046,6205,True,0,1,328502251,174825,4,28.72685185185185,28.72685185185185,1520815.0277777778,1520843.7546296297
UartTxTask,174827,174828,328651300,328654507,6230,True,0,1,328660737,174830,4,28.84259259259259,28.84259259259259,1521548.6435185184,1521577.486111111
TelemetryTask,174832,174833,330184733,330187782,465912,True,1,1,330653694,174836,4,2157.0,2157.0,1528647.138888889,1530804.138888889
UartTxTask,174835,174837,330651350,330656141,6164,True,0,1,330662305,174839,4,28.537037037037038,28.537037037037038,1530815.4675925926,1530844.0046296297
UartTxTask,174841,174842,330811341,330814529,6262,True,0,1,330820791,174844,4,28.99074074074074,28.99074074074074,1531548.7453703703,1531577.736111111
TelemetryTask,174846,174847,332344716,332347745,466132,True,1,1,332813877,174850,4,2158.0185185185187,2158.0185185185187,1538646.9675925926,1540804.986111111
UartTxTask,174849,174851,332811496,332816329,6246,True,0,1,332822575,174853,4,28.916666666666668,28.916666666666668,1540816.337962963,1540845.2546296297
UartTxTask,174855,174856,332971615,332974747,6202,True,0,1,332980949,174858,4,28.712962962962962,28.712962962962962,1541549.7546296297,1541578.4675925926
TelemetryTask,174860,174861,334504743,334507842,465975,True,1,1,334973817,174864,4,2157.2916666666665,2157.2916666666665,1548647.4166666667,1550804.7083333333
UartTxTask,174863,174865,334971481,334976227,6232,True,0,1,334982459,174867,4,28.85185185185185,28.85185185185185,1550815.8657407407,1550844.7175925926
UartTxTask,174869,174870,335131504,335134754,6257,True,0,1,335141011,174872,4,28.96759259259259,28.96759259259259,1551549.787037037,1551578.7546296297
TelemetryTask,174874,174875,336664714,336667883,466034,True,1,1,337133917,174878,4,2157.564814814815,2157.564814814815,1558647.6064814816,1560805.1712962964
UartTxTask,174877,174879,337131551,337136331,6061,True,0,1,337142392,174881,4,28.060185185185187,28.060185185185187,1560816.3472222222,1560844.4074074074
UartTxTask,174883,174884,337291553,337294697,6272,True,0,1,337300969,174886,4,29.037037037037038,29.037037037037038,1561549.523148148,1561578.5601851852
TelemetryTask,174888,174889,338824744,338827743,466055,True,1,1,339293798,174892,4,2157.662037037037,2157.662037037037,1568646.9583333333,1570804.6203703703
UartTxTask,174891,174893,339291433,339296231,6127,True,0,1,339302358,174895,4,28.36574074074074,28.36574074074074,1570815.8842592593,1570844.25
UartTxTask,174897,174898,339451544,339454705,6143,True,0,1,339460848,174900,4,28.439814814814813,28.439814814814813,1571549.5601851852,1571578.0
TelemetryTask,174902,174903,340984740,340987787,465767,True,1,1,341453554,174906,4,2156.328703703704,2156.328703703704,1578647.162037037,1580803.4907407407
UartTxTask,174905,174907,341451275,341455980,6175,True,0,1,341462155,174909,4,28.587962962962962,28.587962962962962,1580814.7222222222,1580843.3101851852
UartTxTask,174911,174912,341611208,341614339,6252,True,0,1,341620591,174914,4,28.944444444444443,28.944444444444443,1581547.8657407407,1581576.8101851852
TelemetryTask,174916,174917,343144709,343147697,465985,True,1,1,343613682,174920,4,2157.337962962963,2157.337962962963,1588646.7453703703,1590804.0833333333
UartTxTask,174919,174921,343611308,343616173,6149,True,0,1,343622322,174923,4,28.46759259259259,28.46759259259259,1590815.6157407407,1590844.0833333333
UartTxTask,174925,174926,343771412,343774623,6223,True,0,1,343780846,174928,4,28.810185185185187,28.810185185185187,1591549.1805555555,1591577.9907407407
TelemetryTask,174930,174931,345304760,345307735,466005,True,1,1,345773740,174934,4,2157.4305555555557,2157.4305555555557,1598646.9212962964,1600804.351851852
UartTxTask,174933,174935,345771394,345776257,6102,True,0,1,345782359,174937,4,28.25,28.25,1600816.0046296297,1600844.2546296297
UartTxTask,174939,174940,345931514,345934674,6367,True,0,1,345941041,174942,4,29.47685185185185,29.47685185185185,1601549.4166666667,1601578.8935185184
TelemetryTask,174944,174945,347464752,347467726,466199,True,1,1,347933925,174948,4,2158.328703703704,2158.328703703704,1608646.8796296297,1610805.2083333333
UartTxTask,174947,174949,347931606,347936402,6165,True,0,1,347942567,174951,4,28.541666666666668,28.541666666666668,1610816.6759259258,1610845.2175925926
UartTxTask,174953,174954,348091740,348094915,6197,True,0,1,348101112,174956,4,28.689814814814813,28.689814814814813,1611550.5324074074,1611579.2222222222
TelemetryTask,174958,174959,349624751,349627756,466042,True,1,1,350093798,174962,4,2157.6018518518517,2157.6018518518517,1618647.0185185184,1620804.6203703703
UartTxTask,174961,174963,350091463,350096240,6261,True,0,1,350102501,174965,4,28.98611111111111,28.98611111111111,1620815.9259259258,1620844.912037037
UartTxTask,174967,174968,350251669,350254889,6217,True,0,1,350261106,174970,4,28.78240740740741,28.78240740740741,1621550.412037037,1621579.1944444445
TelemetryTask,174972,174973,351784760,351787760,466158,True,1,1,352253918,174976,4,2158.1388888888887,2158.1388888888887,1628647.037037037,1630805.1759259258
UartTxTask,174975,174977,352251529,352256421,6136,True,0,1,352262557,174979,4,28.40740740740741,28.40740740740741,1630816.763888889,1630845.1712962964
UartTxTask,174981,174982,352411657,352414861,6155,True,0,1,352421016,174984,4,28.49537037037037,28.49537037037037,1631550.2824074074,1631578.7777777778
TelemetryTask,174986,174987,353944747,353947834,466030,True,1,1,354413864,174990,4,2157.546296296296,2157.546296296296,1638647.3796296297,1640804.9259259258
UartTxTask,174989,174991,354411521,354416313,6223,True,0,1,354422536,174993,4,28.810185185185187,28.810185185185187,1640816.263888889,1640845.0740740742
UartTxTask,174995,174996,354571607,354574844,6329,True,0,1,354581173,174998,4,29.300925925925927,29.300925925925927,1641550.2037037036,1641579.5046296297
TelemetryTask,175000,175001,356104777,356107827,465941,True,1,1,356573768,175004,4,2157.134259259259,2157.134259259259,1648647.3472222222,1650804.4814814816
UartTxTask,175003,175005,356571444,356576223,6231,True,0,1,356582454,175007,4,28.84722222222222,28.84722222222222,1650815.8472222222,1650844.6944444445
UartTxTask,175009,175010,356731504,356734670,6323,True,0,1,356740993,175012,4,29.27314814814815,29.27314814814815,1651549.398148148,1651578.6712962964
TelemetryTask,175014,175015,358264743,358267728,466029,True,1,1,358733757,175018,4,2157.5416666666665,2157.5416666666665,1658646.888888889,1660804.4305555555
UartTxTask,175017,175019,358731424,358736190,6184,True,0,1,358742374,175021,4,28.62962962962963,28.62962962962963,1660815.6944444445,1660844.3240740742
UartTxTask,175023,175024,358891394,358894585,6204,True,0,1,358900789,175026,4,28.72222222222222,28.72222222222222,1661549.0046296297,1661577.726851852
TelemetryTask,175028,175029,360424737,360427797,465990,True,1,1,360893787,175032,4,2157.3611111111113,2157.3611111111113,1668647.2083333333,1670804.5694444445
UartTxTask,175031,175033,360891484,360896270,6238,True,0,1,360902508,175035,4,28.87962962962963,28.87962962962963,1670816.0648148148,1670844.9444444445
UartTxTask,175037,175038,361051620,361054837,6328,True,0,1,361061165,175040,4,29.296296296296298,29.296296296296298,1671550.1712962964,1671579.4675925926
TelemetryTask,175042,175043,362584738,362587708,466084,True,1,1,363053792,175046,4,2157.796296296296,2157.796296296296,1678646.7962962964,1680804.5925925926
UartTxTask,175045,175047,363051455,363056229,6225,True,0,1,363062454,175049,4,28.819444444444443,28.819444444444443,1680815.875,1680844.6944444445
UartTxTask,175051,175052,363211478,363214652,6215,True,0,1,363220867,175054,4,28.77314814814815,28.77314814814815,1681549.3148148148,1681578.087962963
TelemetryTask,175056,175057,364744719,364747803,466087,True,1,1,365213890,175060,4,2157.810185185185,2157.810185185185,1688647.236111111,1690805.0462962964
UartTxTask,175059,175061,365211516,365216356,6245,True,0,1,365222601,175063,4,28.912037037037038,28.912037037037038,1690816.462962963,1690845.375
UartTxTask,175065,175066,365371732,365374875,6291,True,0,1,365381166,175068,4,29.125,29.125,1691550.3472222222,1691579.4722222222
TelemetryTask,175070,175071,366904744,366907723,466025,True,1,1,367373748,175074,4,2157.5231481481483,2157.5231481481483,1698646.8657407407,1700804.388888889
UartTxTask,175073,175075,367371486,367376193,6262,True,0,1,367382455,175077,4,28.99074074074074,28.99074074074074,1700815.7083333333,1700844.6990740742
UartTxTask,175079,175080,367531496,367534708,6250,True,0,1,367540958,175082,4,28.935185185185187,28.935185185185187,1701549.5740740742,1701578.5092592593
TelemetryTask,175084,175085,369064729,369067785,466077,True,1,1,369533862,175088,4,2157.7638888888887,2157.7638888888887,1708647.1527777778,1710804.9166666667
UartTxTask,175087,175089,369531506,369536329,6101,True,0,1,369542430,175091,4,28.24537037037037,28.24537037037037,1710816.337962963,1710844.5833333333
UartTxTask,175093,175094,369691604,369694777,6205,True,0,1,369700982,175096,4,28.72685185185185,28.72685185185185,1711549.8935185184,1711578.6203703703
TelemetryTask,175098,175099,371224744,371227858,466073,True,1,1,371693931,175102,4,2157.7453703703704,2157.7453703703704,1718647.4907407407,1720805.236111111
UartTxTask,175101,175103,371691590,371696393,6157,True,0,1,371702550,175105,4,28.50462962962963,28.50462962962963,1720816.6342592593,1720845.138888889
UartTxTask,175107,175108,371851666,371854835,6148,True,0,1,371860983,175110,4,28.462962962962962,28.462962962962962,1721550.162037037,1721578.625
TelemetryTask,175112,175113,373384713,373387709,466110,True,1,1,373853819,175116,4,2157.9166666666665,2157.9166666666665,1728646.8009259258,1730804.7175925926
UartTxTask,175115,175117,373851473,373856242,6247,True,0,1,373862489,175119,4,28.921296296296298,28.921296296296298,1730815.9351851852,1730844.8564814816
UartTxTask,175121,175122,374011567,374014680,6342,True,0,1,374021022,175124,4,29.36111111111111,29.36111111111111,1731549.4444444445,1731578.8055555555
TelemetryTask,175126,175127,375544759,375547841,466086,True,1,1,376013927,175130,4,2157.8055555555557,2157.8055555555557,1738647.412037037,1740805.2175925926
UartTxTask,175129,175131,376011655,376016404,6162,True,0,1,376022566,175133,4,28.52777777777778,28.52777777777778,1740816.6851851852,1740845.212962963
UartTxTask,175135,175136,376171663,376174864,6253,True,0,1,376181117,175138,4,28.949074074074073,28.949074074074073,1741550.2962962964,1741579.2453703703
TelemetryTask,175140,175141,377704755,377707798,465984,True,1,1,378173782,175144,4,2157.3333333333335,2157.3333333333335,1748647.212962963,1750804.5462962964
UartTxTask,175143,175145,378171423,378176231,6152,True,0,1,378182383,175147,4,28.48148148148148,28.48148148148148,1750815.8842592593,1750844.3657407407
UartTxTask,175149,175150,378331563,378334768,6333,True,0,1,378341101,175152,4,29.319444444444443,29.319444444444443,1751549.851851852,1751579.1712962964
TelemetryTask,175154,175155,379864741,379867790,466023,True,1,1,380333813,175158,4,2157.5138888888887,2157.5138888888887,1758647.1759259258,1760804.6898148148
UartTxTask,175157,175159,380331529,380336229,6163,True,0,1,380342392,175161,4,28.53240740740741,28.53240740740741,1760815.875,1760844.4074074074
UartTxTask,175163,175164,380491467,380494621,6203,True,0,1,380500824,175166,4,28.71759259259259,28.71759259259259,1761549.1712962964,1761577.888888889
TelemetryTask,175168,175169,382024742,382027754,465933,True,1,1,382493687,175172,4,2157.097222222222,2157.097222222222,1768647.0092592593,1770804.1064814816
UartTxTask,175171,175173,382491356,382496152,6182,True,0,1,382502334,175175,4,28.62037037037037,28.62037037037037,1770815.5185185184,1770844.138888889
UartTxTask,175177,175178,382651333,382654553,6301,True,0,1,382660854,175180,4,29.171296296296298,29.171296296296298,1771548.8564814816,1771578.0277777778
TelemetryTask,175182,175183,384184763,384187781,466020,True,1,1,384653801,175186,4,2157.5,2157.5,1778647.1342592593,1780804.6342592593
UartTxTask,175185,175187,384651434,384656210,6169,True,0,1,384662379,175189,4,28.560185185185187,28.560185185185187,1780815.787037037,1780844.3472222222
UartTxTask,175191,175192,384811533,384814706,6250,True,0,1,384820956,175194,4,28.935185185185187,28.935185185185187,1781549.5648148148,1781578.5
TelemetryTask,175196,175197,386344753,386347850,466333,True,1,1,386814183,175200,4,2158.949074074074,2158.949074074074,1788647.4537037036,1790806.4027777778
UartTxTask,175199,175201,386811815,386816602,6177,True,0,1,386822779,175203,4,28.59722222222222,28.59722222222222,1790817.601851852,1790846.1990740742
UartTxTask,175205,175206,386971862,386975048,6331,True,0,1,386981379,175208,4,29.310185185185187,29.310185185185187,1791551.148148148,1791580.4583333333
TelemetryTask,175210,175211,388504719,388507721,466104,True,1,1,388973825,175214,4,2157.8888888888887,2157.8888888888887,1798646.8564814816,1800804.7453703703
UartTxTask,175213,175215,388971450,388976306,6267,True,0,1,388982573,175217,4,29.01388888888889,29.01388888888889,1800816.2314814816,1800845.2453703703
UartTxTask,175219,175220,389131584,389134695,6232,True,0,1,389140927,175222,4,28.85185185185185,28.85185185185185,1801549.513888889,1801578.3657407407
TelemetryTask,175224,175225,390664731,390667808,465987,True,1,1,391133795,175228,4,2157.347222222222,2157.347222222222,1808647.2592592593,1810804.6064814816
UartTxTask,175227,175229,391131472,391136220,6077,True,0,1,391142297,175231,4,28.13425925925926,28.13425925925926,1810815.8333333333,1810843.9675925926
UartTxTask,175233,175234,391291396,391294609,6154,True,0,1,391300763,175236,4,28.49074074074074,28.49074074074074,1811549.1157407407,1811577.6064814816
TelemetryTask,175238,175239,392824730,392827786,465911,True,1,1,393293697,175242,4,2156.9953703703704,2156.9953703703704,1818647.1574074074,1820804.1527777778
UartTxTask,175241,175243,393291399,393296143,6177,True,0,1,393302320,175245,4,28.59722222222222,28.59722222222222,1820815.476851852,1820844.0740740742
UartTxTask,175247,175248,393451353,393454540,6128,True,0,1,393460668,175250,4,28.37037037037037,28.37037037037037,1821548.7962962964,1821577.1666666667
TelemetryTask,175252,175253,394984715,394987730,466106,True,1,1,395453836,175256,4,2157.8981481481483,2157.8981481481483,1828646.898148148,1830804.7962962964
UartTxTask,175255,175257,395451481,395456272,6132,True,0,1,395462404,175259,4,28.38888888888889,28.38888888888889,1830816.0740740742,1830844.462962963
UartTxTask,175261,175262,395611492,395614639,6330,True,0,1,395620969,175264,4,29.305555555555557,29.305555555555557,1831549.2546296297,1831578.5601851852
TelemetryTask,175266,175267,397144729,397147805,466088,True,1,1,397613893,175270,4,2157.814814814815,2157.814814814815,1838647.2453703703,1840805.0601851852
UartTxTask,175269,175271,397611479,397616352,6162,True,0,1,397622514,175273,4,28.52777777777778,28.52777777777778,1840816.4444444445,1840844.9722222222
UartTxTask,175275,175276,397771686,397774875,6225,True,0,1,397781100,175278,4,28.819444444444443,28.819444444444443,1841550.3472222222,1841579.1666666667
TelemetryTask,175280,175281,399304719,399307661,466110,True,1,1,399773771,175284,4,2157.9166666666665,2157.9166666666665,1848646.5787037036,1850804.4953703703
UartTxTask,175283,175285,399771413,399776241,6144,True,0,1,399782385,175287,4,28.444444444444443,28.444444444444443,1850815.9305555555,1850844.375
UartTxTask,175289,175290,399931459,399934665,6203,True,0,1,399940868,175292,4,28.71759259259259,28.71759259259259,1851549.375,1851578.0925925926
TelemetryTask,175294,175295,401464759,401467882,466135,True,1,1,401934017,175298,4,2158.0324074074074,2158.0324074074074,1858647.601851852,1860805.6342592593
UartTxTask,175297,175299,401931656,401936552,6174,True,0,1,401942726,175301,4,28.583333333333332,28.583333333333332,1860817.3703703703,1860845.9537037036
UartTxTask,175303,175304,402091876,402094952,6140,True,0,1,402101092,175306,4,28.425925925925927,28.425925925925927,1861550.7037037036,1861579.1296296297
TelemetryTask,175308,175309,403624722,403627716,466001,True,1,1,404093717,175312,4,2157.412037037037,2157.412037037037,1868646.8333333333,1870804.2453703703
UartTxTask,175311,175313,404091384,404096182,6117,True,0,1,404102299,175315,4,28.319444444444443,28.319444444444443,1870815.6574074074,1870843.976851852
UartTxTask,175317,175318,404251374,404254597,6213,True,0,1,404260810,175320,4,28.76388888888889,28.76388888888889,1871549.0601851852,1871577.8240740742
TelemetryTask,175322,175323,405784761,405787812,466126,True,1,1,406253938,175326,4,2157.990740740741,2157.990740740741,1878647.2777777778,1880805.2685185184
UartTxTask,175325,175327,406251593,406256363,6174,True,0,1,406262537,175329,4,28.583333333333332,28.583333333333332,1880816.4953703703,1880845.0787037036
UartTxTask,175331,175332,406411696,406414858,6221,True,0,1,406421079,175334,4,28.800925925925927,28.800925925925927,1881550.2685185184,1881579.0694444445
TelemetryTask,175336,175337,407944759,407947771,465940,True,1,1,408413711,175340,4,2157.1296296296296,2157.1296296296296,1888647.087962963,1890804.2175925926
UartTxTask,175339,175341,408411360,408416156,6280,True,0,1,408422436,175343,4,29.074074074074073,29.074074074074073,1890815.537037037,1890844.611111111
UartTxTask,175345,175346,408571507,408574675,6152,True,0,1,408580827,175348,4,28.48148148148148,28.48148148148148,1891549.4212962964,1891577.9027777778
TelemetryTask,175350,175351,410104760,410107792,465962,True,1,1,410573754,175354,4,2157.2314814814813,2157.2314814814813,1898647.1851851852,1900804.4166666667
UartTxTask,175353,175355,410571461,410576217,6142,True,0,1,410582359,175357,4,28.435185185185187,28.435185185185187,1900815.8194444445,1900844.2546296297
UartTxTask,175359,175360,410731442,410734720,6265,True,0,1,410740985,175362,4,29.00462962962963,29.00462962962963,1901549.6296296297,1901578.6342592593
TelemetryTask,175364,175365,412264723,412267711,466212,True,1,1,412733923,175368,4,2158.3888888888887,2158.3888888888887,1908646.8101851852,1910805.1990740742
UartTxTask,175367,175369,412731593,412736366,6165,True,0,1,412742531,175371,4,28.541666666666668,28.541666666666668,1910816.5092592593,1910845.0509259258
UartTxTask,175373,175374,412891561,412894816,6300,True,0,1,412901116,175376,4,29.166666666666668,29.166666666666668,1911550.0740740742,1911579.2407407407
TelemetryTask,175378,175379,414424763,414427789,466128,True,1,1,414893917,175382,4,2158.0,2158.0,1918647.1712962964,1920805.1712962964
UartTxTask,175381,175383,414891558,414896360,6222,True,0,1,414902582,175385,4,28.805555555555557,28.805555555555557,1920816.4814814816,1920845.287037037
UartTxTask,175387,175388,415051639,415054837,6246,True,0,1,415061083,175390,4,28.916666666666668,28.916666666666668,1921550.1712962964,1921579.087962963
TelemetryTask,175392,175393,416584735,416587762,466027,True,1,1,417053789,175396,4,2157.5324074074074,2157.5324074074074,1928647.0462962964,1930804.5787037036
UartTxTask,175395,175397,417051437,417056276,6314,True,0,1,417062590,175399,4,29.23148148148148,29.23148148148148,1930816.0925925926,1930845.3240740742
UartTxTask,175401,175402,417211613,417214769,6346,True,0,1,417221115,175404,4,29.37962962962963,29.37962962962963,1931549.8564814816,1931579.236111111
TelemetryTask,175406,175407,418744723,418747773,466158,True,1,1,419213931,175410,4,2158.1388888888887,2158.1388888888887,1938647.0972222222,1940805.236111111
UartTxTask,175409,175411,419211593,419216339,6255,True,0,1,419222594,175413,4,28.958333333333332,28.958333333333332,1940816.3842592593,1940845.3425925926
UartTxTask,175415,175416,419371644,419374805,6275,True,0,1,419381080,175418,4,29.050925925925927,29.050925925925927,1941550.023148148,1941579.0740740742
TelemetryTask,175420,175421,420904732,420907804,466026,True,1,1,421373830,175424,4,2157.527777777778,2157.527777777778,1948647.2407407407,1950804.7685185184
UartTxTask,175423,175425,421371509,421376252,6198,True,0,1,421382450,175427,4,28.694444444444443,28.694444444444443,1950815.9814814816,1950844.6759259258
UartTxTask,175429,175430,421531568,421534715,6353,True,0,1,421541068,175432,4,29.412037037037038,29.412037037037038,1951549.6064814816,1951579.0185185184
TelemetryTask,175434,175435,423064741,423067878,465906,True,1,1,423533784,175438,4,2156.972222222222,2156.972222222222,1958647.5833333333,1960804.5555555555
UartTxTask,175437,175439,423531437,423536223,6175,True,0,1,423542398,175441,4,28.587962962962962,28.587962962962962,1960815.8472222222,1960844.4351851852
UartTxTask,175443,175444,423691483,423694610,6214,True,0,1,423700824,175446,4,28.76851851851852,28.76851851851852,1961549.1203703703,1961577.888888889
TelemetryTask,175448,175449,425224752,425227752,466042,True,1,1,425693794,175452,4,2157.6018518518517,2157.6018518518517,1968647.0,1970804.601851852
UartTxTask,175451,175453,425691474,425696284,6163,True,0,1,425702447,175455,4,28.53240740740741,28.53240740740741,1970816.1296296297,1970844.662037037
UartTxTask,175457,175458,425851540,425854715,6296,True,0,1,425861011,175460,4,29.14814814814815,29.14814814814815,1971549.6064814816,1971578.7546296297
TelemetryTask,175462,175463,427384724,427387772,465991,True,1,1,427853763,175466,4,2157.365740740741,2157.365740740741,1978647.0925925926,1980804.4583333333
UartTxTask,175465,175467,427851427,427856241,6192,True,0,1,427862433,175469,4,28.666666666666668,28.666666666666668,1980815.9305555555,1980844.5972222222
UartTxTask,175471,175472,428011472,428014627,6228,True,0,1,428020855,175474,4,28.833333333333332,28.833333333333332,1981549.1990740742,1981578.0324074074
TelemetryTask,175476,175477,429544775,429547813,466186,True,1,1,430013999,175480,4,2158.2685185185187,2158.2685185185187,1988647.2824074074,1990805.5509259258
UartTxTask,175479,175481,430011617,430016502,6336,True,0,1,430022838,175483,4,29.333333333333332,29.333333333333332,1990817.138888889,1990846.4722222222
UartTxTask,175485,175486,430171871,430175034,6252,True,0,1,430181286,175488,4,28.944444444444443,28.944444444444443,1991551.0833333333,1991580.0277777778
TelemetryTask,175490,175491,431704761,431707842,466092,True,1,1,432173934,175494,4,2157.8333333333335,2157.8333333333335,1998647.4166666667,2000805.25
UartTxTask,175493,175495,432171633,432176437,6153,True,0,1,432182590,175497,4,28.48611111111111,28.48611111111111,2000816.837962963,2000845.3240740742
UartTxTask,175499,175500,432331772,432334974,6171,True,0,1,432341145,175502,4,28.569444444444443,28.569444444444443,2001550.8055555555,2001579.375
TelemetryTask,175504,175505,433864740,433867740,465910,True,1,1,434333650,175508,4,2156.990740740741,2156.990740740741,2008646.9444444445,2010803.9351851852
UartTxTask,175507,175509,434331370,434336095,6232,True,0,1,434342327,175511,4,28.85185185185185,28.85185185185185,2010815.2546296297,2010844.1064814816
UartTxTask,175513,175514,434491459,434494699,6267,True,0,1,434500966,175516,4,29.01388888888889,29.01388888888889,2011549.5324074074,2011578.5462962964
TelemetryTask,175518,175519,436024755,436027764,466254,True,1,1,436494018,175522,4,2158.5833333333335,2158.5833333333335,2018647.0555555555,2020805.638888889
UartTxTask,175521,175523,436491639,436496464,6098,True,0,1,436502562,175525,4,28.23148148148148,28.23148148148148,2020816.962962963,2020845.1944444445
UartTxTask,175527,175528,436651690,436654827,6252,True,0,1,436661079,175530,4,28.944444444444443,28.944444444444443,2021550.125,2021579.0694444445
TelemetryTask,175532,175533,438184749,438187834,466105,True,1,1,438653939,175536,4,2157.8935185185187,2157.8935185185187,2028647.3796296297,2030805.273148148
UartTxTask,175535,175537,438651577,438656362,6075,True,0,1,438662437,175539,4,28.125,28.125,2030816.4907407407,2030844.6157407407
UartTxTask,175541,175542,438811578,438814769,6180,True,0,1,438820949,175544,4,28.61111111111111,28.61111111111111,2031549.8564814816,2031578.4675925926
TelemetryTask,175546,175547,440344753,440347768,465988,True,1,1,440813756,175550,4,2157.3518518518517,2157.3518518518517,2038647.0740740742,2040804.4259259258
UartTxTask,175549,175551,440811427,440816202,6096,True,0,1,440822298,175553,4,28.22222222222222,28.22222222222222,2040815.75,2040843.9722222222
UartTxTask,175555,175556,440971422,440974689,6231,True,0,1,440980920,175558,4,28.84722222222222,28.84722222222222,2041549.486111111,2041578.3333333333
TelemetryTask,175560,175561,442504751,442507811,465891,True,1,1,442973702,175564,4,2156.902777777778,2156.902777777778,2048647.273148148,2050804.1759259258
UartTxTask,175563,175565,442971371,442976186,6133,True,0,1,442982319,175567,4,28.39351851851852,28.39351851851852,2050815.6759259258,2050844.0694444445
UartTxTask,175569,175570,443131405,443134577,6208,True,0,1,443140785,175572,4,28.74074074074074,28.74074074074074,2051548.9675925926,2051577.7083333333
TelemetryTask,175574,175575,444664751,444667770,465941,True,1,1,445133711,175578,4,2157.134259259259,2157.134259259259,2058647.0833333333,2060804.2175925926
UartTxTask,175577,175579,445131416,445136129,6266,True,0,1,445142395,175581,4,29.00925925925926,29.00925925925926,2060815.412037037,2060844.4212962964
UartTxTask,175583,175584,445291433,445294633,6220,True,0,1,445300853,175586,4,28.796296296296298,28.796296296296298,2061549.226851852,2061578.023148148
TelemetryTask,175588,175589,446824781,446827816,465991,True,1,1,447293807,175592,4,2157.365740740741,2157.365740740741,2068647.2962962964,2070804.662037037
UartTxTask,175591,175593,447291434,447296305,6159,True,0,1,447302464,175595,4,28.51388888888889,28.51388888888889,2070816.226851852,2070844.7407407407
UartTxTask,175597,175598,447451602,447454738,6259,True,0,1,447460997,175600,4,28.97685185185185,28.97685185185185,2071549.712962963,2071578.6898148148
TelemetryTask,175602,175603,448984726,448987691,466197,True,1,1,449453888,175606,4,2158.3194444444443,2158.3194444444443,2078646.7175925926,2080805.037037037
UartTxTask,175605,175607,449451538,449456308,6131,True,0,1,449462439,175609,4,28.38425925925926,28.38425925925926,2080816.2407407407,2080844.625
UartTxTask,175611,175612,449611569,449614732,6252,True,0,1,449620984,175614,4,28.944444444444443,28.944444444444443,2081549.6851851852,2081578.6296296297
TelemetryTask,175616,175617,451144697,451147762,466159,True,1,1,451613921,175620,4,2158.1435185185187,2158.1435185185187,2088647.0462962964,2090805.1898148148
UartTxTask,175619,175621,451611635,451616363,6315,True,0,1,451622678,175623,4,29.23611111111111,29.23611111111111,2090816.4953703703,2090845.7314814816
UartTxTask,175625,175626,451771671,451774750,6273,True,0,1,451781023,175628,4,29.041666666666668,29.041666666666668,2091549.7685185184,2091578.8101851852
TelemetryTask,175630,175631,453304734,453307754,466006,True,1,1,453773760,175634,4,2157.435185185185,2157.435185185185,2098647.0092592593,2100804.4444444445
UartTxTask,175633,175635,453771432,453776253,6104,True,0,1,453782357,175637,4,28.25925925925926,28.25925925925926,2100815.986111111,2100844.2453703703
UartTxTask,175639,175640,453931473,453934580,6197,True,0,1,453940777,175642,4,28.689814814814813,28.689814814814813,2101548.9814814813,2101577.671296296
ButtonTask,175646,175648,454755854,454759070,29673,True,1,1,454788743,175652,4,137.375,137.375,2105366.064814815,2105503.439814815
UartTxTask,175651,175653,454785056,454791514,6245,True,0,1,454797759,175655,4,28.912037037037038,28.912037037037038,2105516.2685185187,2105545.1805555555
UartTxTask,175657,175658,454946872,454948858,6325,True,0,1,454955183,175660,4,29.28240740740741,29.28240740740741,2106244.712962963,2106273.9953703703
TelemetryTask,175662,175663,455464741,455467799,466088,True,1,1,455933887,175666,4,2157.814814814815,2157.814814814815,2108647.217592593,2110805.032407407
UartTxTask,175665,175667,455931606,455936336,6221,True,0,1,455942557,175669,4,28.800925925925927,28.800925925925927,2110816.3703703703,2110845.171296296
UartTxTask,175671,175672,456091665,456094893,6304,True,0,1,456101197,175674,4,29.185185185185187,29.185185185185187,2111550.4305555555,2111579.6157407407
TelemetryTask,175676,175677,457624714,457627699,466231,True,1,1,458093930,175680,4,2158.4768518518517,2158.4768518518517,2118646.7546296297,2120805.2314814813
UartTxTask,175679,175681,458091539,458096393,6179,True,0,1,458102572,175683,4,28.60648148148148,28.60648148148148,2120816.6342592593,2120845.2407407407
UartTxTask,175685,175686,458251593,458254765,6196,True,0,1,458260961,175688,4,28.685185185185187,28.685185185185187,2121549.837962963,2121578.5231481483
TelemetryTask,175690,175691,459784735,459787780,465918,True,1,1,460253698,175694,4,2157.027777777778,2157.027777777778,2128647.1296296297,2130804.157407407
UartTxTask,175693,175695,460251400,460256161,6113,True,0,1,460262274,175697,4,28.300925925925927,28.300925925925927,2130815.560185185,2130843.861111111
UartTxTask,175699,175700,460411355,460414546,6172,True,0,1,460420718,175702,4,28.574074074074073,28.574074074074073,2131548.824074074,2131577.3981481483
TelemetryTask,175704,175705,461944773,461947767,465883,True,1,1,462413650,175708,4,2156.865740740741,2156.865740740741,2138647.0694444445,2140803.935185185
UartTxTask,175707,175709,462411326,462416111,6218,True,0,1,462422329,175711,4,28.787037037037038,28.787037037037038,2140815.328703704,2140844.1157407407
UartTxTask,175713,175714,462571363,462574551,6218,True,0,1,462580769,175716,4,28.787037037037038,28.787037037037038,2141548.847222222,2141577.6342592593
TelemetryTask,175718,175719,464104725,464107720,465995,True,1,1,464573715,175722,4,2157.384259259259,2157.384259259259,2148646.8518518517,2150804.236111111
UartTxTask,175721,175723,464571354,464576173,6264,True,0,1,464582437,175725,4,29.0,29.0,2150815.6157407407,2150844.6157407407
UartTxTask,175727,175728,464731509,464734702,6231,True,0,1,464740933,175730,4,28.84722222222222,28.84722222222222,2151549.546296296,2151578.3935185187
TelemetryTask,175732,175733,466264744,466267758,466224,True,1,1,466733982,175736,4,2158.4444444444443,2158.4444444444443,2158647.027777778,2160805.472222222
UartTxTask,175735,175737,466731669,466736440,6295,True,0,1,466742735,175739,4,29.14351851851852,29.14351851851852,2160816.8518518517,2160845.9953703703
UartTxTask,175741,175742,466891798,466894945,6323,True,0,1,466901268,175744,4,29.27314814814815,29.27314814814815,2161550.671296296,2161579.9444444445
TelemetryTask,175746,175747,468424760,468427776,466035,True,1,1,468893811,175750,4,2157.5694444444443,2157.5694444444443,2168647.111111111,2170804.6805555555
UartTxTask,175749,175751,468891463,468896281,6209,True,0,1,468902490,175753,4,28.74537037037037,28.74537037037037,2170816.1157407407,2170844.861111111
UartTxTask,175755,175756,469051580,469054759,6278,True,0,1,469061037,175758,4,29.064814814814813,29.064814814814813,2171549.810185185,2171578.875
TelemetryTask,175760,175761,470584740,470587817,466069,True,1,1,471053886,175764,4,2157.7268518518517,2157.7268518518517,2178647.300925926,2180805.027777778
UartTxTask,175763,175765,471051599,471056290,6229,True,0,1,471062519,175767,4,28.837962962962962,28.837962962962962,2180816.157407407,2180844.9953703703
UartTxTask,175769,175770,471211535,471214721,6230,True,0,1,471220951,175772,4,28.84259259259259,28.84259259259259,2181549.6342592593,2181578.4768518517
TelemetryTask,175774,175775,472744722,472747747,466011,True,1,1,473213758,175778,4,2157.4583333333335,2157.4583333333335,2188646.9768518517,2190804.435185185
UartTxTask,175777,175779,473211362,473216239,6170,True,0,1,473222409,175781,4,28.564814814814813,28.564814814814813,2190815.921296296,2190844.486111111
UartTxTask,175783,175784,473371409,473374610,6202,True,0,1,473380812,175786,4,28.712962962962962,28.712962962962962,2191549.1203703703,2191577.8333333335
TelemetryTask,175788,175789,474904729,474907745,466011,True,1,1,475373756,175792,4,2157.4583333333335,2157.4583333333335,2198646.967592593,2200804.425925926
UartTxTask,175791,175793,475371459,475376225,6240,True,0,1,475382465,175795,4,28.88888888888889,28.88888888888889,2200815.8564814813,2200844.7453703703
UartTxTask,175797,175798,475531580,475534790,6183,True,0,1,475540973,175800,4,28.625,28.625,2201549.953703704,2201578.578703704
TelemetryTask,175802,175803,477064724,477067689,466062,True,1,1,477533751,175806,4,2157.6944444444443,2157.6944444444443,2208646.7083333335,2210804.402777778
UartTxTask,175805,175807,477531458,477536192,6116,True,0,1,477542308,175809,4,28.314814814814813,28.314814814814813,2210815.703703704,2210844.0185185187
UartTxTask,175811,175812,477691435,477694559,6340,True,0,1,477700899,175814,4,29.35185185185185,29.35185185185185,2211548.8842592593,2211578.236111111
TelemetryTask,175816,175817,479224734,479227835,465972,True,1,1,479693807,175820,4,2157.277777777778,2157.277777777778,2218647.3842592593,2220804.662037037
UartTxTask,175819,175821,479691476,479696276,6166,True,0,1,479702442,175823,4,28.546296296296298,28.546296296296298,2220816.092592593,2220844.638888889
UartTxTask,175825,175826,479851473,479854658,6259,True,0,1,479860917,175828,4,28.97685185185185,28.97685185185185,2221549.342592593,2221578.3194444445
TelemetryTask,175830,175831,481384745,481387825,465917,True,1,1,481853742,175834,4,2157.0231481481483,2157.0231481481483,2228647.337962963,2230804.361111111
UartTxTask,175833,175835,481851455,481856133,6221,True,0,1,481862354,175837,4,28.800925925925927,28.800925925925927,2230815.4305555555,2230844.2314814813
UartTxTask,175839,175840,482011419,482014619,6197,True,0,1,482020816,175842,4,28.689814814814813,28.689814814814813,2231549.162037037,2231577.8518518517
TelemetryTask,175844,175845,483544746,483547743,466042,True,1,1,484013785,175848,4,2157.6018518518517,2157.6018518518517,2238646.9583333335,2240804.560185185
UartTxTask,175847,175849,484011470,484016240,6231,True,0,1,484022471,175851,4,28.84722222222222,28.84722222222222,2240815.925925926,2240844.7731481483
UartTxTask,175853,175854,484171512,484174772,6211,True,0,1,484180983,175856,4,28.75462962962963,28.75462962962963,2241549.8703703703,2241578.625
TelemetryTask,175858,175859,485704759,485707791,466077,True,1,1,486173868,175862,4,2157.7638888888887,2157.7638888888887,2248647.1805555555,2250804.9444444445
UartTxTask,175861,175863,486171519,486176338,6145,True,0,1,486182483,175865,4,28.449074074074073,28.449074074074073,2250816.3796296297,2250844.828703704
UartTxTask,175867,175868,486331644,486334778,6304,True,0,1,486341082,175870,4,29.185185185185187,29.185185185185187,2251549.8981481483,2251579.0833333335
TelemetryTask,175872,175873,487864720,487867727,466136,True,1,1,488333863,175876,4,2158.037037037037,2158.037037037037,2258646.8842592593,2260804.921296296
UartTxTask,175875,175877,488331533,488336303,6254,True,0,1,488342557,175879,4,28.953703703703702,28.953703703703702,2260816.217592593,2260845.171296296
UartTxTask,175881,175882,488491636,488494808,6168,True,0,1,488500976,175884,4,28.555555555555557,28.555555555555557,2261550.037037037,2261578.592592593
TelemetryTask,175886,175887,490024728,490027850,466209,True,1,1,490494059,175890,4,2158.375,2158.375,2268647.453703704,2270805.828703704
UartTxTask,175889,175891,490491748,490496484,6242,True,0,1,490502726,175893,4,28.89814814814815,28.89814814814815,2270817.0555555555,2270845.953703704
UartTxTask,175895,175896,490651890,490655033,6303,True,0,1,490661336,175898,4,29.180555555555557,29.180555555555557,2271551.078703704,2271580.2592592593
TelemetryTask,175900,175901,492184754,492187807,466105,True,1,1,492653912,175904,4,2157.8935185185187,2157.8935185185187,2278647.2546296297,2280805.1481481483
UartTxTask,175903,175905,492651590,492656343,6097,True,0,1,492662440,175907,4,28.22685185185185,28.22685185185185,2280816.402777778,2280844.6296296297
UartTxTask,175909,175910,492811554,492814717,6152,True,0,1,492820869,175912,4,28.48148148148148,28.48148148148148,2281549.6157407407,2281578.097222222
TelemetryTask,175914,175915,494344714,494347760,466178,True,1,1,494813938,175918,4,2158.2314814814813,2158.2314814814813,2288647.037037037,2290805.2685185187
UartTxTask,175917,175919,494811557,494816402,6091,True,0,1,494822493,175921,4,28.199074074074073,28.199074074074073,2290816.675925926,2290844.875
UartTxTask,175923,175924,494971597,494974840,6252,True,0,1,494981092,175926,4,28.944444444444443,28.944444444444443,2291550.185185185,2291579.1296296297
TelemetryTask,175928,175929,496504772,496507799,466308,True,1,1,496974107,175932,4,2158.8333333333335,2158.8333333333335,2298647.217592593,2300806.050925926
UartTxTask,175931,175933,496971745,496976575,6167,True,0,1,496982742,175935,4,28.550925925925927,28.550925925925927,2300817.4768518517,2300846.027777778
UartTxTask,175937,175938,497131822,497135046,6257,True,0,1,497141303,175940,4,28.96759259259259,28.96759259259259,2301551.138888889,2301580.1064814813
TelemetryTask,175942,175943,498664719,498667823,466201,True,1,1,499134024,175946,4,2158.337962962963,2158.337962962963,2308647.328703704,2310805.6666666665
UartTxTask,175945,175947,499131714,499136520,6186,True,0,1,499142706,175949,4,28.63888888888889,28.63888888888889,2310817.222222222,2310845.861111111
UartTxTask,175951,175952,499291835,499295024,6258,True,0,1,499301282,175954,4,28.97222222222222,28.97222222222222,2311551.037037037,2311580.0092592593
TelemetryTask,175956,175957,500824710,500827652,465987,True,1,1,501293639,175960,4,2157.347222222222,2157.347222222222,2318646.537037037,2320803.8842592593
UartTxTask,175959,175961,501291306,501296100,6208,True,0,1,501302308,175963,4,28.74074074074074,28.74074074074074,2320815.277777778,2320844.0185185187
UartTxTask,175965,175966,501451399,501454541,6221,True,0,1,501460762,175968,4,28.800925925925927,28.800925925925927,2321548.800925926,2321577.6018518517
TelemetryTask,175970,175971,502984722,502987749,466143,True,1,1,503453892,175974,4,2158.0694444444443,2158.0694444444443,2328646.986111111,2330805.0555555555
UartTxTask,175973,175975,503451577,503456358,6243,True,0,1,503462601,175977,4,28.90277777777778,28.90277777777778,2330816.472222222,2330845.375
UartTxTask,175979,175980,503611635,503614774,6276,True,0,1,503621050,175982,4,29.055555555555557,29.055555555555557,2331549.8796296297,2331578.935185185
TelemetryTask,175984,175985,505144738,505147721,466047,True,1,1,505613768,175988,4,2157.625,2157.625,2338646.8564814813,2340804.4814814813
UartTxTask,175987,175989,505611467,505616179,6233,True,0,1,505622412,175991,4,28.85648148148148,28.85648148148148,2340815.6435185187,2340844.5
UartTxTask,175993,175994,505771495,505774646,6167,True,0,1,505780813,175996,4,28.550925925925927,28.550925925925927,2341549.287037037,2341577.837962963
TelemetryTask,175998,175999,507304713,507307792,466020,True,1,1,507773812,176002,4,2157.5,2157.5,2348647.185185185,2350804.685185185
UartTxTask,176001,176003,507771568,507776286,6218,True,0,1,507782504,176005,4,28.787037037037038,28.787037037037038,2350816.138888889,2350844.925925926
UartTxTask,176007,176008,507931594,507934847,6344,True,0,1,507941191,176010,4,29.37037037037037,29.37037037037037,2351550.217592593,2351579.587962963
TelemetryTask,176012,176013,509464753,509467807,466076,True,1,1,509933883,176016,4,2157.759259259259,2157.759259259259,2358647.2546296297,2360805.013888889
UartTxTask,176015,176017,509931576,509936329,6199,True,0,1,509942528,176019,4,28.699074074074073,28.699074074074073,2360816.337962963,2360845.037037037
UartTxTask,176021,176022,510091616,510094775,6229,True,0,1,510101004,176024,4,28.837962962962962,28.837962962962962,2361549.8842592593,2361578.722222222
TelemetryTask,176026,176027,511624731,511627744,466401,True,1,1,512094145,176030,4,2159.2638888888887,2159.2638888888887,2368646.962962963,2370806.2268518517
UartTxTask,176029,176031,512091816,512096602,6107,True,0,1,512102709,176033,4,28.27314814814815,28.27314814814815,2370817.6018518517,2370845.875
UartTxTask,176035,176036,512251755,512254879,6347,True,0,1,512261226,176038,4,29.38425925925926,29.38425925925926,2371550.3657407407,2371579.75
TelemetryTask,176040,176041,513784755,513787804,465975,True,1,1,514253779,176044,4,2157.2916666666665,2157.2916666666665,2378647.2407407407,2380804.532407407
UartTxTask,176043,176045,514251425,514256271,6231,True,0,1,514262502,176047,4,28.84722222222222,28.84722222222222,2380816.0694444445,2380844.9166666665
UartTxTask,176049,176050,514411602,514414750,6242,True,0,1,514420992,176052,4,28.89814814814815,28.89814814814815,2381549.7685185187,2381578.6666666665
TelemetryTask,176054,176055,515944748,515947739,466080,True,1,1,516413819,176058,4,2157.777777777778,2157.777777777778,2388646.939814815,2390804.717592593
UartTxTask,176057,176059,516411530,516416295,6269,True,0,1,516422564,176061,4,29.02314814814815,29.02314814814815,2390816.1805555555,2390845.203703704
UartTxTask,176063,176064,516571592,516574718,6237,True,0,1,516580955,176066,4,28.875,28.875,2391549.6203703703,2391578.4953703703
TelemetryTask,176068,176069,518104759,518107792,465963,True,1,1,518573755,176072,4,2157.2361111111113,2157.2361111111113,2398647.185185185,2400804.421296296
UartTxTask,176071,176073,518571497,518576190,6163,True,0,1,518582353,176075,4,28.53240740740741,28.53240740740741,2400815.6944444445,2400844.2268518517
UartTxTask,176077,176078,518731495,518734668,6249,True,0,1,518740917,176080,4,28.930555555555557,28.930555555555557,2401549.388888889,2401578.3194444445
TelemetryTask,176082,176083,520264758,520267792,466186,True,1,1,520733978,176086,4,2158.2685185185187,2158.2685185185187,2408647.185185185,2410805.453703704
UartTxTask,176085,176087,520731607,520736441,6148,True,0,1,520742589,176089,4,28.462962962962962,28.462962962962962,2410816.8564814813,2410845.3194444445
UartTxTask,176091,176092,520891643,520894806,6254,True,0,1,520901060,176094,4,28.953703703703702,28.953703703703702,2411550.027777778,2411578.9814814813
TelemetryTask,176096,176097,522424775,522427802,466116,True,1,1,522893918,176100,4,2157.9444444444443,2157.9444444444443,2418647.2314814813,2420805.175925926
UartTxTask,176099,176101,522891548,522896335,6145,True,0,1,522902480,176103,4,28.449074074074073,28.449074074074073,2420816.3657407407,2420844.814814815
UartTxTask,176105,176106,523051605,523054810,6330,True,0,1,523061140,176108,4,29.305555555555557,29.305555555555557,2421550.046296296,2421579.3518518517
TelemetryTask,176110,176111,524584755,524587840,465968,True,1,1,525053808,176114,4,2157.259259259259,2157.259259259259,2428647.407407407,2430804.6666666665
UartTxTask,176113,176115,525051507,525056271,6123,True,0,1,525062394,176117,4,28.34722222222222,28.34722222222222,2430816.0694444445,2430844.4166666665
UartTxTask,176119,176120,525211448,525214622,6290,True,0,1,525220912,176122,4,29.12037037037037,29.12037037037037,2431549.175925926,2431578.296296296
TelemetryTask,176124,176125,526744727,526747758,466314,True,1,1,527214072,176128,4,2158.8611111111113,2158.8611111111113,2438647.027777778,2440805.888888889
UartTxTask,176127,176129,527211739,527216473,6170,True,0,1,527222643,176131,4,28.564814814814813,28.564814814814813,2440817.0046296297,2440845.5694444445
UartTxTask,176133,176134,527371643,527374831,6232,True,0,1,527381063,176136,4,28.85185185185185,28.85185185185185,2441550.1435185187,2441578.9953703703
TelemetryTask,176138,176139,528904749,528907782,465979,True,1,1,529373761,176142,4,2157.310185185185,2157.310185185185,2448647.138888889,2450804.449074074
UartTxTask,176141,176143,529371476,529376200,6196,True,0,1,529382396,176145,4,28.685185185185187,28.685185185185187,2450815.7407407407,2450844.425925926
UartTxTask,176147,176148,529531475,529534693,6254,True,0,1,529540947,176150,4,28.953703703703702,28.953703703703702,2451549.5046296297,2451578.4583333335
TelemetryTask,176152,176153,531064754,531067804,466067,True,1,1,531533871,176156,4,2157.7175925925926,2157.7175925925926,2458647.2407407407,2460804.9583333335
UartTxTask,176155,176157,531531535,531536349,6191,True,0,1,531542540,176159,4,28.662037037037038,28.662037037037038,2460816.4305555555,2460845.092592593
UartTxTask,176161,176162,531691607,531694804,6277,True,0,1,531701081,176164,4,29.060185185185187,29.060185185185187,2461550.0185185187,2461579.078703704
TelemetryTask,176166,176167,533224751,533227839,465960,True,1,1,533693799,176170,4,2157.222222222222,2157.222222222222,2468647.402777778,2470804.625
UartTxTask,176169,176171,533691492,533696237,6196,True,0,1,533702433,176173,4,28.685185185185187,28.685185185185187,2470815.912037037,2470844.597222222
UartTxTask,176175,176176,533851501,533854680,6254,True,0,1,533860934,176178,4,28.953703703703702,28.953703703703702,2471549.4444444445,2471578.3981481483
TelemetryTask,176180,176181,535384718,535387761,466145,True,1,1,535853906,176184,4,2158.078703703704,2158.078703703704,2478647.0416666665,2480805.1203703703
UartTxTask,176183,176185,535851538,535856374,6124,True,0,1,535862498,176187,4,28.35185185185185,28.35185185185185,2480816.546296296,2480844.8981481483
UartTxTask,176189,176190,536011585,536014764,6205,True,0,1,536020969,176192,4,28.72685185185185,28.72685185185185,2481549.8333333335,2481578.560185185
TelemetryTask,176194,176195,537544720,537547857,465826,True,1,1,538013683,176198,4,2156.6018518518517,2156.6018518518517,2488647.486111111,2490804.087962963
UartTxTask,176197,176199,538011345,538016114,6267,True,0,1,538022381,176201,4,29.01388888888889,29.01388888888889,2490815.342592593,2490844.3564814813
UartTxTask,176203,176204,538171490,538174630,6167,True,0,1,538180797,176206,4,28.550925925925927,28.550925925925927,2491549.212962963,2491577.763888889
TelemetryTask,176208,176209,539704732,539707793,466064,True,1,1,540173857,176212,4,2157.703703703704,2157.703703703704,2498647.189814815,2500804.8935185187
UartTxTask,176211,176213,540171528,540176322,6280,True,0,1,540182602,176215,4,29.074074074074073,29.074074074074073,2500816.3055555555,2500845.3796296297
UartTxTask,176217,176218,540331653,540334838,6159,True,0,1,540340997,176220,4,28.51388888888889,28.51388888888889,2501550.175925926,2501578.689814815
TelemetryTask,176222,176223,541864734,541867747,466115,True,1,1,542333862,176226,4,2157.939814814815,2157.939814814815,2508646.9768518517,2510804.9166666665
UartTxTask,176225,176227,542331496,542336372,6228,True,0,1,542342600,176229,4,28.833333333333332,28.833333333333332,2510816.537037037,2510845.3703703703
UartTxTask,176231,176232,542491598,542494806,6190,True,0,1,542500996,176234,4,28.65740740740741,28.65740740740741,2511550.027777778,2511578.685185185
TelemetryTask,176236,176237,544024739,544027771,465891,True,1,1,544493662,176240,4,2156.902777777778,2156.902777777778,2518647.087962963,2520803.9907407407
UartTxTask,176239,176241,544491285,544496144,6247,True,0,1,544502391,176243,4,28.921296296296298,28.921296296296298,2520815.4814814813,2520844.402777778
UartTxTask,176245,176246,544651482,544654597,6331,True,0,1,544660928,176248,4,29.310185185185187,29.310185185185187,2521549.060185185,2521578.3703703703
TelemetryTask,176250,176251,546184725,546187796,465942,True,1,1,546653738,176254,4,2157.1388888888887,2157.1388888888887,2528647.203703704,2530804.342592593
UartTxTask,176253,176255,546651394,546656268,6198,True,0,1,546662466,176257,4,28.694444444444443,28.694444444444443,2530816.0555555555,2530844.75
UartTxTask,176259,176260,546811526,546814695,6251,True,0,1,546820946,176262,4,28.939814814814813,28.939814814814813,2531549.513888889,2531578.453703704
TelemetryTask,176264,176265,548344735,548347694,465949,True,1,1,548813643,176268,4,2157.171296296296,2157.171296296296,2538646.7314814813,2540803.902777778
UartTxTask,176267,176269,548811302,548816090,6166,True,0,1,548822256,176271,4,28.546296296296298,28.546296296296298,2540815.2314814813,2540843.777777778
UartTxTask,176273,176274,548971297,548974519,6176,True,0,1,548980695,176276,4,28.59259259259259,28.59259259259259,2541548.699074074,2541577.2916666665
TelemetryTask,176278,176279,550504743,550507769,465914,True,1,1,550973683,176282,4,2157.009259259259,2157.009259259259,2548647.078703704,2550804.087962963
UartTxTask,176281,176283,550971387,550976177,6130,True,0,1,550982307,176285,4,28.37962962962963,28.37962962962963,2550815.6342592593,2550844.013888889
UartTxTask,176287,176288,551131421,551134646,6306,True,0,1,551140952,176290,4,29.194444444444443,29.194444444444443,2551549.287037037,2551578.4814814813
TelemetryTask,176292,176293,552664721,552667793,466027,True,1,1,553133820,176296,4,2157.5324074074074,2157.5324074074074,2558647.189814815,2560804.722222222
UartTxTask,176295,176297,553131536,553136284,6244,True,0,1,553142528,176299,4,28.90740740740741,28.90740740740741,2560816.1296296297,2560845.037037037
UartTxTask,176301,176302,553291576,553294761,6114,True,0,1,553300875,176304,4,28.305555555555557,28.305555555555557,2561549.8194444445,2561578.125
TelemetryTask,176306,176307,554824763,554827918,466133,True,1,1,555294051,176310,4,2158.0231481481483,2158.0231481481483,2568647.7685185187,2570805.7916666665
UartTxTask,176309,176311,555291712,555296464,6164,True,0,1,555302628,176313,4,28.537037037037038,28.537037037037038,2570816.962962963,2570845.5
UartTxTask,176315,176316,555451734,555454900,6229,True,0,1,555461129,176318,4,28.837962962962962,28.837962962962962,2571550.462962963,2571579.300925926
TelemetryTask,176320,176321,556984745,556987842,465995,True,1,1,557453837,176324,4,2157.384259259259,2157.384259259259,2578647.4166666665,2580804.800925926
UartTxTask,176323,176325,557451541,557456336,6081,True,0,1,557462417,176327,4,28.15277777777778,28.15277777777778,2580816.3703703703,2580844.5231481483
UartTxTask,176329,176330,557611565,557614761,6252,True,0,1,557621013,176332,4,28.944444444444443,28.944444444444443,2581549.8194444445,2581578.763888889
TelemetryTask,176334,176335,559144761,559147897,465980,True,1,1,559613877,176338,4,2157.314814814815,2157.314814814815,2588647.671296296,2590804.986111111
UartTxTask,176337,176339,559611503,559616391,6207,True,0,1,559622598,176341,4,28.73611111111111,28.73611111111111,2590816.625,2590845.361111111
UartTxTask,176343,176344,559771686,559774822,6262,True,0,1,559781084,176346,4,28.99074074074074,28.99074074074074,2591550.1018518517,2591579.092592593
TelemetryTask,176348,176349,561304759,561307766,466028,True,1,1,561773794,176352,4,2157.537037037037,2157.537037037037,2598647.064814815,2600804.6018518517
UartTxTask,176351,176353,561771511,561776247,6220,True,0,1,561782467,176355,4,28.796296296296298,28.796296296296298,2600815.9583333335,2600844.7546296297
UartTxTask,176357,176358,561931564,561934796,6183,True,0,1,561940979,176360,4,28.625,28.625,2601549.9814814813,2601578.6064814813
TelemetryTask,176362,176363,563464729,563467720,465998,True,1,1,563933718,176366,4,2157.3981481481483,2157.3981481481483,2608646.8518518517,2610804.25
UartTxTask,176365,176367,563931335,563936162,6226,True,0,1,563942388,176369,4,28.824074074074073,28.824074074074073,2610815.564814815,2610844.388888889
UartTxTask,176371,176372,564091385,564094548,6349,True,0,1,564100897,176374,4,29.39351851851852,29.39351851851852,2611548.8333333335,2611578.2268518517
TelemetryTask,176376,176377,565624748,565627776,466051,True,1,1,566093827,176380,4,2157.6435185185187,2157.6435185185187,2618647.111111111,2620804.7546296297
UartTxTask,176379,176381,566091543,566096283,6177,True,0,1,566102460,176383,4,28.59722222222222,28.59722222222222,2620816.125,2620844.722222222
UartTxTask,176385,176386,566251569,566254803,6298,True,0,1,566261101,176388,4,29.15740740740741,29.15740740740741,2621550.013888889,2621579.171296296
TelemetryTask,176390,176391,567784712,567787704,466017,True,1,1,568253721,176394,4,2157.4861111111113,2157.4861111111113,2628646.777777778,2630804.263888889
UartTxTask,176393,176395,568251375,568256178,6174,True,0,1,568262352,176397,4,28.583333333333332,28.583333333333332,2630815.638888889,2630844.222222222
UartTxTask,176399,176400,568411411,568414628,6279,True,0,1,568420907,176402,4,29.069444444444443,29.069444444444443,2631549.203703704,2631578.2731481483
TelemetryTask,176404,176405,569944729,569947748,466013,True,1,1,570413761,176408,4,2157.4675925925926,2157.4675925925926,2638646.9814814813,2640804.449074074
UartTxTask,176407,176409,570411438,570416187,6263,True,0,1,570422450,176411,4,28.99537037037037,28.99537037037037,2640815.6805555555,2640844.675925926
UartTxTask,176413,176414,570571553,570574715,6394,True,0,1,570581109,176416,4,29.60185185185185,29.60185185185185,2641549.6064814813,2641579.2083333335
TelemetryTask,176418,176419,572104745,572107774,465788,True,1,1,572573562,176422,4,2156.425925925926,2156.425925925926,2648647.1018518517,2650803.527777778
UartTxTask,176421,176423,572571228,572575972,6112,True,0,1,572582084,176425,4,28.296296296296298,28.296296296296298,2650814.685185185,2650842.9814814813
UartTxTask,176427,176428,572731129,572734318,6223,True,0,1,572740541,176430,4,28.810185185185187,28.810185185185187,2651547.7685185187,2651576.578703704
TelemetryTask,176432,176433,574264706,574267688,466160,True,1,1,574733848,176436,4,2158.1481481481483,2158.1481481481483,2658646.703703704,2660804.8518518517
UartTxTask,176435,176437,574731539,574736309,6185,True,0,1,574742494,176439,4,28.63425925925926,28.63425925925926,2660816.2453703703,2660844.8796296297
UartTxTask,176441,176442,574891540,574894738,6352,True,0,1,574901090,176444,4,29.40740740740741,29.40740740740741,2661549.712962963,2661579.1203703703
TelemetryTask,176446,176447,576424754,576427740,466131,True,1,1,576893871,176450,4,2158.0138888888887,2158.0138888888887,2668646.9444444445,2670804.9583333335
UartTxTask,176449,176451,576891531,576896365,6183,True,0,1,576902548,176453,4,28.625,28.625,2670816.5046296297,2670845.1296296297
UartTxTask,176455,176456,577051614,577054783,6196,True,0,1,577060979,176458,4,28.685185185185187,28.685185185185187,2671549.921296296,2671578.6064814813
TelemetryTask,176460,176461,578584743,578587800,465987,True,1,1,579053787,176464,4,2157.347222222222,2157.347222222222,2678647.222222222,2680804.5694444445
UartTxTask,176463,176465,579051437,579056267,6174,True,0,1,579062441,176467,4,28.583333333333332,28.583333333333332,2680816.050925926,2680844.6342592593
UartTxTask,176469,176470,579211515,579214696,6184,True,0,1,579220880,176472,4,28.62962962962963,28.62962962962963,2681549.5185185187,2681578.1481481483
TelemetryTask,176474,176475,580744726,580747750,466130,True,1,1,581213880,176478,4,2158.009259259259,2158.009259259259,2688646.9907407407,2690805.0
UartTxTask,176477,176479,581211581,581216326,6155,True,0,1,581222481,176481,4,28.49537037037037,28.49537037037037,2690816.324074074,2690844.8194444445
UartTxTask,176483,176484,581371583,581374813,6421,True,0,1,581381234,176486,4,29.72685185185185,29.72685185185185,2691550.060185185,2691579.787037037
TelemetryTask,176488,176489,582904745,582907711,466102,True,1,1,583373813,176492,4,2157.8796296296296,2157.8796296296296,2698646.810185185,2700804.689814815
UartTxTask,176491,176493,583371497,583376249,6177,True,0,1,583382426,176495,4,28.59722222222222,28.59722222222222,2700815.967592593,2700844.564814815
UartTxTask,176497,176498,583531594,583534804,6170,True,0,1,583540974,176500,4,28.564814814814813,28.564814814814813,2701550.0185185187,2701578.5833333335
TelemetryTask,176502,176503,585064736,585067828,466033,True,1,1,585533861,176506,4,2157.560185185185,2157.560185185185,2708647.3518518517,2710804.912037037
UartTxTask,176505,176507,585531579,585536328,6332,True,0,1,585542660,176509,4,29.314814814814813,29.314814814814813,2710816.3333333335,2710845.6481481483
UartTxTask,176511,176512,585691703,585694848,6283,True,0,1,585701131,176514,4,29.087962962962962,29.087962962962962,2711550.222222222,2711579.310185185
TelemetryTask,176516,176517,587224730,587227768,466118,True,1,1,587693886,176520,4,2157.953703703704,2157.953703703704,2718647.074074074,2720805.027777778
UartTxTask,176519,176521,587691566,587696342,6292,True,0,1,587702634,176523,4,29.12962962962963,29.12962962962963,2720816.3981481483,2720845.527777778
UartTxTask,176525,176526,587851740,587854956,6275,True,0,1,587861231,176528,4,29.050925925925927,29.050925925925927,2721550.722222222,2721579.7731481483
TelemetryTask,176530,176531,589384750,589387796,465948,True,1,1,589853744,176534,4,2157.1666666666665,2157.1666666666665,2728647.203703704,2730804.3703703703
UartTxTask,176533,176535,589851423,589856215,6103,True,0,1,589862318,176537,4,28.25462962962963,28.25462962962963,2730815.810185185,2730844.064814815
UartTxTask,176539,176540,590011403,590014542,6285,True,0,1,590020827,176542,4,29.09722222222222,29.09722222222222,2731548.8055555555,2731577.902777778
TelemetryTask,176544,176545,591544741,591547776,466108,True,1,1,592013884,176548,4,2157.9074074074074,2157.9074074074074,2738647.111111111,2740805.0185185187
UartTxTask,176547,176549,592011575,592016395,6325,True,0,1,592022720,176551,4,29.28240740740741,29.28240740740741,2740816.6435185187,2740845.925925926
UartTxTask,176553,176554,592171783,592174962,6274,True,0,1,592181236,176556,4,29.046296296296298,29.046296296296298,2741550.75,2741579.796296296
TelemetryTask,176558,176559,593704739,593707734,466114,True,1,1,594173848,176562,4,2157.935185185185,2157.935185185185,2748646.9166666665,2750804.8518518517
UartTxTask,176561,176563,594171503,594176334,6163,True,0,1,594182497,176565,4,28.53240740740741,28.53240740740741,2750816.361111111,2750844.8935185187
UartTxTask,176567,176568,594331631,594334816,6246,True,0,1,594341062,176570,4,28.916666666666668,28.916666666666668,2751550.074074074,2751578.9907407407
TelemetryTask,176572,176573,595864756,595867758,466041,True,1,1,596333799,176576,4,2157.597222222222,2157.597222222222,2758647.027777778,2760804.625
UartTxTask,176575,176577,596331515,596336228,6216,True,0,1,596342444,176579,4,28.77777777777778,28.77777777777778,2760815.8703703703,2760844.6481481483
UartTxTask,176581,176582,596491498,596494641,6287,True,0,1,596500928,176584,4,29.10648148148148,29.10648148148148,2761549.263888889,2761578.3703703703
TelemetryTask,176586,176587,598024727,598027740,466010,True,1,1,598493750,176590,4,2157.453703703704,2157.453703703704,2768646.9444444445,2770804.3981481483
UartTxTask,176589,176591,598491448,598496150,6266,True,0,1,598502416,176593,4,29.00925925925926,29.00925925925926,2770815.5092592593,2770844.5185185187
UartTxTask,176595,176596,598651466,598654655,6110,True,0,1,598660765,176598,4,28.287037037037038,28.287037037037038,2771549.328703704,2771577.6157407407
TelemetryTask,176600,176601,600184739,600187744,466081,True,1,1,600653825,176604,4,2157.7824074074074,2157.7824074074074,2778646.962962963,2780804.7453703703
UartTxTask,176603,176605,600651459,600656234,6237,True,0,1,600662471,176607,4,28.875,28.875,2780815.8981481483,2780844.7731481483
UartTxTask,176609,176610,600811501,600814766,6335,True,0,1,600821101,176612,4,29.328703703703702,29.328703703703702,2781549.842592593,2781579.171296296
TelemetryTask,176614,176615,602344759,602347844,466250,True,1,1,602814094,176618,4,2158.564814814815,2158.564814814815,2788647.425925926,2790805.9907407407
UartTxTask,176617,176619,602811737,602816526,6270,True,0,1,602822796,176621,4,29.02777777777778,29.02777777777778,2790817.25,2790846.277777778
UartTxTask,176623,176624,602971809,602974997,6281,True,0,1,602981278,176626,4,29.078703703703702,29.078703703703702,2791550.912037037,2791579.9907407407
TelemetryTask,176628,176629,604504759,604507822,466243,True,1,1,604974065,176632,4,2158.5324074074074,2158.5324074074074,2798647.324074074,2800805.8564814813
UartTxTask,176631,176633,604971674,604976499,6207,True,0,1,604982706,176635,4,28.73611111111111,28.73611111111111,2800817.125,2800845.861111111
UartTxTask,176637,176638,605131770,605134931,6053,True,0,1,605140984,176640,4,28.02314814814815,28.02314814814815,2801550.6064814813,2801578.6296296297
TelemetryTask,176642,176643,606664732,606667777,466056,True,1,1,607133833,176646,4,2157.6666666666665,2157.6666666666665,2808647.1157407407,2810804.782407407
UartTxTask,176645,176647,607131521,607136250,6244,True,0,1,607142494,176649,4,28.90740740740741,28.90740740740741,2810815.972222222,2810844.8796296297
UartTxTask,176651,176652,607291597,607294798,6281,True,0,1,607301079,176654,4,29.078703703703702,29.078703703703702,2811549.9907407407,2811579.0694444445
TelemetryTask,176656,176657,608824753,608827811,466168,True,1,1,609293979,176660,4,2158.185185185185,2158.185185185185,2818647.2731481483,2820805.4583333335
UartTxTask,176659,176661,609291634,609296470,6211,True,0,1,609302681,176663,4,28.75462962962963,28.75462962962963,2820816.9907407407,2820845.7453703703
UartTxTask,176665,176666,609451760,609454928,6232,True,0,1,609461160,176668,4,28.85185185185185,28.85185185185185,2821550.592592593,2821579.4444444445
TelemetryTask,176670,176671,610984761,610987770,466213,True,1,1,611453983,176674,4,2158.3935185185187,2158.3935185185187,2828647.0833333335,2830805.4768518517
UartTxTask,176673,176675,611451628,611456460,6220,True,0,1,611462680,176677,4,28.796296296296298,28.796296296296298,2830816.9444444445,2830845.7407407407
UartTxTask,176679,176680,611611695,611614810,6321,True,0,1,611621131,176682,4,29.26388888888889,29.26388888888889,2831550.046296296,2831579.310185185
TelemetryTask,176684,176685,613144741,613147845,466106,True,1,1,613613951,176688,4,2157.8981481481483,2157.8981481481483,2838647.4305555555,2840805.328703704
UartTxTask,176687,176689,613611567,613616414,6143,True,0,1,613622557,176691,4,28.439814814814813,28.439814814814813,2840816.7314814813,2840845.171296296
UartTxTask,176693,176694,613771600,613774830,6303,True,0,1,613781133,176696,4,29.180555555555557,29.180555555555557,2841550.138888889,2841579.3194444445
TelemetryTask,176698,176699,615304733,615307800,466080,True,1,1,615773880,176702,4,2157.777777777778,2157.777777777778,2848647.222222222,2850805.0
UartTxTask,176701,176703,615771579,615776318,6245,True,0,1,615782563,176705,4,28.912037037037038,28.912037037037038,2850816.287037037,2850845.199074074
UartTxTask,176707,176708,615931591,615934816,6240,True,0,1,615941056,176710,4,28.88888888888889,28.88888888888889,2851550.074074074,2851578.962962963
TelemetryTask,176712,176713,617464734,617467905,466196,True,1,1,617934101,176716,4,2158.314814814815,2158.314814814815,2858647.7083333335,2860806.0231481483
UartTxTask,176715,176717,617931724,617936567,6293,True,0,1,617942860,176719,4,29.13425925925926,29.13425925925926,2860817.439814815,2860846.574074074
UartTxTask,176721,176722,618091965,618095068,6303,True,0,1,618101371,176724,4,29.180555555555557,29.180555555555557,2861551.2407407407,2861580.421296296
TelemetryTask,176726,176727,619624741,619627734,466223,True,1,1,620093957,176730,4,2158.439814814815,2158.439814814815,2868646.9166666665,2870805.3564814813
UartTxTask,176729,176731,620091574,620096401,6227,True,0,1,620102628,176733,4,28.828703703703702,28.828703703703702,2870816.671296296,2870845.5
UartTxTask,176735,176736,620251645,620254891,6415,True,0,1,620261306,176738,4,29.699074074074073,29.699074074074073,2871550.421296296,2871580.1203703703
TelemetryTask,176740,176741,621784706,621787744,466060,True,1,1,622253804,176744,4,2157.685185185185,2157.685185185185,2878646.962962963,2880804.6481481483
UartTxTask,176743,176745,622251469,622256164,6184,True,0,1,622262348,176747,4,28.62962962962963,28.62962962962963,2880815.574074074,2880844.203703704
UartTxTask,176749,176750,622411478,622414711,6197,True,0,1,622420908,176752,4,28.689814814814813,28.689814814814813,2881549.587962963,2881578.277777778
TelemetryTask,176754,176755,623944740,623947736,466099,True,1,1,624413835,176758,4,2157.865740740741,2157.865740740741,2888646.925925926,2890804.7916666665
UartTxTask,176757,176759,624411470,624416268,6183,True,0,1,624422451,176761,4,28.625,28.625,2890816.0555555555,2890844.6805555555
UartTxTask,176763,176764,624571548,624574773,6286,True,0,1,624581059,176766,4,29.10185185185185,29.10185185185185,2891549.875,2891578.9768518517
TelemetryTask,176768,176769,626104714,626107717,466165,True,1,1,626573882,176772,4,2158.171296296296,2158.171296296296,2898646.837962963,2900805.0092592593
UartTxTask,176771,176773,626571542,626576328,6147,True,0,1,626582475,176775,4,28.458333333333332,28.458333333333332,2900816.3333333335,2900844.7916666665
UartTxTask,176777,176778,626731624,626734831,6291,True,0,1,626741122,176780,4,29.125,29.125,2901550.1435185187,2901579.2685185187
TelemetryTask,176782,176783,628264715,628267735,465751,True,1,1,628733486,176786,4,2156.2546296296296,2156.2546296296296,2908646.921296296,2910803.175925926
UartTxTask,176785,176787,628731245,628735912,6240,True,0,1,628742152,176789,4,28.88888888888889,28.88888888888889,2910814.407407407,2910843.296296296
UartTxTask,176791,176792,628891231,628894377,6295,True,0,1,628900672,176794,4,29.14351851851852,29.14351851851852,2911548.0416666665,2911577.185185185
TelemetryTask,176796,176797,630424755,630427800,465885,True,1,1,630893685,176800,4,2156.875,2156.875,2918647.222222222,2920804.097222222
UartTxTask,176799,176801,630891392,630896162,6222,True,0,1,630902384,176803,4,28.805555555555557,28.805555555555557,2920815.564814815,2920844.3703703703
UartTxTask,176805,176806,631051423,631054627,6173,True,0,1,631060800,176808,4,28.578703703703702,28.578703703703702,2921549.199074074,2921577.777777778
TelemetryTask,176810,176811,632584764,632587836,466076,True,1,1,633053912,176814,4,2157.759259259259,2157.759259259259,2928647.388888889,2930805.1481481483
UartTxTask,176813,176815,633051594,633056368,6282,True,0,1,633062650,176817,4,29.083333333333332,29.083333333333332,2930816.5185185187,2930845.6018518517
UartTxTask,176819,176820,633211672,633214830,6250,True,0,1,633221080,176822,4,28.935185185185187,28.935185185185187,2931550.138888889,2931579.074074074
TelemetryTask,176824,176825,634744724,634747773,465856,True,1,1,635213629,176828,4,2156.740740740741,2156.740740740741,2938647.097222222,2940803.837962963
UartTxTask,176827,176829,635211292,635216081,6137,True,0,1,635222218,176831,4,28.412037037037038,28.412037037037038,2940815.189814815,2940843.6018518517
UartTxTask,176833,176834,635371285,635374491,6317,True,0,1,635380808,176836,4,29.24537037037037,29.24537037037037,2941548.5694444445,2941577.814814815
TelemetryTask,176838,176839,636904725,636907773,466164,True,1,1,637373937,176842,4,2158.1666666666665,2158.1666666666665,2948647.097222222,2950805.263888889
UartTxTask,176841,176843,637371560,637376397,6231,True,0,1,637382628,176845,4,28.84722222222222,28.84722222222222,2950816.652777778,2950845.5
UartTxTask,176847,176848,637531732,637534921,6310,True,0,1,637541231,176850,4,29.212962962962962,29.212962962962962,2951550.560185185,2951579.7731481483
TelemetryTask,176852,176853,639064728,639067807,470362,True,1,1,639544677,176860,4,2207.7314814814813,2177.6018518518517,2958647.2546296297,2960854.986111111
ButtonTask,176856,176861,639496628,639546779,28233,True,1,1,639575012,176864,4,130.70833333333334,130.70833333333334,2960864.717592593,2960995.425925926
UartTxTask,176859,176865,639542481,639577794,6110,True,0,1,639583904,176867,4,28.287037037037038,28.287037037037038,2961008.3055555555,2961036.592592593
UartTxTask,176869,176870,639733064,639735560,8719,True,0,1,639744279,176873,4,40.36574074074074,40.36574074074074,2961738.703703704,2961779.0694444445
UartTxTask,176875,176876,639893391,639895351,6361,True,0,1,639901712,176878,4,29.449074074074073,29.449074074074073,2962478.4768518517,2962507.925925926
TelemetryTask,176880,176881,641224745,641227766,465950,True,1,1,641693716,176884,4,2157.175925925926,2157.175925925926,2968647.064814815,2970804.2407407407
UartTxTask,176883,176885,641691386,641696171,6200,True,0,1,641702371,176887,4,28.703703703703702,28.703703703703702,2970815.6064814813,2970844.310185185
UartTxTask,176889,176890,641851441,641854578,6325,True,0,1,641860903,176892,4,29.28240740740741,29.28240740740741,2971548.972222222,2971578.2546296297
TelemetryTask,176894,176895,643384766,643387816,466133,True,1,1,643853949,176898,4,2158.0231481481483,2158.0231481481483,2978647.296296296,2980805.3194444445
UartTxTask,176897,176899,643851579,643856442,6285,True,0,1,643862727,176901,4,29.09722222222222,29.09722222222222,2980816.861111111,2980845.9583333335
UartTxTask,176903,176904,644011782,644014938,6109,True,0,1,644021047,176906,4,28.28240740740741,28.28240740740741,2981550.638888889,2981578.921296296
TelemetryTask,176908,176909,645544745,645547857,465832,True,1,1,646013689,176912,4,2156.6296296296296,2156.6296296296296,2988647.486111111,2990804.1157407407
UartTxTask,176911,176913,646011395,646016132,6210,True,0,1,646022342,176915,4,28.75,28.75,2990815.425925926,2990844.175925926
UartTxTask,176917,176918,646171422,646174864,6242,True,0,1,646181106,176920,4,28.89814814814815,28.89814814814815,2991550.296296296,2991579.1944444445
TelemetryTask,176922,176923,647704725,647707757,466020,True,1,1,648173777,176926,4,2157.5,2157.5,2998647.0231481483,3000804.5231481483
UartTxTask,176925,176927,648171442,648176240,6100,True,0,1,648182340,176929,4,28.24074074074074,28.24074074074074,3000815.925925926,3000844.1666666665
UartTxTask,176931,176932,648331482,648334678,6354,True,0,1,648341032,176934,4,29.416666666666668,29.416666666666668,3001549.435185185,3001578.8518518517
TelemetryTask,176936,176937,649864706,649867710,466050,True,1,1,650333760,176940,4,2157.6388888888887,2157.6388888888887,3008646.8055555555,3010804.4444444445
UartTxTask,176939,176941,650331458,650336239,6203,True,0,1,650342442,176943,4,28.71759259259259,28.71759259259259,3010815.921296296,3010844.638888889
UartTxTask,176945,176946,650491574,650494734,6366,True,0,1,650501100,176948,4,29.47222222222222,29.47222222222222,3011549.6944444445,3011579.1666666665
TelemetryTask,176950,176951,652024713,652027665,466185,True,1,1,652493850,176954,4,2158.2638888888887,2158.2638888888887,3018646.597222222,3020804.861111111
UartTxTask,176953,176955,652491504,652496322,6270,True,0,1,652502592,176957,4,29.02777777777778,29.02777777777778,3020816.3055555555,3020845.3333333335
UartTxTask,176959,176960,652651693,652654856,6275,True,0,1,652661131,176962,4,29.050925925925927,29.050925925925927,3021550.2592592593,3021579.310185185
TelemetryTask,176964,176965,654184747,654187802,466002,True,1,1,654653804,176968,4,2157.4166666666665,2157.4166666666665,3028647.2314814813,3030804.6481481483
UartTxTask,176967,176969,654651467,654656240,6219,True,0,1,654662459,176971,4,28.791666666666668,28.791666666666668,3030815.925925926,3030844.717592593
UartTxTask,176973,176974,654811549,654814755,6240,True,0,1,654820995,176976,4,28.88888888888889,28.88888888888889,3031549.7916666665,3031578.6805555555
TelemetryTask,176978,176979,656344692,656347767,465841,True,1,1,656813608,176982,4,2156.671296296296,2156.671296296296,3038647.0694444445,3040803.7407407407
UartTxTask,176981,176983,656811316,656815987,6167,True,0,1,656822154,176985,4,28.550925925925927,28.550925925925927,3040814.7546296297,3040843.3055555555
UartTxTask,176987,176988,656971295,656974503,6251,True,0,1,656980754,176990,4,28.939814814814813,28.939814814814813,3041548.625,3041577.564814815
TelemetryTask,176992,176993,658504758,658507770,466055,True,1,1,658973825,176996,4,2157.662037037037,2157.662037037037,3048647.0833333335,3050804.7453703703
UartTxTask,176995,176997,658971441,658976289,6226,True,0,1,658982515,176999,4,28.824074074074073,28.824074074074073,3050816.152777778,3050844.9768518517
UartTxTask,177001,177002,659131607,659134736,6213,True,0,1,659140949,177004,4,28.76388888888889,28.76388888888889,3051549.703703704,3051578.467592593
TelemetryTask,177006,177007,660664710,660667817,466086,True,1,1,661133903,177010,4,2157.8055555555557,2157.8055555555557,3058647.300925926,3060805.1064814813
UartTxTask,177009,177011,661131599,661136370,6275,True,0,1,661142645,177013,4,29.050925925925927,29.050925925925927,3060816.527777778,3060845.578703704
UartTxTask,177015,177016,661291740,661294918,6261,True,0,1,661301179,177018,4,28.98611111111111,28.98611111111111,3061550.546296296,3061579.532407407
TelemetryTask,177020,177021,662824749,662827855,466082,True,1,1,663293937,177024,4,2157.787037037037,2157.787037037037,3068647.4768518517,3070805.263888889
UartTxTask,177023,177025,663291640,663296408,6157,True,0,1,663302565,177027,4,28.50462962962963,28.50462962962963,3070816.703703704,3070845.2083333335
UartTxTask,177029,177030,663451627,663454803,6370,True,0,1,663461173,177032,4,29.49074074074074,29.49074074074074,3071550.013888889,3071579.5046296297
TelemetryTask,177034,177035,664984735,664987764,466222,True,1,1,665453986,177038,4,2158.435185185185,2158.435185185185,3078647.0555555555,3080805.4907407407
UartTxTask,177037,177039,665451644,665456373,6162,True,0,1,665462535,177041,4,28.52777777777778,28.52777777777778,3080816.5416666665,3080845.0694444445
UartTxTask,177043,177044,665611622,665614756,6255,True,0,1,665621011,177046,4,28.958333333333332,28.958333333333332,3081549.796296296,3081578.7546296297
TelemetryTask,177048,177049,667144734,667147759,465947,True,1,1,667613706,177052,4,2157.162037037037,2157.162037037037,3088647.032407407,3090804.1944444445
UartTxTask,177051,177053,667611372,667616179,6108,True,0,1,667622287,177055,4,28.27777777777778,28.27777777777778,3090815.6435185187,3090843.921296296
UartTxTask,177057,177058,667771478,667774673,6261,True,0,1,667780934,177060,4,28.98611111111111,28.98611111111111,3091549.412037037,3091578.3981481483
TelemetryTask,177062,177063,669304706,669307679,466096,True,1,1,669773775,177066,4,2157.8518518518517,2157.8518518518517,3098646.662037037,3100804.513888889
UartTxTask,177065,177067,669771410,669776221,6031,True,0,1,669782252,177069,4,27.921296296296298,27.921296296296298,3100815.837962963,3100843.7592592593
UartTxTask,177071,177072,669931423,669934632,6219,True,0,1,669940851,177074,4,28.791666666666668,28.791666666666668,3101549.222222222,3101578.013888889
TelemetryTask,177076,177077,671464763,671467772,466105,True,1,1,671933877,177080,4,2157.8935185185187,2157.8935185185187,3108647.092592593,3110804.986111111
UartTxTask,177079,177081,671931506,671936373,6087,True,0,1,671942460,177083,4,28.180555555555557,28.180555555555557,3110816.5416666665,3110844.722222222
UartTxTask,177085,177086,672091641,672094829,6317,True,0,1,672101146,177088,4,29.24537037037037,29.24537037037037,3111550.1342592593,3111579.3796296297
TelemetryTask,177090,177091,673624738,673627796,465942,True,1,1,674093738,177094,4,2157.1388888888887,2157.1388888888887,3118647.203703704,3120804.342592593
UartTxTask,177093,177095,674091389,674096174,6138,True,0,1,674102312,177097,4,28.416666666666668,28.416666666666668,3120815.6203703703,3120844.037037037
UartTxTask,177099,177100,674251369,674254550,6253,True,0,1,674260803,177102,4,28.949074074074073,28.949074074074073,3121548.842592593,3121577.7916666665
TelemetryTask,177104,177105,675784723,675787719,466040,True,1,1,676253759,177108,4,2157.5925925925926,2157.5925925925926,3128646.847222222,3130804.439814815
UartTxTask,177107,177109,676251432,676256180,6177,True,0,1,676262357,177111,4,28.59722222222222,28.59722222222222,3130815.6481481483,3130844.2453703703
UartTxTask,177113,177114,676411496,676414692,6155,True,0,1,676420847,177116,4,28.49537037037037,28.49537037037037,3131549.5,3131577.9953703703
ButtonTask,177120,177122,677151896,677155104,29955,True,1,1,677185059,177126,4,138.68055555555554,138.68055555555554,3134977.3333333335,3135116.013888889
UartTxTask,177125,177127,677181438,677187806,6221,True,0,1,677194027,177129,4,28.800925925925927,28.800925925925927,3135128.7314814813,3135157.532407407
UartTxTask,177131,177132,677343182,677345104,6305,True,0,1,677351409,177134,4,29.189814814814813,29.189814814814813,3135856.962962963,3135886.152777778
TelemetryTask,177136,177137,677944768,677947776,466128,True,1,1,678413904,177140,4,2158.0,2158.0,3138647.111111111,3140805.111111111
UartTxTask,177139,177141,678411510,678416338,6228,True,0,1,678422566,177143,4,28.833333333333332,28.833333333333332,3140816.3796296297,3140845.212962963
UartTxTask,177145,177146,678571649,678574811,6274,True,0,1,678581085,177148,4,29.046296296296298,29.046296296296298,3141550.050925926,3141579.097222222
TelemetryTask,177150,177151,680104725,680107700,466045,True,1,1,680573745,177154,4,2157.615740740741,2157.615740740741,3148646.7592592593,3150804.375
UartTxTask,177153,177155,680571452,680576198,6200,True,0,1,680582398,177157,4,28.703703703703702,28.703703703703702,3150815.7314814813,3150844.435185185
UartTxTask,177159,177160,680731503,680734716,6275,True,0,1,680740991,177162,4,29.050925925925927,29.050925925925927,3151549.611111111,3151578.662037037
TelemetryTask,177164,177165,682264746,682267731,466195,True,1,1,682733926,177168,4,2158.310185185185,2158.310185185185,3158646.902777778,3160805.212962963
UartTxTask,177167,177169,682731572,682736416,6209,True,0,1,682742625,177171,4,28.74537037037037,28.74537037037037,3160816.7407407407,3160845.486111111
UartTxTask,177173,177174,682891696,682894895,6242,True,0,1,682901137,177176,4,28.89814814814815,28.89814814814815,3161550.439814815,3161579.337962963
TelemetryTask,177178,177179,684424759,684427787,466025,True,1,1,684893812,177182,4,2157.5231481481483,2157.5231481481483,3168647.162037037,3170804.685185185
UartTxTask,177181,177183,684891500,684896235,6257,True,0,1,684902492,177185,4,28.96759259259259,28.96759259259259,3170815.902777778,3170844.8703703703
UartTxTask,177187,177188,685051491,685054663,6334,True,0,1,685060997,177190,4,29.324074074074073,29.324074074074073,3171549.3657407407,3171578.689814815
TelemetryTask,177192,177193,686584748,686587804,466101,True,1,1,687053905,177196,4,2157.875,2157.875,3178647.2407407407,3180805.1157407407
UartTxTask,177195,177197,687051650,687056378,6118,True,0,1,687062496,177199,4,28.324074074074073,28.324074074074073,3180816.564814815,3180844.888888889
UartTxTask,177201,177202,687211603,687214792,6124,True,0,1,687220916,177204,4,28.35185185185185,28.35185185185185,3181549.962962963,3181578.314814815
TelemetryTask,177206,177207,688744739,688747739,465949,True,1,1,689213688,177210,4,2157.171296296296,2157.171296296296,3188646.939814815,3190804.111111111
UartTxTask,177209,177211,689211420,689216102,6336,True,0,1,689222438,177213,4,29.333333333333332,29.333333333333332,3190815.287037037,3190844.6203703703
UartTxTask,177215,177216,689371513,689374724,6316,True,0,1,689381040,177218,4,29.24074074074074,29.24074074074074,3191549.6481481483,3191578.888888889
TelemetryTask,177220,177221,690904752,690907821,466012,True,1,1,691373833,177224,4,2157.462962962963,2157.462962962963,3198647.3194444445,3200804.782407407
UartTxTask,177223,177225,691371516,691376304,6221,True,0,1,691382525,177227,4,28.800925925925927,28.800925925925927,3200816.222222222,3200845.0231481483
UartTxTask,177229,177230,691531637,691534883,6242,True,0,1,691541125,177232,4,28.89814814814815,28.89814814814815,3201550.3842592593,3201579.282407407
TelemetryTask,177234,177235,693064734,693067735,466058,True,1,1,693533793,177238,4,2157.675925925926,2157.675925925926,3208646.921296296,3210804.597222222
UartTxTask,177237,177239,693531406,693536203,6199,True,0,1,693542402,177241,4,28.699074074074073,28.699074074074073,3210815.7546296297,3210844.453703704
UartTxTask,177243,177244,693691431,693694532,6322,True,0,1,693700854,177246,4,29.26851851851852,29.26851851851852,3211548.7592592593,3211578.027777778
TelemetryTask,177248,177249,695224760,695227804,466019,True,1,1,695693823,177252,4,2157.4953703703704,2157.4953703703704,3218647.2407407407,3220804.736111111
UartTxTask,177251,177253,695691458,695696266,6263,True,0,1,695702529,177255,4,28.99537037037037,28.99537037037037,3220816.046296296,3220845.0416666665
UartTxTask,177257,177258,695851661,695854874,6277,True,0,1,695861151,177260,4,29.060185185185187,29.060185185185187,3221550.342592593,3221579.402777778
TelemetryTask,177262,177263,697384749,697387891,466552,True,1,1,697854443,177266,4,2159.962962962963,2159.962962962963,3228647.6435185187,3230807.6064814813
UartTxTask,177265,177267,697852080,697856959,6115,True,0,1,697863074,177269,4,28.310185185185187,28.310185185185187,3230819.2546296297,3230847.564814815
UartTxTask,177271,177272,698012233,698015408,6203,True,0,1,698021611,177274,4,28.71759259259259,28.71759259259259,3231552.814814815,3231581.532407407
TelemetryTask,177276,177277,699544745,699547780,466202,True,1,1,700013982,177280,4,2158.3425925925926,2158.3425925925926,3238647.1296296297,3240805.472222222
UartTxTask,177279,177281,700011646,700016425,6155,True,0,1,700022580,177283,4,28.49537037037037,28.49537037037037,3240816.782407407,3240845.277777778
UartTxTask,177285,177286,700171688,700174873,6193,True,0,1,700181066,177288,4,28.671296296296298,28.671296296296298,3241550.337962963,3241579.0092592593
TelemetryTask,177290,177291,701704712,701707749,466049,True,1,1,702173798,177294,4,2157.634259259259,2157.634259259259,3248646.986111111,3250804.6203703703
UartTxTask,177293,177295,702171448,702176264,6081,True,0,1,702182345,177297,4,28.15277777777778,28.15277777777778,3250816.037037037,3250844.189814815
UartTxTask,177299,177300,702331533,702334738,6236,True,0,1,702340974,177302,4,28.87037037037037,28.87037037037037,3251549.712962963,3251578.5833333335
TelemetryTask,177304,177305,703864749,703867760,466240,True,1,1,704334000,177308,4,2158.5185185185187,2158.5185185185187,3258647.037037037,3260805.5555555555
UartTxTask,177307,177309,704331650,704336466,6146,True,0,1,704342612,177311,4,28.453703703703702,28.453703703703702,3260816.972222222,3260845.425925926
UartTxTask,177313,177314,704491722,704494926,6312,True,0,1,704501238,177316,4,29.22222222222222,29.22222222222222,3261550.5833333335,3261579.8055555555
TelemetryTask,177318,177319,706024723,706027790,466275,True,1,1,706494065,177322,4,2158.6805555555557,2158.6805555555557,3268647.175925926,3270805.8564814813
UartTxTask,177321,177323,706491688,706496546,6215,True,0,1,706502761,177325,4,28.77314814814815,28.77314814814815,3270817.342592593,3270846.1157407407
UartTxTask,177327,177328,706651788,706654966,6209,True,0,1,706661175,177330,4,28.74537037037037,28.74537037037037,3271550.7685185187,3271579.513888889
TelemetryTask,177332,177333,708184725,708187749,465896,True,1,1,708653645,177336,4,2156.925925925926,2156.925925925926,3278646.986111111,3280803.912037037
UartTxTask,177335,177337,708651309,708656081,6191,True,0,1,708662272,177339,4,28.662037037037038,28.662037037037038,3280815.189814815,3280843.8518518517
UartTxTask,177341,177342,708811309,708814475,6258,True,0,1,708820733,177344,4,28.97222222222222,28.97222222222222,3281548.4953703703,3281577.467592593
TelemetryTask,177346,177347,710344739,710347766,466230,True,1,1,710813996,177350,4,2158.472222222222,2158.472222222222,3288647.064814815,3290805.537037037
UartTxTask,177349,177351,710811569,710816472,6185,True,0,1,710822657,177353,4,28.63425925925926,28.63425925925926,3290817.0,3290845.6342592593
UartTxTask,177355,177356,710971799,710974977,6148,True,0,1,710981125,177358,4,28.462962962962962,28.462962962962962,3291550.8194444445,3291579.282407407
TelemetryTask,177360,177361,712504761,712507859,466042,True,1,1,712973901,177364,4,2157.6018518518517,2157.6018518518517,3298647.4953703703,3300805.097222222
UartTxTask,177363,177365,712971542,712976415,6167,True,0,1,712982582,177367,4,28.550925925925927,28.550925925925927,3300816.736111111,3300845.287037037
UartTxTask,177369,177370,713131602,713134826,6380,True,0,1,713141206,177372,4,29.537037037037038,29.537037037037038,3301550.1203703703,3301579.657407407
TelemetryTask,177374,177375,714664744,714667790,465958,True,1,1,715133748,177378,4,2157.212962962963,2157.212962962963,3308647.175925926,3310804.388888889
UartTxTask,177377,177379,715131376,715136167,6245,True,0,1,715142412,177381,4,28.912037037037038,28.912037037037038,3310815.587962963,3310844.5
UartTxTask,177383,177384,715291536,715294713,6298,True,0,1,715301011,177386,4,29.15740740740741,29.15740740740741,3311549.597222222,3311578.7546296297
TelemetryTask,177388,177389,716824764,716827756,465868,True,1,1,717293624,177392,4,2156.796296296296,2156.796296296296,3318647.0185185187,3320803.814814815
UartTxTask,177391,177393,717291273,717296151,6144,True,0,1,717302295,177395,4,28.444444444444443,28.444444444444443,3320815.513888889,3320843.9583333335
UartTxTask,177397,177398,717451433,717454541,6302,True,0,1,717460843,177400,4,29.175925925925927,29.175925925925927,3321548.800925926,3321577.9768518517
TelemetryTask,177402,177403,718984736,718987772,466270,True,1,1,719454042,177406,4,2158.6574074074074,2158.6574074074074,3328647.092592593,3330805.75
UartTxTask,177405,177407,719451667,719456503,6329,True,0,1,719462832,177409,4,29.300925925925927,29.300925925925927,3330817.1435185187,3330846.4444444445
UartTxTask,177411,177412,719611893,719615098,6151,True,0,1,719621249,177414,4,28.47685185185185,28.47685185185185,3331551.3796296297,3331579.8564814813
TelemetryTask,177416,177417,721144758,721147801,465926,True,1,1,721613727,177420,4,2157.064814814815,2157.064814814815,3338647.2268518517,3340804.2916666665
UartTxTask,177419,177421,721611422,721616204,6151,True,0,1,721622355,177423,4,28.47685185185185,28.47685185185185,3340815.7592592593,3340844.236111111
UartTxTask,177425,177426,721771514,721774667,6243,True,0,1,721780910,177428,4,28.90277777777778,28.90277777777778,3341549.3842592593,3341578.287037037
TelemetryTask,177430,177431,723304732,723307778,466082,True,1,1,723773860,177434,4,2157.787037037037,2157.787037037037,3348647.1203703703,3350804.907407407
UartTxTask,177433,177435,723771487,723776340,6163,True,0,1,723782503,177437,4,28.53240740740741,28.53240740740741,3350816.388888889,3350844.921296296
UartTxTask,177439,177440,723931605,723934719,6177,True,0,1,723940896,177442,4,28.59722222222222,28.59722222222222,3351549.625,3351578.222222222
TelemetryTask,177444,177445,725464718,725467778,466200,True,1,1,725933978,177448,4,2158.3333333333335,2158.3333333333335,3358647.1203703703,3360805.453703704
UartTxTask,177447,177449,725931684,725936430,6226,True,0,1,725942656,177451,4,28.824074074074073,28.824074074074073,3360816.8055555555,3360845.6296296297
UartTxTask,177453,177454,726091800,726095025,6302,True,0,1,726101327,177456,4,29.175925925925927,29.175925925925927,3361551.0416666665,3361580.217592593
TelemetryTask,177458,177459,727624758,727627840,466064,True,1,1,728093904,177462,4,2157.703703703704,2157.703703703704,3368647.407407407,3370805.111111111
UartTxTask,177461,177463,728091590,728096357,6233,True,0,1,728102590,177465,4,28.85648148148148,28.85648148148148,3370816.467592593,3370845.324074074
UartTxTask,177467,177468,728251699,728254902,6178,True,0,1,728261080,177470,4,28.60185185185185,28.60185185185185,3371550.472222222,3371579.074074074
TelemetryTask,177472,177473,729784741,729787784,466008,True,1,1,730253792,177476,4,2157.4444444444443,2157.4444444444443,3378647.1481481483,3380804.592592593
UartTxTask,177475,177477,730251410,730256275,6167,True,0,1,730262442,177479,4,28.550925925925927,28.550925925925927,3380816.087962963,3380844.638888889
UartTxTask,177481,177482,730411468,730414667,6148,True,0,1,730420815,177484,4,28.462962962962962,28.462962962962962,3381549.3842592593,3381577.847222222
TelemetryTask,177486,177487,731944744,731947834,465983,True,1,1,732413817,177490,4,2157.328703703704,2157.328703703704,3388647.3796296297,3390804.7083333335
UartTxTask,177489,177491,732411549,732416244,6165,True,0,1,732422409,177493,4,28.541666666666668,28.541666666666668,3390815.9444444445,3390844.486111111
UartTxTask,177495,177496,732571459,732574637,6268,True,0,1,732580905,177498,4,29.01851851851852,29.01851851851852,3391549.2453703703,3391578.263888889
TelemetryTask,177500,177501,734104762,734107869,466184,True,1,1,734574053,177504,4,2158.259259259259,2158.259259259259,3398647.5416666665,3400805.800925926
UartTxTask,177503,177505,734571678,734576540,6251,True,0,1,734582791,177507,4,28.939814814814813,28.939814814814813,3400817.314814815,3400846.2546296297
UartTxTask,177509,177510,734731958,734735119,6189,True,0,1,734741308,177512,4,28.65277777777778,28.65277777777778,3401551.4768518517,3401580.1296296297
TelemetryTask,177514,177515,736264726,736267749,466153,True,1,1,736733902,177518,4,2158.115740740741,2158.115740740741,3408646.986111111,3410805.1018518517
UartTxTask,177517,177519,736731530,736736331,6162,True,0,1,736742493,177521,4,28.52777777777778,28.52777777777778,3410816.347222222,3410844.875
UartTxTask,177523,177524,736891649,736894808,6159,True,0,1,736900967,177526,4,28.51388888888889,28.51388888888889,3411550.037037037,3411578.550925926
TelemetryTask,177528,177529,738424758,738427763,466085,True,1,1,738893848,177532,4,2157.800925925926,2157.800925925926,3418647.050925926,3420804.8518518517
UartTxTask,177531,177533,738891507,738896306,6154,True,0,1,738902460,177535,4,28.49074074074074,28.49074074074074,3420816.2314814813,3420844.722222222
UartTxTask,177537,177538,739051439,739054616,6293,True,0,1,739060909,177540,4,29.13425925925926,29.13425925925926,3421549.1481481483,3421578.282407407
TelemetryTask,177542,177543,740584762,740587776,466078,True,1,1,741053854,177546,4,2157.7685185185187,2157.7685185185187,3428647.111111111,3430804.8796296297
UartTxTask,177545,177547,741051533,741056311,6231,True,0,1,741062542,177549,4,28.84722222222222,28.84722222222222,3430816.2546296297,3430845.1018518517
UartTxTask,177551,177552,741211662,741214903,6350,True,0,1,741221253,177554,4,29.39814814814815,29.39814814814815,3431550.4768518517,3431579.875
TelemetryTask,177556,177557,742744740,742747831,466182,True,1,1,743214013,177560,4,2158.25,2158.25,3438647.3657407407,3440805.6157407407
UartTxTask,177559,177561,743211631,743216470,6183,True,0,1,743222653,177563,4,28.625,28.625,3440816.9907407407,3440845.6157407407
UartTxTask,177565,177566,743371759,743374980,6207,True,0,1,743381187,177568,4,28.73611111111111,28.73611111111111,3441550.8333333335,3441579.5694444445
TelemetryTask,177570,177571,744904718,744907755,465904,True,1,1,745373659,177574,4,2156.962962962963,2156.962962962963,3448647.013888889,3450803.9768518517
UartTxTask,177573,177575,745371341,745376125,6248,True,0,1,745382373,177577,4,28.925925925925927,28.925925925925927,3450815.3935185187,3450844.3194444445
UartTxTask,177579,177580,745531437,745534612,6254,True,0,1,745540866,177582,4,28.953703703703702,28.953703703703702,3451549.1296296297,3451578.0833333335
TelemetryTask,177584,177585,747064732,747067766,465979,True,1,1,747533745,177588,4,2157.310185185185,2157.310185185185,3458647.064814815,3460804.375
UartTxTask,177587,177589,747531386,747536182,6134,True,0,1,747542316,177591,4,28.39814814814815,28.39814814814815,3460815.657407407,3460844.0555555555
UartTxTask,177593,177594,747691461,747694704,6325,True,0,1,747701029,177596,4,29.28240740740741,29.28240740740741,3461549.5555555555,3461578.837962963
TelemetryTask,177598,177599,749224732,749227817,466269,True,1,1,749694086,177602,4,2158.652777777778,2158.652777777778,3468647.300925926,3470805.953703704
UartTxTask,177601,177603,749691768,749696516,6258,True,0,1,749702774,177605,4,28.97222222222222,28.97222222222222,3470817.203703704,3470846.175925926
UartTxTask,177607,177608,749851817,749855000,6282,True,0,1,749861282,177610,4,29.083333333333332,29.083333333333332,3471550.925925926,3471580.0092592593
TelemetryTask,177612,177613,751384746,751387775,466027,True,1,1,751853802,177616,4,2157.5324074074074,2157.5324074074074,3478647.1064814813,3480804.638888889
UartTxTask,177615,177617,751851447,751856329,6163,True,0,1,751862492,177619,4,28.53240740740741,28.53240740740741,3480816.337962963,3480844.8703703703
UartTxTask,177621,177622,752011614,752014812,6297,True,0,1,752021109,177624,4,29.15277777777778,29.15277777777778,3481550.0555555555,3481579.2083333335
TelemetryTask,177626,177627,753544738,753547785,466056,True,1,1,754013841,177630,4,2157.6666666666665,2157.6666666666665,3488647.152777778,3490804.8194444445
UartTxTask,177629,177631,754011484,754016276,6270,True,0,1,754022546,177633,4,29.02777777777778,29.02777777777778,3490816.092592593,3490845.1203703703
UartTxTask,177635,177636,754171542,754174776,6245,True,0,1,754181021,177638,4,28.912037037037038,28.912037037037038,3491549.888888889,3491578.800925926
TelemetryTask,177640,177641,755704741,755707834,465935,True,1,1,756173769,177644,4,2157.1064814814813,2157.1064814814813,3498647.3796296297,3500804.486111111
UartTxTask,177643,177645,756171449,756176235,6160,True,0,1,756182395,177647,4,28.51851851851852,28.51851851851852,3500815.902777778,3500844.421296296
UartTxTask,177649,177650,756331492,756334695,6228,True,0,1,756340923,177652,4,28.833333333333332,28.833333333333332,3501549.513888889,3501578.347222222
TelemetryTask,177654,177655,757864734,757867812,466124,True,1,1,758333936,177658,4,2157.9814814814813,2157.9814814814813,3508647.277777778,3510805.2592592593
UartTxTask,177657,177659,758331554,758336439,6341,True,0,1,758342780,177661,4,29.35648148148148,29.35648148148148,3510816.847222222,3510846.203703704
UartTxTask,177663,177664,758491791,758494946,6275,True,0,1,758501221,177666,4,29.050925925925927,29.050925925925927,3511550.675925926,3511579.7268518517
TelemetryTask,177668,177669,760024720,760027695,466165,True,1,1,760493860,177672,4,2158.171296296296,2158.171296296296,3518646.736111111,3520804.907407407
UartTxTask,177671,177673,760491502,760496325,6180,True,0,1,760502505,177675,4,28.61111111111111,28.61111111111111,3520816.3194444445,3520844.9305555555
UartTxTask,177677,177678,760651566,760654728,6350,True,0,1,760661078,177680,4,29.39814814814815,29.39814814814815,3521549.6666666665,3521579.064814815
TelemetryTask,177682,177683,762184765,762187803,466098,True,1,1,762653901,177686,4,2157.8611111111113,2157.8611111111113,3528647.236111111,3530805.097222222
UartTxTask,177685,177687,762651545,762656335,6294,True,0,1,762662629,177689,4,29.13888888888889,29.13888888888889,3530816.3657407407,3530845.5046296297
UartTxTask,177691,177692,762811793,762814986,6373,True,0,1,762821359,177694,4,29.50462962962963,29.50462962962963,3531550.861111111,3531580.3657407407
TelemetryTask,177696,177697,764344728,764347825,466300,True,1,1,764814125,177700,4,2158.796296296296,2158.796296296296,3538647.337962963,3540806.1342592593
UartTxTask,177699,177701,764811796,764816516,6086,True,0,1,764822602,177703,4,28.175925925925927,28.175925925925927,3540817.203703704,3540845.3796296297
UartTxTask,177705,177706,764971753,764974938,6290,True,0,1,764981228,177708,4,29.12037037037037,29.12037037037037,3541550.638888889,3541579.7592592593
TelemetryTask,177710,177711,766504747,766507816,465928,True,1,1,766973744,177714,4,2157.074074074074,2157.074074074074,3548647.296296296,3550804.3703703703
UartTxTask,177713,177715,766971361,766976187,6167,True,0,1,766982354,177717,4,28.550925925925927,28.550925925925927,3550815.6805555555,3550844.2314814813
UartTxTask,177719,177720,767131424,767134567,6327,True,0,1,767140894,177722,4,29.291666666666668,29.291666666666668,3551548.921296296,3551578.212962963
TelemetryTask,177724,177725,768664728,768667796,465985,True,1,1,769133781,177728,4,2157.337962962963,2157.337962962963,3558647.203703704,3560804.5416666665
UartTxTask,177727,177729,769131486,769136256,6202,True,0,1,769142458,177731,4,28.712962962962962,28.712962962962962,3560816.0,3560844.712962963
UartTxTask,177733,177734,769291522,769294728,6263,True,0,1,769300991,177736,4,28.99537037037037,28.99537037037037,3561549.6666666665,3561578.662037037
TelemetryTask,177738,177739,770824728,770827756,466094,True,1,1,771293850,177742,4,2157.8425925925926,2157.8425925925926,3568647.0185185187,3570804.861111111
UartTxTask,177741,177743,771291530,771296270,6111,True,0,1,771302381,177745,4,28.291666666666668,28.291666666666668,3570816.064814815,3570844.3564814813
UartTxTask,177747,177748,771451520,771454725,6235,True,0,1,771460960,177750,4,28.86574074074074,28.86574074074074,3571549.652777778,3571578.5185185187
TelemetryTask,177752,177753,772984763,772987769,465884,True,1,1,773453653,177756,4,2156.8703703703704,2156.8703703703704,3578647.078703704,3580803.949074074
UartTxTask,177755,177757,773451304,773456123,6209,True,0,1,773462332,177759,4,28.74537037037037,28.74537037037037,3580815.3842592593,3580844.1296296297
UartTxTask,177761,177762,773611400,773614573,6064,True,0,1,773620637,177764,4,28.074074074074073,28.074074074074073,3581548.949074074,3581577.0231481483
TelemetryTask,177766,177767,775144732,775147728,466154,True,1,1,775613882,177770,4,2158.1203703703704,2158.1203703703704,3588646.888888889,3590805.0092592593
UartTxTask,177769,177771,775611509,775616364,6282,True,0,1,775622646,177773,4,29.083333333333332,29.083333333333332,3590816.5,3590845.5833333335
UartTxTask,177775,177776,775771719,775774890,6171,True,0,1,775781061,177778,4,28.569444444444443,28.569444444444443,3591550.4166666665,3591578.986111111
TelemetryTask,177780,177781,777304719,777307757,465923,True,1,1,777773680,177784,4,2157.050925925926,2157.050925925926,3598647.0231481483,3600804.074074074
UartTxTask,177783,177785,777771398,777776138,6067,True,0,1,777782205,177787,4,28.087962962962962,28.087962962962962,3600815.453703704,3600843.5416666665
UartTxTask,177789,177790,777931329,777934460,6237,True,0,1,777940697,177792,4,28.875,28.875,3601548.425925926,3601577.300925926
TelemetryTask,177794,177795,779464752,779467734,465832,True,1,1,779933566,177798,4,2156.6296296296296,2156.6296296296296,3608646.9166666665,3610803.546296296
UartTxTask,177797,177799,779931245,779936052,6237,True,0,1,779942289,177801,4,28.875,28.875,3610815.0555555555,3610843.9305555555
UartTxTask,177803,177804,780091280,780094521,6219,True,0,1,780100740,177806,4,28.791666666666668,28.791666666666668,3611548.7083333335,3611577.5
TelemetryTask,177808,177809,781624744,781627749,466051,True,1,1,782093800,177812,4,2157.6435185185187,2157.6435185185187,3618646.986111111,3620804.6296296297
UartTxTask,177811,177813,782091464,782096247,6146,True,0,1,782102393,177815,4,28.453703703703702,28.453703703703702,3620815.9583333335,3620844.412037037
UartTxTask,177817,177818,782251477,782254637,6249,True,0,1,782260886,177820,4,28.930555555555557,28.930555555555557,3621549.2453703703,3621578.175925926
TelemetryTask,177822,177823,783784728,783787817,466038,True,1,1,784253855,177826,4,2157.5833333333335,2157.5833333333335,3628647.300925926,3630804.8842592593
UartTxTask,177825,177827,784251537,784256317,6215,True,0,1,784262532,177829,4,28.77314814814815,28.77314814814815,3630816.282407407,3630845.0555555555
UartTxTask,177831,177832,784411543,784414728,6340,True,0,1,784421068,177834,4,29.35185185185185,29.35185185185185,3631549.6666666665,3631579.0185185187
TelemetryTask,177836,177837,785944737,785947755,465994,True,1,1,786413749,177840,4,2157.3796296296296,2157.3796296296296,3638647.013888889,3640804.3935185187
UartTxTask,177839,177841,786411467,786416162,6234,True,0,1,786422396,177843,4,28.86111111111111,28.86111111111111,3640815.564814815,3640844.425925926
UartTxTask,177845,177846,786571446,786574598,6220,True,0,1,786580818,177848,4,28.796296296296298,28.796296296296298,3641549.064814815,3641577.861111111
TelemetryTask,177850,177851,788104735,788107764,466097,True,1,1,788573861,177854,4,2157.8564814814813,2157.8564814814813,3648647.0555555555,3650804.912037037
UartTxTask,177853,177855,788571556,788576280,6175,True,0,1,788582455,177857,4,28.587962962962962,28.587962962962962,3650816.111111111,3650844.699074074
UartTxTask,177859,177860,788731503,788734641,6144,True,0,1,788740785,177862,4,28.444444444444443,28.444444444444443,3651549.263888889,3651577.7083333335
TelemetryTask,177864,177865,790264739,790267812,466039,True,1,1,790733851,177868,4,2157.587962962963,2157.587962962963,3658647.277777778,3660804.8657407407
UartTxTask,177867,177869,790731484,790736316,6144,True,0,1,790742460,177871,4,28.444444444444443,28.444444444444443,3660816.277777778,3660844.722222222
UartTxTask,177873,177874,790891515,790894741,6293,True,0,1,790901034,177876,4,29.13425925925926,29.13425925925926,3661549.7268518517,3661578.861111111
TelemetryTask,177878,177879,792424745,792427811,466167,True,1,1,792893978,177882,4,2158.1805555555557,2158.1805555555557,3668647.2731481483,3670805.453703704
UartTxTask,177881,177883,792891612,792896395,6148,True,0,1,792902543,177885,4,28.462962962962962,28.462962962962962,3670816.6435185187,3670845.1064814813
UartTxTask,177887,177888,793051630,793054804,6166,True,0,1,793060970,177890,4,28.546296296296298,28.546296296296298,3671550.0185185187,3671578.564814815
TelemetryTask,177892,177893,794584729,794587753,466133,True,1,1,795053886,177896,4,2158.0231481481483,2158.0231481481483,3678647.0046296297,3680805.027777778
UartTxTask,177895,177897,795051485,795056368,6141,True,0,1,795062509,177899,4,28.430555555555557,28.430555555555557,3680816.5185185187,3680844.949074074
UartTxTask,177901,177902,795211595,795214772,6198,True,0,1,795220970,177904,4,28.694444444444443,28.694444444444443,3681549.8703703703,3681578.564814815
TelemetryTask,177906,177907,796744748,796747729,465969,True,1,1,797213698,177910,4,2157.2638888888887,2157.2638888888887,3688646.8935185187,3690804.157407407
UartTxTask,177909,177911,797211437,797216094,6212,True,0,1,797222306,177913,4,28.75925925925926,28.75925925925926,3690815.25,3690844.0092592593
UartTxTask,177915,177916,797371366,797374608,6345,True,0,1,797380953,177918,4,29.375,29.375,3691549.111111111,3691578.486111111
TelemetryTask,177920,177921,798904731,798907778,466000,True,1,1,799373778,177924,4,2157.4074074074074,2157.4074074074074,3698647.1203703703,3700804.527777778
UartTxTask,177923,177925,799371442,799376206,6158,True,0,1,799382364,177927,4,28.50925925925926,28.50925925925926,3700815.7685185187,3700844.277777778
UartTxTask,177929,177930,799531392,799534612,6237,True,0,1,799540849,177932,4,28.875,28.875,3701549.1296296297,3701578.0046296297
TelemetryTask,177934,177935,801064728,801067825,466150,True,1,1,801533975,177938,4,2158.1018518518517,2158.1018518518517,3708647.337962963,3710805.439814815
UartTxTask,177937,177939,801531600,801536420,6178,True,0,1,801542598,177941,4,28.60185185185185,28.60185185185185,3710816.7592592593,3710845.361111111
UartTxTask,177943,177944,801691712,801694821,6165,True,0,1,801700986,177946,4,28.541666666666668,28.541666666666668,3711550.097222222,3711578.638888889
TelemetryTask,177948,177949,803224725,803227737,466151,True,1,1,803693888,177952,4,2158.1064814814813,2158.1064814814813,3718646.9305555555,3720805.037037037
UartTxTask,177951,177953,803691587,803696339,6139,True,0,1,803702478,177955,4,28.421296296296298,28.421296296296298,3720816.3842592593,3720844.8055555555
UartTxTask,177957,177958,803851623,803854764,6247,True,0,1,803861011,177960,4,28.921296296296298,28.921296296296298,3721549.8333333335,3721578.7546296297
TelemetryTask,177962,177963,805384734,805387708,466170,True,1,1,805853878,177966,4,2158.1944444444443,2158.1944444444443,3728646.796296296,3730804.9907407407
UartTxTask,177965,177967,805851575,805856371,6114,True,0,1,805862485,177969,4,28.305555555555557,28.305555555555557,3730816.532407407,3730844.837962963
UartTxTask,177971,177972,806011545,806014710,6271,True,0,1,806020981,177974,4,29.03240740740741,29.03240740740741,3731549.5833333335,3731578.6157407407
TelemetryTask,177976,177977,807544759,807547792,466148,True,1,1,808013940,177980,4,2158.0925925925926,2158.0925925925926,3738647.185185185,3740805.277777778
UartTxTask,177979,177981,808011628,808016348,6182,True,0,1,808022530,177983,4,28.62037037037037,28.62037037037037,3740816.425925926,3740845.046296296
UartTxTask,177985,177986,808171581,808174757,6206,True,0,1,808180963,177988,4,28.73148148148148,28.73148148148148,3741549.800925926,3741578.532407407
TelemetryTask,177990,177991,809704748,809707785,466102,True,1,1,810173887,177994,4,2157.8796296296296,2157.8796296296296,3748647.152777778,3750805.032407407
UartTxTask,177993,177995,810171505,810176390,6319,True,0,1,810182709,177997,4,29.25462962962963,29.25462962962963,3750816.6203703703,3750845.875
UartTxTask,177999,178000,810331737,810334913,6352,True,0,1,810341265,178002,4,29.40740740740741,29.40740740740741,3751550.5231481483,3751579.9305555555
TelemetryTask,178004,178005,811864724,811867693,466170,True,1,1,812333863,178008,4,2158.1944444444443,2158.1944444444443,3758646.7268518517,3760804.921296296
UartTxTask,178007,178009,812331518,812336348,6231,True,0,1,812342579,178011,4,28.84722222222222,28.84722222222222,3760816.425925926,3760845.2731481483
UartTxTask,178013,178014,812491644,812494854,6302,True,0,1,812501156,178016,4,29.175925925925927,29.175925925925927,3761550.25,3761579.425925926
TelemetryTask,178018,178019,814024746,814027820,465983,True,1,1,814493803,178022,4,2157.328703703704,2157.328703703704,3768647.314814815,3770804.6435185187
UartTxTask,178021,178023,814491427,814496282,6213,True,0,1,814502495,178025,4,28.76388888888889,28.76388888888889,3770816.1203703703,3770844.8842592593
UartTxTask,178027,178028,814651585,814654750,6207,True,0,1,814660957,178030,4,28.73611111111111,28.73611111111111,3771549.7685185187,3771578.5046296297
TelemetryTask,178032,178033,816184743,816187760,465987,True,1,1,816653747,178036,4,2157.347222222222,2157.347222222222,3778647.037037037,3780804.3842592593
UartTxTask,178035,178037,816651371,816656263,6152,True,0,1,816662415,178039,4,28.48148148148148,28.48148148148148,3780816.032407407,3780844.513888889
UartTxTask,178041,178042,816811485,816814681,6419,True,0,1,816821100,178044,4,29.71759259259259,29.71759259259259,3781549.449074074,3781579.1666666665
TelemetryTask,178046,178047,818344716,818347725,466198,True,1,1,818813923,178050,4,2158.324074074074,2158.324074074074,3788646.875,3790805.199074074
UartTxTask,178049,178051,818811624,818816325,6179,True,0,1,818822504,178053,4,28.60648148148148,28.60648148148148,3790816.3194444445,3790844.925925926
UartTxTask,178055,178056,818971591,818974805,6191,True,0,1,818980996,178058,4,28.662037037037038,28.662037037037038,3791550.0231481483,3791578.685185185
TelemetryTask,178060,178061,820504702,820507738,466047,True,1,1,820973785,178064,4,2157.625,2157.625,3798646.935185185,3800804.560185185
UartTxTask,178063,178065,820971458,820976279,6121,True,0,1,820982400,178067,4,28.337962962962962,28.337962962962962,3800816.1064814813,3800844.4444444445
UartTxTask,178069,178070,821131535,821134693,6330,True,0,1,821141023,178072,4,29.305555555555557,29.305555555555557,3801549.5046296297,3801578.810185185
TelemetryTask,178074,178075,822664748,822667750,466185,True,1,1,823133935,178078,4,2158.2638888888887,2158.2638888888887,3808646.9907407407,3810805.2546296297
UartTxTask,178077,178079,823131550,823136350,6111,True,0,1,823142461,178081,4,28.291666666666668,28.291666666666668,3810816.435185185,3810844.7268518517
UartTxTask,178083,178084,823291653,823294814,6280,True,0,1,823301094,178086,4,29.074074074074073,29.074074074074073,3811550.064814815,3811579.138888889
TelemetryTask,178088,178089,824824715,824827668,466082,True,1,1,825293750,178092,4,2157.787037037037,2157.787037037037,3818646.611111111,3820804.3981481483
UartTxTask,178091,178093,825291442,825296191,6123,True,0,1,825302314,178095,4,28.34722222222222,28.34722222222222,3820815.699074074,3820844.046296296
UartTxTask,178097,178098,825451471,825454676,6294,True,0,1,825460970,178100,4,29.13888888888889,29.13888888888889,3821549.425925926,3821578.564814815
TelemetryTask,178102,178103,826984764,826987826,465949,True,1,1,827453775,178106,4,2157.171296296296,2157.171296296296,3828647.342592593,3830804.513888889
UartTxTask,178105,178107,827451392,827456191,6209,True,0,1,827462400,178109,4,28.74537037037037,28.74537037037037,3830815.699074074,3830844.4444444445
UartTxTask,178111,178112,827611455,827614622,6231,True,0,1,827620853,178114,4,28.84722222222222,28.84722222222222,3831549.175925926,3831578.0231481483
TelemetryTask,178116,178117,829144739,829147791,466114,True,1,1,829613905,178120,4,2157.935185185185,2157.935185185185,3838647.1805555555,3840805.1157407407
UartTxTask,178119,178121,829611512,829616347,6235,True,0,1,829622582,178123,4,28.86574074074074,28.86574074074074,3840816.421296296,3840845.287037037
UartTxTask,178125,178126,829771622,829774797,6247,True,0,1,829781044,178128,4,28.921296296296298,28.921296296296298,3841549.986111111,3841578.907407407
TelemetryTask,178130,178131,831304759,831307759,466090,True,1,1,831773849,178134,4,2157.824074074074,2157.824074074074,3848647.032407407,3850804.8564814813
UartTxTask,178133,178135,831771505,831776281,6281,True,0,1,831782562,178137,4,29.078703703703702,29.078703703703702,3850816.1157407407,3850845.1944444445
UartTxTask,178139,178140,831931534,831934724,6308,True,0,1,831941032,178142,4,29.203703703703702,29.203703703703702,3851549.6481481483,3851578.8518518517
TelemetryTask,178144,178145,833464732,833467809,465779,True,1,1,833933588,178148,4,2156.384259259259,2156.384259259259,3858647.263888889,3860803.6481481483
UartTxTask,178147,178149,833931303,833936063,6213,True,0,1,833942276,178151,4,28.76388888888889,28.76388888888889,3860815.1064814813,3860843.8703703703
UartTxTask,178153,178154,834091405,834094640,6265,True,0,1,834100905,178156,4,29.00462962962963,29.00462962962963,3861549.2592592593,3861578.263888889
TelemetryTask,178158,178159,835624736,835627739,465857,True,1,1,836093596,178162,4,2156.7453703703704,2156.7453703703704,3868646.939814815,3870803.685185185
UartTxTask,178161,178163,836091307,836096014,6152,True,0,1,836102166,178165,4,28.48148148148148,28.48148148148148,3870814.8796296297,3870843.361111111
UartTxTask,178167,178168,836251166,836254359,6125,True,0,1,836260484,178170,4,28.35648148148148,28.35648148148148,3871547.9583333335,3871576.314814815
TelemetryTask,178172,178173,837784723,837787785,465817,True,1,1,838253602,178176,4,2156.560185185185,2156.560185185185,3878647.152777778,3880803.712962963
UartTxTask,178175,178177,838251322,838256055,6248,True,0,1,838262303,178179,4,28.925925925925927,28.925925925925927,3880815.0694444445,3880843.9953703703
UartTxTask,178181,178182,838411420,838414678,6314,True,0,1,838420992,178184,4,29.23148148148148,29.23148148148148,3881549.435185185,3881578.6666666665
TelemetryTask,178186,178187,839944715,839947835,466195,True,1,1,840414030,178190,4,2158.310185185185,2158.310185185185,3888647.3842592593,3890805.6944444445
UartTxTask,178189,178191,840411667,840416524,6164,True,0,1,840422688,178193,4,28.537037037037038,28.537037037037038,3890817.2407407407,3890845.777777778
UartTxTask,178195,178196,840571803,840575036,6159,True,0,1,840581195,178198,4,28.51388888888889,28.51388888888889,3891551.092592593,3891579.6064814813
TelemetryTask,178200,178201,842104715,842107765,465973,True,1,1,842573738,178204,4,2157.2824074074074,2157.2824074074074,3898647.060185185,3900804.342592593
UartTxTask,178203,178205,842571458,842576232,6118,True,0,1,842582350,178207,4,28.324074074074073,28.324074074074073,3900815.888888889,3900844.212962963
UartTxTask,178209,178210,842731440,842734574,6285,True,0,1,842740859,178212,4,29.09722222222222,29.09722222222222,3901548.953703704,3901578.050925926
TelemetryTask,178214,178215,844264759,844267768,465977,True,1,1,844733745,178218,4,2157.300925925926,2157.300925925926,3908647.074074074,3910804.375
UartTxTask,178217,178219,844731375,844736194,6171,True,0,1,844742365,178221,4,28.569444444444443,28.569444444444443,3910815.712962963,3910844.282407407
UartTxTask,178223,178224,844891424,844894588,6248,True,0,1,844900836,178226,4,28.925925925925927,28.925925925925927,3911549.0185185187,3911577.9444444445
TelemetryTask,178228,178229,846424737,846427797,466298,True,1,1,846894095,178232,4,2158.787037037037,2158.787037037037,3918647.2083333335,3920805.9953703703
UartTxTask,178231,178233,846891734,846896495,6288,True,0,1,846902783,178235,4,29.11111111111111,29.11111111111111,3920817.1064814813,3920846.217592593
UartTxTask,178237,178238,847051755,847054886,6199,True,0,1,847061085,178240,4,28.699074074074073,28.699074074074073,3921550.3981481483,3921579.097222222
TelemetryTask,178242,178243,848584759,848587707,466040,True,1,1,849053747,178246,4,2157.5925925925926,2157.5925925925926,3928646.7916666665,3930804.3842592593
UartTxTask,178245,178247,849051429,849056161,6184,True,0,1,849062345,178249,4,28.62962962962963,28.62962962962963,3930815.560185185,3930844.189814815
UartTxTask,178251,178252,849211472,849214643,6188,True,0,1,849220831,178254,4,28.64814814814815,28.64814814814815,3931549.2731481483,3931577.921296296
TelemetryTask,178256,178257,850744773,850747783,466096,True,1,1,851213879,178260,4,2157.8518518518517,2157.8518518518517,3938647.1435185187,3940804.9953703703
UartTxTask,178259,178261,851211520,851216371,6189,True,0,1,851222560,178263,4,28.65277777777778,28.65277777777778,3940816.532407407,3940845.185185185
UartTxTask,178265,178266,851371727,851374938,6312,True,0,1,851381250,178268,4,29.22222222222222,29.22222222222222,3941550.638888889,3941579.861111111
TelemetryTask,178270,178271,852904726,852907758,466158,True,1,1,853373916,178274,4,2158.1388888888887,2158.1388888888887,3948647.027777778,3950805.1666666665
UartTxTask,178273,178275,853371608,853376381,6267,True,0,1,853382648,178277,4,29.01388888888889,29.01388888888889,3950816.578703704,3950845.592592593
UartTxTask,178279,178280,853531659,853534783,6208,True,0,1,853540991,178282,4,28.74074074074074,28.74074074074074,3951549.921296296,3951578.662037037
TelemetryTask,178284,178285,855064693,855067707,465921,True,1,1,855533628,178288,4,2157.0416666666665,2157.0416666666665,3958646.7916666665,3960803.8333333335
UartTxTask,178287,178289,855531279,855536098,6145,True,0,1,855542243,178291,4,28.449074074074073,28.449074074074073,3960815.2685185187,3960843.717592593
UartTxTask,178293,178294,855691324,855694507,6332,True,0,1,855700839,178296,4,29.314814814814813,29.314814814814813,3961548.6435185187,3961577.9583333335
TelemetryTask,178298,178299,857224751,857227760,465973,True,1,1,857693733,178302,4,2157.2824074074074,2157.2824074074074,3968647.037037037,3970804.3194444445
UartTxTask,178301,178303,857691387,857696244,6141,True,0,1,857702385,178305,4,28.430555555555557,28.430555555555557,3970815.9444444445,3970844.375
UartTxTask,178307,178308,857851450,857854615,6311,True,0,1,857860926,178310,4,29.21759259259259,29.21759259259259,3971549.1435185187,3971578.361111111
TelemetryTask,178312,178313,859384720,859387702,466050,True,1,1,859853752,178316,4,2157.6388888888887,2157.6388888888887,3978646.7685185187,3980804.407407407
UartTxTask,178315,178317,859851426,859856187,6247,True,0,1,859862434,178319,4,28.921296296296298,28.921296296296298,3980815.6805555555,3980844.6018518517
UartTxTask,178321,178322,860011479,860014598,6243,True,0,1,860020841,178324,4,28.90277777777778,28.90277777777778,3981549.064814815,3981577.967592593
TelemetryTask,178326,178327,861544723,861547747,465990,True,1,1,862013737,178330,4,2157.3611111111113,2157.3611111111113,3988646.9768518517,3990804.337962963
UartTxTask,178329,178331,862011382,862016197,6171,True,0,1,862022368,178333,4,28.569444444444443,28.569444444444443,3990815.7268518517,3990844.296296296
UartTxTask,178335,178336,862171456,862174583,6284,True,0,1,862180867,178338,4,29.09259259259259,29.09259259259259,3991548.9953703703,3991578.087962963
TelemetryTask,178340,178341,863704726,863707729,466122,True,1,1,864173851,178344,4,2157.972222222222,2157.972222222222,3998646.8935185187,4000804.8657407407
UartTxTask,178343,178345,864171529,864176274,6193,True,0,1,864182467,178347,4,28.671296296296298,28.671296296296298,4000816.0833333335,4000844.7546296297
UartTxTask,178349,178350,864331643,864334814,6246,True,0,1,864341060,178352,4,28.916666666666668,28.916666666666668,4001550.064814815,4001578.9814814813
TelemetryTask,178354,178355,865864703,865867797,466015,True,1,1,866333812,178358,4,2157.4768518518517,2157.4768518518517,4008647.2083333335,4010804.685185185
UartTxTask,178357,178359,866331524,866336267,6355,True,0,1,866342622,178361,4,29.421296296296298,29.421296296296298,4010816.050925926,4010845.472222222
UartTxTask,178363,178364,866491746,866494961,6177,True,0,1,866501138,178366,4,28.59722222222222,28.59722222222222,4011550.7453703703,4011579.342592593
TelemetryTask,178368,178369,868024724,868027801,466087,True,1,1,868493888,178372,4,2157.810185185185,2157.810185185185,4018647.2268518517,4020805.037037037
UartTxTask,178371,178373,868491568,868496324,6206,True,0,1,868502530,178375,4,28.73148148148148,28.73148148148148,4020816.314814815,4020845.046296296
UartTxTask,178377,178378,868651585,868654728,6213,True,0,1,868660941,178380,4,28.76388888888889,28.76388888888889,4021549.6666666665,4021578.4305555555
TelemetryTask,178382,178383,870184720,870187727,466021,True,1,1,870653748,178386,4,2157.5046296296296,2157.5046296296296,4028646.8842592593,4030804.388888889
UartTxTask,178385,178387,870651459,870656143,6132,True,0,1,870662275,178389,4,28.38888888888889,28.38888888888889,4030815.4768518517,4030843.8657407407
UartTxTask,178391,178392,870811425,870814665,6330,True,0,1,870820995,178394,4,29.305555555555557,29.305555555555557,4031549.375,4031578.6805555555
TelemetryTask,178396,178397,872344739,872347774,466068,True,1,1,872813842,178400,4,2157.722222222222,2157.722222222222,4038647.1018518517,4040804.824074074
UartTxTask,178399,178401,872811541,872816281,6143,True,0,1,872822424,178403,4,28.439814814814813,28.439814814814813,4040816.1157407407,4040844.5555555555
UartTxTask,178405,178406,872971521,872974713,6250,True,0,1,872980963,178408,4,28.935185185185187,28.935185185185187,4041549.597222222,4041578.532407407
TelemetryTask,178410,178411,874504728,874507728,465991,True,1,1,874973719,178414,4,2157.365740740741,2157.365740740741,4048646.888888889,4050804.2546296297
UartTxTask,178413,178415,874971462,874976150,6179,True,0,1,874982329,178417,4,28.60648148148148,28.60648148148148,4050815.5092592593,4050844.1157407407
UartTxTask,178419,178420,875131391,875134551,6231,True,0,1,875140782,178422,4,28.84722222222222,28.84722222222222,4051548.847222222,4051577.6944444445
TelemetryTask,178424,178425,876664701,876667706,465894,True,1,1,877133600,178428,4,2156.9166666666665,2156.9166666666665,4058646.787037037,4060803.703703704
UartTxTask,178427,178429,877131257,877136049,6258,True,0,1,877142307,178431,4,28.97222222222222,28.97222222222222,4060815.0416666665,4060844.013888889
UartTxTask,178433,178434,877291346,877294509,6300,True,0,1,877300809,178436,4,29.166666666666668,29.166666666666668,4061548.652777778,4061577.8194444445
TelemetryTask,178438,178439,878824730,878827717,466069,True,1,1,879293786,178442,4,2157.7268518518517,2157.7268518518517,4068646.837962963,4070804.564814815
UartTxTask,178441,178443,879291379,879296276,6202,True,0,1,879302478,178445,4,28.712962962962962,28.712962962962962,4070816.092592593,4070844.8055555555
UartTxTask,178447,178448,879451593,879454777,6235,True,0,1,879461012,178450,4,28.86574074074074,28.86574074074074,4071549.8935185187,4071578.7592592593
TelemetryTask,178452,178453,880984767,880987758,466071,True,1,1,881453829,178456,4,2157.7361111111113,2157.7361111111113,4078647.027777778,4080804.763888889
UartTxTask,178455,178457,881451520,881456292,6176,True,0,1,881462468,178459,4,28.59259259259259,28.59259259259259,4080816.1666666665,4080844.7592592593
UartTxTask,178461,178462,881611619,881614812,6271,True,0,1,881621083,178464,4,29.03240740740741,29.03240740740741,4081550.0555555555,4081579.087962963
TelemetryTask,178466,178467,883144756,883147794,466047,True,1,1,883613841,178470,4,2157.625,2157.625,4088647.1944444445,4090804.8194444445
UartTxTask,178469,178471,883611569,883616257,6272,True,0,1,883622529,178473,4,29.037037037037038,29.037037037037038,4090816.0046296297,4090845.0416666665
UartTxTask,178475,178476,883771610,883774797,6199,True,0,1,883780996,178478,4,28.699074074074073,28.699074074074073,4091549.986111111,4091578.685185185
TelemetryTask,178480,178481,885304733,885307795,465991,True,1,1,885773786,178484,4,2157.365740740741,2157.365740740741,4098647.199074074,4100804.564814815
UartTxTask,178483,178485,885771411,885776246,6194,True,0,1,885782440,178487,4,28.675925925925927,28.675925925925927,4100815.953703704,4100844.6296296297
UartTxTask,178489,178490,885931601,885934780,6235,True,0,1,885941015,178492,4,28.86574074074074,28.86574074074074,4101549.907407407,4101578.7731481483
TelemetryTask,178494,178495,887464734,887467785,465992,True,1,1,887933777,178498,4,2157.3703703703704,2157.3703703703704,4108647.152777778,4110804.5231481483
UartTxTask,178497,178499,887931467,887936273,6185,True,0,1,887942458,178501,4,28.63425925925926,28.63425925925926,4110816.078703704,4110844.712962963
UartTxTask,178503,178504,888091546,888094725,6293,True,0,1,888101018,178506,4,29.13425925925926,29.13425925925926,4111549.652777778,4111578.787037037
TelemetryTask,178508,178509,889624741,889627693,466036,True,1,1,890093729,178512,4,2157.574074074074,2157.574074074074,4118646.7268518517,4120804.300925926
UartTxTask,178511,178513,890091445,890096192,6144,True,0,1,890102336,178515,4,28.444444444444443,28.444444444444443,4120815.703703704,4120844.1481481483
UartTxTask,178517,178518,890251436,890254663,6270,True,0,1,890260933,178520,4,29.02777777777778,29.02777777777778,4121549.3657407407,4121578.3935185187
TelemetryTask,178522,178523,891784735,891787823,466066,True,1,1,892253889,178526,4,2157.712962962963,2157.712962962963,4128647.328703704,4130805.0416666665
UartTxTask,178525,178527,892251589,892256335,6114,True,0,1,892262449,178529,4,28.305555555555557,28.305555555555557,4130816.3657407407,4130844.671296296
UartTxTask,178531,178532,892411594,892414803,6309,True,0,1,892421112,178534,4,29.208333333333332,29.208333333333332,4131550.013888889,4131579.222222222
TelemetryTask,178536,178537,893944724,893947754,466141,True,1,1,894413895,178540,4,2158.060185185185,2158.060185185185,4138647.0092592593,4140805.0694444445
UartTxTask,178539,178541,894411551,894416354,6172,True,0,1,894422526,178543,4,28.574074074074073,28.574074074074073,4140816.453703704,4140845.027777778
UartTxTask,178545,178546,894571592,894574759,6285,True,0,1,894581044,178548,4,29.09722222222222,29.09722222222222,4141549.810185185,4141578.907407407
TelemetryTask,178550,178551,896104711,896107716,466093,True,1,1,896573809,178554,4,2157.837962962963,2157.837962962963,4148646.8333333335,4150804.671296296
UartTxTask,178553,178555,896571503,896576243,6214,True,0,1,896582457,178557,4,28.76851851851852,28.76851851851852,4150815.939814815,4150844.7083333335
UartTxTask,178559,178560,896731579,896734729,6306,True,0,1,896741035,178562,4,29.194444444444443,29.194444444444443,4151549.671296296,4151578.8657407407
TelemetryTask,178564,178565,898264736,898267752,465934,True,1,1,898733686,178568,4,2157.1018518518517,2157.1018518518517,4158647.0,4160804.1018518517
UartTxTask,178567,178569,898731311,898736080,6162,True,0,1,898742242,178571,4,28.52777777777778,28.52777777777778,4160815.185185185,4160843.712962963
UartTxTask,178573,178574,898891311,898894502,6137,True,0,1,898900639,178576,4,28.412037037037038,28.412037037037038,4161548.6203703703,4161577.032407407
TelemetryTask,178578,178579,900424722,900427696,465970,True,1,1,900893666,178582,4,2157.2685185185187,2157.2685185185187,4168646.7407407407,4170804.0092592593
UartTxTask,178581,178583,900891342,900896145,6209,True,0,1,900902354,178585,4,28.74537037037037,28.74537037037037,4170815.486111111,4170844.2314814813
UartTxTask,178587,178588,901051436,901054618,6187,True,0,1,901060805,178590,4,28.64351851851852,28.64351851851852,4171549.157407407,4171577.800925926
TelemetryTask,178592,178593,902584735,902587744,466120,True,1,1,903053864,178596,4,2157.962962962963,2157.962962962963,4178646.962962963,4180804.925925926
UartTxTask,178595,178597,903051544,903056276,6120,True,0,1,903062396,178599,4,28.333333333333332,28.333333333333332,4180816.092592593,4180844.425925926
UartTxTask,178601,178602,903211566,903214711,6288,True,0,1,903220999,178604,4,29.11111111111111,29.11111111111111,4181549.587962963,4181578.699074074
TelemetryTask,178606,178607,904744734,904747716,465973,True,1,1,905213689,178610,4,2157.2824074074074,2157.2824074074074,4188646.8333333335,4190804.1157407407
UartTxTask,178609,178611,905211388,905216146,6203,True,0,1,905222349,178613,4,28.71759259259259,28.71759259259259,4190815.4907407407,4190844.2083333335
UartTxTask,178615,178616,905371377,905374575,6182,True,0,1,905380757,178618,4,28.62037037037037,28.62037037037037,4191548.9583333335,4191577.578703704
TelemetryTask,178620,178621,906904725,906907803,465928,True,1,1,907373731,178624,4,2157.074074074074,2157.074074074074,4198647.236111111,4200804.310185186
UartTxTask,178623,178625,907371406,907376106,6172,True,0,1,907382278,178627,4,28.574074074074073,28.574074074074073,4200815.305555556,4200843.87962963
UartTxTask,178629,178630,907531415,907534618,6303,True,0,1,907540921,178632,4,29.180555555555557,29.180555555555557,4201549.157407408,4201578.337962963
TelemetryTask,178634,178635,909064751,909067752,466201,True,1,1,909533953,178638,4,2158.337962962963,2158.337962962963,4208647.0,4210805.337962963
UartTxTask,178637,178639,909531539,909536409,6299,True,0,1,909542708,178641,4,29.162037037037038,29.162037037037038,4210816.708333333,4210845.87037037
UartTxTask,178643,178644,909691761,909694946,6286,True,0,1,909701232,178646,4,29.10185185185185,29.10185185185185,4211550.675925926,4211579.777777778
TelemetryTask,178648,178649,911224752,911227802,466106,True,1,1,911693908,178652,4,2157.8981481481483,2157.8981481481483,4218647.231481481,4220805.12962963
UartTxTask,178651,178653,911691605,911696398,6175,True,0,1,911702573,178655,4,28.587962962962962,28.587962962962962,4220816.657407408,4220845.24537037
UartTxTask,178657,178658,911851603,911854666,6245,True,0,1,911860911,178660,4,28.912037037037038,28.912037037037038,4221549.37962963,4221578.291666667
TelemetryTask,178662,178663,913384740,913387812,466067,True,1,1,913853879,178666,4,2157.7175925925926,2157.7175925925926,4228647.277777778,4230804.99537037
UartTxTask,178665,178667,913851562,913856323,6101,True,0,1,913862424,178669,4,28.24537037037037,28.24537037037037,4230816.310185186,4230844.555555556
UartTxTask,178671,178672,914011557,914014719,6250,True,0,1,914020969,178674,4,28.935185185185187,28.935185185185187,4231549.625,4231578.560185186
TelemetryTask,178676,178677,915544694,915547746,466061,True,1,1,916013807,178680,4,2157.689814814815,2157.689814814815,4238646.972222222,4240804.662037037
UartTxTask,178679,178681,916011455,916016277,6198,True,0,1,916022475,178683,4,28.694444444444443,28.694444444444443,4240816.097222222,4240844.791666667
UartTxTask,178685,178686,916171503,916174658,6303,True,0,1,916180961,178688,4,29.180555555555557,29.180555555555557,4241549.342592592,4241578.523148148
TelemetryTask,178690,178691,917704742,917707773,466104,True,1,1,918173877,178694,4,2157.8888888888887,2157.8888888888887,4248647.097222222,4250804.986111111
UartTxTask,178693,178695,918171566,918176322,6206,True,0,1,918182528,178697,4,28.73148148148148,28.73148148148148,4250816.305555556,4250845.037037037
UartTxTask,178699,178700,918331566,918334773,6264,True,0,1,918341037,178702,4,29.0,29.0,4251549.875,4251578.875
TelemetryTask,178704,178705,919864712,919867783,466152,True,1,1,920333935,178708,4,2158.1111111111113,2158.1111111111113,4258647.143518519,4260805.25462963
UartTxTask,178707,178709,920331596,920336348,6146,True,0,1,920342494,178711,4,28.453703703703702,28.453703703703702,4260816.425925926,4260844.87962963
UartTxTask,178713,178714,920491528,920494694,6293,True,0,1,920500987,178716,4,29.13425925925926,29.13425925925926,4261549.509259259,4261578.643518519
TelemetryTask,178718,178719,922024713,922027762,465916,True,1,1,922493678,178722,4,2157.0185185185187,2157.0185185185187,4268647.046296297,4270804.064814814
UartTxTask,178721,178723,922491394,922496095,6082,True,0,1,922502177,178725,4,28.15740740740741,28.15740740740741,4270815.25462963,4270843.412037037
UartTxTask,178727,178728,922651315,922654476,6269,True,0,1,922660745,178730,4,29.02314814814815,29.02314814814815,4271548.5,4271577.523148148
TelemetryTask,178732,178733,924184725,924187806,466344,True,1,1,924654150,178736,4,2159.0,2159.0,4278647.25,4280806.25
UartTxTask,178735,178737,924651756,924656628,6278,True,0,1,924662906,178739,4,29.064814814814813,29.064814814814813,4280817.722222222,4280846.787037037
UartTxTask,178741,178742,924811945,924815154,6244,True,0,1,924821398,178744,4,28.90740740740741,28.90740740740741,4281551.638888889,4281580.546296297
TelemetryTask,178746,178747,926344760,926347819,466039,True,1,1,926813858,178750,4,2157.587962962963,2157.587962962963,4288647.310185186,4290804.898148148
UartTxTask,178749,178751,926811543,926816351,6174,True,0,1,926822525,178753,4,28.583333333333332,28.583333333333332,4290816.439814814,4290845.023148148
UartTxTask,178755,178756,926971625,926974796,6300,True,0,1,926981096,178758,4,29.166666666666668,29.166666666666668,4291549.981481481,4291579.148148148
TelemetryTask,178760,178761,928504734,928507768,466124,True,1,1,928973892,178764,4,2157.9814814814813,2157.9814814814813,4298647.074074074,4300805.055555556
UartTxTask,178763,178765,928971563,928976343,6214,True,0,1,928982557,178767,4,28.76851851851852,28.76851851851852,4300816.402777778,4300845.171296297
UartTxTask,178769,178770,929131634,929134845,6189,True,0,1,929141034,178772,4,28.65277777777778,28.65277777777778,4301550.208333333,4301578.861111111
TelemetryTask,178774,178775,930664747,930667816,466164,True,1,1,931133980,178778,4,2158.1666666666665,2158.1666666666665,4308647.296296297,4310805.462962963
UartTxTask,178777,178779,931131610,931136458,6204,True,0,1,931142662,178781,4,28.72222222222222,28.72222222222222,4310816.935185186,4310845.657407408
UartTxTask,178783,178784,931291761,931295023,6188,True,0,1,931301211,178786,4,28.64814814814815,28.64814814814815,4311551.032407408,4311579.680555556
TelemetryTask,178788,178789,932824731,932827829,466085,True,1,1,933293914,178792,4,2157.800925925926,2157.800925925926,4318647.356481481,4320805.157407408
UartTxTask,178791,178793,933291576,933296320,6105,True,0,1,933302425,178795,4,28.26388888888889,28.26388888888889,4320816.296296297,4320844.560185186
UartTxTask,178797,178798,933451460,933454679,6284,True,0,1,933460963,178800,4,29.09259259259259,29.09259259259259,4321549.439814814,4321578.532407408
TelemetryTask,178802,178803,934984731,934987807,466001,True,1,1,935453808,178806,4,2157.412037037037,2157.412037037037,4328647.25462963,4330804.666666667
UartTxTask,178805,178807,935451482,935456236,6195,True,0,1,935462431,178809,4,28.680555555555557,28.680555555555557,4330815.907407408,4330844.587962963
UartTxTask,178811,178812,935611600,935614817,6223,True,0,1,935621040,178814,4,28.810185185185187,28.810185185185187,4331550.078703703,4331578.888888889
TelemetryTask,178816,178817,937144731,937147768,466110,True,1,1,937613878,178820,4,2157.9166666666665,2157.9166666666665,4338647.074074074,4340804.990740741
UartTxTask,178819,178821,937611529,937616298,6082,True,0,1,937622380,178823,4,28.15740740740741,28.15740740740741,4340816.194444444,4340844.351851852
UartTxTask,178825,178826,937771467,937774630,6223,True,0,1,937780853,178828,4,28.810185185185187,28.810185185185187,4341549.212962963,4341578.023148148
TelemetryTask,178830,178831,939304750,939307867,466085,True,1,1,939773952,178834,4,2157.800925925926,2157.800925925926,4348647.532407408,4350805.333333333
UartTxTask,178833,178835,939771628,939776401,6263,True,0,1,939782664,178837,4,28.99537037037037,28.99537037037037,4350816.671296297,4350845.666666667
UartTxTask,178839,178840,939931683,939934883,6364,True,0,1,939941247,178842,4,29.462962962962962,29.462962962962962,4351550.384259259,4351579.847222222
TelemetryTask,178844,178845,941464745,941467778,466200,True,1,1,941933978,178848,4,2158.3333333333335,2158.3333333333335,4358647.12037037,4360805.453703703
UartTxTask,178847,178849,941931670,941936401,6201,True,0,1,941942602,178851,4,28.708333333333332,28.708333333333332,4360816.671296297,4360845.37962963
UartTxTask,178853,178854,942091697,942094935,6166,True,0,1,942101101,178856,4,28.546296296296298,28.546296296296298,4361550.625,4361579.171296297
TelemetryTask,178858,178859,943624757,943627805,465927,True,1,1,944093732,178862,4,2157.0694444444443,2157.0694444444443,4368647.24537037,4370804.314814814
UartTxTask,178861,178863,944091439,944096195,6142,True,0,1,944102337,178865,4,28.435185185185187,28.435185185185187,4370815.717592592,4370844.152777778
UartTxTask,178867,178868,944251450,944254628,6287,True,0,1,944260915,178870,4,29.10648148148148,29.10648148148148,4371549.203703703,4371578.310185186
TelemetryTask,178872,178873,945784759,945787762,466014,True,1,1,946253776,178876,4,2157.472222222222,2157.472222222222,4378647.046296297,4380804.518518519
UartTxTask,178875,178877,946251403,946256238,6282,True,0,1,946262520,178879,4,29.083333333333332,29.083333333333332,4380815.916666667,4380845.0
UartTxTask,178881,178882,946411574,946414774,6306,True,0,1,946421080,178884,4,29.194444444444443,29.194444444444443,4381549.87962963,4381579.074074074
TelemetryTask,178886,178887,947944736,947947762,466095,True,1,1,948413857,178890,4,2157.847222222222,2157.847222222222,4388647.046296297,4390804.893518519
UartTxTask,178889,178891,948411515,948416222,6122,True,0,1,948422344,178893,4,28.34259259259259,28.34259259259259,4390815.842592592,4390844.185185186
UartTxTask,178895,178896,948571487,948574759,6276,True,0,1,948581035,178898,4,29.055555555555557,29.055555555555557,4391549.810185186,4391578.865740741
TelemetryTask,178900,178901,950104744,950107678,466093,True,1,1,950573771,178904,4,2157.837962962963,2157.837962962963,4398646.657407408,4400804.49537037
UartTxTask,178903,178905,950571446,950576198,6278,True,0,1,950582476,178907,4,29.064814814814813,29.064814814814813,4400815.731481481,4400844.796296297
UartTxTask,178909,178910,950731436,950734561,6289,True,0,1,950740850,178912,4,29.11574074074074,29.11574074074074,4401548.893518519,4401578.009259259
TelemetryTask,178914,178915,952264746,952267720,466141,True,1,1,952733861,178918,4,2158.060185185185,2158.060185185185,4408646.851851852,4410804.912037037
UartTxTask,178917,178919,952731526,952736281,6170,True,0,1,952742451,178921,4,28.564814814814813,28.564814814814813,4410816.115740741,4410844.680555556
UartTxTask,178923,178924,952891524,952894736,6282,True,0,1,952901018,178926,4,29.083333333333332,29.083333333333332,4411549.703703703,4411578.787037037
TelemetryTask,178928,178929,954424729,954427730,466308,True,1,1,954894038,178932,4,2158.8333333333335,2158.8333333333335,4418646.898148148,4420805.731481481
UartTxTask,178931,178933,954891735,954896480,6118,True,0,1,954902598,178935,4,28.324074074074073,28.324074074074073,4420817.037037037,4420845.361111111
UartTxTask,178937,178938,955051753,955054997,6418,True,0,1,955061415,178940,4,29.712962962962962,29.712962962962962,4421550.912037037,4421580.625
TelemetryTask,178942,178943,956584710,956587774,466005,True,1,1,957053779,178946,4,2157.4305555555557,2157.4305555555557,4428647.101851852,4430804.532407408
UartTxTask,178945,178947,957051424,957056234,6127,True,0,1,957062361,178949,4,28.36574074074074,28.36574074074074,4430815.898148148,4430844.263888889
UartTxTask,178951,178952,957211532,957214662,6300,True,0,1,957220962,178954,4,29.166666666666668,29.166666666666668,4431549.361111111,4431578.527777778
TelemetryTask,178956,178957,958744751,958747792,465984,True,1,1,959213776,178960,4,2157.3333333333335,2157.3333333333335,4438647.185185186,4440804.518518519
UartTxTask,178959,178961,959211420,959216204,6095,True,0,1,959222299,178963,4,28.21759259259259,28.21759259259259,4440815.759259259,4440843.976851852
UartTxTask,178965,178966,959371431,959374612,6312,True,0,1,959380924,178968,4,29.22222222222222,29.22222222222222,4441549.12962963,4441578.351851852
TelemetryTask,178970,178971,960904736,960907791,465935,True,1,1,961373726,178974,4,2157.1064814814813,2157.1064814814813,4448647.180555556,4450804.287037037
UartTxTask,178973,178975,961371382,961376168,6147,True,0,1,961382315,178977,4,28.458333333333332,28.458333333333332,4450815.592592592,4450844.050925926
UartTxTask,178979,178980,961531430,961534601,6219,True,0,1,961540820,178982,4,28.791666666666668,28.791666666666668,4451549.078703703,4451577.87037037
TelemetryTask,178984,178985,963064742,963067711,466205,True,1,1,963533916,178988,4,2158.3564814814813,2158.3564814814813,4458646.810185186,4460805.166666667
UartTxTask,178987,178989,963531474,963536284,6280,True,0,1,963542564,178991,4,29.074074074074073,29.074074074074073,4460816.12962963,4460845.203703703
UartTxTask,178993,178994,963691575,963694752,6251,True,0,1,963701003,178996,4,28.939814814814813,28.939814814814813,4461549.777777778,4461578.717592592
TelemetryTask,178998,178999,965224747,965227698,466094,True,1,1,965693792,179002,4,2157.8425925925926,2157.8425925925926,4468646.75,4470804.592592592
UartTxTask,179001,179003,965691493,965696249,6206,True,0,1,965702455,179005,4,28.73148148148148,28.73148148148148,4470815.967592592,4470844.699074074
UartTxTask,179007,179008,965851577,965854684,6240,True,0,1,965860924,179010,4,28.88888888888889,28.88888888888889,4471549.462962963,4471578.351851852
TelemetryTask,179012,179013,967384707,967387711,465918,True,1,1,967853629,179016,4,2157.027777777778,2157.027777777778,4478646.810185186,4480803.837962963
UartTxTask,179015,179017,967851261,967856145,6121,True,0,1,967862266,179019,4,28.337962962962962,28.337962962962962,4480815.486111111,4480843.824074074
UartTxTask,179021,179022,968011383,968014540,6238,True,0,1,968020778,179024,4,28.87962962962963,28.87962962962963,4481548.796296297,4481577.675925926
TelemetryTask,179026,179027,969544713,969547748,466010,True,1,1,970013758,179030,4,2157.453703703704,2157.453703703704,4488646.981481481,4490804.435185186
UartTxTask,179029,179031,970011370,970016187,6203,True,0,1,970022390,179033,4,28.71759259259259,28.71759259259259,4490815.680555556,4490844.398148148
UartTxTask,179035,179036,970171410,970174572,6217,True,0,1,970180789,179038,4,28.78240740740741,28.78240740740741,4491548.944444444,4491577.726851852
TelemetryTask,179040,179041,971704757,971707784,466111,True,1,1,972173895,179044,4,2157.921296296296,2157.921296296296,4498647.148148148,4500805.069444444
UartTxTask,179043,179045,972171592,972176369,6169,True,0,1,972182538,179047,4,28.560185185185187,28.560185185185187,4500816.523148148,4500845.083333333
UartTxTask,179049,179050,972331554,972334745,6250,True,0,1,972340995,179052,4,28.935185185185187,28.935185185185187,4501549.74537037,4501578.680555556
TelemetryTask,179054,179055,973864716,973867708,465949,True,1,1,974333657,179058,4,2157.171296296296,2157.171296296296,4508646.796296297,4510803.967592592
UartTxTask,179057,179059,974331314,974336115,6194,True,0,1,974342309,179061,4,28.675925925925927,28.675925925925927,4510815.347222222,4510844.023148148
UartTxTask,179063,179064,974491436,974494565,6276,True,0,1,974500841,179066,4,29.055555555555557,29.055555555555557,4511548.912037037,4511577.967592592
TelemetryTask,179068,179069,976024731,976027798,466061,True,1,1,976493859,179072,4,2157.689814814815,2157.689814814815,4518647.212962963,4520804.902777778
UartTxTask,179071,179073,976491498,976496323,6236,True,0,1,976502559,179075,4,28.87037037037037,28.87037037037037,4520816.310185186,4520845.180555556
UartTxTask,179077,179078,976651601,976654807,6299,True,0,1,976661106,179080,4,29.162037037037038,29.162037037037038,4521550.032407408,4521579.194444444
TelemetryTask,179082,179083,978184720,978187759,466194,True,1,1,978653953,179086,4,2158.3055555555557,2158.3055555555557,4528647.032407408,4530805.337962963
UartTxTask,179085,179087,978651612,978656391,6219,True,0,1,978662610,179089,4,28.791666666666668,28.791666666666668,4530816.625,4530845.416666667
UartTxTask,179091,179092,978811715,978814917,6249,True,0,1,978821166,179094,4,28.930555555555557,28.930555555555557,4531550.541666667,4531579.472222222
TelemetryTask,179096,179097,980344720,980347701,465926,True,1,1,980813627,179100,4,2157.064814814815,2157.064814814815,4538646.763888889,4540803.828703703
UartTxTask,179099,179101,980811304,980816009,6153,True,0,1,980822162,179103,4,28.48611111111111,28.48611111111111,4540814.856481481,4540843.342592592
UartTxTask,179105,179106,980971279,980974435,6269,True,0,1,980980704,179108,4,29.02314814814815,29.02314814814815,4541548.310185186,4541577.333333333
TelemetryTask,179110,179111,982504714,982507728,466025,True,1,1,982973753,179114,4,2157.5231481481483,2157.5231481481483,4548646.888888889,4550804.412037037
UartTxTask,179113,179115,982971398,982976253,6153,True,0,1,982982406,179117,4,28.48611111111111,28.48611111111111,4550815.986111111,4550844.472222222
UartTxTask,179119,179120,983131519,983134717,6238,True,0,1,983140955,179122,4,28.87962962962963,28.87962962962963,4551549.615740741,4551578.49537037
TelemetryTask,179124,179125,984664722,984667781,466214,True,1,1,985133995,179128,4,2158.3981481481483,2158.3981481481483,4558647.134259259,4560805.532407408
UartTxTask,179127,179129,985131637,985136458,6213,True,0,1,985142671,179131,4,28.76388888888889,28.76388888888889,4560816.935185186,4560845.699074074
UartTxTask,179133,179134,985291670,985294852,6273,True,0,1,985301125,179136,4,29.041666666666668,29.041666666666668,4561550.240740741,4561579.282407408
TelemetryTask,179138,179139,986824734,986827750,466134,True,1,1,987293884,179142,4,2158.027777777778,2158.027777777778,4568646.990740741,4570805.018518519
UartTxTask,179141,179143,987291583,987296306,6170,True,0,1,987302476,179145,4,28.564814814814813,28.564814814814813,4570816.231481481,4570844.796296297
UartTxTask,179147,179148,987451552,987454781,6321,True,0,1,987461102,179150,4,29.26388888888889,29.26388888888889,4571549.912037037,4571579.175925926
TelemetryTask,179152,179153,988984743,988987726,466114,True,1,1,989453840,179156,4,2157.935185185185,2157.935185185185,4578646.87962963,4580804.814814814
UartTxTask,179155,179157,989451463,989456270,6306,True,0,1,989462576,179159,4,29.194444444444443,29.194444444444443,4580816.064814814,4580845.259259259
UartTxTask,179161,179162,989611654,989614774,6280,True,0,1,989621054,179164,4,29.074074074074073,29.074074074074073,4581549.87962963,4581578.953703703
TelemetryTask,179166,179167,991144739,991147732,466195,True,1,1,991613927,179170,4,2158.310185185185,2158.310185185185,4588646.907407408,4590805.217592592
UartTxTask,179169,179171,991611563,991616376,6142,True,0,1,991622518,179173,4,28.435185185185187,28.435185185185187,4590816.555555556,4590844.990740741
UartTxTask,179175,179176,991771581,991774800,6186,True,0,1,991780986,179178,4,28.63888888888889,28.63888888888889,4591550.0,4591578.638888889
TelemetryTask,179180,179181,993304738,993307768,466289,True,1,1,993774057,179184,4,2158.7453703703704,2158.7453703703704,4598647.074074074,4600805.819444444
UartTxTask,179183,179185,993771764,993776514,6205,True,0,1,993782719,179187,4,28.72685185185185,28.72685185185185,4600817.194444444,4600845.921296297
UartTxTask,179189,179190,993931837,993935010,6333,True,0,1,993941343,179192,4,29.319444444444443,29.319444444444443,4601550.972222222,4601580.291666667
TelemetryTask,179194,179195,995464752,995467834,466190,True,1,1,995934024,179198,4,2158.287037037037,2158.287037037037,4608647.37962963,4610805.666666667
UartTxTask,179197,179199,995931704,995936451,6237,True,0,1,995942688,179201,4,28.875,28.875,4610816.902777778,4610845.777777778
UartTxTask,179203,179204,996091692,996094898,6328,True,0,1,996101226,179206,4,29.296296296296298,29.296296296296298,4611550.453703703,4611579.75
TelemetryTask,179208,179209,997624745,997627710,466055,True,1,1,998093765,179212,4,2157.662037037037,2157.662037037037,4618646.805555556,4620804.467592592
UartTxTask,179211,179213,998091414,998096229,6298,True,0,1,998102527,179215,4,29.15740740740741,29.15740740740741,4620815.875,4620845.032407408
UartTxTask,179217,179218,998251648,998254898,6187,True,0,1,998261085,179220,4,28.64351851851852,28.64351851851852,4621550.453703703,4621579.097222222
TelemetryTask,179222,179223,999784756,999787782,466068,True,1,1,1000253850,179226,4,2157.722222222222,2157.722222222222,4628647.138888889,4630804.861111111
UartTxTask,179225,179227,1000251544,1000256307,6187,True,0,1,1000262494,179229,4,28.64351851851852,28.64351851851852,4630816.236111111,4630844.87962963
UartTxTask,179231,179232,1000411587,1000414818,6246,True,0,1,1000421064,179234,4,28.916666666666668,28.916666666666668,4631550.083333333,4631579.0
TelemetryTask,179236,179237,1001944766,1001947780,466095,True,1,1,1002413875,179240,4,2157.847222222222,2157.847222222222,4638647.12962963,4640804.976851852
UartTxTask,179239,179241,1002411552,1002416321,6172,True,0,1,1002422493,179243,4,28.574074074074073,28.574074074074073,4640816.300925926,4640844.875
UartTxTask,179245,179246,1002571582,1002574777,6295,True,0,1,1002581072,179248,4,29.14351851851852,29.14351851851852,4641549.893518519,4641579.037037037
TelemetryTask,179250,179251,1004104763,1004107777,466035,True,1,1,1004573812,179254,4,2157.5694444444443,2157.5694444444443,4648647.115740741,4650804.685185186
UartTxTask,179253,179255,1004571486,1004576319,6253,True,0,1,1004582572,179257,4,28.949074074074073,28.949074074074073,4650816.291666667,4650845.240740741
UartTxTask,179259,179260,1004731636,1004734774,6386,True,0,1,1004741160,179262,4,29.564814814814813,29.564814814814813,4651549.87962963,4651579.444444444
TelemetryTask,179264,179265,1006264742,1006267759,465982,True,1,1,1006733741,179268,4,2157.324074074074,2157.324074074074,4658647.032407408,4660804.356481481
UartTxTask,179267,179269,1006731391,1006736201,6165,True,0,1,1006742366,179271,4,28.541666666666668,28.541666666666668,4660815.74537037,4660844.287037037
UartTxTask,179273,179274,1006891522,1006894704,6362,True,0,1,1006901066,179276,4,29.453703703703702,29.453703703703702,4661549.555555556,4661579.009259259
TelemetryTask,179278,179279,1008424750,1008427737,465984,True,1,1,1008893721,179282,4,2157.3333333333335,2157.3333333333335,4668646.930555556,4670804.263888889
UartTxTask,179281,179283,1008891354,1008896166,6200,True,0,1,1008902366,179285,4,28.703703703703702,28.703703703703702,4670815.583333333,4670844.287037037
UartTxTask,179287,179288,1009051411,1009054602,6325,True,0,1,1009060927,179290,4,29.28240740740741,29.28240740740741,4671549.083333333,4671578.365740741
TelemetryTask,179292,179293,1010584711,1010587762,466063,True,1,1,1011053825,179296,4,2157.699074074074,2157.699074074074,4678647.046296297,4680804.74537037
UartTxTask,179295,179297,1011051528,1011056236,6302,True,0,1,1011062538,179299,4,29.175925925925927,29.175925925925927,4680815.907407408,4680845.083333333
UartTxTask,179301,179302,1011211507,1011214695,6293,True,0,1,1011220988,179304,4,29.13425925925926,29.13425925925926,4681549.513888889,4681578.648148148
TelemetryTask,179306,179307,1012744716,1012747765,466211,True,1,1,1013213976,179310,4,2158.384259259259,2158.384259259259,4688647.060185186,4690805.444444444
UartTxTask,179309,179311,1013211661,1013216442,6239,True,0,1,1013222681,179313,4,28.88425925925926,28.88425925925926,4690816.861111111,4690845.74537037
UartTxTask,179315,179316,1013371736,1013374928,6243,True,0,1,1013381171,179318,4,28.90277777777778,28.90277777777778,4691550.592592592,4691579.49537037
TelemetryTask,179320,179321,1014904746,1014907826,466196,True,1,1,1015374022,179324,4,2158.314814814815,2158.314814814815,4698647.342592592,4700805.657407408
UartTxTask,179323,179325,1015371713,1015376526,6288,True,0,1,1015382814,179327,4,29.11111111111111,29.11111111111111,4700817.25,4700846.361111111
UartTxTask,179329,179330,1015531867,1015535083,6316,True,0,1,1015541399,179332,4,29.24074074074074,29.24074074074074,4701551.310185186,4701580.550925926
TelemetryTask,179334,179335,1017064716,1017067785,465997,True,1,1,1017533782,179338,4,2157.3935185185187,2157.3935185185187,4708647.152777778,4710804.546296297
UartTxTask,179337,179339,1017531440,1017536253,6293,True,0,1,1017542546,179341,4,29.13425925925926,29.13425925925926,4710815.986111111,4710845.12037037
UartTxTask,179343,179344,1017691574,1017694769,6195,True,0,1,1017700964,179346,4,28.680555555555557,28.680555555555557,4711549.856481481,4711578.537037037
TelemetryTask,179348,179349,1019224712,1019227749,466021,True,1,1,1019693770,179352,4,2157.5046296296296,2157.5046296296296,4718646.986111111,4720804.490740741
UartTxTask,179351,179353,1019691446,1019696225,6211,True,0,1,1019702436,179355,4,28.75462962962963,28.75462962962963,4720815.856481481,4720844.611111111
UartTxTask,179357,179358,1019851480,1019854646,6391,True,0,1,1019861037,179360,4,29.587962962962962,29.587962962962962,4721549.287037037,4721578.875
TelemetryTask,179362,179363,1021384750,1021387809,466118,True,1,1,1021853927,179366,4,2157.953703703704,2157.953703703704,4728647.263888889,4730805.217592592
UartTxTask,179365,179367,1021851610,1021856358,6162,True,0,1,1021862520,179369,4,28.52777777777778,28.52777777777778,4730816.472222222,4730845.0
UartTxTask,179371,179372,1022011660,1022014853,6265,True,0,1,1022021118,179374,4,29.00462962962963,29.00462962962963,4731550.24537037,4731579.25
TelemetryTask,179376,179377,1023544706,1023547714,466172,True,1,1,1024013886,179380,4,2158.203703703704,2158.203703703704,4738646.824074074,4740805.027777778
UartTxTask,179379,179381,1024011476,1024016292,6192,True,0,1,1024022484,179383,4,28.666666666666668,28.666666666666668,4740816.166666667,4740844.833333333
UartTxTask,179385,179386,1024171593,1024174801,6225,True,0,1,1024181026,179388,4,28.819444444444443,28.819444444444443,4741550.00462963,4741578.824074074
TelemetryTask,179390,179391,1025704737,1025707783,465774,True,1,1,1026173557,179394,4,2156.3611111111113,2156.3611111111113,4748647.143518519,4750803.50462963
UartTxTask,179393,179395,1026171189,1026175970,6293,True,0,1,1026182263,179397,4,29.13425925925926,29.13425925925926,4750814.675925926,4750843.810185186
UartTxTask,179399,179400,1026331317,1026334546,6155,True,0,1,1026340701,179402,4,28.49537037037037,28.49537037037037,4751548.824074074,4751577.319444444
TelemetryTask,179404,179405,1027864752,1027867788,473252,True,1,1,1028347556,179412,4,2221.1481481481483,2190.9814814814813,4758647.166666667,4760868.314814814
ButtonTask,179408,179413,1028064996,1028349667,26555,True,1,1,1028376222,179416,4,122.93981481481481,122.93981481481481,4760878.087962963,4761001.027777778
UartTxTask,179411,179417,1028345181,1028379071,9100,True,0,1,1028388171,179419,4,42.129629629629626,42.129629629629626,4761014.217592592,4761056.347222222
UartTxTask,179421,179422,1028537187,1028539120,8658,True,0,1,1028547778,179425,4,40.083333333333336,40.083333333333336,4761755.185185186,4761795.268518519
UartTxTask,179427,179428,1028696866,1028698893,7194,True,0,1,1028706087,179430,4,33.30555555555556,33.30555555555556,4762494.875,4762528.180555556
TelemetryTask,179432,179433,1030024723,1030027766,465909,True,1,1,1030493675,179436,4,2156.9861111111113,2156.9861111111113,4768647.064814814,4770804.050925926
UartTxTask,179435,179437,1030491363,1030496054,6110,True,0,1,1030502164,179439,4,28.287037037037038,28.287037037037038,4770815.064814814,4770843.351851852
UartTxTask,179441,179442,1030651254,1030654459,6332,True,0,1,1030660791,179444,4,29.314814814814813,29.314814814814813,4771548.421296297,4771577.736111111
TelemetryTask,179446,179447,1032184742,1032187775,466025,True,1,1,1032653800,179450,4,2157.5231481481483,2157.5231481481483,4778647.106481481,4780804.62962963
UartTxTask,179449,179451,1032651479,1032656257,6204,True,0,1,1032662461,179453,4,28.72222222222222,28.72222222222222,4780816.00462963,4780844.726851852
UartTxTask,179455,179456,1032811542,1032814790,6282,True,0,1,1032821072,179458,4,29.083333333333332,29.083333333333332,4781549.953703703,4781579.037037037
TelemetryTask,179460,179461,1034344738,1034347816,465877,True,1,1,1034813693,179464,4,2156.837962962963,2156.837962962963,4788647.296296297,4790804.134259259
UartTxTask,179463,179465,1034811392,1034816166,6186,True,0,1,1034822352,179467,4,28.63888888888889,28.63888888888889,4790815.583333333,4790844.222222222
UartTxTask,179469,179470,1034971431,1034974643,6237,True,0,1,1034980880,179472,4,28.875,28.875,4791549.273148148,4791578.148148148
TelemetryTask,179474,179475,1036504746,1036507782,466265,True,1,1,1036974047,179478,4,2158.634259259259,2158.634259259259,4798647.138888889,4800805.773148148
UartTxTask,179477,179479,1036971680,1036976499,6208,True,0,1,1036982707,179481,4,28.74074074074074,28.74074074074074,4800817.125,4800845.865740741
UartTxTask,179483,179484,1037131757,1037134952,6320,True,0,1,1037141272,179486,4,29.25925925925926,29.25925925925926,4801550.703703703,4801579.962962963
TelemetryTask,179488,179489,1038664728,1038667800,466142,True,1,1,1039133942,179492,4,2158.064814814815,2158.064814814815,4808647.222222222,4810805.287037037
UartTxTask,179491,179493,1039131585,1039136409,6191,True,0,1,1039142600,179495,4,28.662037037037038,28.662037037037038,4810816.708333333,4810845.37037037
UartTxTask,179497,179498,1039291697,1039294877,6287,True,0,1,1039301164,179500,4,29.10648148148148,29.10648148148148,4811550.356481481,4811579.462962963
TelemetryTask,179502,179503,1040824753,1040827866,465880,True,1,1,1041293746,179506,4,2156.8518518518517,2156.8518518518517,4818647.527777778,4820804.37962963
UartTxTask,179505,179507,1041291447,1041296218,6161,True,0,1,1041302379,179509,4,28.52314814814815,28.52314814814815,4820815.824074074,4820844.347222222
UartTxTask,179511,179512,1041451456,1041454639,6158,True,0,1,1041460797,179514,4,28.50925925925926,28.50925925925926,4821549.25462963,4821577.763888889
TelemetryTask,179516,179517,1042984773,1042987890,466005,True,1,1,1043453895,179520,4,2157.4305555555557,2157.4305555555557,4828647.638888889,4830805.069444444
UartTxTask,179519,179521,1043451542,1043456339,6117,True,0,1,1043462456,179523,4,28.319444444444443,28.319444444444443,4830816.384259259,4830844.703703703
UartTxTask,179525,179526,1043611521,1043614719,6218,True,0,1,1043620937,179528,4,28.787037037037038,28.787037037037038,4831549.625,4831578.412037037
TelemetryTask,179530,179531,1045144719,1045147820,466180,True,1,1,1045614000,179534,4,2158.240740740741,2158.240740740741,4838647.314814814,4840805.555555556
UartTxTask,179533,179535,1045611643,1045616478,6274,True,0,1,1045622752,179537,4,29.046296296296298,29.046296296296298,4840817.027777778,4840846.074074074
UartTxTask,179539,179540,1045771819,1045775062,6329,True,0,1,1045781391,179542,4,29.300925925925927,29.300925925925927,4841551.212962963,4841580.513888889
TelemetryTask,179544,179545,1047304739,1047307783,465956,True,1,1,1047773739,179548,4,2157.203703703704,2157.203703703704,4848647.143518519,4850804.347222222
UartTxTask,179547,179549,1047771492,1047776198,6326,True,0,1,1047782524,179551,4,29.287037037037038,29.287037037037038,4850815.731481481,4850845.018518519
UartTxTask,179553,179554,1047931612,1047934776,6269,True,0,1,1047941045,179556,4,29.02314814814815,29.02314814814815,4851549.888888889,4851578.912037037
TelemetryTask,179558,179559,1049464742,1049467708,466130,True,1,1,1049933838,179562,4,2158.009259259259,2158.009259259259,4858646.796296297,4860804.805555556
UartTxTask,179561,179563,1049931528,1049936302,6088,True,0,1,1049942390,179565,4,28.185185185185187,28.185185185185187,4860816.212962963,4860844.398148148
UartTxTask,179567,179568,1050091502,1050094717,6255,True,0,1,1050100972,179570,4,28.958333333333332,28.958333333333332,4861549.615740741,4861578.574074074
TelemetryTask,179572,179573,1051624755,1051627761,466174,True,1,1,1052093935,179576,4,2158.212962962963,2158.212962962963,4868647.041666667,4870805.25462963
UartTxTask,179575,179577,1052091588,1052096400,6231,True,0,1,1052102631,179579,4,28.84722222222222,28.84722222222222,4870816.666666667,4870845.513888889
UartTxTask,179581,179582,1052251769,1052254889,6229,True,0,1,1052261118,179584,4,28.837962962962962,28.837962962962962,4871550.412037037,4871579.25
TelemetryTask,179586,179587,1053784748,1053787791,465936,True,1,1,1054253727,179590,4,2157.1111111111113,2157.1111111111113,4878647.180555556,4880804.291666667
UartTxTask,179589,179591,1054251431,1054256125,6177,True,0,1,1054262302,179593,4,28.59722222222222,28.59722222222222,4880815.393518519,4880843.990740741
UartTxTask,179595,179596,1054411450,1054414667,6281,True,0,1,1054420948,179598,4,29.078703703703702,29.078703703703702,4881549.384259259,4881578.462962963
TelemetryTask,179600,179601,1055944726,1055947753,466006,True,1,1,1056413759,179604,4,2157.435185185185,2157.435185185185,4888647.00462963,4890804.439814814
UartTxTask,179603,179605,1056411390,1056416273,6043,True,0,1,1056422316,179607,4,27.97685185185185,27.97685185185185,4890816.078703703,4890844.055555556
UartTxTask,179609,179610,1056571472,1056574644,6236,True,0,1,1056580880,179612,4,28.87037037037037,28.87037037037037,4891549.277777778,4891578.148148148
TelemetryTask,179614,179615,1058104715,1058107739,465951,True,1,1,1058573690,179618,4,2157.1805555555557,2157.1805555555557,4898646.939814814,4900804.12037037
UartTxTask,179617,179619,1058571325,1058576211,6093,True,0,1,1058582304,179621,4,28.208333333333332,28.208333333333332,4900815.791666667,4900844.0
UartTxTask,179623,179624,1058731421,1058734578,6238,True,0,1,1058740816,179626,4,28.87962962962963,28.87962962962963,4901548.972222222,4901577.851851852
TelemetryTask,179628,179629,1060264725,1060267701,466008,True,1,1,1060733709,179632,4,2157.4444444444443,2157.4444444444443,4908646.763888889,4910804.208333333
UartTxTask,179631,179633,1060731405,1060736156,6285,True,0,1,1060742441,179635,4,29.09722222222222,29.09722222222222,4910815.537037037,4910844.634259259
UartTxTask,179637,179638,1060891426,1060894641,6202,True,0,1,1060900843,179640,4,28.712962962962962,28.712962962962962,4911549.263888889,4911577.976851852
TelemetryTask,179642,179643,1062424750,1062427855,465977,True,1,1,1062893832,179646,4,2157.300925925926,2157.300925925926,4918647.476851852,4920804.777777778
UartTxTask,179645,179647,1062891511,1062896298,6212,True,0,1,1062902510,179649,4,28.75925925925926,28.75925925925926,4920816.194444444,4920844.953703703
UartTxTask,179651,179652,1063051575,1063054826,6287,True,0,1,1063061113,179654,4,29.10648148148148,29.10648148148148,4921550.12037037,4921579.226851852
TelemetryTask,179656,179657,1064584755,1064587744,466057,True,1,1,1065053801,179660,4,2157.671296296296,2157.671296296296,4928646.962962963,4930804.634259259
UartTxTask,179659,179661,1065051403,1065056293,6179,True,0,1,1065062472,179663,4,28.60648148148148,28.60648148148148,4930816.171296297,4930844.777777778
UartTxTask,179665,179666,1065211525,1065214649,6211,True,0,1,1065220860,179668,4,28.75462962962963,28.75462962962963,4931549.300925926,4931578.055555556
TelemetryTask,179670,179671,1066744718,1066747713,466222,True,1,1,1067213935,179674,4,2158.435185185185,2158.435185185185,4938646.819444444,4940805.25462963
UartTxTask,179673,179675,1067211587,1067216385,6173,True,0,1,1067222558,179677,4,28.578703703703702,28.578703703703702,4940816.597222222,4940845.175925926
UartTxTask,179679,179680,1067371727,1067374898,6159,True,0,1,1067381057,179682,4,28.51388888888889,28.51388888888889,4941550.453703703,4941578.967592592
TelemetryTask,179684,179685,1068904736,1068907804,466102,True,1,1,1069373906,179688,4,2157.8796296296296,2157.8796296296296,4948647.240740741,4950805.12037037
UartTxTask,179687,179689,1069371579,1069376358,6307,True,0,1,1069382665,179691,4,29.199074074074073,29.199074074074073,4950816.472222222,4950845.671296297
UartTxTask,179693,179694,1069531717,1069534937,6409,True,0,1,1069541346,179696,4,29.671296296296298,29.671296296296298,4951550.634259259,4951580.305555556
TelemetryTask,179698,179699,1071064759,1071067804,466279,True,1,1,1071534083,179702,4,2158.699074074074,2158.699074074074,4958647.240740741,4960805.939814814
UartTxTask,179701,179703,1071531739,1071536551,6254,True,0,1,1071542805,179705,4,28.953703703703702,28.953703703703702,4960817.365740741,4960846.319444444
UartTxTask,179707,179708,1071691866,1071695038,6347,True,0,1,1071701385,179710,4,29.38425925925926,29.38425925925926,4961551.101851852,4961580.486111111
TelemetryTask,179712,179713,1073224745,1073227718,466074,True,1,1,1073693792,179716,4,2157.75,2157.75,4968646.842592592,4970804.592592592
UartTxTask,179715,179717,1073691474,1073696256,6303,True,0,1,1073702559,179719,4,29.180555555555557,29.180555555555557,4970816.0,4970845.180555556
UartTxTask,179721,179722,1073851679,1073854899,6295,True,0,1,1073861194,179724,4,29.14351851851852,29.14351851851852,4971550.458333333,4971579.601851852
TelemetryTask,179726,179727,1075384741,1075387861,466101,True,1,1,1075853962,179730,4,2157.875,2157.875,4978647.50462963,4980805.37962963
UartTxTask,179729,179731,1075851596,1075856465,6332,True,0,1,1075862797,179733,4,29.314814814814813,29.314814814814813,4980816.967592592,4980846.282407408
UartTxTask,179735,179736,1076011871,1076015053,6298,True,0,1,1076021351,179738,4,29.15740740740741,29.15740740740741,4981551.171296297,4981580.328703703
TelemetryTask,179740,179741,1077544727,1077547701,466146,True,1,1,1078013847,179744,4,2158.0833333333335,2158.0833333333335,4988646.763888889,4990804.847222222
UartTxTask,179743,179745,1078011505,1078016360,6145,True,0,1,1078022505,179747,4,28.449074074074073,28.449074074074073,4990816.481481481,4990844.930555556
UartTxTask,179749,179750,1078171602,1078174810,6175,True,0,1,1078180985,179752,4,28.587962962962962,28.587962962962962,4991550.046296297,4991578.634259259
TelemetryTask,179754,179755,1079704699,1079707773,465950,True,1,1,1080173723,179758,4,2157.175925925926,2157.175925925926,4998647.097222222,5000804.273148148
UartTxTask,179757,179759,1080171411,1080176161,6286,True,0,1,1080182447,179761,4,29.10185185185185,29.10185185185185,5000815.560185186,5000844.662037037
UartTxTask,179763,179764,1080331411,1080334681,6257,True,0,1,1080340938,179766,4,28.96759259259259,28.96759259259259,5001549.449074074,5001578.416666667
TelemetryTask,179768,179769,1081864742,1081867823,465924,True,1,1,1082333747,179772,4,2157.0555555555557,2157.0555555555557,5008647.328703703,5010804.384259259
UartTxTask,179771,179773,1082331445,1082336162,6152,True,0,1,1082342314,179775,4,28.48148148148148,28.48148148148148,5010815.564814814,5010844.046296297
UartTxTask,179777,179778,1082491394,1082494619,6238,True,0,1,1082500857,179780,4,28.87962962962963,28.87962962962963,5011549.162037037,5011578.041666667
TelemetryTask,179782,179783,1084024756,1084027689,466096,True,1,1,1084493785,179786,4,2157.8518518518517,2157.8518518518517,5018646.708333333,5020804.560185186
UartTxTask,179785,179787,1084491501,1084496259,6186,True,0,1,1084502445,179789,4,28.63888888888889,28.63888888888889,5020816.013888889,5020844.652777778
UartTxTask,179791,179792,1084651517,1084654701,6155,True,0,1,1084660856,179794,4,28.49537037037037,28.49537037037037,5021549.541666667,5021578.037037037
TelemetryTask,179796,179797,1086184692,1086187724,466091,True,1,1,1086653815,179800,4,2157.828703703704,2157.828703703704,5028646.87037037,5030804.699074074
UartTxTask,179799,179801,1086651498,1086656268,6194,True,0,1,1086662462,179803,4,28.675925925925927,28.675925925925927,5030816.055555556,5030844.731481481
UartTxTask,179805,179806,1086811477,1086814646,6287,True,0,1,1086820933,179808,4,29.10648148148148,29.10648148148148,5031549.287037037,5031578.393518519
TelemetryTask,179810,179811,1088344726,1088347707,466075,True,1,1,1088813782,179814,4,2157.7546296296296,2157.7546296296296,5038646.791666667,5040804.546296297
UartTxTask,179813,179815,1088811497,1088816213,6324,True,0,1,1088822537,179817,4,29.27777777777778,29.27777777777778,5040815.800925926,5040845.078703703
UartTxTask,179819,179820,1088971644,1088974806,6295,True,0,1,1088981101,179822,4,29.14351851851852,29.14351851851852,5041550.027777778,5041579.171296297
TelemetryTask,179824,179825,1090504728,1090507827,466102,True,1,1,1090973929,179828,4,2157.8796296296296,2157.8796296296296,5048647.347222222,5050805.226851852
UartTxTask,179827,179829,1090971550,1090976392,6188,True,0,1,1090982580,179831,4,28.64814814814815,28.64814814814815,5050816.62962963,5050845.277777778
UartTxTask,179833,179834,1091131665,1091134767,6282,True,0,1,1091141049,179836,4,29.083333333333332,29.083333333333332,5051549.847222222,5051578.930555556
TelemetryTask,179838,179839,1092664742,1092667721,465900,True,1,1,1093133621,179842,4,2156.9444444444443,2156.9444444444443,5058646.856481481,5060803.800925926
UartTxTask,179841,179843,1093131337,1093136073,6116,True,0,1,1093142189,179845,4,28.314814814814813,28.314814814814813,5060815.152777778,5060843.467592592
UartTxTask,179847,179848,1093291255,1093294419,6300,True,0,1,1093300719,179850,4,29.166666666666668,29.166666666666668,5061548.236111111,5061577.402777778
TelemetryTask,179852,179853,1094824724,1094827783,465874,True,1,1,1095293657,179856,4,2156.824074074074,2156.824074074074,5068647.143518519,5070803.967592592
UartTxTask,179855,179857,1095291360,1095296079,6253,True,0,1,1095302332,179859,4,28.949074074074073,28.949074074074073,5070815.180555556,5070844.12962963
UartTxTask,179861,179862,1095451348,1095454431,6252,True,0,1,1095460683,179864,4,28.944444444444443,28.944444444444443,5071548.291666667,5071577.236111111
TelemetryTask,179866,179867,1096984672,1096987743,466111,True,1,1,1097453854,179870,4,2157.921296296296,2157.921296296296,5078646.958333333,5080804.87962963
UartTxTask,179869,179871,1097451552,1097456324,6166,True,0,1,1097462490,179873,4,28.546296296296298,28.546296296296298,5080816.314814814,5080844.861111111
UartTxTask,179875,179876,1097611556,1097614743,6329,True,0,1,1097621072,179878,4,29.300925925925927,29.300925925925927,5081549.736111111,5081579.037037037
TelemetryTask,179880,179881,1099144753,1099147896,466051,True,1,1,1099613947,179884,4,2157.6435185185187,2157.6435185185187,5088647.666666667,5090805.310185186
UartTxTask,179883,179885,1099611647,1099616423,6190,True,0,1,1099622613,179887,4,28.65740740740741,28.65740740740741,5090816.773148148,5090845.430555556
UartTxTask,179889,179890,1099771728,1099774894,6243,True,0,1,1099781137,179892,4,28.90277777777778,28.90277777777778,5091550.435185186,5091579.337962963
TelemetryTask,179894,179895,1101304749,1101307780,465892,True,1,1,1101773672,179898,4,2156.9074074074074,2156.9074074074074,5098647.12962963,5100804.037037037
UartTxTask,179897,179899,1101771369,1101776115,6189,True,0,1,1101782304,179901,4,28.65277777777778,28.65277777777778,5100815.347222222,5100844.0
UartTxTask,179903,179904,1101931353,1101934529,6201,True,0,1,1101940730,179906,4,28.708333333333332,28.708333333333332,5101548.74537037,5101577.453703703
TelemetryTask,179908,179909,1103464752,1103467712,465949,True,1,1,1103933661,179912,4,2157.171296296296,2157.171296296296,5108646.814814814,5110803.986111111
UartTxTask,179911,179913,1103931318,1103936133,6296,True,0,1,1103942429,179915,4,29.14814814814815,29.14814814814815,5110815.430555556,5110844.578703703
UartTxTask,179917,179918,1104091429,1104094566,6295,True,0,1,1104100861,179920,4,29.14351851851852,29.14351851851852,5111548.916666667,5111578.060185186
TelemetryTask,179922,179923,1105624746,1105627777,465936,True,1,1,1106093713,179926,4,2157.1111111111113,2157.1111111111113,5118647.115740741,5120804.226851852
UartTxTask,179925,179927,1106091337,1106096240,6100,True,0,1,1106102340,179929,4,28.24074074074074,28.24074074074074,5120815.925925926,5120844.166666667
UartTxTask,179931,179932,1106251486,1106254691,6298,True,0,1,1106260989,179934,4,29.15740740740741,29.15740740740741,5121549.49537037,5121578.652777778
TelemetryTask,179936,179937,1107784719,1107787793,466060,True,1,1,1108253853,179940,4,2157.685185185185,2157.685185185185,5128647.189814814,5130804.875
UartTxTask,179939,179941,1108251539,1108256325,6210,True,0,1,1108262535,179943,4,28.75,28.75,5130816.319444444,5130845.069444444
UartTxTask,179945,179946,1108411609,1108414738,6271,True,0,1,1108421009,179948,4,29.03240740740741,29.03240740740741,5131549.712962963,5131578.74537037
TelemetryTask,179950,179951,1109944746,1109947811,466127,True,1,1,1110413938,179954,4,2157.9953703703704,2157.9953703703704,5138647.273148148,5140805.268518519
UartTxTask,179953,179955,1110411596,1110416369,6212,True,0,1,1110422581,179957,4,28.75925925925926,28.75925925925926,5140816.523148148,5140845.282407408
UartTxTask,179959,179960,1110571593,1110574766,6234,True,0,1,1110581000,179962,4,28.86111111111111,28.86111111111111,5141549.842592592,5141578.703703703
TelemetryTask,179964,179965,1112104711,1112107717,466373,True,1,1,1112574090,179968,4,2159.134259259259,2159.134259259259,5148646.837962963,5150805.972222222
UartTxTask,179967,179969,1112571715,1112576533,6230,True,0,1,1112582763,179971,4,28.84259259259259,28.84259259259259,5150817.282407408,5150846.125
UartTxTask,179973,179974,1112731827,1112734999,6172,True,0,1,1112741171,179976,4,28.574074074074073,28.574074074074073,5151550.921296297,5151579.49537037
TelemetryTask,179978,179979,1114264734,1114267783,465981,True,1,1,1114733764,179982,4,2157.3194444444443,2157.3194444444443,5158647.143518519,5160804.462962963
UartTxTask,179981,179983,1114731413,1114736177,6274,True,0,1,1114742451,179985,4,29.046296296296298,29.046296296296298,5160815.634259259,5160844.680555556
UartTxTask,179987,179988,1114891542,1114894717,6209,True,0,1,1114900926,179990,4,28.74537037037037,28.74537037037037,5161549.615740741,5161578.361111111
TelemetryTask,179992,179993,1116424760,1116427785,465987,True,1,1,1116893772,179996,4,2157.347222222222,2157.347222222222,5168647.152777778,5170804.5
UartTxTask,179995,179997,1116891422,1116896240,6167,True,0,1,1116902407,179999,4,28.550925925925927,28.550925925925927,5170815.925925926,5170844.476851852
UartTxTask,180001,180002,1117051519,1117054661,6222,True,0,1,1117060883,180004,4,28.805555555555557,28.805555555555557,5171549.356481481,5171578.162037037
TelemetryTask,180006,180007,1118584737,1118587749,465991,True,1,1,1119053740,180010,4,2157.365740740741,2157.365740740741,5178646.986111111,5180804.351851852
UartTxTask,180009,180011,1119051423,1119056168,6180,True,0,1,1119062348,180013,4,28.61111111111111,28.61111111111111,5180815.592592592,5180844.203703703
UartTxTask,180015,180016,1119211457,1119214689,6171,True,0,1,1119220860,180018,4,28.569444444444443,28.569444444444443,5181549.486111111,5181578.055555556
TelemetryTask,180020,180021,1120744724,1120747700,466230,True,1,1,1121213930,180024,4,2158.472222222222,2158.472222222222,5188646.759259259,5190805.231481481
UartTxTask,180023,180025,1121211562,1121216388,6193,True,0,1,1121222581,180027,4,28.671296296296298,28.671296296296298,5190816.611111111,5190845.282407408
UartTxTask,180029,180030,1121371535,1121374764,6344,True,0,1,1121381108,180032,4,29.37037037037037,29.37037037037037,5191549.833333333,5191579.203703703
TelemetryTask,180034,180035,1122904744,1122907754,465968,True,1,1,1123373722,180038,4,2157.259259259259,2157.259259259259,5198647.009259259,5200804.268518519
UartTxTask,180037,180039,1123371411,1123376197,6111,True,0,1,1123382308,180041,4,28.291666666666668,28.291666666666668,5200815.726851852,5200844.018518519
UartTxTask,180043,180044,1123531399,1123534582,6282,True,0,1,1123540864,180046,4,29.083333333333332,29.083333333333332,5201548.990740741,5201578.074074074
TelemetryTask,180048,180049,1125064726,1125067680,465954,True,1,1,1125533634,180052,4,2157.1944444444443,2157.1944444444443,5208646.666666667,5210803.861111111
UartTxTask,180051,180053,1125531311,1125536070,6278,True,0,1,1125542348,180055,4,29.064814814814813,29.064814814814813,5210815.138888889,5210844.203703703
UartTxTask,180057,180058,1125691411,1125694568,6187,True,0,1,1125700755,180060,4,28.64351851851852,28.64351851851852,5211548.925925926,5211577.569444444
TelemetryTask,180062,180063,1127224746,1127227812,466374,True,1,1,1127694186,180066,4,2159.1388888888887,2159.1388888888887,5218647.277777778,5220806.416666667
UartTxTask,180065,180067,1127691811,1127696667,6269,True,0,1,1127702936,180069,4,29.02314814814815,29.02314814814815,5220817.902777778,5220846.925925926
UartTxTask,180071,180072,1127852036,1127855180,6257,True,0,1,1127861437,180074,4,28.96759259259259,28.96759259259259,5221551.759259259,5221580.726851852
TelemetryTask,180076,180077,1129384716,1129387785,465905,True,1,1,1129853690,180080,4,2156.9675925925926,2156.9675925925926,5228647.152777778,5230804.12037037
UartTxTask,180079,180081,1129851396,1129856142,6265,True,0,1,1129862407,180083,4,29.00462962962963,29.00462962962963,5230815.472222222,5230844.476851852
UartTxTask,180085,180086,1130011497,1130014743,6291,True,0,1,1130021034,180088,4,29.125,29.125,5231549.736111111,5231578.861111111
TelemetryTask,180090,180091,1131544713,1131547676,466364,True,1,1,1132014040,180094,4,2159.0925925925926,2159.0925925925926,5238646.648148148,5240805.740740741
UartTxTask,180093,180095,1132011700,1132016498,6182,True,0,1,1132022680,180097,4,28.62037037037037,28.62037037037037,5240817.12037037,5240845.740740741
UartTxTask,180099,180100,1132171789,1132174961,6274,True,0,1,1132181235,180102,4,29.046296296296298,29.046296296296298,5241550.74537037,5241579.791666667
TelemetryTask,180104,180105,1133704750,1133707852,465923,True,1,1,1134173775,180108,4,2157.050925925926,2157.050925925926,5248647.462962963,5250804.513888889
UartTxTask,180107,180109,1134171467,1134176196,6217,True,0,1,1134182413,180111,4,28.78240740740741,28.78240740740741,5250815.722222222,5250844.50462963
UartTxTask,180113,180114,1134331464,1134334590,6171,True,0,1,1134340761,180116,4,28.569444444444443,28.569444444444443,5251549.027777778,5251577.597222222
TelemetryTask,180118,180119,1135864772,1135867885,466002,True,1,1,1136333887,180122,4,2157.4166666666665,2157.4166666666665,5258647.615740741,5260805.032407408
UartTxTask,180121,180123,1136331576,1136336334,6168,True,0,1,1136342502,180125,4,28.555555555555557,28.555555555555557,5260816.361111111,5260844.916666667
UartTxTask,180127,180128,1136491593,1136494718,6329,True,0,1,1136501047,180130,4,29.300925925925927,29.300925925925927,5261549.62037037,5261578.921296297
TelemetryTask,180132,180133,1138024705,1138027782,465975,True,1,1,1138493757,180136,4,2157.2916666666665,2157.2916666666665,5268647.138888889,5270804.430555556
UartTxTask,180135,180137,1138491386,1138496175,6166,True,0,1,1138502341,180139,4,28.546296296296298,28.546296296296298,5270815.625,5270844.171296297
UartTxTask,180141,180142,1138651416,1138654614,6272,True,0,1,1138660886,180144,4,29.037037037037038,29.037037037037038,5271549.138888889,5271578.175925926
TelemetryTask,180146,180147,1140184739,1140187742,465983,True,1,1,1140653725,180150,4,2157.328703703704,2157.328703703704,5278646.953703703,5280804.282407408
UartTxTask,180149,180151,1140651403,1140656200,6243,True,0,1,1140662443,180153,4,28.90277777777778,28.90277777777778,5280815.740740741,5280844.643518519
UartTxTask,180155,180156,1140811547,1140814701,6279,True,0,1,1140820980,180158,4,29.069444444444443,29.069444444444443,5281549.541666667,5281578.611111111
TelemetryTask,180160,180161,1142344751,1142347758,466031,True,1,1,1142813789,180164,4,2157.550925925926,2157.550925925926,5288647.027777778,5290804.578703703
UartTxTask,180163,180165,1142811477,1142816191,6224,True,0,1,1142822415,180167,4,28.814814814814813,28.814814814814813,5290815.699074074,5290844.513888889
UartTxTask,180169,180170,1142971491,1142974677,6270,True,0,1,1142980947,180172,4,29.02777777777778,29.02777777777778,5291549.430555556,5291578.458333333
TelemetryTask,180174,180175,1144504732,1144507836,465957,True,1,1,1144973793,180178,4,2157.2083333333335,2157.2083333333335,5298647.388888889,5300804.597222222
UartTxTask,180177,180179,1144971489,1144976206,6226,True,0,1,1144982432,180181,4,28.824074074074073,28.824074074074073,5300815.768518519,5300844.592592592
UartTxTask,180183,180184,1145131491,1145134674,6357,True,0,1,1145141031,180186,4,29.430555555555557,29.430555555555557,5301549.416666667,5301578.847222222
TelemetryTask,180188,180189,1146664746,1146667773,466183,True,1,1,1147133956,180192,4,2158.2546296296296,2158.2546296296296,5308647.097222222,5310805.351851852
UartTxTask,180191,180193,1147131612,1147136382,6176,True,0,1,1147142558,180195,4,28.59259259259259,28.59259259259259,5310816.583333333,5310845.175925926
UartTxTask,180197,180198,1147291632,1147294791,6319,True,0,1,1147301110,180200,4,29.25462962962963,29.25462962962963,5311549.958333333,5311579.212962963
TelemetryTask,180202,180203,1148824725,1148827771,466056,True,1,1,1149293827,180206,4,2157.6666666666665,2157.6666666666665,5318647.087962963,5320804.75462963
UartTxTask,180205,180207,1149291509,1149296271,6279,True,0,1,1149302550,180209,4,29.069444444444443,29.069444444444443,5320816.069444444,5320845.138888889
UartTxTask,180211,180212,1149451582,1149454781,6202,True,0,1,1149460983,180214,4,28.712962962962962,28.712962962962962,5321549.912037037,5321578.625
TelemetryTask,180216,180217,1150984710,1150987751,466044,True,1,1,1151453795,180220,4,2157.6111111111113,2157.6111111111113,5328646.99537037,5330804.606481481
UartTxTask,180219,180221,1151451412,1151456236,6181,True,0,1,1151462417,180223,4,28.61574074074074,28.61574074074074,5330815.907407408,5330844.523148148
UartTxTask,180225,180226,1151611521,1151614691,6232,True,0,1,1151620923,180228,4,28.85185185185185,28.85185185185185,5331549.49537037,5331578.347222222
TelemetryTask,180230,180231,1153144743,1153147807,466107,True,1,1,1153613914,180234,4,2157.902777777778,2157.902777777778,5338647.25462963,5340805.157407408
UartTxTask,180233,180235,1153611606,1153616373,6205,True,0,1,1153622578,180237,4,28.72685185185185,28.72685185185185,5340816.541666667,5340845.268518519
UartTxTask,180239,180240,1153771604,1153774835,6145,True,0,1,1153780980,180242,4,28.449074074074073,28.449074074074073,5341550.162037037,5341578.611111111
TelemetryTask,180244,180245,1155304754,1155307800,465979,True,1,1,1155773779,180248,4,2157.310185185185,2157.310185185185,5348647.222222222,5350804.532407408
UartTxTask,180247,180249,1155771453,1155776213,6109,True,0,1,1155782322,180251,4,28.28240740740741,28.28240740740741,5350815.800925926,5350844.083333333
UartTxTask,180253,180254,1155931516,1155934734,6297,True,0,1,1155941031,180256,4,29.15277777777778,29.15277777777778,5351549.694444444,5351578.847222222
TelemetryTask,180258,180259,1157464775,1157467784,465902,True,1,1,1157933686,180262,4,2156.953703703704,2156.953703703704,5358647.148148148,5360804.101851852
UartTxTask,180261,180263,1157931368,1157936130,6278,True,0,1,1157942408,180265,4,29.064814814814813,29.064814814814813,5360815.416666667,5360844.481481481
UartTxTask,180267,180268,1158091446,1158094671,6255,True,0,1,1158100926,180270,4,28.958333333333332,28.958333333333332,5361549.402777778,5361578.361111111
TelemetryTask,180272,180273,1159624753,1159627765,466052,True,1,1,1160093817,180276,4,2157.6481481481483,2157.6481481481483,5368647.060185186,5370804.708333333
UartTxTask,180275,180277,1160091503,1160096230,6239,True,0,1,1160102469,180279,4,28.88425925925926,28.88425925925926,5370815.87962963,5370844.763888889
UartTxTask,180281,180282,1160251493,1160254652,6285,True,0,1,1160260937,180284,4,29.09722222222222,29.09722222222222,5371549.314814814,5371578.412037037
TelemetryTask,180286,180287,1161784697,1161787727,465834,True,1,1,1162253561,180290,4,2156.6388888888887,2156.6388888888887,5378646.884259259,5380803.523148148
UartTxTask,180289,180291,1162251295,1162256047,6259,True,0,1,1162262306,180293,4,28.97685185185185,28.97685185185185,5380815.032407408,5380844.009259259
UartTxTask,180295,180296,1162411411,1162414618,6208,True,0,1,1162420826,180298,4,28.74074074074074,28.74074074074074,5381549.157407408,5381577.898148148
TelemetryTask,180300,180301,1163944756,1163947702,466034,True,1,1,1164413736,180304,4,2157.564814814815,2157.564814814815,5388646.768518519,5390804.333333333
UartTxTask,180303,180305,1164411418,1164416183,6128,True,0,1,1164422311,180307,4,28.37037037037037,28.37037037037037,5390815.662037037,5390844.032407408
UartTxTask,180309,180310,1164571361,1164574557,6219,True,0,1,1164580776,180312,4,28.791666666666668,28.791666666666668,5391548.875,5391577.666666667
TelemetryTask,180314,180315,1166104759,1166107787,466072,True,1,1,1166573859,180318,4,2157.740740740741,2157.740740740741,5398647.162037037,5400804.902777778
UartTxTask,180317,180319,1166571478,1166576316,6128,True,0,1,1166582444,180321,4,28.37037037037037,28.37037037037037,5400816.277777778,5400844.648148148
UartTxTask,180323,180324,1166731560,1166734785,6280,True,0,1,1166741065,180326,4,29.074074074074073,29.074074074074073,5401549.930555556,5401579.00462963
TelemetryTask,180328,180329,1168264730,1168267788,465929,True,1,1,1168733717,180332,4,2157.078703703704,2157.078703703704,5408647.166666667,5410804.24537037
UartTxTask,180331,180333,1168731408,1168736170,6189,True,0,1,1168742359,180335,4,28.65277777777778,28.65277777777778,5410815.601851852,5410844.25462963
UartTxTask,180337,180338,1168891408,1168894571,6231,True,0,1,1168900802,180340,4,28.84722222222222,28.84722222222222,5411548.939814814,5411577.787037037
TelemetryTask,180342,180343,1170424770,1170427803,466020,True,1,1,1170893823,180346,4,2157.5,2157.5,5418647.236111111,5420804.736111111
UartTxTask,180345,180347,1170891450,1170896253,6162,True,0,1,1170902415,180349,4,28.52777777777778,28.52777777777778,5420815.986111111,5420844.513888889
UartTxTask,180351,180352,1171051483,1171054687,6210,True,0,1,1171060897,180354,4,28.75,28.75,5421549.476851852,5421578.226851852
TelemetryTask,180356,180357,1172584755,1172587762,466047,True,1,1,1173053809,180360,4,2157.625,2157.625,5428647.046296297,5430804.671296297
UartTxTask,180359,180361,1173051470,1173056272,6082,True,0,1,1173062354,180363,4,28.15740740740741,28.15740740740741,5430816.074074074,5430844.231481481
UartTxTask,180365,180366,1173211508,1173214714,6259,True,0,1,1173220973,180368,4,28.97685185185185,28.97685185185185,5431549.601851852,5431578.578703703
TelemetryTask,180370,180371,1174744742,1174747758,466029,True,1,1,1175213787,180374,4,2157.5416666666665,2157.5416666666665,5438647.027777778,5440804.569444444
UartTxTask,180373,180375,1175211447,1175216214,6164,True,0,1,1175222378,180377,4,28.537037037037038,28.537037037037038,5440815.805555556,5440844.342592592
UartTxTask,180379,180380,1175371412,1175374602,6289,True,0,1,1175380891,180382,4,29.11574074074074,29.11574074074074,5441549.083333333,5441578.199074074
TelemetryTask,180384,180385,1176904755,1176907735,466056,True,1,1,1177373791,180388,4,2157.6666666666665,2157.6666666666665,5448646.921296297,5450804.587962963
UartTxTask,180387,180389,1177371507,1177376254,6122,True,0,1,1177382376,180391,4,28.34259259259259,28.34259259259259,5450815.990740741,5450844.333333333
UartTxTask,180393,180394,1177531417,1177534571,6281,True,0,1,1177540852,180396,4,29.078703703703702,29.078703703703702,5451548.939814814,5451578.018518519
TelemetryTask,180398,180399,1179064733,1179067828,466227,True,1,1,1179534055,180402,4,2158.4583333333335,2158.4583333333335,5458647.351851852,5460805.810185186
UartTxTask,180401,180403,1179531698,1179536523,6238,True,0,1,1179542761,180405,4,28.87962962962963,28.87962962962963,5460817.236111111,5460846.115740741
UartTxTask,180407,180408,1179691786,1179694946,6266,True,0,1,1179701212,180410,4,29.00925925925926,29.00925925925926,5461550.675925926,5461579.685185186
TelemetryTask,180412,180413,1181224718,1181227724,466050,True,1,1,1181693774,180416,4,2157.6388888888887,2157.6388888888887,5468646.87037037,5470804.509259259
UartTxTask,180415,180417,1181691490,1181696231,6135,True,0,1,1181702366,180419,4,28.40277777777778,28.40277777777778,5470815.884259259,5470844.287037037
UartTxTask,180421,180422,1181851377,1181854516,6299,True,0,1,1181860815,180424,4,29.162037037037038,29.162037037037038,5471548.685185186,5471577.847222222
TelemetryTask,180426,180427,1183384752,1183387747,466059,True,1,1,1183853806,180430,4,2157.6805555555557,2157.6805555555557,5478646.976851852,5480804.657407408
UartTxTask,180429,180431,1183851444,1183856266,6241,True,0,1,1183862507,180433,4,28.89351851851852,28.89351851851852,5480816.046296297,5480844.939814814
UartTxTask,180435,180436,1184011539,1184014714,6325,True,0,1,1184021039,180438,4,29.28240740740741,29.28240740740741,5481549.601851852,5481578.884259259
TelemetryTask,180440,180441,1185544724,1185547831,466060,True,1,1,1186013891,180444,4,2157.685185185185,2157.685185185185,5488647.365740741,5490805.050925926
UartTxTask,180443,180445,1186011596,1186016325,6258,True,0,1,1186022583,180447,4,28.97222222222222,28.97222222222222,5490816.319444444,5490845.291666667
UartTxTask,180449,180450,1186171636,1186174837,6228,True,0,1,1186181065,180452,4,28.833333333333332,28.833333333333332,5491550.171296297,5491579.00462963
TelemetryTask,180454,180455,1187704687,1187707739,466047,True,1,1,1188173786,180458,4,2157.625,2157.625,5498646.939814814,5500804.564814814
UartTxTask,180457,180459,1188171521,1188176256,6091,True,0,1,1188182347,180461,4,28.199074074074073,28.199074074074073,5500816.0,5500844.199074074
UartTxTask,180463,180464,1188331483,1188334653,6250,True,0,1,1188340903,180466,4,28.935185185185187,28.935185185185187,5501549.319444444,5501578.25462963
TelemetryTask,180468,180469,1189864719,1189867739,465974,True,1,1,1190333713,180472,4,2157.287037037037,2157.287037037037,5508646.939814814,5510804.226851852
UartTxTask,180471,180473,1190331332,1190336157,6234,True,0,1,1190342391,180475,4,28.86111111111111,28.86111111111111,5510815.541666667,5510844.402777778
UartTxTask,180477,180478,1190491479,1190494645,6212,True,0,1,1190500857,180480,4,28.75925925925926,28.75925925925926,5511549.282407408,5511578.041666667
TelemetryTask,180482,180483,1192024760,1192027794,466102,True,1,1,1192493896,180486,4,2157.8796296296296,2157.8796296296296,5518647.194444444,5520805.074074074
UartTxTask,180485,180487,1192491513,1192496365,6184,True,0,1,1192502549,180489,4,28.62962962962963,28.62962962962963,5520816.50462963,5520845.134259259
UartTxTask,180491,180492,1192651711,1192654929,6290,True,0,1,1192661219,180494,4,29.12037037037037,29.12037037037037,5521550.597222222,5521579.717592592
TelemetryTask,180496,180497,1194184775,1194187773,466158,True,1,1,1194653931,180500,4,2158.1388888888887,2158.1388888888887,5528647.097222222,5530805.236111111
UartTxTask,180499,180501,1194651580,1194656346,6209,True,0,1,1194662555,180503,4,28.74537037037037,28.74537037037037,5530816.416666667,5530845.162037037
UartTxTask,180505,180506,1194811626,1194814822,6308,True,0,1,1194821130,180508,4,29.203703703703702,29.203703703703702,5531550.101851852,5531579.305555556
TelemetryTask,180510,180511,1196344720,1196347785,465990,True,1,1,1196813775,180514,4,2157.3611111111113,2157.3611111111113,5538647.152777778,5540804.513888889
UartTxTask,180513,180515,1196811511,1196816233,6289,True,0,1,1196822522,180517,4,29.11574074074074,29.11574074074074,5540815.893518519,5540845.009259259
UartTxTask,180519,180520,1196971566,1196974686,6250,True,0,1,1196980936,180522,4,28.935185185185187,28.935185185185187,5541549.472222222,5541578.407407408
TelemetryTask,180524,180525,1198504733,1198507800,466192,True,1,1,1198973992,180528,4,2158.296296296296,2158.296296296296,5548647.222222222,5550805.518518519
UartTxTask,180527,180529,1198971653,1198976457,6182,True,0,1,1198982639,180531,4,28.62037037037037,28.62037037037037,5550816.930555556,5550845.550925926
UartTxTask,180533,180534,1199131751,1199134886,6271,True,0,1,1199141157,180536,4,29.03240740740741,29.03240740740741,5551550.398148148,5551579.430555556
TelemetryTask,180538,180539,1200664752,1200667781,466215,True,1,1,1201133996,180542,4,2158.402777777778,2158.402777777778,5558647.134259259,5560805.537037037
UartTxTask,180541,180543,1201131624,1201136425,6190,True,0,1,1201142615,180545,4,28.65740740740741,28.65740740740741,5560816.782407408,5560845.439814814
UartTxTask,180547,180548,1201291768,1201294998,6412,True,0,1,1201301410,180550,4,29.685185185185187,29.685185185185187,5561550.916666667,5561580.601851852
TelemetryTask,180552,180553,1202824748,1202827730,466132,True,1,1,1203293862,180556,4,2158.0185185185187,2158.0185185185187,5568646.898148148,5570804.916666667
UartTxTask,180555,180557,1203291485,1203296257,6228,True,0,1,1203302485,180559,4,28.833333333333332,28.833333333333332,5570816.00462963,5570844.837962963
UartTxTask,180561,180562,1203451554,1203454738,6330,True,0,1,1203461068,180564,4,29.305555555555557,29.305555555555557,5571549.712962963,5571579.018518519
TelemetryTask,180566,180567,1204984724,1204987776,466012,True,1,1,1205453788,180570,4,2157.462962962963,2157.462962962963,5578647.111111111,5580804.574074074
UartTxTask,180569,180571,1205451396,1205456255,6242,True,0,1,1205462497,180573,4,28.89814814814815,28.89814814814815,5580815.99537037,5580844.893518519
UartTxTask,180575,180576,1205611488,1205614708,6247,True,0,1,1205620955,180578,4,28.921296296296298,28.921296296296298,5581549.574074074,5581578.49537037
TelemetryTask,180580,180581,1207144735,1207147781,465904,True,1,1,1207613685,180584,4,2156.962962962963,2156.962962962963,5588647.134259259,5590804.097222222
UartTxTask,180583,180585,1207611301,1207616166,6296,True,0,1,1207622462,180587,4,29.14814814814815,29.14814814814815,5590815.583333333,5590844.731481481
UartTxTask,180589,180590,1207771501,1207774625,6099,True,0,1,1207780724,180592,4,28.23611111111111,28.23611111111111,5591549.189814814,5591577.425925926
TelemetryTask,180594,180595,1209304746,1209307754,466178,True,1,1,1209773932,180598,4,2158.2314814814813,2158.2314814814813,5598647.009259259,5600805.240740741
UartTxTask,180597,180599,1209771631,1209776384,6304,True,0,1,1209782688,180601,4,29.185185185185187,29.185185185185187,5600816.592592592,5600845.777777778
UartTxTask,180603,180604,1209931718,1209934922,6245,True,0,1,1209941167,180606,4,28.912037037037038,28.912037037037038,5601550.564814814,5601579.476851852
TelemetryTask,180608,180609,1211464725,1211467659,466082,True,1,1,1211933741,180612,4,2157.787037037037,2157.787037037037,5608646.569444444,5610804.356481481
UartTxTask,180611,180613,1211931422,1211936164,6186,True,0,1,1211942350,180615,4,28.63888888888889,28.63888888888889,5610815.574074074,5610844.212962963
UartTxTask,180617,180618,1212091405,1212094674,6281,True,0,1,1212100955,180620,4,29.078703703703702,29.078703703703702,5611549.416666667,5611578.49537037
TelemetryTask,180622,180623,1213624763,1213627807,465857,True,1,1,1214093664,180626,4,2156.7453703703704,2156.7453703703704,5618647.25462963,5620804.0
UartTxTask,180625,180627,1214091380,1214096117,6241,True,0,1,1214102358,180629,4,28.89351851851852,28.89351851851852,5620815.356481481,5620844.25
UartTxTask,180631,180632,1214251456,1214254648,6349,True,0,1,1214260997,180634,4,29.39351851851852,29.39351851851852,5621549.296296297,5621578.689814814
TelemetryTask,180636,180637,1215784748,1215787816,465915,True,1,1,1216253731,180640,4,2157.0138888888887,2157.0138888888887,5628647.296296297,5630804.310185186
UartTxTask,180639,180641,1216251419,1216256153,6181,True,0,1,1216262334,180643,4,28.61574074074074,28.61574074074074,5630815.523148148,5630844.138888889
UartTxTask,180645,180646,1216411433,1216414578,6149,True,0,1,1216420727,180648,4,28.46759259259259,28.46759259259259,5631548.972222222,5631577.439814814
TelemetryTask,180650,180651,1217944740,1217947872,466094,True,1,1,1218413966,180654,4,2157.8425925925926,2157.8425925925926,5638647.555555556,5640805.398148148
UartTxTask,180653,180655,1218411657,1218416398,6213,True,0,1,1218422611,180657,4,28.76388888888889,28.76388888888889,5640816.657407408,5640845.421296297
UartTxTask,180659,180660,1218571686,1218574855,6151,True,0,1,1218581006,180662,4,28.47685185185185,28.47685185185185,5641550.25462963,5641578.731481481
TelemetryTask,180664,180665,1220104743,1220107810,465911,True,1,1,1220573721,180668,4,2156.9953703703704,2156.9953703703704,5648647.268518519,5650804.263888889
UartTxTask,180667,180669,1220571369,1220576207,6234,True,0,1,1220582441,180671,4,28.86111111111111,28.86111111111111,5650815.773148148,5650844.634259259
UartTxTask,180673,180674,1220731497,1220734655,6361,True,0,1,1220741016,180676,4,29.449074074074073,29.449074074074073,5651549.328703703,5651578.777777778
TelemetryTask,180678,180679,1222264738,1222267797,465963,True,1,1,1222733760,180682,4,2157.2361111111113,2157.2361111111113,5658647.208333333,5660804.444444444
UartTxTask,180681,180683,1222731373,1222736252,6131,True,0,1,1222742383,180685,4,28.38425925925926,28.38425925925926,5660815.981481481,5660844.365740741
UartTxTask,180687,180688,1222891411,1222894553,6240,True,0,1,1222900793,180690,4,28.88888888888889,28.88888888888889,5661548.856481481,5661577.74537037
TelemetryTask,180692,180693,1224424742,1224427795,465992,True,1,1,1224893787,180696,4,2157.3703703703704,2157.3703703703704,5668647.199074074,5670804.569444444
UartTxTask,180695,180697,1224891417,1224896308,6125,True,0,1,1224902433,180699,4,28.35648148148148,28.35648148148148,5670816.240740741,5670844.597222222
UartTxTask,180701,180702,1225051628,1225054821,6229,True,0,1,1225061050,180704,4,28.837962962962962,28.837962962962962,5671550.097222222,5671578.935185186
TelemetryTask,180706,180707,1226584742,1226587691,466176,True,1,1,1227053867,180710,4,2158.222222222222,2158.222222222222,5678646.717592592,5680804.939814814
UartTxTask,180709,180711,1227051551,1227056345,6034,True,0,1,1227062379,180713,4,27.935185185185187,27.935185185185187,5680816.412037037,5680844.347222222
UartTxTask,180715,180716,1227211549,1227214675,6120,True,0,1,1227220795,180718,4,28.333333333333332,28.333333333333332,5681549.421296297,5681577.75462963
TelemetryTask,180720,180721,1228744736,1228747835,466055,True,1,1,1229213890,180724,4,2157.662037037037,2157.662037037037,5688647.384259259,5690805.046296297
UartTxTask,180723,180725,1229211508,1229216300,6233,True,0,1,1229222533,180727,4,28.85648148148148,28.85648148148148,5690816.203703703,5690845.060185186
UartTxTask,180729,180730,1229371596,1229374739,6220,True,0,1,1229380959,180732,4,28.796296296296298,28.796296296296298,5691549.717592592,5691578.513888889
TelemetryTask,180734,180735,1230904700,1230907648,465978,True,1,1,1231373626,180738,4,2157.3055555555557,2157.3055555555557,5698646.518518519,5700803.824074074
UartTxTask,180737,180739,1231371305,1231376079,6113,True,0,1,1231382192,180741,4,28.300925925925927,28.300925925925927,5700815.180555556,5700843.481481481
UartTxTask,180743,180744,1231531275,1231534409,6306,True,0,1,1231540715,180746,4,29.194444444444443,29.194444444444443,5701548.189814814,5701577.384259259
TelemetryTask,180748,180749,1233064746,1233067734,465997,True,1,1,1233533731,180752,4,2157.3935185185187,2157.3935185185187,5708646.916666667,5710804.310185186
UartTxTask,180751,180753,1233531418,1233536220,6093,True,0,1,1233542313,180755,4,28.208333333333332,28.208333333333332,5710815.833333333,5710844.041666667
UartTxTask,180757,180758,1233691440,1233694619,6266,True,0,1,1233700885,180760,4,29.00925925925926,29.00925925925926,5711549.162037037,5711578.171296297
TelemetryTask,180762,180763,1235224745,1235227812,466010,True,1,1,1235693822,180766,4,2157.453703703704,2157.453703703704,5718647.277777778,5720804.731481481
UartTxTask,180765,180767,1235691448,1235696233,6189,True,0,1,1235702422,180769,4,28.65277777777778,28.65277777777778,5720815.893518519,5720844.546296297
UartTxTask,180771,180772,1235851587,1235854720,6205,True,0,1,1235860925,180774,4,28.72685185185185,28.72685185185185,5721549.62962963,5721578.356481481
TelemetryTask,180776,180777,1237384741,1237387778,465916,True,1,1,1237853694,180780,4,2157.0185185185187,2157.0185185185187,5728647.12037037,5730804.138888889
UartTxTask,180779,180781,1237851389,1237856112,6268,True,0,1,1237862380,180783,4,29.01851851851852,29.01851851851852,5730815.333333333,5730844.351851852
UartTxTask,180785,180786,1238011471,1238014658,6334,True,0,1,1238020992,180788,4,29.324074074074073,29.324074074074073,5731549.342592592,5731578.666666667
TelemetryTask,180790,180791,1239544770,1239547805,465976,True,1,1,1240013781,180794,4,2157.296296296296,2157.296296296296,5738647.24537037,5740804.541666667
UartTxTask,180793,180795,1240011447,1240016172,6302,True,0,1,1240022474,180797,4,29.175925925925927,29.175925925925927,5740815.611111111,5740844.787037037
UartTxTask,180799,180800,1240171465,1240174576,6236,True,0,1,1240180812,180802,4,28.87037037037037,28.87037037037037,5741548.962962963,5741577.833333333
TelemetryTask,180804,180805,1241704743,1241707716,466117,True,1,1,1242173833,180808,4,2157.949074074074,2157.949074074074,5748646.833333333,5750804.782407408
UartTxTask,180807,180809,1242171495,1242176252,6290,True,0,1,1242182542,180811,4,29.12037037037037,29.12037037037037,5750815.981481481,5750845.101851852
UartTxTask,180813,180814,1242331654,1242334752,6261,True,0,1,1242341013,180816,4,28.98611111111111,28.98611111111111,5751549.777777778,5751578.763888889
TelemetryTask,180818,180819,1243864698,1243867788,466375,True,1,1,1244334163,180822,4,2159.1435185185187,2159.1435185185187,5758647.166666667,5760806.310185186
UartTxTask,180821,180823,1244331781,1244336666,6319,True,0,1,1244342985,180825,4,29.25462962962963,29.25462962962963,5760817.898148148,5760847.152777778
UartTxTask,180827,180828,1244492128,1244495343,6172,True,0,1,1244501515,180830,4,28.574074074074073,28.574074074074073,5761552.513888889,5761581.087962963
TelemetryTask,180832,180833,1246024721,1246027724,466124,True,1,1,1246493848,180836,4,2157.9814814814813,2157.9814814814813,5768646.87037037,5770804.851851852
UartTxTask,180835,180837,1246491459,1246496270,6233,True,0,1,1246502503,180839,4,28.85648148148148,28.85648148148148,5770816.064814814,5770844.921296297
UartTxTask,180841,180842,1246651569,1246654768,6324,True,0,1,1246661092,180844,4,29.27777777777778,29.27777777777778,5771549.851851852,5771579.12962963
TelemetryTask,180846,180847,1248184735,1248187786,466104,True,1,1,1248653890,180850,4,2157.8888888888887,2157.8888888888887,5778647.157407408,5780805.046296297
UartTxTask,180849,180851,1248651618,1248656308,6173,True,0,1,1248662481,180853,4,28.578703703703702,28.578703703703702,5780816.240740741,5780844.819444444
UartTxTask,180855,180856,1248811504,1248814663,6360,True,0,1,1248821023,180858,4,29.444444444444443,29.444444444444443,5781549.365740741,5781578.810185186
TelemetryTask,180860,180861,1250344715,1250347841,466019,True,1,1,1250813860,180864,4,2157.4953703703704,2157.4953703703704,5788647.412037037,5790804.907407408
UartTxTask,180863,180865,1250811516,1250816345,6151,True,0,1,1250822496,180867,4,28.47685185185185,28.47685185185185,5790816.412037037,5790844.888888889
UartTxTask,180869,180870,1250971617,1250974807,6288,True,0,1,1250981095,180872,4,29.11111111111111,29.11111111111111,5791550.032407408,5791579.143518519
TelemetryTask,180874,180875,1252504744,1252507718,466018,True,1,1,1252973736,180878,4,2157.490740740741,2157.490740740741,5798646.842592592,5800804.333333333
UartTxTask,180877,180879,1252971394,1252976202,6273,True,0,1,1252982475,180881,4,29.041666666666668,29.041666666666668,5800815.75,5800844.791666667
UartTxTask,180883,180884,1253131469,1253134672,6283,True,0,1,1253140955,180886,4,29.087962962962962,29.087962962962962,5801549.407407408,5801578.49537037
TelemetryTask,180888,180889,1254664731,1254667779,465997,True,1,1,1255133776,180892,4,2157.3935185185187,2157.3935185185187,5808647.125,5810804.518518519
UartTxTask,180891,180893,1255131492,1255136229,6201,True,0,1,1255142430,180895,4,28.708333333333332,28.708333333333332,5810815.875,5810844.583333333
UartTxTask,180897,180898,1255291492,1255294636,6400,True,0,1,1255301036,180900,4,29.62962962962963,29.62962962962963,5811549.240740741,5811578.87037037
TelemetryTask,180902,180903,1256824749,1256827791,466144,True,1,1,1257293935,180906,4,2158.074074074074,2158.074074074074,5818647.180555556,5820805.25462963
UartTxTask,180905,180907,1257291581,1257296364,6163,True,0,1,1257302527,180909,4,28.53240740740741,28.53240740740741,5820816.5,5820845.032407408
UartTxTask,180911,180912,1257451665,1257454852,6218,True,0,1,1257461070,180914,4,28.787037037037038,28.787037037037038,5821550.240740741,5821579.027777778
TelemetryTask,180916,180917,1258984735,1258987739,465925,True,1,1,1259453664,180920,4,2157.060185185185,2157.060185185185,5828646.939814814,5830804.0
UartTxTask,180919,180921,1259451336,1259456130,6280,True,0,1,1259462410,180923,4,29.074074074074073,29.074074074074073,5830815.416666667,5830844.490740741
UartTxTask,180925,180926,1259611458,1259614613,6327,True,0,1,1259620940,180928,4,29.291666666666668,29.291666666666668,5831549.134259259,5831578.425925926
TelemetryTask,180930,180931,1261144744,1261147787,465930,True,1,1,1261613717,180934,4,2157.0833333333335,2157.0833333333335,5838647.162037037,5840804.24537037
UartTxTask,180933,180935,1261611392,1261616188,6136,True,0,1,1261622324,180937,4,28.40740740740741,28.40740740740741,5840815.685185186,5840844.092592592
UartTxTask,180939,180940,1261771437,1261774627,6280,True,0,1,1261780907,180942,4,29.074074074074073,29.074074074074073,5841549.199074074,5841578.273148148
TelemetryTask,180944,180945,1263304745,1263307688,465933,True,1,1,1263773621,180948,4,2157.097222222222,2157.097222222222,5848646.703703703,5850803.800925926
UartTxTask,180947,180949,1263771353,1263776048,6199,True,0,1,1263782247,180951,4,28.699074074074073,28.699074074074073,5850815.037037037,5850843.736111111
UartTxTask,180953,180954,1263931385,1263934554,6212,True,0,1,1263940766,180956,4,28.75925925925926,28.75925925925926,5851548.861111111,5851577.62037037
TelemetryTask,180958,180959,1265464717,1265467752,466012,True,1,1,1265933764,180962,4,2157.462962962963,2157.462962962963,5858647.0,5860804.462962963
UartTxTask,180961,180963,1265931424,1265936168,6155,True,0,1,1265942323,180965,4,28.49537037037037,28.49537037037037,5860815.592592592,5860844.087962963
UartTxTask,180967,180968,1266091464,1266094636,6247,True,0,1,1266100883,180970,4,28.921296296296298,28.921296296296298,5861549.240740741,5861578.162037037
TelemetryTask,180972,180973,1267624764,1267627839,466215,True,1,1,1268094054,180976,4,2158.402777777778,2158.402777777778,5868647.402777778,5870805.805555556
UartTxTask,180975,180977,1268091699,1268096561,6319,True,0,1,1268102880,180979,4,29.25462962962963,29.25462962962963,5870817.412037037,5870846.666666667
UartTxTask,180981,180982,1268251958,1268255144,6321,True,0,1,1268261465,180984,4,29.26388888888889,29.26388888888889,5871551.592592592,5871580.856481481
TelemetryTask,180986,180987,1269784721,1269787717,465929,True,1,1,1270253646,180990,4,2157.078703703704,2157.078703703704,5878646.837962963,5880803.916666667
UartTxTask,180989,180991,1270251323,1270256115,6207,True,0,1,1270262322,180993,4,28.73611111111111,28.73611111111111,5880815.347222222,5880844.083333333
UartTxTask,180995,180996,1270411315,1270414517,6210,True,0,1,1270420727,180998,4,28.75,28.75,5881548.689814814,5881577.439814814
TelemetryTask,181000,181001,1271944731,1271947719,466165,True,1,1,1272413884,181004,4,2158.171296296296,2158.171296296296,5888646.847222222,5890805.018518519
UartTxTask,181003,181005,1272411523,1272416318,6117,True,0,1,1272422435,181007,4,28.319444444444443,28.319444444444443,5890816.287037037,5890844.606481481
UartTxTask,181009,181010,1272571600,1272574818,6133,True,0,1,1272580951,181012,4,28.39351851851852,28.39351851851852,5891550.083333333,5891578.476851852
TelemetryTask,181014,181015,1274104764,1274107782,466085,True,1,1,1274573867,181018,4,2157.800925925926,2157.800925925926,5898647.138888889,5900804.939814814
UartTxTask,181017,181019,1274571480,1274576372,6336,True,0,1,1274582708,181021,4,29.333333333333332,29.333333333333332,5900816.537037037,5900845.87037037
UartTxTask,181023,181024,1274731790,1274734937,6188,True,0,1,1274741125,181026,4,28.64814814814815,28.64814814814815,5901550.634259259,5901579.282407408
TelemetryTask,181028,181029,1276264708,1276267701,465953,True,1,1,1276733654,181032,4,2157.189814814815,2157.189814814815,5908646.763888889,5910803.953703703
UartTxTask,181031,181033,1276731314,1276736141,6136,True,0,1,1276742277,181035,4,28.40740740740741,28.40740740740741,5910815.467592592,5910843.875
UartTxTask,181037,181038,1276891516,1276894704,6289,True,0,1,1276900993,181040,4,29.11574074074074,29.11574074074074,5911549.555555556,5911578.671296297
TelemetryTask,181042,181043,1278424749,1278427838,465957,True,1,1,1278893795,181046,4,2157.2083333333335,2157.2083333333335,5918647.398148148,5920804.606481481
UartTxTask,181045,181047,1278891495,1278896242,6147,True,0,1,1278902389,181049,4,28.458333333333332,28.458333333333332,5920815.935185186,5920844.393518519
UartTxTask,181051,181052,1279051519,1279054703,6371,True,0,1,1279061074,181054,4,29.49537037037037,29.49537037037037,5921549.550925926,5921579.046296297
TelemetryTask,181056,181057,1280584718,1280587733,466064,True,1,1,1281053797,181060,4,2157.703703703704,2157.703703703704,5928646.912037037,5930804.615740741
UartTxTask,181059,181061,1281051411,1281056260,6157,True,0,1,1281062417,181063,4,28.50462962962963,28.50462962962963,5930816.018518519,5930844.523148148
UartTxTask,181065,181066,1281211632,1281214762,6303,True,0,1,1281221065,181068,4,29.180555555555557,29.180555555555557,5931549.824074074,5931579.00462963
TelemetryTask,181070,181071,1282744724,1282747701,466071,True,1,1,1283213772,181074,4,2157.7361111111113,2157.7361111111113,5938646.763888889,5940804.5
UartTxTask,181073,181075,1283211391,1283216280,6154,True,0,1,1283222434,181077,4,28.49074074074074,28.49074074074074,5940816.111111111,5940844.601851852
UartTxTask,181079,181080,1283371541,1283374740,6239,True,0,1,1283380979,181082,4,28.88425925925926,28.88425925925926,5941549.722222222,5941578.606481481
TelemetryTask,181084,181085,1284904745,1284907792,466144,True,1,1,1285373936,181088,4,2158.074074074074,2158.074074074074,5948647.185185186,5950805.259259259
UartTxTask,181087,181089,1285371561,1285376397,6384,True,0,1,1285382781,181091,4,29.555555555555557,29.555555555555557,5950816.652777778,5950846.208333333
UartTxTask,181093,181094,1285531823,1285534950,6228,True,0,1,1285541178,181096,4,28.833333333333332,28.833333333333332,5951550.694444444,5951579.527777778
TelemetryTask,181098,181099,1287064760,1287067876,465972,True,1,1,1287533848,181102,4,2157.277777777778,2157.277777777778,5958647.574074074,5960804.851851852
UartTxTask,181101,181103,1287531543,1287536297,6187,True,0,1,1287542484,181105,4,28.64351851851852,28.64351851851852,5960816.189814814,5960844.833333333
UartTxTask,181107,181108,1287691637,1287694752,6322,True,0,1,1287701074,181110,4,29.26851851851852,29.26851851851852,5961549.777777778,5961579.046296297
TelemetryTask,181112,181113,1289224739,1289227746,466006,True,1,1,1289693752,181116,4,2157.435185185185,2157.435185185185,5968646.972222222,5970804.407407408
UartTxTask,181115,181117,1289691470,1289696210,6119,True,0,1,1289702329,181119,4,28.328703703703702,28.328703703703702,5970815.787037037,5970844.115740741
UartTxTask,181121,181122,1289851474,1289854656,6185,True,0,1,1289860841,181124,4,28.63425925925926,28.63425925925926,5971549.333333333,5971577.967592592
TelemetryTask,181126,181127,1291384748,1291387753,466172,True,1,1,1291853925,181130,4,2158.203703703704,2158.203703703704,5978647.00462963,5980805.208333333
UartTxTask,181129,181131,1291851571,1291856334,6192,True,0,1,1291862526,181133,4,28.666666666666668,28.666666666666668,5980816.361111111,5980845.027777778
UartTxTask,181135,181136,1292011618,1292014772,6165,True,0,1,1292020937,181138,4,28.541666666666668,28.541666666666668,5981549.87037037,5981578.412037037
TelemetryTask,181140,181141,1293544739,1293547721,466016,True,1,1,1294013737,181144,4,2157.4814814814813,2157.4814814814813,5988646.856481481,5990804.337962963
UartTxTask,181143,181145,1294011387,1294016201,6195,True,0,1,1294022396,181147,4,28.680555555555557,28.680555555555557,5990815.74537037,5990844.425925926
UartTxTask,181149,181150,1294171500,1294174724,6209,True,0,1,1294180933,181152,4,28.74537037037037,28.74537037037037,5991549.648148148,5991578.393518519
TelemetryTask,181154,181155,1295704714,1295707712,466095,True,1,1,1296173807,181158,4,2157.847222222222,2157.847222222222,5998646.814814814,6000804.662037037
UartTxTask,181157,181159,1296171423,1296176288,6296,True,0,1,1296182584,181161,4,29.14814814814815,29.14814814814815,6000816.148148148,6000845.296296297
UartTxTask,181163,181164,1296331580,1296334711,6190,True,0,1,1296340901,181166,4,28.65740740740741,28.65740740740741,6001549.587962963,6001578.24537037
TelemetryTask,181168,181169,1297864739,1297867764,466076,True,1,1,1298333840,181172,4,2157.759259259259,2157.759259259259,6008647.055555556,6010804.814814814
UartTxTask,181171,181173,1298331424,1298336272,6253,True,0,1,1298342525,181175,4,28.949074074074073,28.949074074074073,6010816.074074074,6010845.023148148
UartTxTask,181177,181178,1298491519,1298494708,6080,True,0,1,1298500788,181180,4,28.14814814814815,28.14814814814815,6011549.574074074,6011577.722222222
TelemetryTask,181182,181183,1300024745,1300027755,465916,True,1,1,1300493671,181186,4,2157.0185185185187,2157.0185185185187,6018647.013888889,6020804.032407408
UartTxTask,181185,181187,1300491341,1300496131,6199,True,0,1,1300502330,181189,4,28.699074074074073,28.699074074074073,6020815.421296297,6020844.12037037
UartTxTask,181191,181192,1300651409,1300654545,6356,True,0,1,1300660901,181194,4,29.425925925925927,29.425925925925927,6021548.819444444,6021578.24537037
TelemetryTask,181196,181197,1302184733,1302187831,466148,True,1,1,1302653979,181200,4,2158.0925925925926,2158.0925925925926,6028647.365740741,6030805.458333333
UartTxTask,181199,181201,1302651545,1302656454,6222,True,0,1,1302662676,181203,4,28.805555555555557,28.805555555555557,6030816.916666667,6030845.722222222
UartTxTask,181205,181206,1302811755,1302814944,6225,True,0,1,1302821169,181208,4,28.819444444444443,28.819444444444443,6031550.666666667,6031579.486111111
TelemetryTask,181210,181211,1304344732,1304347783,465940,True,1,1,1304813723,181214,4,2157.1296296296296,2157.1296296296296,6038647.143518519,6040804.273148148
UartTxTask,181213,181215,1304811387,1304816227,6138,True,0,1,1304822365,181217,4,28.416666666666668,28.416666666666668,6040815.865740741,6040844.282407408
UartTxTask,181219,181220,1304971472,1304974637,6261,True,0,1,1304980898,181222,4,28.98611111111111,28.98611111111111,6041549.24537037,6041578.231481481
TelemetryTask,181224,181225,1306504727,1306507738,465953,True,1,1,1306973691,181228,4,2157.189814814815,2157.189814814815,6048646.935185186,6050804.125
UartTxTask,181227,181229,1306971321,1306976142,6290,True,0,1,1306982432,181231,4,29.12037037037037,29.12037037037037,6050815.472222222,6050844.592592592
UartTxTask,181233,181234,1307131557,1307134806,6259,True,0,1,1307141065,181236,4,28.97685185185185,28.97685185185185,6051550.027777778,6051579.00462963
TelemetryTask,181238,181239,1308664743,1308667742,465975,True,1,1,1309133717,181242,4,2157.2916666666665,2157.2916666666665,6058646.953703703,6060804.24537037
UartTxTask,181241,181243,1309131399,1309136175,6196,True,0,1,1309142371,181245,4,28.685185185185187,28.685185185185187,6060815.625,6060844.310185186
UartTxTask,181247,181248,1309291439,1309294635,6257,True,0,1,1309300892,181250,4,28.96759259259259,28.96759259259259,6061549.236111111,6061578.203703703
TelemetryTask,181252,181253,1310824718,1310827654,466060,True,1,1,1311293714,181256,4,2157.685185185185,2157.685185185185,6068646.546296297,6070804.231481481
UartTxTask,181255,181257,1311291399,1311296180,6210,True,0,1,1311302390,181259,4,28.75,28.75,6070815.648148148,6070844.398148148
UartTxTask,181261,181262,1311451485,1311454664,6253,True,0,1,1311460917,181264,4,28.949074074074073,28.949074074074073,6071549.37037037,6071578.319444444
TelemetryTask,181266,181267,1312984708,1312987695,466116,True,1,1,1313453811,181270,4,2157.9444444444443,2157.9444444444443,6078646.736111111,6080804.680555556
UartTxTask,181269,181271,1313451479,1313456250,6111,True,0,1,1313462361,181273,4,28.291666666666668,28.291666666666668,6080815.972222222,6080844.263888889
UartTxTask,181275,181276,1313611486,1313614666,6278,True,0,1,1313620944,181278,4,29.064814814814813,29.064814814814813,6081549.37962963,6081578.444444444
TelemetryTask,181280,181281,1315144722,1315147754,466144,True,1,1,1315613898,181284,4,2158.074074074074,2158.074074074074,6088647.009259259,6090805.083333333
UartTxTask,181283,181285,1315611530,1315616363,6200,True,0,1,1315622563,181287,4,28.703703703703702,28.703703703703702,6090816.49537037,6090845.199074074
UartTxTask,181289,181290,1315771625,1315774808,6169,True,0,1,1315780977,181292,4,28.560185185185187,28.560185185185187,6091550.037037037,6091578.597222222
TelemetryTask,181294,181295,1317304760,1317307870,466060,True,1,1,1317773930,181298,4,2157.685185185185,2157.685185185185,6098647.546296297,6100805.231481481
UartTxTask,181297,181299,1317771608,1317776371,6170,True,0,1,1317782541,181301,4,28.564814814814813,28.564814814814813,6100816.532407408,6100845.097222222
UartTxTask,181303,181304,1317931552,1317934746,6349,True,0,1,1317941095,181306,4,29.39351851851852,29.39351851851852,6101549.75,6101579.143518519
TelemetryTask,181308,181309,1319464747,1319467791,465923,True,1,1,1319933714,181312,4,2157.050925925926,2157.050925925926,6108647.180555556,6110804.231481481
UartTxTask,181311,181313,1319931386,1319936145,6168,True,0,1,1319942313,181315,4,28.555555555555557,28.555555555555557,6110815.486111111,6110844.041666667
UartTxTask,181317,181318,1320091397,1320094643,6329,True,0,1,1320100972,181320,4,29.300925925925927,29.300925925925927,6111549.273148148,6111578.574074074
TelemetryTask,181322,181323,1321624716,1321627773,465977,True,1,1,1322093750,181326,4,2157.300925925926,2157.300925925926,6118647.097222222,6120804.398148148
UartTxTask,181325,181327,1322091484,1322096213,6122,True,0,1,1322102335,181329,4,28.34259259259259,28.34259259259259,6120815.800925926,6120844.143518519
UartTxTask,181331,181332,1322251428,1322254630,6349,True,0,1,1322260979,181334,4,29.39351851851852,29.39351851851852,6121549.212962963,6121578.606481481
TelemetryTask,181336,181337,1323784758,1323787810,466115,True,1,1,1324253925,181340,4,2157.939814814815,2157.939814814815,6128647.268518519,6130805.208333333
UartTxTask,181339,181341,1324251628,1324256370,6186,True,0,1,1324262556,181343,4,28.63888888888889,28.63888888888889,6130816.527777778,6130845.166666667
UartTxTask,181345,181346,1324411673,1324414811,6291,True,0,1,1324421102,181348,4,29.125,29.125,6131550.050925926,6131579.175925926
TelemetryTask,181350,181351,1325944750,1325947780,466085,True,1,1,1326413865,181354,4,2157.800925925926,2157.800925925926,6138647.12962963,6140804.930555556
UartTxTask,181353,181355,1326411536,1326416312,6091,True,0,1,1326422403,181357,4,28.199074074074073,28.199074074074073,6140816.259259259,6140844.458333333
UartTxTask,181359,181360,1326571481,1326574731,6192,True,0,1,1326580923,181362,4,28.666666666666668,28.666666666666668,6141549.680555556,6141578.347222222
TelemetryTask,181364,181365,1328104767,1328107803,466039,True,1,1,1328573842,181368,4,2157.587962962963,2157.587962962963,6148647.236111111,6150804.824074074
UartTxTask,181367,181369,1328571460,1328576345,6343,True,0,1,1328582688,181371,4,29.36574074074074,29.36574074074074,6150816.412037037,6150845.777777778
UartTxTask,181373,181374,1328731789,1328734911,6272,True,0,1,1328741183,181376,4,29.037037037037038,29.037037037037038,6151550.513888889,6151579.550925926
TelemetryTask,181378,181379,1330264708,1330267731,465938,True,1,1,1330733669,181382,4,2157.1203703703704,2157.1203703703704,6158646.902777778,6160804.023148148
UartTxTask,181381,181383,1330731416,1330736060,6203,True,0,1,1330742263,181385,4,28.71759259259259,28.71759259259259,6160815.092592592,6160843.810185186
UartTxTask,181387,181388,1330891416,1330894636,6183,True,0,1,1330900819,181390,4,28.625,28.625,6161549.240740741,6161577.865740741
TelemetryTask,181392,181393,1332424735,1332427757,465873,True,1,1,1332893630,181396,4,2156.8194444444443,2156.8194444444443,6168647.023148148,6170803.842592592
UartTxTask,181395,181397,1332891333,1332896079,6200,True,0,1,1332902279,181399,4,28.703703703703702,28.703703703703702,6170815.180555556,6170843.884259259
UartTxTask,181401,181402,1333051325,1333054545,6283,True,0,1,1333060828,181404,4,29.087962962962962,29.087962962962962,6171548.819444444,6171577.907407408
TelemetryTask,181406,181407,1334584754,1334587793,466116,True,1,1,1335053909,181410,4,2157.9444444444443,2157.9444444444443,6178647.189814814,6180805.134259259
UartTxTask,181409,181411,1335051572,1335056345,6198,True,0,1,1335062543,181413,4,28.694444444444443,28.694444444444443,6180816.412037037,6180845.106481481
UartTxTask,181415,181416,1335211642,1335214767,6236,True,0,1,1335221003,181418,4,28.87037037037037,28.87037037037037,6181549.847222222,6181578.717592592
TelemetryTask,181420,181421,1336744778,1336747788,466124,True,1,1,1337213912,181424,4,2157.9814814814813,2157.9814814814813,6188647.166666667,6190805.148148148
UartTxTask,181423,181425,1337211600,1337216376,6218,True,0,1,1337222594,181427,4,28.787037037037038,28.787037037037038,6190816.555555556,6190845.342592592
UartTxTask,181429,181430,1337371673,1337374839,6226,True,0,1,1337381065,181432,4,28.824074074074073,28.824074074074073,6191550.180555556,6191579.00462963
TelemetryTask,181434,181435,1338904743,1338907753,465951,True,1,1,1339373704,181438,4,2157.1805555555557,2157.1805555555557,6198647.00462963,6200804.185185186
UartTxTask,181437,181439,1339371347,1339376158,6202,True,0,1,1339382360,181441,4,28.712962962962962,28.712962962962962,6200815.546296297,6200844.259259259
UartTxTask,181443,181444,1339531426,1339534592,6179,True,0,1,1339540771,181446,4,28.60648148148148,28.60648148148148,6201549.037037037,6201577.643518519
TelemetryTask,181448,181449,1341064724,1341067714,466127,True,1,1,1341533841,181452,4,2157.9953703703704,2157.9953703703704,6208646.824074074,6210804.819444444
UartTxTask,181451,181453,1341531459,1341536344,6336,True,0,1,1341542680,181455,4,29.333333333333332,29.333333333333332,6210816.407407408,6210845.740740741
UartTxTask,181457,181458,1341691740,1341694950,6333,True,0,1,1341701283,181460,4,29.319444444444443,29.319444444444443,6211550.694444444,6211580.013888889
TelemetryTask,181462,181463,1343224707,1343227685,465778,True,1,1,1343693463,181466,4,2156.3796296296296,2156.3796296296296,6218646.689814814,6220803.069444444
UartTxTask,181465,181467,1343691132,1343695893,6107,True,0,1,1343702000,181469,4,28.27314814814815,28.27314814814815,6220814.319444444,6220842.592592592
UartTxTask,181471,181472,1343851015,1343854166,6209,True,0,1,1343860375,181474,4,28.74537037037037,28.74537037037037,6221547.064814814,6221575.810185186
TelemetryTask,181476,181477,1345384697,1345387721,466029,True,1,1,1345853750,181480,4,2157.5416666666665,2157.5416666666665,6228646.856481481,6230804.398148148
UartTxTask,181479,181481,1345851391,1345856161,6235,True,0,1,1345862396,181483,4,28.86574074074074,28.86574074074074,6230815.560185186,6230844.425925926
UartTxTask,181485,181486,1346011499,1346014702,6229,True,0,1,1346020931,181488,4,28.837962962962962,28.837962962962962,6231549.546296297,6231578.384259259
TelemetryTask,181490,181491,1347544773,1347547759,466033,True,1,1,1348013792,181494,4,2157.560185185185,2157.560185185185,6238647.032407408,6240804.592592592
UartTxTask,181493,181495,1348011497,1348016224,6115,True,0,1,1348022339,181497,4,28.310185185185187,28.310185185185187,6240815.851851852,6240844.162037037
UartTxTask,181499,181500,1348171427,1348174650,6268,True,0,1,1348180918,181502,4,29.01851851851852,29.01851851851852,6241549.305555556,6241578.324074074
TelemetryTask,181504,181505,1349704725,1349707794,465972,True,1,1,1350173766,181508,4,2157.277777777778,2157.277777777778,6248647.194444444,6250804.472222222
UartTxTask,181507,181509,1350171396,1350176247,6292,True,0,1,1350182539,181511,4,29.12962962962963,29.12962962962963,6250815.958333333,6250845.087962963
UartTxTask,181513,181514,1350331523,1350334721,6086,True,0,1,1350340807,181516,4,28.175925925925927,28.175925925925927,6251549.634259259,6251577.810185186
TelemetryTask,181518,181519,1351864751,1351867825,466013,True,1,1,1352333838,181522,4,2157.4675925925926,2157.4675925925926,6258647.337962963,6260804.805555556
UartTxTask,181521,181523,1352331487,1352336365,6163,True,0,1,1352342528,181525,4,28.53240740740741,28.53240740740741,6260816.50462963,6260845.037037037
UartTxTask,181527,181528,1352491638,1352494806,6333,True,0,1,1352501139,181530,4,29.319444444444443,29.319444444444443,6261550.027777778,6261579.347222222
TelemetryTask,181532,181533,1354024724,1354027810,466123,True,1,1,1354493933,181536,4,2157.9768518518517,2157.9768518518517,6268647.268518519,6270805.24537037
UartTxTask,181535,181537,1354491593,1354496310,6126,True,0,1,1354502436,181539,4,28.36111111111111,28.36111111111111,6270816.25,6270844.611111111
UartTxTask,181541,181542,1354651544,1354654737,6174,True,0,1,1354660911,181544,4,28.583333333333332,28.583333333333332,6271549.708333333,6271578.291666667
TelemetryTask,181546,181547,1356184725,1356187789,466082,True,1,1,1356653871,181550,4,2157.787037037037,2157.787037037037,6278647.171296297,6280804.958333333
UartTxTask,181549,181551,1356651562,1356656324,6189,True,0,1,1356662513,181553,4,28.65277777777778,28.65277777777778,6280816.314814814,6280844.967592592
UartTxTask,181555,181556,1356811593,1356814739,6318,True,0,1,1356821057,181558,4,29.25,29.25,6281549.717592592,6281578.967592592
TelemetryTask,181560,181561,1358344745,1358347770,466065,True,1,1,1358813835,181564,4,2157.7083333333335,2157.7083333333335,6288647.083333333,6290804.791666667
UartTxTask,181563,181565,1358811512,1358816282,6261,True,0,1,1358822543,181567,4,28.98611111111111,28.98611111111111,6290816.12037037,6290845.106481481
UartTxTask,181569,181570,1358971627,1358974814,6216,True,0,1,1358981030,181572,4,28.77777777777778,28.77777777777778,6291550.064814814,6291578.842592592
TelemetryTask,181574,181575,1360504728,1360507749,466033,True,1,1,1360973782,181578,4,2157.560185185185,2157.560185185185,6298646.986111111,6300804.546296297
UartTxTask,181577,181579,1360971446,1360976210,6152,True,0,1,1360982362,181581,4,28.48148148148148,28.48148148148148,6300815.787037037,6300844.268518519
UartTxTask,181583,181584,1361131446,1361134570,6184,True,0,1,1361140754,181586,4,28.62962962962963,28.62962962962963,6301548.935185186,6301577.564814814
TelemetryTask,181588,181589,1362664735,1362667816,466159,True,1,1,1363133975,181592,4,2158.1435185185187,2158.1435185185187,6308647.296296297,6310805.439814814
UartTxTask,181591,181593,1363131574,1363136387,6209,True,0,1,1363142596,181595,4,28.74537037037037,28.74537037037037,6310816.606481481,6310845.351851852
UartTxTask,181597,181598,1363291683,1363294897,6172,True,0,1,1363301069,181600,4,28.574074074074073,28.574074074074073,6311550.449074074,6311579.023148148
TelemetryTask,181602,181603,1364824740,1364827754,466160,True,1,1,1365293914,181606,4,2158.1481481481483,2158.1481481481483,6318647.009259259,6320805.157407408
UartTxTask,181605,181607,1365291611,1365296378,6138,True,0,1,1365302516,181609,4,28.416666666666668,28.416666666666668,6320816.564814814,6320844.981481481
UartTxTask,181611,181612,1365451670,1365454900,6273,True,0,1,1365461173,181614,4,29.041666666666668,29.041666666666668,6321550.462962963,6321579.50462963
TelemetryTask,181616,181617,1366984716,1366987710,466115,True,1,1,1367453825,181620,4,2157.939814814815,2157.939814814815,6328646.805555556,6330804.74537037
UartTxTask,181619,181621,1367451456,1367456311,6246,True,0,1,1367462557,181623,4,28.916666666666668,28.916666666666668,6330816.25462963,6330845.171296297
UartTxTask,181625,181626,1367611622,1367614860,6214,True,0,1,1367621074,181628,4,28.76851851851852,28.76851851851852,6331550.277777778,6331579.046296297
TelemetryTask,181630,181631,1369144756,1369147781,466281,True,1,1,1369614062,181634,4,2158.7083333333335,2158.7083333333335,6338647.134259259,6340805.842592592
UartTxTask,181633,181635,1369611688,1369616502,6181,True,0,1,1369622683,181637,4,28.61574074074074,28.61574074074074,6340817.138888889,6340845.75462963
UartTxTask,181639,181640,1369771776,1369774923,6274,True,0,1,1369781197,181642,4,29.046296296296298,29.046296296296298,6341550.569444444,6341579.615740741
TelemetryTask,181644,181645,1371304752,1371307708,466061,True,1,1,1371773769,181648,4,2157.689814814815,2157.689814814815,6348646.796296297,6350804.486111111
UartTxTask,181647,181649,1371771393,1371776215,6279,True,0,1,1371782494,181651,4,29.069444444444443,29.069444444444443,6350815.810185186,6350844.87962963
UartTxTask,181653,181654,1371931469,1371934623,6190,True,0,1,1371940813,181656,4,28.65740740740741,28.65740740740741,6351549.180555556,6351577.837962963
TelemetryTask,181658,181659,1373464731,1373467718,465959,True,1,1,1373933677,181662,4,2157.2175925925926,2157.2175925925926,6358646.842592592,6360804.060185186
UartTxTask,181661,181663,1373931350,1373936098,6253,True,0,1,1373942351,181665,4,28.949074074074073,28.949074074074073,6360815.268518519,6360844.217592592
UartTxTask,181667,181668,1374091444,1374094632,6155,True,0,1,1374100787,181670,4,28.49537037037037,28.49537037037037,6361549.222222222,6361577.717592592
TelemetryTask,181672,181673,1375624736,1375627792,466200,True,1,1,1376093992,181676,4,2158.3333333333335,2158.3333333333335,6368647.185185186,6370805.518518519
UartTxTask,181675,181677,1376091660,1376096429,6262,True,0,1,1376102691,181679,4,28.99074074074074,28.99074074074074,6370816.800925926,6370845.791666667
UartTxTask,181681,181682,1376251721,1376254868,6287,True,0,1,1376261155,181684,4,29.10648148148148,29.10648148148148,6371550.314814814,6371579.421296297
TelemetryTask,181686,181687,1377784724,1377787821,466051,True,1,1,1378253872,181690,4,2157.6435185185187,2157.6435185185187,6378647.319444444,6380804.962962963
UartTxTask,181689,181691,1378251554,1378256356,6282,True,0,1,1378262638,181693,4,29.083333333333332,29.083333333333332,6380816.462962963,6380845.546296297
UartTxTask,181695,181696,1378411690,1378414838,6261,True,0,1,1378421099,181698,4,28.98611111111111,28.98611111111111,6381550.175925926,6381579.162037037
TelemetryTask,181700,181701,1379944721,1379947703,465909,True,1,1,1380413612,181704,4,2156.9861111111113,2156.9861111111113,6388646.773148148,6390803.759259259
UartTxTask,181703,181705,1380411309,1380416032,6285,True,0,1,1380422317,181707,4,29.09722222222222,29.09722222222222,6390814.962962963,6390844.060185186
UartTxTask,181709,181710,1380571345,1380574470,6213,True,0,1,1380580683,181712,4,28.76388888888889,28.76388888888889,6391548.472222222,6391577.236111111
TelemetryTask,181714,181715,1382104734,1382107744,466192,True,1,1,1382573936,181718,4,2158.296296296296,2158.296296296296,6398646.962962963,6400805.259259259
UartTxTask,181717,181719,1382571575,1382576370,6181,True,0,1,1382582551,181721,4,28.61574074074074,28.61574074074074,6400816.527777778,6400845.143518519
UartTxTask,181723,181724,1382731646,1382734818,6248,True,0,1,1382741066,181726,4,28.925925925925927,28.925925925925927,6401550.083333333,6401579.009259259
TelemetryTask,181728,181729,1384264754,1384267795,465965,True,1,1,1384733760,181732,4,2157.2453703703704,2157.2453703703704,6408647.199074074,6410804.444444444
UartTxTask,181731,181733,1384731430,1384736176,6176,True,0,1,1384742352,181735,4,28.59259259259259,28.59259259259259,6410815.62962963,6410844.222222222
UartTxTask,181737,181738,1384891402,1384894629,6167,True,0,1,1384900796,181740,4,28.550925925925927,28.550925925925927,6411549.208333333,6411577.759259259
TelemetryTask,181742,181743,1386424726,1386427756,466042,True,1,1,1386893798,181746,4,2157.6018518518517,2157.6018518518517,6418647.018518519,6420804.62037037
UartTxTask,181745,181747,1386891459,1386896281,6225,True,0,1,1386902506,181749,4,28.819444444444443,28.819444444444443,6420816.115740741,6420844.935185186
UartTxTask,181751,181752,1387051577,1387054749,6255,True,0,1,1387061004,181754,4,28.958333333333332,28.958333333333332,6421549.763888889,6421578.722222222
TelemetryTask,181756,181757,1388584745,1388587813,466017,True,1,1,1389053830,181760,4,2157.4861111111113,2157.4861111111113,6428647.282407408,6430804.768518519
UartTxTask,181759,181761,1389051525,1389056248,6199,True,0,1,1389062447,181763,4,28.699074074074073,28.699074074074073,6430815.962962963,6430844.662037037
UartTxTask,181765,181766,1389211545,1389214700,6196,True,0,1,1389220896,181768,4,28.685185185185187,28.685185185185187,6431549.537037037,6431578.222222222
TelemetryTask,181770,181771,1390744734,1390747771,465947,True,1,1,1391213718,181774,4,2157.162037037037,2157.162037037037,6438647.087962963,6440804.25
UartTxTask,181773,181775,1391211363,1391216245,6122,True,0,1,1391222367,181777,4,28.34259259259259,28.34259259259259,6440815.949074074,6440844.291666667
UartTxTask,181779,181780,1391371456,1391374617,6313,True,0,1,1391380930,181782,4,29.22685185185185,29.22685185185185,6441549.152777778,6441578.37962963
TelemetryTask,181784,181785,1392904716,1392907769,465956,True,1,1,1393373725,181788,4,2157.203703703704,2157.203703703704,6448647.078703703,6450804.282407408
UartTxTask,181787,181789,1393371405,1393376193,6319,True,0,1,1393382512,181791,4,29.25462962962963,29.25462962962963,6450815.708333333,6450844.962962963
UartTxTask,181793,181794,1393531544,1393534660,6318,True,0,1,1393540978,181796,4,29.25,29.25,6451549.351851852,6451578.601851852
TelemetryTask,181798,181799,1395064752,1395067804,472692,True,1,1,1395546884,181806,4,2217.962962962963,2188.3888888888887,6458647.240740741,6460865.203703703
ButtonTask,181802,181807,1395251520,1395548974,26427,True,1,1,1395575401,181810,4,122.34722222222223,122.34722222222223,6460874.87962963,6460997.226851852
UartTxTask,181805,181811,1395544553,1395578166,9213,True,0,1,1395587379,181813,4,42.65277777777778,42.65277777777778,6461010.027777778,6461052.680555556
UartTxTask,181815,181816,1395736336,1395738312,8622,True,0,1,1395746934,181819,4,39.916666666666664,39.916666666666664,6461751.444444444,6461791.361111111
UartTxTask,181821,181822,1395896005,1395897935,7156,True,0,1,1395905091,181824,4,33.129629629629626,33.129629629629626,6462490.439814814,6462523.569444444
TelemetryTask,181826,181827,1397224737,1397227757,466191,True,1,1,1397693948,181830,4,2158.2916666666665,2158.2916666666665,6468647.023148148,6470805.314814814
UartTxTask,181829,181831,1397691559,1397696394,6196,True,0,1,1397702590,181833,4,28.685185185185187,28.685185185185187,6470816.638888889,6470845.324074074
UartTxTask,181835,181836,1397851737,1397854907,6298,True,0,1,1397861205,181838,4,29.15740740740741,29.15740740740741,6471550.49537037,6471579.652777778
TelemetryTask,181840,181841,1399384729,1399387678,466191,True,1,1,1399853869,181844,4,2158.2916666666665,2158.2916666666665,6478646.657407408,6480804.949074074
UartTxTask,181843,181845,1399851554,1399856286,6232,True,0,1,1399862518,181847,4,28.85185185185185,28.85185185185185,6480816.138888889,6480844.990740741
UartTxTask,181849,181850,1400011626,1400014823,6361,True,0,1,1400021184,181852,4,29.449074074074073,29.449074074074073,6481550.106481481,6481579.555555556
TelemetryTask,181854,181855,1401544743,1401547706,466086,True,1,1,1402013792,181858,4,2157.8055555555557,2157.8055555555557,6488646.787037037,6490804.592592592
UartTxTask,181857,181859,1402011461,1402016223,6262,True,0,1,1402022485,181861,4,28.99074074074074,28.99074074074074,6490815.847222222,6490844.837962963
UartTxTask,181863,181864,1402171565,1402174819,6230,True,0,1,1402181049,181866,4,28.84259259259259,28.84259259259259,6491550.087962963,6491578.930555556
TelemetryTask,181868,181869,1403704748,1403707781,466112,True,1,1,1404173893,181872,4,2157.925925925926,2157.925925925926,6498647.134259259,6500805.060185186
UartTxTask,181871,181873,1404171646,1404176321,6146,True,0,1,1404182467,181875,4,28.453703703703702,28.453703703703702,6500816.300925926,6500844.75462963
UartTxTask,181877,181878,1404331566,1404334711,6300,True,0,1,1404341011,181880,4,29.166666666666668,29.166666666666668,6501549.587962963,6501578.75462963
TelemetryTask,181882,181883,1405864753,1405867788,466028,True,1,1,1406333816,181886,4,2157.537037037037,2157.537037037037,6508647.166666667,6510804.703703703
UartTxTask,181885,181887,1406331450,1406336261,6188,True,0,1,1406342449,181889,4,28.64814814814815,28.64814814814815,6510816.023148148,6510844.671296297
UartTxTask,181891,181892,1406491578,1406494734,6331,True,0,1,1406501065,181894,4,29.310185185185187,29.310185185185187,6511549.694444444,6511579.00462963
TelemetryTask,181896,181897,1408024718,1408027753,466187,True,1,1,1408493940,181900,4,2158.2731481481483,2158.2731481481483,6518647.00462963,6520805.277777778
UartTxTask,181899,181901,1408491599,1408496374,6144,True,0,1,1408502518,181903,4,28.444444444444443,28.444444444444443,6520816.546296297,6520844.990740741
UartTxTask,181905,181906,1408651640,1408654901,6301,True,0,1,1408661202,181908,4,29.171296296296298,29.171296296296298,6521550.467592592,6521579.638888889
TelemetryTask,181910,181911,1410184745,1410187815,466056,True,1,1,1410653871,181914,4,2157.6666666666665,2157.6666666666665,6528647.291666667,6530804.958333333
UartTxTask,181913,181915,1410651499,1410656309,6220,True,0,1,1410662529,181917,4,28.796296296296298,28.796296296296298,6530816.24537037,6530845.041666667
UartTxTask,181919,181920,1410811528,1410814684,6207,True,0,1,1410820891,181922,4,28.73611111111111,28.73611111111111,6531549.462962963,6531578.199074074
TelemetryTask,181924,181925,1412344741,1412347766,466169,True,1,1,1412813935,181928,4,2158.189814814815,2158.189814814815,6538647.064814814,6540805.25462963
UartTxTask,181927,181929,1412811605,1412816404,6299,True,0,1,1412822703,181931,4,29.162037037037038,29.162037037037038,6540816.685185186,6540845.847222222
UartTxTask,181933,181934,1412971736,1412974926,6138,True,0,1,1412981064,181936,4,28.416666666666668,28.416666666666668,6541550.583333333,6541579.0
TelemetryTask,181938,181939,1414504736,1414507749,466503,True,1,1,1414974252,181942,4,2159.7361111111113,2159.7361111111113,6548646.986111111,6550806.722222222
UartTxTask,181941,181943,1414971924,1414976670,6238,True,0,1,1414982908,181945,4,28.87962962962963,28.87962962962963,6550817.916666667,6550846.796296297
UartTxTask,181947,181948,1415131927,1415135072,6291,True,0,1,1415141363,181950,4,29.125,29.125,6551551.259259259,6551580.384259259
TelemetryTask,181952,181953,1416664742,1416667800,465918,True,1,1,1417133718,181956,4,2157.027777777778,2157.027777777778,6558647.222222222,6560804.25
UartTxTask,181955,181957,1417131425,1417136151,6306,True,0,1,1417142457,181959,4,29.194444444444443,29.194444444444443,6560815.513888889,6560844.708333333
UartTxTask,181961,181962,1417291417,1417294634,6218,True,0,1,1417300852,181964,4,28.787037037037038,28.787037037037038,6561549.231481481,6561578.018518519
TelemetryTask,181966,181967,1418824752,1418827830,466146,True,1,1,1419293976,181970,4,2158.0833333333335,2158.0833333333335,6568647.361111111,6570805.444444444
UartTxTask,181969,181971,1419291651,1419296437,6171,True,0,1,1419302608,181973,4,28.569444444444443,28.569444444444443,6570816.837962963,6570845.407407408
UartTxTask,181975,181976,1419451757,1419454959,6277,True,0,1,1419461236,181978,4,29.060185185185187,29.060185185185187,6571550.736111111,6571579.796296297
TelemetryTask,181980,181981,1420984727,1420987719,466023,True,1,1,1421453742,181984,4,2157.5138888888887,2157.5138888888887,6578646.847222222,6580804.361111111
UartTxTask,181983,181985,1421451380,1421456207,6220,True,0,1,1421462427,181987,4,28.796296296296298,28.796296296296298,6580815.773148148,6580844.569444444
UartTxTask,181989,181990,1421611524,1421614697,6210,True,0,1,1421620907,181992,4,28.75,28.75,6581549.523148148,6581578.273148148
TelemetryTask,181994,181995,1423144707,1423147758,465874,True,1,1,1423613632,181998,4,2156.824074074074,2156.824074074074,6588647.027777778,6590803.851851852
UartTxTask,181997,181999,1423611351,1423616089,6208,True,0,1,1423622297,182001,4,28.74074074074074,28.74074074074074,6590815.226851852,6590843.967592592
UartTxTask,182003,182004,1423771317,1423774528,6256,True,0,1,1423780784,182006,4,28.962962962962962,28.962962962962962,6591548.740740741,6591577.703703703
TelemetryTask,182008,182009,1425304770,1425307762,465943,True,1,1,1425773705,182012,4,2157.1435185185187,2157.1435185185187,6598647.046296297,6600804.189814814
UartTxTask,182011,182013,1425771382,1425776142,6172,True,0,1,1425782314,182015,4,28.574074074074073,28.574074074074073,6600815.472222222,6600844.046296297
UartTxTask,182017,182018,1425931438,1425934572,6202,True,0,1,1425940774,182020,4,28.712962962962962,28.712962962962962,6601548.944444444,6601577.657407408
TelemetryTask,182022,182023,1427464725,1427467772,466132,True,1,1,1427933904,182026,4,2158.0185185185187,2158.0185185185187,6608647.092592592,6610805.111111111
UartTxTask,182025,182027,1427931594,1427936362,6223,True,0,1,1427942585,182029,4,28.810185185185187,28.810185185185187,6610816.490740741,6610845.300925926
UartTxTask,182031,182032,1428091651,1428094897,6232,True,0,1,1428101129,182034,4,28.85185185185185,28.85185185185185,6611550.449074074,6611579.300925926
TelemetryTask,182036,182037,1429624747,1429627744,466032,True,1,1,1430093776,182040,4,2157.5555555555557,2157.5555555555557,6618646.962962963,6620804.518518519
UartTxTask,182039,182041,1430091451,1430096248,6255,True,0,1,1430102503,182043,4,28.958333333333332,28.958333333333332,6620815.962962963,6620844.921296297
UartTxTask,182045,182046,1430251582,1430254771,6199,True,0,1,1430260970,182048,4,28.699074074074073,28.699074074074073,6621549.865740741,6621578.564814814
TelemetryTask,182050,182051,1431784719,1431787730,465976,True,1,1,1432253706,182054,4,2157.296296296296,2157.296296296296,6628646.898148148,6630804.194444444
UartTxTask,182053,182055,1432251409,1432256149,6126,True,0,1,1432262275,182057,4,28.36111111111111,28.36111111111111,6630815.50462963,6630843.865740741
UartTxTask,182059,182060,1432411391,1432414610,6286,True,0,1,1432420896,182062,4,29.10185185185185,29.10185185185185,6631549.12037037,6631578.222222222
ButtonTask,182066,182068,1433504899,1433508153,29887,True,1,1,1433538040,182072,4,138.36574074074073,138.36574074074073,6636611.819444444,6636750.185185186
UartTxTask,182071,182073,1433534464,1433540781,6115,True,0,1,1433546896,182075,4,28.310185185185187,28.310185185185187,6636762.875,6636791.185185186
UartTxTask,182077,182078,1433695970,1433697988,6294,True,0,1,1433704282,182080,4,29.13888888888889,29.13888888888889,6637490.685185186,6637519.824074074
TelemetryTask,182082,182083,1433944822,1433947780,465838,True,1,1,1434413618,182086,4,2156.6574074074074,2156.6574074074074,6638647.12962963,6640803.787037037
UartTxTask,182085,182087,1434411312,1434416040,6199,True,0,1,1434422239,182089,4,28.699074074074073,28.699074074074073,6640815.0,6640843.699074074
UartTxTask,182091,182092,1434571328,1434574482,6187,True,0,1,1434580669,182094,4,28.64351851851852,28.64351851851852,6641548.527777778,6641577.171296297
TelemetryTask,182096,182097,1436104757,1436107846,466039,True,1,1,1436573885,182100,4,2157.587962962963,2157.587962962963,6648647.435185186,6650805.023148148
UartTxTask,182099,182101,1436571502,1436576354,6149,True,0,1,1436582503,182103,4,28.46759259259259,28.46759259259259,6650816.453703703,6650844.921296297
UartTxTask,182105,182106,1436731679,1436734928,6233,True,0,1,1436741161,182108,4,28.85648148148148,28.85648148148148,6651550.592592592,6651579.449074074
TelemetryTask,182110,182111,1438264775,1438267872,466130,True,1,1,1438734002,182114,4,2158.009259259259,2158.009259259259,6658647.555555556,6660805.564814814
UartTxTask,182113,182115,1438731680,1438736451,6267,True,0,1,1438742718,182117,4,29.01388888888889,29.01388888888889,6660816.902777778,6660845.916666667
UartTxTask,182119,182120,1438891772,1438894939,6214,True,0,1,1438901153,182122,4,28.76851851851852,28.76851851851852,6661550.643518519,6661579.412037037
TelemetryTask,182124,182125,1440424736,1440427754,466131,True,1,1,1440893885,182128,4,2158.0138888888887,2158.0138888888887,6668647.009259259,6670805.023148148
UartTxTask,182127,182129,1440891559,1440896347,6245,True,0,1,1440902592,182131,4,28.912037037037038,28.912037037037038,6670816.421296297,6670845.333333333
UartTxTask,182133,182134,1441051714,1441054943,6142,True,0,1,1441061085,182136,4,28.435185185185187,28.435185185185187,6671550.662037037,6671579.097222222
TelemetryTask,182138,182139,1442584730,1442587784,465835,True,1,1,1443053619,182142,4,2156.6435185185187,2156.6435185185187,6678647.148148148,6680803.791666667
UartTxTask,182141,182143,1443051372,1443056012,6187,True,0,1,1443062199,182145,4,28.64351851851852,28.64351851851852,6680814.87037037,6680843.513888889
UartTxTask,182147,182148,1443211335,1443214552,6316,True,0,1,1443220868,182150,4,29.24074074074074,29.24074074074074,6681548.851851852,6681578.092592592
TelemetryTask,182152,182153,1444744703,1444747788,466182,True,1,1,1445213970,182156,4,2158.25,2158.25,6688647.166666667,6690805.416666667
UartTxTask,182155,182157,1445211559,1445216449,6182,True,0,1,1445222631,182159,4,28.62037037037037,28.62037037037037,6690816.893518519,6690845.513888889
UartTxTask,182161,182162,1445371684,1445374850,6255,True,0,1,1445381105,182164,4,28.958333333333332,28.958333333333332,6691550.231481481,6691579.189814814
TelemetryTask,182166,182167,1446904761,1446907848,466272,True,1,1,1447374120,182170,4,2158.6666666666665,2158.6666666666665,6698647.444444444,6700806.111111111
UartTxTask,182169,182171,1447371709,1447376580,6210,True,0,1,1447382790,182173,4,28.75,28.75,6700817.5,6700846.25
UartTxTask,182175,182176,1447531832,1447535117,6223,True,0,1,1447541340,182178,4,28.810185185185187,28.810185185185187,6701551.467592592,6701580.277777778
TelemetryTask,182180,182181,1449064770,1449067783,465876,True,1,1,1449533659,182184,4,2156.8333333333335,2156.8333333333335,6708647.143518519,6710803.976851852
UartTxTask,182183,182185,1449531339,1449536048,6180,True,0,1,1449542228,182187,4,28.61111111111111,28.61111111111111,6710815.037037037,6710843.648148148
UartTxTask,182189,182190,1449691290,1449694460,6224,True,0,1,1449700684,182192,4,28.814814814814813,28.814814814814813,6711548.425925926,6711577.240740741
TelemetryTask,182194,182195,1451224729,1451227776,466117,True,1,1,1451693893,182198,4,2157.949074074074,2157.949074074074,6718647.111111111,6720805.060185186
UartTxTask,182197,182199,1451691599,1451696358,6304,True,0,1,1451702662,182201,4,29.185185185185187,29.185185185185187,6720816.472222222,6720845.657407408
UartTxTask,182203,182204,1451851774,1451854959,6206,True,0,1,1451861165,182206,4,28.73148148148148,28.73148148148148,6721550.736111111,6721579.467592592
TelemetryTask,182208,182209,1453384712,1453387701,466093,True,1,1,1453853794,182212,4,2157.837962962963,2157.837962962963,6728646.763888889,6730804.601851852
UartTxTask,182211,182213,1453851430,1453856293,6197,True,0,1,1453862490,182215,4,28.689814814814813,28.689814814814813,6730816.171296297,6730844.861111111
UartTxTask,182217,182218,1454011573,1454014697,6295,True,0,1,1454020992,182220,4,29.14351851851852,29.14351851851852,6731549.523148148,6731578.666666667
TelemetryTask,182222,182223,1455544743,1455547737,466611,True,1,1,1456014348,182226,4,2160.2361111111113,2160.2361111111113,6738646.930555556,6740807.166666667
UartTxTask,182225,182227,1456012034,1456016737,6127,True,0,1,1456022864,182229,4,28.36574074074074,28.36574074074074,6740818.226851852,6740846.592592592
UartTxTask,182231,182232,1456171949,1456175124,6198,True,0,1,1456181322,182234,4,28.694444444444443,28.694444444444443,6741551.5,6741580.194444444
TelemetryTask,182236,182237,1457704752,1457707809,465966,True,1,1,1458173775,182240,4,2157.25,2157.25,6748647.263888889,6750804.513888889
UartTxTask,182239,182241,1458171494,1458176204,6236,True,0,1,1458182440,182243,4,28.87037037037037,28.87037037037037,6750815.759259259,6750844.62962963
UartTxTask,182245,182246,1458331488,1458334723,6305,True,0,1,1458341028,182248,4,29.189814814814813,29.189814814814813,6751549.643518519,6751578.833333333
TelemetryTask,182250,182251,1459864742,1459867774,466234,True,1,1,1460334008,182254,4,2158.490740740741,2158.490740740741,6758647.101851852,6760805.592592592
UartTxTask,182253,182255,1460331678,1460336465,6148,True,0,1,1460342613,182257,4,28.462962962962962,28.462962962962962,6760816.967592592,6760845.430555556
UartTxTask,182259,182260,1460491703,1460494922,6320,True,0,1,1460501242,182262,4,29.25925925925926,29.25925925925926,6761550.564814814,6761579.824074074
TelemetryTask,182264,182265,1462024782,1462027826,466128,True,1,1,1462493954,182268,4,2158.0,2158.0,6768647.342592592,6770805.342592592
UartTxTask,182267,182269,1462491616,1462496390,6395,True,0,1,1462502785,182271,4,29.60648148148148,29.60648148148148,6770816.62037037,6770846.226851852
UartTxTask,182273,182274,1462651793,1462654931,6186,True,0,1,1462661117,182276,4,28.63888888888889,28.63888888888889,6771550.606481481,6771579.24537037
TelemetryTask,182278,182279,1464184758,1464187782,465974,True,1,1,1464653756,182282,4,2157.287037037037,2157.287037037037,6778647.138888889,6780804.425925926
UartTxTask,182281,182283,1464651473,1464656228,6185,True,0,1,1464662413,182285,4,28.63425925925926,28.63425925925926,6780815.87037037,6780844.50462963
UartTxTask,182287,182288,1464811517,1464814644,6239,True,0,1,1464820883,182290,4,28.88425925925926,28.88425925925926,6781549.277777778,6781578.162037037
TelemetryTask,182292,182293,1466344740,1466347824,466054,True,1,1,1466813878,182296,4,2157.6574074074074,2157.6574074074074,6788647.333333333,6790804.990740741
UartTxTask,182295,182297,1466811591,1466816300,6251,True,0,1,1466822551,182299,4,28.939814814814813,28.939814814814813,6790816.203703703,6790845.143518519
UartTxTask,182301,182302,1466971571,1466974724,6266,True,0,1,1466980990,182304,4,29.00925925925926,29.00925925925926,6791549.648148148,6791578.657407408
TelemetryTask,182306,182307,1468504744,1468507809,466163,True,1,1,1468973972,182310,4,2158.162037037037,2158.162037037037,6798647.263888889,6800805.425925926
UartTxTask,182309,182311,1468971639,1468976409,6200,True,0,1,1468982609,182313,4,28.703703703703702,28.703703703703702,6800816.708333333,6800845.412037037
UartTxTask,182315,182316,1469131679,1469134922,6309,True,0,1,1469141231,182318,4,29.208333333333332,29.208333333333332,6801550.564814814,6801579.773148148
ButtonTask,182322,182324,1469623858,1469627167,29322,True,1,1,1469656489,182328,4,135.75,135.75,6803829.476851852,6803965.226851852
UartTxTask,182327,182329,1469652879,1469659290,6283,True,0,1,1469665573,182331,4,29.087962962962962,29.087962962962962,6803978.194444444,6804007.282407408
UartTxTask,182333,182334,1469814681,1469816658,6343,True,0,1,1469823001,182336,4,29.36574074074074,29.36574074074074,6804706.75,6804736.115740741
TelemetryTask,182338,182339,1470664748,1470667774,465908,True,1,1,1471133682,182342,4,2156.9814814814813,2156.9814814814813,6808647.101851852,6810804.083333333
UartTxTask,182341,182343,1471131386,1471136157,6098,True,0,1,1471142255,182345,4,28.23148148148148,28.23148148148148,6810815.541666667,6810843.773148148
UartTxTask,182347,182348,1471291375,1471294586,6103,True,0,1,1471300689,182350,4,28.25462962962963,28.25462962962963,6811549.009259259,6811577.263888889
TelemetryTask,182352,182353,1472824728,1472827682,466122,True,1,1,1473293804,182356,4,2157.972222222222,2157.972222222222,6818646.675925926,6820804.648148148
UartTxTask,182355,182357,1473291500,1473296250,6295,True,0,1,1473302545,182359,4,29.14351851851852,29.14351851851852,6820815.972222222,6820845.115740741
UartTxTask,182361,182362,1473451594,1473454790,6221,True,0,1,1473461011,182364,4,28.800925925925927,28.800925925925927,6821549.953703703,6821578.75462963
TelemetryTask,182366,182367,1474984734,1474987750,466180,True,1,1,1475453930,182370,4,2158.240740740741,2158.240740740741,6828646.990740741,6830805.231481481
UartTxTask,182369,182371,1475451562,1475456395,6176,True,0,1,1475462571,182373,4,28.59259259259259,28.59259259259259,6830816.643518519,6830845.236111111
UartTxTask,182375,182376,1475611583,1475614716,6231,True,0,1,1475620947,182378,4,28.84722222222222,28.84722222222222,6831549.611111111,6831578.458333333
TelemetryTask,182380,182381,1477144720,1477147754,466180,True,1,1,1477613934,182384,4,2158.240740740741,2158.240740740741,6838647.009259259,6840805.25
UartTxTask,182383,182385,1477611594,1477616364,6190,True,0,1,1477622554,182387,4,28.65740740740741,28.65740740740741,6840816.5,6840845.157407408
UartTxTask,182389,182390,1477771610,1477774794,6306,True,0,1,1477781100,182392,4,29.194444444444443,29.194444444444443,6841549.972222222,6841579.166666667
TelemetryTask,182394,182395,1479304745,1479307720,465891,True,1,1,1479773611,182398,4,2156.902777777778,2156.902777777778,6848646.851851852,6850803.75462963
UartTxTask,182397,182399,1479771285,1479776063,6229,True,0,1,1479782292,182401,4,28.837962962962962,28.837962962962962,6850815.106481481,6850843.944444444
UartTxTask,182403,182404,1479931327,1479934533,6181,True,0,1,1479940714,182406,4,28.61574074074074,28.61574074074074,6851548.763888889,6851577.37962963
TelemetryTask,182408,182409,1481464724,1481467771,465863,True,1,1,1481933634,182412,4,2156.7731481481483,2156.7731481481483,6858647.087962963,6860803.861111111
UartTxTask,182411,182413,1481931324,1481936066,6315,True,0,1,1481942381,182415,4,29.23611111111111,29.23611111111111,6860815.12037037,6860844.356481481
UartTxTask,182417,182418,1482091437,1482094627,6260,True,0,1,1482100887,182420,4,28.98148148148148,28.98148148148148,6861549.199074074,6861578.180555556
TelemetryTask,182422,182423,1483624766,1483627801,466164,True,1,1,1484093965,182426,4,2158.1666666666665,2158.1666666666665,6868647.226851852,6870805.393518519
UartTxTask,182425,182427,1484091581,1484096446,6296,True,0,1,1484102742,182429,4,29.14814814814815,29.14814814814815,6870816.87962963,6870846.027777778
UartTxTask,182431,182432,1484251750,1484254919,6269,True,0,1,1484261188,182434,4,29.02314814814815,29.02314814814815,6871550.550925926,6871579.574074074
TelemetryTask,182436,182437,1485784720,1485787795,466197,True,1,1,1486253992,182440,4,2158.3194444444443,2158.3194444444443,6878647.199074074,6880805.518518519
UartTxTask,182439,182441,1486251616,1486256508,6133,True,0,1,1486262641,182443,4,28.39351851851852,28.39351851851852,6880817.166666667,6880845.560185186
UartTxTask,182445,182446,1486411741,1486414921,6260,True,0,1,1486421181,182448,4,28.98148148148148,28.98148148148148,6881550.560185186,6881579.541666667
TelemetryTask,182450,182451,1487944717,1487947801,466029,True,1,1,1488413830,182454,4,2157.5416666666665,2157.5416666666665,6888647.226851852,6890804.768518519
UartTxTask,182453,182455,1488411467,1488416346,6107,True,0,1,1488422453,182457,4,28.27314814814815,28.27314814814815,6890816.416666667,6890844.689814814
UartTxTask,182459,182460,1488571590,1488574702,6281,True,0,1,1488580983,182462,4,29.078703703703702,29.078703703703702,6891549.546296297,6891578.625
TelemetryTask,182464,182465,1490104746,1490107730,466169,True,1,1,1490573899,182468,4,2158.189814814815,2158.189814814815,6898646.898148148,6900805.087962963
UartTxTask,182467,182469,1490571527,1490576328,6208,True,0,1,1490582536,182471,4,28.74074074074074,28.74074074074074,6900816.333333333,6900845.074074074
UartTxTask,182473,182474,1490731661,1490734872,6367,True,0,1,1490741239,182476,4,29.47685185185185,29.47685185185185,6901550.333333333,6901579.810185186
TelemetryTask,182478,182479,1492264720,1492267794,466499,True,1,1,1492734293,182482,4,2159.7175925925926,2159.7175925925926,6908647.194444444,6910806.912037037
UartTxTask,182481,182483,1492731937,1492736769,6155,True,0,1,1492742924,182485,4,28.49537037037037,28.49537037037037,6910818.375,6910846.87037037
UartTxTask,182487,182488,1492892061,1492895265,6189,True,0,1,1492901454,182490,4,28.65277777777778,28.65277777777778,6911552.152777778,6911580.805555556
TelemetryTask,182492,182493,1494424731,1494427843,465793,True,1,1,1494893636,182496,4,2156.449074074074,2156.449074074074,6918647.421296297,6920803.87037037
UartTxTask,182495,182497,1494891332,1494896075,6322,True,0,1,1494902397,182499,4,29.26851851851852,29.26851851851852,6920815.162037037,6920844.430555556
UartTxTask,182501,182502,1495051407,1495054558,6308,True,0,1,1495060866,182504,4,29.203703703703702,29.203703703703702,6921548.87962963,6921578.083333333
TelemetryTask,182506,182507,1496584767,1496587906,466092,True,1,1,1497053998,182510,4,2157.8333333333335,2157.8333333333335,6928647.712962963,6930805.546296297
UartTxTask,182509,182511,1497051641,1497056480,6237,True,0,1,1497062717,182513,4,28.875,28.875,6930817.037037037,6930845.912037037
UartTxTask,182515,182516,1497211902,1497215036,6042,True,0,1,1497221078,182518,4,27.97222222222222,27.97222222222222,6931551.092592592,6931579.064814814
TelemetryTask,182520,182521,1498744742,1498747752,465953,True,1,1,1499213705,182524,4,2157.189814814815,2157.189814814815,6938647.0,6940804.189814814
UartTxTask,182523,182525,1499211424,1499216065,6204,True,0,1,1499222269,182527,4,28.72222222222222,28.72222222222222,6940815.115740741,6940843.837962963
UartTxTask,182529,182530,1499371345,1499374540,6200,True,0,1,1499380740,182532,4,28.703703703703702,28.703703703703702,6941548.796296297,6941577.5
TelemetryTask,182534,182535,1500904702,1500907784,465968,True,1,1,1501373752,182538,4,2157.259259259259,2157.259259259259,6948647.148148148,6950804.407407408
UartTxTask,182537,182539,1501371424,1501376194,6274,True,0,1,1501382468,182541,4,29.046296296296298,29.046296296296298,6950815.712962963,6950844.759259259
UartTxTask,182543,182544,1501531528,1501534736,6203,True,0,1,1501540939,182546,4,28.71759259259259,28.71759259259259,6951549.703703703,6951578.421296297
TelemetryTask,182548,182549,1503064763,1503067799,465950,True,1,1,1503533749,182552,4,2157.175925925926,2157.175925925926,6958647.217592592,6960804.393518519
UartTxTask,182551,182553,1503531380,1503536151,6256,True,0,1,1503542407,182555,4,28.962962962962962,28.962962962962962,6960815.513888889,6960844.476851852
UartTxTask,182557,182558,1503691466,1503694590,6281,True,0,1,1503700871,182560,4,29.078703703703702,29.078703703703702,6961549.027777778,6961578.106481481
ButtonTask,182564,182566,1504341637,1504344828,29781,True,1,1,1504374609,182570,4,137.875,137.875,6964559.388888889,6964697.263888889
UartTxTask,182569,182571,1504370998,1504377406,6210,True,0,1,1504383616,182573,4,28.75,28.75,6964710.212962963,6964738.962962963
UartTxTask,182575,182576,1504532713,1504534749,6268,True,0,1,1504541017,182578,4,29.01851851851852,29.01851851851852,6965438.652777778,6965467.671296297
TelemetryTask,182580,182581,1505224756,1505227841,466013,True,1,1,1505693854,182584,4,2157.4675925925926,2157.4675925925926,6968647.412037037,6970804.87962963
UartTxTask,182583,182585,1505691533,1505696294,6257,True,0,1,1505702551,182587,4,28.96759259259259,28.96759259259259,6970816.175925926,6970845.143518519
UartTxTask,182589,182590,1505851669,1505854883,6362,True,0,1,1505861245,182592,4,29.453703703703702,29.453703703703702,6971550.384259259,6971579.837962963
TelemetryTask,182594,182595,1507384715,1507387747,466072,True,1,1,1507853819,182598,4,2157.740740740741,2157.740740740741,6978646.976851852,6980804.717592592
UartTxTask,182597,182599,1507851547,1507856215,6296,True,0,1,1507862511,182601,4,29.14814814814815,29.14814814814815,6980815.810185186,6980844.958333333
UartTxTask,182603,182604,1508011519,1508014695,6267,True,0,1,1508020962,182606,4,29.01388888888889,29.01388888888889,6981549.513888889,6981578.527777778
TelemetryTask,182608,182609,1509544766,1509547863,466001,True,1,1,1510013864,182612,4,2157.412037037037,2157.412037037037,6988647.513888889,6990804.925925926
UartTxTask,182611,182613,1510011529,1510016281,6187,True,0,1,1510022468,182615,4,28.64351851851852,28.64351851851852,6990816.115740741,6990844.759259259
UartTxTask,182617,182618,1510171547,1510174726,6341,True,0,1,1510181067,182620,4,29.35648148148148,29.35648148148148,6991549.657407408,6991579.013888889
TelemetryTask,182622,182623,1511704745,1511707710,466149,True,1,1,1512173859,182626,4,2158.097222222222,2158.097222222222,6998646.805555556,7000804.902777778
UartTxTask,182625,182627,1512171502,1512176324,6161,True,0,1,1512182485,182629,4,28.52314814814815,28.52314814814815,7000816.314814814,7000844.837962963
UartTxTask,182631,182632,1512331525,1512334660,6303,True,0,1,1512340963,182634,4,29.180555555555557,29.180555555555557,7001549.351851852,7001578.532407408
TelemetryTask,182636,182637,1513864714,1513867750,466200,True,1,1,1514333950,182640,4,2158.3333333333335,2158.3333333333335,7008646.990740741,7010805.324074074
UartTxTask,182639,182641,1514331630,1514336381,6223,True,0,1,1514342604,182643,4,28.810185185185187,28.810185185185187,7010816.578703703,7010845.388888889
UartTxTask,182645,182646,1514491759,1514494945,6199,True,0,1,1514501144,182648,4,28.699074074074073,28.699074074074073,7011550.671296297,7011579.37037037
TelemetryTask,182650,182651,1516024703,1516027726,465868,True,1,1,1516493594,182654,4,2156.796296296296,2156.796296296296,7018646.87962963,7020803.675925926
UartTxTask,182653,182655,1516491300,1516496064,6202,True,0,1,1516502266,182657,4,28.712962962962962,28.712962962962962,7020815.111111111,7020843.824074074
UartTxTask,182659,182660,1516651374,1516654627,6240,True,0,1,1516660867,182662,4,28.88888888888889,28.88888888888889,7021549.199074074,7021578.087962963
TelemetryTask,182664,182665,1518184749,1518187753,465951,True,1,1,1518653704,182668,4,2157.1805555555557,2157.1805555555557,7028647.00462963,7030804.185185186
UartTxTask,182667,182669,1518651358,1518656190,6253,True,0,1,1518662443,182671,4,28.949074074074073,28.949074074074073,7030815.694444444,7030844.643518519
UartTxTask,182673,182674,1518811536,1518814692,6219,True,0,1,1518820911,182676,4,28.791666666666668,28.791666666666668,7031549.5,7031578.291666667
TelemetryTask,182678,182679,1520344760,1520347748,465895,True,1,1,1520813643,182682,4,2156.921296296296,2156.921296296296,7038646.981481481,7040803.902777778
UartTxTask,182681,182683,1520811355,1520816088,6219,True,0,1,1520822307,182685,4,28.791666666666668,28.791666666666668,7040815.222222222,7040844.013888889
UartTxTask,182687,182688,1520971467,1520974702,6261,True,0,1,1520980963,182690,4,28.98611111111111,28.98611111111111,7041549.546296297,7041578.532407408
TelemetryTask,182692,182693,1522504758,1522507886,465960,True,1,1,1522973846,182696,4,2157.222222222222,2157.222222222222,7048647.62037037,7050804.842592592
UartTxTask,182695,182697,1522971529,1522976333,6186,True,0,1,1522982519,182699,4,28.63888888888889,28.63888888888889,7050816.356481481,7050844.99537037
UartTxTask,182701,182702,1523131580,1523134755,6368,True,0,1,1523141123,182704,4,29.48148148148148,29.48148148148148,7051549.791666667,7051579.273148148
TelemetryTask,182706,182707,1524664732,1524667823,466038,True,1,1,1525133861,182710,4,2157.5833333333335,2157.5833333333335,7058647.328703703,7060804.912037037
UartTxTask,182709,182711,1525131498,1525136344,6145,True,0,1,1525142489,182713,4,28.449074074074073,28.449074074074073,7060816.407407408,7060844.856481481
UartTxTask,182715,182716,1525291588,1525294777,6251,True,0,1,1525301028,182718,4,28.939814814814813,28.939814814814813,7061549.893518519,7061578.833333333
TelemetryTask,182720,182721,1526824729,1526827819,465883,True,1,1,1527293702,182724,4,2156.865740740741,2156.865740740741,7068647.310185186,7070804.175925926
UartTxTask,182723,182725,1527291399,1527296192,6198,True,0,1,1527302390,182727,4,28.694444444444443,28.694444444444443,7070815.703703703,7070844.398148148
UartTxTask,182729,182730,1527451409,1527454611,6347,True,0,1,1527460958,182732,4,29.38425925925926,29.38425925925926,7071549.125,7071578.509259259
TelemetryTask,182734,182735,1528984738,1528987839,466089,True,1,1,1529453928,182738,4,2157.8194444444443,2157.8194444444443,7078647.402777778,7080805.222222222
UartTxTask,182737,182739,1529451549,1529456393,6120,True,0,1,1529462513,182741,4,28.333333333333332,28.333333333333332,7080816.634259259,7080844.967592592
UartTxTask,182743,182744,1529611590,1529614725,6438,True,0,1,1529621163,182746,4,29.805555555555557,29.805555555555557,7081549.652777778,7081579.458333333
TelemetryTask,182748,182749,1531144707,1531147703,466073,True,1,1,1531613776,182752,4,2157.7453703703704,2157.7453703703704,7088646.773148148,7090804.518518519
UartTxTask,182751,182753,1531611488,1531616221,6207,True,0,1,1531622428,182755,4,28.73611111111111,28.73611111111111,7090815.837962963,7090844.574074074
UartTxTask,182757,182758,1531771523,1531774673,6269,True,0,1,1531780942,182760,4,29.02314814814815,29.02314814814815,7091549.412037037,7091578.435185186
TelemetryTask,182762,182763,1533304737,1533307713,465978,True,1,1,1533773691,182766,4,2157.3055555555557,2157.3055555555557,7098646.819444444,7100804.125
UartTxTask,182765,182767,1533771355,1533776167,6220,True,0,1,1533782387,182769,4,28.796296296296298,28.796296296296298,7100815.587962963,7100844.384259259
UartTxTask,182771,182772,1533931491,1533934659,6318,True,0,1,1533940977,182774,4,29.25,29.25,7101549.347222222,7101578.597222222
TelemetryTask,182776,182777,1535464763,1535467810,465965,True,1,1,1535933775,182780,4,2157.2453703703704,2157.2453703703704,7108647.268518519,7110804.513888889
UartTxTask,182779,182781,1535931475,1535936204,6246,True,0,1,1535942450,182783,4,28.916666666666668,28.916666666666668,7110815.759259259,7110844.675925926
UartTxTask,182785,182786,1536091467,1536094734,6221,True,0,1,1536100955,182788,4,28.800925925925927,28.800925925925927,7111549.694444444,7111578.49537037
TelemetryTask,182790,182791,1537624762,1537627777,466137,True,1,1,1538093914,182794,4,2158.0416666666665,2158.0416666666665,7118647.115740741,7120805.157407408
UartTxTask,182793,182795,1538091551,1538096334,6169,True,0,1,1538102503,182797,4,28.560185185185187,28.560185185185187,7120816.361111111,7120844.921296297
UartTxTask,182799,182800,1538251602,1538254777,6280,True,0,1,1538261057,182802,4,29.074074074074073,29.074074074074073,7121549.893518519,7121578.967592592
TelemetryTask,182804,182805,1539784735,1539787812,465906,True,1,1,1540253718,182808,4,2156.972222222222,2156.972222222222,7128647.277777778,7130804.25
UartTxTask,182807,182809,1540251367,1540256167,6293,True,0,1,1540262460,182811,4,29.13425925925926,29.13425925925926,7130815.587962963,7130844.722222222
UartTxTask,182813,182814,1540411514,1540414603,6225,True,0,1,1540420828,182816,4,28.819444444444443,28.819444444444443,7131549.087962963,7131577.907407408
ButtonTask,182820,182822,1540668627,1540671904,29330,True,1,1,1540701234,182826,4,135.78703703703704,135.78703703703704,7132740.296296297,7132876.083333333
UartTxTask,182825,182827,1540697652,1540704012,6263,True,0,1,1540710275,182829,4,28.99537037037037,28.99537037037037,7132888.944444444,7132917.939814814
UartTxTask,182831,182832,1540859378,1540861360,6813,True,0,1,1540868173,182834,4,31.541666666666668,31.541666666666668,7133617.407407408,7133648.949074074
TelemetryTask,182836,182837,1541944734,1541947754,466035,True,1,1,1542413789,182840,4,2157.5694444444443,2157.5694444444443,7138647.009259259,7140804.578703703
UartTxTask,182839,182841,1542411460,1542416266,6126,True,0,1,1542422392,182843,4,28.36111111111111,28.36111111111111,7140816.046296297,7140844.407407408
UartTxTask,182845,182846,1542571469,1542574645,6268,True,0,1,1542580913,182848,4,29.01851851851852,29.01851851851852,7141549.282407408,7141578.300925926
TelemetryTask,182850,182851,1544104774,1544107823,465887,True,1,1,1544573710,182854,4,2156.884259259259,2156.884259259259,7148647.328703703,7150804.212962963
UartTxTask,182853,182855,1544571376,1544576107,6188,True,0,1,1544582295,182857,4,28.64814814814815,28.64814814814815,7150815.310185186,7150843.958333333
UartTxTask,182859,182860,1544731345,1544734487,6243,True,0,1,1544740730,182862,4,28.90277777777778,28.90277777777778,7151548.550925926,7151577.453703703
TelemetryTask,182864,182865,1546264734,1546267760,466113,True,1,1,1546733873,182868,4,2157.9305555555557,2157.9305555555557,7158647.037037037,7160804.967592592
UartTxTask,182867,182869,1546731492,1546736324,6253,True,0,1,1546742577,182871,4,28.949074074074073,28.949074074074073,7160816.314814814,7160845.263888889
UartTxTask,182873,182874,1546891661,1546894844,6289,True,0,1,1546901133,182876,4,29.11574074074074,29.11574074074074,7161550.203703703,7161579.319444444
TelemetryTask,182878,182879,1548424706,1548427744,465954,True,1,1,1548893698,182882,4,2157.1944444444443,2157.1944444444443,7168646.962962963,7170804.157407408
UartTxTask,182881,182883,1548891328,1548896193,6085,True,0,1,1548902278,182885,4,28.171296296296298,28.171296296296298,7170815.708333333,7170843.87962963
UartTxTask,182887,182888,1549051352,1549054519,6298,True,0,1,1549060817,182890,4,29.15740740740741,29.15740740740741,7171548.699074074,7171577.856481481
TelemetryTask,182892,182893,1550584749,1550587839,465964,True,1,1,1551053803,182896,4,2157.240740740741,2157.240740740741,7178647.402777778,7180804.643518519
UartTxTask,182895,182897,1551051507,1551056278,6223,True,0,1,1551062501,182899,4,28.810185185185187,28.810185185185187,7180816.101851852,7180844.912037037
UartTxTask,182901,182902,1551211486,1551214721,6208,True,0,1,1551220929,182904,4,28.74074074074074,28.74074074074074,7181549.634259259,7181578.375
TelemetryTask,182906,182907,1552744750,1552747841,466172,True,1,1,1553214013,182910,4,2158.203703703704,2158.203703703704,7188647.412037037,7190805.615740741
UartTxTask,182909,182911,1553211710,1553216510,6149,True,0,1,1553222659,182913,4,28.46759259259259,28.46759259259259,7190817.175925926,7190845.643518519
UartTxTask,182915,182916,1553371787,1553374979,6323,True,0,1,1553381302,182918,4,29.27314814814815,29.27314814814815,7191550.828703703,7191580.101851852
TelemetryTask,182920,182921,1554904742,1554907749,465951,True,1,1,1555373700,182924,4,2157.1805555555557,2157.1805555555557,7198646.986111111,7200804.166666667
UartTxTask,182923,182925,1555371368,1555376169,6207,True,0,1,1555382376,182927,4,28.73611111111111,28.73611111111111,7200815.597222222,7200844.333333333
UartTxTask,182929,182930,1555531417,1555534610,6241,True,0,1,1555540851,182932,4,28.89351851851852,28.89351851851852,7201549.12037037,7201578.013888889
TelemetryTask,182934,182935,1557064732,1557067758,465961,True,1,1,1557533719,182938,4,2157.2268518518517,2157.2268518518517,7208647.027777778,7210804.25462963
UartTxTask,182937,182939,1557531385,1557536219,6299,True,0,1,1557542518,182941,4,29.162037037037038,29.162037037037038,7210815.828703703,7210844.990740741
UartTxTask,182943,182944,1557691599,1557694787,6255,True,0,1,1557701042,182946,4,28.958333333333332,28.958333333333332,7211549.939814814,7211578.898148148
TelemetryTask,182948,182949,1559224726,1559227708,466076,True,1,1,1559693784,182952,4,2157.759259259259,2157.759259259259,7218646.796296297,7220804.555555556
UartTxTask,182951,182953,1559691396,1559696239,6143,True,0,1,1559702382,182955,4,28.439814814814813,28.439814814814813,7220815.921296297,7220844.361111111
UartTxTask,182957,182958,1559851463,1559854586,6346,True,0,1,1559860932,182960,4,29.37962962962963,29.37962962962963,7221549.009259259,7221578.388888889
TelemetryTask,182962,182963,1561384760,1561387784,465886,True,1,1,1561853670,182966,4,2156.8796296296296,2156.8796296296296,7228647.148148148,7230804.027777778
UartTxTask,182965,182967,1561851278,1561856137,6243,True,0,1,1561862380,182969,4,28.90277777777778,28.90277777777778,7230815.449074074,7230844.351851852
UartTxTask,182971,182972,1562011426,1562014598,6303,True,0,1,1562020901,182974,4,29.180555555555557,29.180555555555557,7231549.064814814,7231578.24537037
TelemetryTask,182976,182977,1563544723,1563547815,465795,True,1,1,1564013610,182980,4,2156.4583333333335,2156.4583333333335,7238647.291666667,7240803.75
UartTxTask,182979,182981,1564011278,1564015992,6176,True,0,1,1564022168,182983,4,28.59259259259259,28.59259259259259,7240814.777777778,7240843.37037037
UartTxTask,182985,182986,1564171298,1564174541,6268,True,0,1,1564180809,182988,4,29.01851851851852,29.01851851851852,7241548.800925926,7241577.819444444
TelemetryTask,182990,182991,1565704692,1565707675,466051,True,1,1,1566173726,182994,4,2157.6435185185187,2157.6435185185187,7248646.643518519,7250804.287037037
UartTxTask,182993,182995,1566171426,1566176156,6185,True,0,1,1566182341,182997,4,28.63425925925926,28.63425925925926,7250815.537037037,7250844.171296297
UartTxTask,182999,183000,1566331370,1566334611,6290,True,0,1,1566340901,183002,4,29.12037037037037,29.12037037037037,7251549.125,7251578.24537037
TelemetryTask,183004,183005,1567864718,1567867753,466040,True,1,1,1568333793,183008,4,2157.5925925925926,2157.5925925925926,7258647.00462963,7260804.597222222
UartTxTask,183007,183009,1568331426,1568336258,6154,True,0,1,1568342412,183011,4,28.49074074074074,28.49074074074074,7260816.009259259,7260844.5
UartTxTask,183013,183014,1568491479,1568494674,6231,True,0,1,1568500905,183016,4,28.84722222222222,28.84722222222222,7261549.416666667,7261578.263888889
TelemetryTask,183018,183019,1570024725,1570027782,466099,True,1,1,1570493881,183022,4,2157.865740740741,2157.865740740741,7268647.138888889,7270805.00462963
UartTxTask,183021,183023,1570491597,1570496320,6300,True,0,1,1570502620,183025,4,29.166666666666668,29.166666666666668,7270816.296296297,7270845.462962963
UartTxTask,183027,183028,1570651596,1570654739,6217,True,0,1,1570660956,183030,4,28.78240740740741,28.78240740740741,7271549.717592592,7271578.5
TelemetryTask,183032,183033,1572184752,1572187814,466074,True,1,1,1572653888,183036,4,2157.75,2157.75,7278647.287037037,7280805.037037037
UartTxTask,183035,183037,1572651552,1572656306,6304,True,0,1,1572662610,183039,4,29.185185185185187,29.185185185185187,7280816.231481481,7280845.416666667
UartTxTask,183041,183042,1572811660,1572814805,6332,True,0,1,1572821137,183044,4,29.314814814814813,29.314814814814813,7281550.023148148,7281579.337962963
TelemetryTask,183046,183047,1574344765,1574347823,466034,True,1,1,1574813857,183050,4,2157.564814814815,2157.564814814815,7288647.328703703,7290804.893518519
UartTxTask,183049,183051,1574811530,1574816294,6184,True,0,1,1574822478,183053,4,28.62962962962963,28.62962962962963,7290816.175925926,7290844.805555556
UartTxTask,183055,183056,1574971568,1574974784,6260,True,0,1,1574981044,183058,4,28.98148148148148,28.98148148148148,7291549.925925926,7291578.907407408
TelemetryTask,183060,183061,1576504743,1576507830,466021,True,1,1,1576973851,183064,4,2157.5046296296296,2157.5046296296296,7298647.361111111,7300804.865740741
UartTxTask,183063,183065,1576971511,1576976288,6197,True,0,1,1576982485,183067,4,28.689814814814813,28.689814814814813,7300816.148148148,7300844.837962963
UartTxTask,183069,183070,1577131509,1577134684,6295,True,0,1,1577140979,183072,4,29.14351851851852,29.14351851851852,7301549.462962963,7301578.606481481
TelemetryTask,183074,183075,1578664763,1578667826,466073,True,1,1,1579133899,183078,4,2157.7453703703704,2157.7453703703704,7308647.342592592,7310805.087962963
UartTxTask,183077,183079,1579131551,1579136302,6225,True,0,1,1579142527,183081,4,28.819444444444443,28.819444444444443,7310816.212962963,7310845.032407408
UartTxTask,183083,183084,1579291586,1579294762,6333,True,0,1,1579301095,183086,4,29.319444444444443,29.319444444444443,7311549.824074074,7311579.143518519
TelemetryTask,183088,183089,1580824757,1580827864,466154,True,1,1,1581294018,183092,4,2158.1203703703704,2158.1203703703704,7318647.518518519,7320805.638888889
UartTxTask,183091,183093,1581291645,1581296488,6340,True,0,1,1581302828,183095,4,29.35185185185185,29.35185185185185,7320817.074074074,7320846.425925926
UartTxTask,183097,183098,1581451911,1581455103,6215,True,0,1,1581461318,183100,4,28.77314814814815,28.77314814814815,7321551.402777778,7321580.175925926
TelemetryTask,183102,183103,1582984730,1582987723,465938,True,1,1,1583453661,183106,4,2157.1203703703704,2157.1203703703704,7328646.865740741,7330803.986111111
UartTxTask,183105,183107,1583451338,1583456121,6151,True,0,1,1583462272,183109,4,28.47685185185185,28.47685185185185,7330815.375,7330843.851851852
UartTxTask,183111,183112,1583611351,1583614557,6228,True,0,1,1583620785,183114,4,28.833333333333332,28.833333333333332,7331548.875,7331577.708333333
TelemetryTask,183116,183117,1585144763,1585147829,466044,True,1,1,1585613873,183120,4,2157.6111111111113,2157.6111111111113,7338647.356481481,7340804.967592592
UartTxTask,183119,183121,1585611469,1585616308,6214,True,0,1,1585622522,183123,4,28.76851851851852,28.76851851851852,7340816.240740741,7340845.009259259
UartTxTask,183125,183126,1585771625,1585774714,6339,True,0,1,1585781053,183128,4,29.34722222222222,29.34722222222222,7341549.601851852,7341578.949074074
TelemetryTask,183130,183131,1587304757,1587307846,465941,True,1,1,1587773787,183134,4,2157.134259259259,2157.134259259259,7348647.435185186,7350804.569444444
UartTxTask,183133,183135,1587771449,1587776221,6210,True,0,1,1587782431,183137,4,28.75,28.75,7350815.837962963,7350844.587962963
UartTxTask,183139,183140,1587931533,1587934753,6185,True,0,1,1587940938,183142,4,28.63425925925926,28.63425925925926,7351549.782407408,7351578.416666667
TelemetryTask,183144,183145,1589464742,1589467774,466082,True,1,1,1589933856,183148,4,2157.787037037037,2157.787037037037,7358647.101851852,7360804.888888889
UartTxTask,183147,183149,1589931511,1589936257,6146,True,0,1,1589942403,183151,4,28.453703703703702,28.453703703703702,7360816.00462963,7360844.458333333
UartTxTask,183153,183154,1590091485,1590094661,6295,True,0,1,1590100956,183156,4,29.14351851851852,29.14351851851852,7361549.356481481,7361578.5
TelemetryTask,183158,183159,1591624746,1591627783,466224,True,1,1,1592094007,183162,4,2158.4444444444443,2158.4444444444443,7368647.143518519,7370805.587962963
UartTxTask,183161,183163,1592091629,1592096443,6203,True,0,1,1592102646,183165,4,28.71759259259259,28.71759259259259,7370816.865740741,7370845.583333333
UartTxTask,183167,183168,1592251776,1592254996,6258,True,0,1,1592261254,183170,4,28.97222222222222,28.97222222222222,7371550.907407408,7371579.87962963
TelemetryTask,183172,183173,1593784723,1593787794,465904,True,1,1,1594253698,183176,4,2156.962962962963,2156.962962962963,7378647.194444444,7380804.157407408
UartTxTask,183175,183177,1594251346,1594256137,6212,True,0,1,1594262349,183179,4,28.75925925925926,28.75925925925926,7380815.449074074,7380844.208333333
UartTxTask,183181,183182,1594411456,1594414637,6202,True,0,1,1594420839,183184,4,28.712962962962962,28.712962962962962,7381549.24537037,7381577.958333333
TelemetryTask,183186,183187,1595944703,1595947728,466131,True,1,1,1596413859,183190,4,2158.0138888888887,2158.0138888888887,7388646.888888889,7390804.902777778
UartTxTask,183189,183191,1596411497,1596416339,6334,True,0,1,1596422673,183193,4,29.324074074074073,29.324074074074073,7390816.384259259,7390845.708333333
UartTxTask,183195,183196,1596571766,1596574929,6333,True,0,1,1596581262,183198,4,29.319444444444443,29.319444444444443,7391550.597222222,7391579.916666667
TelemetryTask,183200,183201,1598104738,1598107798,466250,True,1,1,1598574048,183204,4,2158.564814814815,2158.564814814815,7398647.212962963,7400805.777777778
UartTxTask,183203,183205,1598571712,1598576523,6122,True,0,1,1598582645,183207,4,28.34259259259259,28.34259259259259,7400817.236111111,7400845.578703703
UartTxTask,183209,183210,1598731778,1598734891,6284,True,0,1,1598741175,183212,4,29.09259259259259,29.09259259259259,7401550.421296297,7401579.513888889
TelemetryTask,183214,183215,1600264729,1600267831,466205,True,1,1,1600734036,183218,4,2158.3564814814813,2158.3564814814813,7408647.365740741,7410805.722222222
UartTxTask,183217,183219,1600731640,1600736474,6227,True,0,1,1600742701,183221,4,28.828703703703702,28.828703703703702,7410817.009259259,7410845.837962963
UartTxTask,183223,183224,1600891731,1600894814,6260,True,0,1,1600901074,183226,4,28.98148148148148,28.98148148148148,7411550.064814814,7411579.046296297
TelemetryTask,183228,183229,1602424732,1602427816,465938,True,1,1,1602893754,183232,4,2157.1203703703704,2157.1203703703704,7418647.296296297,7420804.416666667
UartTxTask,183231,183233,1602891424,1602896189,6135,True,0,1,1602902324,183235,4,28.40277777777778,28.40277777777778,7420815.689814814,7420844.092592592
UartTxTask,183237,183238,1603051459,1603054688,6193,True,0,1,1603060881,183240,4,28.671296296296298,28.671296296296298,7421549.481481481,7421578.152777778
TelemetryTask,183242,183243,1604584751,1604587838,465934,True,1,1,1605053772,183246,4,2157.1018518518517,2157.1018518518517,7428647.398148148,7430804.5
UartTxTask,183245,183247,1605051460,1605056192,6119,True,0,1,1605062311,183249,4,28.328703703703702,28.328703703703702,7430815.703703703,7430844.032407408
UartTxTask,183251,183252,1605211352,1605214496,6273,True,0,1,1605220769,183254,4,29.041666666666668,29.041666666666668,7431548.592592592,7431577.634259259
TelemetryTask,183256,183257,1606744744,1606747839,465963,True,1,1,1607213802,183260,4,2157.2361111111113,2157.2361111111113,7438647.402777778,7440804.638888889
UartTxTask,183259,183261,1607211453,1607216233,6131,True,0,1,1607222364,183263,4,28.38425925925926,28.38425925925926,7440815.893518519,7440844.277777778
UartTxTask,183265,183266,1607371465,1607374642,6242,True,0,1,1607380884,183268,4,28.89814814814815,28.89814814814815,7441549.268518519,7441578.166666667
TelemetryTask,183270,183271,1608904730,1608907840,466164,True,1,1,1609374004,183274,4,2158.1666666666665,2158.1666666666665,7448647.407407408,7450805.574074074
UartTxTask,183273,183275,1609371678,1609376417,6206,True,0,1,1609382623,183277,4,28.73148148148148,28.73148148148148,7450816.74537037,7450845.476851852
UartTxTask,183279,183280,1609531764,1609534936,6176,True,0,1,1609541112,183282,4,28.59259259259259,28.59259259259259,7451550.62962963,7451579.222222222
TelemetryTask,183284,183285,1611064752,1611067796,466095,True,1,1,1611533891,183288,4,2157.847222222222,2157.847222222222,7458647.203703703,7460805.050925926
UartTxTask,183287,183289,1611531608,1611536380,6234,True,0,1,1611542614,183291,4,28.86111111111111,28.86111111111111,7460816.574074074,7460845.435185186
UartTxTask,183293,183294,1611691716,1611694856,6247,True,0,1,1611701103,183296,4,28.921296296296298,28.921296296296298,7461550.259259259,7461579.180555556
TelemetryTask,183298,183299,1613224748,1613227824,465933,True,1,1,1613693757,183302,4,2157.097222222222,2157.097222222222,7468647.333333333,7470804.430555556
UartTxTask,183301,183303,1613691383,1613696253,6159,True,0,1,1613702412,183305,4,28.51388888888889,28.51388888888889,7470815.986111111,7470844.5
UartTxTask,183307,183308,1613851561,1613854710,6206,True,0,1,1613860916,183310,4,28.73148148148148,28.73148148148148,7471549.583333333,7471578.314814814
TelemetryTask,183312,183313,1615384741,1615387809,466087,True,1,1,1615853896,183316,4,2157.810185185185,2157.810185185185,7478647.263888889,7480805.074074074
UartTxTask,183315,183317,1615851562,1615856343,6090,True,0,1,1615862433,183319,4,28.194444444444443,28.194444444444443,7480816.402777778,7480844.597222222
UartTxTask,183321,183322,1616011583,1616014752,6291,True,0,1,1616021043,183324,4,29.125,29.125,7481549.777777778,7481578.902777778
TelemetryTask,183326,183327,1617544729,1617547729,466211,True,1,1,1618013940,183330,4,2158.384259259259,2158.384259259259,7488646.893518519,7490805.277777778
UartTxTask,183329,183331,1618011613,1618016385,6102,True,0,1,1618022487,183333,4,28.25,28.25,7490816.597222222,7490844.847222222
UartTxTask,183335,183336,1618171648,1618174858,6159,True,0,1,1618181017,183338,4,28.51388888888889,28.51388888888889,7491550.268518519,7491578.782407408
TelemetryTask,183340,183341,1619704746,1619707681,466157,True,1,1,1620173838,183344,4,2158.134259259259,2158.134259259259,7498646.671296297,7500804.805555556
UartTxTask,183343,183345,1620171534,1620176213,6232,True,0,1,1620182445,183347,4,28.85185185185185,28.85185185185185,7500815.800925926,7500844.652777778
UartTxTask,183349,183350,1620331518,1620334671,6272,True,0,1,1620340943,183352,4,29.037037037037038,29.037037037037038,7501549.402777778,7501578.439814814
TelemetryTask,183354,183355,1621864710,1621867803,465995,True,1,1,1622333798,183358,4,2157.384259259259,2157.384259259259,7508647.236111111,7510804.62037037
UartTxTask,183357,183359,1622331415,1622336216,6228,True,0,1,1622342444,183361,4,28.833333333333332,28.833333333333332,7510815.814814814,7510844.648148148
UartTxTask,183363,183364,1622491514,1622494692,6214,True,0,1,1622500906,183366,4,28.76851851851852,28.76851851851852,7511549.5,7511578.268518519
TelemetryTask,183368,183369,1624024782,1624027847,466034,True,1,1,1624493881,183372,4,2157.564814814815,2157.564814814815,7518647.439814814,7520805.00462963
UartTxTask,183371,183373,1624491509,1624496310,6203,True,0,1,1624502513,183375,4,28.71759259259259,28.71759259259259,7520816.25,7520844.967592592
UartTxTask,183377,183378,1624651585,1624654759,6253,True,0,1,1624661012,183380,4,28.949074074074073,28.949074074074073,7521549.810185186,7521578.759259259
TelemetryTask,183382,183383,1626184724,1626187723,466198,True,1,1,1626653921,183386,4,2158.324074074074,2158.324074074074,7528646.865740741,7530805.189814814
UartTxTask,183385,183387,1626651564,1626656408,6124,True,0,1,1626662532,183389,4,28.35185185185185,28.35185185185185,7530816.703703703,7530845.055555556
UartTxTask,183391,183392,1626811695,1626814903,6110,True,0,1,1626821013,183394,4,28.287037037037038,28.287037037037038,7531550.476851852,7531578.763888889
TelemetryTask,183396,183397,1628344745,1628347750,466002,True,1,1,1628813752,183400,4,2157.4166666666665,2157.4166666666665,7538646.990740741,7540804.407407408
UartTxTask,183399,183401,1628811425,1628816221,6210,True,0,1,1628822431,183403,4,28.75,28.75,7540815.837962963,7540844.587962963
UartTxTask,183405,183406,1628971504,1628974635,6166,True,0,1,1628980801,183408,4,28.546296296296298,28.546296296296298,7541549.236111111,7541577.782407408
TelemetryTask,183410,183411,1630504741,1630507741,465959,True,1,1,1630973700,183414,4,2157.2175925925926,2157.2175925925926,7548646.949074074,7550804.166666667
UartTxTask,183413,183415,1630971358,1630976152,6337,True,0,1,1630982489,183417,4,29.337962962962962,29.337962962962962,7550815.518518519,7550844.856481481
UartTxTask,183419,183420,1631131559,1631134732,6346,True,0,1,1631141078,183422,4,29.37962962962963,29.37962962962963,7551549.685185186,7551579.064814814
TelemetryTask,183424,183425,1632664743,1632667793,466260,True,1,1,1633134053,183428,4,2158.6111111111113,2158.6111111111113,7558647.189814814,7560805.800925926
UartTxTask,183427,183429,1633131699,1633136530,6144,True,0,1,1633142674,183431,4,28.444444444444443,28.444444444444443,7560817.268518519,7560845.712962963
UartTxTask,183433,183434,1633291892,1633295055,6310,True,0,1,1633301365,183436,4,29.212962962962962,29.212962962962962,7561551.180555556,7561580.393518519
TelemetryTask,183438,183439,1634824750,1634827743,466117,True,1,1,1635293860,183442,4,2157.949074074074,2157.949074074074,7568646.958333333,7570804.907407408
UartTxTask,183441,183443,1635291566,1635296317,6182,True,0,1,1635302499,183445,4,28.62037037037037,28.62037037037037,7570816.282407408,7570844.902777778
UartTxTask,183447,183448,1635451610,1635454788,6217,True,0,1,1635461005,183450,4,28.78240740740741,28.78240740740741,7571549.944444444,7571578.726851852
TelemetryTask,183452,183453,1636984731,1636987836,466093,True,1,1,1637453929,183456,4,2157.837962962963,2157.837962962963,7578647.388888889,7580805.226851852
UartTxTask,183455,183457,1637451549,1637456311,6142,True,0,1,1637462453,183459,4,28.435185185185187,28.435185185185187,7580816.25462963,7580844.689814814
UartTxTask,183461,183462,1637611499,1637614646,6309,True,0,1,1637620955,183464,4,29.208333333333332,29.208333333333332,7581549.287037037,7581578.49537037
TelemetryTask,183466,183467,1639144723,1639147768,466017,True,1,1,1639613785,183470,4,2157.4861111111113,2157.4861111111113,7588647.074074074,7590804.560185186
UartTxTask,183469,183471,1639611406,1639616219,6234,True,0,1,1639622453,183473,4,28.86111111111111,28.86111111111111,7590815.828703703,7590844.689814814
UartTxTask,183475,183476,1639771494,1639774681,6268,True,0,1,1639780949,183478,4,29.01851851851852,29.01851851851852,7591549.449074074,7591578.467592592
TelemetryTask,183480,183481,1641304757,1641307750,465984,True,1,1,1641773734,183484,4,2157.3333333333335,2157.3333333333335,7598646.990740741,7600804.324074074
UartTxTask,183483,183485,1641771453,1641776151,6118,True,0,1,1641782269,183487,4,28.324074074074073,28.324074074074073,7600815.513888889,7600843.837962963
UartTxTask,183489,183490,1641931417,1641934605,6308,True,0,1,1641940913,183492,4,29.203703703703702,29.203703703703702,7601549.097222222,7601578.300925926
TelemetryTask,183494,183495,1643464771,1643467907,466068,True,1,1,1643933975,183498,4,2157.722222222222,2157.722222222222,7608647.717592592,7610805.439814814
UartTxTask,183497,183499,1643931651,1643936417,6161,True,0,1,1643942578,183501,4,28.52314814814815,28.52314814814815,7610816.74537037,7610845.268518519
UartTxTask,183503,183504,1644091619,1644094799,6242,True,0,1,1644101041,183506,4,28.89814814814815,28.89814814814815,7611549.99537037,7611578.893518519
TelemetryTask,183508,183509,1645624733,1645627848,466022,True,1,1,1646093870,183512,4,2157.509259259259,2157.509259259259,7618647.444444444,7620804.953703703
UartTxTask,183511,183513,1646091541,1646096347,6107,True,0,1,1646102454,183515,4,28.27314814814815,28.27314814814815,7620816.421296297,7620844.694444444
UartTxTask,183517,183518,1646251587,1646254794,6197,True,0,1,1646260991,183520,4,28.689814814814813,28.689814814814813,7621549.972222222,7621578.662037037
TelemetryTask,183522,183523,1647784759,1647787764,465979,True,1,1,1648253743,183526,4,2157.310185185185,2157.310185185185,7628647.055555556,7630804.365740741
UartTxTask,183525,183527,1648251444,1648256195,6207,True,0,1,1648262402,183529,4,28.73611111111111,28.73611111111111,7630815.717592592,7630844.453703703
UartTxTask,183531,183532,1648411496,1648414643,6138,True,0,1,1648420781,183534,4,28.416666666666668,28.416666666666668,7631549.273148148,7631577.689814814
TelemetryTask,183536,183537,1649944757,1649947723,466118,True,1,1,1650413841,183540,4,2157.953703703704,2157.953703703704,7638646.865740741,7640804.819444444
UartTxTask,183539,183541,1650411469,1650416357,6108,True,0,1,1650422465,183543,4,28.27777777777778,28.27777777777778,7640816.467592592,7640844.74537037
UartTxTask,183545,183546,1650571613,1650574835,6133,True,0,1,1650580968,183548,4,28.39351851851852,28.39351851851852,7641550.162037037,7641578.555555556
TelemetryTask,183550,183551,1652104737,1652107775,466110,True,1,1,1652573885,183554,4,2157.9166666666665,2157.9166666666665,7648647.106481481,7650805.023148148
UartTxTask,183553,183555,1652571537,1652576363,6200,True,0,1,1652582563,183557,4,28.703703703703702,28.703703703703702,7650816.49537037,7650845.199074074
UartTxTask,183559,183560,1652731699,1652734900,6282,True,0,1,1652741182,183562,4,29.083333333333332,29.083333333333332,7651550.462962963,7651579.546296297
TelemetryTask,183564,183565,1654264752,1654267785,466140,True,1,1,1654733925,183568,4,2158.0555555555557,2158.0555555555557,7658647.152777778,7660805.208333333
UartTxTask,183567,183569,1654731674,1654736356,6242,True,0,1,1654742598,183571,4,28.89814814814815,28.89814814814815,7660816.462962963,7660845.361111111
UartTxTask,183573,183574,1654891668,1654894811,6132,True,0,1,1654900943,183576,4,28.38888888888889,28.38888888888889,7661550.050925926,7661578.439814814
TelemetryTask,183578,183579,1656424726,1656427729,466112,True,1,1,1656893841,183582,4,2157.925925925926,2157.925925925926,7668646.893518519,7670804.819444444
UartTxTask,183581,183583,1656891455,1656896277,6181,True,0,1,1656902458,183585,4,28.61574074074074,28.61574074074074,7670816.097222222,7670844.712962963
UartTxTask,183587,183588,1657051535,1657054737,6263,True,0,1,1657061000,183590,4,28.99537037037037,28.99537037037037,7671549.708333333,7671578.703703703
TelemetryTask,183592,183593,1658584732,1658587810,466163,True,1,1,1659053973,183596,4,2158.162037037037,2158.162037037037,7678647.268518519,7680805.430555556
UartTxTask,183595,183597,1659051641,1659056356,6147,True,0,1,1659062503,183599,4,28.458333333333332,28.458333333333332,7680816.462962963,7680844.921296297
UartTxTask,183601,183602,1659211573,1659214738,6231,True,0,1,1659220969,183604,4,28.84722222222222,28.84722222222222,7681549.712962963,7681578.560185186
TelemetryTask,183606,183607,1660744705,1660747803,465835,True,1,1,1661213638,183610,4,2156.6435185185187,2156.6435185185187,7688647.236111111,7690803.87962963
UartTxTask,183609,183611,1661211288,1661216038,6242,True,0,1,1661222280,183613,4,28.89814814814815,28.89814814814815,7690814.990740741,7690843.888888889
UartTxTask,183615,183616,1661371303,1661374512,6248,True,0,1,1661380760,183618,4,28.925925925925927,28.925925925925927,7691548.666666667,7691577.592592592
TelemetryTask,183620,183621,1662904748,1662907718,466042,True,1,1,1663373760,183624,4,2157.6018518518517,2157.6018518518517,7698646.842592592,7700804.444444444
UartTxTask,183623,183625,1663371419,1663376212,6136,True,0,1,1663382348,183627,4,28.40740740740741,28.40740740740741,7700815.796296297,7700844.203703703
UartTxTask,183629,183630,1663531538,1663534672,6263,True,0,1,1663540935,183632,4,28.99537037037037,28.99537037037037,7701549.407407408,7701578.402777778
TelemetryTask,183634,183635,1665064752,1665067833,466025,True,1,1,1665533858,183638,4,2157.5231481481483,2157.5231481481483,7708647.375,7710804.898148148
UartTxTask,183637,183639,1665531494,1665536289,6250,True,0,1,1665542539,183641,4,28.935185185185187,28.935185185185187,7710816.152777778,7710845.087962963
UartTxTask,183643,183644,1665691633,1665694839,6249,True,0,1,1665701088,183646,4,28.930555555555557,28.930555555555557,7711550.180555556,7711579.111111111
TelemetryTask,183648,183649,1667224742,1667227750,465983,True,1,1,1667693733,183652,4,2157.328703703704,2157.328703703704,7718646.990740741,7720804.319444444
UartTxTask,183651,183653,1667691380,1667696150,6186,True,0,1,1667702336,183655,4,28.63888888888889,28.63888888888889,7720815.509259259,7720844.148148148
UartTxTask,183657,183658,1667851431,1667854582,6222,True,0,1,1667860804,183660,4,28.805555555555557,28.805555555555557,7721548.990740741,7721577.796296297
TelemetryTask,183662,183663,1669384704,1669387822,466114,True,1,1,1669853936,183666,4,2157.935185185185,2157.935185185185,7728647.324074074,7730805.259259259
UartTxTask,183665,183667,1669851555,1669856388,6281,True,0,1,1669862669,183669,4,29.078703703703702,29.078703703703702,7730816.611111111,7730845.689814814
UartTxTask,183671,183672,1670011693,1670014812,6389,True,0,1,1670021201,183674,4,29.578703703703702,29.578703703703702,7731550.055555556,7731579.634259259
TelemetryTask,183676,183677,1671544746,1671547794,466197,True,1,1,1672013991,183680,4,2158.3194444444443,2158.3194444444443,7738647.194444444,7740805.513888889
UartTxTask,183679,183681,1672011650,1672016443,6263,True,0,1,1672022706,183683,4,28.99537037037037,28.99537037037037,7740816.865740741,7740845.861111111
UartTxTask,183685,183686,1672171748,1672174946,6309,True,0,1,1672181255,183688,4,29.208333333333332,29.208333333333332,7741550.675925926,7741579.884259259
TelemetryTask,183690,183691,1673704746,1673707761,466149,True,1,1,1674173910,183694,4,2158.097222222222,2158.097222222222,7748647.041666667,7750805.138888889
UartTxTask,183693,183695,1674171539,1674176384,6311,True,0,1,1674182695,183697,4,29.21759259259259,29.21759259259259,7750816.592592592,7750845.810185186
UartTxTask,183699,183700,1674331715,1674334866,6274,True,0,1,1674341140,183702,4,29.046296296296298,29.046296296296298,7751550.305555556,7751579.351851852
TelemetryTask,183704,183705,1675864749,1675867764,465947,True,1,1,1676333711,183708,4,2157.162037037037,2157.162037037037,7758647.055555556,7760804.217592592
UartTxTask,183707,183709,1676331353,1676336219,6240,True,0,1,1676342459,183711,4,28.88888888888889,28.88888888888889,7760815.828703703,7760844.717592592
UartTxTask,183713,183714,1676491547,1676494683,6324,True,0,1,1676501007,183716,4,29.27777777777778,29.27777777777778,7761549.458333333,7761578.736111111
TelemetryTask,183718,183719,1678024763,1678027663,466217,True,1,1,1678493880,183722,4,2158.412037037037,2158.412037037037,7768646.587962963,7770805.0
UartTxTask,183721,183723,1678491521,1678496385,6352,True,0,1,1678502737,183725,4,29.40740740740741,29.40740740740741,7770816.597222222,7770846.00462963
UartTxTask,183727,183728,1678651740,1678654958,6234,True,0,1,1678661192,183730,4,28.86111111111111,28.86111111111111,7771550.731481481,7771579.592592592
TelemetryTask,183732,183733,1680184763,1680187823,465942,True,1,1,1680653765,183736,4,2157.1388888888887,2157.1388888888887,7778647.328703703,7780804.467592592
UartTxTask,183735,183737,1680651479,1680656211,6171,True,0,1,1680662382,183739,4,28.569444444444443,28.569444444444443,7780815.791666667,7780844.361111111
UartTxTask,183741,183742,1680811489,1680814635,6253,True,0,1,1680820888,183744,4,28.949074074074073,28.949074074074073,7781549.236111111,7781578.185185186
TelemetryTask,183746,183747,1682344765,1682347766,465928,True,1,1,1682813694,183750,4,2157.074074074074,2157.074074074074,7788647.064814814,7790804.138888889
UartTxTask,183749,183751,1682811395,1682816159,6295,True,0,1,1682822454,183753,4,29.14351851851852,29.14351851851852,7790815.550925926,7790844.694444444
UartTxTask,183755,183756,1682971505,1682974752,6184,True,0,1,1682980936,183758,4,28.62962962962963,28.62962962962963,7791549.777777778,7791578.407407408
TelemetryTask,183760,183761,1684504725,1684507743,466219,True,1,1,1684973962,183764,4,2158.421296296296,2158.421296296296,7798646.958333333,7800805.37962963
UartTxTask,183763,183765,1684971624,1684976376,6187,True,0,1,1684982563,183767,4,28.64351851851852,28.64351851851852,7800816.555555556,7800845.199074074
UartTxTask,183769,183770,1685131679,1685134863,6234,True,0,1,1685141097,183772,4,28.86111111111111,28.86111111111111,7801550.291666667,7801579.152777778
TelemetryTask,183774,183775,1686664734,1686667726,465901,True,1,1,1687133627,183778,4,2156.949074074074,2156.949074074074,7808646.87962963,7810803.828703703
UartTxTask,183777,183779,1687131333,1687136063,6204,True,0,1,1687142267,183781,4,28.72222222222222,28.72222222222222,7810815.106481481,7810843.828703703
UartTxTask,183783,183784,1687291387,1687294634,6211,True,0,1,1687300845,183786,4,28.75462962962963,28.75462962962963,7811549.231481481,7811577.986111111
TelemetryTask,183788,183789,1688824772,1688827808,466249,True,1,1,1689294057,183792,4,2158.560185185185,2158.560185185185,7818647.259259259,7820805.819444444
UartTxTask,183791,183793,1689291690,1689296516,6174,True,0,1,1689302690,183795,4,28.583333333333332,28.583333333333332,7820817.203703703,7820845.787037037
UartTxTask,183797,183798,1689451752,1689454914,6327,True,0,1,1689461241,183800,4,29.291666666666668,29.291666666666668,7821550.527777778,7821579.819444444
TelemetryTask,183802,183803,1690984759,1690987867,466115,True,1,1,1691453982,183806,4,2157.939814814815,2157.939814814815,7828647.532407408,7830805.472222222
UartTxTask,183805,183807,1691451653,1691456439,6253,True,0,1,1691462692,183809,4,28.949074074074073,28.949074074074073,7830816.847222222,7830845.796296297
UartTxTask,183811,183812,1691611709,1691614910,6315,True,0,1,1691621225,183814,4,29.23611111111111,29.23611111111111,7831550.509259259,7831579.74537037
TelemetryTask,183816,183817,1693144731,1693147751,466155,True,1,1,1693613906,183820,4,2158.125,2158.125,7838646.99537037,7840805.12037037
UartTxTask,183819,183821,1693611543,1693616358,6135,True,0,1,1693622493,183823,4,28.40277777777778,28.40277777777778,7840816.472222222,7840844.875
UartTxTask,183825,183826,1693771562,1693774736,6292,True,0,1,1693781028,183828,4,29.12962962962963,29.12962962962963,7841549.703703703,7841578.833333333
TelemetryTask,183830,183831,1695304747,1695307783,466238,True,1,1,1695774021,183834,4,2158.509259259259,2158.509259259259,7848647.143518519,7850805.652777778
UartTxTask,183833,183835,1695771684,1695776425,6256,True,0,1,1695782681,183837,4,28.962962962962962,28.962962962962962,7850816.782407408,7850845.74537037
UartTxTask,183839,183840,1695931718,1695934975,6372,True,0,1,1695941347,183842,4,29.5,29.5,7851550.810185186,7851580.310185186
TelemetryTask,183844,183845,1697464746,1697467788,466094,True,1,1,1697933882,183848,4,2157.8425925925926,2157.8425925925926,7858647.166666667,7860805.009259259
UartTxTask,183847,183849,1697931491,1697936306,6160,True,0,1,1697942466,183851,4,28.51851851851852,28.51851851851852,7860816.231481481,7860844.75
UartTxTask,183853,183854,1698091601,1698094790,6236,True,0,1,1698101026,183856,4,28.87037037037037,28.87037037037037,7861549.953703703,7861578.824074074
TelemetryTask,183858,183859,1699624765,1699627754,466041,True,1,1,1700093795,183862,4,2157.597222222222,2157.597222222222,7868647.009259259,7870804.606481481
UartTxTask,183861,183863,1700091473,1700096236,6068,True,0,1,1700102304,183865,4,28.09259259259259,28.09259259259259,7870815.907407408,7870844.0
UartTxTask,183867,183868,1700251524,1700254645,6232,True,0,1,1700260877,183870,4,28.85185185185185,28.85185185185185,7871549.282407408,7871578.134259259
TelemetryTask,183872,183873,1701784725,1701787777,466221,True,1,1,1702253998,183876,4,2158.4305555555557,2158.4305555555557,7878647.115740741,7880805.546296297
UartTxTask,183875,183877,1702251616,1702256443,6279,True,0,1,1702262722,183879,4,29.069444444444443,29.069444444444443,7880816.865740741,7880845.935185186
UartTxTask,183881,183882,1702411815,1702415004,6245,True,0,1,1702421249,183884,4,28.912037037037038,28.912037037037038,7881550.944444444,7881579.856481481
TelemetryTask,183886,183887,1703944718,1703947676,466295,True,1,1,1704413971,183890,4,2158.7731481481483,2158.7731481481483,7888646.648148148,7890805.421296297
UartTxTask,183889,183891,1704411659,1704416442,6141,True,0,1,1704422583,183893,4,28.430555555555557,28.430555555555557,7890816.861111111,7890845.291666667
UartTxTask,183895,183896,1704571700,1704574857,6117,True,0,1,1704580974,183898,4,28.319444444444443,28.319444444444443,7891550.263888889,7891578.583333333
TelemetryTask,183900,183901,1706104747,1706107831,466119,True,1,1,1706573950,183904,4,2157.9583333333335,2157.9583333333335,7898647.365740741,7900805.324074074
UartTxTask,183903,183905,1706571620,1706576415,6162,True,0,1,1706582577,183907,4,28.52777777777778,28.52777777777778,7900816.736111111,7900845.263888889
UartTxTask,183909,183910,1706731711,1706734839,6249,True,0,1,1706741088,183912,4,28.930555555555557,28.930555555555557,7901550.180555556,7901579.111111111
TelemetryTask,183914,183915,1708264739,1708267726,466043,True,1,1,1708733769,183918,4,2157.6064814814813,2157.6064814814813,7908646.87962963,7910804.486111111
UartTxTask,183917,183919,1708731419,1708736242,6181,True,0,1,1708742423,183921,4,28.61574074074074,28.61574074074074,7910815.935185186,7910844.550925926
UartTxTask,183923,183924,1708891479,1708894669,6115,True,0,1,1708900784,183926,4,28.310185185185187,28.310185185185187,7911549.393518519,7911577.703703703
TelemetryTask,183928,183929,1710424723,1710427752,465907,True,1,1,1710893659,183932,4,2156.9768518518517,2156.9768518518517,7918647.0,7920803.976851852
UartTxTask,183931,183933,1710891270,1710896150,6163,True,0,1,1710902313,183935,4,28.53240740740741,28.53240740740741,7920815.509259259,7920844.041666667
UartTxTask,183937,183938,1711051384,1711054589,6285,True,0,1,1711060874,183940,4,29.09722222222222,29.09722222222222,7921549.023148148,7921578.12037037
TelemetryTask,183942,183943,1712584748,1712587799,466024,True,1,1,1713053823,183946,4,2157.5185185185187,2157.5185185185187,7928647.217592592,7930804.736111111
UartTxTask,183945,183947,1713051464,1713056313,6072,True,0,1,1713062385,183949,4,28.11111111111111,28.11111111111111,7930816.263888889,7930844.375
UartTxTask,183951,183952,1713211510,1713214680,6276,True,0,1,1713220956,183954,4,29.055555555555557,29.055555555555557,7931549.444444444,7931578.5
TelemetryTask,183956,183957,1714744756,1714747789,466126,True,1,1,1715213915,183960,4,2157.990740740741,2157.990740740741,7938647.171296297,7940805.162037037
UartTxTask,183959,183961,1715211584,1715216397,6224,True,0,1,1715222621,183963,4,28.814814814814813,28.814814814814813,7940816.652777778,7940845.467592592
UartTxTask,183965,183966,1715371686,1715374951,6368,True,0,1,1715381319,183968,4,29.48148148148148,29.48148148148148,7941550.699074074,7941580.180555556
TelemetryTask,183970,183971,1716904742,1716907745,466189,True,1,1,1717373934,183974,4,2158.2824074074074,2158.2824074074074,7948646.967592592,7950805.25
UartTxTask,183973,183975,1717371589,1717376424,6255,True,0,1,1717382679,183977,4,28.958333333333332,28.958333333333332,7950816.777777778,7950845.736111111
UartTxTask,183979,183980,1717531703,1717534958,6354,True,0,1,1717541312,183982,4,29.416666666666668,29.416666666666668,7951550.731481481,7951580.148148148
TelemetryTask,183984,183985,1719064741,1719067716,466281,True,1,1,1719533997,183988,4,2158.7083333333335,2158.7083333333335,7958646.833333333,7960805.541666667
UartTxTask,183987,183989,1719531663,1719536483,6253,True,0,1,1719542736,183991,4,28.949074074074073,28.949074074074073,7960817.050925926,7960846.0
UartTxTask,183993,183994,1719691903,1719695140,6136,True,0,1,1719701276,183996,4,28.40740740740741,28.40740740740741,7961551.574074074,7961579.981481481
TelemetryTask,183998,183999,1721224713,1721227782,466031,True,1,1,1721693813,184002,4,2157.550925925926,2157.550925925926,7968647.138888889,7970804.689814814
UartTxTask,184001,184003,1721691441,1721696242,6189,True,0,1,1721702431,184005,4,28.65277777777778,28.65277777777778,7970815.935185186,7970844.587962963
UartTxTask,184007,184008,1721851520,1721854761,6282,True,0,1,1721861043,184010,4,29.083333333333332,29.083333333333332,7971549.819444444,7971578.902777778
TelemetryTask,184012,184013,1723384738,1723387810,466029,True,1,1,1723853839,184016,4,2157.5416666666665,2157.5416666666665,7978647.268518519,7980804.810185186
UartTxTask,184015,184017,1723851558,1723856238,6212,True,0,1,1723862450,184019,4,28.75925925925926,28.75925925925926,7980815.916666667,7980844.675925926
UartTxTask,184021,184022,1724011585,1724014769,6218,True,0,1,1724020987,184024,4,28.787037037037038,28.787037037037038,7981549.856481481,7981578.643518519
TelemetryTask,184026,184027,1725544740,1725547759,466231,True,1,1,1726013990,184030,4,2158.4768518518517,2158.4768518518517,7988647.032407408,7990805.509259259
UartTxTask,184029,184031,1726011642,1726016447,6197,True,0,1,1726022644,184033,4,28.689814814814813,28.689814814814813,7990816.884259259,7990845.574074074
UartTxTask,184035,184036,1726171764,1726174944,6318,True,0,1,1726181262,184038,4,29.25,29.25,7991550.666666667,7991579.916666667
TelemetryTask,184040,184041,1727704763,1727707763,466081,True,1,1,1728173844,184044,4,2157.7824074074074,2157.7824074074074,7998647.050925926,8000804.833333333
UartTxTask,184043,184045,1728171553,1728176297,6241,True,0,1,1728182538,184047,4,28.89351851851852,28.89351851851852,8000816.189814814,8000845.083333333
UartTxTask,184049,184050,1728331651,1728334822,6146,True,0,1,1728340968,184052,4,28.453703703703702,28.453703703703702,8001550.101851852,8001578.555555556
TelemetryTask,184054,184055,1729864731,1729867816,465956,True,1,1,1730333772,184058,4,2157.203703703704,2157.203703703704,8008647.296296297,8010804.5
UartTxTask,184057,184059,1730331388,1730336253,6295,True,0,1,1730342548,184061,4,29.14351851851852,29.14351851851852,8010815.986111111,8010845.12962963
UartTxTask,184063,184064,1730491612,1730494767,6225,True,0,1,1730500992,184066,4,28.819444444444443,28.819444444444443,8011549.847222222,8011578.666666667
TelemetryTask,184068,184069,1732024763,1732027822,466132,True,1,1,1732493954,184072,4,2158.0185185185187,2158.0185185185187,8018647.324074074,8020805.342592592
UartTxTask,184071,184073,1732491612,1732496449,6148,True,0,1,1732502597,184075,4,28.462962962962962,28.462962962962962,8020816.893518519,8020845.356481481
UartTxTask,184077,184078,1732651690,1732654879,6158,True,0,1,1732661037,184080,4,28.50925925925926,28.50925925925926,8021550.365740741,8021578.875
TelemetryTask,184082,184083,1734184701,1734187802,466050,True,1,1,1734653852,184086,4,2157.6388888888887,2157.6388888888887,8028647.231481481,8030804.87037037
UartTxTask,184085,184087,1734651583,1734656243,6299,True,0,1,1734662542,184089,4,29.162037037037038,29.162037037037038,8030815.939814814,8030845.101851852
UartTxTask,184091,184092,1734811520,1734814704,6245,True,0,1,1734820949,184094,4,28.912037037037038,28.912037037037038,8031549.555555556,8031578.467592592
TelemetryTask,184096,184097,1736344721,1736347736,466155,True,1,1,1736813891,184100,4,2158.125,2158.125,8038646.925925926,8040805.050925926
UartTxTask,184099,184101,1736811482,1736816328,6144,True,0,1,1736822472,184103,4,28.444444444444443,28.444444444444443,8040816.333333333,8040844.777777778
UartTxTask,184105,184106,1736971640,1736974795,6379,True,0,1,1736981174,184108,4,29.53240740740741,29.53240740740741,8041549.976851852,8041579.509259259
TelemetryTask,184110,184111,1738504722,1738507726,466121,True,1,1,1738973847,184114,4,2157.9675925925926,2157.9675925925926,8048646.87962963,8050804.847222222
UartTxTask,184113,184115,1738971478,1738976322,6173,True,0,1,1738982495,184117,4,28.578703703703702,28.578703703703702,8050816.305555556,8050844.884259259
UartTxTask,184119,184120,1739131567,1739134812,6294,True,0,1,1739141106,184122,4,29.13888888888889,29.13888888888889,8051550.055555556,8051579.194444444
TelemetryTask,184124,184125,1740664747,1740667760,466032,True,1,1,1741133792,184128,4,2157.5555555555557,2157.5555555555557,8058647.037037037,8060804.592592592
UartTxTask,184127,184129,1741131418,1741136152,6178,True,0,1,1741142330,184131,4,28.60185185185185,28.60185185185185,8060815.518518519,8060844.12037037
UartTxTask,184133,184134,1741291438,1741294647,6212,True,0,1,1741300859,184136,4,28.75925925925926,28.75925925925926,8061549.291666667,8061578.050925926
TelemetryTask,184138,184139,1742824743,1742827713,466155,True,1,1,1743293868,184142,4,2158.125,2158.125,8068646.819444444,8070804.944444444
UartTxTask,184141,184143,1743291484,1743296332,6220,True,0,1,1743302552,184145,4,28.796296296296298,28.796296296296298,8070816.351851852,8070845.148148148
UartTxTask,184147,184148,1743451677,1743454873,6346,True,0,1,1743461219,184150,4,29.37962962962963,29.37962962962963,8071550.337962963,8071579.717592592
TelemetryTask,184152,184153,1744984731,1744987842,466069,True,1,1,1745453911,184156,4,2157.7268518518517,2157.7268518518517,8078647.416666667,8080805.143518519
UartTxTask,184155,184157,1745451573,1745456369,6218,True,0,1,1745462587,184159,4,28.787037037037038,28.787037037037038,8080816.523148148,8080845.310185186
UartTxTask,184161,184162,1745611709,1745614863,6296,True,0,1,1745621159,184164,4,29.14814814814815,29.14814814814815,8081550.291666667,8081579.439814814
TelemetryTask,184166,184167,1747144762,1747147832,466073,True,1,1,1747613905,184170,4,2157.7453703703704,2157.7453703703704,8088647.37037037,8090805.115740741
UartTxTask,184169,184171,1747611585,1747616320,6202,True,0,1,1747622522,184173,4,28.712962962962962,28.712962962962962,8090816.296296297,8090845.009259259
UartTxTask,184175,184176,1747771656,1747774813,6310,True,0,1,1747781123,184178,4,29.212962962962962,29.212962962962962,8091550.060185186,8091579.273148148
TelemetryTask,184180,184181,1749304761,1749307885,466144,True,1,1,1749774029,184184,4,2158.074074074074,2158.074074074074,8098647.615740741,8100805.689814814
UartTxTask,184183,184185,1749771671,1749776499,6203,True,0,1,1749782702,184187,4,28.71759259259259,28.71759259259259,8100817.125,8100845.842592592
UartTxTask,184189,184190,1749931796,1749935005,6300,True,0,1,1749941305,184192,4,29.166666666666668,29.166666666666668,8101550.949074074,8101580.115740741
TelemetryTask,184194,184195,1751464738,1751467708,466029,True,1,1,1751933737,184198,4,2157.5416666666665,2157.5416666666665,8108646.796296297,8110804.337962963
UartTxTask,184197,184199,1751931406,1751936155,6152,True,0,1,1751942307,184201,4,28.48148148148148,28.48148148148148,8110815.532407408,8110844.013888889
UartTxTask,184203,184204,1752091381,1752094532,6238,True,0,1,1752100770,184206,4,28.87962962962963,28.87962962962963,8111548.759259259,8111577.638888889
TelemetryTask,184208,184209,1753624698,1753627782,466046,True,1,1,1754093828,184212,4,2157.6203703703704,2157.6203703703704,8118647.138888889,8120804.759259259
UartTxTask,184211,184213,1754091455,1754096310,6253,True,0,1,1754102563,184215,4,28.949074074074073,28.949074074074073,8120816.25,8120845.199074074
UartTxTask,184217,184218,1754251659,1754254844,6289,True,0,1,1754261133,184220,4,29.11574074074074,29.11574074074074,8121550.203703703,8121579.319444444
TelemetryTask,184222,184223,1755784737,1755787721,466275,True,1,1,1756253996,184226,4,2158.6805555555557,2158.6805555555557,8128646.856481481,8130805.537037037
UartTxTask,184225,184227,1756251624,1756256525,6202,True,0,1,1756262727,184229,4,28.712962962962962,28.712962962962962,8130817.24537037,8130845.958333333
UartTxTask,184231,184232,1756411764,1756414946,6272,True,0,1,1756421218,184234,4,29.037037037037038,29.037037037037038,8131550.675925926,8131579.712962963
TelemetryTask,184236,184237,1757944772,1757947816,465981,True,1,1,1758413797,184240,4,2157.3194444444443,2157.3194444444443,8138647.296296297,8140804.615740741
UartTxTask,184239,184241,1758411415,1758416220,6214,True,0,1,1758422434,184243,4,28.76851851851852,28.76851851851852,8140815.833333333,8140844.601851852
UartTxTask,184245,184246,1758571493,1758574696,6281,True,0,1,1758580977,184248,4,29.078703703703702,29.078703703703702,8141549.518518519,8141578.597222222
TelemetryTask,184250,184251,1760104739,1760107788,466015,True,1,1,1760573803,184254,4,2157.4768518518517,2157.4768518518517,8148647.166666667,8150804.643518519
UartTxTask,184253,184255,1760571479,1760576233,6266,True,0,1,1760582499,184257,4,29.00925925925926,29.00925925925926,8150815.893518519,8150844.902777778
UartTxTask,184259,184260,1760731588,1760734741,6337,True,0,1,1760741078,184262,4,29.337962962962962,29.337962962962962,8151549.726851852,8151579.064814814
TelemetryTask,184264,184265,1762264717,1762267758,466191,True,1,1,1762733949,184268,4,2158.2916666666665,2158.2916666666665,8158647.027777778,8160805.319444444
UartTxTask,184267,184269,1762731593,1762736414,6266,True,0,1,1762742680,184271,4,29.00925925925926,29.00925925925926,8160816.731481481,8160845.740740741
UartTxTask,184273,184274,1762891790,1762895001,6261,True,0,1,1762901262,184276,4,28.98611111111111,28.98611111111111,8161550.930555556,8161579.916666667
TelemetryTask,184278,184279,1764424729,1764427734,465886,True,1,1,1764893620,184282,4,2156.8796296296296,2156.8796296296296,8168646.916666667,8170803.796296297
UartTxTask,184281,184283,1764891302,1764896083,6225,True,0,1,1764902308,184285,4,28.819444444444443,28.819444444444443,8170815.199074074,8170844.018518519
UartTxTask,184287,184288,1765051352,1765054534,6176,True,0,1,1765060710,184290,4,28.59259259259259,28.59259259259259,8171548.768518519,8171577.361111111
TelemetryTask,184292,184293,1766584764,1766587814,465951,True,1,1,1767053765,184296,4,2157.1805555555557,2157.1805555555557,8178647.287037037,8180804.467592592
UartTxTask,184295,184297,1767051403,1767056182,6182,True,0,1,1767062364,184299,4,28.62037037037037,28.62037037037037,8180815.657407408,8180844.277777778
UartTxTask,184301,184302,1767211388,1767214558,6358,True,0,1,1767220916,184304,4,29.435185185185187,29.435185185185187,8181548.87962963,8181578.314814814
TelemetryTask,184306,184307,1768744746,1768747789,466062,True,1,1,1769213851,184310,4,2157.6944444444443,2157.6944444444443,8188647.171296297,8190804.865740741
UartTxTask,184309,184311,1769211505,1769216308,6122,True,0,1,1769222430,184313,4,28.34259259259259,28.34259259259259,8190816.240740741,8190844.583333333
UartTxTask,184315,184316,1769371502,1769374680,6336,True,0,1,1769381016,184318,4,29.333333333333332,29.333333333333332,8191549.444444444,8191578.777777778
TelemetryTask,184320,184321,1770904709,1770907775,465965,True,1,1,1771373740,184324,4,2157.2453703703704,2157.2453703703704,8198647.106481481,8200804.351851852
UartTxTask,184323,184325,1771371411,1771376147,6163,True,0,1,1771382310,184327,4,28.53240740740741,28.53240740740741,8200815.49537037,8200844.027777778
UartTxTask,184329,184330,1771531409,1771534571,6245,True,0,1,1771540816,184332,4,28.912037037037038,28.912037037037038,8201548.939814814,8201577.851851852
TelemetryTask,184334,184335,1773064741,1773067813,465996,True,1,1,1773533809,184338,4,2157.3888888888887,2157.3888888888887,8208647.282407408,8210804.671296297
UartTxTask,184337,184339,1773531515,1773536313,6114,True,0,1,1773542427,184341,4,28.305555555555557,28.305555555555557,8210816.263888889,8210844.569444444
UartTxTask,184343,184344,1773691481,1773694653,6312,True,0,1,1773700965,184346,4,29.22222222222222,29.22222222222222,8211549.319444444,8211578.541666667
TelemetryTask,184348,184349,1775224765,1775227830,465998,True,1,1,1775693828,184352,4,2157.3981481481483,2157.3981481481483,8218647.361111111,8220804.759259259
UartTxTask,184351,184353,1775691463,1775696226,6174,True,0,1,1775702400,184355,4,28.583333333333332,28.583333333333332,8220815.861111111,8220844.444444444
UartTxTask,184357,184358,1775851410,1775854539,6214,True,0,1,1775860753,184360,4,28.76851851851852,28.76851851851852,8221548.791666667,8221577.560185186
TelemetryTask,184362,184363,1777384729,1777387731,466153,True,1,1,1777853884,184366,4,2158.115740740741,2158.115740740741,8228646.902777778,8230805.018518519
UartTxTask,184365,184367,1777851540,1777856326,6186,True,0,1,1777862512,184369,4,28.63888888888889,28.63888888888889,8230816.324074074,8230844.962962963
UartTxTask,184371,184372,1778011633,1778014802,6280,True,0,1,1778021082,184374,4,29.074074074074073,29.074074074074073,8231550.009259259,8231579.083333333
TelemetryTask,184376,184377,1779544749,1779547801,466408,True,1,1,1780014209,184380,4,2159.296296296296,2159.296296296296,8238647.226851852,8240806.523148148
UartTxTask,184379,184381,1780011835,1780016699,6135,True,0,1,1780022834,184383,4,28.40277777777778,28.40277777777778,8240818.050925926,8240846.453703703
UartTxTask,184385,184386,1780171923,1780175078,6227,True,0,1,1780181305,184388,4,28.828703703703702,28.828703703703702,8241551.287037037,8241580.115740741
TelemetryTask,184390,184391,1781704759,1781707842,466163,True,1,1,1782174005,184394,4,2158.162037037037,2158.162037037037,8248647.416666667,8250805.578703703
UartTxTask,184393,184395,1782171731,1782176447,6365,True,0,1,1782182812,184397,4,29.46759259259259,29.46759259259259,8250816.884259259,8250846.351851852
UartTxTask,184399,184400,1782331783,1782334990,6168,True,0,1,1782341158,184402,4,28.555555555555557,28.555555555555557,8251550.87962963,8251579.435185186
TelemetryTask,184404,184405,1783864727,1783867776,466101,True,1,1,1784333877,184408,4,2157.875,2157.875,8258647.111111111,8260804.986111111
UartTxTask,184407,184409,1784331548,1784336308,6073,True,0,1,1784342381,184411,4,28.11574074074074,28.11574074074074,8260816.240740741,8260844.356481481
UartTxTask,184413,184414,1784491543,1784494944,6153,True,0,1,1784501097,184416,4,28.48611111111111,28.48611111111111,8261550.666666667,8261579.152777778
TelemetryTask,184418,184419,1786024752,1786027780,466191,True,1,1,1786493971,184422,4,2158.2916666666665,2158.2916666666665,8268647.12962963,8270805.421296297
UartTxTask,184421,184423,1786491587,1786496487,6117,True,0,1,1786502604,184425,4,28.319444444444443,28.319444444444443,8270817.069444444,8270845.388888889
UartTxTask,184427,184428,1786651741,1786654966,6319,True,0,1,1786661285,184430,4,29.25462962962963,29.25462962962963,8271550.768518519,8271580.023148148
TelemetryTask,184432,184433,1788184727,1788187755,465997,True,1,1,1788653752,184436,4,2157.3935185185187,2157.3935185185187,8278647.013888889,8280804.407407408
UartTxTask,184435,184437,1788651435,1788656202,6174,True,0,1,1788662376,184439,4,28.583333333333332,28.583333333333332,8280815.75,8280844.333333333
UartTxTask,184441,184442,1788811441,1788814608,6196,True,0,1,1788820804,184444,4,28.685185185185187,28.685185185185187,8281549.111111111,8281577.796296297
TelemetryTask,184446,184447,1790344758,1790347821,466095,True,1,1,1790813916,184450,4,2157.847222222222,2157.847222222222,8288647.319444444,8290805.166666667
UartTxTask,184449,184451,1790811603,1790816421,6211,True,0,1,1790822632,184453,4,28.75462962962963,28.75462962962963,8290816.763888889,8290845.518518519
UartTxTask,184455,184456,1790971716,1790974951,6271,True,0,1,1790981222,184458,4,29.03240740740741,29.03240740740741,8291550.699074074,8291579.731481481
TelemetryTask,184460,184461,1792504692,1792507773,465906,True,1,1,1792973679,184464,4,2156.972222222222,2156.972222222222,8298647.097222222,8300804.069444444
UartTxTask,184463,184465,1792971375,1792976096,6287,True,0,1,1792982383,184467,4,29.10648148148148,29.10648148148148,8300815.259259259,8300844.365740741
UartTxTask,184469,184470,1793131477,1793134636,6381,True,0,1,1793141017,184472,4,29.541666666666668,29.541666666666668,8301549.240740741,8301578.782407408
TelemetryTask,184474,184475,1794664750,1794667801,465912,True,1,1,1795133713,184478,4,2157.0,2157.0,8308647.226851852,8310804.226851852
UartTxTask,184477,184479,1795131364,1795136133,6154,True,0,1,1795142287,184481,4,28.49074074074074,28.49074074074074,8310815.430555556,8310843.921296297
UartTxTask,184483,184484,1795291322,1795294501,6240,True,0,1,1795300741,184486,4,28.88888888888889,28.88888888888889,8311548.615740741,8311577.50462963
TelemetryTask,184488,184489,1796824748,1796827784,466196,True,1,1,1797293980,184492,4,2158.314814814815,2158.314814814815,8318647.148148148,8320805.462962963
UartTxTask,184491,184493,1797291589,1797296460,6051,True,0,1,1797302511,184495,4,28.01388888888889,28.01388888888889,8320816.944444444,8320844.958333333
UartTxTask,184497,184498,1797451666,1797454803,6238,True,0,1,1797461041,184500,4,28.87962962962963,28.87962962962963,8321550.013888889,8321578.893518519
TelemetryTask,184502,184503,1798984725,1798987692,466051,True,1,1,1799453743,184506,4,2157.6435185185187,2157.6435185185187,8328646.722222222,8330804.365740741
UartTxTask,184505,184507,1799451429,1799456180,6253,True,0,1,1799462433,184509,4,28.949074074074073,28.949074074074073,8330815.648148148,8330844.597222222
UartTxTask,184511,184512,1799611493,1799614731,6222,True,0,1,1799620953,184514,4,28.805555555555557,28.805555555555557,8331549.680555556,8331578.486111111
TelemetryTask,184516,184517,1801144734,1801147733,466077,True,1,1,1801613810,184520,4,2157.7638888888887,2157.7638888888887,8338646.912037037,8340804.675925926
UartTxTask,184519,184521,1801611477,1801616265,6080,True,0,1,1801622345,184523,4,28.14814814814815,28.14814814814815,8340816.041666667,8340844.189814814
UartTxTask,184525,184526,1801771462,1801774627,6241,True,0,1,1801780868,184528,4,28.89351851851852,28.89351851851852,8341549.199074074,8341578.092592592
TelemetryTask,184530,184531,1803304727,1803307753,466153,True,1,1,1803773906,184534,4,2158.115740740741,2158.115740740741,8348647.00462963,8350805.12037037
UartTxTask,184533,184535,1803771562,1803776339,6144,True,0,1,1803782483,184537,4,28.444444444444443,28.444444444444443,8350816.384259259,8350844.828703703
UartTxTask,184539,184540,1803931515,1803934705,6101,True,0,1,1803940806,184542,4,28.24537037037037,28.24537037037037,8351549.560185186,8351577.805555556
TelemetryTask,184544,184545,1805464726,1805467761,465918,True,1,1,1805933679,184548,4,2157.027777777778,2157.027777777778,8358647.041666667,8360804.069444444
UartTxTask,184547,184549,1805931376,1805936107,6209,True,0,1,1805942316,184551,4,28.74537037037037,28.74537037037037,8360815.310185186,8360844.055555556
UartTxTask,184553,184554,1806091405,1806094560,6250,True,0,1,1806100810,184556,4,28.935185185185187,28.935185185185187,8361548.888888889,8361577.824074074
TelemetryTask,184558,184559,1807624735,1807627831,466107,True,1,1,1808093938,184562,4,2157.902777777778,2157.902777777778,8368647.365740741,8370805.268518519
UartTxTask,184561,184563,1808091650,1808096318,6280,True,0,1,1808102598,184565,4,29.074074074074073,29.074074074074073,8370816.287037037,8370845.361111111
UartTxTask,184567,184568,1808251685,1808254837,6189,True,0,1,1808261026,184570,4,28.65277777777778,28.65277777777778,8371550.171296297,8371578.824074074
TelemetryTask,184572,184573,1809784754,1809787787,466299,True,1,1,1810254086,184576,4,2158.7916666666665,2158.7916666666665,8378647.162037037,8380805.953703703
UartTxTask,184575,184577,1810251746,1810256493,6186,True,0,1,1810262679,184579,4,28.63888888888889,28.63888888888889,8380817.097222222,8380845.736111111
UartTxTask,184581,184582,1810411754,1810414882,6337,True,0,1,1810421219,184584,4,29.337962962962962,29.337962962962962,8381550.37962963,8381579.717592592
TelemetryTask,184586,184587,1811944701,1811947655,466116,True,1,1,1812413771,184590,4,2157.9444444444443,2157.9444444444443,8388646.550925925,8390804.495370371
UartTxTask,184589,184591,1812411425,1812416193,6168,True,0,1,1812422361,184593,4,28.555555555555557,28.555555555555557,8390815.708333334,8390844.263888888
UartTxTask,184595,184596,1812571451,1812574589,6228,True,0,1,1812580817,184598,4,28.833333333333332,28.833333333333332,8391549.023148147,8391577.856481481
TelemetryTask,184600,184601,1814104730,1814107742,466192,True,1,1,1814573934,184604,4,2158.296296296296,2158.296296296296,8398646.953703703,8400805.25
UartTxTask,184603,184605,1814571616,1814576372,6134,True,0,1,1814582506,184607,4,28.39814814814815,28.39814814814815,8400816.537037037,8400844.935185185
UartTxTask,184609,184610,1814731568,1814734678,6057,True,0,1,1814740735,184612,4,28.041666666666668,28.041666666666668,8401549.435185185,8401577.476851853
TelemetryTask,184614,184615,1816264731,1816267771,466003,True,1,1,1816733774,184618,4,2157.421296296296,2157.421296296296,8408647.087962963,8410804.50925926
UartTxTask,184617,184619,1816731392,1816736277,6341,True,0,1,1816742618,184621,4,29.35648148148148,29.35648148148148,8410816.097222222,8410845.453703703
UartTxTask,184623,184624,1816891693,1816894817,6306,True,0,1,1816901123,184626,4,29.194444444444443,29.194444444444443,8411550.078703703,8411579.273148147
TelemetryTask,184628,184629,1818424722,1818427740,466099,True,1,1,1818893839,184632,4,2157.865740740741,2157.865740740741,8418646.944444444,8420804.810185185
UartTxTask,184631,184633,1818891526,1818896304,6137,True,0,1,1818902441,184635,4,28.412037037037038,28.412037037037038,8420816.222222222,8420844.63425926
UartTxTask,184637,184638,1819051496,1819054646,6283,True,0,1,1819060929,184640,4,29.087962962962962,29.087962962962962,8421549.287037037,8421578.375
TelemetryTask,184642,184643,1820584751,1820587853,465911,True,1,1,1821053764,184646,4,2156.9953703703704,2156.9953703703704,8428647.467592593,8430804.462962963
UartTxTask,184645,184647,1821051473,1821056201,6082,True,0,1,1821062283,184649,4,28.15740740740741,28.15740740740741,8430815.745370371,8430843.902777778
UartTxTask,184651,184652,1821211411,1821214515,6256,True,0,1,1821220771,184654,4,28.962962962962962,28.962962962962962,8431548.680555556,8431577.643518519
TelemetryTask,184656,184657,1822744744,1822747726,466101,True,1,1,1823213827,184660,4,2157.875,2157.875,8438646.879629629,8440804.754629629
UartTxTask,184659,184661,1823211546,1823216285,6222,True,0,1,1823222507,184663,4,28.805555555555557,28.805555555555557,8440816.13425926,8440844.939814815
UartTxTask,184665,184666,1823371604,1823374745,6323,True,0,1,1823381068,184668,4,29.27314814814815,29.27314814814815,8441549.745370371,8441579.018518519
TelemetryTask,184670,184671,1824904709,1824907745,466120,True,1,1,1825373865,184674,4,2157.962962962963,2157.962962962963,8448646.967592593,8450804.930555556
UartTxTask,184673,184675,1825371531,1825376297,6213,True,0,1,1825382510,184677,4,28.76388888888889,28.76388888888889,8450816.189814815,8450844.953703703
UartTxTask,184679,184680,1825531643,1825534840,6252,True,0,1,1825541092,184682,4,28.944444444444443,28.944444444444443,8451550.185185185,8451579.129629629
TelemetryTask,184684,184685,1827064692,1827067787,466148,True,1,1,1827533935,184688,4,2158.0925925925926,2158.0925925925926,8458647.162037037,8460805.254629629
UartTxTask,184687,184689,1827531634,1827536463,6331,True,0,1,1827542794,184691,4,29.310185185185187,29.310185185185187,8460816.958333334,8460846.268518519
UartTxTask,184693,184694,1827691870,1827695077,6239,True,0,1,1827701316,184696,4,28.88425925925926,28.88425925925926,8461551.282407407,8461580.166666666
TelemetryTask,184698,184699,1829224734,1829227814,466010,True,1,1,1829693824,184702,4,2157.453703703704,2157.453703703704,8468647.287037037,8470804.74074074
UartTxTask,184701,184703,1829691465,1829696216,6085,True,0,1,1829702301,184705,4,28.171296296296298,28.171296296296298,8470815.814814815,8470843.986111112
UartTxTask,184707,184708,1829851428,1829854580,6301,True,0,1,1829860881,184710,4,29.171296296296298,29.171296296296298,8471548.981481481,8471578.152777778
TelemetryTask,184712,184713,1831384762,1831387845,466247,True,1,1,1831854092,184716,4,2158.550925925926,2158.550925925926,8478647.430555556,8480805.981481481
UartTxTask,184715,184717,1831851700,1831856559,6260,True,0,1,1831862819,184719,4,28.98148148148148,28.98148148148148,8480817.402777778,8480846.38425926
UartTxTask,184721,184722,1832011848,1832015012,6243,True,0,1,1832021255,184724,4,28.90277777777778,28.90277777777778,8481550.981481481,8481579.88425926
TelemetryTask,184726,184727,1833544744,1833547708,466226,True,1,1,1834013934,184730,4,2158.453703703704,2158.453703703704,8488646.796296297,8490805.25
UartTxTask,184729,184731,1834011568,1834016403,6125,True,0,1,1834022528,184733,4,28.35648148148148,28.35648148148148,8490816.680555556,8490845.037037037
UartTxTask,184735,184736,1834171637,1834174818,6344,True,0,1,1834181162,184738,4,29.37037037037037,29.37037037037037,8491550.083333334,8491579.453703703
TelemetryTask,184740,184741,1835704751,1835707766,466197,True,1,1,1836173963,184744,4,2158.3194444444443,2158.3194444444443,8498647.064814815,8500805.38425926
UartTxTask,184743,184745,1836171598,1836176438,6215,True,0,1,1836182653,184747,4,28.77314814814815,28.77314814814815,8500816.842592593,8500845.61574074
UartTxTask,184749,184750,1836331754,1836334878,6150,True,0,1,1836341028,184752,4,28.47222222222222,28.47222222222222,8501550.361111112,8501578.833333334
TelemetryTask,184754,184755,1837864752,1837867792,466224,True,1,1,1838334016,184758,4,2158.4444444444443,2158.4444444444443,8508647.185185185,8510805.629629629
UartTxTask,184757,184759,1838331632,1838336479,6141,True,0,1,1838342620,184761,4,28.430555555555557,28.430555555555557,8510817.032407407,8510845.462962963
UartTxTask,184763,184764,1838491724,1838494914,6269,True,0,1,1838501183,184766,4,29.02314814814815,29.02314814814815,8511550.527777778,8511579.550925925
TelemetryTask,184768,184769,1840024767,1840027856,466203,True,1,1,1840494059,184772,4,2158.347222222222,2158.347222222222,8518647.481481481,8520805.828703703
UartTxTask,184771,184773,1840491722,1840496494,6176,True,0,1,1840502670,184775,4,28.59259259259259,28.59259259259259,8520817.101851853,8520845.694444444
UartTxTask,184777,184778,1840651770,1840654986,6232,True,0,1,1840661218,184780,4,28.85185185185185,28.85185185185185,8521550.861111112,8521579.712962963
TelemetryTask,184782,184783,1842184756,1842187819,466088,True,1,1,1842653907,184786,4,2157.814814814815,2157.814814814815,8528647.310185185,8530805.125
UartTxTask,184785,184787,1842651551,1842656372,6259,True,0,1,1842662631,184789,4,28.97685185185185,28.97685185185185,8530816.537037037,8530845.513888888
UartTxTask,184791,184792,1842811696,1842814851,6291,True,0,1,1842821142,184794,4,29.125,29.125,8531550.236111112,8531579.361111112
TelemetryTask,184796,184797,1844344727,1844347785,466314,True,1,1,1844814099,184800,4,2158.8611111111113,2158.8611111111113,8538647.152777778,8540806.013888888
UartTxTask,184799,184801,1844811763,1844816546,6166,True,0,1,1844822712,184803,4,28.546296296296298,28.546296296296298,8540817.342592593,8540845.888888888
UartTxTask,184805,184806,1844971781,1844974958,6301,True,0,1,1844981259,184808,4,29.171296296296298,29.171296296296298,8541550.731481481,8541579.902777778
TelemetryTask,184810,184811,1846504745,1846507778,466094,True,1,1,1846973872,184814,4,2157.8425925925926,2157.8425925925926,8548647.120370371,8550804.962962963
UartTxTask,184813,184815,1846971554,1846976319,6182,True,0,1,1846982501,184817,4,28.62037037037037,28.62037037037037,8550816.291666666,8550844.912037037
UartTxTask,184819,184820,1847131562,1847134813,6267,True,0,1,1847141080,184822,4,29.01388888888889,29.01388888888889,8551550.060185185,8551579.074074075
TelemetryTask,184824,184825,1848664727,1848667731,466419,True,1,1,1849134150,184828,4,2159.347222222222,2159.347222222222,8558646.902777778,8560806.25
UartTxTask,184827,184829,1849131770,1849136619,6198,True,0,1,1849142817,184831,4,28.694444444444443,28.694444444444443,8560817.680555556,8560846.375
UartTxTask,184833,184834,1849291885,1849295064,6212,True,0,1,1849301276,184836,4,28.75925925925926,28.75925925925926,8561551.222222222,8561579.981481481
TelemetryTask,184838,184839,1850824744,1850827724,466192,True,1,1,1851293916,184842,4,2158.296296296296,2158.296296296296,8568646.870370371,8570805.166666666
UartTxTask,184841,184843,1851291543,1851296377,6111,True,0,1,1851302488,184845,4,28.291666666666668,28.291666666666668,8570816.560185185,8570844.851851853
UartTxTask,184847,184848,1851451607,1851454682,6234,True,0,1,1851460916,184850,4,28.86111111111111,28.86111111111111,8571549.453703703,8571578.314814815
TelemetryTask,184852,184853,1852984713,1852987762,466066,True,1,1,1853453828,184856,4,2157.712962962963,2157.712962962963,8578647.046296297,8580804.75925926
UartTxTask,184855,184857,1853451471,1853456281,6264,True,0,1,1853462545,184859,4,29.0,29.0,8580816.11574074,8580845.11574074
UartTxTask,184861,184862,1853611516,1853614757,6296,True,0,1,1853621053,184864,4,29.14814814814815,29.14814814814815,8581549.800925925,8581578.949074075
TelemetryTask,184866,184867,1855144725,1855147756,466039,True,1,1,1855613795,184870,4,2157.587962962963,2157.587962962963,8588647.018518519,8590804.606481481
UartTxTask,184869,184871,1855611502,1855616205,6277,True,0,1,1855622482,184873,4,29.060185185185187,29.060185185185187,8590815.763888888,8590844.824074075
UartTxTask,184875,184876,1855771580,1855774761,6206,True,0,1,1855780967,184878,4,28.73148148148148,28.73148148148148,8591549.819444444,8591578.550925925
TelemetryTask,184880,184881,1857304733,1857307822,466118,True,1,1,1857773940,184884,4,2157.953703703704,2157.953703703704,8598647.324074075,8600805.277777778
UartTxTask,184883,184885,1857771598,1857776400,6107,True,0,1,1857782507,184887,4,28.27314814814815,28.27314814814815,8600816.666666666,8600844.939814815
UartTxTask,184889,184890,1857931631,1857934837,6228,True,0,1,1857941065,184892,4,28.833333333333332,28.833333333333332,8601550.171296297,8601579.004629629
TelemetryTask,184894,184895,1859464759,1859467744,466316,True,1,1,1859934060,184898,4,2158.8703703703704,2158.8703703703704,8608646.962962963,8610805.833333334
UartTxTask,184897,184899,1859931687,1859936494,6239,True,0,1,1859942733,184901,4,28.88425925925926,28.88425925925926,8610817.101851853,8610845.986111112
UartTxTask,184903,184904,1860091847,1860094986,6268,True,0,1,1860101254,184906,4,29.01851851851852,29.01851851851852,8611550.861111112,8611579.879629629
TelemetryTask,184908,184909,1861624733,1861627787,466078,True,1,1,1862093865,184912,4,2157.7685185185187,2157.7685185185187,8618647.162037037,8620804.930555556
UartTxTask,184911,184913,1862091562,1862096307,6183,True,0,1,1862102490,184915,4,28.625,28.625,8620816.236111112,8620844.861111112
UartTxTask,184917,184918,1862251565,1862254780,6313,True,0,1,1862261093,184920,4,29.22685185185185,29.22685185185185,8621549.907407407,8621579.13425926
TelemetryTask,184922,184923,1863784747,1863787828,466389,True,1,1,1864254217,184926,4,2159.2083333333335,2159.2083333333335,8628647.351851853,8630806.560185185
UartTxTask,184925,184927,1864251880,1864256679,6263,True,0,1,1864262942,184929,4,28.99537037037037,28.99537037037037,8630817.958333334,8630846.953703703
UartTxTask,184931,184932,1864412020,1864415252,6321,True,0,1,1864421573,184934,4,29.26388888888889,29.26388888888889,8631552.092592593,8631581.356481481
ButtonTask,184938,184940,1865566721,1865569943,29537,True,1,1,1865599480,184944,4,136.74537037037038,136.74537037037038,8636897.88425926,8637034.629629629
UartTxTask,184943,184945,1865595862,1865602781,6149,True,0,1,1865608930,184947,4,28.46759259259259,28.46759259259259,8637049.912037037,8637078.379629629
UartTxTask,184949,184950,1865757999,1865759979,6354,True,0,1,1865766333,184952,4,29.416666666666668,29.416666666666668,8637777.680555556,8637807.097222222
TelemetryTask,184954,184955,1865944813,1865947769,465985,True,1,1,1866413754,184958,4,2157.337962962963,2157.337962962963,8638647.078703703,8640804.416666666
UartTxTask,184957,184959,1866411457,1866416183,6208,True,0,1,1866422391,184961,4,28.74074074074074,28.74074074074074,8640815.662037037,8640844.402777778
UartTxTask,184963,184964,1866571422,1866574679,6297,True,0,1,1866580976,184966,4,29.15277777777778,29.15277777777778,8641549.439814815,8641578.592592593
TelemetryTask,184968,184969,1868104747,1868107760,466251,True,1,1,1868574011,184972,4,2158.5694444444443,2158.5694444444443,8648647.037037037,8650805.606481481
UartTxTask,184971,184973,1868571718,1868576453,6216,True,0,1,1868582669,184975,4,28.77777777777778,28.77777777777778,8650816.912037037,8650845.689814815
UartTxTask,184977,184978,1868731776,1868734938,6131,True,0,1,1868741069,184980,4,28.38425925925926,28.38425925925926,8651550.638888888,8651579.023148147
TelemetryTask,184982,184983,1870264750,1870267756,466082,True,1,1,1870733838,184986,4,2157.787037037037,2157.787037037037,8658647.018518519,8660804.805555556
UartTxTask,184985,184987,1870731504,1870736216,6132,True,0,1,1870742348,184989,4,28.38888888888889,28.38888888888889,8660815.814814815,8660844.203703703
UartTxTask,184991,184992,1870891488,1870894647,6234,True,0,1,1870900881,184994,4,28.86111111111111,28.86111111111111,8661549.291666666,8661578.152777778
TelemetryTask,184996,184997,1872424765,1872427764,466174,True,1,1,1872893938,185000,4,2158.212962962963,2158.212962962963,8668647.055555556,8670805.268518519
UartTxTask,184999,185001,1872891563,1872896403,6159,True,0,1,1872902562,185003,4,28.51388888888889,28.51388888888889,8670816.680555556,8670845.194444444
UartTxTask,185005,185006,1873051698,1873054898,6286,True,0,1,1873061184,185008,4,29.10185185185185,29.10185185185185,8671550.453703703,8671579.555555556
TelemetryTask,185010,185011,1874584752,1874587826,466183,True,1,1,1875054009,185014,4,2158.2546296296296,2158.2546296296296,8678647.342592593,8680805.597222222
UartTxTask,185013,185015,1875051620,1875056467,6125,True,0,1,1875062592,185017,4,28.35648148148148,28.35648148148148,8680816.976851853,8680845.333333334
UartTxTask,185019,185020,1875211635,1875214729,6329,True,0,1,1875221058,185022,4,29.300925925925927,29.300925925925927,8681549.671296297,8681578.972222222
TelemetryTask,185024,185025,1876744722,1876747818,466102,True,1,1,1877213920,185028,4,2157.8796296296296,2157.8796296296296,8688647.305555556,8690805.185185185
UartTxTask,185027,185029,1877211569,1877216369,6177,True,0,1,1877222546,185031,4,28.59722222222222,28.59722222222222,8690816.523148147,8690845.120370371
UartTxTask,185033,185034,1877371570,1877374755,6229,True,0,1,1877380984,185036,4,28.837962962962962,28.837962962962962,8691549.791666666,8691578.629629629
TelemetryTask,185038,185039,1878904765,1878907829,466071,True,1,1,1879373900,185042,4,2157.7361111111113,2157.7361111111113,8698647.356481481,8700805.092592593
UartTxTask,185041,185043,1879371573,1879376331,6100,True,0,1,1879382431,185045,4,28.24074074074074,28.24074074074074,8700816.347222222,8700844.587962963
UartTxTask,185047,185048,1879531609,1879534794,6228,True,0,1,1879541022,185050,4,28.833333333333332,28.833333333333332,8701549.972222222,8701578.805555556
TelemetryTask,185052,185053,1881064735,1881067776,466113,True,1,1,1881533889,185056,4,2157.9305555555557,2157.9305555555557,8708647.111111112,8710805.041666666
UartTxTask,185055,185057,1881531596,1881536346,6205,True,0,1,1881542551,185059,4,28.72685185185185,28.72685185185185,8710816.416666666,8710845.143518519
UartTxTask,185061,185062,1881691606,1881694772,6300,True,0,1,1881701072,185064,4,29.166666666666668,29.166666666666668,8711549.870370371,8711579.037037037
TelemetryTask,185066,185067,1883224718,1883227692,466076,True,1,1,1883693768,185070,4,2157.759259259259,2157.759259259259,8718646.722222222,8720804.481481481
UartTxTask,185069,185071,1883691475,1883696205,6189,True,0,1,1883702394,185073,4,28.65277777777778,28.65277777777778,8720815.763888888,8720844.416666666
UartTxTask,185075,185076,1883851487,1883854733,6318,True,0,1,1883861051,185078,4,29.25,29.25,8721549.689814815,8721578.939814815
TelemetryTask,185080,185081,1885384715,1885387782,466165,True,1,1,1885853947,185084,4,2158.171296296296,2158.171296296296,8728647.138888888,8730805.310185185
UartTxTask,185083,185085,1885851628,1885856405,6184,True,0,1,1885862589,185087,4,28.62962962962963,28.62962962962963,8730816.689814815,8730845.319444444
UartTxTask,185089,185090,1886011675,1886014868,6279,True,0,1,1886021147,185092,4,29.069444444444443,29.069444444444443,8731550.314814815,8731579.38425926
TelemetryTask,185094,185095,1887544729,1887547752,466303,True,1,1,1888014055,185098,4,2158.810185185185,2158.810185185185,8738647.0,8740805.810185185
UartTxTask,185097,185099,1888011695,1888016582,6162,True,0,1,1888022744,185101,4,28.52777777777778,28.52777777777778,8740817.50925926,8740846.037037037
UartTxTask,185103,185104,1888171854,1888175064,6312,True,0,1,1888181376,185106,4,29.22222222222222,29.22222222222222,8741551.222222222,8741580.444444444
TelemetryTask,185108,185109,1889704728,1889707778,466291,True,1,1,1890174069,185112,4,2158.7546296296296,2158.7546296296296,8748647.120370371,8750805.875
UartTxTask,185111,185113,1890171785,1890176526,6292,True,0,1,1890182818,185115,4,29.12962962962963,29.12962962962963,8750817.25,8750846.379629629
UartTxTask,185117,185118,1890331891,1890335072,6252,True,0,1,1890341324,185120,4,28.944444444444443,28.944444444444443,8751551.25925926,8751580.203703703
TelemetryTask,185122,185123,1891864744,1891867790,466020,True,1,1,1892333810,185126,4,2157.5,2157.5,8758647.175925925,8760804.675925925
UartTxTask,185125,185127,1892331470,1892336250,6184,True,0,1,1892342434,185129,4,28.62962962962963,28.62962962962963,8760815.972222222,8760844.601851853
UartTxTask,185131,185132,1892491465,1892494647,6359,True,0,1,1892501006,185134,4,29.439814814814813,29.439814814814813,8761549.291666666,8761578.731481481
TelemetryTask,185136,185137,1894024746,1894027795,466154,True,1,1,1894493949,185140,4,2158.1203703703704,2158.1203703703704,8768647.199074075,8770805.319444444
UartTxTask,185139,185141,1894491575,1894496335,6220,True,0,1,1894502555,185143,4,28.796296296296298,28.796296296296298,8770816.36574074,8770845.162037037
UartTxTask,185145,185146,1894651650,1894654875,6155,True,0,1,1894661030,185148,4,28.49537037037037,28.49537037037037,8771550.347222222,8771578.842592593
TelemetryTask,185150,185151,1896184730,1896187702,466197,True,1,1,1896653899,185154,4,2158.3194444444443,2158.3194444444443,8778646.768518519,8780805.087962963
UartTxTask,185153,185155,1896651583,1896656278,6162,True,0,1,1896662440,185157,4,28.52777777777778,28.52777777777778,8780816.101851853,8780844.629629629
UartTxTask,185159,185160,1896811525,1896814698,6377,True,0,1,1896821075,185162,4,29.52314814814815,29.52314814814815,8781549.527777778,8781579.050925925
TelemetryTask,185164,185165,1898344739,1898347751,466073,True,1,1,1898813824,185168,4,2157.7453703703704,2157.7453703703704,8788646.995370371,8790804.74074074
UartTxTask,185167,185169,1898811499,1898816271,6188,True,0,1,1898822459,185171,4,28.64814814814815,28.64814814814815,8790816.069444444,8790844.717592593
UartTxTask,185173,185174,1898971561,1898974801,6222,True,0,1,1898981023,185176,4,28.805555555555557,28.805555555555557,8791550.004629629,8791578.810185185
TelemetryTask,185178,185179,1900504740,1900507758,465776,True,1,1,1900973534,185182,4,2156.3703703703704,2156.3703703703704,8798647.027777778,8800803.398148147
UartTxTask,185181,185183,1900971264,1900975993,6181,True,0,1,1900982174,185185,4,28.61574074074074,28.61574074074074,8800814.782407407,8800843.398148147
UartTxTask,185187,185188,1901131267,1901134533,6181,True,0,1,1901140714,185190,4,28.61574074074074,28.61574074074074,8801548.763888888,8801577.379629629
TelemetryTask,185192,185193,1902664731,1902667758,465854,True,1,1,1903133612,185196,4,2156.7314814814813,2156.7314814814813,8808647.027777778,8810803.75925926
UartTxTask,185195,185197,1903131288,1903136021,6168,True,0,1,1903142189,185199,4,28.555555555555557,28.555555555555557,8810814.912037037,8810843.467592593
UartTxTask,185201,185202,1903291275,1903294448,6217,True,0,1,1903300665,185204,4,28.78240740740741,28.78240740740741,8811548.370370371,8811577.152777778
TelemetryTask,185206,185207,1904824738,1904827738,466294,True,1,1,1905294032,185210,4,2158.7685185185187,2158.7685185185187,8818646.935185185,8820805.703703703
UartTxTask,185209,185211,1905291634,1905296491,6106,True,0,1,1905302597,185213,4,28.26851851851852,28.26851851851852,8820817.087962963,8820845.356481481
UartTxTask,185215,185216,1905451737,1905454963,6227,True,0,1,1905461190,185218,4,28.828703703703702,28.828703703703702,8821550.754629629,8821579.583333334
TelemetryTask,185220,185221,1906984721,1906987731,465999,True,1,1,1907453730,185224,4,2157.402777777778,2157.402777777778,8828646.902777778,8830804.305555556
UartTxTask,185223,185225,1907451366,1907456121,6123,True,0,1,1907462244,185227,4,28.34722222222222,28.34722222222222,8830815.375,8830843.722222222
UartTxTask,185229,185230,1907611339,1907614543,6262,True,0,1,1907620805,185232,4,28.99074074074074,28.99074074074074,8831548.810185185,8831577.800925925
TelemetryTask,185234,185235,1909144727,1909147794,466063,True,1,1,1909613857,185238,4,2157.699074074074,2157.699074074074,8838647.194444444,8840804.893518519
UartTxTask,185237,185239,1909611528,1909616307,6345,True,0,1,1909622652,185241,4,29.375,29.375,8840816.236111112,8840845.611111112
UartTxTask,185243,185244,1909771748,1909774966,6151,True,0,1,1909781117,185246,4,28.47685185185185,28.47685185185185,8841550.768518519,8841579.245370371
ButtonTask,185250,185252,1910065165,1910068380,30224,True,1,1,1910098604,185256,4,139.92592592592592,139.92592592592592,8842909.166666666,8843049.092592593
UartTxTask,185255,185257,1910094354,1910101422,6200,True,0,1,1910107622,185259,4,28.703703703703702,28.703703703703702,8843062.138888888,8843090.842592593
UartTxTask,185261,185262,1910256675,1910258601,6353,True,0,1,1910264954,185264,4,29.412037037037038,29.412037037037038,8843789.819444444,8843819.231481481
TelemetryTask,185266,185267,1911304775,1911307856,466128,True,1,1,1911773984,185270,4,2158.0,2158.0,8848647.481481481,8850805.481481481
UartTxTask,185269,185271,1911771642,1911776377,6156,True,0,1,1911782533,185273,4,28.5,28.5,8850816.560185185,8850845.060185185
UartTxTask,185275,185276,1911931687,1911934837,6266,True,0,1,1911941103,185278,4,29.00925925925926,29.00925925925926,8851550.171296297,8851579.180555556
TelemetryTask,185280,185281,1913464731,1913467726,465845,True,1,1,1913933571,185284,4,2156.689814814815,2156.689814814815,8858646.879629629,8860803.569444444
UartTxTask,185283,185285,1913931290,1913936016,6221,True,0,1,1913942237,185287,4,28.800925925925927,28.800925925925927,8860814.888888888,8860843.689814815
UartTxTask,185289,185290,1914091391,1914094616,6239,True,0,1,1914100855,185292,4,28.88425925925926,28.88425925925926,8861549.148148147,8861578.032407407
TelemetryTask,185294,185295,1915624774,1915627849,466067,True,1,1,1916093916,185298,4,2157.7175925925926,2157.7175925925926,8868647.449074075,8870805.166666666
UartTxTask,185297,185299,1916091622,1916096379,6250,True,0,1,1916102629,185301,4,28.935185185185187,28.935185185185187,8870816.569444444,8870845.504629629
UartTxTask,185303,185304,1916251762,1916254930,6214,True,0,1,1916261144,185306,4,28.76851851851852,28.76851851851852,8871550.601851853,8871579.370370371
TelemetryTask,185308,185309,1917784725,1917787802,466033,True,1,1,1918253835,185312,4,2157.560185185185,2157.560185185185,8878647.231481481,8880804.791666666
UartTxTask,185311,185313,1918251494,1918256292,6085,True,0,1,1918262377,185315,4,28.171296296296298,28.171296296296298,8880816.166666666,8880844.337962963
UartTxTask,185317,185318,1918411498,1918414719,6286,True,0,1,1918421005,185320,4,29.10185185185185,29.10185185185185,8881549.625,8881578.726851853
TelemetryTask,185322,185323,1919944737,1919947780,465823,True,1,1,1920413603,185326,4,2156.587962962963,2156.587962962963,8888647.129629629,8890803.717592593
UartTxTask,185325,185327,1920411298,1920416026,6249,True,0,1,1920422275,185329,4,28.930555555555557,28.930555555555557,8890814.935185185,8890843.86574074
UartTxTask,185331,185332,1920571319,1920574490,6190,True,0,1,1920580680,185334,4,28.65740740740741,28.65740740740741,8891548.564814815,8891577.222222222
TelemetryTask,185336,185337,1922104715,1922107751,466250,True,1,1,1922574001,185340,4,2158.564814814815,2158.564814814815,8898646.995370371,8900805.560185185
UartTxTask,185339,185341,1922571639,1922576478,6193,True,0,1,1922582671,185343,4,28.671296296296298,28.671296296296298,8900817.027777778,8900845.699074075
UartTxTask,185345,185346,1922731732,1922734885,6261,True,0,1,1922741146,185348,4,28.98611111111111,28.98611111111111,8901550.393518519,8901579.379629629
TelemetryTask,185350,185351,1924264749,1924267724,466091,True,1,1,1924733815,185354,4,2157.828703703704,2157.828703703704,8908646.870370371,8910804.699074075
UartTxTask,185353,185355,1924731475,1924736230,6160,True,0,1,1924742390,185357,4,28.51851851851852,28.51851851851852,8910815.879629629,8910844.398148147
UartTxTask,185359,185360,1924891447,1924894585,6302,True,0,1,1924900887,185362,4,29.175925925925927,29.175925925925927,8911549.004629629,8911578.180555556
TelemetryTask,185364,185365,1926424735,1926427813,466028,True,1,1,1926893841,185368,4,2157.537037037037,2157.537037037037,8918647.282407407,8920804.819444444
UartTxTask,185367,185369,1926891490,1926896301,6244,True,0,1,1926902545,185371,4,28.90740740740741,28.90740740740741,8920816.208333334,8920845.11574074
UartTxTask,185373,185374,1927051525,1927054703,6219,True,0,1,1927060922,185376,4,28.791666666666668,28.791666666666668,8921549.550925925,8921578.342592593
TelemetryTask,185378,185379,1928584720,1928587777,466147,True,1,1,1929053924,185382,4,2158.087962962963,2158.087962962963,8928647.11574074,8930805.203703703
UartTxTask,185381,185383,1929051569,1929056350,6114,True,0,1,1929062464,185385,4,28.305555555555557,28.305555555555557,8930816.435185185,8930844.74074074
UartTxTask,185387,185388,1929211579,1929214821,6255,True,0,1,1929221076,185390,4,28.958333333333332,28.958333333333332,8931550.097222222,8931579.055555556
TelemetryTask,185392,185393,1930744738,1930747708,466133,True,1,1,1931213841,185396,4,2158.0231481481483,2158.0231481481483,8938646.796296297,8940804.819444444
UartTxTask,185395,185397,1931211527,1931216250,6302,True,0,1,1931222552,185399,4,29.175925925925927,29.175925925925927,8940815.972222222,8940845.148148147
UartTxTask,185401,185402,1931371591,1931374728,6293,True,0,1,1931381021,185404,4,29.13425925925926,29.13425925925926,8941549.666666666,8941578.800925925
TelemetryTask,185406,185407,1932904754,1932907829,466044,True,1,1,1933373873,185410,4,2157.6111111111113,2157.6111111111113,8948647.356481481,8950804.967592593
UartTxTask,185409,185411,1933371561,1933376365,6235,True,0,1,1933382600,185413,4,28.86574074074074,28.86574074074074,8950816.504629629,8950845.370370371
UartTxTask,185415,185416,1933531633,1933534866,6208,True,0,1,1933541074,185418,4,28.74074074074074,28.74074074074074,8951550.305555556,8951579.046296297
TelemetryTask,185420,185421,1935064723,1935067819,466212,True,1,1,1935534031,185424,4,2158.3888888888887,2158.3888888888887,8958647.310185185,8960805.699074075
UartTxTask,185423,185425,1935531696,1935536542,6229,True,0,1,1935542771,185427,4,28.837962962962962,28.837962962962962,8960817.324074075,8960846.162037037
UartTxTask,185429,185430,1935691835,1935694993,6311,True,0,1,1935701304,185432,4,29.21759259259259,29.21759259259259,8961550.893518519,8961580.111111112
TelemetryTask,185434,185435,1937224744,1937227779,466126,True,1,1,1937693905,185438,4,2157.990740740741,2157.990740740741,8968647.125,8970805.11574074
UartTxTask,185437,185439,1937691567,1937696334,6343,True,0,1,1937702677,185441,4,29.36574074074074,29.36574074074074,8970816.361111112,8970845.726851853
UartTxTask,185443,185444,1937851696,1937854872,6156,True,0,1,1937861028,185446,4,28.5,28.5,8971550.333333334,8971578.833333334
TelemetryTask,185448,185449,1939384729,1939387840,465917,True,1,1,1939853757,185452,4,2157.0231481481483,2157.0231481481483,8978647.407407407,8980804.430555556
UartTxTask,185451,185453,1939851406,1939856214,6177,True,0,1,1939862391,185455,4,28.59722222222222,28.59722222222222,8980815.805555556,8980844.402777778
UartTxTask,185457,185458,1940011518,1940014721,6204,True,0,1,1940020925,185460,4,28.72222222222222,28.72222222222222,8981549.63425926,8981578.356481481
TelemetryTask,185462,185463,1941544716,1941547745,466159,True,1,1,1942013904,185466,4,2158.1435185185187,2158.1435185185187,8988646.967592593,8990805.111111112
UartTxTask,185465,185467,1942011544,1942016349,6136,True,0,1,1942022485,185469,4,28.40740740740741,28.40740740740741,8990816.430555556,8990844.837962963
UartTxTask,185471,185472,1942171547,1942174710,6319,True,0,1,1942181029,185474,4,29.25462962962963,29.25462962962963,8991549.583333334,8991578.837962963
TelemetryTask,185476,185477,1943704731,1943707807,466181,True,1,1,1944173988,185480,4,2158.2453703703704,2158.2453703703704,8998647.254629629,9000805.5
UartTxTask,185479,185481,1944171704,1944176371,6264,True,0,1,1944182635,185483,4,29.0,29.0,9000816.532407407,9000845.532407407
UartTxTask,185485,185486,1944331747,1944334925,6190,True,0,1,1944341115,185488,4,28.65740740740741,28.65740740740741,9001550.578703703,9001579.236111112
TelemetryTask,185490,185491,1945864753,1945867788,466184,True,1,1,1946333972,185494,4,2158.259259259259,2158.259259259259,9008647.166666666,9010805.425925925
UartTxTask,185493,185495,1946331675,1946336361,6159,True,0,1,1946342520,185497,4,28.51388888888889,28.51388888888889,9010816.486111112,9010845.0
UartTxTask,185499,185500,1946491643,1946494855,6231,True,0,1,1946501086,185502,4,28.84722222222222,28.84722222222222,9011550.254629629,9011579.101851853
TelemetryTask,185504,185505,1948024757,1948027806,466090,True,1,1,1948493896,185508,4,2157.824074074074,2157.824074074074,9018647.25,9020805.074074075
UartTxTask,185507,185509,1948491557,1948496309,6165,True,0,1,1948502474,185511,4,28.541666666666668,28.541666666666668,9020816.245370371,9020844.787037037
UartTxTask,185513,185514,1948651509,1948654654,6337,True,0,1,1948660991,185516,4,29.337962962962962,29.337962962962962,9021549.324074075,9021578.662037037
TelemetryTask,185518,185519,1950184744,1950187842,466254,True,1,1,1950654096,185522,4,2158.5833333333335,2158.5833333333335,9028647.416666666,9030806.0
UartTxTask,185521,185523,1950651751,1950656559,6123,True,0,1,1950662682,185525,4,28.34722222222222,28.34722222222222,9030817.402777778,9030845.75
UartTxTask,185527,185528,1950811797,1950814944,6237,True,0,1,1950821181,185530,4,28.875,28.875,9031550.666666666,9031579.541666666
TelemetryTask,185532,185533,1952344727,1952347782,465810,True,1,1,1952813592,185536,4,2156.527777777778,2156.527777777778,9038647.138888888,9040803.666666666
UartTxTask,185535,185537,1952811288,1952816065,6162,True,0,1,1952822227,185539,4,28.52777777777778,28.52777777777778,9040815.11574074,9040843.643518519
UartTxTask,185541,185542,1952971303,1952974411,6126,True,0,1,1952980537,185544,4,28.36111111111111,28.36111111111111,9041548.199074075,9041576.560185185
TelemetryTask,185546,185547,1954504703,1954507714,466344,True,1,1,1954974058,185550,4,2159.0,2159.0,9048646.824074075,9050805.824074075
UartTxTask,185549,185551,1954971674,1954976522,6209,True,0,1,1954982731,185553,4,28.74537037037037,28.74537037037037,9050817.231481481,9050845.976851853
UartTxTask,185555,185556,1955131784,1955134991,6386,True,0,1,1955141377,185558,4,29.564814814814813,29.564814814814813,9051550.88425926,9051580.449074075
TelemetryTask,185560,185561,1956664747,1956667668,465970,True,1,1,1957133638,185564,4,2157.2685185185187,2157.2685185185187,9058646.611111112,9060803.879629629
UartTxTask,185563,185565,1957131272,1957136141,6159,True,0,1,1957142300,185567,4,28.51388888888889,28.51388888888889,9060815.467592593,9060843.981481481
UartTxTask,185569,185570,1957291414,1957294628,6297,True,0,1,1957300925,185572,4,29.15277777777778,29.15277777777778,9061549.203703703,9061578.356481481
TelemetryTask,185574,185575,1958824738,1958827793,466014,True,1,1,1959293807,185578,4,2157.472222222222,2157.472222222222,9068647.189814815,9070804.662037037
UartTxTask,185577,185579,1959291503,1959296280,6159,True,0,1,1959302439,185581,4,28.51388888888889,28.51388888888889,9070816.111111112,9070844.625
UartTxTask,185583,185584,1959451501,1959454702,6305,True,0,1,1959461007,185586,4,29.189814814814813,29.189814814814813,9071549.546296297,9071578.736111112
TelemetryTask,185588,185589,1960984747,1960987785,466150,True,1,1,1961453935,185592,4,2158.1018518518517,2158.1018518518517,9078647.152777778,9080805.254629629
UartTxTask,185591,185593,1961451581,1961456376,6171,True,0,1,1961462547,185595,4,28.569444444444443,28.569444444444443,9080816.555555556,9080845.125
UartTxTask,185597,185598,1961611673,1961614854,6238,True,0,1,1961621092,185600,4,28.87962962962963,28.87962962962963,9081550.25,9081579.129629629
TelemetryTask,185602,185603,1963144734,1963147766,466123,True,1,1,1963613889,185606,4,2157.9768518518517,2157.9768518518517,9088647.064814815,9090805.041666666
UartTxTask,185605,185607,1963611495,1963616318,6233,True,0,1,1963622551,185609,4,28.85648148148148,28.85648148148148,9090816.287037037,9090845.143518519
UartTxTask,185611,185612,1963771631,1963774757,6312,True,0,1,1963781069,185614,4,29.22222222222222,29.22222222222222,9091549.800925925,9091579.023148147
TelemetryTask,185616,185617,1965304691,1965307734,465988,True,1,1,1965773722,185620,4,2157.3518518518517,2157.3518518518517,9098646.916666666,9100804.268518519
UartTxTask,185619,185621,1965771418,1965776202,6103,True,0,1,1965782305,185623,4,28.25462962962963,28.25462962962963,9100815.75,9100844.004629629
UartTxTask,185625,185626,1965931371,1965934449,6370,True,0,1,1965940819,185628,4,29.49074074074074,29.49074074074074,9101548.375,9101577.86574074
TelemetryTask,185630,185631,1967464728,1967467728,465998,True,1,1,1967933726,185634,4,2157.3981481481483,2157.3981481481483,9108646.888888888,9110804.287037037
UartTxTask,185633,185635,1967931371,1967936185,6252,True,0,1,1967942437,185637,4,28.944444444444443,28.944444444444443,9110815.671296297,9110844.61574074
UartTxTask,185639,185640,1968091499,1968094665,6181,True,0,1,1968100846,185642,4,28.61574074074074,28.61574074074074,9111549.375,9111577.99074074
TelemetryTask,185644,185645,1969624750,1969627796,465982,True,1,1,1970093778,185648,4,2157.324074074074,2157.324074074074,9118647.203703703,9120804.527777778
UartTxTask,185647,185649,1970091481,1970096249,6127,True,0,1,1970102376,185651,4,28.36574074074074,28.36574074074074,9120815.967592593,9120844.333333334
UartTxTask,185653,185654,1970251539,1970254722,6344,True,0,1,1970261066,185656,4,29.37037037037037,29.37037037037037,9121549.638888888,9121579.00925926
TelemetryTask,185658,185659,1971784735,1971787842,466075,True,1,1,1972253917,185662,4,2157.7546296296296,2157.7546296296296,9128647.416666666,9130805.171296297
UartTxTask,185661,185663,1972251592,1972256406,6247,True,0,1,1972262653,185665,4,28.921296296296298,28.921296296296298,9130816.694444444,9130845.61574074
UartTxTask,185667,185668,1972411677,1972414866,6284,True,0,1,1972421150,185670,4,29.09259259259259,29.09259259259259,9131550.305555556,9131579.398148147
TelemetryTask,185672,185673,1973944742,1973947771,465942,True,1,1,1974413713,185676,4,2157.1388888888887,2157.1388888888887,9138647.087962963,9140804.226851853
UartTxTask,185675,185677,1974411376,1974416138,6208,True,0,1,1974422346,185679,4,28.74074074074074,28.74074074074074,9140815.453703703,9140844.194444444
UartTxTask,185681,185682,1974571376,1974574606,6302,True,0,1,1974580908,185684,4,29.175925925925927,29.175925925925927,9141549.101851853,9141578.277777778
TelemetryTask,185686,185687,1976104692,1976107673,465853,True,1,1,1976573526,185690,4,2156.7268518518517,2156.7268518518517,9148646.63425926,9150803.361111112
UartTxTask,185689,185691,1976571237,1976575959,6183,True,0,1,1976582142,185693,4,28.625,28.625,9150814.625,9150843.25
UartTxTask,185695,185696,1976731204,1976734370,6293,True,0,1,1976740663,185698,4,29.13425925925926,29.13425925925926,9151548.00925926,9151577.143518519
TelemetryTask,185700,185701,1978264746,1978267757,466036,True,1,1,1978733793,185704,4,2157.574074074074,2157.574074074074,9158647.023148147,9160804.597222222
UartTxTask,185703,185705,1978731423,1978736263,6089,True,0,1,1978742352,185707,4,28.189814814814813,28.189814814814813,9160816.032407407,9160844.222222222
UartTxTask,185709,185710,1978891563,1978894690,6355,True,0,1,1978901045,185712,4,29.421296296296298,29.421296296296298,9161549.49074074,9161578.912037037
TelemetryTask,185714,185715,1980424731,1980427801,466023,True,1,1,1980893824,185718,4,2157.5138888888887,2157.5138888888887,9168647.226851853,9170804.74074074
UartTxTask,185717,185719,1980891465,1980896268,6195,True,0,1,1980902463,185721,4,28.680555555555557,28.680555555555557,9170816.055555556,9170844.736111112
UartTxTask,185723,185724,1981051481,1981054613,6345,True,0,1,1981060958,185726,4,29.375,29.375,9171549.13425926,9171578.50925926
TelemetryTask,185728,185729,1982584751,1982587832,466159,True,1,1,1983053991,185732,4,2158.1435185185187,2158.1435185185187,9178647.370370371,9180805.513888888
UartTxTask,185731,185733,1983051676,1983056474,6211,True,0,1,1983062685,185735,4,28.75462962962963,28.75462962962963,9180817.00925926,9180845.763888888
UartTxTask,185737,185738,1983211862,1983214964,6267,True,0,1,1983221231,185740,4,29.01388888888889,29.01388888888889,9181550.75925926,9181579.773148147
TelemetryTask,185742,185743,1984744747,1984747744,466068,True,1,1,1985213812,185746,4,2157.722222222222,2157.722222222222,9188646.962962963,9190804.685185185
UartTxTask,185745,185747,1985211457,1985216259,6152,True,0,1,1985222411,185749,4,28.48148148148148,28.48148148148148,9190816.013888888,9190844.495370371
UartTxTask,185751,185752,1985371496,1985374671,6339,True,0,1,1985381010,185754,4,29.34722222222222,29.34722222222222,9191549.402777778,9191578.75
TelemetryTask,185756,185757,1986904764,1986907782,466162,True,1,1,1987373944,185760,4,2158.1574074074074,2158.1574074074074,9198647.138888888,9200805.296296297
UartTxTask,185759,185761,1987371579,1987376383,6213,True,0,1,1987382596,185763,4,28.76388888888889,28.76388888888889,9200816.587962963,9200845.351851853
UartTxTask,185765,185766,1987531649,1987534841,6190,True,0,1,1987541031,185768,4,28.65740740740741,28.65740740740741,9201550.189814815,9201578.847222222
TelemetryTask,185770,185771,1989064764,1989067774,466113,True,1,1,1989533887,185774,4,2157.9305555555557,2157.9305555555557,9208647.101851853,9210805.032407407
UartTxTask,185773,185775,1989531569,1989536337,6210,True,0,1,1989542547,185777,4,28.75,28.75,9210816.375,9210845.125
UartTxTask,185779,185780,1989691684,1989694954,6331,True,0,1,1989701285,185782,4,29.310185185185187,29.310185185185187,9211550.712962963,9211580.023148147
TelemetryTask,185784,185785,1991224753,1991227782,466127,True,1,1,1991693909,185788,4,2157.9953703703704,2157.9953703703704,9218647.138888888,9220805.13425926
UartTxTask,185787,185789,1991691575,1991696350,6129,True,0,1,1991702479,185791,4,28.375,28.375,9220816.435185185,9220844.810185185
UartTxTask,185793,185794,1991851569,1991854765,6358,True,0,1,1991861123,185796,4,29.435185185185187,29.435185185185187,9221549.837962963,9221579.273148147
TelemetryTask,185798,185799,1993384743,1993387700,466065,True,1,1,1993853765,185802,4,2157.7083333333335,2157.7083333333335,9228646.75925926,9230804.467592593
UartTxTask,185801,185803,1993851435,1993856192,6222,True,0,1,1993862414,185805,4,28.805555555555557,28.805555555555557,9230815.703703703,9230844.50925926
UartTxTask,185807,185808,1994011471,1994014664,6382,True,0,1,1994021046,185810,4,29.546296296296298,29.546296296296298,9231549.370370371,9231578.916666666
TelemetryTask,185812,185813,1995544781,1995547824,466173,True,1,1,1996013997,185816,4,2158.2083333333335,2158.2083333333335,9238647.333333334,9240805.541666666
UartTxTask,185815,185817,1996011622,1996016466,6285,True,0,1,1996022751,185819,4,29.09722222222222,29.09722222222222,9240816.972222222,9240846.069444444
UartTxTask,185821,185822,1996171777,1996174962,6224,True,0,1,1996181186,185824,4,28.814814814814813,28.814814814814813,9241550.75,9241579.564814815
TelemetryTask,185826,185827,1997704737,1997707778,465977,True,1,1,1998173755,185830,4,2157.300925925926,2157.300925925926,9248647.120370371,9250804.421296297
UartTxTask,185829,185831,1998171470,1998176184,6326,True,0,1,1998182510,185833,4,29.287037037037038,29.287037037037038,9250815.666666666,9250844.953703703
UartTxTask,185835,185836,1998331551,1998334732,6182,True,0,1,1998340914,185838,4,28.62037037037037,28.62037037037037,9251549.685185185,9251578.305555556
TelemetryTask,185840,185841,1999864730,1999867832,466125,True,1,1,2000333957,185844,4,2157.9861111111113,2157.9861111111113,9258647.370370371,9260805.356481481
UartTxTask,185843,185845,2000331620,2000336460,6198,True,0,1,2000342658,185847,4,28.694444444444443,28.694444444444443,9260816.944444444,9260845.638888888
UartTxTask,185849,185850,2000491710,2000494860,6341,True,0,1,2000501201,185852,4,29.35648148148148,29.35648148148148,9261550.277777778,9261579.63425926
TelemetryTask,185854,185855,2002024747,2002027793,466163,True,1,1,2002493956,185858,4,2158.162037037037,2158.162037037037,9268647.189814815,9270805.351851853
UartTxTask,185857,185859,2002491618,2002496432,6163,True,0,1,2002502595,185861,4,28.53240740740741,28.53240740740741,9270816.814814815,9270845.347222222
UartTxTask,185863,185864,2002651663,2002654893,6262,True,0,1,2002661155,185866,4,28.99074074074074,28.99074074074074,9271550.430555556,9271579.421296297
TelemetryTask,185868,185869,2004184750,2004187818,466184,True,1,1,2004654002,185872,4,2158.259259259259,2158.259259259259,9278647.305555556,9280805.564814815
UartTxTask,185871,185873,2004651695,2004656456,6096,True,0,1,2004662552,185875,4,28.22222222222222,28.22222222222222,9280816.925925925,9280845.148148147
UartTxTask,185877,185878,2004811677,2004814893,6281,True,0,1,2004821174,185880,4,29.078703703703702,29.078703703703702,9281550.430555556,9281579.50925926
TelemetryTask,185882,185883,2006344695,2006347790,466194,True,1,1,2006813984,185886,4,2158.3055555555557,2158.3055555555557,9288647.175925925,9290805.481481481
UartTxTask,185885,185887,2006811640,2006816448,6237,True,0,1,2006822685,185889,4,28.875,28.875,9290816.888888888,9290845.763888888
UartTxTask,185891,185892,2006971681,2006974909,6211,True,0,1,2006981120,185894,4,28.75462962962963,28.75462962962963,9291550.504629629,9291579.25925926
TelemetryTask,185896,185897,2008504760,2008507801,466094,True,1,1,2008973895,185900,4,2157.8425925925926,2157.8425925925926,9298647.226851853,9300805.069444444
UartTxTask,185899,185901,2008971576,2008976324,6193,True,0,1,2008982517,185903,4,28.671296296296298,28.671296296296298,9300816.314814815,9300844.986111112
UartTxTask,185905,185906,2009131644,2009134826,6193,True,0,1,2009141019,185908,4,28.671296296296298,28.671296296296298,9301550.120370371,9301578.791666666
TelemetryTask,185910,185911,2010664759,2010667770,466143,True,1,1,2011133913,185914,4,2158.0694444444443,2158.0694444444443,9308647.083333334,9310805.152777778
UartTxTask,185913,185915,2011131634,2011136376,6165,True,0,1,2011142541,185917,4,28.541666666666668,28.541666666666668,9310816.555555556,9310845.097222222
UartTxTask,185919,185920,2011291586,2011294794,6306,True,0,1,2011301100,185922,4,29.194444444444443,29.194444444444443,9311549.972222222,9311579.166666666
TelemetryTask,185924,185925,2012824732,2012827720,466254,True,1,1,2013293974,185928,4,2158.5833333333335,2158.5833333333335,9318646.851851853,9320805.435185185
UartTxTask,185927,185929,2013291630,2013296390,6106,True,0,1,2013302496,185931,4,28.26851851851852,28.26851851851852,9320816.620370371,9320844.888888888
UartTxTask,185933,185934,2013451638,2013454844,6212,True,0,1,2013461056,185936,4,28.75925925925926,28.75925925925926,9321550.203703703,9321578.962962963
TelemetryTask,185938,185939,2014984750,2014987711,466235,True,1,1,2015453946,185942,4,2158.4953703703704,2158.4953703703704,9328646.810185185,9330805.305555556
UartTxTask,185941,185943,2015451614,2015456342,6192,True,0,1,2015462534,185945,4,28.666666666666668,28.666666666666668,9330816.398148147,9330845.064814815
UartTxTask,185947,185948,2015611598,2015614735,6262,True,0,1,2015620997,185950,4,28.99074074074074,28.99074074074074,9331549.699074075,9331578.689814815
TelemetryTask,185952,185953,2017144735,2017147807,466115,True,1,1,2017613922,185956,4,2157.939814814815,2157.939814814815,9338647.254629629,9340805.194444444
UartTxTask,185955,185957,2017611585,2017616409,6206,True,0,1,2017622615,185959,4,28.73148148148148,28.73148148148148,9340816.708333334,9340845.439814815
UartTxTask,185961,185962,2017771688,2017774929,6220,True,0,1,2017781149,185964,4,28.796296296296298,28.796296296296298,9341550.597222222,9341579.393518519
TelemetryTask,185966,185967,2019304729,2019307795,466017,True,1,1,2019773812,185970,4,2157.4861111111113,2157.4861111111113,9348647.199074075,9350804.685185185
UartTxTask,185969,185971,2019771471,2019776342,6106,True,0,1,2019782448,185973,4,28.26851851851852,28.26851851851852,9350816.398148147,9350844.666666666
UartTxTask,185975,185976,2019931608,2019934759,6202,True,0,1,2019940961,185978,4,28.712962962962962,28.712962962962962,9351549.810185185,9351578.523148147
TelemetryTask,185980,185981,2021464774,2021467819,466067,True,1,1,2021933886,185984,4,2157.7175925925926,2157.7175925925926,9358647.310185185,9360805.027777778
UartTxTask,185983,185985,2021931541,2021936319,6110,True,0,1,2021942429,185987,4,28.287037037037038,28.287037037037038,9360816.291666666,9360844.578703703
UartTxTask,185989,185990,2022091568,2022094728,6240,True,0,1,2022100968,185992,4,28.88888888888889,28.88888888888889,9361549.666666666,9361578.555555556
TelemetryTask,185994,185995,2023624755,2023627705,465954,True,1,1,2024093659,185998,4,2157.1944444444443,2157.1944444444443,9368646.782407407,9370803.976851853
UartTxTask,185997,185999,2024091329,2024096158,6248,True,0,1,2024102406,186001,4,28.925925925925927,28.925925925925927,9370815.546296297,9370844.472222222
UartTxTask,186003,186004,2024251503,2024254696,6240,True,0,1,2024260936,186006,4,28.88888888888889,28.88888888888889,9371549.518518519,9371578.407407407
TelemetryTask,186008,186009,2025784760,2025787882,466091,True,1,1,2026253973,186012,4,2157.828703703704,2157.828703703704,9378647.601851853,9380805.430555556
UartTxTask,186011,186013,2026251637,2026256364,6213,True,0,1,2026262577,186015,4,28.76388888888889,28.76388888888889,9380816.5,9380845.263888888
UartTxTask,186017,186018,2026411631,2026414778,6185,True,0,1,2026420963,186020,4,28.63425925925926,28.63425925925926,9381549.898148147,9381578.532407407
TelemetryTask,186022,186023,2027944761,2027947797,465997,True,1,1,2028413794,186026,4,2157.3935185185187,2157.3935185185187,9388647.208333334,9390804.601851853
UartTxTask,186025,186027,2028411488,2028416287,6098,True,0,1,2028422385,186029,4,28.23148148148148,28.23148148148148,9390816.143518519,9390844.375
UartTxTask,186031,186032,2028571534,2028574683,6264,True,0,1,2028580947,186034,4,29.0,29.0,9391549.458333334,9391578.458333334
TelemetryTask,186036,186037,2030104740,2030107785,466039,True,1,1,2030573824,186040,4,2157.587962962963,2157.587962962963,9398647.152777778,9400804.74074074
UartTxTask,186039,186041,2030571437,2030576240,6314,True,0,1,2030582554,186043,4,29.23148148148148,29.23148148148148,9400815.925925925,9400845.157407407
UartTxTask,186045,186046,2030731566,2030734711,6187,True,0,1,2030740898,186048,4,28.64351851851852,28.64351851851852,9401549.587962963,9401578.231481481
TelemetryTask,186050,186051,2032264743,2032267787,466147,True,1,1,2032733934,186054,4,2158.087962962963,2158.087962962963,9408647.162037037,9410805.25
UartTxTask,186053,186055,2032731541,2032736376,6216,True,0,1,2032742592,186057,4,28.77777777777778,28.77777777777778,9410816.555555556,9410845.333333334
UartTxTask,186059,186060,2032891638,2032894834,6179,True,0,1,2032901013,186062,4,28.60648148148148,28.60648148148148,9411550.157407407,9411578.763888888
TelemetryTask,186064,186065,2034424731,2034427830,466002,True,1,1,2034893832,186068,4,2157.4166666666665,2157.4166666666665,9418647.361111112,9420804.777777778
UartTxTask,186067,186069,2034891478,2034896284,6167,True,0,1,2034902451,186071,4,28.550925925925927,28.550925925925927,9420816.129629629,9420844.680555556
UartTxTask,186073,186074,2035051524,2035054740,6283,True,0,1,2035061023,186076,4,29.087962962962962,29.087962962962962,9421549.722222222,9421578.810185185
TelemetryTask,186078,186079,2036584723,2036587656,466241,True,1,1,2037053897,186082,4,2158.5231481481483,2158.5231481481483,9428646.555555556,9430805.078703703
UartTxTask,186081,186083,2037051528,2037056382,6230,True,0,1,2037062612,186085,4,28.84259259259259,28.84259259259259,9430816.583333334,9430845.425925925
UartTxTask,186087,186088,2037211707,2037214861,6204,True,0,1,2037221065,186090,4,28.72222222222222,28.72222222222222,9431550.282407407,9431579.004629629
TelemetryTask,186092,186093,2038744723,2038747733,466106,True,1,1,2039213839,186096,4,2157.8981481481483,2157.8981481481483,9438646.912037037,9440804.810185185
UartTxTask,186095,186097,2039211501,2039216286,6182,True,0,1,2039222468,186099,4,28.62037037037037,28.62037037037037,9440816.138888888,9440844.75925926
UartTxTask,186101,186102,2039371580,2039374795,6311,True,0,1,2039381106,186104,4,29.21759259259259,29.21759259259259,9441549.976851853,9441579.194444444
TelemetryTask,186106,186107,2040904729,2040907816,466126,True,1,1,2041373942,186110,4,2157.990740740741,2157.990740740741,9448647.296296297,9450805.287037037
UartTxTask,186109,186111,2041371636,2041376370,6210,True,0,1,2041382580,186113,4,28.75,28.75,9450816.527777778,9450845.277777778
UartTxTask,186115,186116,2041531675,2041534888,6280,True,0,1,2041541168,186118,4,29.074074074074073,29.074074074074073,9451550.407407407,9451579.481481481
TelemetryTask,186120,186121,2043064763,2043067766,466172,True,1,1,2043533938,186124,4,2158.203703703704,2158.203703703704,9458647.064814815,9460805.268518519
UartTxTask,186123,186125,2043531618,2043536416,6180,True,0,1,2043542596,186127,4,28.61111111111111,28.61111111111111,9460816.74074074,9460845.351851853
UartTxTask,186129,186130,2043691602,2043694810,6207,True,0,1,2043701017,186132,4,28.73611111111111,28.73611111111111,9461550.046296297,9461578.782407407
TelemetryTask,186134,186135,2045224741,2045227794,466206,True,1,1,2045694000,186138,4,2158.3611111111113,2158.3611111111113,9468647.194444444,9470805.555555556
UartTxTask,186137,186139,2045691573,2045696396,6202,True,0,1,2045702598,186141,4,28.712962962962962,28.712962962962962,9470816.648148147,9470845.361111112
UartTxTask,186143,186144,2045851775,2045854953,6250,True,0,1,2045861203,186146,4,28.935185185185187,28.935185185185187,9471550.708333334,9471579.643518519
TelemetryTask,186148,186149,2047384712,2047387742,466174,True,1,1,2047853916,186152,4,2158.212962962963,2158.212962962963,9478646.953703703,9480805.166666666
UartTxTask,186151,186153,2047851586,2047856323,6185,True,0,1,2047862508,186155,4,28.63425925925926,28.63425925925926,9480816.310185185,9480844.944444444
UartTxTask,186157,186158,2048011557,2048014766,6357,True,0,1,2048021123,186160,4,29.430555555555557,29.430555555555557,9481549.842592593,9481579.273148147
TelemetryTask,186162,186163,2049544762,2049547832,466298,True,1,1,2050014130,186166,4,2158.787037037037,2158.787037037037,9488647.370370371,9490806.157407407
UartTxTask,186165,186167,2050011805,2050016572,6208,True,0,1,2050022780,186169,4,28.74074074074074,28.74074074074074,9490817.462962963,9490846.203703703
UartTxTask,186171,186172,2050171900,2050175065,6278,True,0,1,2050181343,186174,4,29.064814814814813,29.064814814814813,9491551.226851853,9491580.291666666
TelemetryTask,186176,186177,2051704748,2051707735,466047,True,1,1,2052173782,186180,4,2157.625,2157.625,9498646.921296297,9500804.546296297
UartTxTask,186179,186181,2052171534,2052176210,6189,True,0,1,2052182399,186183,4,28.65277777777778,28.65277777777778,9500815.787037037,9500844.439814815
UartTxTask,186185,186186,2052331493,2052334627,6286,True,0,1,2052340913,186188,4,29.10185185185185,29.10185185185185,9501549.199074075,9501578.300925925
TelemetryTask,186190,186191,2053864737,2053867713,466158,True,1,1,2054333871,186194,4,2158.1388888888887,2158.1388888888887,9508646.819444444,9510804.958333334
UartTxTask,186193,186195,2054331588,2054336324,6215,True,0,1,2054342539,186197,4,28.77314814814815,28.77314814814815,9510816.314814815,9510845.087962963
UartTxTask,186199,186200,2054491629,2054494860,6247,True,0,1,2054501107,186202,4,28.921296296296298,28.921296296296298,9511550.277777778,9511579.199074075
TelemetryTask,186204,186205,2056024729,2056027745,466138,True,1,1,2056493883,186208,4,2158.046296296296,2158.046296296296,9518646.967592593,9520805.013888888
UartTxTask,186207,186209,2056491586,2056496356,6291,True,0,1,2056502647,186211,4,29.125,29.125,9520816.462962963,9520845.587962963
UartTxTask,186213,186214,2056651687,2056654860,6218,True,0,1,2056661078,186216,4,28.787037037037038,28.787037037037038,9521550.277777778,9521579.064814815
TelemetryTask,186218,186219,2058184748,2058187780,466375,True,1,1,2058654155,186222,4,2159.1435185185187,2159.1435185185187,9528647.129629629,9530806.273148147
UartTxTask,186221,186223,2058651793,2058656628,6130,True,0,1,2058662758,186225,4,28.37962962962963,28.37962962962963,9530817.722222222,9530846.101851853
UartTxTask,186227,186228,2058811848,2058814961,6259,True,0,1,2058821220,186230,4,28.97685185185185,28.97685185185185,9531550.745370371,9531579.722222222
TelemetryTask,186232,186233,2060344742,2060347783,466111,True,1,1,2060813894,186236,4,2157.921296296296,2157.921296296296,9538647.143518519,9540805.064814815
UartTxTask,186235,186237,2060811565,2060816345,6214,True,0,1,2060822559,186239,4,28.76851851851852,28.76851851851852,9540816.412037037,9540845.180555556
UartTxTask,186241,186242,2060971627,2060974748,6307,True,0,1,2060981055,186244,4,29.199074074074073,29.199074074074073,9541549.75925926,9541578.958333334
TelemetryTask,186246,186247,2062504731,2062507720,466076,True,1,1,2062973796,186250,4,2157.759259259259,2157.759259259259,9548646.851851853,9550804.611111112
UartTxTask,186249,186251,2062971428,2062976242,6175,True,0,1,2062982417,186253,4,28.587962962962962,28.587962962962962,9550815.935185185,9550844.523148147
UartTxTask,186255,186256,2063131477,2063134666,6325,True,0,1,2063140991,186258,4,29.28240740740741,29.28240740740741,9551549.379629629,9551578.662037037
TelemetryTask,186260,186261,2064664734,2064667733,466195,True,1,1,2065133928,186264,4,2158.310185185185,2158.310185185185,9558646.912037037,9560805.222222222
UartTxTask,186263,186265,2065131557,2065136343,6259,True,0,1,2065142602,186267,4,28.97685185185185,28.97685185185185,9560816.402777778,9560845.379629629
UartTxTask,186269,186270,2065291607,2065294834,6171,True,0,1,2065301005,186272,4,28.569444444444443,28.569444444444443,9561550.157407407,9561578.726851853
TelemetryTask,186274,186275,2066824760,2066827818,466123,True,1,1,2067293941,186278,4,2157.9768518518517,2157.9768518518517,9568647.305555556,9570805.282407407
UartTxTask,186277,186279,2067291641,2067296407,6146,True,0,1,2067302553,186281,4,28.453703703703702,28.453703703703702,9570816.699074075,9570845.152777778
UartTxTask,186283,186284,2067451626,2067454782,6269,True,0,1,2067461051,186286,4,29.02314814814815,29.02314814814815,9571549.916666666,9571578.939814815
TelemetryTask,186288,186289,2068984712,2068987740,465897,True,1,1,2069453637,186292,4,2156.9305555555557,2156.9305555555557,9578646.944444444,9580803.875
UartTxTask,186291,186293,2069451365,2069456138,6136,True,0,1,2069462274,186295,4,28.40740740740741,28.40740740740741,9580815.453703703,9580843.861111112
UartTxTask,186297,186298,2069611421,2069614602,6156,True,0,1,2069620758,186300,4,28.5,28.5,9581549.083333334,9581577.583333334
TelemetryTask,186302,186303,2071144766,2071147815,466081,True,1,1,2071613896,186306,4,2157.7824074074074,2157.7824074074074,9588647.291666666,9590805.074074075
UartTxTask,186305,186307,2071611556,2071616361,6166,True,0,1,2071622527,186309,4,28.546296296296298,28.546296296296298,9590816.486111112,9590845.032407407
UartTxTask,186311,186312,2071771625,2071774783,6298,True,0,1,2071781081,186314,4,29.15740740740741,29.15740740740741,9591549.921296297,9591579.078703703
TelemetryTask,186316,186317,2073304748,2073307803,466152,True,1,1,2073773955,186320,4,2158.1111111111113,2158.1111111111113,9598647.236111112,9600805.347222222
UartTxTask,186319,186321,2073771612,2073776352,6179,True,0,1,2073782531,186323,4,28.60648148148148,28.60648148148148,9600816.444444444,9600845.050925925
UartTxTask,186325,186326,2073931597,2073934762,6241,True,0,1,2073941003,186328,4,28.89351851851852,28.89351851851852,9601549.824074075,9601578.717592593
TelemetryTask,186330,186331,2075464752,2075467739,466046,True,1,1,2075933785,186334,4,2157.6203703703704,2157.6203703703704,9608646.939814815,9610804.560185185
UartTxTask,186333,186335,2075931434,2075936250,6183,True,0,1,2075942433,186337,4,28.625,28.625,9610815.972222222,9610844.597222222
UartTxTask,186339,186340,2076091519,2076094769,6248,True,0,1,2076101017,186342,4,28.925925925925927,28.925925925925927,9611549.856481481,9611578.782407407
TelemetryTask,186344,186345,2077624732,2077627729,466132,True,1,1,2078093861,186348,4,2158.0185185185187,2158.0185185185187,9618646.893518519,9620804.912037037
UartTxTask,186347,186349,2078091585,2078096322,6222,True,0,1,2078102544,186351,4,28.805555555555557,28.805555555555557,9620816.305555556,9620845.111111112
UartTxTask,186353,186354,2078251605,2078254801,6281,True,0,1,2078261082,186356,4,29.078703703703702,29.078703703703702,9621550.004629629,9621579.083333334
TelemetryTask,186358,186359,2079784748,2079787779,466225,True,1,1,2080254004,186362,4,2158.449074074074,2158.449074074074,9628647.125,9630805.574074075
UartTxTask,186361,186363,2080251662,2080256520,6283,True,0,1,2080262803,186365,4,29.087962962962962,29.087962962962962,9630817.222222222,9630846.310185185
UartTxTask,186367,186368,2080411890,2080415123,6316,True,0,1,2080421439,186370,4,29.24074074074074,29.24074074074074,9631551.495370371,9631580.736111112
TelemetryTask,186372,186373,2081944730,2081947743,466276,True,1,1,2082414019,186376,4,2158.685185185185,2158.685185185185,9638646.958333334,9640805.643518519
UartTxTask,186375,186377,2082411706,2082416485,6039,True,0,1,2082422524,186379,4,27.958333333333332,27.958333333333332,9640817.060185185,9640845.018518519
UartTxTask,186381,186382,2082571774,2082575001,6341,True,0,1,2082581342,186384,4,29.35648148148148,29.35648148148148,9641550.930555556,9641580.287037037
TelemetryTask,186386,186387,2084104731,2084107763,465991,True,1,1,2084573754,186390,4,2157.365740740741,2157.365740740741,9648647.050925925,9650804.416666666
UartTxTask,186389,186391,2084571387,2084576218,6071,True,0,1,2084582289,186393,4,28.10648148148148,28.10648148148148,9650815.824074075,9650843.930555556
UartTxTask,186395,186396,2084731437,2084734605,6174,True,0,1,2084740779,186398,4,28.583333333333332,28.583333333333332,9651549.097222222,9651577.680555556
TelemetryTask,186400,186401,2086264767,2086267824,466258,True,1,1,2086734082,186404,4,2158.6018518518517,2158.6018518518517,9658647.333333334,9660805.935185185
UartTxTask,186403,186405,2086731683,2086736514,6221,True,0,1,2086742735,186407,4,28.800925925925927,28.800925925925927,9660817.194444444,9660845.995370371
UartTxTask,186409,186410,2086891778,2086894926,6268,True,0,1,2086901194,186412,4,29.01851851851852,29.01851851851852,9661550.583333334,9661579.601851853
TelemetryTask,186414,186415,2088424736,2088427811,466088,True,1,1,2088893899,186418,4,2157.814814814815,2157.814814814815,9668647.273148147,9670805.087962963
UartTxTask,186417,186419,2088891575,2088896372,6181,True,0,1,2088902553,186421,4,28.61574074074074,28.61574074074074,9670816.537037037,9670845.152777778
UartTxTask,186423,186424,2089051629,2089054815,6348,True,0,1,2089061163,186426,4,29.38888888888889,29.38888888888889,9671550.069444444,9671579.458333334
TelemetryTask,186428,186429,2090584762,2090587836,466024,True,1,1,2091053860,186432,4,2157.5185185185187,2157.5185185185187,9678647.388888888,9680804.907407407
UartTxTask,186431,186433,2091051497,2091056387,6087,True,0,1,2091062474,186435,4,28.180555555555557,28.180555555555557,9680816.606481481,9680844.787037037
UartTxTask,186437,186438,2091211550,2091214728,6247,True,0,1,2091220975,186440,4,28.921296296296298,28.921296296296298,9681549.666666666,9681578.587962963
TelemetryTask,186442,186443,2092744752,2092747770,466180,True,1,1,2093213950,186446,4,2158.240740740741,2158.240740740741,9688647.083333334,9690805.324074075
UartTxTask,186445,186447,2093211576,2093216367,6205,True,0,1,2093222572,186449,4,28.72685185185185,28.72685185185185,9690816.513888888,9690845.24074074
UartTxTask,186451,186452,2093371564,2093374710,6268,True,0,1,2093380978,186454,4,29.01851851851852,29.01851851851852,9691549.583333334,9691578.601851853
TelemetryTask,186456,186457,2094904717,2094907794,466124,True,1,1,2095373918,186460,4,2157.9814814814813,2157.9814814814813,9698647.194444444,9700805.175925925
UartTxTask,186459,186461,2095371601,2095376297,6244,True,0,1,2095382541,186463,4,28.90740740740741,28.90740740740741,9700816.189814815,9700845.097222222
UartTxTask,186465,186466,2095531648,2095534823,6314,True,0,1,2095541137,186468,4,29.23148148148148,29.23148148148148,9701550.106481481,9701579.337962963
TelemetryTask,186470,186471,2097064764,2097067821,466064,True,1,1,2097533885,186474,4,2157.703703703704,2157.703703703704,9708647.319444444,9710805.023148147
UartTxTask,186473,186475,2097531548,2097536276,6225,True,0,1,2097542501,186477,4,28.819444444444443,28.819444444444443,9710816.092592593,9710844.912037037
UartTxTask,186479,186480,2097691639,2097694872,6189,True,0,1,2097701061,186482,4,28.65277777777778,28.65277777777778,9711550.333333334,9711578.986111112
TelemetryTask,186484,186485,2099224726,2099227753,466139,True,1,1,2099693892,186488,4,2158.050925925926,2158.050925925926,9718647.004629629,9720805.055555556
UartTxTask,186487,186489,2099691588,2099696403,6269,True,0,1,2099702672,186491,4,29.02314814814815,29.02314814814815,9720816.680555556,9720845.703703703
UartTxTask,186493,186494,2099851694,2099854947,6231,True,0,1,2099861178,186496,4,28.84722222222222,28.84722222222222,9721550.680555556,9721579.527777778
TelemetryTask,186498,186499,2101384756,2101387820,466310,True,1,1,2101854130,186502,4,2158.8425925925926,2158.8425925925926,9728647.314814815,9730806.157407407
UartTxTask,186501,186503,2101851746,2101856594,6230,True,0,1,2101862824,186505,4,28.84259259259259,28.84259259259259,9730817.564814815,9730846.407407407
UartTxTask,186507,186508,2102011913,2102015086,6271,True,0,1,2102021357,186510,4,29.03240740740741,29.03240740740741,9731551.324074075,9731580.356481481
TelemetryTask,186512,186513,2103544723,2103547701,466219,True,1,1,2104013920,186516,4,2158.421296296296,2158.421296296296,9738646.763888888,9740805.185185185
UartTxTask,186515,186517,2104011557,2104016386,6218,True,0,1,2104022604,186519,4,28.787037037037038,28.787037037037038,9740816.601851853,9740845.388888888
UartTxTask,186521,186522,2104171617,2104174744,6362,True,0,1,2104181106,186524,4,29.453703703703702,29.453703703703702,9741549.74074074,9741579.194444444
TelemetryTask,186526,186527,2105704740,2105707766,466133,True,1,1,2106173899,186530,4,2158.0231481481483,2158.0231481481483,9748647.064814815,9750805.087962963
UartTxTask,186529,186531,2106171537,2106176356,6103,True,0,1,2106182459,186533,4,28.25462962962963,28.25462962962963,9750816.462962963,9750844.717592593
UartTxTask,186535,186536,2106331551,2106334737,6260,True,0,1,2106340997,186538,4,28.98148148148148,28.98148148148148,9751549.708333334,9751578.689814815
TelemetryTask,186540,186541,2107864724,2107867709,466474,True,1,1,2108334183,186544,4,2159.6018518518517,2159.6018518518517,9758646.800925925,9760806.402777778
UartTxTask,186543,186545,2108331841,2108336684,6294,True,0,1,2108342978,186547,4,29.13888888888889,29.13888888888889,9760817.981481481,9760847.120370371
UartTxTask,186549,186550,2108492045,2108495258,6297,True,0,1,2108501555,186552,4,29.15277777777778,29.15277777777778,9761552.120370371,9761581.273148147
TelemetryTask,186554,186555,2110024728,2110027820,466416,True,1,1,2110494236,186558,4,2159.3333333333335,2159.3333333333335,9768647.314814815,9770806.648148147
UartTxTask,186557,186559,2110491858,2110496700,6163,True,0,1,2110502863,186561,4,28.53240740740741,28.53240740740741,9770818.055555556,9770846.587962963
UartTxTask,186563,186564,2110651935,2110655063,6229,True,0,1,2110661292,186566,4,28.837962962962962,28.837962962962962,9771551.217592593,9771580.055555556
TelemetryTask,186568,186569,2112184709,2112187736,466023,True,1,1,2112653759,186572,4,2157.5138888888887,2157.5138888888887,9778646.925925925,9780804.439814815
UartTxTask,186571,186573,2112651472,2112656184,6116,True,0,1,2112662300,186575,4,28.314814814814813,28.314814814814813,9780815.666666666,9780843.981481481
UartTxTask,186577,186578,2112811429,2112814605,6338,True,0,1,2112820943,186580,4,29.34259259259259,29.34259259259259,9781549.097222222,9781578.439814815
TelemetryTask,186582,186583,2114344737,2114347749,466369,True,1,1,2114814118,186586,4,2159.115740740741,2159.115740740741,9788646.986111112,9790806.101851853
UartTxTask,186585,186587,2114811747,2114816561,6143,True,0,1,2114822704,186589,4,28.439814814814813,28.439814814814813,9790817.412037037,9790845.851851853
UartTxTask,186591,186592,2114971901,2114975137,6282,True,0,1,2114981419,186594,4,29.083333333333332,29.083333333333332,9791551.560185185,9791580.643518519
TelemetryTask,186596,186597,2116504755,2116507830,466097,True,1,1,2116973927,186600,4,2157.8564814814813,2157.8564814814813,9798647.361111112,9800805.217592593
UartTxTask,186599,186601,2116971614,2116976412,6211,True,0,1,2116982623,186603,4,28.75462962962963,28.75462962962963,9800816.722222222,9800845.476851853
UartTxTask,186605,186606,2117131723,2117134914,6269,True,0,1,2117141183,186608,4,29.02314814814815,29.02314814814815,9801550.527777778,9801579.550925925
TelemetryTask,186610,186611,2118664736,2118667844,466174,True,1,1,2119134018,186614,4,2158.212962962963,2158.212962962963,9808647.425925925,9810805.638888888
UartTxTask,186613,186615,2119131653,2119136457,6288,True,0,1,2119142745,186617,4,29.11111111111111,29.11111111111111,9810816.930555556,9810846.041666666
UartTxTask,186619,186620,2119291831,2119294977,6321,True,0,1,2119301298,186622,4,29.26388888888889,29.26388888888889,9811550.819444444,9811580.083333334
TelemetryTask,186624,186625,2120824769,2120827791,466042,True,1,1,2121293833,186628,4,2157.6018518518517,2157.6018518518517,9818647.180555556,9820804.782407407
UartTxTask,186627,186629,2121291561,2121296278,6219,True,0,1,2121302497,186631,4,28.791666666666668,28.791666666666668,9820816.101851853,9820844.893518519
UartTxTask,186633,186634,2121451569,2121454787,6336,True,0,1,2121461123,186636,4,29.333333333333332,29.333333333333332,9821549.939814815,9821579.273148147
TelemetryTask,186638,186639,2122984758,2122987771,466284,True,1,1,2123454055,186642,4,2158.722222222222,2158.722222222222,9828647.087962963,9830805.810185185
UartTxTask,186641,186643,2123451675,2123456512,6159,True,0,1,2123462671,186645,4,28.51388888888889,28.51388888888889,9830817.185185185,9830845.699074075
UartTxTask,186647,186648,2123611784,2123614883,6257,True,0,1,2123621140,186650,4,28.96759259259259,28.96759259259259,9831550.38425926,9831579.351851853
TelemetryTask,186652,186653,2125144745,2125147730,466017,True,1,1,2125613747,186656,4,2157.4861111111113,2157.4861111111113,9838646.898148147,9840804.38425926
UartTxTask,186655,186657,2125611409,2125616223,6152,True,0,1,2125622375,186659,4,28.48148148148148,28.48148148148148,9840815.847222222,9840844.328703703
UartTxTask,186661,186662,2125771446,2125774648,6157,True,0,1,2125780805,186664,4,28.50462962962963,28.50462962962963,9841549.296296297,9841577.800925925
TelemetryTask,186666,186667,2127304719,2127307757,466180,True,1,1,2127773937,186670,4,2158.240740740741,2158.240740740741,9848647.023148147,9850805.263888888
UartTxTask,186669,186671,2127771613,2127776392,6212,True,0,1,2127782604,186673,4,28.75925925925926,28.75925925925926,9850816.629629629,9850845.388888888
UartTxTask,186675,186676,2127931710,2127934868,6298,True,0,1,2127941166,186678,4,29.15740740740741,29.15740740740741,9851550.314814815,9851579.472222222
TelemetryTask,186680,186681,2129464766,2129467868,466076,True,1,1,2129933944,186684,4,2157.759259259259,2157.759259259259,9858647.537037037,9860805.296296297
UartTxTask,186683,186685,2129931571,2129936335,6099,True,0,1,2129942434,186687,4,28.23611111111111,28.23611111111111,9860816.36574074,9860844.601851853
UartTxTask,186689,186690,2130091527,2130094646,6308,True,0,1,2130100954,186692,4,29.203703703703702,29.203703703703702,9861549.287037037,9861578.49074074
TelemetryTask,186694,186695,2131624713,2131627677,466072,True,1,1,2132093749,186698,4,2157.740740740741,2157.740740740741,9868646.652777778,9870804.393518519
UartTxTask,186697,186699,2132091398,2132096257,6204,True,0,1,2132102461,186701,4,28.72222222222222,28.72222222222222,9870816.004629629,9870844.726851853
UartTxTask,186703,186704,2132251484,2132254703,6295,True,0,1,2132260998,186706,4,29.14351851851852,29.14351851851852,9871549.550925925,9871578.694444444
TelemetryTask,186708,186709,2133784774,2133787773,466004,True,1,1,2134253777,186712,4,2157.425925925926,2157.425925925926,9878647.097222222,9880804.523148147
UartTxTask,186711,186713,2134251462,2134256252,6142,True,0,1,2134262394,186715,4,28.435185185185187,28.435185185185187,9880815.981481481,9880844.416666666
UartTxTask,186717,186718,2134411469,2134414731,6281,True,0,1,2134421012,186720,4,29.078703703703702,29.078703703703702,9881549.680555556,9881578.75925926
TelemetryTask,186722,186723,2135944739,2135947711,466077,True,1,1,2136413788,186726,4,2157.7638888888887,2157.7638888888887,9888646.810185185,9890804.574074075
UartTxTask,186725,186727,2136411477,2136416237,6250,True,0,1,2136422487,186729,4,28.935185185185187,28.935185185185187,9890815.912037037,9890844.847222222
UartTxTask,186731,186732,2136571591,2136574788,6251,True,0,1,2136581039,186734,4,28.939814814814813,28.939814814814813,9891549.944444444,9891578.88425926
TelemetryTask,186736,186737,2138104768,2138107794,466166,True,1,1,2138573960,186740,4,2158.175925925926,2158.175925925926,9898647.194444444,9900805.370370371
UartTxTask,186739,186741,2138571625,2138576429,6200,True,0,1,2138582629,186743,4,28.703703703703702,28.703703703703702,9900816.800925925,9900845.504629629
UartTxTask,186745,186746,2138731684,2138734818,6288,True,0,1,2138741106,186748,4,29.11111111111111,29.11111111111111,9901550.083333334,9901579.194444444
TelemetryTask,186750,186751,2140264745,2140267854,465937,True,1,1,2140733791,186754,4,2157.115740740741,2157.115740740741,9908647.472222222,9910804.587962963
UartTxTask,186753,186755,2140731446,2140736279,6207,True,0,1,2140742486,186757,4,28.73611111111111,28.73611111111111,9910816.106481481,9910844.842592593
UartTxTask,186759,186760,2140891509,2140894687,6379,True,0,1,2140901066,186762,4,29.53240740740741,29.53240740740741,9911549.476851853,9911579.00925926
TelemetryTask,186764,186765,2142424757,2142427727,466247,True,1,1,2142893974,186768,4,2158.550925925926,2158.550925925926,9918646.88425926,9920805.435185185
UartTxTask,186767,186769,2142891629,2142896399,6157,True,0,1,2142902556,186771,4,28.50462962962963,28.50462962962963,9920816.662037037,9920845.166666666
UartTxTask,186773,186774,2143051647,2143054808,6321,True,0,1,2143061129,186776,4,29.26388888888889,29.26388888888889,9921550.037037037,9921579.300925925
TelemetryTask,186778,186779,2144584772,2144587828,466260,True,1,1,2145054088,186782,4,2158.6111111111113,2158.6111111111113,9928647.351851853,9930805.962962963
UartTxTask,186781,186783,2145051694,2145056526,6199,True,0,1,2145062725,186785,4,28.699074074074073,28.699074074074073,9930817.25,9930845.949074075
UartTxTask,186787,186788,2145211795,2145214986,6198,True,0,1,2145221184,186790,4,28.694444444444443,28.694444444444443,9931550.861111112,9931579.555555556
TelemetryTask,186792,186793,2146744770,2146747766,466225,True,1,1,2147213991,186796,4,2158.449074074074,2158.449074074074,9938647.064814815,9940805.513888888
UartTxTask,186795,186797,2147211600,2147216449,6297,True,0,1,2147222746,186799,4,29.15277777777778,29.15277777777778,9940816.893518519,9940846.046296297
UartTxTask,186801,186802,2147371788,2147374949,6256,True,0,1,2147381205,186804,4,28.962962962962962,28.962962962962962,9941550.689814815,9941579.652777778
TelemetryTask,186806,186807,2148904702,2148907758,466073,True,1,1,2149373831,186810,4,2157.7453703703704,2157.7453703703704,9948647.027777778,9950804.773148147
UartTxTask,186809,186811,2149371514,2149376258,6206,True,0,1,2149382464,186813,4,28.73148148148148,28.73148148148148,9950816.00925926,9950844.74074074
UartTxTask,186815,186816,2149531621,2149534770,6133,True,0,1,2149540903,186818,4,28.39351851851852,28.39351851851852,9951549.861111112,9951578.254629629
TelemetryTask,186820,186821,2151064749,2151067715,466142,True,1,1,2151533857,186824,4,2158.064814814815,2158.064814814815,9958646.828703703,9960804.893518519
UartTxTask,186823,186825,2151531456,2151536250,6208,True,0,1,2151542458,186827,4,28.74074074074074,28.74074074074074,9960815.972222222,9960844.712962963
UartTxTask,186829,186830,2151691582,2151694766,6279,True,0,1,2151701045,186832,4,29.069444444444443,29.069444444444443,9961549.842592593,9961578.912037037
TelemetryTask,186834,186835,2153224730,2153227747,466004,True,1,1,2153693751,186838,4,2157.425925925926,2157.425925925926,9968646.976851853,9970804.402777778
UartTxTask,186837,186839,2153691433,2153696226,6224,True,0,1,2153702450,186841,4,28.814814814814813,28.814814814814813,9970815.861111112,9970844.675925925
UartTxTask,186843,186844,2153851472,2153854721,6395,True,0,1,2153861116,186846,4,29.60648148148148,29.60648148148148,9971549.63425926,9971579.24074074
TelemetryTask,186848,186849,2155384752,2155387768,466124,True,1,1,2155853892,186852,4,2157.9814814814813,2157.9814814814813,9978647.074074075,9980805.055555556
UartTxTask,186851,186853,2155851542,2155856327,6149,True,0,1,2155862476,186855,4,28.46759259259259,28.46759259259259,9980816.328703703,9980844.796296297
UartTxTask,186857,186858,2156011534,2156014708,6171,True,0,1,2156020879,186860,4,28.569444444444443,28.569444444444443,9981549.574074075,9981578.143518519
TelemetryTask,186862,186863,2157544712,2157547732,465981,True,1,1,2158013713,186866,4,2157.3194444444443,2157.3194444444443,9988646.907407407,9990804.226851853
UartTxTask,186865,186867,2158011337,2158016240,6105,True,0,1,2158022345,186869,4,28.26388888888889,28.26388888888889,9990815.925925925,9990844.189814815
UartTxTask,186871,186872,2158171437,2158174593,6235,True,0,1,2158180828,186874,4,28.86574074074074,28.86574074074074,9991549.041666666,9991577.907407407
TelemetryTask,186876,186877,2159704746,2159707716,465911,True,1,1,2160173627,186880,4,2156.9953703703704,2156.9953703703704,9998646.833333334,10000803.828703703
UartTxTask,186879,186881,2160171247,2160176036,6258,True,0,1,2160182294,186883,4,28.97222222222222,28.97222222222222,10000814.981481481,10000843.953703703
UartTxTask,186885,186886,2160331315,2160334493,6277,True,0,1,2160340770,186888,4,29.060185185185187,29.060185185185187,10001548.578703703,10001577.638888888
TelemetryTask,186890,186891,2161864749,2161867785,465862,True,1,1,2162333647,186894,4,2156.7685185185187,2156.7685185185187,10008647.152777778,10010803.921296297
UartTxTask,186893,186895,2162331335,2162336042,6149,True,0,1,2162342191,186897,4,28.46759259259259,28.46759259259259,10010815.00925926,10010843.476851853
UartTxTask,186899,186900,2162491265,2162494433,6218,True,0,1,2162500651,186902,4,28.787037037037038,28.787037037037038,10011548.300925925,10011577.087962963
TelemetryTask,186904,186905,2164024769,2164027786,466140,True,1,1,2164493926,186908,4,2158.0555555555557,2158.0555555555557,10018647.157407407,10020805.212962963
UartTxTask,186907,186909,2164491612,2164496369,6187,True,0,1,2164502556,186911,4,28.64351851851852,28.64351851851852,10020816.523148147,10020845.166666666
UartTxTask,186913,186914,2164651602,2164654782,6309,True,0,1,2164661091,186916,4,29.208333333333332,29.208333333333332,10021549.916666666,10021579.125
TelemetryTask,186918,186919,2166184732,2166187693,466274,True,1,1,2166653967,186922,4,2158.675925925926,2158.675925925926,10028646.726851853,10030805.402777778
UartTxTask,186921,186923,2166651640,2166656405,6193,True,0,1,2166662598,186925,4,28.671296296296298,28.671296296296298,10030816.689814815,10030845.361111112
UartTxTask,186927,186928,2166811626,2166814818,6191,True,0,1,2166821009,186930,4,28.662037037037038,28.662037037037038,10031550.083333334,10031578.745370371
TelemetryTask,186932,186933,2168344740,2168347814,465999,True,1,1,2168813813,186936,4,2157.402777777778,2157.402777777778,10038647.287037037,10040804.689814815
UartTxTask,186935,186937,2168811511,2168816209,6162,True,0,1,2168822371,186939,4,28.52777777777778,28.52777777777778,10040815.782407407,10040844.310185185
UartTxTask,186941,186942,2168971483,2168974731,6267,True,0,1,2168980998,186944,4,29.01388888888889,29.01388888888889,10041549.680555556,10041578.694444444
TelemetryTask,186946,186947,2170504740,2170507785,466097,True,1,1,2170973882,186950,4,2157.8564814814813,2157.8564814814813,10048647.152777778,10050805.00925926
UartTxTask,186949,186951,2170971564,2170976358,6408,True,0,1,2170982766,186953,4,29.666666666666668,29.666666666666668,10050816.472222222,10050846.138888888
UartTxTask,186955,186956,2171131802,2171134931,6339,True,0,1,2171141270,186958,4,29.34722222222222,29.34722222222222,10051550.606481481,10051579.953703703
TelemetryTask,186960,186961,2172664698,2172667709,465933,True,1,1,2173133642,186964,4,2157.097222222222,2157.097222222222,10058646.800925925,10060803.898148147
UartTxTask,186963,186965,2173131416,2173136078,6310,True,0,1,2173142388,186967,4,29.212962962962962,29.212962962962962,10060815.175925925,10060844.388888888
UartTxTask,186969,186970,2173291435,2173294603,6236,True,0,1,2173300839,186972,4,28.87037037037037,28.87037037037037,10061549.087962963,10061577.958333334
TelemetryTask,186974,186975,2174824731,2174827789,466052,True,1,1,2175293841,186978,4,2157.6481481481483,2157.6481481481483,10068647.171296297,10070804.819444444
UartTxTask,186977,186979,2175291485,2175296233,6201,True,0,1,2175302434,186981,4,28.708333333333332,28.708333333333332,10070815.893518519,10070844.601851853
UartTxTask,186983,186984,2175451526,2175454696,6247,True,0,1,2175460943,186986,4,28.921296296296298,28.921296296296298,10071549.518518519,10071578.439814815
TelemetryTask,186988,186989,2176984719,2176987750,466057,True,1,1,2177453807,186992,4,2157.671296296296,2157.671296296296,10078646.99074074,10080804.662037037
UartTxTask,186991,186993,2177451500,2177456203,6175,True,0,1,2177462378,186995,4,28.587962962962962,28.587962962962962,10080815.754629629,10080844.342592593
UartTxTask,186997,186998,2177611501,2177614741,6171,True,0,1,2177620912,187000,4,28.569444444444443,28.569444444444443,10081549.726851853,10081578.296296297
TelemetryTask,187002,187003,2179144715,2179147761,466195,True,1,1,2179613956,187006,4,2158.310185185185,2158.310185185185,10088647.041666666,10090805.351851853
UartTxTask,187005,187007,2179611608,2179616424,6307,True,0,1,2179622731,187009,4,29.199074074074073,29.199074074074073,10090816.777777778,10090845.976851853
UartTxTask,187011,187012,2179771828,2179774911,6351,True,0,1,2179781262,187014,4,29.40277777777778,29.40277777777778,10091550.513888888,10091579.916666666
TelemetryTask,187016,187017,2181304768,2181307861,465950,True,1,1,2181773811,187020,4,2157.175925925926,2157.175925925926,10098647.504629629,10100804.680555556
UartTxTask,187019,187021,2181771478,2181776284,6212,True,0,1,2181782496,187023,4,28.75925925925926,28.75925925925926,10100816.129629629,10100844.888888888
UartTxTask,187025,187026,2181931495,2181934648,6324,True,0,1,2181940972,187028,4,29.27777777777778,29.27777777777778,10101549.296296297,10101578.574074075
TelemetryTask,187030,187031,2183464726,2183467808,466104,True,1,1,2183933912,187034,4,2157.8888888888887,2157.8888888888887,10108647.25925926,10110805.148148147
UartTxTask,187033,187035,2183931575,2183936382,6212,True,0,1,2183942594,187037,4,28.75925925925926,28.75925925925926,10110816.583333334,10110845.342592593
UartTxTask,187039,187040,2184091698,2184094931,6206,True,0,1,2184101137,187042,4,28.73148148148148,28.73148148148148,10111550.606481481,10111579.337962963
TelemetryTask,187044,187045,2185624731,2185627753,466210,True,1,1,2186093963,187048,4,2158.3796296296296,2158.3796296296296,10118647.004629629,10120805.38425926
UartTxTask,187047,187049,2186091663,2186096429,6127,True,0,1,2186102556,187051,4,28.36574074074074,28.36574074074074,10120816.800925925,10120845.166666666
UartTxTask,187053,187054,2186251671,2186254855,6214,True,0,1,2186261069,187056,4,28.76851851851852,28.76851851851852,10121550.254629629,10121579.023148147
TelemetryTask,187058,187059,2187784728,2187787714,466196,True,1,1,2188253910,187062,4,2158.314814814815,2158.314814814815,10128646.824074075,10130805.138888888
UartTxTask,187061,187063,2188251580,2188256324,6185,True,0,1,2188262509,187065,4,28.63425925925926,28.63425925925926,10130816.314814815,10130844.949074075
UartTxTask,187067,187068,2188411660,2188414812,6171,True,0,1,2188420983,187070,4,28.569444444444443,28.569444444444443,10131550.055555556,10131578.625
TelemetryTask,187072,187073,2189944745,2189947779,466070,True,1,1,2190413849,187076,4,2157.7314814814813,2157.7314814814813,10138647.125,10140804.856481481
UartTxTask,187075,187077,2190411626,2190416349,6253,True,0,1,2190422602,187079,4,28.949074074074073,28.949074074074073,10140816.430555556,10140845.379629629
UartTxTask,187081,187082,2190571652,2190574903,6334,True,0,1,2190581237,187084,4,29.324074074074073,29.324074074074073,10141550.476851853,10141579.800925925
TelemetryTask,187086,187087,2192104744,2192107795,466089,True,1,1,2192573884,187090,4,2157.8194444444443,2157.8194444444443,10148647.199074075,10150805.018518519
UartTxTask,187089,187091,2192571542,2192576334,6121,True,0,1,2192582455,187093,4,28.337962962962962,28.337962962962962,10150816.361111112,10150844.699074075
UartTxTask,187095,187096,2192731594,2192734746,6313,True,0,1,2192741059,187098,4,29.22685185185185,29.22685185185185,10151549.75,10151578.976851853
TelemetryTask,187100,187101,2194264730,2194267774,466016,True,1,1,2194733790,187104,4,2157.4814814814813,2157.4814814814813,10158647.101851853,10160804.583333334
UartTxTask,187103,187105,2194731462,2194736216,6086,True,0,1,2194742302,187107,4,28.175925925925927,28.175925925925927,10160815.814814815,10160843.99074074
UartTxTask,187109,187110,2194891463,2194894686,6261,True,0,1,2194900947,187112,4,28.98611111111111,28.98611111111111,10161549.472222222,10161578.458333334
TelemetryTask,187114,187115,2196424754,2196427839,466255,True,1,1,2196894094,187118,4,2158.587962962963,2158.587962962963,10168647.402777778,10170805.99074074
UartTxTask,187117,187119,2196891729,2196896574,6183,True,0,1,2196902757,187121,4,28.625,28.625,10170817.472222222,10170846.097222222
UartTxTask,187123,187124,2197051791,2197055028,6188,True,0,1,2197061216,187126,4,28.64814814814815,28.64814814814815,10171551.055555556,10171579.703703703
TelemetryTask,187128,187129,2198584767,2198587785,466304,True,1,1,2199054089,187132,4,2158.814814814815,2158.814814814815,10178647.152777778,10180805.967592593
UartTxTask,187131,187133,2199051698,2199056569,6050,True,0,1,2199062619,187135,4,28.00925925925926,28.00925925925926,10180817.449074075,10180845.458333334
UartTxTask,187137,187138,2199211884,2199215000,6261,True,0,1,2199221261,187140,4,28.98611111111111,28.98611111111111,10181550.925925925,10181579.912037037
TelemetryTask,187142,187143,2200744692,2200747727,466280,True,1,1,2201214007,187146,4,2158.703703703704,2158.703703703704,10188646.88425926,10190805.587962963
UartTxTask,187145,187147,2201211663,2201216473,6211,True,0,1,2201222684,187149,4,28.75462962962963,28.75462962962963,10190817.004629629,10190845.75925926
UartTxTask,187151,187152,2201371715,2201374904,6312,True,0,1,2201381216,187154,4,29.22222222222222,29.22222222222222,10191550.481481481,10191579.703703703
TelemetryTask,187156,187157,2202904769,2202907863,466097,True,1,1,2203373960,187160,4,2157.8564814814813,2157.8564814814813,10198647.513888888,10200805.370370371
UartTxTask,187159,187161,2203371627,2203376399,6072,True,0,1,2203382471,187163,4,28.11111111111111,28.11111111111111,10200816.662037037,10200844.773148147
UartTxTask,187165,187166,2203531585,2203534771,6213,True,0,1,2203540984,187168,4,28.76388888888889,28.76388888888889,10201549.86574074,10201578.629629629
TelemetryTask,187170,187171,2205064754,2205067873,466163,True,1,1,2205534036,187174,4,2158.162037037037,2158.162037037037,10208647.560185185,10210805.722222222
UartTxTask,187173,187175,2205531694,2205536538,6167,True,0,1,2205542705,187177,4,28.550925925925927,28.550925925925927,10210817.305555556,10210845.856481481
UartTxTask,187179,187180,2205691823,2205695013,6253,True,0,1,2205701266,187182,4,28.949074074074073,28.949074074074073,10211550.986111112,10211579.935185185
TelemetryTask,187184,187185,2207224730,2207227795,466154,True,1,1,2207693949,187188,4,2158.1203703703704,2158.1203703703704,10218647.199074075,10220805.319444444
UartTxTask,187187,187189,2207691638,2207696374,6264,True,0,1,2207702638,187191,4,29.0,29.0,10220816.546296297,10220845.546296297
UartTxTask,187193,187194,2207851775,2207855002,6309,True,0,1,2207861311,187196,4,29.208333333333332,29.208333333333332,10221550.935185185,10221580.143518519
TelemetryTask,187198,187199,2209384741,2209387799,466084,True,1,1,2209853883,187202,4,2157.796296296296,2157.796296296296,10228647.217592593,10230805.013888888
UartTxTask,187201,187203,2209851577,2209856346,6283,True,0,1,2209862629,187205,4,29.087962962962962,29.087962962962962,10230816.416666666,10230845.504629629
UartTxTask,187207,187208,2210011710,2210014893,6208,True,0,1,2210021101,187210,4,28.74074074074074,28.74074074074074,10231550.430555556,10231579.171296297
TelemetryTask,187212,187213,2211544725,2211547816,466184,True,1,1,2212014000,187216,4,2158.259259259259,2158.259259259259,10238647.296296297,10240805.555555556
UartTxTask,187215,187217,2212011627,2212016480,6124,True,0,1,2212022604,187219,4,28.35185185185185,28.35185185185185,10240817.037037037,10240845.388888888
UartTxTask,187221,187222,2212171712,2212174913,6362,True,0,1,2212181275,187224,4,29.453703703703702,29.453703703703702,10241550.523148147,10241579.976851853
TelemetryTask,187226,187227,2213704740,2213707790,466417,True,1,1,2214174207,187230,4,2159.337962962963,2159.337962962963,10248647.175925925,10250806.513888888
UartTxTask,187229,187231,2214171873,2214176662,6138,True,0,1,2214182800,187233,4,28.416666666666668,28.416666666666668,10250817.879629629,10250846.296296297
UartTxTask,187235,187236,2214331902,2214335073,6206,True,0,1,2214341279,187238,4,28.73148148148148,28.73148148148148,10251551.263888888,10251579.995370371
TelemetryTask,187240,187241,2215864747,2215867762,466063,True,1,1,2216333825,187244,4,2157.699074074074,2157.699074074074,10258647.046296297,10260804.745370371
UartTxTask,187243,187245,2216331475,2216336204,6384,True,0,1,2216342588,187247,4,29.555555555555557,29.555555555555557,10260815.75925926,10260845.314814815
UartTxTask,187249,187250,2216491644,2216494879,6214,True,0,1,2216501093,187252,4,28.76851851851852,28.76851851851852,10261550.36574074,10261579.13425926
TelemetryTask,187254,187255,2218024726,2218027761,466085,True,1,1,2218493846,187258,4,2157.800925925926,2157.800925925926,10268647.041666666,10270804.842592593
UartTxTask,187257,187259,2218491505,2218496333,6175,True,0,1,2218502508,187261,4,28.587962962962962,28.587962962962962,10270816.356481481,10270844.944444444
UartTxTask,187263,187264,2218651654,2218654825,6185,True,0,1,2218661010,187266,4,28.63425925925926,28.63425925925926,10271550.11574074,10271578.75
TelemetryTask,187268,187269,2220184757,2220187813,466131,True,1,1,2220653944,187272,4,2158.0138888888887,2158.0138888888887,10278647.282407407,10280805.296296297
UartTxTask,187271,187273,2220651595,2220656430,6113,True,0,1,2220662543,187275,4,28.300925925925927,28.300925925925927,10280816.805555556,10280845.106481481
UartTxTask,187277,187278,2220811647,2220814797,6229,True,0,1,2220821026,187280,4,28.837962962962962,28.837962962962962,10281549.986111112,10281578.824074075
TelemetryTask,187282,187283,2222344746,2222347775,466043,True,1,1,2222813818,187286,4,2157.6064814814813,2157.6064814814813,10288647.106481481,10290804.712962963
UartTxTask,187285,187287,2222811477,2222816228,6232,True,0,1,2222822460,187289,4,28.85185185185185,28.85185185185185,10290815.870370371,10290844.722222222
UartTxTask,187291,187292,2222971498,2222974657,6219,True,0,1,2222980876,187294,4,28.791666666666668,28.791666666666668,10291549.337962963,10291578.129629629
TelemetryTask,187296,187297,2224504771,2224507811,466066,True,1,1,2224973877,187300,4,2157.712962962963,2157.712962962963,10298647.273148147,10300804.986111112
UartTxTask,187299,187301,2224971622,2224976326,6245,True,0,1,2224982571,187303,4,28.912037037037038,28.912037037037038,10300816.324074075,10300845.236111112
UartTxTask,187305,187306,2225131607,2225134816,6216,True,0,1,2225141032,187308,4,28.77777777777778,28.77777777777778,10301550.074074075,10301578.851851853
TelemetryTask,187310,187311,2226664702,2226667777,466283,True,1,1,2227134060,187314,4,2158.7175925925926,2158.7175925925926,10308647.11574074,10310805.833333334
UartTxTask,187313,187315,2227131718,2227136563,6111,True,0,1,2227142674,187317,4,28.291666666666668,28.291666666666668,10310817.421296297,10310845.712962963
UartTxTask,187319,187320,2227291860,2227294991,6187,True,0,1,2227301178,187322,4,28.64351851851852,28.64351851851852,10311550.88425926,10311579.527777778
TelemetryTask,187324,187325,2228824735,2228827827,465993,True,1,1,2229293820,187328,4,2157.375,2157.375,10318647.347222222,10320804.722222222
UartTxTask,187327,187329,2229291561,2229296266,6250,True,0,1,2229302516,187331,4,28.935185185185187,28.935185185185187,10320816.046296297,10320844.981481481
UartTxTask,187333,187334,2229451574,2229454778,6167,True,0,1,2229460945,187336,4,28.550925925925927,28.550925925925927,10321549.898148147,10321578.449074075
TelemetryTask,187338,187339,2230984743,2230987694,466126,True,1,1,2231453820,187342,4,2157.990740740741,2157.990740740741,10328646.731481481,10330804.722222222
UartTxTask,187341,187343,2231451506,2231456239,6208,True,0,1,2231462447,187345,4,28.74074074074074,28.74074074074074,10330815.921296297,10330844.662037037
UartTxTask,187347,187348,2231611535,2231614750,6254,True,0,1,2231621004,187350,4,28.953703703703702,28.953703703703702,10331549.768518519,10331578.722222222
TelemetryTask,187352,187353,2233144753,2233147812,466265,True,1,1,2233614077,187356,4,2158.634259259259,2158.634259259259,10338647.277777778,10340805.912037037
UartTxTask,187355,187357,2233611714,2233616536,6180,True,0,1,2233622716,187359,4,28.61111111111111,28.61111111111111,10340817.296296297,10340845.907407407
UartTxTask,187361,187362,2233771798,2233774959,6247,True,0,1,2233781206,187364,4,28.921296296296298,28.921296296296298,10341550.736111112,10341579.657407407
TelemetryTask,187366,187367,2235304745,2235307712,466048,True,1,1,2235773760,187370,4,2157.6296296296296,2157.6296296296296,10348646.814814815,10350804.444444444
UartTxTask,187369,187371,2235771407,2235776168,6257,True,0,1,2235782425,187373,4,28.96759259259259,28.96759259259259,10350815.592592593,10350844.560185185
UartTxTask,187375,187376,2235931554,2235934709,6193,True,0,1,2235940902,187378,4,28.671296296296298,28.671296296296298,10351549.578703703,10351578.25
TelemetryTask,187380,187381,2237464751,2237467833,466093,True,1,1,2237933926,187384,4,2157.837962962963,2157.837962962963,10358647.375,10360805.212962963
UartTxTask,187383,187385,2237931630,2237936386,6200,True,0,1,2237942586,187387,4,28.703703703703702,28.703703703703702,10360816.601851853,10360845.305555556
UartTxTask,187389,187390,2238091723,2238094858,6222,True,0,1,2238101080,187392,4,28.805555555555557,28.805555555555557,10361550.268518519,10361579.074074075
TelemetryTask,187394,187395,2239624728,2239627782,466011,True,1,1,2240093793,187398,4,2157.4583333333335,2157.4583333333335,10368647.138888888,10370804.597222222
UartTxTask,187397,187399,2240091550,2240096262,6181,True,0,1,2240102443,187401,4,28.61574074074074,28.61574074074074,10370816.027777778,10370844.643518519
UartTxTask,187403,187404,2240251575,2240254771,6153,True,0,1,2240260924,187406,4,28.48611111111111,28.48611111111111,10371549.86574074,10371578.351851853
TelemetryTask,187408,187409,2241784768,2241787749,466254,True,1,1,2242254003,187412,4,2158.5833333333335,2158.5833333333335,10378646.986111112,10380805.569444444
UartTxTask,187411,187413,2242251683,2242256458,6165,True,0,1,2242262623,187415,4,28.541666666666668,28.541666666666668,10380816.935185185,10380845.476851853
UartTxTask,187417,187418,2242411775,2242414921,6344,True,0,1,2242421265,187420,4,29.37037037037037,29.37037037037037,10381550.560185185,10381579.930555556
TelemetryTask,187422,187423,2243944691,2243947726,466040,True,1,1,2244413766,187426,4,2157.5925925925926,2157.5925925925926,10388646.879629629,10390804.472222222
UartTxTask,187425,187427,2244411426,2244416183,6182,True,0,1,2244422365,187429,4,28.62037037037037,28.62037037037037,10390815.662037037,10390844.282407407
UartTxTask,187431,187432,2244571498,2244574676,6135,True,0,1,2244580811,187434,4,28.40277777777778,28.40277777777778,10391549.425925925,10391577.828703703
TelemetryTask,187436,187437,2246104759,2246107787,465975,True,1,1,2246573762,187440,4,2157.2916666666665,2157.2916666666665,10398647.162037037,10400804.453703703
UartTxTask,187439,187441,2246571516,2246576203,6190,True,0,1,2246582393,187443,4,28.65740740740741,28.65740740740741,10400815.754629629,10400844.412037037
UartTxTask,187445,187446,2246731461,2246734644,6319,True,0,1,2246740963,187448,4,29.25462962962963,29.25462962962963,10401549.277777778,10401578.532407407
TelemetryTask,187450,187451,2248264761,2248267700,466243,True,1,1,2248733943,187454,4,2158.5324074074074,2158.5324074074074,10408646.75925926,10410805.291666666
UartTxTask,187453,187455,2248731614,2248736400,6132,True,0,1,2248742532,187457,4,28.38888888888889,28.38888888888889,10410816.666666666,10410845.055555556
UartTxTask,187459,187460,2248891620,2248894813,6196,True,0,1,2248901009,187462,4,28.685185185185187,28.685185185185187,10411550.060185185,10411578.745370371
TelemetryTask,187464,187465,2250424752,2250427818,466146,True,1,1,2250893964,187468,4,2158.0833333333335,2158.0833333333335,10418647.305555556,10420805.388888888
UartTxTask,187467,187469,2250891581,2250896354,6200,True,0,1,2250902554,187471,4,28.703703703703702,28.703703703703702,10420816.453703703,10420845.157407407
UartTxTask,187473,187474,2251051641,2251054862,6298,True,0,1,2251061160,187476,4,29.15740740740741,29.15740740740741,10421550.287037037,10421579.444444444
TelemetryTask,187478,187479,2252584742,2252587754,466254,True,1,1,2253054008,187482,4,2158.5833333333335,2158.5833333333335,10428647.00925926,10430805.592592593
UartTxTask,187481,187483,2253051669,2253056452,6217,True,0,1,2253062669,187485,4,28.78240740740741,28.78240740740741,10430816.907407407,10430845.689814815
UartTxTask,187487,187488,2253211777,2253214938,6238,True,0,1,2253221176,187490,4,28.87962962962963,28.87962962962963,10431550.638888888,10431579.518518519
TelemetryTask,187492,187493,2254744738,2254747696,466130,True,1,1,2255213826,187496,4,2158.009259259259,2158.009259259259,10438646.74074074,10440804.75
UartTxTask,187495,187497,2255211499,2255216257,6248,True,0,1,2255222505,187499,4,28.925925925925927,28.925925925925927,10440816.004629629,10440844.930555556
UartTxTask,187501,187502,2255371508,2255374595,6131,True,0,1,2255380726,187504,4,28.38425925925926,28.38425925925926,10441549.050925925,10441577.435185185
TelemetryTask,187506,187507,2256904739,2256907802,466315,True,1,1,2257374117,187510,4,2158.865740740741,2158.865740740741,10448647.231481481,10450806.097222222
UartTxTask,187509,187511,2257371811,2257376549,6275,True,0,1,2257382824,187513,4,29.050925925925927,29.050925925925927,10450817.356481481,10450846.407407407
UartTxTask,187515,187516,2257531864,2257535109,6223,True,0,1,2257541332,187518,4,28.810185185185187,28.810185185185187,10451551.430555556,10451580.24074074
TelemetryTask,187520,187521,2259064735,2259067708,466115,True,1,1,2259533823,187524,4,2157.939814814815,2157.939814814815,10458646.796296297,10460804.736111112
UartTxTask,187523,187525,2259531564,2259536312,6163,True,0,1,2259542475,187527,4,28.53240740740741,28.53240740740741,10460816.25925926,10460844.791666666
UartTxTask,187529,187530,2259691513,2259694750,6220,True,0,1,2259700970,187532,4,28.796296296296298,28.796296296296298,10461549.768518519,10461578.564814815
TelemetryTask,187534,187535,2261224730,2261227813,466213,True,1,1,2261694026,187538,4,2158.3935185185187,2158.3935185185187,10468647.282407407,10470805.675925925
UartTxTask,187537,187539,2261691638,2261696518,6177,True,0,1,2261702695,187541,4,28.59722222222222,28.59722222222222,10470817.212962963,10470845.810185185
UartTxTask,187543,187544,2261851776,2261854875,6188,True,0,1,2261861063,187546,4,28.64814814814815,28.64814814814815,10471550.347222222,10471578.995370371
TelemetryTask,187548,187549,2263384701,2263387744,466326,True,1,1,2263854070,187552,4,2158.9166666666665,2158.9166666666665,10478646.962962963,10480805.879629629
UartTxTask,187551,187553,2263851729,2263856476,6245,True,0,1,2263862721,187555,4,28.912037037037038,28.912037037037038,10480817.018518519,10480845.930555556
UartTxTask,187557,187558,2264011745,2264014803,6253,True,0,1,2264021056,187560,4,28.949074074074073,28.949074074074073,10481550.013888888,10481578.962962963
TelemetryTask,187562,187563,2265544733,2265547802,466221,True,1,1,2266014023,187566,4,2158.4305555555557,2158.4305555555557,10488647.231481481,10490805.662037037
UartTxTask,187565,187567,2266011667,2266016480,6262,True,0,1,2266022742,187569,4,28.99074074074074,28.99074074074074,10490817.037037037,10490846.027777778
UartTxTask,187571,187572,2266171800,2266174918,6285,True,0,1,2266181203,187574,4,29.09722222222222,29.09722222222222,10491550.546296297,10491579.643518519
TelemetryTask,187576,187577,2267704731,2267707691,466056,True,1,1,2268173747,187580,4,2157.6666666666665,2157.6666666666665,10498646.717592593,10500804.38425926
UartTxTask,187579,187581,2268171397,2268176167,6152,True,0,1,2268182319,187583,4,28.48148148148148,28.48148148148148,10500815.587962963,10500844.069444444
UartTxTask,187585,187586,2268331429,2268334549,6263,True,0,1,2268340812,187588,4,28.99537037037037,28.99537037037037,10501548.837962963,10501577.833333334
TelemetryTask,187590,187591,2269864739,2269867702,466317,True,1,1,2270334019,187594,4,2158.875,2158.875,10508646.768518519,10510805.643518519
UartTxTask,187593,187595,2270331655,2270336468,6108,True,0,1,2270342576,187597,4,28.27777777777778,28.27777777777778,10510816.981481481,10510845.25925926
UartTxTask,187599,187600,2270491741,2270494935,6323,True,0,1,2270501258,187602,4,29.27314814814815,29.27314814814815,10511550.625,10511579.898148147
TelemetryTask,187604,187605,2272024742,2272027842,466149,True,1,1,2272493991,187608,4,2158.097222222222,2158.097222222222,10518647.416666666,10520805.513888888
UartTxTask,187607,187609,2272491683,2272496450,6164,True,0,1,2272502614,187611,4,28.537037037037038,28.537037037037038,10520816.898148147,10520845.435185185
UartTxTask,187613,187614,2272651650,2272654865,6308,True,0,1,2272661173,187616,4,29.203703703703702,29.203703703703702,10521550.300925925,10521579.504629629
TelemetryTask,187618,187619,2274184739,2274187793,466053,True,1,1,2274653846,187622,4,2157.652777777778,2157.652777777778,10528647.189814815,10530804.842592593
UartTxTask,187621,187623,2274651525,2274656251,6240,True,0,1,2274662491,187625,4,28.88888888888889,28.88888888888889,10530815.976851853,10530844.86574074
UartTxTask,187627,187628,2274811527,2274814700,6317,True,0,1,2274821017,187630,4,29.24537037037037,29.24537037037037,10531549.537037037,10531578.782407407
TelemetryTask,187632,187633,2276344742,2276347794,466040,True,1,1,2276813834,187636,4,2157.5925925925926,2157.5925925925926,10538647.194444444,10540804.787037037
UartTxTask,187635,187637,2276811497,2276816322,6146,True,0,1,2276822468,187639,4,28.453703703703702,28.453703703703702,10540816.305555556,10540844.75925926
UartTxTask,187641,187642,2276971580,2276974773,6246,True,0,1,2276981019,187644,4,28.916666666666668,28.916666666666668,10541549.875,10541578.791666666
TelemetryTask,187646,187647,2278504747,2278507791,466182,True,1,1,2278973973,187650,4,2158.25,2158.25,10548647.180555556,10550805.430555556
UartTxTask,187649,187651,2278971691,2278976402,6126,True,0,1,2278982528,187653,4,28.36111111111111,28.36111111111111,10550816.675925925,10550845.037037037
UartTxTask,187655,187656,2279131605,2279134816,6261,True,0,1,2279141077,187658,4,28.98611111111111,28.98611111111111,10551550.074074075,10551579.060185185
TelemetryTask,187660,187661,2280664762,2280667709,465902,True,1,1,2281133611,187664,4,2156.953703703704,2156.953703703704,10558646.800925925,10560803.754629629
UartTxTask,187663,187665,2281131311,2281136089,6138,True,0,1,2281142227,187667,4,28.416666666666668,28.416666666666668,10560815.226851853,10560843.643518519
UartTxTask,187669,187670,2281291375,2281294583,6167,True,0,1,2281300750,187672,4,28.550925925925927,28.550925925925927,10561548.995370371,10561577.546296297
TelemetryTask,187674,187675,2282824722,2282827708,466209,True,1,1,2283293917,187678,4,2158.375,2158.375,10568646.796296297,10570805.171296297
UartTxTask,187677,187679,2283291550,2283296324,6178,True,0,1,2283302502,187681,4,28.60185185185185,28.60185185185185,10570816.314814815,10570844.916666666
UartTxTask,187683,187684,2283451641,2283454826,6261,True,0,1,2283461087,187686,4,28.98611111111111,28.98611111111111,10571550.120370371,10571579.106481481
TelemetryTask,187688,187689,2284984742,2284987801,466198,True,1,1,2285453999,187692,4,2158.324074074074,2158.324074074074,10578647.226851853,10580805.550925925
UartTxTask,187691,187693,2285451681,2285456444,6302,True,0,1,2285462746,187695,4,29.175925925925927,29.175925925925927,10580816.870370371,10580846.046296297
UartTxTask,187697,187698,2285611801,2285614921,6225,True,0,1,2285621146,187700,4,28.819444444444443,28.819444444444443,10581550.560185185,10581579.379629629
TelemetryTask,187702,187703,2287144710,2287147799,465980,True,1,1,2287613779,187706,4,2157.314814814815,2157.314814814815,10588647.217592593,10590804.532407407
UartTxTask,187705,187707,2287611423,2287616239,6241,True,0,1,2287622480,187709,4,28.89351851851852,28.89351851851852,10590815.921296297,10590844.814814815
UartTxTask,187711,187712,2287771530,2287774746,6270,True,0,1,2287781016,187714,4,29.02777777777778,29.02777777777778,10591549.75,10591578.777777778
TelemetryTask,187716,187717,2289304749,2289307742,466127,True,1,1,2289773869,187720,4,2157.9953703703704,2157.9953703703704,10598646.953703703,10600804.949074075
UartTxTask,187719,187721,2289771507,2289776246,6141,True,0,1,2289782387,187723,4,28.430555555555557,28.430555555555557,10600815.953703703,10600844.38425926
UartTxTask,187725,187726,2289931491,2289934705,6263,True,0,1,2289940968,187728,4,28.99537037037037,28.99537037037037,10601549.560185185,10601578.555555556
TelemetryTask,187730,187731,2291464714,2291467698,466151,True,1,1,2291933849,187734,4,2158.1064814814813,2158.1064814814813,10608646.75,10610804.856481481
UartTxTask,187733,187735,2291931495,2291936339,6178,True,0,1,2291942517,187737,4,28.60185185185185,28.60185185185185,10610816.38425926,10610844.986111112
UartTxTask,187739,187740,2292091600,2292094731,6167,True,0,1,2292100898,187742,4,28.550925925925927,28.550925925925927,10611549.680555556,10611578.231481481
TelemetryTask,187744,187745,2293624728,2293627715,466072,True,1,1,2294093787,187748,4,2157.740740740741,2157.740740740741,10618646.828703703,10620804.569444444
UartTxTask,187747,187749,2294091467,2294096218,6195,True,0,1,2294102413,187751,4,28.680555555555557,28.680555555555557,10620815.824074075,10620844.504629629
UartTxTask,187753,187754,2294251495,2294254663,6286,True,0,1,2294260949,187756,4,29.10185185185185,29.10185185185185,10621549.36574074,10621578.467592593
TelemetryTask,187758,187759,2295784740,2295787859,466103,True,1,1,2296253962,187762,4,2157.884259259259,2157.884259259259,10628647.495370371,10630805.379629629
UartTxTask,187761,187763,2296251622,2296256395,6061,True,0,1,2296262456,187765,4,28.060185185185187,28.060185185185187,10630816.643518519,10630844.703703703
UartTxTask,187767,187768,2296411619,2296414856,6270,True,0,1,2296421126,187770,4,29.02777777777778,29.02777777777778,10631550.25925926,10631579.287037037
TelemetryTask,187772,187773,2297944759,2297947807,466147,True,1,1,2298413954,187776,4,2158.087962962963,2158.087962962963,10638647.254629629,10640805.342592593
UartTxTask,187775,187777,2298411553,2298416434,6248,True,0,1,2298422682,187779,4,28.925925925925927,28.925925925925927,10640816.824074075,10640845.75
UartTxTask,187781,187782,2298571824,2298575063,6295,True,0,1,2298581358,187784,4,29.14351851851852,29.14351851851852,10641551.217592593,10641580.361111112
TelemetryTask,187786,187787,2300104768,2300107794,466164,True,1,1,2300573958,187790,4,2158.1666666666665,2158.1666666666665,10648647.194444444,10650805.361111112
UartTxTask,187789,187791,2300571644,2300576371,6286,True,0,1,2300582657,187793,4,29.10185185185185,29.10185185185185,10650816.532407407,10650845.63425926
UartTxTask,187795,187796,2300731708,2300734924,6237,True,0,1,2300741161,187798,4,28.875,28.875,10651550.574074075,10651579.449074075
TelemetryTask,187800,187801,2302264701,2302267747,466010,True,1,1,2302733757,187804,4,2157.453703703704,2157.453703703704,10658646.976851853,10660804.430555556
UartTxTask,187803,187805,2302731420,2302736231,6137,True,0,1,2302742368,187807,4,28.412037037037038,28.412037037037038,10660815.88425926,10660844.296296297
UartTxTask,187809,187810,2302891527,2302894710,6294,True,0,1,2302901004,187812,4,29.13888888888889,29.13888888888889,10661549.583333334,10661578.722222222
TelemetryTask,187814,187815,2304424741,2304427780,465983,True,1,1,2304893763,187818,4,2157.328703703704,2157.328703703704,10668647.129629629,10670804.458333334
UartTxTask,187817,187819,2304891433,2304896166,6208,True,0,1,2304902374,187821,4,28.74074074074074,28.74074074074074,10670815.583333334,10670844.324074075
UartTxTask,187823,187824,2305051468,2305054675,6256,True,0,1,2305060931,187826,4,28.962962962962962,28.962962962962962,10671549.421296297,10671578.38425926
TelemetryTask,187828,187829,2306584701,2306587738,466126,True,1,1,2307053864,187832,4,2157.990740740741,2157.990740740741,10678646.935185185,10680804.925925925
UartTxTask,187831,187833,2307051450,2307056343,6182,True,0,1,2307062525,187835,4,28.62037037037037,28.62037037037037,10680816.402777778,10680845.023148147
UartTxTask,187837,187838,2307211634,2307214824,6401,True,0,1,2307221225,187840,4,29.63425925925926,29.63425925925926,10681550.111111112,10681579.745370371
TelemetryTask,187842,187843,2308744758,2308747815,466026,True,1,1,2309213841,187846,4,2157.527777777778,2157.527777777778,10688647.291666666,10690804.819444444
UartTxTask,187845,187847,2309211495,2309216279,6133,True,0,1,2309222412,187849,4,28.39351851851852,28.39351851851852,10690816.106481481,10690844.5
UartTxTask,187851,187852,2309371561,2309374786,6281,True,0,1,2309381067,187854,4,29.078703703703702,29.078703703703702,10691549.935185185,10691579.013888888
TelemetryTask,187856,187857,2310904731,2310907754,466070,True,1,1,2311373824,187860,4,2157.7314814814813,2157.7314814814813,10698647.00925926,10700804.74074074
UartTxTask,187859,187861,2311371512,2311376297,6195,True,0,1,2311382492,187863,4,28.680555555555557,28.680555555555557,10700816.189814815,10700844.870370371
UartTxTask,187865,187866,2311531615,2311534876,6275,True,0,1,2311541151,187868,4,29.050925925925927,29.050925925925927,10701550.351851853,10701579.402777778
TelemetryTask,187870,187871,2313064707,2313067738,466111,True,1,1,2313533849,187874,4,2157.921296296296,2157.921296296296,10708646.935185185,10710804.856481481
UartTxTask,187873,187875,2313531484,2313536288,6220,True,0,1,2313542508,187877,4,28.796296296296298,28.796296296296298,10710816.148148147,10710844.944444444
UartTxTask,187879,187880,2313691517,2313694654,6149,True,0,1,2313700803,187882,4,28.46759259259259,28.46759259259259,10711549.324074075,10711577.791666666
TelemetryTask,187884,187885,2315224761,2315227766,466016,True,1,1,2315693782,187888,4,2157.4814814814813,2157.4814814814813,10718647.064814815,10720804.546296297
UartTxTask,187887,187889,2315691497,2315696270,6169,True,0,1,2315702439,187891,4,28.560185185185187,28.560185185185187,10720816.064814815,10720844.625
UartTxTask,187893,187894,2315851587,2315854804,6132,True,0,1,2315860936,187896,4,28.38888888888889,28.38888888888889,10721550.018518519,10721578.407407407
TelemetryTask,187898,187899,2317384737,2317387801,466255,True,1,1,2317854056,187902,4,2158.587962962963,2158.587962962963,10728647.226851853,10730805.814814815
UartTxTask,187901,187903,2317851751,2317856551,6177,True,0,1,2317862728,187905,4,28.59722222222222,28.59722222222222,10730817.36574074,10730845.962962963
UartTxTask,187907,187908,2318011852,2318015105,6379,True,0,1,2318021484,187910,4,29.53240740740741,29.53240740740741,10731551.412037037,10731580.944444444
TelemetryTask,187912,187913,2319544687,2319547750,466261,True,1,1,2320014011,187916,4,2158.615740740741,2158.615740740741,10738646.99074074,10740805.606481481
UartTxTask,187915,187917,2320011666,2320016497,6121,True,0,1,2320022618,187919,4,28.337962962962962,28.337962962962962,10740817.11574074,10740845.453703703
UartTxTask,187921,187922,2320171723,2320174927,6225,True,0,1,2320181152,187924,4,28.819444444444443,28.819444444444443,10741550.587962963,10741579.407407407
TelemetryTask,187926,187927,2321704761,2321707779,466136,True,1,1,2322173915,187930,4,2158.037037037037,2158.037037037037,10748647.125,10750805.162037037
UartTxTask,187929,187931,2322171546,2322176352,6275,True,0,1,2322182627,187933,4,29.050925925925927,29.050925925925927,10750816.444444444,10750845.495370371
UartTxTask,187935,187936,2322331691,2322334884,6302,True,0,1,2322341186,187938,4,29.175925925925927,29.175925925925927,10751550.388888888,10751579.564814815
TelemetryTask,187940,187941,2323864740,2323867756,466028,True,1,1,2324333784,187944,4,2157.537037037037,2157.537037037037,10758647.018518519,10760804.555555556
UartTxTask,187943,187945,2324331477,2324336180,6168,True,0,1,2324342348,187947,4,28.555555555555557,28.555555555555557,10760815.648148147,10760844.203703703
ButtonTask,187951,187953,2324483334,2324487178,31286,True,1,1,2324518464,187957,4,144.84259259259258,144.84259259259258,10761514.712962963,10761659.555555556
UartTxTask,187955,187958,2324491869,2324521254,8617,True,0,1,2324529871,187961,4,39.89351851851852,39.89351851851852,10761672.472222222,10761712.36574074
UartTxTask,187963,187964,2324678959,2324680983,7091,True,0,1,2324688074,187966,4,32.8287037037037,32.8287037037037,10762411.958333334,10762444.787037037
TelemetryTask,187968,187969,2326024775,2326027846,466153,True,1,1,2326493999,187972,4,2158.115740740741,2158.115740740741,10768647.435185185,10770805.550925925
UartTxTask,187971,187973,2326491656,2326496464,6153,True,0,1,2326502617,187975,4,28.48611111111111,28.48611111111111,10770816.962962963,10770845.449074075
UartTxTask,187977,187978,2326651673,2326654849,6324,True,0,1,2326661173,187980,4,29.27777777777778,29.27777777777778,10771550.226851853,10771579.504629629
TelemetryTask,187982,187983,2328184774,2328187869,466144,True,1,1,2328654013,187986,4,2158.074074074074,2158.074074074074,10778647.541666666,10780805.61574074
UartTxTask,187985,187987,2328651599,2328656492,6200,True,0,1,2328662692,187989,4,28.703703703703702,28.703703703703702,10780817.092592593,10780845.796296297
UartTxTask,187991,187992,2328811747,2328814897,6310,True,0,1,2328821207,187994,4,29.212962962962962,29.212962962962962,10781550.449074075,10781579.662037037
TelemetryTask,187996,187997,2330344746,2330347798,466143,True,1,1,2330813941,188000,4,2158.0694444444443,2158.0694444444443,10788647.212962963,10790805.282407407
UartTxTask,187999,188001,2330811666,2330816410,6297,True,0,1,2330822707,188003,4,29.15277777777778,29.15277777777778,10790816.712962963,10790845.86574074
UartTxTask,188005,188006,2330971697,2330974853,6307,True,0,1,2330981160,188008,4,29.199074074074073,29.199074074074073,10791550.245370371,10791579.444444444
TelemetryTask,188010,188011,2332504744,2332507798,466150,True,1,1,2332973948,188014,4,2158.1018518518517,2158.1018518518517,10798647.212962963,10800805.314814815
UartTxTask,188013,188015,2332971644,2332976401,6257,True,0,1,2332982658,188017,4,28.96759259259259,28.96759259259259,10800816.671296297,10800845.638888888
UartTxTask,188019,188020,2333131679,2333134867,6281,True,0,1,2333141148,188022,4,29.078703703703702,29.078703703703702,10801550.310185185,10801579.388888888
TelemetryTask,188024,188025,2334664731,2334667725,466218,True,1,1,2335133943,188028,4,2158.4166666666665,2158.4166666666665,10808646.875,10810805.291666666
UartTxTask,188027,188029,2335131623,2335136335,6231,True,0,1,2335142566,188031,4,28.84722222222222,28.84722222222222,10810816.36574074,10810845.212962963
UartTxTask,188033,188034,2335291714,2335294923,6238,True,0,1,2335301161,188036,4,28.87962962962963,28.87962962962963,10811550.569444444,10811579.449074075
TelemetryTask,188038,188039,2336824751,2336827816,466231,True,1,1,2337294047,188042,4,2158.4768518518517,2158.4768518518517,10818647.296296297,10820805.773148147
UartTxTask,188041,188043,2337291742,2337296494,6158,True,0,1,2337302652,188045,4,28.50925925925926,28.50925925925926,10820817.101851853,10820845.611111112
UartTxTask,188047,188048,2337451762,2337455001,6274,True,0,1,2337461275,188050,4,29.046296296296298,29.046296296296298,10821550.930555556,10821579.976851853
TelemetryTask,188052,188053,2338984715,2338987760,466249,True,1,1,2339454009,188056,4,2158.560185185185,2158.560185185185,10828647.037037037,10830805.597222222
UartTxTask,188055,188057,2339451658,2339456470,6230,True,0,1,2339462700,188059,4,28.84259259259259,28.84259259259259,10830816.99074074,10830845.833333334
UartTxTask,188061,188062,2339611710,2339614866,6200,True,0,1,2339621066,188064,4,28.703703703703702,28.703703703703702,10831550.305555556,10831579.00925926
TelemetryTask,188066,188067,2341144724,2341147793,466309,True,1,1,2341614102,188070,4,2158.837962962963,2158.837962962963,10838647.189814815,10840806.027777778
UartTxTask,188069,188071,2341611786,2341616546,6064,True,0,1,2341622610,188073,4,28.074074074074073,28.074074074074073,10840817.342592593,10840845.416666666
UartTxTask,188075,188076,2341771711,2341774930,6319,True,0,1,2341781249,188078,4,29.25462962962963,29.25462962962963,10841550.601851853,10841579.856481481
TelemetryTask,188080,188081,2343304698,2343307714,466033,True,1,1,2343773747,188084,4,2157.560185185185,2157.560185185185,10848646.824074075,10850804.38425926
UartTxTask,188083,188085,2343771490,2343776191,6207,True,0,1,2343782398,188087,4,28.73611111111111,28.73611111111111,10850815.699074075,10850844.435185185
UartTxTask,188089,188090,2343931486,2343934634,6317,True,0,1,2343940951,188092,4,29.24537037037037,29.24537037037037,10851549.231481481,10851578.476851853
TelemetryTask,188094,188095,2345464727,2345467710,466066,True,1,1,2345933776,188098,4,2157.712962962963,2157.712962962963,10858646.805555556,10860804.518518519
UartTxTask,188097,188099,2345931483,2345936233,6068,True,0,1,2345942301,188101,4,28.09259259259259,28.09259259259259,10860815.893518519,10860843.986111112
UartTxTask,188103,188104,2346091439,2346094657,6155,True,0,1,2346100812,188106,4,28.49537037037037,28.49537037037037,10861549.337962963,10861577.833333334
TelemetryTask,188108,188109,2347624752,2347627815,466239,True,1,1,2348094054,188112,4,2158.5138888888887,2158.5138888888887,10868647.291666666,10870805.805555556
UartTxTask,188111,188113,2348091710,2348096545,6190,True,0,1,2348102735,188115,4,28.65740740740741,28.65740740740741,10870817.337962963,10870845.995370371
UartTxTask,188117,188118,2348251779,2348254953,6256,True,0,1,2348261209,188120,4,28.962962962962962,28.962962962962962,10871550.708333334,10871579.671296297
TelemetryTask,188122,188123,2349784719,2349787724,466269,True,1,1,2350253993,188126,4,2158.652777777778,2158.652777777778,10878646.870370371,10880805.523148147
UartTxTask,188125,188127,2350251662,2350256363,6176,True,0,1,2350262539,188129,4,28.59259259259259,28.59259259259259,10880816.495370371,10880845.087962963
UartTxTask,188131,188132,2350411596,2350414709,6254,True,0,1,2350420963,188134,4,28.953703703703702,28.953703703703702,10881549.578703703,10881578.532407407
TelemetryTask,188136,188137,2351944751,2351947846,466361,True,1,1,2352414207,188140,4,2159.078703703704,2159.078703703704,10888647.435185185,10890806.513888888
UartTxTask,188139,188141,2352411849,2352416634,6347,True,0,1,2352422981,188143,4,29.38425925925926,29.38425925925926,10890817.75,10890847.13425926
UartTxTask,188145,188146,2352572039,2352575318,6346,True,0,1,2352581664,188148,4,29.37962962962963,29.37962962962963,10891552.398148147,10891581.777777778
TelemetryTask,188150,188151,2354104743,2354107775,466146,True,1,1,2354573921,188154,4,2158.0833333333335,2158.0833333333335,10898647.106481481,10900805.189814815
UartTxTask,188153,188155,2354571628,2354576339,6202,True,0,1,2354582541,188157,4,28.712962962962962,28.712962962962962,10900816.38425926,10900845.097222222
UartTxTask,188159,188160,2354731650,2354734847,6152,True,0,1,2354740999,188162,4,28.48148148148148,28.48148148148148,10901550.217592593,10901578.699074075
TelemetryTask,188164,188165,2356264733,2356267780,466174,True,1,1,2356733954,188168,4,2158.212962962963,2158.212962962963,10908647.129629629,10910805.342592593
UartTxTask,188167,188169,2356731581,2356736457,6150,True,0,1,2356742607,188171,4,28.47222222222222,28.47222222222222,10910816.930555556,10910845.402777778
UartTxTask,188173,188174,2356891716,2356894850,6210,True,0,1,2356901060,188176,4,28.75,28.75,10911550.231481481,10911578.981481481
TelemetryTask,188178,188179,2358424739,2358427822,466079,True,1,1,2358893901,188182,4,2157.7731481481483,2157.7731481481483,10918647.324074075,10920805.097222222
UartTxTask,188181,188183,2358891570,2358896361,6165,True,0,1,2358902526,188185,4,28.541666666666668,28.541666666666668,10920816.486111112,10920845.027777778
UartTxTask,188187,188188,2359051619,2359054743,6231,True,0,1,2359060974,188190,4,28.84722222222222,28.84722222222222,10921549.736111112,10921578.583333334
TelemetryTask,188192,188193,2360584729,2360587752,466138,True,1,1,2361053890,188196,4,2158.046296296296,2158.046296296296,10928647.0,10930805.046296297
UartTxTask,188195,188197,2361051519,2361056368,6238,True,0,1,2361062606,188199,4,28.87962962962963,28.87962962962963,10930816.518518519,10930845.398148147
UartTxTask,188201,188202,2361211667,2361214837,6144,True,0,1,2361220981,188204,4,28.444444444444443,28.444444444444443,10931550.171296297,10931578.61574074
TelemetryTask,188206,188207,2362744728,2362747764,466081,True,1,1,2363213845,188210,4,2157.7824074074074,2157.7824074074074,10938647.055555556,10940804.837962963
UartTxTask,188209,188211,2363211561,2363216272,6351,True,0,1,2363222623,188213,4,29.40277777777778,29.40277777777778,10940816.074074075,10940845.476851853
UartTxTask,188215,188216,2363371634,2363374768,6270,True,0,1,2363381038,188218,4,29.02777777777778,29.02777777777778,10941549.851851853,10941578.879629629
TelemetryTask,188220,188221,2364904748,2364907780,466175,True,1,1,2365373955,188224,4,2158.2175925925926,2158.2175925925926,10948647.129629629,10950805.347222222
UartTxTask,188223,188225,2365371611,2365376439,6118,True,0,1,2365382557,188227,4,28.324074074074073,28.324074074074073,10950816.847222222,10950845.171296297
UartTxTask,188229,188230,2365531751,2365534913,6333,True,0,1,2365541246,188232,4,29.319444444444443,29.319444444444443,10951550.523148147,10951579.842592593
ButtonTask,188236,188238,2366356385,2366359712,29580,True,1,1,2366389292,188242,4,136.94444444444446,136.94444444444446,10955369.037037037,10955505.981481481
UartTxTask,188241,188243,2366385698,2366392028,6221,True,0,1,2366398249,188245,4,28.800925925925927,28.800925925925927,10955518.648148147,10955547.449074075
UartTxTask,188247,188248,2366547345,2366549302,6372,True,0,1,2366555674,188250,4,29.5,29.5,10956246.768518519,10956276.268518519
TelemetryTask,188252,188253,2367064750,2367067807,465928,True,1,1,2367533735,188256,4,2157.074074074074,2157.074074074074,10958647.254629629,10960804.328703703
UartTxTask,188255,188257,2367531408,2367536248,6078,True,0,1,2367542326,188259,4,28.13888888888889,28.13888888888889,10960815.962962963,10960844.101851853
UartTxTask,188261,188262,2367691495,2367694749,6292,True,0,1,2367701041,188264,4,29.12962962962963,29.12962962962963,10961549.763888888,10961578.893518519
TelemetryTask,188266,188267,2369224758,2369227858,465918,True,1,1,2369693776,188270,4,2157.027777777778,2157.027777777778,10968647.49074074,10970804.518518519
UartTxTask,188269,188271,2369691456,2369696187,6239,True,0,1,2369702426,188273,4,28.88425925925926,28.88425925925926,10970815.680555556,10970844.564814815
UartTxTask,188275,188276,2369851453,2369854629,6295,True,0,1,2369860924,188278,4,29.14351851851852,29.14351851851852,10971549.208333334,10971578.351851853
TelemetryTask,188280,188281,2371384761,2371387773,466076,True,1,1,2371853849,188284,4,2157.759259259259,2157.759259259259,10978647.097222222,10980804.856481481
UartTxTask,188283,188285,2371851492,2371856316,6099,True,0,1,2371862415,188287,4,28.23611111111111,28.23611111111111,10980816.277777778,10980844.513888888
UartTxTask,188289,188290,2372011625,2372014853,6340,True,0,1,2372021193,188292,4,29.35185185185185,29.35185185185185,10981550.245370371,10981579.597222222
TelemetryTask,188294,188295,2373544712,2373547713,466224,True,1,1,2374013937,188298,4,2158.4444444444443,2158.4444444444443,10988646.819444444,10990805.263888888
UartTxTask,188297,188299,2374011620,2374016418,6111,True,0,1,2374022529,188301,4,28.291666666666668,28.291666666666668,10990816.75,10990845.041666666
UartTxTask,188303,188304,2374171669,2374174924,6262,True,0,1,2374181186,188306,4,28.99074074074074,28.99074074074074,10991550.574074075,10991579.564814815
TelemetryTask,188308,188309,2375704733,2375707758,466007,True,1,1,2376173765,188312,4,2157.439814814815,2157.439814814815,10998647.027777778,11000804.467592593
UartTxTask,188311,188313,2376171406,2376176190,6292,True,0,1,2376182482,188315,4,29.12962962962963,29.12962962962963,11000815.694444444,11000844.824074075
UartTxTask,188317,188318,2376331607,2376334837,6350,True,0,1,2376341187,188320,4,29.39814814814815,29.39814814814815,11001550.171296297,11001579.569444444
TelemetryTask,188322,188323,2377864725,2377867665,466233,True,1,1,2378333898,188326,4,2158.4861111111113,2158.4861111111113,11008646.597222222,11010805.083333334
UartTxTask,188325,188327,2378331526,2378336330,6167,True,0,1,2378342497,188329,4,28.550925925925927,28.550925925925927,11010816.342592593,11010844.893518519
UartTxTask,188331,188332,2378491534,2378494735,6192,True,0,1,2378500927,188334,4,28.666666666666668,28.666666666666668,11011549.699074075,11011578.36574074
TelemetryTask,188336,188337,2380024740,2380027791,466201,True,1,1,2380493992,188340,4,2158.337962962963,2158.337962962963,11018647.180555556,11020805.518518519
UartTxTask,188339,188341,2380491663,2380496468,6269,True,0,1,2380502737,188343,4,29.02314814814815,29.02314814814815,11020816.981481481,11020846.004629629
UartTxTask,188345,188346,2380651770,2380654986,6256,True,0,1,2380661242,188348,4,28.962962962962962,28.962962962962962,11021550.861111112,11021579.824074075
TelemetryTask,188350,188351,2382184719,2382187779,466266,True,1,1,2382654045,188354,4,2158.6388888888887,2158.6388888888887,11028647.125,11030805.763888888
UartTxTask,188353,188355,2382651688,2382656527,6332,True,0,1,2382662859,188357,4,29.314814814814813,29.314814814814813,11030817.254629629,11030846.569444444
UartTxTask,188359,188360,2382811872,2382815087,6205,True,0,1,2382821292,188362,4,28.72685185185185,28.72685185185185,11031551.328703703,11031580.055555556
TelemetryTask,188364,188365,2384344770,2384347799,466023,True,1,1,2384813822,188368,4,2157.5138888888887,2157.5138888888887,11038647.217592593,11040804.731481481
UartTxTask,188367,188369,2384811535,2384816243,6169,True,0,1,2384822412,188371,4,28.560185185185187,28.560185185185187,11040815.939814815,11040844.5
UartTxTask,188373,188374,2384971469,2384974620,6237,True,0,1,2384980857,188376,4,28.875,28.875,11041549.166666666,11041578.041666666
TelemetryTask,188378,188379,2386504728,2386507824,466149,True,1,1,2386973973,188382,4,2158.097222222222,2158.097222222222,11048647.333333334,11050805.430555556
UartTxTask,188381,188383,2386971617,2386976502,6182,True,0,1,2386982684,188385,4,28.62037037037037,28.62037037037037,11050817.138888888,11050845.75925926
UartTxTask,188387,188388,2387131774,2387134964,6248,True,0,1,2387141212,188390,4,28.925925925925927,28.925925925925927,11051550.75925926,11051579.685185185
TelemetryTask,188392,188393,2388664753,2388667773,466224,True,1,1,2389133997,188396,4,2158.4444444444443,2158.4444444444443,11058647.097222222,11060805.541666666
UartTxTask,188395,188397,2389131658,2389136468,6342,True,0,1,2389142810,188399,4,29.36111111111111,29.36111111111111,11060816.981481481,11060846.342592593
UartTxTask,188401,188402,2389291838,2389295037,6202,True,0,1,2389301239,188404,4,28.712962962962962,28.712962962962962,11061551.097222222,11061579.810185185
TelemetryTask,188406,188407,2390824720,2390827791,466096,True,1,1,2391293887,188410,4,2157.8518518518517,2157.8518518518517,11068647.180555556,11070805.032407407
UartTxTask,188409,188411,2391291636,2391296278,6268,True,0,1,2391302546,188413,4,29.01851851851852,29.01851851851852,11070816.101851853,11070845.120370371
UartTxTask,188415,188416,2391451515,2391454674,6119,True,0,1,2391460793,188418,4,28.328703703703702,28.328703703703702,11071549.416666666,11071577.745370371
TelemetryTask,188420,188421,2392984735,2392987808,466093,True,1,1,2393453901,188424,4,2157.837962962963,2157.837962962963,11078647.25925926,11080805.097222222
UartTxTask,188423,188425,2393451617,2393456299,6076,True,0,1,2393462375,188427,4,28.12962962962963,28.12962962962963,11080816.199074075,11080844.328703703
UartTxTask,188429,188430,2393611515,2393614707,6249,True,0,1,2393620956,188432,4,28.930555555555557,28.930555555555557,11081549.569444444,11081578.5
TelemetryTask,188434,188435,2395144731,2395147770,466148,True,1,1,2395613918,188438,4,2158.0925925925926,2158.0925925925926,11088647.083333334,11090805.175925925
UartTxTask,188437,188439,2395611579,2395616391,6180,True,0,1,2395622571,188441,4,28.61111111111111,28.61111111111111,11090816.625,11090845.236111112
UartTxTask,188443,188444,2395771678,2395774873,6364,True,0,1,2395781237,188446,4,29.462962962962962,29.462962962962962,11091550.337962963,11091579.800925925
TelemetryTask,188448,188449,2397304730,2397307720,466021,True,1,1,2397773741,188452,4,2157.5046296296296,2157.5046296296296,11098646.851851853,11100804.356481481
UartTxTask,188451,188453,2397771430,2397776234,6137,True,0,1,2397782371,188455,4,28.412037037037038,28.412037037037038,11100815.898148147,11100844.310185185
UartTxTask,188457,188458,2397931583,2397934831,6200,True,0,1,2397941031,188460,4,28.703703703703702,28.703703703703702,11101550.143518519,11101578.847222222
TelemetryTask,188462,188463,2399464732,2399467780,466065,True,1,1,2399933845,188466,4,2157.7083333333335,2157.7083333333335,11108647.129629629,11110804.837962963
UartTxTask,188465,188467,2399931464,2399936293,6317,True,0,1,2399942610,188469,4,29.24537037037037,29.24537037037037,11110816.171296297,11110845.416666666
UartTxTask,188471,188472,2400091600,2400094778,6302,True,0,1,2400101080,188474,4,29.175925925925927,29.175925925925927,11111549.898148147,11111579.074074075
TelemetryTask,188476,188477,2401624719,2401627745,465924,True,1,1,2402093669,188480,4,2157.0555555555557,2157.0555555555557,11118646.967592593,11120804.023148147
UartTxTask,188479,188481,2402091386,2402096133,6152,True,0,1,2402102285,188483,4,28.48148148148148,28.48148148148148,11120815.430555556,11120843.912037037
UartTxTask,188485,188486,2402251390,2402254610,6272,True,0,1,2402260882,188488,4,29.037037037037038,29.037037037037038,11121549.120370371,11121578.157407407
ButtonTask,188492,188494,2402412449,2402415642,29509,True,1,1,2402445151,188498,4,136.61574074074073,136.61574074074073,11122294.638888888,11122431.254629629
UartTxTask,188497,188499,2402441576,2402447896,6231,True,0,1,2402454127,188501,4,28.84722222222222,28.84722222222222,11122443.962962963,11122472.810185185
UartTxTask,188503,188504,2402603336,2402605334,6302,True,0,1,2402611636,188506,4,29.175925925925927,29.175925925925927,11123172.842592593,11123202.018518519
TelemetryTask,188508,188509,2403784766,2403787833,466104,True,1,1,2404253937,188512,4,2157.8888888888887,2157.8888888888887,11128647.375,11130805.263888888
UartTxTask,188511,188513,2404251608,2404256379,6186,True,0,1,2404262565,188515,4,28.63888888888889,28.63888888888889,11130816.569444444,11130845.208333334
UartTxTask,188517,188518,2404411644,2404414772,6269,True,0,1,2404421041,188520,4,29.02314814814815,29.02314814814815,11131549.870370371,11131578.893518519
TelemetryTask,188522,188523,2405944744,2405947812,466189,True,1,1,2406414001,188526,4,2158.2824074074074,2158.2824074074074,11138647.277777778,11140805.560185185
UartTxTask,188525,188527,2406411743,2406416497,6241,True,0,1,2406422738,188529,4,28.89351851851852,28.89351851851852,11140817.11574074,11140846.00925926
UartTxTask,188531,188532,2406571826,2406575033,6286,True,0,1,2406581319,188534,4,29.10185185185185,29.10185185185185,11141551.078703703,11141580.180555556
TelemetryTask,188536,188537,2408104706,2408107772,466070,True,1,1,2408573842,188540,4,2157.7314814814813,2157.7314814814813,11148647.092592593,11150804.824074075
UartTxTask,188539,188541,2408571512,2408576327,6196,True,0,1,2408582523,188543,4,28.685185185185187,28.685185185185187,11150816.328703703,11150845.013888888
UartTxTask,188545,188546,2408731597,2408734797,6198,True,0,1,2408740995,188548,4,28.694444444444443,28.694444444444443,11151549.986111112,11151578.680555556
TelemetryTask,188550,188551,2410264749,2410267770,466109,True,1,1,2410733879,188554,4,2157.912037037037,2157.912037037037,11158647.083333334,11160804.995370371
UartTxTask,188553,188555,2410731487,2410736271,6177,True,0,1,2410742448,188557,4,28.59722222222222,28.59722222222222,11160816.069444444,11160844.666666666
UartTxTask,188559,188560,2410891503,2410894592,6250,True,0,1,2410900842,188562,4,28.935185185185187,28.935185185185187,11161549.037037037,11161577.972222222
TelemetryTask,188564,188565,2412424759,2412427762,465969,True,1,1,2412893731,188568,4,2157.2638888888887,2157.2638888888887,11168647.046296297,11170804.310185185
UartTxTask,188567,188569,2412891418,2412896172,6138,True,0,1,2412902310,188571,4,28.416666666666668,28.416666666666668,11170815.611111112,11170844.027777778
UartTxTask,188573,188574,2413051418,2413054545,6121,True,0,1,2413060666,188576,4,28.337962962962962,28.337962962962962,11171548.819444444,11171577.157407407
TelemetryTask,188578,188579,2414584698,2414587680,466202,True,1,1,2415053882,188582,4,2158.3425925925926,2158.3425925925926,11178646.666666666,11180805.00925926
UartTxTask,188581,188583,2415051523,2415056252,6129,True,0,1,2415062381,188585,4,28.375,28.375,11180815.981481481,11180844.356481481
UartTxTask,188587,188588,2415211465,2415214572,6186,True,0,1,2415220758,188590,4,28.63888888888889,28.63888888888889,11181548.944444444,11181577.583333334
TelemetryTask,188592,188593,2416744734,2416747771,466337,True,1,1,2417214108,188596,4,2158.9675925925926,2158.9675925925926,11188647.087962963,11190806.055555556
UartTxTask,188595,188597,2417211778,2417216519,6141,True,0,1,2417222660,188599,4,28.430555555555557,28.430555555555557,11190817.217592593,11190845.648148147
UartTxTask,188601,188602,2417371806,2417374955,6311,True,0,1,2417381266,188604,4,29.21759259259259,29.21759259259259,11191550.717592593,11191579.935185185
TelemetryTask,188606,188607,2418904759,2418907820,466017,True,1,1,2419373837,188610,4,2157.4861111111113,2157.4861111111113,11198647.314814815,11200804.800925925
UartTxTask,188609,188611,2419371470,2419376389,6254,True,0,1,2419382643,188613,4,28.953703703703702,28.953703703703702,11200816.61574074,11200845.569444444
UartTxTask,188615,188616,2419531691,2419534879,6223,True,0,1,2419541102,188618,4,28.810185185185187,28.810185185185187,11201550.36574074,11201579.175925925
TelemetryTask,188620,188621,2421064740,2421067755,465920,True,1,1,2421533675,188624,4,2157.037037037037,2157.037037037037,11208647.013888888,11210804.050925925
UartTxTask,188623,188625,2421531410,2421536142,6387,True,0,1,2421542529,188627,4,29.569444444444443,29.569444444444443,11210815.472222222,11210845.041666666
UartTxTask,188629,188630,2421691540,2421694684,6281,True,0,1,2421700965,188632,4,29.078703703703702,29.078703703703702,11211549.462962963,11211578.541666666
TelemetryTask,188634,188635,2423224720,2423227730,466106,True,1,1,2423693836,188638,4,2157.8981481481483,2157.8981481481483,11218646.898148147,11220804.796296297
UartTxTask,188637,188639,2423691516,2423696281,6308,True,0,1,2423702589,188641,4,29.203703703703702,29.203703703703702,11220816.11574074,11220845.319444444
UartTxTask,188643,188644,2423851578,2423854768,6405,True,0,1,2423861173,188646,4,29.65277777777778,29.65277777777778,11221549.851851853,11221579.504629629
TelemetryTask,188648,188649,2425384723,2425387771,466286,True,1,1,2425854057,188652,4,2158.7314814814813,2158.7314814814813,11228647.087962963,11230805.819444444
UartTxTask,188651,188653,2425851674,2425856501,6224,True,0,1,2425862725,188655,4,28.814814814814813,28.814814814814813,11230817.13425926,11230845.949074075
UartTxTask,188657,188658,2426011792,2426015026,6275,True,0,1,2426021301,188660,4,29.050925925925927,29.050925925925927,11231551.046296297,11231580.097222222
TelemetryTask,188662,188663,2427544761,2427547798,466236,True,1,1,2428014034,188666,4,2158.5,2158.5,11238647.212962963,11240805.712962963
UartTxTask,188665,188667,2428011680,2428016524,6182,True,0,1,2428022706,188669,4,28.62037037037037,28.62037037037037,11240817.24074074,11240845.861111112
UartTxTask,188671,188672,2428171735,2428175002,6281,True,0,1,2428181283,188674,4,29.078703703703702,29.078703703703702,11241550.935185185,11241580.013888888
TelemetryTask,188676,188677,2429704723,2429707691,466274,True,1,1,2430173965,188680,4,2158.675925925926,2158.675925925926,11248646.717592593,11250805.393518519
UartTxTask,188679,188681,2430171623,2430176454,6234,True,0,1,2430182688,188683,4,28.86111111111111,28.86111111111111,11250816.916666666,11250845.777777778
UartTxTask,188685,188686,2430331701,2430334813,6151,True,0,1,2430340964,188688,4,28.47685185185185,28.47685185185185,11251550.060185185,11251578.537037037
TelemetryTask,188690,188691,2431864749,2431867770,466056,True,1,1,2432333826,188694,4,2157.6666666666665,2157.6666666666665,11258647.083333334,11260804.75
UartTxTask,188693,188695,2432331487,2432336247,6309,True,0,1,2432342556,188697,4,29.208333333333332,29.208333333333332,11260815.958333334,11260845.166666666
UartTxTask,188699,188700,2432491623,2432494794,6185,True,0,1,2432500979,188702,4,28.63425925925926,28.63425925925926,11261549.972222222,11261578.606481481
TelemetryTask,188704,188705,2434024718,2434027804,472908,True,1,1,2434507257,188712,4,2219.689814814815,2189.3888888888887,11268647.24074074,11270866.930555556
ButtonTask,188708,188713,2434422520,2434509349,26346,True,1,1,2434535695,188716,4,121.97222222222223,121.97222222222223,11270876.61574074,11270998.587962963
UartTxTask,188711,188717,2434504904,2434538597,9038,True,0,1,2434547635,188719,4,41.842592592592595,41.842592592592595,11271012.023148147,11271053.86574074
UartTxTask,188721,188722,2434696709,2434698736,8608,True,0,1,2434707344,188725,4,39.851851851851855,39.851851851851855,11271753.407407407,11271793.25925926
UartTxTask,188727,188728,2434856464,2434858466,7269,True,0,1,2434865735,188730,4,33.65277777777778,33.65277777777778,11272492.898148147,11272526.550925925
TelemetryTask,188732,188733,2436184737,2436187743,466239,True,1,1,2436653982,188736,4,2158.5138888888887,2158.5138888888887,11278646.958333334,11280805.472222222
UartTxTask,188735,188737,2436651627,2436656403,6146,True,0,1,2436662549,188739,4,28.453703703703702,28.453703703703702,11280816.680555556,11280845.13425926
UartTxTask,188741,188742,2436811570,2436814698,6315,True,0,1,2436821013,188744,4,29.23611111111111,29.23611111111111,11281549.527777778,11281578.763888888
TelemetryTask,188746,188747,2438344747,2438347811,466081,True,1,1,2438813892,188750,4,2157.7824074074074,2157.7824074074074,11288647.273148147,11290805.055555556
UartTxTask,188749,188751,2438811576,2438816298,6293,True,0,1,2438822591,188753,4,29.13425925925926,29.13425925925926,11290816.194444444,11290845.328703703
UartTxTask,188755,188756,2438971648,2438974780,6250,True,0,1,2438981030,188758,4,28.935185185185187,28.935185185185187,11291549.907407407,11291578.842592593
TelemetryTask,188760,188761,2440504727,2440507759,466114,True,1,1,2440973873,188764,4,2157.935185185185,2157.935185185185,11298647.032407407,11300804.967592593
UartTxTask,188763,188765,2440971507,2440976249,6109,True,0,1,2440982358,188767,4,28.28240740740741,28.28240740740741,11300815.967592593,11300844.25
UartTxTask,188769,188770,2441131443,2441134677,6136,True,0,1,2441140813,188772,4,28.40740740740741,28.40740740740741,11301549.430555556,11301577.837962963
TelemetryTask,188774,188775,2442664721,2442667762,466214,True,1,1,2443133976,188778,4,2158.3981481481483,2158.3981481481483,11308647.046296297,11310805.444444444
UartTxTask,188777,188779,2443131602,2443136446,6256,True,0,1,2443142702,188781,4,28.962962962962962,28.962962962962962,11310816.879629629,11310845.842592593
UartTxTask,188783,188784,2443291811,2443294976,6269,True,0,1,2443301245,188786,4,29.02314814814815,29.02314814814815,11311550.814814815,11311579.837962963
TelemetryTask,188788,188789,2444824728,2444827760,465979,True,1,1,2445293739,188792,4,2157.310185185185,2157.310185185185,11318647.037037037,11320804.347222222
UartTxTask,188791,188793,2445291511,2445296187,6189,True,0,1,2445302376,188795,4,28.65277777777778,28.65277777777778,11320815.680555556,11320844.333333334
UartTxTask,188797,188798,2445451478,2445454741,6326,True,0,1,2445461067,188800,4,29.287037037037038,29.287037037037038,11321549.726851853,11321579.013888888
TelemetryTask,188802,188803,2446984752,2446987813,466302,True,1,1,2447454115,188806,4,2158.8055555555557,2158.8055555555557,11328647.282407407,11330806.087962963
UartTxTask,188805,188807,2447451784,2447456584,6186,True,0,1,2447462770,188809,4,28.63888888888889,28.63888888888889,11330817.518518519,11330846.157407407
UartTxTask,188811,188812,2447611763,2447614910,6293,True,0,1,2447621203,188814,4,29.13425925925926,29.13425925925926,11331550.50925926,11331579.643518519
TelemetryTask,188816,188817,2449144734,2449147702,466168,True,1,1,2449613870,188820,4,2158.185185185185,2158.185185185185,11338646.768518519,11340804.953703703
UartTxTask,188819,188821,2449611541,2449616303,6192,True,0,1,2449622495,188823,4,28.666666666666668,28.666666666666668,11340816.217592593,11340844.88425926
UartTxTask,188825,188826,2449771509,2449774671,6391,True,0,1,2449781062,188828,4,29.587962962962962,29.587962962962962,11341549.402777778,11341578.99074074
TelemetryTask,188830,188831,2451304740,2451307740,466133,True,1,1,2451773873,188834,4,2158.0231481481483,2158.0231481481483,11348646.944444444,11350804.967592593
UartTxTask,188833,188835,2451771565,2451776315,6140,True,0,1,2451782455,188837,4,28.425925925925927,28.425925925925927,11350816.273148147,11350844.699074075
UartTxTask,188839,188840,2451931545,2451934699,6221,True,0,1,2451940920,188842,4,28.800925925925927,28.800925925925927,11351549.532407407,11351578.333333334
TelemetryTask,188844,188845,2453464758,2453467780,466311,True,1,1,2453934091,188848,4,2158.847222222222,2158.847222222222,11358647.129629629,11360805.976851853
UartTxTask,188847,188849,2453931740,2453936561,6086,True,0,1,2453942647,188851,4,28.175925925925927,28.175925925925927,11360817.412037037,11360845.587962963
UartTxTask,188853,188854,2454091730,2454094936,6148,True,0,1,2454101084,188856,4,28.462962962962962,28.462962962962962,11361550.629629629,11361579.092592593
TelemetryTask,188858,188859,2455624704,2455627648,466057,True,1,1,2456093705,188862,4,2157.671296296296,2157.671296296296,11368646.518518519,11370804.189814815
UartTxTask,188861,188863,2456091334,2456096194,6316,True,0,1,2456102510,188865,4,29.24074074074074,29.24074074074074,11370815.712962963,11370844.953703703
UartTxTask,188867,188868,2456251545,2456254650,6302,True,0,1,2456260952,188870,4,29.175925925925927,29.175925925925927,11371549.305555556,11371578.481481481
TelemetryTask,188872,188873,2457784723,2457787737,465968,True,1,1,2458253705,188876,4,2157.259259259259,2157.259259259259,11378646.930555556,11380804.189814815
UartTxTask,188875,188877,2458251469,2458256185,6338,True,0,1,2458262523,188879,4,29.34259259259259,29.34259259259259,11380815.671296297,11380845.013888888
UartTxTask,188881,188882,2458411568,2458414715,6316,True,0,1,2458421031,188884,4,29.24074074074074,29.24074074074074,11381549.606481481,11381578.847222222
TelemetryTask,188886,188887,2459944727,2459947724,466246,True,1,1,2460413970,188890,4,2158.546296296296,2158.546296296296,11388646.870370371,11390805.416666666
UartTxTask,188889,188891,2460411609,2460416363,6081,True,0,1,2460422444,188893,4,28.15277777777778,28.15277777777778,11390816.495370371,11390844.648148147
UartTxTask,188895,188896,2460571583,2460574721,6301,True,0,1,2460581022,188898,4,29.171296296296298,29.171296296296298,11391549.63425926,11391578.805555556
TelemetryTask,188900,188901,2462104731,2462107774,466197,True,1,1,2462573971,188904,4,2158.3194444444443,2158.3194444444443,11398647.101851853,11400805.421296297
UartTxTask,188903,188905,2462571637,2462576450,6242,True,0,1,2462582692,188907,4,28.89814814814815,28.89814814814815,11400816.898148147,11400845.796296297
UartTxTask,188909,188910,2462731740,2462735006,6317,True,0,1,2462741323,188912,4,29.24537037037037,29.24537037037037,11401550.953703703,11401580.199074075
TelemetryTask,188914,188915,2464264725,2464267740,466000,True,1,1,2464733740,188918,4,2157.4074074074074,2157.4074074074074,11408646.944444444,11410804.351851853
UartTxTask,188917,188919,2464731429,2464736181,6211,True,0,1,2464742392,188921,4,28.75462962962963,28.75462962962963,11410815.652777778,11410844.407407407
UartTxTask,188923,188924,2464891474,2464894543,6287,True,0,1,2464900830,188926,4,29.10648148148148,29.10648148148148,11411548.810185185,11411577.916666666
TelemetryTask,188928,188929,2466424710,2466427742,466133,True,1,1,2466893875,188932,4,2158.0231481481483,2158.0231481481483,11418646.953703703,11420804.976851853
UartTxTask,188931,188933,2466891490,2466896342,6206,True,0,1,2466902548,188935,4,28.73148148148148,28.73148148148148,11420816.398148147,11420845.129629629
UartTxTask,188937,188938,2467051601,2467054828,6284,True,0,1,2467061112,188940,4,29.09259259259259,29.09259259259259,11421550.129629629,11421579.222222222
ButtonTask,188944,188946,2467686276,2467689540,29569,True,1,1,2467719109,188950,4,136.8935185185185,136.8935185185185,11424488.611111112,11424625.504629629
UartTxTask,188949,188951,2467715464,2467722299,6262,True,0,1,2467728561,188953,4,28.99074074074074,28.99074074074074,11424640.273148147,11424669.263888888
UartTxTask,188955,188956,2467877719,2467879745,6309,True,0,1,2467886054,188958,4,29.208333333333332,29.208333333333332,11425369.189814815,11425398.398148147
TelemetryTask,188960,188961,2468584752,2468587799,466056,True,1,1,2469053855,188964,4,2157.6666666666665,2157.6666666666665,11428647.217592593,11430804.88425926
UartTxTask,188963,188965,2469051542,2469056261,6218,True,0,1,2469062479,188967,4,28.787037037037038,28.787037037037038,11430816.023148147,11430844.810185185
UartTxTask,188969,188970,2469211589,2469214776,6281,True,0,1,2469221057,188972,4,29.078703703703702,29.078703703703702,11431549.888888888,11431578.967592593
TelemetryTask,188974,188975,2470744728,2470747756,466377,True,1,1,2471214133,188978,4,2159.152777777778,2159.152777777778,11438647.018518519,11440806.171296297
UartTxTask,188977,188979,2471211750,2471216592,6126,True,0,1,2471222718,188981,4,28.36111111111111,28.36111111111111,11440817.555555556,11440845.916666666
UartTxTask,188983,188984,2471371835,2471375010,6219,True,0,1,2471381229,188986,4,28.791666666666668,28.791666666666668,11441550.972222222,11441579.763888888
TelemetryTask,188988,188989,2472904745,2472907743,466126,True,1,1,2473373869,188992,4,2157.990740740741,2157.990740740741,11448646.958333334,11450804.949074075
UartTxTask,188991,188993,2473371517,2473376315,6259,True,0,1,2473382574,188995,4,28.97685185185185,28.97685185185185,11450816.273148147,11450845.25
UartTxTask,188997,188998,2473531616,2473534771,6258,True,0,1,2473541029,189000,4,28.97222222222222,28.97222222222222,11451549.86574074,11451578.837962963
TelemetryTask,189002,189003,2475064759,2475067781,466458,True,1,1,2475534239,189006,4,2159.527777777778,2159.527777777778,11458647.13425926,11460806.662037037
UartTxTask,189005,189007,2475531876,2475536707,6238,True,0,1,2475542945,189009,4,28.87962962962963,28.87962962962963,11460818.087962963,11460846.967592593
UartTxTask,189011,189012,2475692018,2475695159,6310,True,0,1,2475701469,189014,4,29.212962962962962,29.212962962962962,11461551.662037037,11461580.875
TelemetryTask,189016,189017,2477224782,2477227853,466053,True,1,1,2477693906,189020,4,2157.652777777778,2157.652777777778,11468647.467592593,11470805.120370371
UartTxTask,189019,189021,2477691596,2477696381,6229,True,0,1,2477702610,189023,4,28.837962962962962,28.837962962962962,11470816.578703703,11470845.416666666
UartTxTask,189025,189026,2477851636,2477854744,6239,True,0,1,2477860983,189028,4,28.88425925925926,28.88425925925926,11471549.74074074,11471578.625
TelemetryTask,189030,189031,2479384712,2479387871,465994,True,1,1,2479853865,189034,4,2157.3796296296296,2157.3796296296296,11478647.550925925,11480804.930555556
UartTxTask,189033,189035,2479851533,2479856204,6144,True,0,1,2479862348,189037,4,28.444444444444443,28.444444444444443,11480815.75925926,11480844.203703703
UartTxTask,189039,189040,2480011411,2480014645,6277,True,0,1,2480020922,189042,4,29.060185185185187,29.060185185185187,11481549.282407407,11481578.342592593
TelemetryTask,189044,189045,2481544752,2481547810,466325,True,1,1,2482014135,189048,4,2158.912037037037,2158.912037037037,11488647.268518519,11490806.180555556
UartTxTask,189047,189049,2482011737,2482016608,6240,True,0,1,2482022848,189051,4,28.88888888888889,28.88888888888889,11490817.629629629,11490846.518518519
UartTxTask,189053,189054,2482171912,2482175117,6267,True,0,1,2482181384,189056,4,29.01388888888889,29.01388888888889,11491551.467592593,11491580.481481481
TelemetryTask,189058,189059,2483704718,2483707716,466222,True,1,1,2484173938,189062,4,2158.435185185185,2158.435185185185,11498646.833333334,11500805.268518519
UartTxTask,189061,189063,2484171623,2484176404,6228,True,0,1,2484182632,189065,4,28.833333333333332,28.833333333333332,11500816.685185185,11500845.518518519
UartTxTask,189067,189068,2484331722,2484334994,6263,True,0,1,2484341257,189070,4,28.99537037037037,28.99537037037037,11501550.898148147,11501579.893518519
TelemetryTask,189072,189073,2485864758,2485867858,466037,True,1,1,2486333895,189076,4,2157.578703703704,2157.578703703704,11508647.49074074,11510805.069444444
UartTxTask,189075,189077,2486331619,2486336321,6173,True,0,1,2486342494,189079,4,28.578703703703702,28.578703703703702,11510816.300925925,11510844.879629629
UartTxTask,189081,189082,2486491560,2486494762,6244,True,0,1,2486501006,189084,4,28.90740740740741,28.90740740740741,11511549.824074075,11511578.731481481
TelemetryTask,189086,189087,2488024761,2488027785,466425,True,1,1,2488494210,189090,4,2159.375,2159.375,11518647.152777778,11520806.527777778
UartTxTask,189089,189091,2488491860,2488496670,6160,True,0,1,2488502830,189093,4,28.51851851851852,28.51851851851852,11520817.916666666,11520846.435185185
UartTxTask,189095,189096,2488651942,2488655126,6248,True,0,1,2488661374,189098,4,28.925925925925927,28.925925925925927,11521551.50925926,11521580.435185185
TelemetryTask,189100,189101,2490184763,2490187833,466368,True,1,1,2490654201,189104,4,2159.1111111111113,2159.1111111111113,11528647.375,11530806.486111112
UartTxTask,189103,189105,2490651800,2490656632,6207,True,0,1,2490662839,189107,4,28.73611111111111,28.73611111111111,11530817.74074074,11530846.476851853
UartTxTask,189109,189110,2490811819,2490815045,6230,True,0,1,2490821275,189112,4,28.84259259259259,28.84259259259259,11531551.13425926,11531579.976851853
TelemetryTask,189114,189115,2492344739,2492347757,466358,True,1,1,2492814115,189118,4,2159.064814814815,2159.064814814815,11538647.023148147,11540806.087962963
UartTxTask,189117,189119,2492811742,2492816597,6271,True,0,1,2492822868,189121,4,29.03240740740741,29.03240740740741,11540817.578703703,11540846.611111112
UartTxTask,189123,189124,2492971925,2492975116,6275,True,0,1,2492981391,189126,4,29.050925925925927,29.050925925925927,11541551.462962963,11541580.513888888
TelemetryTask,189128,189129,2494504734,2494507775,465971,True,1,1,2494973746,189132,4,2157.2731481481483,2157.2731481481483,11548647.106481481,11550804.379629629
UartTxTask,189131,189133,2494971407,2494976154,6182,True,0,1,2494982336,189135,4,28.62037037037037,28.62037037037037,11550815.527777778,11550844.148148147
UartTxTask,189137,189138,2495131374,2495134511,6237,True,0,1,2495140748,189140,4,28.875,28.875,11551548.662037037,11551577.537037037
TelemetryTask,189142,189143,2496664723,2496667705,466235,True,1,1,2497133940,189146,4,2158.4953703703704,2158.4953703703704,11558646.782407407,11560805.277777778
UartTxTask,189145,189147,2497131582,2497136400,6223,True,0,1,2497142623,189149,4,28.810185185185187,28.810185185185187,11560816.666666666,11560845.476851853
UartTxTask,189151,189152,2497291658,2497294777,6191,True,0,1,2497300968,189154,4,28.662037037037038,28.662037037037038,11561549.893518519,11561578.555555556
TelemetryTask,189156,189157,2498824756,2498827818,466188,True,1,1,2499294006,189160,4,2158.277777777778,2158.277777777778,11568647.305555556,11570805.583333334
UartTxTask,189159,189161,2499291617,2499296453,6218,True,0,1,2499302671,189163,4,28.787037037037038,28.787037037037038,11570816.912037037,11570845.699074075
UartTxTask,189165,189166,2499451669,2499454809,6290,True,0,1,2499461099,189168,4,29.12037037037037,29.12037037037037,11571550.041666666,11571579.162037037
ButtonTask,189172,189174,2500493688,2500496976,29525,True,1,1,2500526501,189178,4,136.6898148148148,136.6898148148148,11576374.888888888,11576511.578703703
UartTxTask,189177,189179,2500522898,2500529264,6232,True,0,1,2500535496,189181,4,28.85185185185185,28.85185185185185,11576524.370370371,11576553.222222222
UartTxTask,189183,189184,2500684631,2500686618,6293,True,0,1,2500692911,189186,4,29.13425925925926,29.13425925925926,11577252.861111112,11577281.995370371
TelemetryTask,189188,189189,2500984793,2500987815,466220,True,1,1,2501454035,189192,4,2158.425925925926,2158.425925925926,11578647.291666666,11580805.717592593
UartTxTask,189191,189193,2501451698,2501456452,6137,True,0,1,2501462589,189195,4,28.412037037037038,28.412037037037038,11580816.907407407,11580845.319444444
UartTxTask,189197,189198,2501611648,2501614754,6337,True,0,1,2501621091,189200,4,29.337962962962962,29.337962962962962,11581549.787037037,11581579.125
TelemetryTask,189202,189203,2503144767,2503147828,466183,True,1,1,2503614011,189206,4,2158.2546296296296,2158.2546296296296,11588647.351851853,11590805.606481481
UartTxTask,189205,189207,2503611706,2503616449,6150,True,0,1,2503622599,189209,4,28.47222222222222,28.47222222222222,11590816.893518519,11590845.36574074
UartTxTask,189211,189212,2503771710,2503774879,6250,True,0,1,2503781129,189214,4,28.935185185185187,28.935185185185187,11591550.36574074,11591579.300925925
TelemetryTask,189216,189217,2505304749,2505307733,466194,True,1,1,2505773927,189220,4,2158.3055555555557,2158.3055555555557,11598646.912037037,11600805.217592593
UartTxTask,189219,189221,2505771659,2505776393,6312,True,0,1,2505782705,189223,4,29.22222222222222,29.22222222222222,11600816.63425926,11600845.856481481
UartTxTask,189225,189226,2505931804,2505934972,6225,True,0,1,2505941197,189228,4,28.819444444444443,28.819444444444443,11601550.796296297,11601579.61574074
TelemetryTask,189230,189231,2507464754,2507467786,465965,True,1,1,2507933751,189234,4,2157.2453703703704,2157.2453703703704,11608647.157407407,11610804.402777778
UartTxTask,189233,189235,2507931388,2507936250,6230,True,0,1,2507942480,189237,4,28.84259259259259,28.84259259259259,11610815.972222222,11610844.814814815
UartTxTask,189239,189240,2508091562,2508094822,6281,True,0,1,2508101103,189242,4,29.078703703703702,29.078703703703702,11611550.101851853,11611579.180555556
TelemetryTask,189244,189245,2509624713,2509627727,465952,True,1,1,2510093679,189248,4,2157.185185185185,2157.185185185185,11618646.88425926,11620804.069444444
UartTxTask,189247,189249,2510091342,2510096074,6155,True,0,1,2510102229,189251,4,28.49537037037037,28.49537037037037,11620815.157407407,11620843.652777778
UartTxTask,189253,189254,2510251279,2510254417,6273,True,0,1,2510260690,189256,4,29.041666666666668,29.041666666666668,11621548.226851853,11621577.268518519
TelemetryTask,189258,189259,2511784748,2511787856,466255,True,1,1,2512254111,189262,4,2158.587962962963,2158.587962962963,11628647.481481481,11630806.069444444
UartTxTask,189261,189263,2512251744,2512256456,6126,True,0,1,2512262582,189265,4,28.36111111111111,28.36111111111111,11630816.925925925,11630845.287037037
UartTxTask,189267,189268,2512411716,2512414897,6264,True,0,1,2512421161,189270,4,29.0,29.0,11631550.449074075,11631579.449074075
TelemetryTask,189272,189273,2513944720,2513947797,466030,True,1,1,2514413827,189276,4,2157.546296296296,2157.546296296296,11638647.208333334,11640804.754629629
UartTxTask,189275,189277,2514411477,2514416255,6141,True,0,1,2514422396,189279,4,28.430555555555557,28.430555555555557,11640815.995370371,11640844.425925925
UartTxTask,189281,189282,2514571457,2514574634,6327,True,0,1,2514580961,189284,4,29.291666666666668,29.291666666666668,11641549.231481481,11641578.523148147
TelemetryTask,189286,189287,2516104735,2516107787,466056,True,1,1,2516573843,189290,4,2157.6666666666665,2157.6666666666665,11648647.162037037,11650804.828703703
UartTxTask,189289,189291,2516571530,2516576312,6145,True,0,1,2516582457,189293,4,28.449074074074073,28.449074074074073,11650816.25925926,11650844.708333334
UartTxTask,189295,189296,2516731546,2516734705,6208,True,0,1,2516740913,189298,4,28.74074074074074,28.74074074074074,11651549.560185185,11651578.300925925
TelemetryTask,189300,189301,2518264739,2518267762,465963,True,1,1,2518733725,189304,4,2157.2361111111113,2157.2361111111113,11658647.046296297,11660804.282407407
UartTxTask,189303,189305,2518731444,2518736182,6205,True,0,1,2518742387,189307,4,28.72685185185185,28.72685185185185,11660815.657407407,11660844.38425926
UartTxTask,189309,189310,2518891432,2518894626,6285,True,0,1,2518900911,189312,4,29.09722222222222,29.09722222222222,11661549.194444444,11661578.291666666
TelemetryTask,189314,189315,2520424726,2520427813,466169,True,1,1,2520893982,189318,4,2158.189814814815,2158.189814814815,11668647.282407407,11670805.472222222
UartTxTask,189317,189319,2520891627,2520896429,6182,True,0,1,2520902611,189321,4,28.62037037037037,28.62037037037037,11670816.800925925,11670845.421296297
UartTxTask,189323,189324,2521051610,2521054833,6254,True,0,1,2521061087,189326,4,28.953703703703702,28.953703703703702,11671550.152777778,11671579.106481481
TelemetryTask,189328,189329,2522584749,2522587784,466180,True,1,1,2523053964,189332,4,2158.240740740741,2158.240740740741,11678647.148148147,11680805.388888888
UartTxTask,189331,189333,2523051659,2523056385,6211,True,0,1,2523062596,189335,4,28.75462962962963,28.75462962962963,11680816.597222222,11680845.351851853
UartTxTask,189337,189338,2523211633,2523214760,6334,True,0,1,2523221094,189340,4,29.324074074074073,29.324074074074073,11681549.814814815,11681579.138888888
TelemetryTask,189342,189343,2524744738,2524747761,465995,True,1,1,2525213756,189346,4,2157.384259259259,2157.384259259259,11688647.041666666,11690804.425925925
UartTxTask,189345,189347,2525211494,2525216227,6178,True,0,1,2525222405,189349,4,28.60185185185185,28.60185185185185,11690815.86574074,11690844.467592593
UartTxTask,189351,189352,2525371591,2525374769,6261,True,0,1,2525381030,189354,4,28.98611111111111,28.98611111111111,11691549.856481481,11691578.842592593
TelemetryTask,189356,189357,2526904721,2526907811,466047,True,1,1,2527373858,189360,4,2157.625,2157.625,11698647.273148147,11700804.898148147
UartTxTask,189359,189361,2527371507,2527376337,6230,True,0,1,2527382567,189363,4,28.84259259259259,28.84259259259259,11700816.375,11700845.217592593
UartTxTask,189365,189366,2527531700,2527534899,6138,True,0,1,2527541037,189368,4,28.416666666666668,28.416666666666668,11701550.458333334,11701578.875
TelemetryTask,189370,189371,2529064732,2529067781,466268,True,1,1,2529534049,189374,4,2158.6481481481483,2158.6481481481483,11708647.13425926,11710805.782407407
UartTxTask,189373,189375,2529531717,2529536482,6119,True,0,1,2529542601,189377,4,28.328703703703702,28.328703703703702,11710817.046296297,11710845.375
UartTxTask,189379,189380,2529691723,2529694981,6322,True,0,1,2529701303,189382,4,29.26851851851852,29.26851851851852,11711550.837962963,11711580.106481481
TelemetryTask,189384,189385,2531224719,2531227705,466109,True,1,1,2531693814,189388,4,2157.912037037037,2157.912037037037,11718646.782407407,11720804.694444444
UartTxTask,189387,189389,2531691532,2531696241,6242,True,0,1,2531702483,189391,4,28.89814814814815,28.89814814814815,11720815.930555556,11720844.828703703
UartTxTask,189393,189394,2531851475,2531854735,6279,True,0,1,2531861014,189396,4,29.069444444444443,29.069444444444443,11721549.699074075,11721578.768518519
TelemetryTask,189398,189399,2533384725,2533387735,466197,True,1,1,2533853932,189402,4,2158.3194444444443,2158.3194444444443,11728646.921296297,11730805.24074074
UartTxTask,189401,189403,2533851557,2533856391,6203,True,0,1,2533862594,189405,4,28.71759259259259,28.71759259259259,11730816.625,11730845.342592593
UartTxTask,189407,189408,2534011689,2534014872,6216,True,0,1,2534021088,189410,4,28.77777777777778,28.77777777777778,11731550.333333334,11731579.111111112
TelemetryTask,189412,189413,2535544732,2535547810,473140,True,1,1,2536027512,189420,4,2220.8425925925926,2190.462962962963,11738647.268518519,11740868.111111112
ButtonTask,189416,189421,2535751993,2536029678,26517,True,1,1,2536056195,189424,4,122.76388888888889,122.76388888888889,11740878.138888888,11741000.902777778
UartTxTask,189419,189425,2536025138,2536058998,9045,True,0,1,2536068043,189427,4,41.875,41.875,11741013.879629629,11741055.754629629
UartTxTask,189429,189430,2536217102,2536219056,8768,True,0,1,2536227824,189433,4,40.592592592592595,40.592592592592595,11741754.888888888,11741795.481481481
UartTxTask,189435,189436,2536376951,2536379004,7055,True,0,1,2536386059,189438,4,32.66203703703704,32.66203703703704,11742495.388888888,11742528.050925925
TelemetryTask,189440,189441,2537704742,2537707657,466049,True,1,1,2538173706,189444,4,2157.634259259259,2157.634259259259,11748646.560185185,11750804.194444444
UartTxTask,189443,189445,2538171406,2538176169,6146,True,0,1,2538182315,189447,4,28.453703703703702,28.453703703703702,11750815.597222222,11750844.050925925
UartTxTask,189449,189450,2538331368,2538334535,6177,True,0,1,2538340712,189452,4,28.59722222222222,28.59722222222222,11751548.773148147,11751577.370370371
TelemetryTask,189454,189455,2539864757,2539867757,465798,True,1,1,2540333555,189458,4,2156.472222222222,2156.472222222222,11758647.023148147,11760803.495370371
UartTxTask,189457,189459,2540331256,2540336011,6189,True,0,1,2540342200,189461,4,28.65277777777778,28.65277777777778,11760814.86574074,11760843.518518519
UartTxTask,189463,189464,2540491312,2540494523,6146,True,0,1,2540500669,189466,4,28.453703703703702,28.453703703703702,11761548.717592593,11761577.171296297
TelemetryTask,189468,189469,2542024713,2542027764,466111,True,1,1,2542493875,189472,4,2157.921296296296,2157.921296296296,11768647.055555556,11770804.976851853
UartTxTask,189471,189473,2542491574,2542496354,6204,True,0,1,2542502558,189475,4,28.72222222222222,28.72222222222222,11770816.453703703,11770845.175925925
UartTxTask,189477,189478,2542651683,2542654874,6234,True,0,1,2542661108,189480,4,28.86111111111111,28.86111111111111,11771550.342592593,11771579.203703703
TelemetryTask,189482,189483,2544184739,2544187738,466118,True,1,1,2544653856,189486,4,2157.953703703704,2157.953703703704,11778646.935185185,11780804.888888888
UartTxTask,189485,189487,2544651559,2544656304,6255,True,0,1,2544662559,189489,4,28.958333333333332,28.958333333333332,11780816.222222222,11780845.180555556
UartTxTask,189491,189492,2544811558,2544814771,6264,True,0,1,2544821035,189494,4,29.0,29.0,11781549.86574074,11781578.86574074
TelemetryTask,189496,189497,2546344725,2546347759,466034,True,1,1,2546813793,189500,4,2157.564814814815,2157.564814814815,11788647.032407407,11790804.597222222
UartTxTask,189499,189501,2546811423,2546816246,6161,True,0,1,2546822407,189503,4,28.52314814814815,28.52314814814815,11790815.953703703,11790844.476851853
UartTxTask,189505,189506,2546971523,2546974666,6277,True,0,1,2546980943,189508,4,29.060185185185187,29.060185185185187,11791549.379629629,11791578.439814815
TelemetryTask,189510,189511,2548504717,2548507785,466240,True,1,1,2548974025,189514,4,2158.5185185185187,2158.5185185185187,11798647.152777778,11800805.671296297
UartTxTask,189513,189515,2548971699,2548976550,6258,True,0,1,2548982808,189517,4,28.97222222222222,28.97222222222222,11800817.361111112,11800846.333333334
UartTxTask,189519,189520,2549131815,2549134993,6366,True,0,1,2549141359,189522,4,29.47222222222222,29.47222222222222,11801550.893518519,11801580.36574074
TelemetryTask,189524,189525,2550664764,2550667844,466749,True,1,1,2551134593,189528,4,2160.875,2160.875,11808647.425925925,11810808.300925925
UartTxTask,189527,189529,2551132234,2551137084,6189,True,0,1,2551143273,189531,4,28.65277777777778,28.65277777777778,11810819.833333334,11810848.486111112
UartTxTask,189533,189534,2551292383,2551295552,6280,True,0,1,2551301832,189536,4,29.074074074074073,29.074074074074073,11811553.481481481,11811582.555555556
TelemetryTask,189538,189539,2552824763,2552827842,466047,True,1,1,2553293889,189542,4,2157.625,2157.625,11818647.416666666,11820805.041666666
UartTxTask,189541,189543,2553291512,2553296392,6219,True,0,1,2553302611,189545,4,28.791666666666668,28.791666666666668,11820816.629629629,11820845.421296297
UartTxTask,189547,189548,2553451770,2553454995,6195,True,0,1,2553461190,189550,4,28.680555555555557,28.680555555555557,11821550.902777778,11821579.583333334
TelemetryTask,189552,189553,2554984743,2554987639,466216,True,1,1,2555453855,189556,4,2158.4074074074074,2158.4074074074074,11828646.476851853,11830804.88425926
UartTxTask,189555,189557,2555451519,2555456314,6179,True,0,1,2555462493,189559,4,28.60648148148148,28.60648148148148,11830816.268518519,11830844.875
UartTxTask,189561,189562,2555611645,2555614796,6183,True,0,1,2555620979,189564,4,28.625,28.625,11831549.981481481,11831578.606481481
TelemetryTask,189566,189567,2557144722,2557147715,466138,True,1,1,2557613853,189570,4,2158.046296296296,2158.046296296296,11838646.828703703,11840804.875
UartTxTask,189569,189571,2557611524,2557616275,6129,True,0,1,2557622404,189573,4,28.375,28.375,11840816.087962963,11840844.462962963
UartTxTask,189575,189576,2557771566,2557774739,6193,True,0,1,2557780932,189578,4,28.671296296296298,28.671296296296298,11841549.717592593,11841578.388888888
TelemetryTask,189580,189581,2559304760,2559307856,466170,True,1,1,2559774026,189584,4,2158.1944444444443,2158.1944444444443,11848647.481481481,11850805.675925925
UartTxTask,189583,189585,2559771652,2559776482,6219,True,0,1,2559782701,189587,4,28.791666666666668,28.791666666666668,11850817.046296297,11850845.837962963
UartTxTask,189589,189590,2559931817,2559934968,6294,True,0,1,2559941262,189592,4,29.13888888888889,29.13888888888889,11851550.777777778,11851579.916666666
TelemetryTask,189594,189595,2561464715,2561467779,466104,True,1,1,2561933883,189598,4,2157.8888888888887,2157.8888888888887,11858647.125,11860805.013888888
UartTxTask,189597,189599,2561931592,2561936289,6180,True,0,1,2561942469,189601,4,28.61111111111111,28.61111111111111,11860816.152777778,11860844.763888888
UartTxTask,189603,189604,2562091476,2562094631,6252,True,0,1,2562100883,189606,4,28.944444444444443,28.944444444444443,11861549.217592593,11861578.162037037
TelemetryTask,189608,189609,2563624748,2563627760,466042,True,1,1,2564093802,189612,4,2157.6018518518517,2157.6018518518517,11868647.037037037,11870804.638888888
UartTxTask,189611,189613,2564091459,2564096236,6209,True,0,1,2564102445,189615,4,28.74537037037037,28.74537037037037,11870815.907407407,11870844.652777778
UartTxTask,189617,189618,2564251546,2564254719,6253,True,0,1,2564260972,189620,4,28.949074074074073,28.949074074074073,11871549.625,11871578.574074075
TelemetryTask,189622,189623,2565784767,2565787809,466080,True,1,1,2566253889,189626,4,2157.777777777778,2157.777777777778,11878647.263888888,11880805.041666666
UartTxTask,189625,189627,2566251587,2566256385,6180,True,0,1,2566262565,189629,4,28.61111111111111,28.61111111111111,11880816.597222222,11880845.208333334
UartTxTask,189631,189632,2566411748,2566414920,6182,True,0,1,2566421102,189634,4,28.62037037037037,28.62037037037037,11881550.555555556,11881579.175925925
TelemetryTask,189636,189637,2567944707,2567947785,465941,True,1,1,2568413726,189640,4,2157.134259259259,2157.134259259259,11888647.152777778,11890804.287037037
UartTxTask,189639,189641,2568411335,2568416191,6270,True,0,1,2568422461,189643,4,29.02777777777778,29.02777777777778,11890815.699074075,11890844.726851853
UartTxTask,189645,189646,2568571473,2568574656,6261,True,0,1,2568580917,189648,4,28.98611111111111,28.98611111111111,11891549.333333334,11891578.319444444
TelemetryTask,189650,189651,2570104732,2570107746,465848,True,1,1,2570573594,189654,4,2156.703703703704,2156.703703703704,11898646.972222222,11900803.675925925
UartTxTask,189653,189655,2570571309,2570576044,6248,True,0,1,2570582292,189657,4,28.925925925925927,28.925925925925927,11900815.018518519,11900843.944444444
UartTxTask,189659,189660,2570731244,2570734388,6177,True,0,1,2570740565,189662,4,28.59722222222222,28.59722222222222,11901548.092592593,11901576.689814815
ButtonTask,189666,189668,2571482727,2571486076,30026,True,1,1,2571516102,189672,4,139.00925925925927,139.00925925925927,11905028.129629629,11905167.138888888
UartTxTask,189671,189673,2571512489,2571518867,6260,True,0,1,2571525127,189675,4,28.98148148148148,28.98148148148148,11905179.939814815,11905208.921296297
UartTxTask,189677,189678,2571674178,2571676084,6335,True,0,1,2571682419,189680,4,29.328703703703702,29.328703703703702,11905907.796296297,11905937.125
TelemetryTask,189682,189683,2572264751,2572267802,466031,True,1,1,2572733833,189686,4,2157.550925925926,2157.550925925926,11908647.231481481,11910804.782407407
UartTxTask,189685,189687,2572731510,2572736239,6133,True,0,1,2572742372,189689,4,28.39351851851852,28.39351851851852,11910815.921296297,11910844.314814815
UartTxTask,189691,189692,2572891465,2572894690,6278,True,0,1,2572900968,189694,4,29.064814814814813,29.064814814814813,11911549.49074074,11911578.555555556
TelemetryTask,189696,189697,2574424715,2574427720,466265,True,1,1,2574893985,189700,4,2158.634259259259,2158.634259259259,11918646.851851853,11920805.486111112
UartTxTask,189699,189701,2574891670,2574896460,6142,True,0,1,2574902602,189703,4,28.435185185185187,28.435185185185187,11920816.944444444,11920845.379629629
UartTxTask,189705,189706,2575051653,2575054860,6270,True,0,1,2575061130,189708,4,29.02777777777778,29.02777777777778,11921550.277777778,11921579.305555556
TelemetryTask,189710,189711,2576584740,2576587718,466129,True,1,1,2577053847,189714,4,2158.0046296296296,2158.0046296296296,11928646.842592593,11930804.847222222
UartTxTask,189713,189715,2577051500,2577056254,6107,True,0,1,2577062361,189717,4,28.27314814814815,28.27314814814815,11930815.99074074,11930844.263888888
UartTxTask,189719,189720,2577211518,2577214674,6253,True,0,1,2577220927,189722,4,28.949074074074073,28.949074074074073,11931549.416666666,11931578.36574074
TelemetryTask,189724,189725,2578744731,2578747769,466101,True,1,1,2579213870,189728,4,2157.875,2157.875,11938647.078703703,11940804.953703703
UartTxTask,189727,189729,2579211594,2579216294,6246,True,0,1,2579222540,189731,4,28.916666666666668,28.916666666666668,11940816.175925925,11940845.092592593
UartTxTask,189733,189734,2579371654,2579374855,6174,True,0,1,2579381029,189736,4,28.583333333333332,28.583333333333332,11941550.254629629,11941578.837962963
TelemetryTask,189738,189739,2580904706,2580907753,466045,True,1,1,2581373798,189742,4,2157.615740740741,2157.615740740741,11948647.004629629,11950804.620370371
UartTxTask,189741,189743,2581371522,2581376229,6278,True,0,1,2581382507,189745,4,29.064814814814813,29.064814814814813,11950815.875,11950844.939814815
UartTxTask,189747,189748,2581531483,2581534733,6315,True,0,1,2581541048,189750,4,29.23611111111111,29.23611111111111,11951549.689814815,11951578.925925925
TelemetryTask,189752,189753,2583064718,2583067754,466176,True,1,1,2583533930,189756,4,2158.222222222222,2158.222222222222,11958647.00925926,11960805.231481481
UartTxTask,189755,189757,2583531574,2583536395,6170,True,0,1,2583542565,189759,4,28.564814814814813,28.564814814814813,11960816.643518519,11960845.208333334
UartTxTask,189761,189762,2583691685,2583694899,6243,True,0,1,2583701142,189764,4,28.90277777777778,28.90277777777778,11961550.458333334,11961579.361111112
TelemetryTask,189766,189767,2585224752,2585227818,466220,True,1,1,2585694038,189770,4,2158.425925925926,2158.425925925926,11968647.305555556,11970805.731481481
UartTxTask,189769,189771,2585691680,2585696505,6162,True,0,1,2585702667,189773,4,28.52777777777778,28.52777777777778,11970817.152777778,11970845.680555556
UartTxTask,189775,189776,2585851801,2585854966,6291,True,0,1,2585861257,189778,4,29.125,29.125,11971550.768518519,11971579.893518519
TelemetryTask,189780,189781,2587384770,2587387811,465939,True,1,1,2587853750,189784,4,2157.125,2157.125,11978647.273148147,11980804.398148147
UartTxTask,189783,189785,2587851476,2587856189,6276,True,0,1,2587862465,189787,4,29.055555555555557,29.055555555555557,11980815.689814815,11980844.745370371
UartTxTask,189789,189790,2588011507,2588014677,6216,True,0,1,2588020893,189792,4,28.77777777777778,28.77777777777778,11981549.430555556,11981578.208333334
TelemetryTask,189794,189795,2589544740,2589547731,466180,True,1,1,2590013911,189798,4,2158.240740740741,2158.240740740741,11988646.902777778,11990805.143518519
UartTxTask,189797,189799,2590011599,2590016377,6127,True,0,1,2590022504,189801,4,28.36574074074074,28.36574074074074,11990816.560185185,11990844.925925925
UartTxTask,189803,189804,2590171660,2590174794,6262,True,0,1,2590181056,189806,4,28.99074074074074,28.99074074074074,11991549.972222222,11991578.962962963
TelemetryTask,189808,189809,2591704767,2591707837,466068,True,1,1,2592173905,189812,4,2157.722222222222,2157.722222222222,11998647.393518519,12000805.11574074
UartTxTask,189811,189813,2592171533,2592176421,6103,True,0,1,2592182524,189815,4,28.25462962962963,28.25462962962963,12000816.763888888,12000845.018518519
UartTxTask,189817,189818,2592331669,2592334803,6273,True,0,1,2592341076,189820,4,29.041666666666668,29.041666666666668,12001550.013888888,12001579.055555556
TelemetryTask,189822,189823,2593864713,2593867693,466141,True,1,1,2594333834,189826,4,2158.060185185185,2158.060185185185,12008646.726851853,12010804.787037037
UartTxTask,189825,189827,2594331484,2594336317,6167,True,0,1,2594342484,189829,4,28.550925925925927,28.550925925925927,12010816.282407407,12010844.833333334
UartTxTask,189831,189832,2594491594,2594494767,6356,True,0,1,2594501123,189834,4,29.425925925925927,29.425925925925927,12011549.847222222,12011579.273148147
TelemetryTask,189836,189837,2596024722,2596027703,466086,True,1,1,2596493789,189840,4,2157.8055555555557,2157.8055555555557,12018646.773148147,12020804.578703703
UartTxTask,189839,189841,2596491441,2596496245,6415,True,0,1,2596502660,189843,4,29.699074074074073,29.699074074074073,12020815.949074075,12020845.648148147
UartTxTask,189845,189846,2596651669,2596654860,6287,True,0,1,2596661147,189848,4,29.10648148148148,29.10648148148148,12021550.277777778,12021579.38425926
TelemetryTask,189850,189851,2598184764,2598187778,466214,True,1,1,2598653992,189854,4,2158.3981481481483,2158.3981481481483,12028647.120370371,12030805.518518519
UartTxTask,189853,189855,2598651657,2598656413,6135,True,0,1,2598662548,189857,4,28.40277777777778,28.40277777777778,12030816.726851853,12030845.129629629
UartTxTask,189859,189860,2598811583,2598814754,6156,True,0,1,2598820910,189862,4,28.5,28.5,12031549.787037037,12031578.287037037
TelemetryTask,189864,189865,2600344759,2600347759,466000,True,1,1,2600813759,189868,4,2157.4074074074074,2157.4074074074074,12038647.032407407,12040804.439814815
UartTxTask,189867,189869,2600811477,2600816193,6177,True,0,1,2600822370,189871,4,28.59722222222222,28.59722222222222,12040815.708333334,12040844.305555556
UartTxTask,189873,189874,2600971502,2600974701,6230,True,0,1,2600980931,189876,4,28.84259259259259,28.84259259259259,12041549.541666666,12041578.38425926
TelemetryTask,189878,189879,2602504704,2602507811,466021,True,1,1,2602973832,189882,4,2157.5046296296296,2157.5046296296296,12048647.273148147,12050804.777777778
UartTxTask,189881,189883,2602971549,2602976291,6129,True,0,1,2602982420,189885,4,28.375,28.375,12050816.162037037,12050844.537037037
UartTxTask,189887,189888,2603131562,2603134816,6333,True,0,1,2603141149,189890,4,29.319444444444443,29.319444444444443,12051550.074074075,12051579.393518519
TelemetryTask,189892,189893,2604664713,2604667769,465984,True,1,1,2605133753,189896,4,2157.3333333333335,2157.3333333333335,12058647.078703703,12060804.412037037
UartTxTask,189895,189897,2605131436,2605136203,6129,True,0,1,2605142332,189899,4,28.375,28.375,12060815.754629629,12060844.129629629
UartTxTask,189901,189902,2605291487,2605294632,6302,True,0,1,2605300934,189904,4,29.175925925925927,29.175925925925927,12061549.222222222,12061578.398148147
TelemetryTask,189906,189907,2606824769,2606827790,465992,True,1,1,2607293782,189910,4,2157.3703703703704,2157.3703703703704,12068647.175925925,12070804.546296297
UartTxTask,189909,189911,2607291455,2607296211,6106,True,0,1,2607302317,189913,4,28.26851851851852,28.26851851851852,12070815.791666666,12070844.060185185
UartTxTask,189915,189916,2607451399,2607454608,6319,True,0,1,2607460927,189918,4,29.25462962962963,29.25462962962963,12071549.111111112,12071578.36574074
TelemetryTask,189920,189921,2608984734,2608987730,466108,True,1,1,2609453838,189924,4,2157.9074074074074,2157.9074074074074,12078646.898148147,12080804.805555556
UartTxTask,189923,189925,2609451466,2609456365,6163,True,0,1,2609462528,189927,4,28.53240740740741,28.53240740740741,12080816.504629629,12080845.037037037
UartTxTask,189929,189930,2609611656,2609614813,6207,True,0,1,2609621020,189932,4,28.73611111111111,28.73611111111111,12081550.060185185,12081578.796296297
TelemetryTask,189934,189935,2611144751,2611147852,465855,True,1,1,2611613707,189938,4,2156.7361111111113,2156.7361111111113,12088647.462962963,12090804.199074075
UartTxTask,189937,189939,2611611366,2611616167,6161,True,0,1,2611622328,189941,4,28.52314814814815,28.52314814814815,12090815.587962963,12090844.111111112
UartTxTask,189943,189944,2611771426,2611774533,6255,True,0,1,2611780788,189946,4,28.958333333333332,28.958333333333332,12091548.763888888,12091577.722222222
TelemetryTask,189948,189949,2613304769,2613307791,466268,True,1,1,2613774059,189952,4,2158.6481481481483,2158.6481481481483,12098647.180555556,12100805.828703703
UartTxTask,189951,189953,2613771728,2613776512,6192,True,0,1,2613782704,189955,4,28.666666666666668,28.666666666666668,12100817.185185185,12100845.851851853
UartTxTask,189957,189958,2613931768,2613934987,6197,True,0,1,2613941184,189960,4,28.689814814814813,28.689814814814813,12101550.86574074,12101579.555555556
TelemetryTask,189962,189963,2615464721,2615467791,466205,True,1,1,2615933996,189966,4,2158.3564814814813,2158.3564814814813,12108647.180555556,12110805.537037037
UartTxTask,189965,189967,2615931713,2615936478,6267,True,0,1,2615942745,189969,4,29.01388888888889,29.01388888888889,12110817.027777778,12110846.041666666
UartTxTask,189971,189972,2616091785,2616094911,6246,True,0,1,2616101157,189974,4,28.916666666666668,28.916666666666668,12111550.513888888,12111579.430555556
TelemetryTask,189976,189977,2617624742,2617627760,465905,True,1,1,2618093665,189980,4,2156.9675925925926,2156.9675925925926,12118647.037037037,12120804.004629629
UartTxTask,189979,189981,2618091374,2618096109,6150,True,0,1,2618102259,189983,4,28.47222222222222,28.47222222222222,12120815.319444444,12120843.791666666
UartTxTask,189985,189986,2618251317,2618254461,6286,True,0,1,2618260747,189988,4,29.10185185185185,29.10185185185185,12121548.430555556,12121577.532407407
TelemetryTask,189990,189991,2619784720,2619787797,466152,True,1,1,2620253949,189994,4,2158.1111111111113,2158.1111111111113,12128647.208333334,12130805.319444444
UartTxTask,189993,189995,2620251664,2620256409,6244,True,0,1,2620262653,189997,4,28.90740740740741,28.90740740740741,12130816.708333334,12130845.61574074
UartTxTask,189999,190000,2620411728,2620414934,6273,True,0,1,2620421207,190002,4,29.041666666666668,29.041666666666668,12131550.620370371,12131579.662037037
TelemetryTask,190004,190005,2621944730,2621947782,466221,True,1,1,2622414003,190008,4,2158.4305555555557,2158.4305555555557,12138647.138888888,12140805.569444444
UartTxTask,190007,190009,2622411627,2622416420,6270,True,0,1,2622422690,190011,4,29.02777777777778,29.02777777777778,12140816.75925926,12140845.787037037
UartTxTask,190013,190014,2622571822,2622574978,6266,True,0,1,2622581244,190016,4,29.00925925925926,29.00925925925926,12141550.824074075,12141579.833333334
TelemetryTask,190018,190019,2624104754,2624107821,466121,True,1,1,2624573942,190022,4,2157.9675925925926,2157.9675925925926,12148647.319444444,12150805.287037037
UartTxTask,190021,190023,2624571580,2624576408,6193,True,0,1,2624582601,190025,4,28.671296296296298,28.671296296296298,12150816.703703703,12150845.375
UartTxTask,190027,190028,2624731730,2624734881,6242,True,0,1,2624741123,190030,4,28.89814814814815,28.89814814814815,12151550.375,12151579.273148147
TelemetryTask,190032,190033,2626264741,2626267792,466105,True,1,1,2626733897,190036,4,2157.8935185185187,2157.8935185185187,12158647.185185185,12160805.078703703
UartTxTask,190035,190037,2626731498,2626736342,6223,True,0,1,2626742565,190039,4,28.810185185185187,28.810185185185187,12160816.398148147,12160845.208333334
UartTxTask,190041,190042,2626891634,2626894834,6353,True,0,1,2626901187,190044,4,29.412037037037038,29.412037037037038,12161550.157407407,12161579.569444444
TelemetryTask,190046,190047,2628424766,2628427808,466061,True,1,1,2628893869,190050,4,2157.689814814815,2157.689814814815,12168647.25925926,12170804.949074075
UartTxTask,190049,190051,2628891502,2628896305,6212,True,0,1,2628902517,190053,4,28.75925925925926,28.75925925925926,12170816.226851853,12170844.986111112
UartTxTask,190055,190056,2629051578,2629054649,6262,True,0,1,2629060911,190058,4,28.99074074074074,28.99074074074074,12171549.300925925,12171578.291666666
TelemetryTask,190060,190061,2630584744,2630587690,466074,True,1,1,2631053764,190064,4,2157.75,2157.75,12178646.712962963,12180804.462962963
UartTxTask,190063,190065,2631051448,2631056183,6274,True,0,1,2631062457,190067,4,29.046296296296298,29.046296296296298,12180815.662037037,12180844.708333334
UartTxTask,190069,190070,2631211576,2631214723,6236,True,0,1,2631220959,190072,4,28.87037037037037,28.87037037037037,12181549.643518519,12181578.513888888
TelemetryTask,190074,190075,2632744711,2632747725,465982,True,1,1,2633213707,190078,4,2157.324074074074,2157.324074074074,12188646.875,12190804.199074075
UartTxTask,190077,190079,2633211470,2633216146,6328,True,0,1,2633222474,190081,4,29.296296296296298,29.296296296296298,12190815.49074074,12190844.787037037
UartTxTask,190083,190084,2633371455,2633374656,6220,True,0,1,2633380876,190086,4,28.796296296296298,28.796296296296298,12191549.333333334,12191578.129629629
TelemetryTask,190088,190089,2634904748,2634907733,466394,True,1,1,2635374127,190092,4,2159.2314814814813,2159.2314814814813,12198646.912037037,12200806.143518519
UartTxTask,190091,190093,2635371745,2635376630,6338,True,0,1,2635382968,190095,4,29.34259259259259,29.34259259259259,12200817.731481481,12200847.074074075
UartTxTask,190097,190098,2635531995,2635535115,6280,True,0,1,2635541395,190100,4,29.074074074074073,29.074074074074073,12201551.458333334,12201580.532407407
TelemetryTask,190102,190103,2637064706,2637067734,466084,True,1,1,2637533818,190106,4,2157.796296296296,2157.796296296296,12208646.916666666,12210804.712962963
UartTxTask,190105,190107,2637531455,2637536328,6217,True,0,1,2637542545,190109,4,28.78240740740741,28.78240740740741,12210816.333333334,12210845.11574074
UartTxTask,190111,190112,2637691651,2637694814,6194,True,0,1,2637701008,190114,4,28.675925925925927,28.675925925925927,12211550.064814815,12211578.74074074
TelemetryTask,190116,190117,2639224731,2639227789,466191,True,1,1,2639693980,190120,4,2158.2916666666665,2158.2916666666665,12218647.171296297,12220805.462962963
UartTxTask,190119,190121,2639691611,2639696465,6208,True,0,1,2639702673,190123,4,28.74074074074074,28.74074074074074,12220816.967592593,12220845.708333334
UartTxTask,190125,190126,2639851720,2639854899,6360,True,0,1,2639861259,190128,4,29.444444444444443,29.444444444444443,12221550.458333334,12221579.902777778
TelemetryTask,190130,190131,2641384759,2641387808,466120,True,1,1,2641853928,190134,4,2157.962962962963,2157.962962962963,12228647.25925926,12230805.222222222
UartTxTask,190133,190135,2641851592,2641856424,6288,True,0,1,2641862712,190137,4,29.11111111111111,29.11111111111111,12230816.777777778,12230845.888888888
UartTxTask,190139,190140,2642011790,2642014986,6380,True,0,1,2642021366,190142,4,29.537037037037038,29.537037037037038,12231550.861111112,12231580.398148147
TelemetryTask,190144,190145,2643544742,2643547845,466175,True,1,1,2644014020,190148,4,2158.2175925925926,2158.2175925925926,12238647.430555556,12240805.648148147
UartTxTask,190147,190149,2644011679,2644016495,6291,True,0,1,2644022786,190151,4,29.125,29.125,12240817.106481481,12240846.231481481
UartTxTask,190153,190154,2644171775,2644174991,6160,True,0,1,2644181151,190156,4,28.51851851851852,28.51851851851852,12241550.88425926,12241579.402777778
TelemetryTask,190158,190159,2645704704,2645707826,465903,True,1,1,2646173729,190162,4,2156.9583333333335,2156.9583333333335,12248647.342592593,12250804.300925925
UartTxTask,190161,190163,2646171434,2646176148,6293,True,0,1,2646182441,190165,4,29.13425925925926,29.13425925925926,12250815.5,12250844.63425926
UartTxTask,190167,190168,2646331504,2646334606,6281,True,0,1,2646340887,190170,4,29.078703703703702,29.078703703703702,12251549.101851853,12251578.180555556
TelemetryTask,190172,190173,2647864739,2647867783,466079,True,1,1,2648333862,190176,4,2157.7731481481483,2157.7731481481483,12258647.143518519,12260804.916666666
UartTxTask,190175,190177,2648331525,2648336321,6365,True,0,1,2648342686,190179,4,29.46759259259259,29.46759259259259,12260816.300925925,12260845.768518519
UartTxTask,190181,190182,2648491771,2648494986,6311,True,0,1,2648501297,190184,4,29.21759259259259,29.21759259259259,12261550.861111112,12261580.078703703
TelemetryTask,190186,190187,2650024721,2650027764,466213,True,1,1,2650493977,190190,4,2158.3935185185187,2158.3935185185187,12268647.055555556,12270805.449074075
UartTxTask,190189,190191,2650491609,2650496407,6223,True,0,1,2650502630,190193,4,28.810185185185187,28.810185185185187,12270816.699074075,12270845.50925926
UartTxTask,190195,190196,2650651747,2650654863,6300,True,0,1,2650661163,190198,4,29.166666666666668,29.166666666666668,12271550.291666666,12271579.458333334
TelemetryTask,190200,190201,2652184702,2652187742,466072,True,1,1,2652653814,190204,4,2157.740740740741,2157.740740740741,12278646.953703703,12280804.694444444
UartTxTask,190203,190205,2652651507,2652656229,6164,True,0,1,2652662393,190207,4,28.537037037037038,28.537037037037038,12280815.875,12280844.412037037
UartTxTask,190209,190210,2652811449,2652814626,6149,True,0,1,2652820775,190212,4,28.46759259259259,28.46759259259259,12281549.194444444,12281577.662037037
TelemetryTask,190214,190215,2654344729,2654347671,466150,True,1,1,2654813821,190218,4,2158.1018518518517,2158.1018518518517,12288646.625,12290804.726851853
UartTxTask,190217,190219,2654811448,2654816303,6270,True,0,1,2654822573,190221,4,29.02777777777778,29.02777777777778,12290816.217592593,12290845.245370371
UartTxTask,190223,190224,2654971717,2654974892,6217,True,0,1,2654981109,190226,4,28.78240740740741,28.78240740740741,12291550.425925925,12291579.208333334
TelemetryTask,190228,190229,2656504755,2656507743,466106,True,1,1,2656973849,190232,4,2157.8981481481483,2157.8981481481483,12298646.958333334,12300804.856481481
UartTxTask,190231,190233,2656971533,2656976316,6158,True,0,1,2656982474,190235,4,28.50925925925926,28.50925925925926,12300816.277777778,12300844.787037037
UartTxTask,190237,190238,2657131583,2657134756,6281,True,0,1,2657141037,190240,4,29.078703703703702,29.078703703703702,12301549.796296297,12301578.875
TelemetryTask,190242,190243,2658664740,2658667756,466002,True,1,1,2659133758,190246,4,2157.4166666666665,2157.4166666666665,12308647.018518519,12310804.435185185
UartTxTask,190245,190247,2659131453,2659136179,6191,True,0,1,2659142370,190249,4,28.662037037037038,28.662037037037038,12310815.643518519,12310844.305555556
UartTxTask,190251,190252,2659291478,2659294659,6140,True,0,1,2659300799,190254,4,28.425925925925927,28.425925925925927,12311549.347222222,12311577.773148147
TelemetryTask,190256,190257,2660824756,2660827795,466094,True,1,1,2661293889,190260,4,2157.8425925925926,2157.8425925925926,12318647.199074075,12320805.041666666
UartTxTask,190259,190261,2661291513,2661296397,6108,True,0,1,2661302505,190263,4,28.27777777777778,28.27777777777778,12320816.652777778,12320844.930555556
UartTxTask,190265,190266,2661451576,2661454736,6216,True,0,1,2661460952,190268,4,28.77777777777778,28.77777777777778,12321549.703703703,12321578.481481481
TelemetryTask,190270,190271,2662984737,2662987693,466149,True,1,1,2663453842,190274,4,2158.097222222222,2158.097222222222,12328646.726851853,12330804.824074075
UartTxTask,190273,190275,2663451517,2663456346,6125,True,0,1,2663462471,190277,4,28.35648148148148,28.35648148148148,12330816.416666666,12330844.773148147
UartTxTask,190279,190280,2663611612,2663614813,6183,True,0,1,2663620996,190282,4,28.625,28.625,12331550.060185185,12331578.685185185
TelemetryTask,190284,190285,2665144731,2665147789,466195,True,1,1,2665613984,190288,4,2158.310185185185,2158.310185185185,12338647.171296297,12340805.481481481
UartTxTask,190287,190289,2665611591,2665616447,6132,True,0,1,2665622579,190291,4,28.38888888888889,28.38888888888889,12340816.88425926,12340845.273148147
UartTxTask,190293,190294,2665771685,2665774872,6307,True,0,1,2665781179,190296,4,29.199074074074073,29.199074074074073,12341550.333333334,12341579.532407407
TelemetryTask,190298,190299,2667304764,2667307756,466059,True,1,1,2667773815,190302,4,2157.6805555555557,2157.6805555555557,12348647.018518519,12350804.699074075
UartTxTask,190301,190303,2667771502,2667776229,6201,True,0,1,2667782430,190305,4,28.708333333333332,28.708333333333332,12350815.875,12350844.583333334
UartTxTask,190307,190308,2667931501,2667934660,6172,True,0,1,2667940832,190310,4,28.574074074074073,28.574074074074073,12351549.351851853,12351577.925925925
TelemetryTask,190312,190313,2669464719,2669467752,466102,True,1,1,2669933854,190316,4,2157.8796296296296,2157.8796296296296,12358647.0,12360804.879629629
UartTxTask,190315,190317,2669931513,2669936256,6133,True,0,1,2669942389,190319,4,28.39351851851852,28.39351851851852,12360816.0,12360844.393518519
UartTxTask,190321,190322,2670091540,2670094675,6261,True,0,1,2670100936,190324,4,28.98611111111111,28.98611111111111,12361549.421296297,12361578.407407407
TelemetryTask,190326,190327,2671624732,2671627744,466187,True,1,1,2672093931,190330,4,2158.2731481481483,2158.2731481481483,12368646.962962963,12370805.236111112
UartTxTask,190329,190331,2672091613,2672096378,6171,True,0,1,2672102549,190333,4,28.569444444444443,28.569444444444443,12370816.564814815,12370845.13425926
UartTxTask,190335,190336,2672251642,2672254857,6200,True,0,1,2672261057,190338,4,28.703703703703702,28.703703703703702,12371550.263888888,12371578.967592593
TelemetryTask,190340,190341,2673784740,2673787817,466075,True,1,1,2674253892,190344,4,2157.7546296296296,2157.7546296296296,12378647.300925925,12380805.055555556
UartTxTask,190343,190345,2674251587,2674256359,6127,True,0,1,2674262486,190347,4,28.36574074074074,28.36574074074074,12380816.476851853,12380844.842592593
UartTxTask,190349,190350,2674411626,2674414756,6221,True,0,1,2674420977,190352,4,28.800925925925927,28.800925925925927,12381549.796296297,12381578.597222222
TelemetryTask,190354,190355,2675944706,2675947730,466227,True,1,1,2676413957,190358,4,2158.4583333333335,2158.4583333333335,12388646.898148147,12390805.356481481
UartTxTask,190357,190359,2676411657,2676416422,6164,True,0,1,2676422586,190361,4,28.537037037037038,28.537037037037038,12390816.768518519,12390845.305555556
UartTxTask,190363,190364,2676571752,2676574945,6269,True,0,1,2676581214,190366,4,29.02314814814815,29.02314814814815,12391550.671296297,12391579.694444444
TelemetryTask,190368,190369,2678104734,2678107758,466226,True,1,1,2678573984,190372,4,2158.453703703704,2158.453703703704,12398647.027777778,12400805.481481481
UartTxTask,190371,190373,2678571628,2678576466,6102,True,0,1,2678582568,190375,4,28.25,28.25,12400816.972222222,12400845.222222222
UartTxTask,190377,190378,2678731625,2678734803,6241,True,0,1,2678741044,190380,4,28.89351851851852,28.89351851851852,12401550.013888888,12401578.907407407
TelemetryTask,190382,190383,2680264748,2680267772,466104,True,1,1,2680733876,190386,4,2157.8888888888887,2157.8888888888887,12408647.092592593,12410804.981481481
UartTxTask,190385,190387,2680731527,2680736300,6182,True,0,1,2680742482,190389,4,28.62037037037037,28.62037037037037,12410816.203703703,12410844.824074075
UartTxTask,190391,190392,2680891629,2680894837,6320,True,0,1,2680901157,190394,4,29.25925925925926,29.25925925925926,12411550.171296297,12411579.430555556
TelemetryTask,190396,190397,2682424751,2682427810,466101,True,1,1,2682893911,190400,4,2157.875,2157.875,12418647.268518519,12420805.143518519
UartTxTask,190399,190401,2682891566,2682896371,6326,True,0,1,2682902697,190403,4,29.287037037037038,29.287037037037038,12420816.532407407,12420845.819444444
UartTxTask,190405,190406,2683051746,2683054909,6292,True,0,1,2683061201,190408,4,29.12962962962963,29.12962962962963,12421550.504629629,12421579.63425926
TelemetryTask,190410,190411,2684584758,2684587781,466100,True,1,1,2685053881,190414,4,2157.8703703703704,2157.8703703703704,12428647.13425926,12430805.004629629
UartTxTask,190413,190415,2685051543,2685056344,6220,True,0,1,2685062564,190417,4,28.796296296296298,28.796296296296298,12430816.407407407,12430845.203703703
UartTxTask,190419,190420,2685211625,2685214738,6317,True,0,1,2685221055,190422,4,29.24537037037037,29.24537037037037,12431549.712962963,12431578.958333334
TelemetryTask,190424,190425,2686744705,2686747750,466044,True,1,1,2687213794,190428,4,2157.6111111111113,2157.6111111111113,12438646.99074074,12440804.601851853
UartTxTask,190427,190429,2687211485,2687216253,6211,True,0,1,2687222464,190431,4,28.75462962962963,28.75462962962963,12440815.986111112,12440844.74074074
UartTxTask,190433,190434,2687371561,2687374693,6223,True,0,1,2687380916,190436,4,28.810185185185187,28.810185185185187,12441549.504629629,12441578.314814815
TelemetryTask,190438,190439,2688904753,2688907842,465991,True,1,1,2689373833,190442,4,2157.365740740741,2157.365740740741,12448647.416666666,12450804.782407407
UartTxTask,190441,190443,2689371506,2689376256,6161,True,0,1,2689382417,190445,4,28.52314814814815,28.52314814814815,12450816.0,12450844.523148147
UartTxTask,190447,190448,2689531516,2689534672,6271,True,0,1,2689540943,190450,4,29.03240740740741,29.03240740740741,12451549.407407407,12451578.439814815
TelemetryTask,190452,190453,2691064720,2691067760,465959,True,1,1,2691533719,190456,4,2157.2175925925926,2157.2175925925926,12458647.037037037,12460804.254629629
UartTxTask,190455,190457,2691531443,2691536181,6299,True,0,1,2691542480,190459,4,29.162037037037038,29.162037037037038,12460815.652777778,12460844.814814815
UartTxTask,190461,190462,2691691504,2691694672,6233,True,0,1,2691700905,190464,4,28.85648148148148,28.85648148148148,12461549.407407407,12461578.263888888
TelemetryTask,190466,190467,2693224726,2693227791,466032,True,1,1,2693693823,190470,4,2157.5555555555557,2157.5555555555557,12468647.180555556,12470804.736111112
UartTxTask,190469,190471,2693691451,2693696258,6070,True,0,1,2693702328,190473,4,28.10185185185185,28.10185185185185,12470816.00925926,12470844.111111112
UartTxTask,190475,190476,2693851426,2693854645,6164,True,0,1,2693860809,190478,4,28.537037037037038,28.537037037037038,12471549.282407407,12471577.819444444
TelemetryTask,190480,190481,2695384724,2695387802,466096,True,1,1,2695853898,190484,4,2157.8518518518517,2157.8518518518517,12478647.231481481,12480805.083333334
UartTxTask,190483,190485,2695851594,2695856328,6213,True,0,1,2695862541,190487,4,28.76388888888889,28.76388888888889,12480816.333333334,12480845.097222222
UartTxTask,190489,190490,2696011618,2696014804,6314,True,0,1,2696021118,190492,4,29.23148148148148,29.23148148148148,12481550.018518519,12481579.25
TelemetryTask,190494,190495,2697544729,2697547782,466203,True,1,1,2698013985,190498,4,2158.347222222222,2158.347222222222,12488647.138888888,12490805.486111112
UartTxTask,190497,190499,2698011664,2698016400,6172,True,0,1,2698022572,190501,4,28.574074074074073,28.574074074074073,12490816.666666666,12490845.24074074
UartTxTask,190503,190504,2698171707,2698174848,6196,True,0,1,2698181044,190506,4,28.685185185185187,28.685185185185187,12491550.222222222,12491578.907407407
TelemetryTask,190508,190509,2699704718,2699707728,466208,True,1,1,2700173936,190512,4,2158.3703703703704,2158.3703703703704,12498646.888888888,12500805.25925926
UartTxTask,190511,190513,2700171563,2700176459,6250,True,0,1,2700182709,190515,4,28.935185185185187,28.935185185185187,12500816.939814815,12500845.875
UartTxTask,190517,190518,2700331793,2700335006,6244,True,0,1,2700341250,190520,4,28.90740740740741,28.90740740740741,12501550.953703703,12501579.861111112
TelemetryTask,190522,190523,2701864738,2701867750,466049,True,1,1,2702333799,190526,4,2157.634259259259,2157.634259259259,12508646.99074074,12510804.625
UartTxTask,190525,190527,2702331533,2702336229,6129,True,0,1,2702342358,190529,4,28.375,28.375,12510815.875,12510844.25
UartTxTask,190531,190532,2702491556,2702494722,6148,True,0,1,2702500870,190534,4,28.462962962962962,28.462962962962962,12511549.638888888,12511578.101851853
TelemetryTask,190536,190537,2704024748,2704027878,466127,True,1,1,2704494005,190540,4,2157.9953703703704,2157.9953703703704,12518647.583333334,12520805.578703703
UartTxTask,190539,190541,2704491620,2704496478,6187,True,0,1,2704502665,190543,4,28.64351851851852,28.64351851851852,12520817.027777778,12520845.671296297
UartTxTask,190545,190546,2704651775,2704654974,6217,True,0,1,2704661191,190548,4,28.78240740740741,28.78240740740741,12521550.805555556,12521579.587962963
TelemetryTask,190550,190551,2706184743,2706187741,466020,True,1,1,2706653761,190554,4,2157.5,2157.5,12528646.949074075,12530804.449074075
UartTxTask,190553,190555,2706651444,2706656214,6321,True,0,1,2706662535,190557,4,29.26388888888889,29.26388888888889,12530815.805555556,12530845.069444444
UartTxTask,190559,190560,2706811495,2706814616,6168,True,0,1,2706820784,190562,4,28.555555555555557,28.555555555555557,12531549.148148147,12531577.703703703
TelemetryTask,190564,190565,2708344741,2708347755,466074,True,1,1,2708813829,190568,4,2157.75,2157.75,12538647.013888888,12540804.763888888
UartTxTask,190567,190569,2708811503,2708816284,6234,True,0,1,2708822518,190571,4,28.86111111111111,28.86111111111111,12540816.129629629,12540844.99074074
UartTxTask,190573,190574,2708971645,2708974889,6327,True,0,1,2708981216,190576,4,29.291666666666668,29.291666666666668,12541550.412037037,12541579.703703703
TelemetryTask,190578,190579,2710504722,2710507746,466124,True,1,1,2710973870,190582,4,2157.9814814814813,2157.9814814814813,12548646.972222222,12550804.953703703
UartTxTask,190581,190583,2710971551,2710976243,6174,True,0,1,2710982417,190585,4,28.583333333333332,28.583333333333332,12550815.939814815,12550844.523148147
UartTxTask,190587,190588,2711131503,2711134696,6354,True,0,1,2711141050,190590,4,29.416666666666668,29.416666666666668,12551549.518518519,12551578.935185185
TelemetryTask,190592,190593,2712664741,2712667728,466079,True,1,1,2713133807,190596,4,2157.7731481481483,2157.7731481481483,12558646.888888888,12560804.662037037
UartTxTask,190595,190597,2713131536,2713136289,6122,True,0,1,2713142411,190599,4,28.34259259259259,28.34259259259259,12560816.152777778,12560844.495370371
UartTxTask,190601,190602,2713291531,2713294719,6214,True,0,1,2713300933,190604,4,28.76851851851852,28.76851851851852,12561549.625,12561578.393518519
TelemetryTask,190606,190607,2714824770,2714827872,465932,True,1,1,2715293804,190610,4,2157.0925925925926,2157.0925925925926,12568647.555555556,12570804.648148147
UartTxTask,190609,190611,2715291531,2715296240,6301,True,0,1,2715302541,190613,4,29.171296296296298,29.171296296296298,12570815.925925925,12570845.097222222
UartTxTask,190615,190616,2715451563,2715454790,6246,True,0,1,2715461036,190618,4,28.916666666666668,28.916666666666668,12571549.953703703,12571578.870370371
TelemetryTask,190620,190621,2716984747,2716987791,466093,True,1,1,2717453884,190624,4,2157.837962962963,2157.837962962963,12578647.180555556,12580805.018518519
UartTxTask,190623,190625,2717451569,2717456363,6301,True,0,1,2717462664,190627,4,29.171296296296298,29.171296296296298,12580816.495370371,12580845.666666666
UartTxTask,190629,190630,2717611670,2717614930,6150,True,0,1,2717621080,190632,4,28.47222222222222,28.47222222222222,12581550.601851853,12581579.074074075
TelemetryTask,190634,190635,2719144728,2719147722,466030,True,1,1,2719613752,190638,4,2157.546296296296,2157.546296296296,12588646.861111112,12590804.407407407
UartTxTask,190637,190639,2719611441,2719616251,6237,True,0,1,2719622488,190641,4,28.875,28.875,12590815.976851853,12590844.851851853
UartTxTask,190643,190644,2719771547,2719774737,6244,True,0,1,2719780981,190646,4,28.90740740740741,28.90740740740741,12591549.708333334,12591578.61574074
TelemetryTask,190648,190649,2721304738,2721307830,466210,True,1,1,2721774040,190652,4,2158.3796296296296,2158.3796296296296,12598647.361111112,12600805.74074074
UartTxTask,190651,190653,2721771693,2721776447,6160,True,0,1,2721782607,190655,4,28.51851851851852,28.51851851851852,12600816.88425926,12600845.402777778
UartTxTask,190657,190658,2721931734,2721934899,6138,True,0,1,2721941037,190660,4,28.416666666666668,28.416666666666668,12601550.458333334,12601578.875
TelemetryTask,190662,190663,2723464692,2723467781,466070,True,1,1,2723933851,190666,4,2157.7314814814813,2157.7314814814813,12608647.13425926,12610804.86574074
UartTxTask,190665,190667,2723931563,2723936258,6148,True,0,1,2723942406,190669,4,28.462962962962962,28.462962962962962,12610816.00925926,12610844.472222222
UartTxTask,190671,190672,2724091533,2724094689,6301,True,0,1,2724100990,190674,4,29.171296296296298,29.171296296296298,12611549.486111112,12611578.657407407
TelemetryTask,190676,190677,2725624723,2725627769,466129,True,1,1,2726093898,190680,4,2158.0046296296296,2158.0046296296296,12618647.078703703,12620805.083333334
UartTxTask,190679,190681,2726091582,2726096346,6107,True,0,1,2726102453,190683,4,28.27314814814815,28.27314814814815,12620816.416666666,12620844.689814815
UartTxTask,190685,190686,2726251597,2726254803,6240,True,0,1,2726261043,190688,4,28.88888888888889,28.88888888888889,12621550.013888888,12621578.902777778
TelemetryTask,190690,190691,2727784747,2727787836,466147,True,1,1,2728253983,190694,4,2158.087962962963,2158.087962962963,12628647.388888888,12630805.476851853
UartTxTask,190693,190695,2728251690,2728256401,6199,True,0,1,2728262600,190697,4,28.699074074074073,28.699074074074073,12630816.671296297,12630845.370370371
UartTxTask,190699,190700,2728411700,2728414843,6293,True,0,1,2728421136,190702,4,29.13425925925926,29.13425925925926,12631550.199074075,12631579.333333334
TelemetryTask,190704,190705,2729944714,2729947772,466141,True,1,1,2730413913,190708,4,2158.060185185185,2158.060185185185,12638647.092592593,12640805.152777778
UartTxTask,190707,190709,2730411609,2730416379,6137,True,0,1,2730422516,190711,4,28.412037037037038,28.412037037037038,12640816.569444444,12640844.981481481
UartTxTask,190713,190714,2730571617,2730574756,6285,True,0,1,2730581041,190716,4,29.09722222222222,29.09722222222222,12641549.796296297,12641578.893518519
TelemetryTask,190718,190719,2732104766,2732107801,466062,True,1,1,2732573863,190722,4,2157.6944444444443,2157.6944444444443,12648647.226851853,12650804.921296297
UartTxTask,190721,190723,2732571536,2732576298,6260,True,0,1,2732582558,190725,4,28.98148148148148,28.98148148148148,12650816.194444444,12650845.175925925
UartTxTask,190727,190728,2732731612,2732734703,6233,True,0,1,2732740936,190730,4,28.85648148148148,28.85648148148148,12651549.550925925,12651578.407407407
TelemetryTask,190732,190733,2734264764,2734267820,466105,True,1,1,2734733925,190736,4,2157.8935185185187,2157.8935185185187,12658647.314814815,12660805.208333334
UartTxTask,190735,190737,2734731591,2734736421,6175,True,0,1,2734742596,190739,4,28.587962962962962,28.587962962962962,12660816.763888888,12660845.351851853
UartTxTask,190741,190742,2734891634,2734894843,6326,True,0,1,2734901169,190744,4,29.287037037037038,29.287037037037038,12661550.199074075,12661579.486111112
TelemetryTask,190746,190747,2736424729,2736427722,466382,True,1,1,2736894104,190750,4,2159.175925925926,2159.175925925926,12668646.861111112,12670806.037037037
UartTxTask,190749,190751,2736891763,2736896561,6160,True,0,1,2736902721,190753,4,28.51851851851852,28.51851851851852,12670817.412037037,12670845.930555556
UartTxTask,190755,190756,2737051789,2737054954,6218,True,0,1,2737061172,190758,4,28.787037037037038,28.787037037037038,12671550.712962963,12671579.5
TelemetryTask,190760,190761,2738584747,2738587818,466318,True,1,1,2739054136,190764,4,2158.8796296296296,2158.8796296296296,12678647.305555556,12680806.185185185
UartTxTask,190763,190765,2739051761,2739056605,6206,True,0,1,2739062811,190767,4,28.73148148148148,28.73148148148148,12680817.61574074,12680846.347222222
UartTxTask,190769,190770,2739211851,2739214959,6297,True,0,1,2739221256,190772,4,29.15277777777778,29.15277777777778,12681550.736111112,12681579.888888888
TelemetryTask,190774,190775,2740744724,2740747809,466171,True,1,1,2741213980,190778,4,2158.199074074074,2158.199074074074,12688647.263888888,12690805.462962963
UartTxTask,190777,190779,2741211627,2741216433,6226,True,0,1,2741222659,190781,4,28.824074074074073,28.824074074074073,12690816.819444444,12690845.643518519
UartTxTask,190783,190784,2741371677,2741374861,6221,True,0,1,2741381082,190786,4,28.800925925925927,28.800925925925927,12691550.282407407,12691579.083333334
TelemetryTask,190788,190789,2742904776,2742907805,466202,True,1,1,2743374007,190792,4,2158.3425925925926,2158.3425925925926,12698647.245370371,12700805.587962963
UartTxTask,190791,190793,2743371667,2743376409,6096,True,0,1,2743382505,190795,4,28.22222222222222,28.22222222222222,12700816.708333334,12700844.930555556
UartTxTask,190797,190798,2743531667,2743534817,6081,True,0,1,2743540898,190800,4,28.15277777777778,28.15277777777778,12701550.078703703,12701578.231481481
TelemetryTask,190802,190803,2745064765,2745067837,465967,True,1,1,2745533804,190806,4,2157.2546296296296,2157.2546296296296,12708647.393518519,12710804.648148147
UartTxTask,190805,190807,2745531458,2745536224,6163,True,0,1,2745542387,190809,4,28.53240740740741,28.53240740740741,12710815.851851853,12710844.38425926
UartTxTask,190811,190812,2745691443,2745694661,6208,True,0,1,2745700869,190814,4,28.74074074074074,28.74074074074074,12711549.356481481,12711578.097222222
TelemetryTask,190816,190817,2747224718,2747227768,466157,True,1,1,2747693925,190820,4,2158.134259259259,2158.134259259259,12718647.074074075,12720805.208333334
UartTxTask,190819,190821,2747691560,2747696364,6143,True,0,1,2747702507,190823,4,28.439814814814813,28.439814814814813,12720816.5,12720844.939814815
UartTxTask,190825,190826,2747851623,2747854815,6284,True,0,1,2747861099,190828,4,29.09259259259259,29.09259259259259,12721550.069444444,12721579.162037037
TelemetryTask,190830,190831,2749384763,2749387792,466166,True,1,1,2749853958,190834,4,2158.175925925926,2158.175925925926,12728647.185185185,12730805.361111112
UartTxTask,190833,190835,2749851611,2749856358,6317,True,0,1,2749862675,190837,4,29.24537037037037,29.24537037037037,12730816.472222222,12730845.717592593
UartTxTask,190839,190840,2750011680,2750014843,6251,True,0,1,2750021094,190842,4,28.939814814814813,28.939814814814813,12731550.199074075,12731579.138888888
TelemetryTask,190844,190845,2751544742,2751547655,465993,True,1,1,2752013648,190848,4,2157.375,2157.375,12738646.550925925,12740803.925925925
UartTxTask,190847,190849,2752011280,2752016083,6220,True,0,1,2752022303,190851,4,28.796296296296298,28.796296296296298,12740815.199074075,12740843.995370371
UartTxTask,190853,190854,2752171365,2752174534,6200,True,0,1,2752180734,190856,4,28.703703703703702,28.703703703703702,12741548.768518519,12741577.472222222
TelemetryTask,190858,190859,2753704770,2753707858,466167,True,1,1,2754174025,190862,4,2158.1805555555557,2158.1805555555557,12748647.49074074,12750805.671296297
UartTxTask,190861,190863,2754171710,2754176472,6069,True,0,1,2754182541,190865,4,28.09722222222222,28.09722222222222,12750817.0,12750845.097222222
UartTxTask,190867,190868,2754331677,2754334900,6176,True,0,1,2754341076,190870,4,28.59259259259259,28.59259259259259,12751550.462962963,12751579.055555556
TelemetryTask,190872,190873,2755864752,2755867739,466282,True,1,1,2756334021,190876,4,2158.712962962963,2158.712962962963,12758646.939814815,12760805.652777778
UartTxTask,190875,190877,2756331676,2756336446,6287,True,0,1,2756342733,190879,4,29.10648148148148,29.10648148148148,12760816.879629629,12760845.986111112
UartTxTask,190881,190882,2756491833,2756495036,6311,True,0,1,2756501347,190884,4,29.21759259259259,29.21759259259259,12761551.092592593,12761580.310185185
TelemetryTask,190886,190887,2758024718,2758027748,466088,True,1,1,2758493836,190890,4,2157.814814814815,2157.814814814815,12768646.981481481,12770804.796296297
UartTxTask,190889,190891,2758491516,2758496303,6285,True,0,1,2758502588,190893,4,29.09722222222222,29.09722222222222,12770816.217592593,12770845.314814815
UartTxTask,190895,190896,2758651650,2758654852,6223,True,0,1,2758661075,190898,4,28.810185185185187,28.810185185185187,12771550.24074074,12771579.050925925
TelemetryTask,190900,190901,2760184773,2760187794,466233,True,1,1,2760654027,190904,4,2158.4861111111113,2158.4861111111113,12778647.194444444,12780805.680555556
UartTxTask,190903,190905,2760651661,2760656511,6155,True,0,1,2760662666,190907,4,28.49537037037037,28.49537037037037,12780817.180555556,12780845.675925925
UartTxTask,190909,190910,2760811809,2760815019,6237,True,0,1,2760821256,190912,4,28.875,28.875,12781551.013888888,12781579.888888888
TelemetryTask,190914,190915,2762344746,2762347767,466089,True,1,1,2762813856,190918,4,2157.8194444444443,2157.8194444444443,12788647.069444444,12790804.888888888
UartTxTask,190917,190919,2762811520,2762816332,6219,True,0,1,2762822551,190921,4,28.791666666666668,28.791666666666668,12790816.351851853,12790845.143518519
UartTxTask,190923,190924,2762971663,2762974915,6248,True,0,1,2762981163,190926,4,28.925925925925927,28.925925925925927,12791550.532407407,12791579.458333334
TelemetryTask,190928,190929,2764504714,2764507794,466062,True,1,1,2764973856,190932,4,2157.6944444444443,2157.6944444444443,12798647.194444444,12800804.888888888
UartTxTask,190931,190933,2764971496,2764976379,6169,True,0,1,2764982548,190935,4,28.560185185185187,28.560185185185187,12800816.569444444,12800845.129629629
UartTxTask,190937,190938,2765131680,2765134883,6229,True,0,1,2765141112,190940,4,28.837962962962962,28.837962962962962,12801550.38425926,12801579.222222222
TelemetryTask,190942,190943,2766664706,2766667764,466131,True,1,1,2767133895,190946,4,2158.0138888888887,2158.0138888888887,12808647.055555556,12810805.069444444
UartTxTask,190945,190947,2767131506,2767136275,6196,True,0,1,2767142471,190949,4,28.685185185185187,28.685185185185187,12810816.087962963,12810844.773148147
UartTxTask,190951,190952,2767291633,2767294830,6191,True,0,1,2767301021,190954,4,28.662037037037038,28.662037037037038,12811550.138888888,12811578.800925925
TelemetryTask,190956,190957,2768824727,2768827735,466133,True,1,1,2769293868,190960,4,2158.0231481481483,2158.0231481481483,12818646.921296297,12820804.944444444
UartTxTask,190959,190961,2769291554,2769296320,6185,True,0,1,2769302505,190963,4,28.63425925925926,28.63425925925926,12820816.296296297,12820844.930555556
UartTxTask,190965,190966,2769451582,2769454708,6211,True,0,1,2769460919,190968,4,28.75462962962963,28.75462962962963,12821549.574074075,12821578.328703703
TelemetryTask,190970,190971,2770984733,2770987768,466060,True,1,1,2771453828,190974,4,2157.685185185185,2157.685185185185,12828647.074074075,12830804.75925926
UartTxTask,190973,190975,2771451510,2771456271,6227,True,0,1,2771462498,190977,4,28.828703703703702,28.828703703703702,12830816.069444444,12830844.898148147
UartTxTask,190979,190980,2771611590,2771614777,6212,True,0,1,2771620989,190982,4,28.75925925925926,28.75925925925926,12831549.893518519,12831578.652777778
TelemetryTask,190984,190985,2773144727,2773147776,466077,True,1,1,2773613853,190988,4,2157.7638888888887,2157.7638888888887,12838647.111111112,12840804.875
UartTxTask,190987,190989,2773611524,2773616280,6171,True,0,1,2773622451,190991,4,28.569444444444443,28.569444444444443,12840816.111111112,12840844.680555556
UartTxTask,190993,190994,2773771499,2773774710,6277,True,0,1,2773780987,190996,4,29.060185185185187,29.060185185185187,12841549.583333334,12841578.643518519
TelemetryTask,190998,190999,2775304716,2775307767,466062,True,1,1,2775773829,191002,4,2157.6944444444443,2157.6944444444443,12848647.069444444,12850804.763888888
UartTxTask,191001,191003,2775771478,2775776286,6129,True,0,1,2775782415,191005,4,28.375,28.375,12850816.138888888,12850844.513888888
UartTxTask,191007,191008,2775931500,2775934669,6193,True,0,1,2775940862,191010,4,28.671296296296298,28.671296296296298,12851549.393518519,12851578.064814815
TelemetryTask,191012,191013,2777464712,2777467696,466047,True,1,1,2777933743,191016,4,2157.625,2157.625,12858646.74074074,12860804.36574074
UartTxTask,191015,191017,2777931340,2777936161,6171,True,0,1,2777942332,191019,4,28.569444444444443,28.569444444444443,12860815.560185185,12860844.129629629
UartTxTask,191021,191022,2778091372,2778094474,6324,True,0,1,2778100798,191024,4,29.27777777777778,29.27777777777778,12861548.49074074,12861577.768518519
TelemetryTask,191026,191027,2779624748,2779627739,466168,True,1,1,2780093907,191030,4,2158.185185185185,2158.185185185185,12868646.939814815,12870805.125
UartTxTask,191029,191031,2780091509,2780096346,6203,True,0,1,2780102549,191033,4,28.71759259259259,28.71759259259259,12870816.416666666,12870845.13425926
UartTxTask,191035,191036,2780251527,2780254733,6277,True,0,1,2780261010,191038,4,29.060185185185187,29.060185185185187,12871549.689814815,12871578.75
TelemetryTask,191040,191041,2781784756,2781787748,465985,True,1,1,2782253733,191044,4,2157.337962962963,2157.337962962963,12878646.981481481,12880804.319444444
UartTxTask,191043,191045,2782251429,2782256114,6197,True,0,1,2782262311,191047,4,28.689814814814813,28.689814814814813,12880815.342592593,12880844.032407407
UartTxTask,191049,191050,2782411347,2782414510,6161,True,0,1,2782420671,191052,4,28.52314814814815,28.52314814814815,12881548.657407407,12881577.180555556
TelemetryTask,191054,191055,2783944734,2783947822,466131,True,1,1,2784413953,191058,4,2158.0138888888887,2158.0138888888887,12888647.324074075,12890805.337962963
UartTxTask,191057,191059,2784411624,2784416383,6102,True,0,1,2784422485,191061,4,28.25,28.25,12890816.587962963,12890844.837962963
UartTxTask,191063,191064,2784571665,2784574825,6263,True,0,1,2784581088,191066,4,28.99537037037037,28.99537037037037,12891550.11574074,12891579.111111112
TelemetryTask,191068,191069,2786104726,2786107814,466062,True,1,1,2786573876,191072,4,2157.6944444444443,2157.6944444444443,12898647.287037037,12900804.981481481
UartTxTask,191071,191073,2786571557,2786576325,6264,True,0,1,2786582589,191075,4,29.0,29.0,12900816.319444444,12900845.319444444
UartTxTask,191077,191078,2786731625,2786734808,6302,True,0,1,2786741110,191080,4,29.175925925925927,29.175925925925927,12901550.037037037,12901579.212962963
TelemetryTask,191082,191083,2788264751,2788267781,466077,True,1,1,2788733858,191086,4,2157.7638888888887,2157.7638888888887,12908647.13425926,12910804.898148147
UartTxTask,191085,191087,2788731563,2788736308,6257,True,0,1,2788742565,191089,4,28.96759259259259,28.96759259259259,12910816.24074074,12910845.208333334
UartTxTask,191091,191092,2788891595,2788894752,6376,True,0,1,2788901128,191094,4,29.51851851851852,29.51851851851852,12911549.777777778,12911579.296296297
TelemetryTask,191096,191097,2790424757,2790427786,466182,True,1,1,2790893968,191100,4,2158.25,2158.25,12918647.157407407,12920805.407407407
UartTxTask,191099,191101,2790891688,2790896401,6290,True,0,1,2790902691,191103,4,29.12037037037037,29.12037037037037,12920816.671296297,12920845.791666666
UartTxTask,191105,191106,2791051755,2791054926,6167,True,0,1,2791061093,191108,4,28.550925925925927,28.550925925925927,12921550.583333334,12921579.13425926
TelemetryTask,191110,191111,2792584714,2792587721,465967,True,1,1,2793053688,191114,4,2157.2546296296296,2157.2546296296296,12928646.856481481,12930804.111111112
UartTxTask,191113,191115,2793051295,2793056082,6307,True,0,1,2793062389,191117,4,29.199074074074073,29.199074074074073,12930815.194444444,12930844.393518519
UartTxTask,191119,191120,2793211437,2793214597,6215,True,0,1,2793220812,191122,4,28.77314814814815,28.77314814814815,12931549.060185185,12931577.833333334
TelemetryTask,191124,191125,2794744747,2794747733,466156,True,1,1,2795213889,191128,4,2158.1296296296296,2158.1296296296296,12938646.912037037,12940805.041666666
UartTxTask,191127,191129,2795211562,2795216388,6273,True,0,1,2795222661,191131,4,29.041666666666668,29.041666666666668,12940816.611111112,12940845.652777778
UartTxTask,191133,191134,2795371708,2795374899,6337,True,0,1,2795381236,191136,4,29.337962962962962,29.337962962962962,12941550.458333334,12941579.796296297
TelemetryTask,191138,191139,2796904740,2796907885,466106,True,1,1,2797373991,191142,4,2157.8981481481483,2157.8981481481483,12948647.61574074,12950805.513888888
UartTxTask,191141,191143,2797371632,2797376465,6189,True,0,1,2797382654,191145,4,28.65277777777778,28.65277777777778,12950816.967592593,12950845.620370371
UartTxTask,191147,191148,2797531732,2797534942,6109,True,0,1,2797541051,191150,4,28.28240740740741,28.28240740740741,12951550.657407407,12951578.939814815
TelemetryTask,191152,191153,2799064731,2799067809,466115,True,1,1,2799533924,191156,4,2157.939814814815,2157.939814814815,12958647.263888888,12960805.203703703
UartTxTask,191155,191157,2799531590,2799536401,6026,True,0,1,2799542427,191159,4,27.89814814814815,27.89814814814815,12960816.671296297,12960844.569444444
UartTxTask,191161,191162,2799691601,2799694774,6240,True,0,1,2799701014,191164,4,28.88888888888889,28.88888888888889,12961549.879629629,12961578.768518519
TelemetryTask,191166,191167,2801224721,2801227723,466204,True,1,1,2801693927,191170,4,2158.3518518518517,2158.3518518518517,12968646.86574074,12970805.217592593
UartTxTask,191169,191171,2801691648,2801696440,6183,True,0,1,2801702623,191173,4,28.625,28.625,12970816.851851853,12970845.476851853
UartTxTask,191175,191176,2801851747,2801854925,6232,True,0,1,2801861157,191178,4,28.85185185185185,28.85185185185185,12971550.578703703,12971579.430555556
TelemetryTask,191180,191181,2803384729,2803387742,466362,True,1,1,2803854104,191184,4,2159.0833333333335,2159.0833333333335,12978646.953703703,12980806.037037037
UartTxTask,191183,191185,2803851709,2803856510,6022,True,0,1,2803862532,191187,4,27.87962962962963,27.87962962962963,12980817.175925925,12980845.055555556
UartTxTask,191189,191190,2804011686,2804014862,6318,True,0,1,2804021180,191192,4,29.25,29.25,12981550.287037037,12981579.537037037
TelemetryTask,191194,191195,2805544768,2805547821,466217,True,1,1,2806014038,191198,4,2158.412037037037,2158.412037037037,12988647.319444444,12990805.731481481
UartTxTask,191197,191199,2806011690,2806016527,6049,True,0,1,2806022576,191201,4,28.00462962962963,28.00462962962963,12990817.254629629,12990845.25925926
UartTxTask,191203,191204,2806171691,2806174874,6361,True,0,1,2806181235,191206,4,29.449074074074073,29.449074074074073,12991550.342592593,12991579.791666666
TelemetryTask,191208,191209,2807704766,2807707751,466345,True,1,1,2808174096,191212,4,2159.0046296296296,2159.0046296296296,12998646.995370371,13000806.0
UartTxTask,191211,191213,2808171712,2808176577,6297,True,0,1,2808182874,191215,4,29.15277777777778,29.15277777777778,13000817.486111112,13000846.638888888
UartTxTask,191217,191218,2808331843,2808335031,6097,True,0,1,2808341128,191220,4,28.22685185185185,28.22685185185185,13001551.069444444,13001579.296296297
TelemetryTask,191222,191223,2809864712,2809867735,466206,True,1,1,2810333941,191226,4,2158.3611111111113,2158.3611111111113,13008646.921296297,13010805.282407407
UartTxTask,191225,191227,2810331629,2810336317,6236,True,0,1,2810342553,191229,4,28.87037037037037,28.87037037037037,13010816.282407407,13010845.152777778
UartTxTask,191231,191232,2810491609,2810494838,6198,True,0,1,2810501036,191234,4,28.694444444444443,28.694444444444443,13011550.175925925,13011578.870370371
TelemetryTask,191236,191237,2812024753,2812027767,466063,True,1,1,2812493830,191240,4,2157.699074074074,2157.699074074074,13018647.069444444,13020804.768518519
UartTxTask,191239,191241,2812491468,2812496319,6151,True,0,1,2812502470,191243,4,28.47685185185185,28.47685185185185,13020816.291666666,13020844.768518519
UartTxTask,191245,191246,2812651512,2812654741,6153,True,0,1,2812660894,191248,4,28.48611111111111,28.48611111111111,13021549.726851853,13021578.212962963
TelemetryTask,191250,191251,2814184749,2814187757,465965,True,1,1,2814653722,191254,4,2157.2453703703704,2157.2453703703704,13028647.023148147,13030804.268518519
UartTxTask,191253,191255,2814651416,2814656143,6182,True,0,1,2814662325,191257,4,28.62037037037037,28.62037037037037,13030815.476851853,13030844.097222222
UartTxTask,191259,191260,2814811386,2814814546,6295,True,0,1,2814820841,191262,4,29.14351851851852,29.14351851851852,13031548.824074075,13031577.967592593
TelemetryTask,191264,191265,2816344727,2816347693,466068,True,1,1,2816813761,191268,4,2157.722222222222,2157.722222222222,13038646.726851853,13040804.449074075
UartTxTask,191267,191269,2816811425,2816816247,6295,True,0,1,2816822542,191271,4,29.14351851851852,29.14351851851852,13040815.958333334,13040845.101851853
UartTxTask,191273,191274,2816971627,2816974787,6229,True,0,1,2816981016,191276,4,28.837962962962962,28.837962962962962,13041549.939814815,13041578.777777778
TelemetryTask,191278,191279,2818504743,2818507792,466234,True,1,1,2818974026,191282,4,2158.490740740741,2158.490740740741,13048647.185185185,13050805.675925925
UartTxTask,191281,191283,2818971734,2818976440,6161,True,0,1,2818982601,191285,4,28.52314814814815,28.52314814814815,13050816.851851853,13050845.375
UartTxTask,191287,191288,2819131761,2819134987,6277,True,0,1,2819141264,191290,4,29.060185185185187,29.060185185185187,13051550.86574074,13051579.925925925
TelemetryTask,191292,191293,2820664746,2820667749,466048,True,1,1,2821133797,191296,4,2157.6296296296296,2157.6296296296296,13058646.986111112,13060804.61574074
UartTxTask,191295,191297,2821131466,2821136231,6273,True,0,1,2821142504,191299,4,29.041666666666668,29.041666666666668,13060815.88425926,13060844.925925925
UartTxTask,191301,191302,2821291582,2821294798,6292,True,0,1,2821301090,191304,4,29.12962962962963,29.12962962962963,13061549.99074074,13061579.120370371
TelemetryTask,191306,191307,2822824709,2822827803,466217,True,1,1,2823294020,191310,4,2158.412037037037,2158.412037037037,13068647.236111112,13070805.648148147
UartTxTask,191309,191311,2823291701,2823296486,6176,True,0,1,2823302662,191313,4,28.59259259259259,28.59259259259259,13070817.064814815,13070845.657407407
UartTxTask,191315,191316,2823451772,2823454933,6193,True,0,1,2823461126,191318,4,28.671296296296298,28.671296296296298,13071550.61574074,13071579.287037037
TelemetryTask,191320,191321,2824984744,2824987763,466023,True,1,1,2825453786,191324,4,2157.5138888888887,2157.5138888888887,13078647.050925925,13080804.564814815
UartTxTask,191323,191325,2825451434,2825456277,6220,True,0,1,2825462497,191327,4,28.796296296296298,28.796296296296298,13080816.097222222,13080844.893518519
UartTxTask,191329,191330,2825611639,2825614724,6192,True,0,1,2825620916,191332,4,28.666666666666668,28.666666666666668,13081549.648148147,13081578.314814815
TelemetryTask,191334,191335,2827144752,2827147803,466191,True,1,1,2827613994,191338,4,2158.2916666666665,2158.2916666666665,13088647.236111112,13090805.527777778
UartTxTask,191337,191339,2827611657,2827616458,6072,True,0,1,2827622530,191341,4,28.11111111111111,28.11111111111111,13090816.935185185,13090845.046296297
UartTxTask,191343,191344,2827771591,2827774666,6321,True,0,1,2827780987,191346,4,29.26388888888889,29.26388888888889,13091549.379629629,13091578.643518519
TelemetryTask,191348,191349,2829304725,2829307757,465996,True,1,1,2829773753,191352,4,2157.3888888888887,2157.3888888888887,13098647.023148147,13100804.412037037
UartTxTask,191351,191353,2829771444,2829776198,6205,True,0,1,2829782403,191355,4,28.72685185185185,28.72685185185185,13100815.731481481,13100844.458333334
UartTxTask,191357,191358,2829931488,2829934592,6149,True,0,1,2829940741,191360,4,28.46759259259259,28.46759259259259,13101549.037037037,13101577.504629629
TelemetryTask,191362,191363,2831464723,2831467787,466085,True,1,1,2831933872,191366,4,2157.800925925926,2157.800925925926,13108647.162037037,13110804.962962963
UartTxTask,191365,191367,2831931599,2831936301,6169,True,0,1,2831942470,191369,4,28.560185185185187,28.560185185185187,13110816.208333334,13110844.768518519
UartTxTask,191371,191372,2832091569,2832094759,6252,True,0,1,2832101011,191374,4,28.944444444444443,28.944444444444443,13111549.810185185,13111578.754629629
TelemetryTask,191376,191377,2833624737,2833627861,466127,True,1,1,2834093988,191380,4,2157.9953703703704,2157.9953703703704,13118647.504629629,13120805.5
UartTxTask,191379,191381,2834091658,2834096416,6213,True,0,1,2834102629,191383,4,28.76388888888889,28.76388888888889,13120816.74074074,13120845.504629629
UartTxTask,191385,191386,2834251751,2834254890,6200,True,0,1,2834261090,191388,4,28.703703703703702,28.703703703703702,13121550.416666666,13121579.120370371
TelemetryTask,191390,191391,2835784731,2835787832,466124,True,1,1,2836253956,191394,4,2157.9814814814813,2157.9814814814813,13128647.370370371,13130805.351851853
UartTxTask,191393,191395,2836251580,2836256387,6165,True,0,1,2836262552,191397,4,28.541666666666668,28.541666666666668,13130816.606481481,13130845.148148147
UartTxTask,191399,191400,2836411646,2836414832,6183,True,0,1,2836421015,191402,4,28.625,28.625,13131550.148148147,13131578.773148147
TelemetryTask,191404,191405,2837944750,2837947755,466079,True,1,1,2838413834,191408,4,2157.7731481481483,2157.7731481481483,13138647.013888888,13140804.787037037
UartTxTask,191407,191409,2838411535,2838416291,6185,True,0,1,2838422476,191411,4,28.63425925925926,28.63425925925926,13140816.162037037,13140844.796296297
UartTxTask,191413,191414,2838571527,2838574734,6454,True,0,1,2838581188,191416,4,29.87962962962963,29.87962962962963,13141549.694444444,13141579.574074075
TelemetryTask,191418,191419,2840104717,2840107765,466182,True,1,1,2840573947,191422,4,2158.25,2158.25,13148647.060185185,13150805.310185185
UartTxTask,191421,191423,2840571585,2840576399,6210,True,0,1,2840582609,191425,4,28.75,28.75,13150816.662037037,13150845.412037037
UartTxTask,191427,191428,2840731663,2840734924,6300,True,0,1,2840741224,191430,4,29.166666666666668,29.166666666666668,13151550.574074075,13151579.74074074
TelemetryTask,191432,191433,2842264735,2842267752,465975,True,1,1,2842733727,191436,4,2157.2916666666665,2157.2916666666665,13158647.0,13160804.291666666
UartTxTask,191435,191437,2842731416,2842736158,6191,True,0,1,2842742349,191439,4,28.662037037037038,28.662037037037038,13160815.546296297,13160844.208333334
UartTxTask,191441,191442,2842891354,2842894559,6314,True,0,1,2842900873,191444,4,29.23148148148148,29.23148148148148,13161548.88425926,13161578.11574074
TelemetryTask,191446,191447,2844424730,2844427818,466175,True,1,1,2844893993,191450,4,2158.2175925925926,2158.2175925925926,13168647.305555556,13170805.523148147
UartTxTask,191449,191451,2844891674,2844896419,6175,True,0,1,2844902594,191453,4,28.587962962962962,28.587962962962962,13170816.754629629,13170845.342592593
UartTxTask,191455,191456,2845051718,2845054852,6279,True,0,1,2845061131,191458,4,29.069444444444443,29.069444444444443,13171550.24074074,13171579.310185185
TelemetryTask,191460,191461,2846584709,2846587783,466112,True,1,1,2847053895,191464,4,2157.925925925926,2157.925925925926,13178647.143518519,13180805.069444444
UartTxTask,191463,191465,2847051602,2847056358,6169,True,0,1,2847062527,191467,4,28.560185185185187,28.560185185185187,13180816.472222222,13180845.032407407
UartTxTask,191469,191470,2847211587,2847214812,6308,True,0,1,2847221120,191472,4,29.203703703703702,29.203703703703702,13181550.055555556,13181579.25925926
TelemetryTask,191474,191475,2848744743,2848747740,465922,True,1,1,2849213662,191478,4,2157.046296296296,2157.046296296296,13188646.944444444,13190803.99074074
UartTxTask,191477,191479,2849211314,2849216072,6182,True,0,1,2849222254,191481,4,28.62037037037037,28.62037037037037,13190815.148148147,13190843.768518519
UartTxTask,191483,191484,2849371453,2849374585,6303,True,0,1,2849380888,191486,4,29.180555555555557,29.180555555555557,13191549.004629629,13191578.185185185
TelemetryTask,191488,191489,2850904740,2850907734,466035,True,1,1,2851373769,191492,4,2157.5694444444443,2157.5694444444443,13198646.916666666,13200804.486111112
UartTxTask,191491,191493,2851371538,2851376247,6117,True,0,1,2851382364,191495,4,28.319444444444443,28.319444444444443,13200815.958333334,13200844.277777778
UartTxTask,191497,191498,2851531482,2851534671,6107,True,0,1,2851540778,191500,4,28.27314814814815,28.27314814814815,13201549.402777778,13201577.675925925
TelemetryTask,191502,191503,2853064764,2853067768,466079,True,1,1,2853533847,191506,4,2157.7731481481483,2157.7731481481483,13208647.074074075,13210804.847222222
UartTxTask,191505,191507,2853531443,2853536287,6178,True,0,1,2853542465,191509,4,28.60185185185185,28.60185185185185,13210816.143518519,13210844.745370371
UartTxTask,191511,191512,2853691553,2853694761,6269,True,0,1,2853701030,191514,4,29.02314814814815,29.02314814814815,13211549.819444444,13211578.842592593
TelemetryTask,191516,191517,2855224761,2855227775,466083,True,1,1,2855693858,191520,4,2157.7916666666665,2157.7916666666665,13218647.106481481,13220804.898148147
UartTxTask,191519,191521,2855691535,2855696336,6382,True,0,1,2855702718,191523,4,29.546296296296298,29.546296296296298,13220816.370370371,13220845.916666666
UartTxTask,191525,191526,2855851780,2855854982,6293,True,0,1,2855861275,191528,4,29.13425925925926,29.13425925925926,13221550.842592593,13221579.976851853
TelemetryTask,191530,191531,2857384745,2857387793,466082,True,1,1,2857853875,191534,4,2157.787037037037,2157.787037037037,13228647.189814815,13230804.976851853
UartTxTask,191533,191535,2857851546,2857856321,6090,True,0,1,2857862411,191537,4,28.194444444444443,28.194444444444443,13230816.300925925,13230844.495370371
UartTxTask,191539,191540,2858011526,2858014690,6309,True,0,1,2858020999,191542,4,29.208333333333332,29.208333333333332,13231549.49074074,13231578.699074075
TelemetryTask,191544,191545,2859544736,2859547722,466099,True,1,1,2860013821,191548,4,2157.865740740741,2157.865740740741,13238646.861111112,13240804.726851853
UartTxTask,191547,191549,2860011459,2860016301,6136,True,0,1,2860022437,191551,4,28.40740740740741,28.40740740740741,13240816.208333334,13240844.61574074
UartTxTask,191553,191554,2860171513,2860174685,6195,True,0,1,2860180880,191556,4,28.680555555555557,28.680555555555557,13241549.467592593,13241578.148148147
TelemetryTask,191558,191559,2861704748,2861707812,466087,True,1,1,2862173899,191562,4,2157.810185185185,2157.810185185185,13248647.277777778,13250805.087962963
UartTxTask,191561,191563,2862171553,2862176356,6134,True,0,1,2862182490,191565,4,28.39814814814815,28.39814814814815,13250816.462962963,13250844.861111112
UartTxTask,191567,191568,2862331672,2862334833,6199,True,0,1,2862341032,191570,4,28.699074074074073,28.699074074074073,13251550.152777778,13251578.851851853
TelemetryTask,191572,191573,2863864740,2863867750,466215,True,1,1,2864333965,191576,4,2158.402777777778,2158.402777777778,13258646.99074074,13260805.393518519
UartTxTask,191575,191577,2864331575,2864336385,6219,True,0,1,2864342604,191579,4,28.791666666666668,28.791666666666668,13260816.597222222,13260845.388888888
UartTxTask,191581,191582,2864491691,2864494840,6256,True,0,1,2864501096,191584,4,28.962962962962962,28.962962962962962,13261550.185185185,13261579.148148147
TelemetryTask,191586,191587,2866024758,2866027800,466035,True,1,1,2866493835,191590,4,2157.5694444444443,2157.5694444444443,13268647.222222222,13270804.791666666
UartTxTask,191589,191591,2866491479,2866496300,6266,True,0,1,2866502566,191593,4,29.00925925925926,29.00925925925926,13270816.203703703,13270845.212962963
UartTxTask,191595,191596,2866651676,2866654850,6359,True,0,1,2866661209,191598,4,29.439814814814813,29.439814814814813,13271550.231481481,13271579.671296297
TelemetryTask,191600,191601,2868184728,2868187803,466035,True,1,1,2868653838,191604,4,2157.5694444444443,2157.5694444444443,13278647.236111112,13280804.805555556
UartTxTask,191603,191605,2868651522,2868656280,6234,True,0,1,2868662514,191607,4,28.86111111111111,28.86111111111111,13280816.111111112,13280844.972222222
UartTxTask,191609,191610,2868811585,2868814791,6252,True,0,1,2868821043,191612,4,28.944444444444443,28.944444444444443,13281549.958333334,13281578.902777778
TelemetryTask,191614,191615,2870344730,2870347766,466158,True,1,1,2870813924,191618,4,2158.1388888888887,2158.1388888888887,13288647.064814815,13290805.203703703
UartTxTask,191617,191619,2870811582,2870816437,6179,True,0,1,2870822616,191621,4,28.60648148148148,28.60648148148148,13290816.837962963,13290845.444444444
UartTxTask,191623,191624,2870971677,2870974783,6312,True,0,1,2870981095,191626,4,29.22222222222222,29.22222222222222,13291549.921296297,13291579.143518519
TelemetryTask,191628,191629,2872504755,2872507758,466128,True,1,1,2872973886,191632,4,2158.0,2158.0,13298647.027777778,13300805.027777778
UartTxTask,191631,191633,2872971562,2872976328,6136,True,0,1,2872982464,191635,4,28.40740740740741,28.40740740740741,13300816.333333334,13300844.74074074
UartTxTask,191637,191638,2873131571,2873134692,6212,True,0,1,2873140904,191640,4,28.75925925925926,28.75925925925926,13301549.5,13301578.25925926
TelemetryTask,191642,191643,2874664736,2874667738,466218,True,1,1,2875133956,191646,4,2158.4166666666665,2158.4166666666665,13308646.935185185,13310805.351851853
UartTxTask,191645,191647,2875131630,2875136439,6150,True,0,1,2875142589,191649,4,28.47222222222222,28.47222222222222,13310816.847222222,13310845.319444444
UartTxTask,191651,191652,2875291707,2875294929,6241,True,0,1,2875301170,191654,4,28.89351851851852,28.89351851851852,13311550.597222222,13311579.49074074
TelemetryTask,191656,191657,2876824770,2876827795,465896,True,1,1,2877293691,191660,4,2156.925925925926,2156.925925925926,13318647.199074075,13320804.125
UartTxTask,191659,191661,2877291376,2877296137,6218,True,0,1,2877302355,191663,4,28.787037037037038,28.787037037037038,13320815.449074075,13320844.236111112
UartTxTask,191665,191666,2877451318,2877454444,6197,True,0,1,2877460641,191668,4,28.689814814814813,28.689814814814813,13321548.351851853,13321577.041666666
TelemetryTask,191670,191671,2878984700,2878987791,466136,True,1,1,2879453927,191674,4,2158.037037037037,2158.037037037037,13328647.180555556,13330805.217592593
UartTxTask,191673,191675,2879451636,2879456293,6225,True,0,1,2879462518,191677,4,28.819444444444443,28.819444444444443,13330816.171296297,13330844.99074074
UartTxTask,191679,191680,2879611621,2879614877,6264,True,0,1,2879621141,191682,4,29.0,29.0,13331550.356481481,13331579.356481481
TelemetryTask,191684,191685,2881144725,2881147847,466393,True,1,1,2881614240,191688,4,2159.2268518518517,2159.2268518518517,13338647.439814815,13340806.666666666
UartTxTask,191687,191689,2881611848,2881616624,6230,True,0,1,2881622854,191691,4,28.84259259259259,28.84259259259259,13340817.703703703,13340846.546296297
UartTxTask,191693,191694,2881771932,2881775099,6235,True,0,1,2881781334,191696,4,28.86574074074074,28.86574074074074,13341551.38425926,13341580.25
TelemetryTask,191698,191699,2883304734,2883307747,466226,True,1,1,2883773973,191702,4,2158.453703703704,2158.453703703704,13348646.976851853,13350805.430555556
UartTxTask,191701,191703,2883771656,2883776417,6131,True,0,1,2883782548,191705,4,28.38425925925926,28.38425925925926,13350816.745370371,13350845.129629629
UartTxTask,191707,191708,2883931693,2883934842,6232,True,0,1,2883941074,191710,4,28.85185185185185,28.85185185185185,13351550.194444444,13351579.046296297
TelemetryTask,191712,191713,2885464727,2885467712,466281,True,1,1,2885933993,191716,4,2158.7083333333335,2158.7083333333335,13358646.814814815,13360805.523148147
UartTxTask,191715,191717,2885931635,2885936454,6299,True,0,1,2885942753,191719,4,29.162037037037038,29.162037037037038,13360816.916666666,13360846.078703703
UartTxTask,191721,191722,2886091811,2886094941,6259,True,0,1,2886101200,191724,4,28.97685185185185,28.97685185185185,13361550.652777778,13361579.629629629
TelemetryTask,191726,191727,2887624739,2887627750,466144,True,1,1,2888093894,191730,4,2158.074074074074,2158.074074074074,13368646.99074074,13370805.064814815
UartTxTask,191729,191731,2888091507,2888096371,6211,True,0,1,2888102582,191733,4,28.75462962962963,28.75462962962963,13370816.532407407,13370845.287037037
UartTxTask,191735,191736,2888251648,2888254797,6164,True,0,1,2888260961,191738,4,28.537037037037038,28.537037037037038,13371549.986111112,13371578.523148147
TelemetryTask,191740,191741,2889784759,2889787764,466155,True,1,1,2890253919,191744,4,2158.125,2158.125,13378647.055555556,13380805.180555556
UartTxTask,191743,191745,2890251563,2890256343,6192,True,0,1,2890262535,191747,4,28.666666666666668,28.666666666666668,13380816.402777778,13380845.069444444
UartTxTask,191749,191750,2890411624,2890414805,6320,True,0,1,2890421125,191752,4,29.25925925925926,29.25925925925926,13381550.023148147,13381579.282407407
TelemetryTask,191754,191755,2891944734,2891947699,465876,True,1,1,2892413575,191758,4,2156.8333333333335,2156.8333333333335,13388646.754629629,13390803.587962963
UartTxTask,191757,191759,2892411329,2892416064,6306,True,0,1,2892422370,191761,4,29.194444444444443,29.194444444444443,13390815.111111112,13390844.305555556
UartTxTask,191763,191764,2892571379,2892574686,6308,True,0,1,2892580994,191766,4,29.203703703703702,29.203703703703702,13391549.472222222,13391578.675925925
TelemetryTask,191768,191769,2894104734,2894107830,466185,True,1,1,2894574015,191772,4,2158.2638888888887,2158.2638888888887,13398647.361111112,13400805.625
UartTxTask,191771,191773,2894571659,2894576486,6132,True,0,1,2894582618,191775,4,28.38888888888889,28.38888888888889,13400817.064814815,13400845.453703703
UartTxTask,191777,191778,2894731662,2894734860,6285,True,0,1,2894741145,191780,4,29.09722222222222,29.09722222222222,13401550.277777778,13401579.375
TelemetryTask,191782,191783,2896264763,2896267831,466199,True,1,1,2896734030,191786,4,2158.328703703704,2158.328703703704,13408647.36574074,13410805.694444444
UartTxTask,191785,191787,2896731675,2896736519,6276,True,0,1,2896742795,191789,4,29.055555555555557,29.055555555555557,13410817.217592593,13410846.273148147
UartTxTask,191791,191792,2896891898,2896895127,6245,True,0,1,2896901372,191794,4,28.912037037037038,28.912037037037038,13411551.513888888,13411580.425925925
TelemetryTask,191796,191797,2898424719,2898427687,466146,True,1,1,2898893833,191800,4,2158.0833333333335,2158.0833333333335,13418646.699074075,13420804.782407407
UartTxTask,191799,191801,2898891523,2898896289,6197,True,0,1,2898902486,191803,4,28.689814814814813,28.689814814814813,13420816.152777778,13420844.842592593
UartTxTask,191805,191806,2899051544,2899054753,6321,True,0,1,2899061074,191808,4,29.26388888888889,29.26388888888889,13421549.782407407,13421579.046296297
TelemetryTask,191810,191811,2900584751,2900587789,466228,True,1,1,2901054017,191814,4,2158.462962962963,2158.462962962963,13428647.171296297,13430805.63425926
UartTxTask,191813,191815,2901051670,2901056424,6107,True,0,1,2901062531,191817,4,28.27314814814815,28.27314814814815,13430816.777777778,13430845.050925925
UartTxTask,191819,191820,2901211708,2901214844,6297,True,0,1,2901221141,191822,4,29.15277777777778,29.15277777777778,13431550.203703703,13431579.356481481
TelemetryTask,191824,191825,2902744756,2902747826,466198,True,1,1,2903214024,191828,4,2158.324074074074,2158.324074074074,13438647.342592593,13440805.666666666
UartTxTask,191827,191829,2903211706,2903216471,6151,True,0,1,2903222622,191831,4,28.47685185185185,28.47685185185185,13440816.995370371,13440845.472222222
UartTxTask,191833,191834,2903371719,2903374886,6302,True,0,1,2903381188,191836,4,29.175925925925927,29.175925925925927,13441550.398148147,13441579.574074075
TelemetryTask,191838,191839,2904904744,2904907754,466026,True,1,1,2905373780,191842,4,2157.527777777778,2157.527777777778,13448647.00925926,13450804.537037037
UartTxTask,191841,191843,2905371440,2905376207,6133,True,0,1,2905382340,191845,4,28.39351851851852,28.39351851851852,13450815.773148147,13450844.166666666
UartTxTask,191847,191848,2905531477,2905534675,6190,True,0,1,2905540865,191850,4,28.65740740740741,28.65740740740741,13451549.421296297,13451578.078703703
TelemetryTask,191852,191853,2907064741,2907067755,466094,True,1,1,2907533849,191856,4,2157.8425925925926,2157.8425925925926,13458647.013888888,13460804.856481481
UartTxTask,191855,191857,2907531482,2907536327,6236,True,0,1,2907542563,191859,4,28.87037037037037,28.87037037037037,13460816.328703703,13460845.199074075
UartTxTask,191861,191862,2907691647,2907694765,6146,True,0,1,2907700911,191864,4,28.453703703703702,28.453703703703702,13461549.837962963,13461578.291666666
TelemetryTask,191866,191867,2909224731,2909227825,465970,True,1,1,2909693795,191870,4,2157.2685185185187,2157.2685185185187,13468647.337962963,13470804.606481481
UartTxTask,191869,191871,2909691442,2909696252,6174,True,0,1,2909702426,191873,4,28.583333333333332,28.583333333333332,13470815.981481481,13470844.564814815
UartTxTask,191875,191876,2909851436,2909854615,6259,True,0,1,2909860874,191878,4,28.97685185185185,28.97685185185185,13471549.143518519,13471578.120370371
TelemetryTask,191880,191881,2911384729,2911387765,466154,True,1,1,2911853919,191884,4,2158.1203703703704,2158.1203703703704,13478647.060185185,13480805.180555556
UartTxTask,191883,191885,2911851582,2911856376,6120,True,0,1,2911862496,191887,4,28.333333333333332,28.333333333333332,13480816.555555556,13480844.888888888
UartTxTask,191889,191890,2912011602,2912014830,6386,True,0,1,2912021216,191892,4,29.564814814814813,29.564814814814813,13481550.138888888,13481579.703703703
TelemetryTask,191894,191895,2913544764,2913547831,465874,True,1,1,2914013705,191898,4,2156.824074074074,2156.824074074074,13488647.36574074,13490804.189814815
UartTxTask,191897,191899,2914011418,2914016112,6161,True,0,1,2914022273,191901,4,28.52314814814815,28.52314814814815,13490815.333333334,13490843.856481481
UartTxTask,191903,191904,2914171427,2914174511,6325,True,0,1,2914180836,191906,4,29.28240740740741,29.28240740740741,13491548.662037037,13491577.944444444
TelemetryTask,191908,191909,2915704745,2915707835,466135,True,1,1,2916173970,191912,4,2158.0324074074074,2158.0324074074074,13498647.38425926,13500805.416666666
UartTxTask,191911,191913,2916171632,2916176411,6208,True,0,1,2916182619,191915,4,28.74074074074074,28.74074074074074,13500816.717592593,13500845.458333334
UartTxTask,191917,191918,2916331718,2916334970,6244,True,0,1,2916341214,191920,4,28.90740740740741,28.90740740740741,13501550.787037037,13501579.694444444
TelemetryTask,191922,191923,2917864726,2917867779,466139,True,1,1,2918333918,191926,4,2158.050925925926,2158.050925925926,13508647.125,13510805.175925925
UartTxTask,191925,191927,2918331546,2918336417,6196,True,0,1,2918342613,191929,4,28.685185185185187,28.685185185185187,13510816.745370371,13510845.430555556
UartTxTask,191931,191932,2918491617,2918494732,6247,True,0,1,2918500979,191934,4,28.921296296296298,28.921296296296298,13511549.685185185,13511578.606481481
TelemetryTask,191936,191937,2920024743,2920027726,465952,True,1,1,2920493678,191940,4,2157.185185185185,2157.185185185185,13518646.879629629,13520804.064814815
UartTxTask,191939,191941,2920491402,2920496153,6225,True,0,1,2920502378,191943,4,28.819444444444443,28.819444444444443,13520815.523148147,13520844.342592593
