block_event,ready_event,block_us,ready_us,duration_us,initial_snapshot
172669,172675,277.27777777777777,1109.976851851852,832.699074074074,True
172679,172681,1160.6990740740741,1851.0972222222222,690.3981481481482,False
172684,172689,1885.0277777777778,10794.402777777777,8909.375,False
172693,172695,10845.125,11535.175925925925,690.050925925926,False
172698,172703,11579.046296296296,20794.574074074073,9215.527777777777,False
172707,172709,20845.25462962963,21535.212962962964,689.9583333333334,False
172712,172717,21578.685185185186,30794.14351851852,9215.458333333334,False
172721,172723,30844.958333333332,31535.078703703704,690.1203703703703,False
172726,172731,31578.805555555555,40794.97222222222,9216.166666666666,False
172735,172737,40846.13888888889,41535.98148148148,689.8425925925926,False
172740,172745,41579.101851851854,50793.91203703704,9214.810185185184,False
172749,172751,50844.86111111111,51535.22222222222,690.3611111111111,False
172754,172759,51579.21759259259,60793.03240740741,9213.814814814816,False
172763,172765,60843.48148148148,61533.73611111111,690.2546296296297,False
172768,172773,61577.06018518518,70793.62037037036,9216.560185185184,False
172777,172779,70844.7824074074,71535.03703703704,690.2546296296297,False
172782,172787,71578.63425925926,80793.74537037036,9215.111111111111,False
172791,172793,80843.99074074074,81534.5925925926,690.6018518518518,False
172796,172801,81577.85185185185,90794.02777777778,9216.175925925925,False
172805,172807,90845.29166666667,91535.16666666667,689.875,False
172810,172815,91578.60648148147,100793.62962962964,9215.023148148148,False
172819,172821,100844.40277777778,101534.60648148147,690.2037037037037,False
172824,172829,101578.24537037036,110794.26851851853,9216.023148148148,False
172833,172835,110845.42592592593,111535.20833333333,689.7824074074074,False
172838,172843,111578.72685185185,120794.13425925926,9215.407407407407,False
172847,172849,120844.66203703704,121535.14351851853,690.4814814814815,False
172852,172857,121578.20370370371,130794.04166666667,9215.837962962964,False
172861,172863,130844.67129629629,131534.86574074073,690.1944444444445,False
172866,172871,131578.57407407407,140794.97685185185,9216.402777777777,False
172875,172877,140845.99537037036,141536.3101851852,690.3148148148148,False
172880,172885,141579.97685185185,150793.47222222222,9213.49537037037,False
172889,172891,150844.17592592593,151534.11111111112,689.9351851851852,False
172894,172899,151577.72222222222,160794.12962962964,9216.407407407407,False
172903,172905,160844.9212962963,161535.25462962964,690.3333333333334,False
172908,172913,161578.83796296295,170794.24537037036,9215.407407407407,False
172917,172919,170845.0648148148,171535.27777777778,690.2129629629629,False
172922,172927,171579.24074074073,180793.52314814815,9214.282407407407,False
172931,172933,180844.11111111112,181534.6064814815,690.4953703703703,False
172936,172941,181578.67592592593,190793.92592592593,9215.25,False
172945,172947,190844.5462962963,191534.93055555556,690.3842592592592,False
172950,172955,191578.53703703705,200793.875,9215.337962962964,False
172959,172961,200844.51388888888,201534.4537037037,689.9398148148148,False
172964,172969,201578.00462962964,210795.41666666666,9217.412037037036,False
172973,172975,210846.52777777778,211536.67592592593,690.1481481481482,False
172978,172983,211580.29166666666,220794.34259259258,9214.050925925925,False
172987,172989,220844.93055555556,221535.19444444444,690.2638888888889,False
172992,172997,221579.61111111112,230794.47222222222,9214.861111111111,False
173001,173003,230845.75462962964,231536.0,690.2453703703703,False
173006,173011,231579.78703703705,240793.45833333334,9213.671296296296,False
173015,173017,240844.75925925927,241534.98611111112,690.2268518518518,False
173020,173025,241578.4398148148,250793.3564814815,9214.916666666666,False
173029,173031,250844.16203703705,251534.27777777778,690.1157407407408,False
173034,173039,251577.8564814815,260793.63425925927,9215.777777777777,False
173043,173045,260844.97222222222,261534.98611111112,690.0138888888889,False
173048,173053,261578.6898148148,270793.2083333333,9214.518518518518,False
173057,173059,270843.90277777775,271534.087962963,690.1851851851852,False
173062,173067,271577.97685185185,280793.22222222225,9215.24537037037,False
173071,173073,280844.0324074074,281534.44444444444,690.4120370370371,False
173076,173081,281578.10185185185,290793.3703703704,9215.268518518518,False
173085,173087,290843.8425925926,291534.125,690.2824074074074,False
173090,173095,291577.9953703704,300792.81018518517,9214.814814814816,False
173099,173101,300843.4583333333,301533.47685185185,690.0185185185185,False
173104,173109,301577.1111111111,310793.47685185185,9216.36574074074,False
173113,173115,310843.7916666667,311533.85648148146,690.0648148148148,False
173118,173123,311576.89351851854,320793.39351851854,9216.5,False
173127,173129,320844.13425925927,321534.34722222225,690.2129629629629,False
173132,173137,321578.52777777775,330794.1990740741,9215.671296296296,False
173141,173143,330845.6574074074,331535.8240740741,690.1666666666666,False
173146,173151,331579.43981481483,340793.9490740741,9214.50925925926,False
173155,173157,340844.93055555556,341535.52777777775,690.5972222222222,False
173160,173165,341579.11574074073,350793.5416666667,9214.425925925925,False
173169,173171,350844.68518518517,351534.8009259259,690.1157407407408,False
173174,173179,351578.43055555556,360794.1666666667,9215.736111111111,False
173183,173185,360845.5138888889,361535.412037037,689.8981481481482,False
173188,173193,361578.412037037,370793.56944444444,9215.157407407407,False
173197,173199,370844.50925925927,371534.43055555556,689.9212962962963,False
173202,173207,371578.1574074074,380793.3425925926,9215.185185185184,False
173211,173213,380843.6759259259,381533.7546296296,690.0787037037037,False
173216,173221,381577.93981481483,390794.14814814815,9216.208333333334,False
173225,173227,390844.64814814815,391535.1759259259,690.5277777777778,False
173230,173235,391578.99074074073,400795.0046296296,9216.013888888889,False
173239,173241,400845.24074074073,401535.6990740741,690.4583333333334,False
173244,173249,401579.52777777775,410793.6296296296,9214.101851851852,False
173253,173255,410844.5509259259,411534.86574074073,690.3148148148148,False
173258,173263,411579.00925925927,420793.77777777775,9214.768518518518,False
173267,173269,420845.06481481483,421535.162037037,690.0972222222222,False
173272,173277,421579.1203703704,430794.2962962963,9215.175925925925,False
173281,173283,430844.7962962963,431535.1296296296,690.3333333333334,False
173286,173291,431578.94444444444,440793.43055555556,9214.486111111111,False
173295,173297,440844.537037037,441534.662037037,690.125,False
173300,173305,441577.9537037037,450793.662037037,9215.708333333334,False
173309,173311,450844.61574074073,451535.212962963,690.5972222222222,False
173314,173319,451578.662037037,460793.56944444444,9214.907407407407,False
173323,173325,460844.7638888889,461534.72222222225,689.9583333333334,False
173328,173333,461578.7361111111,470793.22222222225,9214.486111111111,False
173337,173339,470844.1574074074,471534.10648148146,689.949074074074,False
173342,173347,471577.712962963,480792.9074074074,9215.194444444445,False
173351,173353,480844.05555555556,481534.22685185185,690.1712962962963,False
173356,173361,481577.8240740741,490794.77777777775,9216.953703703704,False
173365,173367,490845.5138888889,491535.4166666667,689.9027777777778,False
173370,173375,491579.44444444444,500793.9074074074,9214.462962962964,False
173379,173381,500845.31944444444,501535.4861111111,690.1666666666666,False
173384,173389,501579.2638888889,510793.13425925927,9213.87037037037,False
173393,173395,510844.10185185185,511534.1666666667,690.0648148148148,False
173398,173403,511577.5925925926,520793.2638888889,9215.671296296296,False
173407,173409,520844.43981481483,521534.35185185185,689.9120370370371,False
173412,173417,521578.2962962963,530794.7638888889,9216.467592592593,False
173421,173423,530846.0416666666,531536.1944444445,690.1527777777778,False
173426,173431,531580.2731481482,540794.8611111111,9214.587962962964,False
173435,173437,540846.4166666666,541536.5879629629,690.1712962962963,False
173440,173445,541580.8148148148,550794.7037037037,9213.888888888889,False
173449,173451,550845.5324074074,551535.4537037037,689.9212962962963,False
173454,173459,551578.5925925926,560794.0648148148,9215.472222222223,False
173463,173465,560844.9768518518,561535.2361111111,690.2592592592592,False
173468,173473,561578.3981481482,570794.3981481482,9216.0,False
173477,173479,570845.9074074074,571535.8981481482,689.9907407407408,False
173482,173487,571579.7685185185,580794.2222222222,9214.453703703704,False
173491,173493,580845.25,581535.25,690.0,False
173496,173501,581579.2962962963,590792.6018518518,9213.305555555555,False
173505,173507,590843.9166666666,591533.7731481482,689.8564814814815,False
173510,173515,591577.8055555555,600794.4351851852,9216.62962962963,False
173519,173521,600844.7962962963,601535.2083333334,690.4120370370371,False
173524,173529,601578.25,610794.9166666666,9216.666666666666,False
173533,173535,610846.8888888889,611536.7731481482,689.8842592592592,False
173538,173543,611580.4537037037,620793.7222222222,9213.268518518518,False
173547,173549,620844.2685185185,621534.5787037037,690.3101851851852,False
173552,173557,621578.2731481482,630794.7916666666,9216.518518518518,False
173561,173563,630845.6666666666,631535.7916666666,690.125,False
173566,173571,631579.2407407408,640794.0138888889,9214.773148148148,False
173575,173577,640845.2129629629,641535.1574074074,689.9444444444445,False
173580,173585,641578.550925926,650793.3703703703,9214.819444444445,False
173589,173591,650844.5324074074,651534.8657407408,690.3333333333334,False
173594,173599,651578.4814814815,660793.800925926,9215.319444444445,False
173603,173605,660844.7824074074,661534.7175925926,689.9351851851852,False
173608,173613,661578.0277777778,670793.9629629629,9215.935185185184,False
173617,173619,670844.7870370371,671534.8333333334,690.0462962962963,False
173622,173627,671577.5277777778,680794.1111111111,9216.583333333334,False
173631,173633,680843.9583333334,681534.5787037037,690.6203703703703,False
173636,173641,681578.2407407408,690794.0648148148,9215.824074074075,False
173645,173647,690845.4074074074,691535.6388888889,690.2314814814815,False
173650,173655,691578.9629629629,700793.8518518518,9214.888888888889,False
173659,173661,700844.7592592592,701534.8287037037,690.0694444444445,False
173664,173669,701578.7314814815,710793.4351851852,9214.703703703704,False
173673,173675,710843.6064814815,711533.9074074074,690.300925925926,False
173678,173683,711577.6018518518,720793.8981481482,9216.296296296296,False
173687,173689,720845.1574074074,721535.0231481482,689.8657407407408,False
173692,173697,721578.6666666666,730793.875,9215.208333333334,False
173701,173703,730844.7685185185,731534.8379629629,690.0694444444445,False
173706,173711,731579.4120370371,740793.8148148148,9214.402777777777,False
173715,173717,740844.2916666666,741534.6620370371,690.3703703703703,False
173720,173725,741579.1111111111,750793.6388888889,9214.527777777777,False
173729,173731,750844.1851851852,751534.0277777778,689.8425925925926,False
173734,173739,751577.1018518518,760794.0277777778,9216.925925925925,False
173743,173745,760844.7453703703,761535.1805555555,690.4351851851852,False
173748,173753,761578.6342592592,770793.7870370371,9215.152777777777,False
173757,173759,770845.1435185185,771535.0972222222,689.9537037037037,False
173762,173767,771578.6666666666,780792.9583333334,9214.291666666666,False
173771,173773,780843.3611111111,781533.7175925926,690.3564814814815,False
173776,173781,781577.3333333334,790793.5092592592,9216.175925925925,False
173785,173787,790844.3703703703,791534.3657407408,689.9953703703703,False
173790,173795,791577.9120370371,800794.324074074,9216.412037037036,False
173799,173801,800845.324074074,801535.8148148148,690.4907407407408,False
173804,173809,801579.574074074,810793.2129629629,9213.638888888889,False
173813,173815,810844.1805555555,811534.3101851852,690.1296296296297,False
173818,173823,811577.699074074,820793.2129629629,9215.513888888889,False
173827,173829,820844.1296296297,821534.2037037037,690.074074074074,False
173832,173837,821577.5601851852,830793.7175925926,9216.157407407407,False
173841,173843,830845.3148148148,831535.3148148148,690.0,False
173846,173851,831579.2870370371,840794.0231481482,9214.736111111111,False
173855,173857,840844.8611111111,841535.2546296297,690.3935185185185,False
173860,173865,841579.074074074,850794.1018518518,9215.027777777777,False
173869,173871,850844.949074074,851535.2962962963,690.3472222222222,False
173874,173879,851578.5555555555,860793.5694444445,9215.013888888889,False
173883,173885,860844.7916666666,861534.875,690.0833333333334,False
173888,173893,861579.0277777778,870793.7453703703,9214.717592592593,False
173897,173899,870844.4074074074,871534.5231481482,690.1157407407408,False
173902,173907,871578.1805555555,880793.675925926,9215.49537037037,False
173911,173913,880844.6620370371,881534.6388888889,689.9768518518518,False
173916,173921,881578.2592592592,890794.1342592592,9215.875,False
173925,173927,890845.0324074074,891535.7129629629,690.6805555555555,False
173930,173935,891579.2453703703,900794.1388888889,9214.893518518518,False
173939,173941,900844.6666666666,901534.8333333334,690.1666666666666,False
173944,173949,901578.9351851852,910794.2824074074,9215.347222222223,False
173953,173955,910844.7037037037,911534.7685185185,690.0648148148148,False
173958,173963,911578.1157407408,920793.2361111111,9215.12037037037,False
173967,173969,920843.8148148148,921534.2222222222,690.4074074074074,False
173972,173977,921578.324074074,930794.7129629629,9216.388888888889,False
173981,173983,930845.2453703703,931535.3842592592,690.1388888888889,False
173986,173991,931579.2268518518,940793.7546296297,9214.527777777777,False
173995,173997,940844.9768518518,941534.9305555555,689.9537037037037,False
174000,174005,941578.2685185185,950793.9120370371,9215.643518518518,False
174009,174011,950844.2777777778,951534.125,689.8472222222222,False
174014,174019,951578.1111111111,960793.2777777778,9215.166666666666,False
174023,174025,960844.2916666666,961534.7731481482,690.4814814814815,False
174028,174033,961578.4351851852,970793.5231481482,9215.087962962964,False
174037,174039,970843.7037037037,971534.050925926,690.3472222222222,False
174042,174047,971578.2314814815,980793.1157407408,9214.88425925926,False
174051,174053,980844.2361111111,981534.0092592592,689.7731481481482,False
174056,174061,981578.0138888889,990792.7638888889,9214.75,False
174065,174067,990843.6203703703,991533.8611111111,690.2407407407408,False
174070,174075,991577.3981481482,1000793.7222222222,9216.324074074075,False
174079,174081,1000844.625,1001534.9722222222,690.3472222222222,False
174084,174089,1001578.8148148148,1010792.9861111111,9214.171296296296,False
174093,174095,1010843.3842592592,1011533.2361111111,689.8518518518518,False
174098,174103,1011576.6435185185,1020793.6018518518,9216.958333333334,False
174107,174109,1020844.5833333334,1021535.0138888889,690.4305555555555,False
174112,174117,1021578.7546296297,1030793.7268518518,9214.972222222223,False
174121,174123,1030844.3564814815,1031534.6111111111,690.2546296296297,False
174126,174131,1031578.2361111111,1040793.9861111111,9215.75,False
174135,174137,1040844.7222222222,1041534.949074074,690.2268518518518,False
174140,174145,1041578.4444444445,1050794.3101851852,9215.86574074074,False
174149,174151,1050845.4444444445,1051535.662037037,690.2175925925926,False
174154,174159,1051580.0601851852,1060794.5462962964,9214.486111111111,False
174163,174165,1060846.1157407407,1061536.3796296297,690.2638888888889,False
174168,174173,1061580.1157407407,1070794.226851852,9214.111111111111,False
174177,174179,1070845.2083333333,1071535.5416666667,690.3333333333334,False
174182,174187,1071579.351851852,1080794.9074074074,9215.555555555555,False
174191,174193,1080845.4444444445,1081535.4907407407,690.0462962962963,False
174196,174201,1081578.8194444445,1090794.236111111,9215.416666666666,False
174205,174207,1090845.7592592593,1091535.8796296297,690.1203703703703,False
174210,174215,1091579.726851852,1100793.9907407407,9214.263888888889,False
174219,174221,1100844.648148148,1101534.986111111,690.3379629629629,False
174224,174229,1101578.5185185184,1110794.3009259258,9215.782407407407,False
174233,174235,1110844.7083333333,1111534.9722222222,690.2638888888889,False
174238,174243,1111579.2962962964,1120793.962962963,9214.666666666666,False
174247,174249,1120845.0,1121535.1342592593,690.1342592592592,False
174252,174257,1121578.5277777778,1130793.625,9215.097222222223,False
174261,174263,1130844.976851852,1131534.8333333333,689.8564814814815,False
174266,174271,1131578.4259259258,1140794.5740740742,9216.148148148148,False
174275,174277,1140845.8425925926,1141536.0509259258,690.2083333333334,False
174280,174285,1141579.6805555555,1150793.1990740742,9213.518518518518,False
174289,174291,1150844.0185185184,1151534.4212962964,690.4027777777778,False
174294,174299,1151577.8472222222,1160793.5416666667,9215.694444444445,False
174303,174305,1160843.851851852,1161534.2175925926,690.3657407407408,False
174308,174313,1161578.1666666667,1170793.513888889,9215.347222222223,False
174317,174319,1170844.1064814816,1171534.6342592593,690.5277777777778,False
174322,174327,1171578.4675925926,1180793.5972222222,9215.12962962963,False
174331,174333,1180843.9490740742,1181534.3240740742,690.375,False
174336,174341,1181577.9675925926,1190794.4675925926,9216.5,False
174345,174347,1190845.5185185184,1191535.9305555555,690.4120370370371,False
174350,174355,1191579.4212962964,1200793.888888889,9214.467592592593,False
174359,174361,1200844.625,1201534.712962963,690.0879629629629,False
174364,174369,1201578.6759259258,1210793.8101851852,9215.13425925926,False
174373,174375,1210844.5462962964,1211534.912037037,690.3657407407408,False
174378,174383,1211578.2685185184,1220793.3333333333,9215.064814814816,False
174387,174389,1220843.7222222222,1221533.7546296297,690.0324074074074,False
174392,174397,1221577.4722222222,1230794.8796296297,9217.407407407407,False
174401,174403,1230845.8148148148,1231536.1759259258,690.3611111111111,False
174406,174411,1231579.861111111,1240793.4583333333,9213.597222222223,False
174415,174417,1240844.412037037,1241534.7222222222,690.3101851851852,False
174420,174429,1241579.0601851852,1245459.486111111,3880.425925925926,False
174433,174435,1245517.5555555555,1246207.8333333333,690.2777777777778,False
174438,174443,1246246.398148148,1250794.462962963,4548.064814814815,False
174447,174449,1250845.4953703703,1251535.476851852,689.9814814814815,False
174452,174457,1251579.037037037,1260793.3425925926,9214.305555555555,False
174461,174463,1260844.7777777778,1261534.8796296297,690.1018518518518,False
174466,174471,1261579.0555555555,1270794.8287037036,9215.773148148148,False
174475,174477,1270845.625,1271536.013888889,690.3888888888889,False
174480,174485,1271579.7962962964,1280793.4675925926,9213.671296296296,False
174489,174491,1280844.5046296297,1281534.4074074074,689.9027777777778,False
174494,174499,1281578.4074074074,1290793.4814814816,9215.074074074075,False
174503,174505,1290844.1157407407,1291533.9953703703,689.8796296296297,False
174508,174513,1291577.8472222222,1300793.087962963,9215.24074074074,False
174517,174519,1300843.125,1301533.7407407407,690.6157407407408,False
174522,174527,1301577.888888889,1310793.1296296297,9215.24074074074,False
174531,174533,1310844.101851852,1311534.3333333333,690.2314814814815,False
174536,174541,1311577.8935185184,1320793.3425925926,9215.449074074075,False
174545,174547,1320843.9398148148,1321534.337962963,690.3981481481482,False
174550,174555,1321577.523148148,1330793.3333333333,9215.810185185184,False
174559,174561,1330844.0277777778,1331534.0,689.9722222222222,False
174564,174569,1331578.2222222222,1340794.2824074074,9216.060185185184,False
174573,174575,1340845.3796296297,1341535.2777777778,689.8981481481482,False
174578,174583,1341579.3101851852,1350793.1064814816,9213.796296296296,False
174587,174589,1350844.0185185184,1351534.3333333333,690.3148148148148,False
174592,174597,1351577.6574074074,1360794.4212962964,9216.763888888889,False
174601,174603,1360845.5416666667,1361535.6296296297,690.0879629629629,False
174606,174611,1361578.9583333333,1370794.4398148148,9215.481481481482,False
174615,174617,1370845.2037037036,1371535.3287037036,690.125,False
174620,174625,1371579.4398148148,1380793.6203703703,9214.180555555555,False
174629,174631,1380844.9398148148,1381535.0925925926,690.1527777777778,False
174634,174639,1381579.2962962964,1390794.5833333333,9215.287037037036,False
174643,174645,1390845.4444444445,1391535.5833333333,690.1388888888889,False
174648,174653,1391578.9722222222,1400795.1203703703,9216.148148148148,False
174657,174659,1400845.7222222222,1401536.4398148148,690.7175925925926,False
174662,174667,1401580.3287037036,1410793.7777777778,9213.449074074075,False
174671,174673,1410844.212962963,1411534.4675925926,690.2546296296297,False
174676,174681,1411578.0972222222,1420793.273148148,9215.175925925925,False
174685,174687,1420844.8101851852,1421534.875,690.0648148148148,False
174690,174695,1421578.6990740742,1430794.0,9215.300925925925,False
174699,174701,1430844.4351851852,1431534.7083333333,690.2731481481482,False
174704,174709,1431578.611111111,1440793.6990740742,9215.087962962964,False
174713,174715,1440844.8101851852,1441534.5416666667,689.7314814814815,False
174718,174723,1441578.3564814816,1450793.2314814816,9214.875,False
174727,174729,1450845.0092592593,1451535.2777777778,690.2685185185185,False
174732,174737,1451578.3564814816,1460792.6296296297,9214.273148148148,False
174741,174743,1460843.0416666667,1461532.9398148148,689.8981481481482,False
174746,174751,1461576.1851851852,1470793.3703703703,9217.185185185184,False
174755,174757,1470844.412037037,1471534.4675925926,690.0555555555555,False
174760,174765,1471578.4953703703,1480794.4953703703,9216.0,False
174769,174771,1480845.0046296297,1481535.412037037,690.4074074074074,False
174774,174779,1481578.7083333333,1490793.523148148,9214.814814814816,False
174783,174785,1490844.6435185184,1491534.712962963,690.0694444444445,False
174788,174793,1491578.5925925926,1500793.5925925926,9215.0,False
174797,174799,1500843.962962963,1501534.3935185184,690.4305555555555,False
174802,174807,1501578.361111111,1510793.3842592593,9215.023148148148,False
174811,174813,1510844.4074074074,1511534.3564814816,689.949074074074,False
174816,174821,1511577.9490740742,1520793.037037037,9215.087962962964,False
174825,174827,1520843.7546296297,1521533.7962962964,690.0416666666666,False
174830,174835,1521577.486111111,1530793.287037037,9215.800925925925,False
174839,174841,1530844.0046296297,1531533.986111111,689.9814814814815,False
174844,174849,1531577.736111111,1540793.962962963,9216.226851851852,False
174853,174855,1540845.2546296297,1541535.2546296297,690.0,False
174858,174863,1541578.4675925926,1550793.8935185184,9215.425925925925,False
174867,174869,1550844.7175925926,1551534.7407407407,690.0231481481482,False
174872,174877,1551578.7546296297,1560794.2175925926,9215.462962962964,False
174881,174883,1560844.4074074074,1561534.9675925926,690.5601851851852,False
174886,174891,1561578.5601851852,1570793.6712962964,9215.111111111111,False
174895,174897,1570844.25,1571534.9259259258,690.675925925926,False
174900,174905,1571578.0,1580792.9398148148,9214.939814814816,False
174909,174911,1580843.3101851852,1581533.3703703703,690.0601851851852,False
174914,174919,1581576.8101851852,1590793.0925925926,9216.282407407407,False
174923,174925,1590844.0833333333,1591534.3148148148,690.2314814814815,False
174928,174933,1591577.9907407407,1600793.4907407407,9215.5,False
174937,174939,1600844.2546296297,1601534.787037037,690.5324074074074,False
174942,174947,1601578.8935185184,1610794.4722222222,9215.578703703704,False
174951,174953,1610845.2175925926,1611535.8333333333,690.6157407407408,False
174956,174961,1611579.2222222222,1620793.8101851852,9214.587962962964,False
174965,174967,1620844.912037037,1621535.5046296297,690.5925925925926,False
174970,174975,1621579.1944444445,1630794.1157407407,9214.921296296296,False
174979,174981,1630845.1712962964,1631535.4490740742,690.2777777777778,False
174984,174989,1631578.7777777778,1640794.0787037036,9215.300925925925,False
174993,174995,1640845.0740740742,1641535.2175925926,690.1435185185185,False
174998,175003,1641579.5046296297,1650793.7222222222,9214.217592592593,False
175007,175009,1650844.6944444445,1651534.7407407407,690.0462962962963,False
175012,175017,1651578.6712962964,1660793.6296296297,9214.958333333334,False
175021,175023,1660844.3240740742,1661534.2314814816,689.9074074074074,False
175026,175031,1661577.726851852,1670793.9074074074,9216.180555555555,False
175035,175037,1670844.9444444445,1671535.2777777778,690.3333333333334,False
175040,175045,1671579.4675925926,1680793.773148148,9214.305555555555,False
175049,175051,1680844.6944444445,1681534.6203703703,689.925925925926,False
175054,175059,1681578.087962963,1690794.0555555555,9215.967592592593,False
175063,175065,1690845.375,1691535.7962962964,690.4212962962963,False
175068,175073,1691579.4722222222,1700793.9166666667,9214.444444444445,False
175077,175079,1700844.6990740742,1701534.7037037036,690.0046296296297,False
175082,175087,1701578.5092592593,1710794.0092592593,9215.5,False
175091,175093,1710844.5833333333,1711535.2037037036,690.6203703703703,False
175096,175101,1711578.6203703703,1720794.398148148,9215.777777777777,False
175105,175107,1720845.138888889,1721535.4907407407,690.3518518518518,False
175110,175115,1721578.625,1730793.8564814816,9215.231481481482,False
175119,175121,1730844.8564814816,1731535.0324074074,690.175925925926,False
175124,175129,1731578.8055555555,1740794.6990740742,9215.893518518518,False
175133,175135,1740845.212962963,1741535.476851852,690.2638888888889,False
175138,175143,1741579.2453703703,1750793.625,9214.37962962963,False
175147,175149,1750844.3657407407,1751535.013888889,690.6481481481482,False
175152,175157,1751579.1712962964,1760794.1157407407,9214.944444444445,False
175161,175163,1760844.4074074074,1761534.5694444445,690.1620370370371,False
175166,175171,1761577.888888889,1770793.3148148148,9215.425925925925,False
175175,175177,1770844.138888889,1771533.9490740742,689.8101851851852,False
175180,175185,1771578.0277777778,1780793.6759259258,9215.648148148148,False
175189,175191,1780844.3472222222,1781534.875,690.5277777777778,False
175194,175199,1781578.5,1790795.4398148148,9216.939814814816,False
175203,175205,1790846.1990740742,1791536.398148148,690.199074074074,False
175208,175213,1791580.4583333333,1800793.75,9213.291666666666,False
175217,175219,1800845.2453703703,1801535.111111111,689.8657407407408,False
175222,175227,1801578.3657407407,1810793.851851852,9215.486111111111,False
175231,175233,1810843.9675925926,1811534.2407407407,690.2731481481482,False
175236,175241,1811577.6064814816,1820793.513888889,9215.907407407407,False
175245,175247,1820844.0740740742,1821534.0416666667,689.9675925925926,False
175250,175255,1821577.1666666667,1830793.8935185184,9216.726851851852,False
175259,175261,1830844.462962963,1831534.6851851852,690.2222222222222,False
175264,175269,1831578.5601851852,1840793.8842592593,9215.324074074075,False
175273,175275,1840844.9722222222,1841535.5833333333,690.6111111111111,False
175278,175283,1841579.1666666667,1850793.5787037036,9214.412037037036,False
175287,175289,1850844.375,1851534.5324074074,690.1574074074074,False
175292,175297,1851578.0925925926,1860794.7037037036,9216.611111111111,False
175301,175303,1860845.9537037036,1861536.462962963,690.5092592592592,False
175306,175311,1861579.1296296297,1870793.4444444445,9214.314814814816,False
175315,175317,1870843.976851852,1871534.138888889,690.1620370370371,False
175320,175325,1871577.8240740742,1880794.412037037,9216.587962962964,False
175329,175331,1880845.0787037036,1881535.6296296297,690.550925925926,False
175334,175339,1881579.0694444445,1890793.3333333333,9214.263888888889,False
175343,175345,1890844.611111111,1891534.7546296297,690.1435185185185,False
175348,175353,1891577.9027777778,1900793.8009259258,9215.898148148148,False
175357,175359,1900844.2546296297,1901534.4537037036,690.199074074074,False
175362,175367,1901578.6342592593,1910794.412037037,9215.777777777777,False
175371,175373,1910845.0509259258,1911535.0046296297,689.9537037037037,False
175376,175381,1911579.2407407407,1920794.25,9215.00925925926,False
175385,175387,1920845.287037037,1921535.3657407407,690.0787037037037,False
175390,175395,1921579.087962963,1930793.6898148148,9214.601851851852,False
175399,175401,1930845.3240740742,1931535.2453703703,689.9212962962963,False
175404,175409,1931579.236111111,1940794.412037037,9215.175925925925,False
175413,175415,1940845.3425925926,1941535.388888889,690.0462962962963,False
175418,175423,1941579.0740740742,1950794.023148148,9214.949074074075,False
175427,175429,1950844.6759259258,1951535.037037037,690.3611111111111,False
175432,175437,1951579.0185185184,1960793.6898148148,9214.671296296296,False
175441,175443,1960844.4351851852,1961534.6435185184,690.2083333333334,False
175446,175451,1961577.888888889,1970793.861111111,9215.972222222223,False
175455,175457,1970844.662037037,1971534.9074074074,690.2453703703703,False
175460,175465,1971578.7546296297,1980793.6435185184,9214.888888888889,False
175469,175471,1980844.5972222222,1981534.5925925926,689.9953703703703,False
175474,175479,1981578.0324074074,1990794.523148148,9216.49074074074,False
175483,175485,1990846.4722222222,1991536.4398148148,689.9675925925926,False
175488,175493,1991580.0277777778,2000794.5972222222,9214.569444444445,False
175497,175499,2000845.3240740742,2001535.9814814816,690.6574074074074,False
175502,175507,2001579.375,2010793.3796296297,9214.00462962963,False
175511,175513,2010844.1064814816,2011534.5324074074,690.425925925926,False
175516,175521,2011578.5462962964,2020794.625,9216.078703703704,False
175525,175527,2020845.1944444445,2021535.601851852,690.4074074074074,False
175530,175535,2021579.0694444445,2030794.337962963,9215.268518518518,False
175539,175541,2030844.6157407407,2031535.0833333333,690.4675925925926,False
175544,175549,2031578.4675925926,2040793.6435185184,9215.175925925925,False
175553,175555,2040843.9722222222,2041534.361111111,690.3888888888889,False
175558,175563,2041578.3333333333,2050793.3842592593,9215.050925925925,False
175567,175569,2050844.0694444445,2051534.2824074074,690.2129629629629,False
175572,175577,2051577.7083333333,2060793.5925925926,9215.88425925926,False
175581,175583,2060844.4212962964,2061534.412037037,689.9907407407408,False
175586,175591,2061578.023148148,2070793.6759259258,9215.652777777777,False
175595,175597,2070844.7407407407,2071535.1944444445,690.4537037037037,False
175600,175605,2071578.6898148148,2080794.1574074074,9215.467592592593,False
175609,175611,2080844.625,2081535.0416666667,690.4166666666666,False
175614,175619,2081578.6296296297,2090794.6064814816,9215.976851851852,False
175623,175625,2090845.7314814816,2091535.513888889,689.7824074074074,False
175628,175633,2091578.8101851852,2100793.6666666665,9214.856481481482,False
175637,175639,2100844.2453703703,2101534.597222222,690.3518518518518,False
175642,175651,2101577.671296296,2105486.3703703703,3908.699074074074,False
175655,175657,2105545.1805555555,2106235.5185185187,690.3379629629629,False
175660,175665,2106273.9953703703,2110794.472222222,4520.476851851852,False
175669,175671,2110845.171296296,2111535.486111111,690.3148148148148,False
175674,175679,2111579.6157407407,2120794.162037037,9214.546296296296,False
175683,175685,2120845.2407407407,2121535.152777778,689.9120370370371,False
175688,175693,2121578.5231481483,2130793.5185185187,9214.99537037037,False
175697,175699,2130843.861111111,2131534.050925926,690.1898148148148,False
175702,175707,2131577.3981481483,2140793.175925926,9215.777777777777,False
175711,175713,2140844.1157407407,2141534.087962963,689.9722222222222,False
175716,175721,2141577.6342592593,2150793.3055555555,9215.671296296296,False
175725,175727,2150844.6157407407,2151534.763888889,690.1481481481482,False
175730,175735,2151578.3935185187,2160794.763888889,9216.37037037037,False
175739,175741,2160845.9953703703,2161536.1018518517,690.1064814814815,False
175744,175749,2161579.9444444445,2170793.810185185,9213.86574074074,False
175753,175755,2170844.861111111,2171535.092592593,690.2314814814815,False
175758,175763,2171578.875,2180794.439814815,9215.564814814816,False
175767,175769,2180844.9953703703,2181534.8842592593,689.8888888888889,False
175772,175777,2181578.4768518517,2190793.342592593,9214.86574074074,False
175781,175783,2190844.486111111,2191534.300925926,689.8148148148148,False
175786,175791,2191577.8333333335,2200793.7916666665,9215.958333333334,False
175795,175797,2200844.7453703703,2201535.092592593,690.3472222222222,False
175800,175805,2201578.578703704,2210793.787037037,9215.208333333334,False
175809,175811,2210844.0185185187,2211534.421296296,690.4027777777778,False
175814,175819,2211578.236111111,2220793.8703703703,9215.63425925926,False
175823,175825,2220844.638888889,2221534.597222222,689.9583333333334,False
175828,175833,2221578.3194444445,2230793.7731481483,9215.453703703704,False
175837,175839,2230844.2314814813,2231534.347222222,690.1157407407408,False
175842,175847,2231577.8518518517,2240793.842592593,9215.99074074074,False
175851,175853,2240844.7731481483,2241534.777777778,690.0046296296297,False
175856,175861,2241578.625,2250794.0694444445,9215.444444444445,False
175865,175867,2250844.828703704,2251535.388888889,690.5601851851852,False
175870,175875,2251579.0833333335,2260794.1342592593,9215.050925925925,False
175879,175881,2260845.171296296,2261535.3518518517,690.1805555555555,False
175884,175889,2261578.592592593,2270795.1296296297,9216.537037037036,False
175893,175895,2270845.953703704,2271536.527777778,690.574074074074,False
175898,175903,2271580.2592592593,2280794.3981481483,9214.138888888889,False
175907,175909,2280844.6296296297,2281534.972222222,690.3425925925926,False
175912,175917,2281578.097222222,2290794.2453703703,9216.148148148148,False
175921,175923,2290844.875,2291535.171296296,690.2962962962963,False
175926,175931,2291579.1296296297,2300795.1157407407,9215.986111111111,False
175935,175937,2300846.027777778,2301536.212962963,690.1851851851852,False
175940,175945,2301580.1064814813,2310794.972222222,9214.86574074074,False
175949,175951,2310845.861111111,2311536.2731481483,690.4120370370371,False
175954,175959,2311580.0092592593,2320793.0833333335,9213.074074074075,False
175963,175965,2320844.0185185187,2321534.2546296297,690.2361111111111,False
175968,175973,2321577.6018518517,2330794.337962963,9216.736111111111,False
175977,175979,2330845.375,2331535.347222222,689.9722222222222,False
175982,175987,2331578.935185185,2340793.828703704,9214.893518518518,False
175991,175993,2340844.5,2341534.699074074,690.199074074074,False
175996,176001,2341577.837962963,2350794.296296296,9216.458333333334,False
176005,176007,2350844.925925926,2351535.157407407,690.2314814814815,False
176010,176015,2351579.587962963,2360794.3333333335,9214.74537037037,False
176019,176021,2360845.037037037,2361535.2592592593,690.2222222222222,False
176024,176029,2361578.722222222,2370795.4444444445,9216.722222222223,False
176033,176035,2370845.875,2371535.902777778,690.0277777777778,False
176038,176043,2371579.75,2380793.6342592593,9213.88425925926,False
176047,176049,2380844.9166666665,2381535.1944444445,690.2777777777778,False
176052,176057,2381578.6666666665,2390794.1203703703,9215.453703703704,False
176061,176063,2390845.203703704,2391535.1481481483,689.9444444444445,False
176066,176071,2391578.4953703703,2400793.967592593,9215.472222222223,False
176075,176077,2400844.2268518517,2401534.699074074,690.4722222222222,False
176080,176085,2401578.3194444445,2410794.4768518517,9216.157407407407,False
176089,176091,2410845.3194444445,2411535.3842592593,690.0648148148148,False
176094,176099,2411578.9814814813,2420794.203703704,9215.222222222223,False
176103,176105,2420844.814814815,2421535.2083333335,690.3935185185185,False
176108,176113,2421579.3518518517,2430794.013888889,9214.662037037036,False
176117,176119,2430844.4166666665,2431534.4814814813,690.0648148148148,False
176122,176127,2431578.296296296,2440795.087962963,9216.791666666666,False
176131,176133,2440845.5694444445,2441535.3842592593,689.8148148148148,False
176136,176141,2441578.9953703703,2450793.8703703703,9214.875,False
176145,176147,2450844.425925926,2451534.6064814813,690.1805555555555,False
176150,176155,2451578.4583333335,2460794.1435185187,9215.685185185184,False
176159,176161,2460845.092592593,2461535.217592593,690.125,False
176164,176169,2461579.078703704,2470793.9444444445,9214.86574074074,False
176173,176175,2470844.597222222,2471534.7268518517,690.1296296296297,False
176178,176183,2471578.3981481483,2480794.157407407,9215.75925925926,False
176187,176189,2480844.8981481483,2481535.1157407407,690.2175925925926,False
176192,176197,2481578.560185185,2490793.263888889,9214.703703703704,False
176201,176203,2490844.3564814813,2491534.675925926,690.3194444444445,False
176206,176211,2491577.763888889,2500794.111111111,9216.347222222223,False
176215,176217,2500845.3796296297,2501535.4305555555,690.050925925926,False
176220,176225,2501578.689814815,2510793.962962963,9215.273148148148,False
176229,176231,2510845.3703703703,2511535.175925926,689.8055555555555,False
176234,176239,2511578.685185185,2520792.986111111,9214.300925925925,False
176243,176245,2520844.402777778,2521534.638888889,690.2361111111111,False
176248,176253,2521578.3703703703,2530793.4907407407,9215.12037037037,False
176257,176259,2530844.75,2531534.842592593,690.0925925925926,False
176262,176267,2531578.453703704,2540793.064814815,9214.611111111111,False
176271,176273,2540843.777777778,2541533.782407407,690.0046296296297,False
176276,176281,2541577.2916666665,2550793.4583333335,9216.166666666666,False
176285,176287,2550844.013888889,2551534.3564814813,690.3425925925926,False
176290,176295,2551578.4814814813,2560794.1481481483,9215.666666666666,False
176299,176301,2560845.037037037,2561535.074074074,690.0370370370371,False
176304,176309,2561578.125,2570794.962962963,9216.837962962964,False
176313,176315,2570845.5,2571535.8055555555,690.3055555555555,False
176318,176323,2571579.300925926,2580794.171296296,9214.87037037037,False
176327,176329,2580844.5231481483,2581535.0231481483,690.5,False
176332,176337,2581578.763888889,2590793.9953703703,9215.231481481482,False
176341,176343,2590845.361111111,2591535.5833333335,690.2222222222222,False
176346,176351,2591579.092592593,2600794.032407407,9214.939814814816,False
176355,176357,2600844.7546296297,2601535.0185185187,690.2638888888889,False
176360,176365,2601578.6064814813,2610793.217592593,9214.611111111111,False
176369,176371,2610844.388888889,2611534.189814815,689.800925925926,False
176374,176379,2611578.2268518517,2620794.1805555555,9215.953703703704,False
176383,176385,2620844.722222222,2621535.0416666665,690.3194444444445,False
176388,176393,2621579.171296296,2630793.402777778,9214.231481481482,False
176397,176399,2630844.222222222,2631534.310185185,690.0879629629629,False
176402,176407,2631578.2731481483,2640793.6944444445,9215.421296296296,False
176411,176413,2640844.675925926,2641534.967592593,690.2916666666666,False
176416,176421,2641579.2083333335,2650792.722222222,9213.513888888889,False
176425,176427,2650842.9814814813,2651533.0046296297,690.0231481481482,False
176430,176435,2651576.578703704,2660794.162037037,9217.583333333334,False
176439,176441,2660844.8796296297,2661534.907407407,690.0277777777778,False
176444,176449,2661579.1203703703,2670794.125,9215.00462962963,False
176453,176455,2670845.1296296297,2671535.25,690.1203703703703,False
176458,176463,2671578.6064814813,2680793.689814815,9215.083333333334,False
176467,176469,2680844.6342592593,2681534.7916666665,690.1574074074074,False
176472,176477,2681578.1481481483,2690794.3564814813,9216.208333333334,False
176481,176483,2690844.8194444445,2691535.1064814813,690.2870370370371,False
176486,176491,2691579.787037037,2700793.967592593,9214.180555555555,False
176495,176497,2700844.564814815,2701535.157407407,690.5925925925926,False
176500,176505,2701578.5833333335,2710794.347222222,9215.763888888889,False
176509,176511,2710845.6481481483,2711535.662037037,690.0138888888889,False
176514,176519,2711579.310185185,2720794.287037037,9214.976851851852,False
176523,176525,2720845.527777778,2721535.8333333335,690.3055555555555,False
176528,176533,2721579.7731481483,2730793.625,9213.851851851852,False
176537,176539,2730844.064814815,2731534.2731481483,690.2083333333334,False
176542,176547,2731577.902777778,2740794.328703704,9216.425925925925,False
176551,176553,2740845.925925926,2741536.032407407,690.1064814814815,False
176556,176561,2741579.796296296,2750793.9953703703,9214.199074074075,False
176565,176567,2750844.8935185187,2751535.328703704,690.4351851851852,False
176570,176575,2751578.9907407407,2760794.050925926,9215.060185185184,False
176579,176581,2760844.6481481483,2761534.712962963,690.0648148148148,False
176584,176589,2761578.3703703703,2770793.7407407407,9215.37037037037,False
176593,176595,2770844.5185185187,2771534.564814815,690.0462962962963,False
176598,176603,2771577.6157407407,2780793.7916666665,9216.175925925925,False
176607,176609,2780844.7731481483,2781534.7268518517,689.9537037037037,False
176612,176617,2781579.171296296,2790795.078703704,9215.907407407407,False
176621,176623,2790846.277777778,2791536.152777778,689.875,False
176626,176631,2791579.9907407407,2800794.787037037,9214.796296296296,False
176635,176637,2800845.861111111,2801535.972222222,690.1111111111111,False
176640,176645,2801578.6296296297,2810794.078703704,9215.449074074075,False
176649,176651,2810844.8796296297,2811535.171296296,690.2916666666666,False
176654,176659,2811579.0694444445,2820794.6018518517,9215.532407407407,False
176663,176665,2820845.7453703703,2821535.925925926,690.1805555555555,False
176668,176673,2821579.4444444445,2830794.574074074,9215.12962962963,False
176677,176679,2830845.7407407407,2831535.625,689.8842592592592,False
176682,176687,2831579.310185185,2840794.2916666665,9214.981481481482,False
176691,176693,2840845.171296296,2841535.185185185,690.0138888888889,False
176696,176701,2841579.3194444445,2850794.347222222,9215.027777777777,False
176705,176707,2850845.199074074,2851535.1435185187,689.9444444444445,False
176710,176715,2851578.962962963,2860795.0185185187,9216.055555555555,False
176719,176721,2860846.574074074,2861536.875,690.300925925926,False
176724,176729,2861580.421296296,2870794.324074074,9213.902777777777,False
176733,176735,2870845.5,2871535.3935185187,689.8935185185185,False
176738,176743,2871580.1203703703,2880793.837962963,9213.717592592593,False
176747,176749,2880844.203703704,2881534.6203703703,690.4166666666666,False
176752,176757,2881578.277777778,2890793.842592593,9215.564814814816,False
176761,176763,2890844.6805555555,2891534.9444444445,690.2638888888889,False
176766,176771,2891578.9768518517,2900794.175925926,9215.199074074075,False
176775,176777,2900844.7916666665,2901535.296296296,690.5046296296297,False
176780,176785,2901579.2685185187,2910792.800925926,9213.532407407407,False
176789,176791,2910843.296296296,2911533.4768518517,690.1805555555555,False
176794,176799,2911577.185185185,2920793.4814814813,9216.296296296296,False
176803,176805,2920844.3703703703,2921534.3657407407,689.9953703703703,False
176808,176813,2921577.777777778,2930794.4166666665,9216.638888888889,False
176817,176819,2930845.6018518517,2931535.5185185187,689.9166666666666,False
176822,176827,2931579.074074074,2940793.0185185187,9213.944444444445,False
176831,176833,2940843.6018518517,2941533.7268518517,690.125,False
176836,176841,2941577.814814815,2950794.2592592593,9216.444444444445,False
176845,176847,2950845.5,2951535.796296296,690.2962962962963,False
176850,176859,2951579.7731481483,2960844.8194444445,9265.046296296296,False
176867,176869,2961036.592592593,2961727.1481481483,690.5555555555555,False
176873,176875,2961779.0694444445,2962469.402777778,690.3333333333334,False
176878,176883,2962507.925925926,2970793.453703704,8285.527777777777,False
176887,176889,2970844.310185185,2971534.449074074,690.1388888888889,False
176892,176897,2971578.2546296297,2980794.347222222,9216.092592592593,False
176901,176903,2980845.9583333335,2981536.027777778,690.0694444444445,False
176906,176911,2981578.921296296,2990793.4953703703,9214.574074074075,False
176915,176917,2990844.175925926,2991534.361111111,690.1851851851852,False
176920,176925,2991579.1944444445,3000793.712962963,9214.518518518518,False
176929,176931,3000844.1666666665,3001534.638888889,690.4722222222222,False
176934,176939,3001578.8518518517,3010793.787037037,9214.935185185184,False
176943,176945,3010844.638888889,3011535.064814815,690.425925925926,False
176948,176953,3011579.1666666665,3020794.0,9214.833333333334,False
176957,176959,3020845.3333333335,3021535.6157407407,690.2824074074074,False
176962,176967,3021579.310185185,3030793.828703704,9214.518518518518,False
176971,176973,3030844.717592593,3031534.949074074,690.2314814814815,False
176976,176981,3031578.6805555555,3040793.1296296297,9214.449074074075,False
176985,176987,3040843.3055555555,3041533.7731481483,690.4675925925926,False
176990,176995,3041577.564814815,3050793.7083333335,9216.143518518518,False
176999,177001,3050844.9768518517,3051535.217592593,690.2407407407408,False
177004,177009,3051578.467592593,3060794.439814815,9215.972222222223,False
177013,177015,3060845.578703704,3061535.8333333335,690.2546296296297,False
177018,177023,3061579.532407407,3070794.6296296297,9215.097222222223,False
177027,177029,3070845.2083333335,3071535.310185185,690.1018518518518,False
177032,177037,3071579.5046296297,3080794.6481481483,9215.143518518518,False
177041,177043,3080845.0694444445,3081535.287037037,690.2175925925926,False
177046,177051,3081578.7546296297,3090793.388888889,9214.63425925926,False
177055,177057,3090843.921296296,3091534.6203703703,690.699074074074,False
177060,177065,3091578.3981481483,3100793.564814815,9215.166666666666,False
177069,177071,3100843.7592592593,3101534.3657407407,690.6064814814815,False
177074,177079,3101578.013888889,3110794.0092592593,9215.99537037037,False
177083,177085,3110844.722222222,3111535.375,690.6527777777778,False
177088,177093,3111579.3796296297,3120793.467592593,9214.087962962964,False
177097,177099,3120844.037037037,3121534.1157407407,690.0787037037037,False
177102,177107,3121577.7916666665,3130793.6666666665,9215.875,False
177111,177113,3130844.2453703703,3131534.703703704,690.4583333333334,False
177116,177125,3131577.9953703703,3135099.25,3521.2546296296296,False
177129,177131,3135157.532407407,3135848.064814815,690.5324074074074,False
177134,177139,3135886.152777778,3140794.027777778,4907.875,False
177143,177145,3140845.212962963,3141535.412037037,690.199074074074,False
177148,177153,3141579.097222222,3150793.7592592593,9214.662037037036,False
177157,177159,3150844.435185185,3151534.736111111,690.300925925926,False
177162,177167,3151578.662037037,3160794.314814815,9215.652777777777,False
177171,177173,3160845.486111111,3161535.6296296297,690.1435185185185,False
177176,177181,3161579.337962963,3170793.9814814813,9214.643518518518,False
177185,177187,3170844.8703703703,3171534.6805555555,689.8101851851852,False
177190,177195,3171578.689814815,3180794.675925926,9215.986111111111,False
177199,177201,3180844.888888889,3181535.199074074,690.3101851851852,False
177204,177209,3181578.314814815,3190793.611111111,9215.296296296296,False
177213,177215,3190844.6203703703,3191534.782407407,690.1620370370371,False
177218,177223,3191578.888888889,3200794.0555555555,9215.166666666666,False
177227,177229,3200845.0231481483,3201535.3564814813,690.3333333333334,False
177232,177237,3201579.282407407,3210793.546296296,9214.263888888889,False
177241,177243,3210844.453703704,3211534.402777778,689.949074074074,False
177246,177251,3211578.027777778,3220793.787037037,9215.75925925926,False
177255,177257,3220845.0416666665,3221535.467592593,690.425925925926,False
177260,177265,3221579.402777778,3230796.6666666665,9217.263888888889,False
177269,177271,3230847.564814815,3231538.1157407407,690.550925925926,False
177274,177279,3231581.532407407,3240794.657407407,9213.125,False
177283,177285,3240845.277777778,3241535.592592593,690.3148148148148,False
177288,177293,3241579.0092592593,3250793.7407407407,9214.731481481482,False
177297,177299,3250844.189814815,3251534.875,690.6851851851852,False
177302,177307,3251578.5833333335,3260794.675925926,9216.092592592593,False
177311,177313,3260845.425925926,3261535.75,690.324074074074,False
177316,177321,3261579.8055555555,3270794.8518518517,9215.046296296296,False
177325,177327,3270846.1157407407,3271536.0555555555,689.9398148148148,False
177330,177335,3271579.513888889,3280793.097222222,9213.583333333334,False
177339,177341,3280843.8518518517,3281533.837962963,689.9861111111111,False
177344,177349,3281577.467592593,3290794.300925926,9216.833333333334,False
177353,177355,3290845.6342592593,3291536.1064814813,690.4722222222222,False
177358,177363,3291579.282407407,3300794.175925926,9214.893518518518,False
177367,177369,3300845.287037037,3301535.1944444445,689.9074074074074,False
177372,177377,3301579.657407407,3310793.407407407,9213.75,False
177381,177383,3310844.5,3311534.888888889,690.3888888888889,False
177386,177391,3311578.7546296297,3320792.9305555555,9214.175925925925,False
177395,177397,3320843.9583333335,3321534.412037037,690.4537037037037,False
177400,177405,3321577.9768518517,3330794.7546296297,9216.777777777777,False
177409,177411,3330846.4444444445,3331536.5416666665,690.0972222222222,False
177414,177419,3331579.8564814813,3340793.6203703703,9213.763888888889,False
177423,177425,3340844.236111111,3341534.787037037,690.550925925926,False
177428,177433,3341578.287037037,3350793.921296296,9215.63425925926,False
177437,177439,3350844.921296296,3351535.2083333335,690.2870370370371,False
177442,177447,3351578.222222222,3360794.8333333335,9216.611111111111,False
177451,177453,3360845.6296296297,3361536.111111111,690.4814814814815,False
177456,177461,3361580.217592593,3370794.3981481483,9214.180555555555,False
177465,177467,3370845.324074074,3371535.6435185187,690.3194444444445,False
177470,177475,3371579.074074074,3380793.564814815,9214.49074074074,False
177479,177481,3380844.638888889,3381534.574074074,689.9351851851852,False
177484,177489,3381577.847222222,3390794.2083333335,9216.361111111111,False
177493,177495,3390844.486111111,3391534.532407407,690.0462962962963,False
177498,177503,3391578.263888889,3400794.8055555555,9216.541666666666,False
177507,177509,3400846.2546296297,3401536.842592593,690.5879629629629,False
177512,177517,3401580.1296296297,3410794.1203703703,9213.99074074074,False
177521,177523,3410844.875,3411535.412037037,690.5370370370371,False
177526,177531,3411578.550925926,3420794.013888889,9215.462962962964,False
177535,177537,3420844.722222222,3421534.439814815,689.7175925925926,False
177540,177545,3421578.282407407,3430794.1342592593,9215.851851851852,False
177549,177551,3430845.1018518517,3431535.472222222,690.3703703703703,False
177554,177559,3431579.875,3440794.587962963,9214.712962962964,False
177563,177565,3440845.6157407407,3441535.921296296,690.3055555555555,False
177568,177573,3441579.5694444445,3450793.2453703703,9213.675925925925,False
177577,177579,3450844.3194444445,3451534.4305555555,690.1111111111111,False
177582,177587,3451578.0833333335,3460793.453703704,9215.37037037037,False
177591,177593,3460844.0555555555,3461534.5416666665,690.4861111111111,False
177596,177601,3461578.837962963,3470795.222222222,9216.38425925926,False
177605,177607,3470846.175925926,3471536.189814815,690.0138888888889,False
177610,177615,3471580.0092592593,3480793.736111111,9213.726851851852,False
177619,177621,3480844.8703703703,3481535.25,690.3796296296297,False
177624,177629,3481579.2083333335,3490793.907407407,9214.699074074075,False
177633,177635,3490845.1203703703,3491534.9166666665,689.7962962962963,False
177638,177643,3491578.800925926,3500793.7453703703,9214.944444444445,False
177647,177649,3500844.421296296,3501534.685185185,690.2638888888889,False
177652,177657,3501578.347222222,3510794.2314814813,9215.88425925926,False
177661,177663,3510846.203703704,3511536.0694444445,689.8657407407408,False
177666,177671,3511579.7268518517,3520793.9907407407,9214.263888888889,False
177675,177677,3520844.9305555555,3521535.027777778,690.0972222222222,False
177680,177685,3521579.064814815,3530794.189814815,9215.125,False
177689,177691,3530845.5046296297,3531536.078703704,690.574074074074,False
177694,177699,3531580.3657407407,3540795.3518518517,9214.986111111111,False
177703,177705,3540845.3796296297,3541535.8935185187,690.5138888888889,False
177708,177713,3541579.7592592593,3550793.337962963,9213.578703703704,False
177717,177719,3550844.2314814813,3551534.3703703703,690.1388888888889,False
177722,177727,3551578.212962963,3560793.9166666665,9215.703703703704,False
177731,177733,3560844.712962963,3561534.824074074,690.1111111111111,False
177736,177741,3561578.662037037,3570794.1203703703,9215.458333333334,False
177745,177747,3570844.3564814813,3571534.814814815,690.4583333333334,False
177750,177755,3571578.5185185187,3580793.074074074,9214.555555555555,False
177759,177761,3580844.1296296297,3581534.2592592593,690.1296296296297,False
177764,177769,3581577.0231481483,3590794.0231481483,9217.0,False
177773,177775,3590845.5833333335,3591535.736111111,690.1527777777778,False
177778,177783,3591578.986111111,3600793.5092592593,9214.523148148148,False
177787,177789,3600843.5416666665,3601533.9305555555,690.3888888888889,False
177792,177797,3601577.300925926,3610792.800925926,9215.5,False
177801,177803,3610843.9305555555,3611533.703703704,689.7731481481482,False
177806,177811,3611577.5,3620793.814814815,9216.314814814816,False
177815,177817,3620844.412037037,3621534.6157407407,690.2037037037037,False
177820,177825,3621578.175925926,3630794.152777778,9215.976851851852,False
177829,177831,3630845.0555555555,3631534.921296296,689.8657407407408,False
177834,177839,3631579.0185185187,3640793.828703704,9214.810185185184,False
177843,177845,3640844.425925926,3641534.472222222,690.0462962962963,False
177848,177853,3641577.861111111,3650794.2407407407,9216.37962962963,False
177857,177859,3650844.699074074,3651534.736111111,690.0370370370371,False
177862,177867,3651577.7083333335,3660793.907407407,9216.199074074075,False
177871,177873,3660844.722222222,3661534.7916666665,690.0694444444445,False
177876,177881,3661578.861111111,3670794.5,9215.638888888889,False
177885,177887,3670845.1064814813,3671535.324074074,690.2175925925926,False
177890,177895,3671578.564814815,3680793.912037037,9215.347222222223,False
177899,177901,3680844.949074074,3681535.162037037,690.2129629629629,False
177904,177909,3681578.564814815,3690793.689814815,9215.125,False
177913,177915,3690844.0092592593,3691534.1018518517,690.0925925925926,False
177918,177923,3691578.486111111,3700793.712962963,9215.226851851852,False
177927,177929,3700844.277777778,3701534.222222222,689.9444444444445,False
177932,177937,3701578.0046296297,3710794.4444444445,9216.439814814816,False
177941,177943,3710845.361111111,3711535.703703704,690.3425925925926,False
177946,177951,3711578.638888889,3720794.3842592593,9215.74537037037,False
177955,177957,3720844.8055555555,3721535.2916666665,690.4861111111111,False
177960,177965,3721578.7546296297,3730794.328703704,9215.574074074075,False
177969,177971,3730844.837962963,3731534.9305555555,690.0925925925926,False
177974,177979,3731578.6157407407,3740794.574074074,9215.958333333334,False
177983,177985,3740845.046296296,3741535.097222222,690.050925925926,False
177988,177993,3741578.532407407,3750794.0046296297,9215.472222222223,False
177997,177999,3750845.875,3751535.8194444445,689.9444444444445,False
178002,178007,3751579.9305555555,3760794.064814815,9214.13425925926,False
178011,178013,3760845.2731481483,3761535.388888889,690.1157407407408,False
178016,178021,3761579.425925926,3770793.6435185187,9214.217592592593,False
178025,178027,3770844.8842592593,3771535.1157407407,690.2314814814815,False
178030,178035,3771578.5046296297,3780793.3842592593,9214.87962962963,False
178039,178041,3780844.513888889,3781534.652777778,690.1388888888889,False
178044,178049,3781579.1666666665,3790794.5555555555,9215.388888888889,False
178053,178055,3790844.925925926,3791535.1435185187,690.2175925925926,False
178058,178063,3791578.685185185,3800793.787037037,9215.101851851852,False
178067,178069,3800844.4444444445,3801534.8842592593,690.4398148148148,False
178072,178077,3801578.810185185,3810794.212962963,9215.402777777777,False
178081,178083,3810844.7268518517,3811535.4305555555,690.7037037037037,False
178086,178091,3811579.138888889,3820793.712962963,9214.574074074075,False
178095,178097,3820844.046296296,3821534.587962963,690.5416666666666,False
178100,178105,3821578.564814815,3830793.4814814813,9214.916666666666,False
178109,178111,3830844.4444444445,3831534.513888889,690.0694444444445,False
178114,178119,3831578.0231481483,3840794.037037037,9216.013888888889,False
178123,178125,3840845.287037037,3841535.287037037,690.0,False
178128,178133,3841578.907407407,3850794.0046296297,9215.097222222223,False
178137,178139,3850845.1944444445,3851534.8796296297,689.6851851851852,False
178142,178147,3851578.8518518517,3860793.0694444445,9214.217592592593,False
178151,178153,3860843.8703703703,3861534.282407407,690.4120370370371,False
178156,178161,3861578.263888889,3870793.087962963,9214.824074074075,False
178165,178167,3870843.361111111,3871533.175925926,689.8148148148148,False
178170,178175,3871576.314814815,3880793.157407407,9216.842592592593,False
178179,178181,3880843.9953703703,3881534.3518518517,690.3564814814815,False
178184,178189,3881578.6666666665,3890794.7546296297,9216.087962962964,False
178193,178195,3890845.777777778,3891536.125,690.3472222222222,False
178198,178203,3891579.6064814813,3900793.787037037,9214.180555555555,False
178207,178209,3900844.212962963,3901534.4444444445,690.2314814814815,False
178212,178217,3901578.050925926,3910793.402777778,9215.351851851852,False
178221,178223,3910844.282407407,3911534.3703703703,690.0879629629629,False
178226,178231,3911577.9444444445,3920795.064814815,9217.12037037037,False
178235,178237,3920846.217592593,3921535.902777778,689.6851851851852,False
178240,178245,3921579.097222222,3930793.652777778,9214.555555555555,False
178249,178251,3930844.189814815,3931534.592592593,690.4027777777778,False
178254,178259,3931577.921296296,3940794.074074074,9216.152777777777,False
178263,178265,3940845.185185185,3941535.7731481483,690.5879629629629,False
178268,178273,3941579.861111111,3950794.4814814813,9214.62037037037,False
178277,178279,3950845.592592593,3951535.4583333335,689.8657407407408,False
178282,178287,3951578.662037037,3960792.9583333335,9214.296296296296,False
178291,178293,3960843.717592593,3961533.907407407,690.1898148148148,False
178296,178301,3961577.9583333335,3970793.4583333335,9215.5,False
178305,178307,3970844.375,3971534.4907407407,690.1157407407408,False
178310,178315,3971578.361111111,3980793.638888889,9215.277777777777,False
178319,178321,3980844.6018518517,3981534.625,690.0231481481482,False
178324,178329,3981577.967592593,3990793.435185185,9215.467592592593,False
178333,178335,3990844.296296296,3991534.5185185187,690.2222222222222,False
178338,178343,3991578.087962963,4000794.1157407407,9216.027777777777,False
178347,178349,4000844.7546296297,4001535.3842592593,690.6296296296297,False
178352,178357,4001578.9814814813,4010794.092592593,9215.111111111111,False
178361,178363,4010845.472222222,4011535.861111111,690.3888888888889,False
178366,178371,4011579.342592593,4020794.296296296,9214.953703703704,False
178375,178377,4020845.046296296,4021535.1157407407,690.0694444444445,False
178380,178385,4021578.4305555555,4030793.7916666665,9215.361111111111,False
178389,178391,4030843.8657407407,4031534.375,690.5092592592592,False
178394,178399,4031578.6805555555,4040794.171296296,9215.49074074074,False
178403,178405,4040844.5555555555,4041534.8194444445,690.2638888888889,False
178408,178413,4041578.532407407,4050793.8055555555,9215.273148148148,False
178417,178419,4050844.1157407407,4051534.217592593,690.1018518518518,False
178422,178427,4051577.6944444445,4060792.8564814813,9215.162037037036,False
178431,178433,4060844.013888889,4061534.0092592593,689.9953703703703,False
178436,178441,4061577.8194444445,4070793.421296296,9215.601851851852,False
178445,178447,4070844.8055555555,4071535.152777778,690.3472222222222,False
178450,178455,4071578.7592592593,4080794.074074074,9215.314814814816,False
178459,178461,4080844.7592592593,4081535.2731481483,690.5138888888889,False
178464,178469,4081579.087962963,4090794.300925926,9215.212962962964,False
178473,178475,4090845.0416666665,4091535.2314814813,690.1898148148148,False
178478,178483,4091578.685185185,4100793.5694444445,9214.88425925926,False
178487,178489,4100844.6296296297,4101535.189814815,690.5601851851852,False
178492,178497,4101578.7731481483,4110793.828703704,9215.055555555555,False
178501,178503,4110844.712962963,4111534.935185185,690.2222222222222,False
178506,178511,4111578.787037037,4120793.7268518517,9214.939814814816,False
178515,178517,4120844.1481481483,4121534.425925926,690.2777777777778,False
178520,178525,4121578.3935185187,4130794.3935185187,9216.0,False
178529,178531,4130844.671296296,4131535.157407407,690.4861111111111,False
178534,178539,4131579.222222222,4140794.217592593,9214.99537037037,False
178543,178545,4140845.027777778,4141535.1481481483,690.1203703703703,False
178548,178553,4141578.907407407,4150793.9953703703,9215.087962962964,False
178557,178559,4150844.7083333335,4151535.087962963,690.3796296296297,False
178562,178567,4151578.8657407407,4160793.1064814813,9214.24074074074,False
178571,178573,4160843.712962963,4161533.847222222,690.1342592592592,False
178576,178581,4161577.032407407,4170793.25,9216.217592592593,False
178585,178587,4170844.2314814813,4171534.425925926,690.1944444444445,False
178590,178595,4171577.800925926,4180794.185185185,9216.38425925926,False
178599,178601,4180844.425925926,4181535.027777778,690.6018518518518,False
178604,178609,4181578.699074074,4190793.462962963,9214.763888888889,False
178613,178615,4190844.2083333335,4191534.152777778,689.9444444444445,False
178618,178623,4191577.578703704,4200793.546296297,9215.967592592593,False
178627,178629,4200843.87962963,4201534.328703703,690.449074074074,False
178632,178637,4201578.337962963,4210794.162037037,9215.824074074075,False
178641,178643,4210845.87037037,4211535.930555556,690.0601851851852,False
178646,178651,4211579.777777778,4220794.467592592,9214.689814814816,False
178655,178657,4220845.24537037,4221535.199074074,689.9537037037037,False
178660,178665,4221578.291666667,4230794.268518519,9215.976851851852,False
178669,178671,4230844.555555556,4231534.986111111,690.4305555555555,False
178674,178679,4231578.560185186,4240793.773148148,9215.212962962964,False
178683,178685,4240844.791666667,4241534.736111111,689.9444444444445,False
178688,178693,4241578.523148148,4250794.287037037,9215.763888888889,False
178697,178699,4250845.037037037,4251535.027777778,689.9907407407408,False
178702,178707,4251578.875,4260794.425925926,9215.550925925925,False
178711,178713,4260844.87962963,4261534.851851852,689.9722222222222,False
178716,178721,4261578.643518519,4270793.490740741,9214.847222222223,False
178725,178727,4270843.412037037,4271533.865740741,690.4537037037037,False
178730,178735,4271577.523148148,4280795.166666667,9217.643518518518,False
178739,178741,4280846.787037037,4281536.782407408,689.9953703703703,False
178744,178749,4281580.546296297,4290794.180555556,9213.63425925926,False
178753,178755,4290845.023148148,4291535.300925926,690.2777777777778,False
178758,178763,4291579.148148148,4300794.273148148,9215.125,False
178767,178769,4300845.171296297,4301535.342592592,690.1712962962963,False
178772,178777,4301578.861111111,4310794.490740741,9215.62962962963,False
178781,178783,4310845.657407408,4311535.930555556,690.2731481481482,False
178786,178791,4311579.680555556,4320794.333333333,9214.652777777777,False
178795,178797,4320844.560185186,4321534.537037037,689.9768518518518,False
178800,178805,4321578.532407408,4330793.898148148,9215.36574074074,False
178809,178811,4330844.587962963,4331535.185185186,690.5972222222222,False
178814,178819,4331578.888888889,4340794.115740741,9215.226851851852,False
178823,178825,4340844.351851852,4341534.569444444,690.2175925925926,False
178828,178833,4341578.023148148,4350794.574074074,9216.550925925925,False
178837,178839,4350845.666666667,4351535.569444444,689.9027777777778,False
178842,178847,4351579.847222222,4360794.768518519,9214.921296296296,False
178851,178853,4360845.37962963,4361535.634259259,690.2546296296297,False
178856,178861,4361579.171296297,4370793.699074074,9214.527777777777,False
178865,178867,4370844.152777778,4371534.490740741,690.3379629629629,False
178870,178875,4371578.310185186,4380793.532407408,9215.222222222223,False
178879,178881,4380845.0,4381535.064814814,690.0648148148148,False
178884,178889,4381579.074074074,4390794.050925926,9214.976851851852,False
178893,178895,4390844.185185186,4391534.662037037,690.4768518518518,False
178898,178903,4391578.865740741,4400793.731481481,9214.86574074074,False
178907,178909,4400844.796296297,4401534.425925926,689.6296296296297,False
178912,178917,4401578.009259259,4410794.101851852,9216.092592592593,False
178921,178923,4410844.680555556,4411534.833333333,690.1527777777778,False
178926,178931,4411578.787037037,4420795.069444444,9216.282407407407,False
178935,178937,4420845.361111111,4421535.893518519,690.5324074074074,False
178940,178945,4421580.625,4430793.62962963,9213.00462962963,False
178949,178951,4430844.263888889,4431534.87037037,690.6064814814815,False
178954,178959,4431578.527777778,4440793.611111111,9215.083333333334,False
178963,178965,4440843.976851852,4441534.402777778,690.425925925926,False
178968,178973,4441578.351851852,4450793.435185186,9215.083333333334,False
178977,178979,4450844.050925926,4451534.398148148,690.3472222222222,False
178982,178987,4451577.87037037,4460793.861111111,9215.99074074074,False
178991,178993,4460845.203703703,4461535.069444444,689.8657407407408,False
178996,179001,4461578.717592592,4470793.949074074,9215.231481481482,False
179005,179007,4470844.699074074,4471535.078703703,690.3796296296297,False
179010,179015,4471578.351851852,4480792.875,9214.523148148148,False
179019,179021,4480843.824074074,4481534.180555556,690.3564814814815,False
179024,179029,4481577.675925926,4490793.37962963,9215.703703703704,False
179033,179035,4490844.398148148,4491534.305555556,689.9074074074074,False
179038,179043,4491577.726851852,4500794.407407408,9216.680555555555,False
179047,179049,4500845.083333333,4501534.972222222,689.8888888888889,False
179052,179057,4501578.680555556,4510793.12037037,9214.439814814816,False
179061,179063,4510844.023148148,4511534.425925926,690.4027777777778,False
179066,179071,4511577.967592592,4520793.972222222,9216.00462962963,False
179075,179077,4520845.180555556,4521535.189814814,690.0092592592592,False
179080,179085,4521579.194444444,4530794.5,9215.305555555555,False
179089,179091,4530845.416666667,4531535.717592592,690.300925925926,False
179094,179099,4531579.472222222,4540793.074074074,9213.601851851852,False
179103,179105,4540843.342592592,4541533.699074074,690.3564814814815,False
179108,179113,4541577.333333333,4550793.509259259,9216.175925925925,False
179117,179119,4550844.472222222,4551534.810185186,690.3379629629629,False
179122,179127,4551578.49537037,4560794.615740741,9216.12037037037,False
179131,179133,4560845.699074074,4561535.509259259,689.8101851851852,False
179136,179141,4561579.282407408,4570794.365740741,9215.083333333334,False
179145,179147,4570844.796296297,4571534.962962963,690.1666666666666,False
179150,179155,4571579.175925926,4580793.810185186,9214.63425925926,False
179159,179161,4580845.259259259,4581535.435185186,690.175925925926,False
179164,179169,4581578.953703703,4590794.273148148,9215.319444444445,False
179173,179175,4590844.990740741,4591535.097222222,690.1064814814815,False
179178,179183,4591578.638888889,4600795.203703703,9216.564814814816,False
179187,179189,4600845.921296297,4601536.282407408,690.3611111111111,False
179192,179197,4601580.291666667,4610794.925925926,9214.63425925926,False
179201,179203,4610845.777777778,4611535.611111111,689.8333333333334,False
179206,179211,4611579.75,4620793.583333333,9213.833333333334,False
179215,179217,4620845.032407408,4621535.407407408,690.375,False
179220,179225,4621579.097222222,4630794.185185186,9215.087962962964,False
179229,179231,4630844.87962963,4631535.125,690.2453703703703,False
179234,179239,4631579.0,4640794.222222222,9215.222222222223,False
179243,179245,4640844.875,4641535.101851852,690.2268518518518,False
179248,179253,4641579.037037037,4650793.916666667,9214.87962962963,False
179257,179259,4650845.240740741,4651535.351851852,690.1111111111111,False
179262,179267,4651579.444444444,4660793.476851852,9214.032407407407,False
179271,179273,4660844.287037037,4661534.824074074,690.5370370370371,False
179276,179281,4661579.009259259,4670793.305555556,9214.296296296296,False
179285,179287,4670844.287037037,4671534.310185186,690.0231481481482,False
179290,179295,4671578.365740741,4680794.111111111,9215.74537037037,False
179299,179301,4680845.083333333,4681534.75462963,689.6712962962963,False
179304,179309,4681578.648148148,4690794.726851852,9216.078703703704,False
179313,179315,4690845.74537037,4691535.814814814,690.0694444444445,False
179318,179323,4691579.49537037,4700794.967592592,9215.472222222223,False
179327,179329,4700846.361111111,4701536.421296297,690.0601851851852,False
179332,179337,4701580.550925926,4710793.703703703,9213.152777777777,False
179341,179343,4710845.12037037,4711535.064814814,689.9444444444445,False
179346,179351,4711578.537037037,4720793.731481481,9215.194444444445,False
179355,179357,4720844.611111111,4721534.62962963,690.0185185185185,False
179360,179365,4721578.875,4730794.490740741,9215.61574074074,False
179369,179371,4730845.0,4731535.462962963,690.4629629629629,False
179374,179379,4731579.25,4740793.87037037,9214.62037037037,False
179383,179385,4740844.833333333,4741535.152777778,690.3194444444445,False
179388,179393,4741578.824074074,4750792.541666667,9213.717592592593,False
179397,179399,4750843.810185186,4751533.875,690.0648148148148,False
179402,179411,4751577.319444444,4760857.319444444,9280.0,False
179419,179421,4761056.347222222,4761746.236111111,689.8888888888889,False
179425,179427,4761795.268518519,4762485.490740741,690.2222222222222,False
179430,179435,4762528.180555556,4770793.347222222,8265.166666666666,False
179439,179441,4770843.351851852,4771533.583333333,690.2314814814815,False
179444,179449,4771577.736111111,4780793.884259259,9216.148148148148,False
179453,179455,4780844.726851852,4781534.916666667,690.1898148148148,False
179458,179463,4781579.037037037,4790793.481481481,9214.444444444445,False
179467,179469,4790844.222222222,4791534.402777778,690.1805555555555,False
179472,179477,4791578.148148148,4800794.814814814,9216.666666666666,False
179481,179483,4800845.865740741,4801535.912037037,690.0462962962963,False
179486,179491,4801579.962962963,4810794.375,9214.412037037036,False
179495,179497,4810845.37037037,4811535.634259259,690.2638888888889,False
179500,179505,4811579.462962963,4820793.736111111,9214.273148148148,False
179509,179511,4820844.347222222,4821534.518518519,690.1712962962963,False
179514,179519,4821577.763888889,4830794.175925926,9216.412037037036,False
179523,179525,4830844.703703703,4831534.819444444,690.1157407407408,False
179528,179533,4831578.412037037,4840794.643518519,9216.231481481482,False
179537,179539,4840846.074074074,4841536.199074074,690.125,False
179542,179547,4841580.513888889,4850793.944444444,9213.430555555555,False
179551,179553,4850845.018518519,4851535.240740741,690.2222222222222,False
179556,179561,4851578.912037037,4860794.111111111,9215.199074074075,False
179565,179567,4860844.398148148,4861534.731481481,690.3333333333334,False
179570,179575,4861578.574074074,4870794.388888889,9215.814814814816,False
179579,179581,4870845.513888889,4871535.967592592,690.4537037037037,False
179584,179589,4871579.25,4880793.662037037,9214.412037037036,False
179593,179595,4880843.990740741,4881534.490740741,690.5,False
179598,179603,4881578.462962963,4890793.472222222,9215.00925925926,False
179607,179609,4890844.055555556,4891534.592592592,690.5370370370371,False
179612,179617,4891578.148148148,4900793.171296297,9215.023148148148,False
179621,179623,4900844.0,4901534.356481481,690.3564814814815,False
179626,179631,4901577.851851852,4910793.541666667,9215.689814814816,False
179635,179637,4910844.634259259,4911534.37962963,689.7453703703703,False
179640,179645,4911577.976851852,4920794.032407408,9216.055555555555,False
179649,179651,4920844.953703703,4921535.069444444,690.1157407407408,False
179654,179659,4921579.226851852,4930793.532407408,9214.305555555555,False
179663,179665,4930844.777777778,4931534.837962963,690.0601851851852,False
179668,179673,4931578.055555556,4940794.384259259,9216.328703703704,False
179677,179679,4940845.175925926,4941535.773148148,690.5972222222222,False
179682,179687,4941578.967592592,4950794.347222222,9215.37962962963,False
179691,179693,4950845.671296297,4951535.726851852,690.0555555555555,False
179696,179701,4951580.305555556,4960795.087962963,9214.782407407407,False
179705,179707,4960846.319444444,4961536.416666667,690.0972222222222,False
179710,179715,4961580.486111111,4970793.861111111,9213.375,False
179719,179721,4970845.180555556,4971535.550925926,690.3703703703703,False
179724,179729,4971579.601851852,4980794.425925926,9214.824074074075,False
179733,179735,4980846.282407408,4981536.439814814,690.1574074074074,False
179738,179743,4981580.328703703,4990794.00462963,9213.675925925925,False
179747,179749,4990844.930555556,4991535.194444444,690.2638888888889,False
179752,179757,4991578.634259259,5000793.569444444,9214.935185185184,False
179761,179763,5000844.662037037,5001534.310185186,689.6481481481482,False
179766,179771,5001578.416666667,5010793.726851852,9215.310185185184,False
179775,179777,5010844.046296297,5011534.231481481,690.1851851851852,False
179780,179785,5011578.041666667,5020793.986111111,9215.944444444445,False
179789,179791,5020844.652777778,5021534.800925926,690.1481481481482,False
179794,179799,5021578.037037037,5030793.972222222,9215.935185185184,False
179803,179805,5030844.731481481,5031534.615740741,689.8842592592592,False
179808,179813,5031578.393518519,5040793.967592592,9215.574074074075,False
179817,179819,5040845.078703703,5041535.388888889,690.3101851851852,False
179822,179827,5041579.171296297,5050794.212962963,9215.041666666666,False
179831,179833,5050845.277777778,5051535.486111111,690.2083333333334,False
179836,179841,5051578.930555556,5060793.226851852,9214.296296296296,False
179845,179847,5060843.467592592,5061533.587962963,690.1203703703703,False
179850,179855,5061577.402777778,5070793.333333333,9215.930555555555,False
179859,179861,5070844.12962963,5071534.018518519,689.8888888888889,False
179864,179869,5071577.236111111,5080794.222222222,9216.986111111111,False
179873,179875,5080844.861111111,5081534.981481481,690.1203703703703,False
179878,179883,5081579.037037037,5090794.662037037,9215.625,False
179887,179889,5090845.430555556,5091535.777777778,690.3472222222222,False
179892,179897,5091579.337962963,5100793.375,9214.037037037036,False
179901,179903,5100844.0,5101534.041666667,690.0416666666666,False
179906,179911,5101577.453703703,5110793.138888889,9215.685185185184,False
179915,179917,5110844.578703703,5111534.393518519,689.8148148148148,False
179920,179925,5111578.060185186,5120793.226851852,9215.166666666666,False
179929,179931,5120844.166666667,5121534.657407408,690.4907407407408,False
179934,179939,5121578.652777778,5130794.162037037,9215.50925925926,False
179943,179945,5130845.069444444,5131535.226851852,690.1574074074074,False
179948,179953,5131578.74537037,5140794.425925926,9215.680555555555,False
179957,179959,5140845.282407408,5141535.152777778,689.8703703703703,False
179962,179967,5141578.703703703,5150794.976851852,9216.273148148148,False
179971,179973,5150846.125,5151536.236111111,690.1111111111111,False
179976,179981,5151579.49537037,5160793.578703703,9214.083333333334,False
179985,179987,5160844.680555556,5161534.916666667,690.2361111111111,False
179990,179995,5161578.361111111,5170793.62037037,9215.25925925926,False
179999,180001,5170844.476851852,5171534.810185186,690.3333333333334,False
180004,180009,5171578.162037037,5180793.625,9215.462962962964,False
180013,180015,5180844.203703703,5181534.523148148,690.3194444444445,False
180018,180023,5181578.055555556,5190794.268518519,9216.212962962964,False
180027,180029,5190845.282407408,5191534.884259259,689.6018518518518,False
180032,180037,5191579.203703703,5200793.569444444,9214.36574074074,False
180041,180043,5200844.018518519,5201534.25462963,690.2361111111111,False
180046,180051,5201578.074074074,5210793.106481481,9215.032407407407,False
180055,180057,5210844.203703703,5211534.310185186,690.1064814814815,False
180060,180065,5211577.569444444,5220795.421296297,9217.851851851852,False
180069,180071,5220846.925925926,5221537.203703703,690.2777777777778,False
180074,180079,5221580.726851852,5230793.5,9212.773148148148,False
180083,180085,5230844.476851852,5231534.708333333,690.2314814814815,False
180088,180093,5231578.861111111,5240794.907407408,9216.046296296296,False
180097,180099,5240845.740740741,5241536.060185186,690.3194444444445,False
180102,180107,5241579.791666667,5250793.828703703,9214.037037037036,False
180111,180113,5250844.50462963,5251534.555555556,690.050925925926,False
180116,180121,5251577.597222222,5260794.333333333,9216.736111111111,False
180125,180127,5260844.916666667,5261535.152777778,690.2361111111111,False
180130,180135,5261578.921296297,5270793.453703703,9214.532407407407,False
180139,180141,5270844.171296297,5271534.333333333,690.1620370370371,False
180144,180149,5271578.175925926,5280793.532407408,9215.356481481482,False
180153,180155,5280844.643518519,5281534.939814814,690.2962962962963,False
180158,180163,5281578.611111111,5290793.875,9215.263888888889,False
180167,180169,5290844.513888889,5291534.680555556,690.1666666666666,False
180172,180177,5291578.458333333,5300793.930555556,9215.472222222223,False
180181,180183,5300844.592592592,5301534.680555556,690.0879629629629,False
180186,180191,5301578.847222222,5310794.5,9215.652777777777,False
180195,180197,5310845.175925926,5311535.333333333,690.1574074074074,False
180200,180205,5311579.212962963,5320794.023148148,9214.810185185184,False
180209,180211,5320845.138888889,5321535.101851852,689.9629629629629,False
180214,180219,5321578.625,5330793.574074074,9214.949074074075,False
180223,180225,5330844.523148148,5331534.819444444,690.2962962962963,False
180228,180233,5331578.347222222,5340794.472222222,9216.125,False
180237,180239,5340845.268518519,5341535.203703703,689.9351851851852,False
180242,180247,5341578.611111111,5350793.763888889,9215.152777777777,False
180251,180253,5350844.083333333,5351534.796296297,690.7129629629629,False
180256,180261,5351578.847222222,5360793.37037037,9214.523148148148,False
180265,180267,5360844.481481481,5361534.472222222,689.9907407407408,False
180270,180275,5361578.361111111,5370793.99537037,9215.63425925926,False
180279,180281,5370844.763888889,5371534.689814814,689.925925925926,False
180284,180289,5371578.412037037,5380793.032407408,9214.62037037037,False
180293,180295,5380844.009259259,5381534.310185186,690.300925925926,False
180298,180303,5381577.898148148,5390793.601851852,9215.703703703704,False
180307,180309,5390844.032407408,5391534.078703703,690.0462962962963,False
180312,180317,5391577.666666667,5400793.87962963,9216.212962962964,False
180321,180323,5400844.648148148,5401535.0,690.3518518518518,False
180326,180331,5401579.00462963,5410793.555555556,9214.550925925925,False
180335,180337,5410844.25462963,5411534.296296297,690.0416666666666,False
180340,180345,5411577.787037037,5420793.75,9215.962962962964,False
180349,180351,5420844.513888889,5421534.643518519,690.1296296296297,False
180354,180359,5421578.226851852,5430793.842592592,9215.61574074074,False
180363,180365,5430844.231481481,5431534.759259259,690.5277777777778,False
180368,180373,5431578.578703703,5440793.736111111,9215.157407407407,False
180377,180379,5440844.342592592,5441534.314814814,689.9722222222222,False
180382,180387,5441578.199074074,5450794.013888889,9215.814814814816,False
180391,180393,5450844.333333333,5451534.337962963,690.0046296296297,False
180396,180401,5451578.018518519,5460794.898148148,9216.87962962963,False
180405,180407,5460846.115740741,5461536.046296297,689.9305555555555,False
180410,180415,5461579.685185186,5470793.935185186,9214.25,False
180419,180421,5470844.287037037,5471534.152777778,689.8657407407408,False
180424,180429,5471577.847222222,5480793.722222222,9215.875,False
180433,180435,5480844.939814814,5481534.902777778,689.9629629629629,False
180438,180443,5481578.884259259,5490794.425925926,9215.541666666666,False
180447,180449,5490845.291666667,5491535.351851852,690.0601851851852,False
180452,180457,5491579.00462963,5500794.078703703,9215.074074074075,False
180461,180463,5500844.199074074,5501534.643518519,690.4444444444445,False
180466,180471,5501578.25462963,5510793.203703703,9214.949074074075,False
180475,180477,5510844.402777778,5511534.625,690.2222222222222,False
180480,180485,5511578.041666667,5520794.041666667,9216.0,False
180489,180491,5520845.134259259,5521535.699074074,690.5648148148148,False
180494,180499,5521579.717592592,5530794.351851852,9214.63425925926,False
180503,180505,5530845.162037037,5531535.305555556,690.1435185185185,False
180508,180513,5531579.305555556,5540794.032407408,9214.726851851852,False
180517,180519,5540845.009259259,5541535.027777778,690.0185185185185,False
180522,180527,5541578.407407408,5550794.689814814,9216.282407407407,False
180531,180533,5550845.550925926,5551535.884259259,690.3333333333334,False
180536,180541,5551579.430555556,5560794.555555556,9215.125,False
180545,180547,5560845.439814814,5561535.962962963,690.5231481481482,False
180550,180555,5561580.601851852,5570793.912037037,9213.310185185184,False
180559,180561,5570844.837962963,5571534.972222222,690.1342592592592,False
180564,180569,5571579.018518519,5580793.5,9214.481481481482,False
180573,180575,5580844.893518519,5581534.666666667,689.7731481481482,False
180578,180583,5581578.49537037,5590793.060185186,9214.564814814816,False
180587,180589,5590844.731481481,5591534.726851852,689.9953703703703,False
180592,180597,5591577.425925926,5600794.587962963,9217.162037037036,False
180601,180603,5600845.777777778,5601535.731481481,689.9537037037037,False
180606,180611,5601579.476851852,5610793.62037037,9214.143518518518,False
180615,180617,5610844.212962963,5611534.282407408,690.0694444444445,False
180620,180625,5611578.49537037,5620793.425925926,9214.930555555555,False
180629,180631,5620844.25,5621534.518518519,690.2685185185185,False
180634,180639,5621578.689814814,5630793.606481481,9214.916666666666,False
180643,180645,5630844.138888889,5631534.412037037,690.2731481481482,False
180648,180653,5631577.439814814,5640794.708333333,9217.268518518518,False
180657,180659,5640845.421296297,5641535.583333333,690.1620370370371,False
180662,180667,5641578.731481481,5650793.375,9214.643518518518,False
180671,180673,5650844.634259259,5651534.708333333,690.074074074074,False
180676,180681,5651578.777777778,5660793.393518519,9214.61574074074,False
180685,180687,5660844.365740741,5661534.310185186,689.9444444444445,False
180690,180695,5661577.74537037,5670793.597222222,9215.851851851852,False
180699,180701,5670844.597222222,5671535.314814814,690.7175925925926,False
180704,180709,5671578.935185186,5680794.217592592,9215.282407407407,False
180713,180715,5680844.347222222,5681534.949074074,690.6018518518518,False
180718,180723,5681577.75462963,5690794.018518519,9216.263888888889,False
180727,180729,5690845.060185186,5691535.166666667,690.1064814814815,False
180732,180737,5691578.513888889,5700793.078703703,9214.564814814816,False
180741,180743,5700843.481481481,5701533.680555556,690.199074074074,False
180746,180751,5701577.384259259,5710793.601851852,9216.217592592593,False
180755,180757,5710844.041666667,5711534.444444444,690.4027777777778,False
180760,180765,5711578.171296297,5720793.740740741,9215.569444444445,False
180769,180771,5720844.546296297,5721535.125,690.5787037037037,False
180774,180779,5721578.356481481,5730793.467592592,9215.111111111111,False
180783,180785,5730844.351851852,5731534.587962963,690.2361111111111,False
180788,180793,5731578.666666667,5740793.736111111,9215.069444444445,False
180797,180799,5740844.787037037,5741534.560185186,689.7731481481482,False
180802,180807,5741577.833333333,5750793.958333333,9216.125,False
180811,180813,5750845.101851852,5751535.435185186,690.3333333333334,False
180816,180821,5751578.763888889,5760795.282407408,9216.518518518518,False
180825,180827,5760847.152777778,5761537.62962963,690.4768518518518,False
180830,180835,5761581.087962963,5770793.791666667,9212.703703703704,False
180839,180841,5770844.921296297,5771535.041666667,690.1203703703703,False
180844,180849,5771579.12962963,5780794.527777778,9215.398148148148,False
180853,180855,5780844.819444444,5781534.740740741,689.9212962962963,False
180858,180863,5781578.810185186,5790794.055555556,9215.24537037037,False
180867,180869,5790844.888888889,5791535.263888889,690.375,False
180872,180877,5791579.143518519,5800793.490740741,9214.347222222223,False
180881,180883,5800844.791666667,5801534.578703703,689.7870370370371,False
180886,180891,5801578.49537037,5810793.944444444,9215.449074074075,False
180895,180897,5810844.583333333,5811534.685185186,690.1018518518518,False
180900,180905,5811578.87037037,5820794.356481481,9215.486111111111,False
180909,180911,5820845.032407408,5821535.486111111,690.4537037037037,False
180914,180919,5821579.027777778,5830793.222222222,9214.194444444445,False
180923,180925,5830844.490740741,5831534.527777778,690.0370370370371,False
180928,180933,5831578.425925926,5840793.481481481,9215.055555555555,False
180937,180939,5840844.092592592,5841534.430555556,690.3379629629629,False
180942,180947,5841578.273148148,5850793.300925926,9215.027777777777,False
180951,180953,5850843.736111111,5851534.189814814,690.4537037037037,False
180956,180961,5851577.62037037,5860793.62962963,9216.00925925926,False
180965,180967,5860844.087962963,5861534.555555556,690.4675925925926,False
180970,180975,5861578.162037037,5870794.902777778,9216.74074074074,False
180979,180981,5870846.666666667,5871536.842592592,690.175925925926,False
180984,180989,5871580.856481481,5880793.162037037,9212.305555555555,False
180993,180995,5880844.083333333,5881533.865740741,689.7824074074074,False
180998,181003,5881577.439814814,5890794.087962963,9216.648148148148,False
181007,181009,5890844.606481481,5891535.185185186,690.5787037037037,False
181012,181017,5891578.476851852,5900793.888888889,9215.412037037036,False
181021,181023,5900845.87037037,5901536.064814814,690.1944444444445,False
181026,181031,5901579.282407408,5910793.12037037,9213.837962962964,False
181035,181037,5910843.875,5911534.796296297,690.9212962962963,False
181040,181045,5911578.671296297,5920793.958333333,9215.287037037036,False
181049,181051,5920844.393518519,5921534.810185186,690.4166666666666,False
181054,181059,5921579.046296297,5930793.569444444,9214.523148148148,False
181063,181065,5930844.523148148,5931535.333333333,690.8101851851852,False
181068,181073,5931579.00462963,5940793.476851852,9214.472222222223,False
181077,181079,5940844.601851852,5941534.912037037,690.3101851851852,False
181082,181087,5941578.606481481,5950794.263888889,9215.657407407407,False
181091,181093,5950846.208333333,5951536.217592592,690.0092592592592,False
181096,181101,5951579.527777778,5960794.180555556,9214.652777777777,False
181105,181107,5960844.833333333,5961535.356481481,690.5231481481482,False
181110,181115,5961579.046296297,5970793.842592592,9214.796296296296,False
181119,181121,5970844.115740741,5971534.601851852,690.4861111111111,False
181124,181129,5971577.967592592,5980794.310185186,9216.342592592593,False
181133,181135,5980845.027777778,5981535.268518519,690.2407407407408,False
181138,181143,5981578.412037037,5990793.458333333,9215.046296296296,False
181147,181149,5990844.425925926,5991534.722222222,690.2962962962963,False
181152,181157,5991578.393518519,6000793.625,9215.231481481482,False
181161,181163,6000845.296296297,6001535.092592592,689.7962962962963,False
181166,181171,6001578.24537037,6010793.62962963,9215.38425925926,False
181175,181177,6010845.023148148,6011534.810185186,689.7870370370371,False
181180,181185,6011577.722222222,6020793.24537037,9215.523148148148,False
181189,181191,6020844.12037037,6021534.300925926,690.1805555555555,False
181194,181199,6021578.24537037,6030794.189814814,9215.944444444445,False
181203,181205,6030845.722222222,6031535.902777778,690.1805555555555,False
181208,181213,6031579.486111111,6040793.458333333,9213.972222222223,False
181217,181219,6040844.282407408,6041534.592592592,690.3101851851852,False
181222,181227,6041578.231481481,6050793.152777778,9214.921296296296,False
181231,181233,6050844.592592592,6051534.986111111,690.3935185185185,False
181236,181241,6051579.00462963,6060793.513888889,9214.50925925926,False
181245,181247,6060844.310185186,6061534.439814814,690.1296296296297,False
181250,181255,6061578.203703703,6070793.513888889,9215.310185185184,False
181259,181261,6070844.398148148,6071534.652777778,690.2546296296297,False
181264,181269,6071578.319444444,6080793.884259259,9215.564814814816,False
181273,181275,6080844.263888889,6081534.657407408,690.3935185185185,False
181278,181283,6081578.444444444,6090794.12037037,9215.675925925925,False
181287,181289,6090845.199074074,6091535.300925926,690.1018518518518,False
181292,181297,6091578.597222222,6100794.481481481,9215.88425925926,False
181301,181303,6100845.097222222,6101534.962962963,689.8657407407408,False
181306,181311,6101579.143518519,6110793.453703703,9214.310185185184,False
181315,181317,6110844.041666667,6111534.24537037,690.2037037037037,False
181320,181325,6111578.574074074,6120793.907407408,9215.333333333334,False
181329,181331,6120844.143518519,6121534.388888889,690.2453703703703,False
181334,181339,6121578.606481481,6130794.574074074,9215.967592592593,False
181343,181345,6130845.166666667,6131535.523148148,690.3564814814815,False
181348,181353,6131579.175925926,6140794.148148148,9214.972222222223,False
181357,181359,6140844.458333333,6141534.634259259,690.175925925926,False
181362,181367,6141578.347222222,6150793.796296297,9215.449074074075,False
181371,181373,6150845.777777778,6151536.060185186,690.2824074074074,False
181376,181381,6151579.550925926,6160793.592592592,9214.041666666666,False
181385,181387,6160843.810185186,6161534.333333333,690.5231481481482,False
181390,181395,6161577.865740741,6170793.208333333,9215.342592592593,False
181399,181401,6170843.884259259,6171533.912037037,690.0277777777778,False
181404,181409,6171577.907407408,6180794.314814814,9216.407407407407,False
181413,181415,6180845.106481481,6181535.37962963,690.2731481481482,False
181418,181423,6181578.717592592,6190794.444444444,9215.726851851852,False
181427,181429,6190845.342592592,6191535.523148148,690.1805555555555,False
181432,181437,6191579.00462963,6200793.273148148,9214.268518518518,False
181441,181443,6200844.259259259,6201534.37962963,690.1203703703703,False
181446,181451,6201577.643518519,6210793.791666667,9216.148148148148,False
181455,181457,6210845.740740741,6211535.833333333,690.0925925925926,False
181460,181465,6211580.013888889,6220792.277777778,9212.263888888889,False
181469,181471,6220842.592592592,6221532.476851852,689.8842592592592,False
181474,181479,6221575.810185186,6230793.476851852,9217.666666666666,False
181483,181485,6230844.425925926,6231534.717592592,690.2916666666666,False
181488,181493,6231578.384259259,6240793.967592592,9215.583333333334,False
181497,181499,6240844.162037037,6241534.384259259,690.2222222222222,False
181502,181507,6241578.324074074,6250793.5,9215.175925925925,False
181511,181513,6250845.087962963,6251534.828703703,689.7407407407408,False
181516,181521,6251577.810185186,6260793.921296297,9216.111111111111,False
181525,181527,6260845.037037037,6261535.361111111,690.324074074074,False
181530,181535,6261579.347222222,6270794.412037037,9215.064814814816,False
181539,181541,6270844.611111111,6271534.925925926,690.3148148148148,False
181544,181549,6271578.291666667,6280794.268518519,9215.976851851852,False
181553,181555,6280844.967592592,6281535.152777778,690.1851851851852,False
181558,181563,6281578.967592592,6290794.037037037,9215.069444444445,False
181567,181569,6290845.106481481,6291535.310185186,690.2037037037037,False
181572,181577,6291578.842592592,6300793.731481481,9214.888888888889,False
181581,181583,6300844.268518519,6301534.472222222,690.2037037037037,False
181586,181591,6301577.564814814,6310794.324074074,9216.75925925926,False
181595,181597,6310845.351851852,6311535.569444444,690.2175925925926,False
181600,181605,6311579.023148148,6320794.49537037,9215.472222222223,False
181609,181611,6320844.981481481,6321535.509259259,690.5277777777778,False
181614,181619,6321579.50462963,6330793.777777778,9214.273148148148,False
181623,181625,6330845.171296297,6331535.287037037,690.1157407407408,False
181628,181633,6331579.046296297,6340794.851851852,9215.805555555555,False
181637,181639,6340845.75462963,6341536.0,690.2453703703703,False
181642,181647,6341579.615740741,6350793.486111111,9213.87037037037,False
181651,181653,6350844.87962963,6351534.578703703,689.699074074074,False
181656,181661,6351577.837962963,6360793.287037037,9215.449074074075,False
181665,181667,6360844.217592592,6361534.462962963,690.2453703703703,False
181670,181675,6361577.717592592,6370794.722222222,9217.00462962963,False
181679,181681,6370845.791666667,6371535.74537037,689.9537037037037,False
181684,181689,6371579.421296297,6380794.231481481,9214.810185185184,False
181693,181695,6380845.546296297,6381535.601851852,690.0555555555555,False
181698,181703,6381579.162037037,6390793.097222222,9213.935185185184,False
181707,181709,6390844.060185186,6391534.00462963,689.9444444444445,False
181712,181717,6391577.236111111,6400794.328703703,9217.092592592593,False
181721,181723,6400845.143518519,6401535.398148148,690.2546296296297,False
181726,181731,6401579.009259259,6410793.657407408,9214.648148148148,False
181735,181737,6410844.222222222,6411534.268518519,690.0462962962963,False
181740,181745,6411577.759259259,6420793.791666667,9216.032407407407,False
181749,181751,6420844.935185186,6421535.078703703,690.1435185185185,False
181754,181759,6421578.722222222,6430794.097222222,9215.375,False
181763,181765,6430844.662037037,6431534.930555556,690.2685185185185,False
181768,181773,6431578.222222222,6440793.347222222,9215.125,False
181777,181779,6440844.291666667,6441534.518518519,690.2268518518518,False
181782,181787,6441578.37962963,6450793.541666667,9215.162037037036,False
181791,181793,6450844.962962963,6451534.925925926,689.9629629629629,False
181796,181805,6451578.601851852,6460854.412037037,9275.810185185184,False
181813,181815,6461052.680555556,6461742.296296297,689.6157407407408,False
181819,181821,6461791.361111111,6462481.50462963,690.1435185185185,False
181824,181829,6462523.569444444,6470794.25462963,8270.685185185184,False
181833,181835,6470845.324074074,6471535.819444444,690.4953703703703,False
181838,181843,6471579.652777778,6480794.231481481,9214.578703703704,False
181847,181849,6480844.990740741,6481535.305555556,690.3148148148148,False
181852,181857,6481579.555555556,6490793.800925926,9214.24537037037,False
181861,181863,6490844.837962963,6491535.023148148,690.1851851851852,False
181866,181871,6491578.930555556,6500794.657407408,9215.726851851852,False
181875,181877,6500844.75462963,6501535.027777778,690.2731481481482,False
181880,181885,6501578.75462963,6510793.75,9214.99537037037,False
181889,181891,6510844.671296297,6511535.083333333,690.4120370370371,False
181894,181899,6511579.00462963,6520794.439814814,9215.435185185184,False
181903,181905,6520844.990740741,6521535.37037037,690.3796296296297,False
181908,181913,6521579.638888889,6530793.976851852,9214.337962962964,False
181917,181919,6530845.041666667,6531534.851851852,689.8101851851852,False
181922,181927,6531578.199074074,6540794.467592592,9216.268518518518,False
181931,181933,6540845.847222222,6541535.814814814,689.9675925925926,False
181936,181941,6541579.0,6550795.944444444,9216.944444444445,False
181945,181947,6550846.796296297,6551536.699074074,689.9027777777778,False
181950,181955,6551580.384259259,6560793.634259259,9213.25,False
181959,181961,6560844.708333333,6561534.337962963,689.6296296296297,False
181964,181969,6561578.018518519,6570794.680555556,9216.662037037036,False
181973,181975,6570845.407407408,6571535.912037037,690.5046296296297,False
181978,181983,6571579.796296297,6580793.425925926,9213.62962962963,False
181987,181989,6580844.569444444,6581534.833333333,690.2638888888889,False
181992,181997,6581578.273148148,6590793.291666667,9215.018518518518,False
182001,182003,6590843.967592592,6591533.875,689.9074074074074,False
182006,182011,6591577.703703703,6600793.435185186,9215.731481481482,False
182015,182017,6600844.046296297,6601534.435185186,690.3888888888889,False
182020,182025,6601577.657407408,6610794.416666667,9216.75925925926,False
182029,182031,6610845.300925926,6611535.421296297,690.1203703703703,False
182034,182039,6611579.300925926,6620793.75462963,9214.453703703704,False
182043,182045,6620844.921296297,6621535.101851852,690.1805555555555,False
182048,182053,6621578.564814814,6630793.560185186,9214.99537037037,False
182057,182059,6630843.865740741,6631534.217592592,690.3518518518518,False
182062,182071,6631578.222222222,6636733.62962963,5155.407407407408,False
182075,182077,6636791.185185186,6637481.342592592,690.1574074074074,False
182080,182085,6637519.824074074,6640793.111111111,3273.287037037037,False
182089,182091,6640843.699074074,6641533.925925926,690.2268518518518,False
182094,182099,6641577.171296297,6650793.990740741,9216.819444444445,False
182103,182105,6650844.921296297,6651535.550925926,690.6296296296297,False
182108,182113,6651579.449074074,6660794.814814814,9215.36574074074,False
182117,182119,6660845.916666667,6661535.981481481,690.0648148148148,False
182122,182127,6661579.412037037,6670794.25462963,9214.842592592593,False
182131,182133,6670845.333333333,6671535.712962963,690.3796296296297,False
182136,182141,6671579.097222222,6680793.388888889,9214.291666666666,False
182145,182147,6680843.513888889,6681533.958333333,690.4444444444445,False
182150,182155,6681578.092592592,6690794.25462963,9216.162037037036,False
182159,182161,6690845.513888889,6691535.574074074,690.0601851851852,False
182164,182169,6691579.189814814,6700794.949074074,9215.75925925926,False
182173,182175,6700846.25,6701536.259259259,690.0092592592592,False
182178,182183,6701580.277777778,6710793.236111111,9212.958333333334,False
182187,182189,6710843.648148148,6711533.75,690.1018518518518,False
182192,182197,6711577.240740741,6720794.439814814,9217.199074074075,False
182201,182203,6720845.657407408,6721535.990740741,690.3333333333334,False
182206,182211,6721579.467592592,6730793.657407408,9214.189814814816,False
182215,182217,6730844.861111111,6731535.060185186,690.199074074074,False
182220,182225,6731578.666666667,6740796.453703703,9217.787037037036,False
182229,182231,6740846.592592592,6741536.800925926,690.2083333333334,False
182234,182239,6741580.194444444,6750793.953703703,9213.75925925926,False
182243,182245,6750844.62962963,6751534.666666667,690.0370370370371,False
182248,182253,6751578.833333333,6760794.805555556,9215.972222222223,False
182257,182259,6760845.430555556,6761535.662037037,690.2314814814815,False
182262,182267,6761579.824074074,6770794.518518519,9214.694444444445,False
182271,182273,6770846.226851852,6771536.078703703,689.8518518518518,False
182276,182281,6771579.24537037,6780793.856481481,9214.611111111111,False
182285,182287,6780844.50462963,6781534.800925926,690.2962962962963,False
182290,182295,6781578.162037037,6790794.402777778,9216.24074074074,False
182299,182301,6790845.143518519,6791535.050925926,689.9074074074074,False
182304,182309,6791578.657407408,6800794.625,9215.967592592593,False
182313,182315,6800845.412037037,6801535.550925926,690.1388888888889,False
182318,182327,6801579.773148148,6803948.513888889,2368.740740740741,False
182331,182333,6804007.282407408,6804697.597222222,690.3148148148148,False
182336,182341,6804736.115740741,6810793.453703703,6057.337962962963,False
182345,182347,6810843.773148148,6811534.143518519,690.3703703703703,False
182350,182355,6811577.263888889,6820793.981481481,9216.717592592593,False
182359,182361,6820845.115740741,6821535.157407408,690.0416666666666,False
182364,182369,6821578.75462963,6830794.268518519,9215.513888888889,False
182373,182375,6830845.236111111,6831535.106481481,689.8703703703703,False
182378,182383,6831578.458333333,6840794.416666667,9215.958333333334,False
182387,182389,6840845.157407408,6841535.231481481,690.074074074074,False
182392,182397,6841579.166666667,6850792.986111111,9213.819444444445,False
182401,182403,6850843.944444444,6851533.921296297,689.9768518518518,False
182406,182411,6851577.37962963,6860793.166666667,9215.787037037036,False
182415,182417,6860844.356481481,6861534.430555556,690.074074074074,False
182420,182425,6861578.180555556,6870794.356481481,9216.175925925925,False
182429,182431,6870846.027777778,6871535.87962963,689.8518518518518,False
182434,182439,6871579.574074074,6880794.518518519,9214.944444444445,False
182443,182445,6880845.560185186,6881535.837962963,690.2777777777778,False
182448,182453,6881579.541666667,6890793.828703703,9214.287037037036,False
182457,182459,6890844.689814814,6891535.138888889,690.449074074074,False
182462,182467,6891578.625,6900794.106481481,9215.481481481482,False
182471,182473,6900845.074074074,6901535.467592592,690.3935185185185,False
182476,182481,6901579.810185186,6910796.00462963,9216.194444444445,False
182485,182487,6910846.87037037,6911537.319444444,690.449074074074,False
182490,182495,6911580.805555556,6920793.203703703,9212.398148148148,False
182499,182501,6920844.430555556,6921534.291666667,689.8611111111111,False
182504,182509,6921578.083333333,6930794.634259259,9216.550925925925,False
182513,182515,6930845.912037037,6931536.583333333,690.6712962962963,False
182518,182523,6931579.064814814,6940793.62962963,9214.564814814816,False
182527,182529,6940843.837962963,6941534.00462963,690.1666666666666,False
182532,182537,6941577.5,6950793.62962963,9216.12962962963,False
182541,182543,6950844.759259259,6951534.851851852,690.0925925925926,False
182546,182551,6951578.421296297,6960793.425925926,9215.00462962963,False
182555,182557,6960844.476851852,6961534.564814814,690.0879629629629,False
182560,182569,6961578.106481481,6964680.546296297,3102.439814814815,False
182573,182575,6964738.962962963,6965429.226851852,690.2638888888889,False
182578,182583,6965467.671296297,6970794.134259259,5326.462962962963,False
182587,182589,6970845.143518519,6971535.50462963,690.3611111111111,False
182592,182597,6971579.837962963,6980794.199074074,9214.361111111111,False
182601,182603,6980844.958333333,6981534.810185186,689.8518518518518,False
182606,182611,6981578.527777778,6990794.115740741,9215.587962962964,False
182615,182617,6990844.759259259,6991534.939814814,690.1805555555555,False
182620,182625,6991579.013888889,7000793.990740741,9214.976851851852,False
182629,182631,7000844.837962963,7001534.837962963,690.0,False
182634,182639,7001578.532407408,7010794.583333333,9216.050925925925,False
182643,182645,7010845.388888889,7011535.921296297,690.5324074074074,False
182648,182653,7011579.37037037,7020793.055555556,9213.685185185184,False
182657,182659,7020843.824074074,7021534.138888889,690.3148148148148,False
182662,182667,7021578.087962963,7030793.324074074,9215.236111111111,False
182671,182673,7030844.643518519,7031534.888888889,690.2453703703703,False
182676,182681,7031578.291666667,7040793.310185186,9215.018518518518,False
182685,182687,7040844.013888889,7041534.569444444,690.5555555555555,False
182690,182695,7041578.532407408,7050794.115740741,9215.583333333334,False
182699,182701,7050844.99537037,7051535.092592592,690.0972222222222,False
182704,182709,7051579.273148148,7060793.972222222,9214.699074074075,False
182713,182715,7060844.856481481,7061535.12962963,690.2731481481482,False
182718,182723,7061578.833333333,7070793.513888889,9214.680555555555,False
182727,182729,7070844.398148148,7071534.300925926,689.9027777777778,False
182732,182737,7071578.509259259,7080794.208333333,9215.699074074075,False
182741,182743,7080844.967592592,7081535.138888889,690.1712962962963,False
182746,182751,7081579.458333333,7090793.925925926,9214.467592592593,False
182755,182757,7090844.574074074,7091534.828703703,690.2546296296297,False
182760,182765,7091578.435185186,7100793.310185186,9214.875,False
182769,182771,7100844.384259259,7101534.680555556,690.2962962962963,False
182774,182779,7101578.597222222,7110793.865740741,9215.268518518518,False
182783,182785,7110844.675925926,7111534.569444444,689.8935185185185,False
182788,182793,7111578.49537037,7120794.217592592,9215.722222222223,False
182797,182799,7120844.921296297,7121535.194444444,690.2731481481482,False
182802,182807,7121578.967592592,7130793.365740741,9214.398148148148,False
182811,182813,7130844.722222222,7131534.787037037,690.0648148148148,False
182816,182825,7131577.907407408,7132859.5,1281.5925925925926,False
182829,182831,7132917.939814814,7133608.231481481,690.2916666666666,False
182834,182839,7133648.949074074,7140793.796296297,7144.847222222223,False
182843,182845,7140844.407407408,7141534.578703703,690.1712962962963,False
182848,182853,7141578.300925926,7150793.407407408,9215.106481481482,False
182857,182859,7150843.958333333,7151534.00462963,690.0462962962963,False
182862,182867,7151577.453703703,7160793.944444444,9216.49074074074,False
182871,182873,7160845.263888889,7161535.467592592,690.2037037037037,False
182876,182881,7161579.319444444,7170793.185185186,9213.86574074074,False
182885,182887,7170843.87962963,7171534.037037037,690.1574074074074,False
182890,182895,7171577.856481481,7180794.013888889,9216.157407407407,False
182899,182901,7180844.912037037,7181534.657407408,689.7453703703703,False
182904,182909,7181578.375,7190794.953703703,9216.578703703704,False
182913,182915,7190845.643518519,7191536.050925926,690.4074074074074,False
182918,182923,7191580.101851852,7200793.37037037,9213.268518518518,False
182927,182929,7200844.333333333,7201534.337962963,690.0046296296297,False
182932,182937,7201578.013888889,7210793.449074074,9215.435185185184,False
182941,182943,7210844.990740741,7211535.180555556,690.1898148148148,False
182946,182951,7211578.898148148,7220793.5,9214.601851851852,False
182955,182957,7220844.361111111,7221534.550925926,690.1898148148148,False
182960,182965,7221578.388888889,7230792.953703703,9214.564814814816,False
182969,182971,7230844.351851852,7231534.37962963,690.0277777777778,False
182974,182979,7231578.24537037,7240792.953703703,9214.708333333334,False
182983,182985,7240843.37037037,7241533.787037037,690.4166666666666,False
182988,182993,7241577.819444444,7250793.638888889,9215.819444444445,False
182997,182999,7250844.171296297,7251534.12037037,689.949074074074,False
183002,183007,7251578.24537037,7260793.638888889,9215.393518518518,False
183011,183013,7260844.5,7261534.625,690.125,False
183016,183021,7261578.263888889,7270794.430555556,9216.166666666666,False
183025,183027,7270845.462962963,7271535.166666667,689.7037037037037,False
183030,183035,7271578.5,7280794.222222222,9215.722222222223,False
183039,183041,7280845.416666667,7281535.462962963,690.0462962962963,False
183044,183049,7281579.337962963,7290794.12037037,9214.782407407407,False
183053,183055,7290844.805555556,7291535.037037037,690.2314814814815,False
183058,183063,7291578.907407408,7300794.032407408,9215.125,False
183067,183069,7300844.837962963,7301534.763888889,689.925925925926,False
183072,183077,7301578.606481481,7310794.217592592,9215.611111111111,False
183081,183083,7310845.032407408,7311535.12037037,690.0879629629629,False
183086,183091,7311579.143518519,7320794.652777778,9215.50925925926,False
183095,183097,7320846.425925926,7321536.625,690.199074074074,False
183100,183105,7321580.175925926,7330793.231481481,9213.055555555555,False
183109,183111,7330843.851851852,7331534.032407408,690.1805555555555,False
183114,183119,7331577.708333333,7340793.837962963,9216.12962962963,False
183123,183125,7340845.009259259,7341535.300925926,690.2916666666666,False
183128,183133,7341578.949074074,7350793.74537037,9214.796296296296,False
183137,183139,7350844.587962963,7351534.875,690.2870370370371,False
183142,183147,7351578.416666667,7360794.032407408,9215.61574074074,False
183151,183153,7360844.458333333,7361534.652777778,690.1944444444445,False
183156,183161,7361578.5,7370794.578703703,9216.078703703704,False
183165,183167,7370845.583333333,7371536.0,690.4166666666666,False
183170,183175,7371579.87962963,7380793.268518519,9213.388888888889,False
183179,183181,7380844.208333333,7381534.518518519,690.3101851851852,False
183184,183189,7381577.958333333,7390793.967592592,9216.00925925926,False
183193,183195,7390845.708333333,7391535.953703703,690.2453703703703,False
183198,183203,7391579.916666667,7400794.962962963,9215.046296296296,False
183207,183209,7400845.578703703,7401536.009259259,690.4305555555555,False
183212,183217,7401579.513888889,7410794.62962963,9215.11574074074,False
183221,183223,7410845.837962963,7411535.791666667,689.9537037037037,False
183226,183231,7411579.046296297,7420793.62962963,9214.583333333334,False
183235,183237,7420844.092592592,7421534.532407408,690.4398148148148,False
183240,183245,7421578.152777778,7430793.796296297,9215.643518518518,False
183249,183251,7430844.032407408,7431534.037037037,690.0046296296297,False
183254,183259,7431577.634259259,7440793.763888889,9216.12962962963,False
183263,183265,7440844.277777778,7441534.560185186,690.2824074074074,False
183268,183273,7441578.166666667,7450794.805555556,9216.638888888889,False
183277,183279,7450845.476851852,7451535.944444444,690.4675925925926,False
183282,183287,7451579.222222222,7460794.481481481,9215.25925925926,False
183291,183293,7460845.435185186,7461535.722222222,690.2870370370371,False
183296,183301,7461579.180555556,7470793.439814814,9214.25925925926,False
183305,183307,7470844.5,7471535.00462963,690.5046296296297,False
183310,183315,7471578.314814814,7480794.268518519,9215.953703703704,False
183319,183321,7480844.597222222,7481535.106481481,690.5092592592592,False
183324,183329,7481578.902777778,7490794.50462963,9215.601851851852,False
183333,183335,7490844.847222222,7491535.407407408,690.5601851851852,False
183338,183343,7491578.782407408,7500794.138888889,9215.356481481482,False
183347,183349,7500844.652777778,7501534.805555556,690.1527777777778,False
183352,183357,7501578.439814814,7510793.587962963,9215.148148148148,False
183361,183363,7510844.648148148,7511534.787037037,690.1388888888889,False
183366,183371,7511578.268518519,7520794.023148148,9215.75462962963,False
183375,183377,7520844.967592592,7521535.115740741,690.1481481481482,False
183380,183385,7521578.759259259,7530794.277777778,9215.518518518518,False
183389,183391,7530845.055555556,7531535.625,690.5694444444445,False
183394,183399,7531578.763888889,7540793.634259259,9214.87037037037,False
183403,183405,7540844.587962963,7541534.740740741,690.1527777777778,False
183408,183413,7541577.782407408,7550793.324074074,9215.541666666666,False
183417,183419,7550844.856481481,7551534.99537037,690.1388888888889,False
183422,183427,7551579.064814814,7560794.902777778,9215.837962962964,False
183431,183433,7560845.712962963,7561536.537037037,690.824074074074,False
183436,183441,7561580.393518519,7570794.287037037,9213.893518518518,False
183445,183447,7570844.902777778,7571535.231481481,690.3287037037037,False
183450,183455,7571578.726851852,7580794.208333333,9215.481481481482,False
183459,183461,7580844.689814814,7581534.717592592,690.0277777777778,False
183464,183469,7581578.49537037,7590793.546296297,9215.050925925925,False
183473,183475,7590844.689814814,7591534.694444444,690.0046296296297,False
183478,183483,7591578.467592592,7600793.763888889,9215.296296296296,False
183487,183489,7600843.837962963,7601534.337962963,690.5,False
183492,183497,7601578.300925926,7610794.680555556,9216.37962962963,False
183501,183503,7610845.268518519,7611535.273148148,690.0046296296297,False
183506,183511,7611578.893518519,7620794.171296297,9215.277777777777,False
183515,183517,7620844.694444444,7621535.125,690.4305555555555,False
183520,183525,7621578.662037037,7630793.722222222,9215.060185185184,False
183529,183531,7630844.453703703,7631534.703703703,690.25,False
183534,183539,7631577.689814814,7640793.837962963,9216.148148148148,False
183543,183545,7640844.74537037,7641535.24537037,690.5,False
183548,183553,7641578.555555556,7650794.152777778,9215.597222222223,False
183557,183559,7650845.199074074,7651535.643518519,690.4444444444445,False
183562,183567,7651579.546296297,7660794.787037037,9215.24074074074,False
183571,183573,7660845.361111111,7661535.5,690.1388888888889,False
183576,183581,7661578.439814814,7670793.773148148,9215.333333333334,False
183585,183587,7670844.712962963,7671534.884259259,690.1712962962963,False
183590,183595,7671578.703703703,7680794.634259259,9215.930555555555,False
183599,183601,7680844.921296297,7681535.060185186,690.1388888888889,False
183604,183609,7681578.560185186,7690793.0,9214.439814814816,False
183613,183615,7690843.888888889,7691533.810185186,689.9212962962963,False
183618,183623,7691577.592592592,7700793.606481481,9216.013888888889,False
183627,183629,7700844.203703703,7701534.898148148,690.6944444444445,False
183632,183637,7701578.402777778,7710793.953703703,9215.550925925925,False
183641,183643,7710845.087962963,7711535.337962963,690.25,False
183646,183651,7711579.111111111,7720793.425925926,9214.314814814816,False
183655,183657,7720844.148148148,7721534.402777778,690.2546296296297,False
183660,183665,7721577.796296297,7730794.236111111,9216.439814814816,False
183669,183671,7730845.689814814,7731535.615740741,689.925925925926,False
183674,183679,7731579.634259259,7740794.675925926,9215.041666666666,False
183683,183685,7740845.861111111,7741535.87037037,690.0092592592592,False
183688,183693,7741579.884259259,7750794.162037037,9214.277777777777,False
183697,183699,7750845.810185186,7751535.717592592,689.9074074074074,False
183702,183707,7751579.351851852,7760793.300925926,9213.949074074075,False
183711,183713,7760844.717592592,7761534.939814814,690.2222222222222,False
183716,183721,7761578.736111111,7770794.078703703,9215.342592592593,False
183725,183727,7770846.00462963,7771535.833333333,689.8287037037037,False
183730,183735,7771579.592592592,7780793.884259259,9214.291666666666,False
183739,183741,7780844.361111111,7781534.671296297,690.3101851851852,False
183744,183749,7781578.185185186,7790793.49537037,9215.310185185184,False
183753,183755,7790844.694444444,7791534.74537037,690.050925925926,False
183758,183763,7791578.407407408,7800794.555555556,9216.148148148148,False
183767,183769,7800845.199074074,7801535.550925926,690.3518518518518,False
183772,183777,7801579.152777778,7810793.208333333,9214.055555555555,False
183781,183783,7810843.828703703,7811534.199074074,690.3703703703703,False
183786,183791,7811577.986111111,7820794.861111111,9216.875,False
183795,183797,7820845.787037037,7821535.888888889,690.1018518518518,False
183800,183805,7821579.819444444,7830794.689814814,9214.87037037037,False
183809,183811,7830845.796296297,7831535.689814814,689.8935185185185,False
183814,183819,7831579.74537037,7840794.180555556,9214.435185185184,False
183823,183825,7840844.875,7841535.009259259,690.1342592592592,False
183828,183833,7841578.833333333,7850794.833333333,9216.0,False
183837,183839,7850845.74537037,7851535.731481481,689.9861111111111,False
183842,183847,7851580.310185186,7860793.939814814,9213.62962962963,False
183851,183853,7860844.75,7861535.189814814,690.4398148148148,False
183856,183861,7861578.824074074,7870793.856481481,9215.032407407407,False
183865,183867,7870844.0,7871534.833333333,690.8333333333334,False
183870,183875,7871578.134259259,7880794.518518519,9216.38425925926,False
183879,183881,7880845.935185186,7881536.180555556,690.2453703703703,False
183884,183889,7881579.856481481,7890794.717592592,9214.861111111111,False
183893,183895,7890845.291666667,7891535.648148148,690.3564814814815,False
183898,183903,7891578.583333333,7900794.537037037,9215.953703703704,False
183907,183909,7900845.263888889,7901535.699074074,690.4351851851852,False
183912,183917,7901579.111111111,7910793.606481481,9214.49537037037,False
183921,183923,7910844.550925926,7911534.625,690.074074074074,False
183926,183931,7911577.703703703,7920792.916666667,9215.212962962964,False
183935,183937,7920844.041666667,7921534.185185186,690.1435185185185,False
183940,183945,7921578.12037037,7930793.814814814,9215.694444444445,False
183949,183951,7930844.375,7931534.768518519,690.3935185185185,False
183954,183959,7931578.5,7940794.37037037,9215.87037037037,False
183963,183965,7940845.467592592,7941535.583333333,690.1157407407408,False
183968,183973,7941580.180555556,7950794.393518519,9214.212962962964,False
183977,183979,7950845.736111111,7951535.662037037,689.925925925926,False
183982,183987,7951580.148148148,7960794.736111111,9214.587962962964,False
183991,183993,7960846.0,7961536.587962963,690.5879629629629,False
183996,184001,7961579.981481481,7970793.708333333,9213.726851851852,False
184005,184007,7970844.587962963,7971534.814814814,690.2268518518518,False
184010,184015,7971578.902777778,7980794.25,9215.347222222223,False
184019,184021,7980844.675925926,7981535.115740741,690.4398148148148,False
184024,184029,7981578.643518519,7990794.638888889,9215.99537037037,False
184033,184035,7990845.574074074,7991535.944444444,690.3703703703703,False
184038,184043,7991579.916666667,8000794.226851852,9214.310185185184,False
184047,184049,8000845.083333333,8001535.421296297,690.3379629629629,False
184052,184057,8001578.555555556,8010793.462962963,9214.907407407407,False
184061,184063,8010845.12962963,8011535.240740741,690.1111111111111,False
184066,184071,8011578.666666667,8020794.5,9215.833333333334,False
184075,184077,8020845.356481481,8021535.601851852,690.2453703703703,False
184080,184085,8021578.875,8030794.365740741,9215.49074074074,False
184089,184091,8030845.101851852,8031534.814814814,689.7129629629629,False
184094,184099,8031578.467592592,8040793.898148148,9215.430555555555,False
184103,184105,8040844.777777778,8041535.37037037,690.5925925925926,False
184108,184113,8041579.509259259,8050793.87962963,9214.37037037037,False
184117,184119,8050844.884259259,8051535.032407408,690.1481481481482,False
184122,184127,8051579.194444444,8060793.601851852,9214.407407407407,False
184131,184133,8060844.12037037,8061534.435185186,690.3148148148148,False
184136,184141,8061578.050925926,8070793.907407408,9215.856481481482,False
184145,184147,8070845.148148148,8071535.541666667,690.3935185185185,False
184150,184155,8071579.717592592,8080794.319444444,9214.601851851852,False
184159,184161,8080845.310185186,8081535.689814814,690.3796296296297,False
184164,184169,8081579.439814814,8090794.375,9214.935185185184,False
184173,184175,8090845.009259259,8091535.444444444,690.4351851851852,False
184178,184183,8091579.273148148,8100794.773148148,9215.5,False
184187,184189,8100845.842592592,8101536.092592592,690.25,False
184192,184197,8101580.115740741,8110793.546296297,9213.430555555555,False
184201,184203,8110844.013888889,8111534.171296297,690.1574074074074,False
184206,184211,8111577.638888889,8120793.773148148,9216.13425925926,False
184215,184217,8120845.199074074,8121535.458333333,690.2592592592592,False
184220,184225,8121579.319444444,8130794.555555556,9215.236111111111,False
184229,184231,8130845.958333333,8131535.944444444,689.9861111111111,False
184234,184239,8131579.712962963,8140793.587962963,9213.875,False
184243,184245,8140844.601851852,8141534.689814814,690.0879629629629,False
184248,184253,8141578.597222222,8150793.884259259,9215.287037037036,False
184257,184259,8150844.902777778,8151535.12962963,690.2268518518518,False
184262,184267,8151579.064814814,8160794.412037037,9215.347222222223,False
184271,184273,8160845.740740741,8161536.064814814,690.324074074074,False
184276,184281,8161579.916666667,8170793.064814814,9213.148148148148,False
184285,184287,8170844.018518519,8171534.037037037,690.0185185185185,False
184290,184295,8171577.361111111,8180793.532407408,9216.171296296296,False
184299,184301,8180844.277777778,8181534.203703703,689.925925925926,False
184304,184309,8181578.314814814,8190794.00462963,9215.689814814816,False
184313,184315,8190844.583333333,8191534.731481481,690.1481481481482,False
184318,184323,8191578.777777778,8200793.569444444,9214.791666666666,False
184327,184329,8200844.027777778,8201534.300925926,690.2731481481482,False
184332,184337,8201577.851851852,8210794.050925926,9216.199074074075,False
184341,184343,8210844.569444444,8211534.634259259,690.0648148148148,False
184346,184351,8211578.541666667,8220793.810185186,9215.268518518518,False
184355,184357,8220844.444444444,8221534.305555556,689.8611111111111,False
184360,184365,8221577.560185186,8230794.166666667,9216.606481481482,False
184369,184371,8230844.962962963,8231535.337962963,690.375,False
184374,184379,8231579.083333333,8240795.532407408,9216.449074074075,False
184383,184385,8240846.453703703,8241536.680555556,690.2268518518518,False
184388,184393,8241580.115740741,8250795.050925926,9214.935185185184,False
184397,184399,8250846.351851852,8251536.032407408,689.6805555555555,False
184402,184407,8251579.435185186,8260794.203703703,9214.768518518518,False
184411,184413,8260844.356481481,8261534.921296297,690.5648148148148,False
184416,184421,8261579.152777778,8270794.384259259,9215.231481481482,False
184425,184427,8270845.388888889,8271535.837962963,690.449074074074,False
184430,184435,8271580.023148148,8280793.680555556,9213.657407407407,False
184439,184441,8280844.333333333,8281534.449074074,690.1157407407408,False
184444,184449,8281577.796296297,8290794.458333333,9216.662037037036,False
184453,184455,8290845.518518519,8291535.722222222,690.2037037037037,False
184458,184463,8291579.731481481,8300793.402777778,9213.671296296296,False
184467,184469,8300844.365740741,8301534.615740741,690.25,False
184472,184477,8301578.782407408,8310793.351851852,9214.569444444445,False
184481,184483,8310843.921296297,8311533.898148148,689.9768518518518,False
184486,184491,8311577.50462963,8320794.393518519,9216.888888888889,False
184495,184497,8320844.958333333,8321535.490740741,690.5324074074074,False
184500,184505,8321578.893518519,8330793.652777778,9214.75925925926,False
184509,184511,8330844.597222222,8331534.689814814,690.0925925925926,False
184514,184519,8331578.486111111,8340793.875,9215.388888888889,False
184523,184525,8340844.189814814,8341534.546296297,690.3564814814815,False
184528,184533,8341578.092592592,8350794.268518519,9216.175925925925,False
184537,184539,8350844.828703703,8351534.791666667,689.9629629629629,False
184542,184547,8351577.805555556,8360793.407407408,9215.601851851852,False
184551,184553,8360844.055555556,8361534.282407408,690.2268518518518,False
184556,184561,8361577.824074074,8370794.675925926,9216.851851851852,False
184565,184567,8370845.361111111,8371535.578703703,690.2175925925926,False
184570,184575,8371578.824074074,8380795.12037037,9216.296296296296,False
184579,184581,8380845.736111111,8381535.898148148,690.1620370370371,False
184584,184589,8381579.717592592,8390793.63425926,9213.916666666666,False
184593,184595,8390844.263888888,8391534.495370371,690.2314814814815,False
184598,184603,8391577.856481481,8400794.518518519,9216.662037037036,False
184607,184609,8400844.935185185,8401535.037037037,690.1018518518518,False
184612,184617,8401577.476851853,8410793.481481481,9216.00462962963,False
184621,184623,8410845.453703703,8411535.61574074,690.1620370370371,False
184626,184631,8411579.273148147,8420794.101851853,9214.828703703704,False
184635,184637,8420844.63425926,8421534.703703703,690.0694444444445,False
184640,184645,8421578.375,8430793.856481481,9215.481481481482,False
184649,184651,8430843.902777778,8431534.310185185,690.4074074074074,False
184654,184659,8431577.643518519,8440794.194444444,9216.550925925925,False
184663,184665,8440844.939814815,8441535.203703703,690.2638888888889,False
184668,184673,8441579.018518519,8450794.125,9215.106481481482,False
184677,184679,8450844.953703703,8451535.38425926,690.4305555555555,False
184682,184687,8451579.129629629,8460794.601851853,9215.472222222223,False
184691,184693,8460846.268518519,8461536.435185185,690.1666666666666,False
184696,184701,8461580.166666666,8470793.819444444,9213.652777777777,False
184705,184707,8470843.986111112,8471534.388888888,690.4027777777778,False
184710,184715,8471578.152777778,8480794.907407407,9216.75462962963,False
184719,184721,8480846.38425926,8481536.333333334,689.949074074074,False
184724,184729,8481579.88425926,8490794.296296297,9214.412037037036,False
184733,184735,8490845.037037037,8491535.356481481,690.3194444444445,False
184738,184743,8491579.453703703,8500794.435185185,9214.981481481482,False
184747,184749,8500845.61574074,8501535.898148147,690.2824074074074,False
184752,184757,8501578.833333334,8510794.592592593,9215.75925925926,False
184761,184763,8510845.462962963,8511535.75925926,690.2962962962963,False
184766,184771,8511579.550925925,8520795.00925926,9215.458333333334,False
184775,184777,8520845.694444444,8521535.972222222,690.2777777777778,False
184780,184785,8521579.712962963,8530794.217592593,9214.50462962963,False
184789,184791,8530845.513888888,8531535.629629629,690.1157407407408,False
184794,184799,8531579.361111112,8540795.199074075,9215.837962962964,False
184803,184805,8540845.888888888,8541536.023148147,690.1342592592592,False
184808,184813,8541579.902777778,8550794.231481481,9214.328703703704,False
184817,184819,8550844.912037037,8551535.00925926,690.0972222222222,False
184822,184827,8551579.074074075,8560795.231481481,9216.157407407407,False
184831,184833,8560846.375,8561536.504629629,690.1296296296297,False
184836,184841,8561579.981481481,8570794.180555556,9214.199074074075,False
184845,184847,8570844.851851853,8571535.217592593,690.3657407407408,False
184850,184855,8571578.314814815,8580793.847222222,9215.532407407407,False
184859,184861,8580845.11574074,8581534.796296297,689.6805555555555,False
184864,184869,8581578.949074075,8590793.99074074,9215.041666666666,False
184873,184875,8590844.824074075,8591535.092592593,690.2685185185185,False
184878,184883,8591578.550925925,8600794.435185185,9215.88425925926,False
184887,184889,8600844.939814815,8601535.328703703,690.3888888888889,False
184892,184897,8601579.004629629,8610794.847222222,9215.842592592593,False
184901,184903,8610845.986111112,8611536.328703703,690.3425925925926,False
184906,184911,8611579.879629629,8620794.268518519,9214.388888888889,False
184915,184917,8620844.861111112,8621535.023148147,690.1620370370371,False
184920,184925,8621579.13425926,8630795.74074074,9216.606481481482,False
184929,184931,8630846.953703703,8631537.129629629,690.175925925926,False
184934,184943,8631581.356481481,8637017.879629629,5436.523148148148,False
184947,184949,8637078.379629629,8637768.513888888,690.1342592592592,False
184952,184957,8637807.097222222,8640793.782407407,2986.685185185185,False
184961,184963,8640844.402777778,8641534.361111112,689.9583333333334,False
184966,184971,8641578.592592593,8650794.99074074,9216.398148148148,False
184975,184977,8650845.689814815,8651536.0,690.3101851851852,False
184980,184985,8651579.023148147,8660794.0,9214.976851851852,False
184989,184991,8660844.203703703,8661534.666666666,690.4629629629629,False
184994,184999,8661578.152777778,8670794.273148147,9216.12037037037,False
185003,185005,8670845.194444444,8671535.638888888,690.4444444444445,False
185008,185013,8671579.555555556,8680794.537037037,9214.981481481482,False
185017,185019,8680845.333333334,8681535.347222222,690.0138888888889,False
185022,185027,8681578.972222222,8690794.300925925,9215.328703703704,False
185031,185033,8690845.120370371,8691535.046296297,689.925925925926,False
185036,185041,8691578.629629629,8700794.319444444,9215.689814814816,False
185045,185047,8700844.587962963,8701535.226851853,690.6388888888889,False
185050,185055,8701578.805555556,8710794.425925925,9215.62037037037,False
185059,185061,8710845.143518519,8711535.212962963,690.0694444444445,False
185064,185069,8711579.037037037,8720793.86574074,9214.828703703704,False
185073,185075,8720844.416666666,8721534.662037037,690.2453703703703,False
185078,185083,8721578.939814815,8730794.574074075,9215.63425925926,False
185087,185089,8730845.319444444,8731535.532407407,690.2129629629629,False
185092,185097,8731579.38425926,8740794.88425926,9215.5,False
185101,185103,8740846.037037037,8741536.361111112,690.324074074074,False
185106,185111,8741580.444444444,8750795.300925925,9214.856481481482,False
185115,185117,8750846.379629629,8751536.532407407,690.1527777777778,False
185120,185125,8751580.203703703,8760793.842592593,9213.638888888889,False
185129,185131,8760844.601851853,8761534.560185185,689.9583333333334,False
185134,185139,8761578.731481481,8770794.328703703,9215.597222222223,False
185143,185145,8770845.162037037,8771535.416666666,690.2546296296297,False
185148,185153,8771578.842592593,8780794.36574074,9215.523148148148,False
185157,185159,8780844.629629629,8781534.837962963,690.2083333333334,False
185162,185167,8781579.050925925,8790793.976851853,9214.925925925925,False
185171,185173,8790844.717592593,8791535.004629629,690.2870370370371,False
185176,185181,8791578.810185185,8800792.888888888,9214.078703703704,False
185185,185187,8800843.398148147,8801533.643518519,690.2453703703703,False
185190,185195,8801577.379629629,8810793.0,9215.62037037037,False
185199,185201,8810843.467592593,8811533.680555556,690.2129629629629,False
185204,185209,8811577.152777778,8820794.601851853,9217.449074074075,False
185213,185215,8820845.356481481,8821535.819444444,690.4629629629629,False
185218,185223,8821579.583333334,8830793.361111112,9213.777777777777,False
185227,185229,8830843.722222222,8831533.976851853,690.2546296296297,False
185232,185237,8831577.800925925,8840794.111111112,9216.310185185184,False
185241,185243,8840845.611111112,8841535.870370371,690.2592592592592,False
185246,185255,8841579.245370371,8843029.416666666,1450.1712962962963,False
185259,185261,8843090.842592593,8843780.902777778,690.0601851851852,False
185264,185269,8843819.231481481,8850794.638888888,6975.407407407408,False
185273,185275,8850845.060185185,8851535.587962963,690.5277777777778,False
185278,185283,8851579.180555556,8860793.00925926,9213.828703703704,False
185287,185289,8860843.689814815,8861534.217592593,690.5277777777778,False
185292,185297,8861578.032407407,8870794.546296297,9216.513888888889,False
185301,185303,8870845.504629629,8871535.935185185,690.4305555555555,False
185306,185311,8871579.370370371,8880793.953703703,9214.583333333334,False
185315,185317,8880844.337962963,8881534.712962963,690.375,False
185320,185325,8881578.726851853,8890793.046296297,9214.319444444445,False
185329,185331,8890843.86574074,8891533.88425926,690.0185185185185,False
185334,185339,8891577.222222222,8900794.625,9217.402777777777,False
185343,185345,8900845.699074075,8901535.796296297,690.0972222222222,False
185348,185353,8901579.379629629,8910793.86574074,9214.486111111111,False
185357,185359,8910844.398148147,8911534.476851853,690.0787037037037,False
185362,185367,8911578.180555556,8920793.935185185,9215.75462962963,False
185371,185373,8920845.11574074,8921534.837962963,689.7222222222222,False
185376,185381,8921578.342592593,8930794.300925925,9215.958333333334,False
185385,185387,8930844.74074074,8931535.087962963,690.3472222222222,False
185390,185395,8931579.055555556,8940794.106481481,9215.050925925925,False
185399,185401,8940845.148148147,8941535.143518519,689.9953703703703,False
185404,185409,8941578.800925925,8950794.263888888,9215.462962962964,False
185413,185415,8950845.370370371,8951535.337962963,689.9675925925926,False
185418,185423,8951579.046296297,8960794.888888888,9215.842592592593,False
185427,185429,8960846.162037037,8961536.273148147,690.1111111111111,False
185432,185437,8961580.111111112,8970794.291666666,9214.180555555555,False
185441,185443,8970845.726851853,8971535.629629629,689.9027777777778,False
185446,185451,8971578.833333334,8980793.546296297,9214.712962962964,False
185455,185457,8980844.402777778,8981534.805555556,690.4027777777778,False
185460,185465,8981578.356481481,8990794.185185185,9215.828703703704,False
185469,185471,8990844.837962963,8991534.939814815,690.1018518518518,False
185474,185479,8991578.837962963,9000794.925925925,9216.087962962964,False
185483,185485,9000845.532407407,9001535.86574074,690.3333333333334,False
185488,185493,9001579.236111112,9010794.791666666,9215.555555555555,False
185497,185499,9010845.0,9011535.38425926,690.3842592592592,False
185502,185507,9011579.101851853,9020794.245370371,9215.143518518518,False
185511,185513,9020844.787037037,9021534.763888888,689.9768518518518,False
185516,185521,9021578.662037037,9030795.143518519,9216.481481481482,False
185525,185527,9030845.75,9031536.097222222,690.3472222222222,False
185530,185535,9031579.541666666,9040793.0,9213.458333333334,False
185539,185541,9040843.643518519,9041533.810185185,690.1666666666666,False
185544,185549,9041576.560185185,9050794.787037037,9218.226851851852,False
185553,185555,9050845.976851853,9051536.037037037,690.0601851851852,False
185558,185563,9051580.449074075,9060792.925925925,9212.476851851852,False
185567,185569,9060843.981481481,9061534.324074075,690.3425925925926,False
185572,185577,9061578.356481481,9070793.995370371,9215.638888888889,False
185581,185583,9070844.625,9071534.726851853,690.1018518518518,False
185586,185591,9071578.736111112,9080794.356481481,9215.62037037037,False
185595,185597,9080845.125,9081535.523148147,690.3981481481482,False
185600,185605,9081579.129629629,9090793.958333334,9214.828703703704,False
185609,185611,9090845.143518519,9091535.328703703,690.1851851851852,False
185614,185619,9091579.023148147,9100793.601851853,9214.578703703704,False
185623,185625,9100844.004629629,9101534.125,690.1203703703703,False
185628,185633,9101577.86574074,9110793.38425926,9215.518518518518,False
185637,185639,9110844.61574074,9111534.717592593,690.1018518518518,False
185642,185647,9111577.99074074,9120793.893518519,9215.902777777777,False
185651,185653,9120844.333333334,9121534.902777778,690.5694444444445,False
185656,185661,9121579.00925926,9130794.407407407,9215.398148148148,False
185665,185667,9130845.61574074,9131535.541666666,689.925925925926,False
185670,185675,9131579.398148147,9140793.407407407,9214.00925925926,False
185679,185681,9140844.194444444,9141534.148148147,689.9537037037037,False
185684,185689,9141578.277777778,9150792.763888888,9214.486111111111,False
185693,185695,9150843.25,9151533.351851853,690.1018518518518,False
185698,185703,9151577.143518519,9160793.625,9216.481481481482,False
185707,185709,9160844.222222222,9161535.013888888,690.7916666666666,False
185712,185717,9161578.912037037,9170793.819444444,9214.907407407407,False
185721,185723,9170844.736111112,9171534.63425926,689.8981481481482,False
185726,185731,9171578.50925926,9180794.796296297,9216.287037037036,False
185735,185737,9180845.763888888,9181536.398148147,690.6342592592592,False
185740,185745,9181579.773148147,9190793.782407407,9214.00925925926,False
185749,185751,9190844.495370371,9191534.703703703,690.2083333333334,False
185754,185759,9191578.75,9200794.347222222,9215.597222222223,False
185763,185765,9200845.351851853,9201535.412037037,690.0601851851852,False
185768,185773,9201578.847222222,9210794.300925925,9215.453703703704,False
185777,185779,9210845.125,9211535.574074075,690.449074074074,False
185782,185787,9211580.023148147,9220794.328703703,9214.305555555555,False
185791,185793,9220844.810185185,9221535.041666666,690.2314814814815,False
185796,185801,9221579.273148147,9230793.680555556,9214.407407407407,False
185805,185807,9230844.50925926,9231534.587962963,690.0787037037037,False
185810,185815,9231578.916666666,9240794.546296297,9215.62962962963,False
185819,185821,9240846.069444444,9241536.004629629,689.9351851851852,False
185824,185829,9241579.564814815,9250793.842592593,9214.277777777777,False
185833,185835,9250844.953703703,9251534.958333334,690.0046296296297,False
185838,185843,9251578.305555556,9260794.537037037,9216.231481481482,False
185847,185849,9260845.638888888,9261535.694444444,690.0555555555555,False
185852,185857,9261579.63425926,9270794.527777778,9214.893518518518,False
185861,185863,9270845.347222222,9271535.476851853,690.1296296296297,False
185866,185871,9271579.421296297,9280794.88425926,9215.462962962964,False
185875,185877,9280845.148148147,9281535.541666666,690.3935185185185,False
185880,185885,9281579.50925926,9290794.629629629,9215.12037037037,False
185889,185891,9290845.763888888,9291535.560185185,689.7962962962963,False
185894,185899,9291579.25925926,9300794.333333334,9215.074074074075,False
185903,185905,9300844.986111112,9301535.388888888,690.4027777777778,False
185908,185913,9301578.791666666,9310794.601851853,9215.810185185184,False
185917,185919,9310845.097222222,9311535.120370371,690.0231481481482,False
185922,185927,9311579.166666666,9320794.583333334,9215.416666666666,False
185931,185933,9320844.888888888,9321535.361111112,690.4722222222222,False
185936,185941,9321578.962962963,9330794.50925926,9215.546296296296,False
185945,185947,9330845.064814815,9331535.175925925,690.1111111111111,False
185950,185955,9331578.689814815,9340794.375,9215.685185185184,False
185959,185961,9340845.439814815,9341535.592592593,690.1527777777778,False
185964,185969,9341579.393518519,9350793.847222222,9214.453703703704,False
185973,185975,9350844.666666666,9351535.222222222,690.5555555555555,False
185978,185983,9351578.523148147,9360794.171296297,9215.648148148148,False
185987,185989,9360844.578703703,9361535.037037037,690.4583333333334,False
185992,185997,9361578.555555556,9370793.189814815,9214.63425925926,False
186001,186003,9370844.472222222,9371534.736111112,690.2638888888889,False
186006,186011,9371578.407407407,9380794.61574074,9216.208333333334,False
186015,186017,9380845.263888888,9381535.328703703,690.0648148148148,False
186020,186025,9381578.532407407,9390793.925925925,9215.393518518518,False
186029,186031,9390844.375,9391534.879629629,690.5046296296297,False
186034,186039,9391578.458333334,9400793.689814815,9215.231481481482,False
186043,186045,9400845.157407407,9401535.027777778,689.8703703703703,False
186048,186053,9401578.231481481,9410794.171296297,9215.939814814816,False
186057,186059,9410845.333333334,9411535.361111112,690.0277777777778,False
186062,186067,9411578.763888888,9420793.879629629,9215.11574074074,False
186071,186073,9420844.680555556,9421534.833333334,690.1527777777778,False
186076,186081,9421578.810185185,9430794.111111112,9215.300925925925,False
186085,186087,9430845.425925925,9431535.680555556,690.2546296296297,False
186090,186095,9431579.004629629,9440793.986111112,9214.981481481482,False
186099,186101,9440844.75925926,9441535.092592593,690.3333333333334,False
186104,186109,9441579.194444444,9450794.611111112,9215.416666666666,False
186113,186115,9450845.277777778,9451535.532407407,690.2546296296297,False
186118,186123,9451579.481481481,9460794.527777778,9215.046296296296,False
186127,186129,9460845.351851853,9461535.194444444,689.8425925925926,False
186132,186137,9461578.782407407,9470794.319444444,9215.537037037036,False
186141,186143,9470845.361111112,9471535.995370371,690.6342592592592,False
186146,186151,9471579.643518519,9480794.379629629,9214.736111111111,False
186155,186157,9480844.944444444,9481534.986111112,690.0416666666666,False
186160,186165,9481579.273148147,9490795.393518519,9216.12037037037,False
186169,186171,9490846.203703703,9491536.574074075,690.3703703703703,False
186174,186179,9491580.291666666,9500794.138888888,9213.847222222223,False
186183,186185,9500844.439814815,9501534.689814815,690.25,False
186188,186193,9501578.300925925,9510794.388888888,9216.087962962964,False
186197,186199,9510845.087962963,9511535.319444444,690.2314814814815,False
186202,186207,9511579.199074075,9520794.379629629,9215.180555555555,False
186211,186213,9520845.587962963,9521535.587962963,690.0,False
186216,186221,9521579.064814815,9530795.337962963,9216.273148148148,False
186225,186227,9530846.101851853,9531536.333333334,690.2314814814815,False
186230,186235,9531579.722222222,9540794.282407407,9214.560185185184,False
186239,186241,9540845.180555556,9541535.310185185,690.1296296296297,False
186244,186249,9541578.958333334,9550793.648148147,9214.689814814816,False
186253,186255,9550844.523148147,9551534.61574074,690.0925925925926,False
186258,186263,9551578.662037037,9560794.245370371,9215.583333333334,False
186267,186269,9560845.379629629,9561535.217592593,689.8379629629629,False
186272,186277,9561578.726851853,9570794.63425926,9215.907407407407,False
186281,186283,9570845.152777778,9571535.305555556,690.1527777777778,False
186286,186291,9571578.939814815,9580793.356481481,9214.416666666666,False
186295,186297,9580843.861111112,9581534.356481481,690.4953703703703,False
186300,186305,9581577.583333334,9590794.24074074,9216.657407407407,False
186309,186311,9590845.032407407,9591535.300925925,690.2685185185185,False
186314,186319,9591579.078703703,9600794.5,9215.421296296296,False
186323,186325,9600845.050925925,9601535.171296297,690.1203703703703,False
186328,186333,9601578.717592593,9610793.675925925,9214.958333333334,False
186337,186339,9610844.597222222,9611534.810185185,690.2129629629629,False
186342,186347,9611578.782407407,9620794.375,9215.592592592593,False
186351,186353,9620845.111111112,9621535.208333334,690.0972222222222,False
186356,186361,9621579.083333334,9630794.731481481,9215.648148148148,False
186365,186367,9630846.310185185,9631536.527777778,690.2175925925926,False
186370,186375,9631580.736111112,9640794.935185185,9214.199074074075,False
186379,186381,9640845.018518519,9641535.99074074,690.9722222222222,False
186384,186389,9641580.287037037,9650793.458333334,9213.171296296296,False
186393,186395,9650843.930555556,9651534.430555556,690.5,False
186398,186403,9651577.680555556,9660794.828703703,9217.148148148148,False
186407,186409,9660845.995370371,9661536.00925926,690.0138888888889,False
186412,186417,9661579.601851853,9670794.328703703,9214.726851851852,False
186421,186423,9670845.152777778,9671535.319444444,690.1666666666666,False
186426,186431,9671579.458333334,9680793.967592593,9214.50925925926,False
186435,186437,9680844.787037037,9681534.953703703,690.1666666666666,False
186440,186445,9681578.587962963,9690794.333333334,9215.74537037037,False
186449,186451,9690845.24074074,9691535.018518519,689.7777777777778,False
186454,186459,9691578.601851853,9700794.449074075,9215.847222222223,False
186463,186465,9700845.097222222,9701535.407407407,690.3101851851852,False
186468,186473,9701579.337962963,9710794.203703703,9214.86574074074,False
186477,186479,9710844.912037037,9711535.36574074,690.4537037037037,False
186482,186487,9711578.986111112,9720794.388888888,9215.402777777777,False
186491,186493,9720845.703703703,9721535.620370371,689.9166666666666,False
186496,186501,9721579.527777778,9730795.120370371,9215.592592592593,False
186505,186507,9730846.407407407,9731536.63425926,690.2268518518518,False
186510,186515,9731580.356481481,9740794.245370371,9213.888888888889,False
186519,186521,9740845.388888888,9741535.263888888,689.875,False
186524,186529,9741579.194444444,9750794.152777778,9214.958333333334,False
186533,186535,9750844.717592593,9751534.958333334,690.2407407407408,False
186538,186543,9751578.689814815,9760795.560185185,9216.87037037037,False
186547,186549,9760847.120370371,9761537.245370371,690.125,False
186552,186557,9761581.273148147,9770795.638888888,9214.36574074074,False
186561,186563,9770846.587962963,9771536.736111112,690.1481481481482,False
186566,186571,9771580.055555556,9780793.851851853,9213.796296296296,False
186575,186577,9780843.981481481,9781534.393518519,690.4120370370371,False
186580,186585,9781578.439814815,9790795.125,9216.685185185184,False
186589,186591,9790845.851851853,9791536.578703703,690.7268518518518,False
186594,186599,9791580.643518519,9800794.50925926,9213.86574074074,False
186603,186605,9800845.476851853,9801535.754629629,690.2777777777778,False
186608,186613,9801579.550925925,9810794.689814815,9215.138888888889,False
186617,186619,9810846.041666666,9811536.254629629,690.2129629629629,False
186622,186627,9811580.083333334,9820794.263888888,9214.180555555555,False
186631,186633,9820844.893518519,9821535.041666666,690.1481481481482,False
186636,186641,9821579.273148147,9830794.791666666,9215.518518518518,False
186645,186647,9830845.699074075,9831536.037037037,690.3379629629629,False
186650,186655,9831579.351851853,9840793.560185185,9214.208333333334,False
186659,186661,9840844.328703703,9841534.472222222,690.1435185185185,False
186664,186669,9841577.800925925,9850794.504629629,9216.703703703704,False
186673,186675,9850845.388888888,9851535.694444444,690.3055555555555,False
186678,186683,9851579.472222222,9860794.310185185,9214.837962962964,False
186687,186689,9860844.601851853,9861534.847222222,690.2453703703703,False
186692,186697,9861578.49074074,9870793.50925926,9215.018518518518,False
186701,186703,9870844.726851853,9871534.648148147,689.9212962962963,False
186706,186711,9871578.694444444,9880793.805555556,9215.111111111111,False
186715,186717,9880844.416666666,9881534.578703703,690.1620370370371,False
186720,186725,9881578.75925926,9890793.875,9215.11574074074,False
186729,186731,9890844.847222222,9891535.143518519,690.2962962962963,False
186734,186739,9891578.88425926,9900794.560185185,9215.675925925925,False
186743,186745,9900845.504629629,9901535.574074075,690.0694444444445,False
186748,186753,9901579.194444444,9910793.731481481,9214.537037037036,False
186757,186759,9910844.842592593,9911534.763888888,689.9212962962963,False
186762,186767,9911579.00925926,9920794.578703703,9215.569444444445,False
186771,186773,9920845.166666666,9921535.402777778,690.2361111111111,False
186776,186781,9921579.300925925,9930794.879629629,9215.578703703704,False
186785,186787,9930845.949074075,9931536.087962963,690.1388888888889,False
186790,186795,9931579.555555556,9940794.444444444,9214.888888888889,False
186799,186801,9940846.046296297,9941536.055555556,690.0092592592592,False
186804,186809,9941579.652777778,9950794.046296297,9214.393518518518,False
186813,186815,9950844.74074074,9951535.282407407,690.5416666666666,False
186818,186823,9951578.254629629,9960793.777777778,9215.523148148148,False
186827,186829,9960844.712962963,9961535.101851853,690.3888888888889,False
186832,186837,9961578.912037037,9970793.671296297,9214.75925925926,False
186841,186843,9970844.675925925,9971534.592592593,689.9166666666666,False
186846,186851,9971579.24074074,9980794.175925925,9214.935185185184,False
186855,186857,9980844.796296297,9981534.879629629,690.0833333333334,False
186860,186865,9981578.143518519,9990793.226851853,9215.083333333334,False
186869,186871,9990844.189814815,9991534.430555556,690.2407407407408,False
186874,186879,9991577.907407407,10000792.810185185,9214.902777777777,False
186883,186885,10000843.953703703,10001533.86574074,689.9120370370371,False
186888,186893,10001577.638888888,10010793.217592593,9215.578703703704,False
186897,186899,10010843.476851853,10011533.63425926,690.1574074074074,False
186902,186907,10011577.087962963,10020794.5,9217.412037037036,False
186911,186913,10020845.166666666,10021535.194444444,690.0277777777778,False
186916,186921,10021579.125,10030794.629629629,9215.50462962963,False
186925,186927,10030845.361111112,10031535.305555556,689.9444444444445,False
186930,186935,10031578.745370371,10040794.032407407,9215.287037037036,False
186939,186941,10040844.310185185,10041534.643518519,690.3333333333334,False
186944,186949,10041578.694444444,10050794.277777778,9215.583333333334,False
186953,186955,10050846.138888888,10051536.120370371,689.9814814814815,False
186958,186963,10051579.953703703,10060793.592592593,9213.638888888889,False
186967,186969,10060844.388888888,10061534.421296297,690.0324074074074,False
186972,186977,10061577.958333334,10070793.912037037,9215.953703703704,False
186981,186983,10070844.601851853,10071534.842592593,690.2407407407408,False
186986,186991,10071578.439814815,10080793.981481481,9215.541666666666,False
186995,186997,10080844.342592593,10081534.726851853,690.3842592592592,False
187000,187005,10081578.296296297,10090794.481481481,9216.185185185184,False
187009,187011,10090845.976851853,10091536.24074074,690.2638888888889,False
187014,187019,10091579.916666666,10100793.879629629,9213.962962962964,False
187023,187025,10100844.888888888,10101534.699074075,689.8101851851852,False
187028,187033,10101578.574074075,10110794.328703703,9215.75462962963,False
187037,187039,10110845.342592593,10111535.638888888,690.2962962962963,False
187042,187047,10111579.337962963,10120794.736111112,9215.398148148148,False
187051,187053,10120845.166666666,10121535.513888888,690.3472222222222,False
187056,187061,10121579.023148147,10130794.351851853,9215.328703703704,False
187065,187067,10130844.949074075,10131535.462962963,690.5138888888889,False
187070,187075,10131578.625,10140794.564814815,9215.939814814816,False
187079,187081,10140845.379629629,10141535.425925925,690.0462962962963,False
187084,187089,10141579.800925925,10150794.175925925,9214.375,False
187093,187095,10150844.699074075,10151535.157407407,690.4583333333334,False
187098,187103,10151578.976851853,10160793.805555556,9214.828703703704,False
187107,187109,10160843.99074074,10161534.550925925,690.5601851851852,False
187112,187117,10161578.458333334,10170795.041666666,9216.583333333334,False
187121,187123,10170846.097222222,10171536.069444444,689.9722222222222,False
187126,187131,10171579.703703703,10180794.898148147,9215.194444444445,False
187135,187137,10180845.458333334,10181536.5,691.0416666666666,False
187140,187145,10181579.912037037,10190794.736111112,9214.824074074075,False
187149,187151,10190845.75925926,10191535.717592593,689.9583333333334,False
187154,187159,10191579.703703703,10200794.569444444,9214.86574074074,False
187163,187165,10200844.773148147,10201535.11574074,690.3425925925926,False
187168,187173,10201578.629629629,10210794.879629629,9216.25,False
187177,187179,10210845.856481481,10211536.217592593,690.3611111111111,False
187182,187187,10211579.935185185,10220794.620370371,9214.685185185184,False
187191,187193,10220845.546296297,10221535.995370371,690.449074074074,False
187196,187201,10221580.143518519,10230794.337962963,9214.194444444445,False
187205,187207,10230845.504629629,10231535.694444444,690.1898148148148,False
187210,187215,10231579.171296297,10240794.569444444,9215.398148148148,False
187219,187221,10240845.388888888,10241535.703703703,690.3148148148148,False
187224,187229,10241579.976851853,10250795.708333334,9215.731481481482,False
187233,187235,10250846.296296297,10251536.583333334,690.2870370370371,False
187238,187243,10251579.995370371,10260793.86574074,9213.87037037037,False
187247,187249,10260845.314814815,10261535.388888888,690.074074074074,False
187252,187257,10261579.13425926,10270794.004629629,9214.87037037037,False
187261,187263,10270844.944444444,10271535.435185185,690.4907407407408,False
187266,187271,10271578.75,10280794.421296297,9215.671296296296,False
187275,187277,10280845.106481481,10281535.402777778,690.2962962962963,False
187280,187285,10281578.824074075,10290793.875,9215.050925925925,False
187289,187291,10290844.722222222,10291534.712962963,689.9907407407408,False
187294,187299,10291578.129629629,10300794.546296297,9216.416666666666,False
187303,187305,10300845.236111112,10301535.217592593,689.9814814814815,False
187308,187313,10301578.851851853,10310794.99074074,9216.138888888889,False
187317,187319,10310845.712962963,10311536.388888888,690.675925925926,False
187322,187327,10311579.527777778,10320794.263888888,9214.736111111111,False
187331,187333,10320844.981481481,10321535.064814815,690.0833333333334,False
187336,187341,10321578.449074075,10330794.00925926,9215.560185185184,False
187345,187347,10330844.662037037,10331534.88425926,690.2222222222222,False
187350,187355,10331578.722222222,10340794.972222222,9216.25,False
187359,187361,10340845.907407407,10341536.101851853,690.1944444444445,False
187364,187369,10341579.657407407,10350793.550925925,9213.893518518518,False
187373,187375,10350844.560185185,10351534.972222222,690.4120370370371,False
187378,187383,10351578.25,10360794.583333334,9216.333333333334,False
187387,187389,10360845.305555556,10361535.754629629,690.449074074074,False
187392,187397,10361579.074074075,10370794.212962963,9215.138888888889,False
187401,187403,10370844.643518519,10371535.069444444,690.425925925926,False
187406,187411,10371578.351851853,10380794.828703703,9216.476851851852,False
187415,187417,10380845.476851853,10381535.995370371,690.5185185185185,False
187420,187425,10381579.930555556,10390793.638888888,9213.708333333334,False
187429,187431,10390844.282407407,10391534.712962963,690.4305555555555,False
187434,187439,10391577.828703703,10400794.055555556,9216.226851851852,False
187443,187445,10400844.412037037,10401534.541666666,690.1296296296297,False
187448,187453,10401578.532407407,10410794.50925926,9215.976851851852,False
187457,187459,10410845.055555556,10411535.277777778,690.2222222222222,False
187462,187467,10411578.745370371,10420794.356481481,9215.611111111111,False
187471,187473,10420845.157407407,10421535.375,690.2175925925926,False
187476,187481,10421579.444444444,10430794.763888888,9215.319444444445,False
187485,187487,10430845.689814815,10431536.004629629,690.3148148148148,False
187490,187495,10431579.518518519,10440793.976851853,9214.458333333334,False
187499,187501,10440844.930555556,10441534.75925926,689.8287037037037,False
187504,187509,10441577.435185185,10450795.421296297,9217.986111111111,False
187513,187515,10450846.407407407,10451536.407407407,690.0,False
187518,187523,10451580.24074074,10460794.277777778,9214.037037037036,False
187527,187529,10460844.791666666,10461534.782407407,689.9907407407408,False
187532,187537,10461578.564814815,10470794.620370371,9216.055555555555,False
187541,187543,10470845.810185185,10471536.0,690.1898148148148,False
187546,187551,10471578.995370371,10480795.041666666,9216.046296296296,False
187555,187557,10480845.930555556,10481535.856481481,689.925925925926,False
187560,187565,10481578.962962963,10490794.754629629,9215.791666666666,False
187569,187571,10490846.027777778,10491536.111111112,690.0833333333334,False
187574,187579,10491579.643518519,10500793.504629629,9213.861111111111,False
187583,187585,10500844.069444444,10501534.393518519,690.324074074074,False
187588,187593,10501577.833333334,10510794.699074075,9216.86574074074,False
187597,187599,10510845.25925926,10511535.837962963,690.5787037037037,False
187602,187607,10511579.898148147,10520794.828703703,9214.930555555555,False
187611,187613,10520845.435185185,10521535.416666666,689.9814814814815,False
187616,187621,10521579.504629629,10530794.097222222,9214.592592592593,False
187625,187627,10530844.86574074,10531534.847222222,689.9814814814815,False
187630,187635,10531578.782407407,10540793.967592593,9215.185185185184,False
187639,187641,10540844.75925926,10541535.092592593,690.3333333333334,False
187644,187649,10541578.791666666,10550794.86574074,9216.074074074075,False
187653,187655,10550845.037037037,10551535.208333334,690.1712962962963,False
187658,187663,10551579.060185185,10560793.106481481,9214.046296296296,False
187667,187669,10560843.643518519,10561534.143518519,690.5,False
187672,187677,10561577.546296297,10570794.212962963,9216.666666666666,False
187681,187683,10570844.916666666,10571535.375,690.4583333333334,False
187686,187691,10571579.106481481,10580794.819444444,9215.712962962964,False
187695,187697,10580846.046296297,10581536.11574074,690.0694444444445,False
187700,187705,10581579.379629629,10590793.625,9214.24537037037,False
187709,187711,10590844.814814815,10591534.861111112,690.0462962962963,False
187714,187719,10591578.777777778,10600794.013888888,9215.236111111111,False
187723,187725,10600844.38425926,10601534.680555556,690.2962962962963,False
187728,187733,10601578.555555556,10610793.958333334,9215.402777777777,False
187737,187739,10610844.986111112,10611535.185185185,690.199074074074,False
187742,187747,10611578.231481481,10620793.828703703,9215.597222222223,False
187751,187753,10620844.504629629,10621534.699074075,690.1944444444445,False
187756,187761,10621578.467592593,10630794.546296297,9216.078703703704,False
187765,187767,10630844.703703703,10631535.273148147,690.5694444444445,False
187770,187775,10631579.287037037,10640794.226851853,9214.939814814816,False
187779,187781,10640845.75,10641536.222222222,690.4722222222222,False
187784,187789,10641580.361111112,10650794.648148147,9214.287037037036,False
187793,187795,10650845.63425926,10651535.685185185,690.050925925926,False
187798,187803,10651579.449074075,10660793.611111112,9214.162037037036,False
187807,187809,10660844.296296297,10661534.847222222,690.550925925926,False
187812,187817,10661578.722222222,10670793.671296297,9214.949074074075,False
187821,187823,10670844.324074075,10671534.574074075,690.25,False
187826,187831,10671578.38425926,10680793.75,9215.36574074074,False
187835,187837,10680845.023148147,10681535.342592593,690.3194444444445,False
187840,187845,10681579.745370371,10690793.958333334,9214.212962962964,False
187849,187851,10690844.5,10691535.004629629,690.5046296296297,False
187854,187859,10691579.013888888,10700794.037037037,9215.023148148148,False
187863,187865,10700844.870370371,10701535.254629629,690.3842592592592,False
187868,187873,10701579.402777778,10710793.907407407,9214.50462962963,False
187877,187879,10710844.944444444,10711534.800925925,689.8564814814815,False
187882,187887,10711577.791666666,10720793.967592593,9216.175925925925,False
187891,187893,10720844.625,10721535.125,690.5,False
187896,187901,10721578.407407407,10730795.143518519,9216.736111111111,False
187905,187907,10730845.962962963,10731536.351851853,690.3888888888889,False
187910,187915,10731580.944444444,10740794.75,9213.805555555555,False
187919,187921,10740845.453703703,10741535.754629629,690.300925925926,False
187924,187929,10741579.407407407,10750794.194444444,9214.787037037036,False
187933,187935,10750845.495370371,10751535.606481481,690.1111111111111,False
187938,187943,10751579.564814815,10760793.875,9214.310185185184,False
187947,187955,10760844.203703703,10761536.430555556,692.2268518518518,False
187961,187963,10761712.36574074,10762402.587962963,690.2222222222222,False
187966,187971,10762444.787037037,10770794.703703703,8349.916666666666,False
187975,187977,10770845.449074075,10771535.523148147,690.074074074074,False
187980,187985,10771579.504629629,10780794.439814815,9214.935185185184,False
187989,187991,10780845.796296297,10781535.86574074,690.0694444444445,False
187994,187999,10781579.662037037,10790794.75,9215.087962962964,False
188003,188005,10790845.86574074,10791535.63425926,689.7685185185185,False
188008,188013,10791579.444444444,10800794.648148147,9215.203703703704,False
188017,188019,10800845.638888888,10801535.550925925,689.9120370370371,False
188022,188027,10801579.388888888,10810794.550925925,9215.162037037036,False
188031,188033,10810845.212962963,10811535.712962963,690.5,False
188036,188041,10811579.449074075,10820795.101851853,9215.652777777777,False
188045,188047,10820845.611111112,10821535.935185185,690.324074074074,False
188050,188055,10821579.976851853,10830794.712962963,9214.736111111111,False
188059,188061,10830845.833333334,10831535.694444444,689.8611111111111,False
188064,188069,10831579.00925926,10840795.305555556,9216.296296296296,False
188073,188075,10840845.416666666,10841535.699074075,690.2824074074074,False
188078,188083,10841579.856481481,10850793.935185185,9214.078703703704,False
188087,188089,10850844.435185185,10851534.657407407,690.2222222222222,False
188092,188097,10851578.476851853,10860793.902777778,9215.425925925925,False
188101,188103,10860843.986111112,10861534.439814815,690.4537037037037,False
188106,188111,10861577.833333334,10870794.953703703,9217.12037037037,False
188115,188117,10870845.995370371,10871536.013888888,690.0185185185185,False
188120,188125,10871579.671296297,10880794.731481481,9215.060185185184,False
188129,188131,10880845.087962963,10881535.166666666,690.0787037037037,False
188134,188139,10881578.532407407,10890795.597222222,9217.064814814816,False
188143,188145,10890847.13425926,10891537.217592593,690.0833333333334,False
188148,188153,10891581.777777778,10900794.574074075,9212.796296296296,False
188157,188159,10900845.097222222,10901535.416666666,690.3194444444445,False
188162,188167,10901578.699074075,10910794.356481481,9215.657407407407,False
188171,188173,10910845.402777778,10911535.722222222,690.3194444444445,False
188176,188181,10911578.981481481,10920794.305555556,9215.324074074075,False
188185,188187,10920845.027777778,10921535.273148147,690.2453703703703,False
188190,188195,10921578.583333334,10930794.069444444,9215.486111111111,False
188199,188201,10930845.398148147,10931535.495370371,690.0972222222222,False
188204,188209,10931578.61574074,10940794.263888888,9215.648148148148,False
188213,188215,10940845.476851853,10941535.342592593,689.8657407407408,False
188218,188223,10941578.879629629,10950794.495370371,9215.61574074074,False
188227,188229,10950845.171296297,10951535.88425926,690.7129629629629,False
188232,188241,10951579.842592593,10955489.342592593,3909.5,False
188245,188247,10955547.449074075,10956237.708333334,690.2592592592592,False
188250,188255,10956276.268518519,10960793.555555556,4517.287037037037,False
188259,188261,10960844.101851853,10961534.699074075,690.5972222222222,False
188264,188269,10961578.893518519,10970793.777777778,9214.88425925926,False
188273,188275,10970844.564814815,10971534.504629629,689.9398148148148,False
188278,188283,10971578.351851853,10980793.944444444,9215.592592592593,False
188287,188289,10980844.513888888,10981535.300925925,690.7870370370371,False
188292,188297,10981579.597222222,10990794.537037037,9214.939814814816,False
188301,188303,10990845.041666666,10991535.504629629,690.4629629629629,False
188306,188311,10991579.564814815,11000793.546296297,9213.981481481482,False
188315,188317,11000844.824074075,11001535.217592593,690.3935185185185,False
188320,188325,11001579.569444444,11010794.101851853,9214.532407407407,False
188329,188331,11010844.893518519,11011534.879629629,689.9861111111111,False
188334,188339,11011578.36574074,11020794.736111112,9216.37037037037,False
188343,188345,11020846.004629629,11021535.972222222,689.9675925925926,False
188348,188353,11021579.824074075,11030794.851851853,9215.027777777777,False
188357,188359,11030846.569444444,11031536.444444444,689.875,False
188362,188367,11031580.055555556,11040794.143518519,9214.087962962964,False
188371,188373,11040844.5,11041534.578703703,690.0787037037037,False
188376,188381,11041578.041666666,11050794.523148147,9216.481481481482,False
188385,188387,11050845.75925926,11051535.99074074,690.2314814814815,False
188390,188395,11051579.685185185,11060794.712962963,9215.027777777777,False
188399,188401,11060846.342592593,11061536.287037037,689.9444444444445,False
188404,188409,11061579.810185185,11070794.611111112,9214.800925925925,False
188413,188415,11070845.120370371,11071534.791666666,689.6712962962963,False
188418,188423,11071577.745370371,11080794.523148147,9216.777777777777,False
188427,188429,11080844.328703703,11081534.791666666,690.4629629629629,False
188432,188437,11081578.5,11090794.347222222,9215.847222222223,False
188441,188443,11090845.236111112,11091535.546296297,690.3101851851852,False
188446,188451,11091579.800925925,11100793.657407407,9213.856481481482,False
188455,188457,11100844.310185185,11101535.106481481,690.7962962962963,False
188460,188465,11101578.847222222,11110793.814814815,9214.967592592593,False
188469,188471,11110845.416666666,11111535.185185185,689.7685185185185,False
188474,188479,11111579.074074075,11120793.453703703,9214.37962962963,False
188483,188485,11120843.912037037,11121534.212962963,690.300925925926,False
188488,188497,11121578.157407407,11122414.703703703,836.5462962962963,False
188501,188503,11122472.810185185,11123163.592592593,690.7824074074074,False
188506,188511,11123202.018518519,11130794.481481481,7592.462962962963,False
188515,188517,11130845.208333334,11131535.388888888,690.1805555555555,False
188520,188525,11131578.893518519,11140795.106481481,9216.212962962964,False
188529,188531,11140846.00925926,11141536.231481481,690.2222222222222,False
188534,188539,11141580.180555556,11150794.037037037,9213.856481481482,False
188543,188545,11150845.013888888,11151535.171296297,690.1574074074074,False
188548,188553,11151578.680555556,11160793.921296297,9215.24074074074,False
188557,188559,11160844.666666666,11161534.736111112,690.0694444444445,False
188562,188567,11161577.972222222,11170793.601851853,9215.62962962963,False
188571,188573,11170844.027777778,11171534.342592593,690.3148148148148,False
188576,188581,11171577.157407407,11180794.087962963,9216.930555555555,False
188585,188587,11180844.356481481,11181534.560185185,690.2037037037037,False
188590,188595,11181577.583333334,11190795.268518519,9217.685185185184,False
188599,188601,11190845.648148147,11191536.138888888,690.4907407407408,False
188604,188609,11191579.935185185,11200793.842592593,9213.907407407407,False
188613,188615,11200845.569444444,11201535.606481481,690.0370370370371,False
188618,188623,11201579.175925925,11210793.564814815,9214.388888888889,False
188627,188629,11210845.041666666,11211534.907407407,689.8657407407408,False
188632,188637,11211578.541666666,11220794.055555556,9215.513888888889,False
188641,188643,11220845.319444444,11221535.083333334,689.7638888888889,False
188646,188651,11221579.504629629,11230794.787037037,9215.282407407407,False
188655,188657,11230845.949074075,11231536.074074075,690.125,False
188660,188665,11231580.097222222,11240794.814814815,9214.717592592593,False
188669,188671,11240845.861111112,11241535.810185185,689.949074074074,False
188674,188679,11241580.013888888,11250794.550925925,9214.537037037036,False
188683,188685,11250845.777777778,11251535.652777778,689.875,False
188688,188693,11251578.537037037,11260793.921296297,9215.38425925926,False
188697,188699,11260845.166666666,11261535.291666666,690.125,False
188702,188711,11261578.606481481,11270856.037037037,9277.430555555555,False
188719,188721,11271053.86574074,11271744.023148147,690.1574074074074,False
188725,188727,11271793.25925926,11272483.629629629,690.3703703703703,False
188730,188735,11272526.550925925,11280794.569444444,8268.018518518518,False
188739,188741,11280845.13425926,11281535.046296297,689.9120370370371,False
188744,188749,11281578.763888888,11290794.333333334,9215.569444444445,False
188753,188755,11290845.328703703,11291535.407407407,690.0787037037037,False
188758,188763,11291578.842592593,11300794.013888888,9215.171296296296,False
188767,188769,11300844.25,11301534.458333334,690.2083333333334,False
188772,188777,11301577.837962963,11310794.453703703,9216.61574074074,False
188781,188783,11310845.842592593,11311536.162037037,690.3194444444445,False
188786,188791,11311579.837962963,11320794.032407407,9214.194444444445,False
188795,188797,11320844.333333334,11321534.620370371,690.2870370370371,False
188800,188805,11321579.013888888,11330795.296296297,9216.282407407407,False
188809,188811,11330846.157407407,11331535.939814815,689.7824074074074,False
188814,188819,11331579.643518519,11340794.171296297,9214.527777777777,False
188823,188825,11340844.88425926,11341534.763888888,689.8796296296297,False
188828,188833,11341578.99074074,11350794.282407407,9215.291666666666,False
188837,188839,11350844.699074075,11351534.930555556,690.2314814814815,False
188842,188847,11351578.333333334,11360795.092592593,9216.75925925926,False
188851,188853,11360845.587962963,11361535.787037037,690.199074074074,False
188856,188861,11361579.092592593,11370793.212962963,9214.12037037037,False
188865,188867,11370844.953703703,11371534.930555556,689.9768518518518,False
188870,188875,11371578.481481481,11380793.837962963,9215.356481481482,False
188879,188881,11380845.013888888,11381535.037037037,690.0231481481482,False
188884,188889,11381578.847222222,11390794.486111112,9215.638888888889,False
188893,188895,11390844.648148147,11391535.106481481,690.4583333333334,False
188898,188903,11391578.805555556,11400794.61574074,9215.810185185184,False
188907,188909,11400845.796296297,11401535.833333334,690.0370370370371,False
188912,188917,11401580.199074075,11410793.652777778,9213.453703703704,False
188921,188923,11410844.407407407,11411534.601851853,690.1944444444445,False
188926,188931,11411577.916666666,11420793.935185185,9216.018518518518,False
188935,188937,11420845.129629629,11421535.189814815,690.0601851851852,False
188940,188949,11421579.222222222,11424608.629629629,3029.4074074074074,False
188953,188955,11424669.263888888,11425359.810185185,690.5462962962963,False
188958,188963,11425398.398148147,11430794.175925925,5395.777777777777,False
188967,188969,11430844.810185185,11431535.13425926,690.324074074074,False
188972,188977,11431578.967592593,11440795.138888888,9216.171296296296,False
188981,188983,11440845.916666666,11441536.273148147,690.3564814814815,False
188986,188991,11441579.763888888,11450794.060185185,9214.296296296296,False
188995,188997,11450845.25,11451535.25925926,690.0092592592592,False
189000,189005,11451578.837962963,11460795.722222222,9216.88425925926,False
189009,189011,11460846.967592593,11461537.120370371,690.1527777777778,False
189014,189019,11461580.875,11470794.425925925,9213.550925925925,False
189023,189025,11470845.416666666,11471535.351851853,689.9351851851852,False
189028,189033,11471578.625,11480794.13425926,9215.50925925926,False
189037,189039,11480844.203703703,11481534.310185185,690.1064814814815,False
189042,189047,11481578.342592593,11490795.078703703,9216.736111111111,False
189051,189053,11490846.518518519,11491536.629629629,690.1111111111111,False
189056,189061,11491580.481481481,11500794.550925925,9214.069444444445,False
189065,189067,11500845.518518519,11501535.75,690.2314814814815,False
189070,189075,11501579.893518519,11510794.532407407,9214.638888888889,False
189079,189081,11510844.879629629,11511535.0,690.1203703703703,False
189084,189089,11511578.731481481,11520795.648148147,9216.916666666666,False
189093,189095,11520846.435185185,11521536.768518519,690.3333333333334,False
189098,189103,11521580.435185185,11530795.370370371,9214.935185185184,False
189107,189109,11530846.476851853,11531536.199074075,689.7222222222222,False
189112,189117,11531579.976851853,11540795.101851853,9215.125,False
189121,189123,11540846.611111112,11541536.689814815,690.0787037037037,False
189126,189131,11541580.513888888,11550793.550925925,9213.037037037036,False
189135,189137,11550844.148148147,11551534.138888888,689.9907407407408,False
189140,189145,11551577.537037037,11560794.361111112,9216.824074074075,False
189149,189151,11560845.476851853,11561535.453703703,689.9768518518518,False
189154,189159,11561578.555555556,11570794.523148147,9215.967592592593,False
189163,189165,11570845.699074075,11571535.504629629,689.8055555555555,False
189168,189177,11571579.162037037,11576494.898148147,4915.736111111111,False
189181,189183,11576553.222222222,11577243.662037037,690.4398148148148,False
189186,189191,11577281.995370371,11580794.898148147,3512.902777777778,False
189195,189197,11580845.319444444,11581535.407407407,690.0879629629629,False
189200,189205,11581579.125,11590794.935185185,9215.810185185184,False
189209,189211,11590845.36574074,11591535.694444444,690.3287037037037,False
189214,189219,11591579.300925925,11600794.717592593,9215.416666666666,False
189223,189225,11600845.856481481,11601536.129629629,690.2731481481482,False
189228,189233,11601579.61574074,11610793.462962963,9213.847222222223,False
189237,189239,11610844.814814815,11611535.00925926,690.1944444444445,False
189242,189247,11611579.180555556,11620793.25,9214.069444444445,False
189251,189253,11620843.652777778,11621533.699074075,690.0462962962963,False
189256,189261,11621577.268518519,11630795.111111112,9217.842592592593,False
189265,189267,11630845.287037037,11631535.722222222,690.4351851851852,False
189270,189275,11631579.449074075,11640793.875,9214.425925925925,False
189279,189281,11640844.425925925,11641534.523148147,690.0972222222222,False
189284,189289,11641578.523148147,11650794.120370371,9215.597222222223,False
189293,189295,11650844.708333334,11651534.935185185,690.2268518518518,False
189298,189303,11651578.300925925,11660793.722222222,9215.421296296296,False
189307,189309,11660844.38425926,11661534.407407407,690.0231481481482,False
189312,189317,11661578.291666666,11670794.569444444,9216.277777777777,False
189321,189323,11670845.421296297,11671535.231481481,689.8101851851852,False
189326,189331,11671579.106481481,11680794.717592593,9215.611111111111,False
189335,189337,11680845.351851853,11681535.337962963,689.9861111111111,False
189340,189345,11681579.138888888,11690793.953703703,9214.814814814816,False
189349,189351,11690844.467592593,11691535.143518519,690.675925925926,False
189354,189359,11691578.842592593,11700794.013888888,9215.171296296296,False
189363,189365,11700845.217592593,11701535.648148147,690.4305555555555,False
189368,189373,11701578.875,11710794.986111112,9216.111111111111,False
189377,189379,11710845.375,11711535.754629629,690.3796296296297,False
189382,189387,11711580.106481481,11720794.129629629,9214.023148148148,False
189391,189393,11720844.828703703,11721534.606481481,689.7777777777778,False
189396,189401,11721578.768518519,11730794.245370371,9215.476851851852,False
189405,189407,11730845.342592593,11731535.597222222,690.2546296296297,False
189410,189419,11731579.111111112,11740857.120370371,9278.00925925926,False
189427,189429,11741055.754629629,11741745.842592593,690.0879629629629,False
189433,189435,11741795.481481481,11742485.88425926,690.4027777777778,False
189438,189443,11742528.050925925,11750793.546296297,8265.49537037037,False
189447,189449,11750844.050925925,11751534.111111112,690.0601851851852,False
189452,189457,11751577.370370371,11760792.851851853,9215.481481481482,False
189461,189463,11760843.518518519,11761533.851851853,690.3333333333334,False
189466,189471,11761577.171296297,11770794.324074075,9217.152777777777,False
189475,189477,11770845.175925925,11771535.569444444,690.3935185185185,False
189480,189485,11771579.203703703,11780794.254629629,9215.050925925925,False
189489,189491,11780845.180555556,11781534.99074074,689.8101851851852,False
189494,189499,11781578.86574074,11790793.625,9214.75925925926,False
189503,189505,11790844.476851853,11791534.828703703,690.3518518518518,False
189508,189513,11791578.439814815,11800794.902777778,9216.462962962964,False
189517,189519,11800846.333333334,11801536.180555556,689.8472222222222,False
189522,189527,11801580.36574074,11810797.379629629,9217.013888888889,False
189531,189533,11810848.486111112,11811538.810185185,690.324074074074,False
189536,189541,11811582.555555556,11820794.037037037,9211.481481481482,False
189545,189547,11820845.421296297,11821535.972222222,690.550925925926,False
189550,189555,11821579.583333334,11830794.069444444,9214.486111111111,False
189559,189561,11830844.875,11831535.393518519,690.5185185185185,False
189564,189569,11831578.606481481,11840794.092592593,9215.486111111111,False
189573,189575,11840844.462962963,11841535.027777778,690.5648148148148,False
189578,189583,11841578.388888888,11850794.685185185,9216.296296296296,False
189587,189589,11850845.837962963,11851536.189814815,690.3518518518518,False
189592,189597,11851579.916666666,11860794.407407407,9214.49074074074,False
189601,189603,11860844.763888888,11861534.611111112,689.8472222222222,False
189606,189611,11861578.162037037,11870793.791666666,9215.62962962963,False
189615,189617,11870844.652777778,11871534.935185185,690.2824074074074,False
189620,189625,11871578.574074075,11880794.38425926,9215.810185185184,False
189629,189631,11880845.208333334,11881535.870370371,690.6620370370371,False
189634,189639,11881579.175925925,11890793.217592593,9214.041666666666,False
189643,189645,11890844.726851853,11891534.597222222,689.8703703703703,False
189648,189653,11891578.319444444,11900793.097222222,9214.777777777777,False
189657,189659,11900843.944444444,11901533.537037037,689.5925925925926,False
189662,189671,11901576.689814815,11905150.412037037,3573.722222222222,False
189675,189677,11905208.921296297,11905898.972222222,690.050925925926,False
189680,189685,11905937.125,11910794.027777778,4856.902777777777,False
189689,189691,11910844.314814815,11911534.560185185,690.2453703703703,False
189694,189699,11911578.555555556,11920794.768518519,9216.212962962964,False
189703,189705,11920845.379629629,11921535.430555556,690.050925925926,False
189708,189713,11921579.305555556,11930793.981481481,9214.675925925925,False
189717,189719,11930844.263888888,11931534.805555556,690.5416666666666,False
189722,189727,11931578.36574074,11940794.416666666,9216.050925925925,False
189731,189733,11940845.092592593,11941535.435185185,690.3425925925926,False
189736,189741,11941578.837962963,11950794.083333334,9215.24537037037,False
189745,189747,11950844.939814815,11951534.643518519,689.7037037037037,False
189750,189755,11951578.925925925,11960794.324074075,9215.398148148148,False
189759,189761,11960845.208333334,11961535.578703703,690.3703703703703,False
189764,189769,11961579.361111112,11970794.814814815,9215.453703703704,False
189773,189775,11970845.680555556,11971536.11574074,690.4351851851852,False
189778,189783,11971579.893518519,11980793.870370371,9213.976851851852,False
189787,189789,11980844.745370371,11981534.754629629,690.0092592592592,False
189792,189797,11981578.208333334,11990794.439814815,9216.231481481482,False
189801,189803,11990844.925925925,11991535.462962963,690.5370370370371,False
189806,189811,11991578.962962963,12000794.13425926,9215.171296296296,False
189815,189817,12000845.018518519,12001535.504629629,690.4861111111111,False
189820,189825,12001579.055555556,12010793.907407407,9214.851851851852,False
189829,189831,12010844.833333334,12011535.157407407,690.324074074074,False
189834,189839,12011579.273148147,12020793.708333334,9214.435185185184,False
189843,189845,12020845.648148147,12021535.504629629,689.8564814814815,False
189848,189853,12021579.38425926,12030794.708333334,9215.324074074075,False
189857,189859,12030845.129629629,12031535.106481481,689.9768518518518,False
189862,189867,12031578.287037037,12040793.875,9215.587962962964,False
189871,189873,12040844.305555556,12041534.731481481,690.425925925926,False
189876,189881,12041578.38425926,12050794.208333334,9215.824074074075,False
189885,189887,12050844.537037037,12051535.00925926,690.4722222222222,False
189890,189895,12051579.393518519,12060793.685185185,9214.291666666666,False
189899,189901,12060844.129629629,12061534.662037037,690.5324074074074,False
189904,189909,12061578.398148147,12070793.773148147,9215.375,False
189913,189915,12070844.060185185,12071534.254629629,690.1944444444445,False
189918,189923,12071578.36574074,12080793.824074075,9215.458333333334,False
189927,189929,12080845.037037037,12081535.444444444,690.4074074074074,False
189932,189937,12081578.796296297,12090793.361111112,9214.564814814816,False
189941,189943,12090844.111111112,12091534.379629629,690.2685185185185,False
189946,189951,12091577.722222222,12100795.037037037,9217.314814814816,False
189955,189957,12100845.851851853,12101535.962962963,690.1111111111111,False
189960,189965,12101579.555555556,12110794.967592593,9215.412037037036,False
189969,189971,12110846.041666666,12111536.041666666,690.0,False
189974,189979,12111579.430555556,12120793.398148147,9213.967592592593,False
189983,189985,12120843.791666666,12121533.875,690.0833333333334,False
189988,189993,12121577.532407407,12130794.74074074,9217.208333333334,False
189997,189999,12130845.61574074,12131535.777777778,690.1620370370371,False
190002,190007,12131579.662037037,12140794.569444444,9214.907407407407,False
190011,190013,12140845.787037037,12141536.212962963,690.425925925926,False
190016,190021,12141579.833333334,12150794.351851853,9214.518518518518,False
190025,190027,12150845.375,12151535.787037037,690.4120370370371,False
190030,190035,12151579.273148147,12160793.972222222,9214.699074074075,False
190039,190041,12160845.208333334,12161535.342592593,690.1342592592592,False
190044,190049,12161579.569444444,12170793.99074074,9214.421296296296,False
190053,190055,12170844.986111112,12171535.083333334,690.0972222222222,False
190058,190063,12171578.291666666,12180793.74074074,9215.449074074075,False
190067,190069,12180844.708333334,12181535.074074075,690.3657407407408,False
190072,190077,12181578.513888888,12190793.842592593,9215.328703703704,False
190081,190083,12190844.787037037,12191534.513888888,689.7268518518518,False
190086,190091,12191578.129629629,12200795.11574074,9216.986111111111,False
190095,190097,12200847.074074075,12201537.013888888,689.9398148148148,False
190100,190105,12201580.532407407,12210793.773148147,9213.24074074074,False
190109,190111,12210845.11574074,12211535.421296297,690.3055555555555,False
190114,190119,12211578.74074074,12220794.495370371,9215.75462962963,False
190123,190125,12220845.708333334,12221535.74074074,690.0324074074074,False
190128,190133,12221579.902777778,12230794.407407407,9214.50462962963,False
190137,190139,12230845.888888888,12231536.064814815,690.175925925926,False
190142,190147,12231580.398148147,12240794.810185185,9214.412037037036,False
190151,190153,12240846.231481481,12241535.995370371,689.7638888888889,False
190156,190161,12241579.402777778,12250793.675925925,9214.273148148148,False
190165,190167,12250844.63425926,12251534.74074074,690.1064814814815,False
190170,190175,12251578.180555556,12260794.097222222,9215.916666666666,False
190179,190181,12260845.768518519,12261535.976851853,690.2083333333334,False
190184,190189,12261580.078703703,12270794.486111112,9214.407407407407,False
190193,190195,12270845.50925926,12271535.86574074,690.3564814814815,False
190198,190203,12271579.458333334,12280794.013888888,9214.555555555555,False
190207,190209,12280844.412037037,12281534.486111112,690.074074074074,False
190212,190217,12281577.662037037,12290793.74074074,9216.078703703704,False
190221,190223,12290845.245370371,12291535.726851853,690.4814814814815,False
190226,190231,12291579.208333334,12300794.13425926,9214.925925925925,False
190235,190237,12300844.787037037,12301535.106481481,690.3194444444445,False
190240,190245,12301578.875,12310793.763888888,9214.888888888889,False
190249,190251,12310844.305555556,12311534.620370371,690.3148148148148,False
190254,190259,12311577.773148147,12320794.041666666,9216.268518518518,False
190263,190265,12320844.930555556,12321535.074074075,690.1435185185185,False
190268,190273,12321578.481481481,12330794.060185185,9215.578703703704,False
190277,190279,12330844.773148147,12331535.24074074,690.4675925925926,False
190282,190287,12331578.685185185,12340794.402777778,9215.717592592593,False
190291,190293,12340845.273148147,12341535.578703703,690.3055555555555,False
190296,190301,12341579.532407407,12350793.99074074,9214.458333333334,False
190305,190307,12350844.583333334,12351534.726851853,690.1435185185185,False
190310,190315,12351577.925925925,12360794.041666666,9216.11574074074,False
190319,190321,12360844.393518519,12361534.907407407,690.5138888888889,False
190324,190329,12361578.407407407,12370794.504629629,9216.097222222223,False
190333,190335,12370845.13425926,12371535.379629629,690.2453703703703,False
190338,190343,12371578.967592593,12380794.38425926,9215.416666666666,False
190347,190349,12380844.842592593,12381535.305555556,690.4629629629629,False
190352,190357,12381578.597222222,12390794.708333334,9216.111111111111,False
190361,190363,12390845.305555556,12391535.888888888,690.5833333333334,False
190366,190371,12391579.694444444,12400794.574074075,9214.87962962963,False
190375,190377,12400845.222222222,12401535.300925925,690.0787037037037,False
190380,190385,12401578.907407407,12410794.106481481,9215.199074074075,False
190389,190391,12410844.824074075,12411535.319444444,690.4953703703703,False
190394,190399,12411579.430555556,12420794.287037037,9214.856481481482,False
190403,190405,12420845.819444444,12421535.861111112,690.0416666666666,False
190408,190413,12421579.63425926,12430794.180555556,9214.546296296296,False
190417,190419,12430845.203703703,12431535.300925925,690.0972222222222,False
190422,190427,12431578.958333334,12440793.912037037,9214.953703703704,False
190431,190433,12440844.74074074,12441535.004629629,690.2638888888889,False
190436,190441,12441578.314814815,12450794.00925926,9215.694444444445,False
190445,190447,12450844.523148147,12451534.796296297,690.2731481481482,False
190450,190455,12451578.439814815,12460793.717592593,9215.277777777777,False
190459,190461,12460844.814814815,12461534.74074074,689.925925925926,False
190464,190469,12461578.263888888,12470793.754629629,9215.49074074074,False
190473,190475,12470844.111111112,12471534.379629629,690.2685185185185,False
190478,190483,12471577.819444444,12480794.416666666,9216.597222222223,False
190487,190489,12480845.097222222,12481535.268518519,690.1712962962963,False
190492,190497,12481579.25,12490794.74074074,9215.49074074074,False
190501,190503,12490845.24074074,12491535.680555556,690.4398148148148,False
190506,190511,12491578.907407407,12500794.273148147,9215.36574074074,False
190515,190517,12500845.875,12501536.078703703,690.2037037037037,False
190520,190525,12501579.861111112,12510794.13425926,9214.273148148148,False
190529,190531,12510844.25,12511534.981481481,690.7314814814815,False
190534,190539,12511578.101851853,12520794.537037037,9216.435185185184,False
190543,190545,12520845.671296297,12521535.995370371,690.324074074074,False
190548,190553,12521579.587962963,12530793.722222222,9214.13425925926,False
190557,190559,12530845.069444444,12531534.699074075,689.6296296296297,False
190562,190567,12531577.703703703,12540793.995370371,9216.291666666666,False
190571,190573,12540844.99074074,12541535.393518519,690.4027777777778,False
190576,190581,12541579.703703703,12550794.217592593,9214.513888888889,False
190585,190587,12550844.523148147,12551534.736111112,690.2129629629629,False
190590,190595,12551578.935185185,12560794.148148147,9215.212962962964,False
190599,190601,12560844.495370371,12561534.86574074,690.3703703703703,False
190604,190609,12561578.393518519,12570794.125,9215.731481481482,False
190613,190615,12570845.097222222,12571535.013888888,689.9166666666666,False
190618,190623,12571578.870370371,12580794.300925925,9215.430555555555,False
190627,190629,12580845.666666666,12581535.50925926,689.8425925925926,False
190632,190637,12581579.074074075,12590793.708333334,9214.63425925926,False
190641,190643,12590844.851851853,12591534.939814815,690.0879629629629,False
190646,190651,12591578.61574074,12600794.875,9216.25925925926,False
190655,190657,12600845.402777778,12601535.805555556,690.4027777777778,False
190660,190665,12601578.875,12610794.273148147,9215.398148148148,False
190669,190671,12610844.472222222,12611534.875,690.4027777777778,False
190674,190679,12611578.657407407,12620794.361111112,9215.703703703704,False
190683,190685,12620844.689814815,12621535.171296297,690.4814814814815,False
190688,190693,12621578.902777778,12630794.861111112,9215.958333333334,False
190697,190699,12630845.370370371,12631535.648148147,690.2777777777778,False
190702,190707,12631579.333333334,12640794.486111112,9215.152777777777,False
190711,190713,12640844.981481481,12641535.263888888,690.2824074074074,False
190716,190721,12641578.893518519,12650794.148148147,9215.25462962963,False
190725,190727,12650845.175925925,12651535.24074074,690.0648148148148,False
190730,190735,12651578.407407407,12660794.402777778,9215.99537037037,False
190739,190741,12660845.351851853,12661535.342592593,689.9907407407408,False
190744,190749,12661579.486111112,12670795.199074075,9215.712962962964,False
190753,190755,12670845.930555556,12671536.060185185,690.1296296296297,False
190758,190763,12671579.5,12680795.189814815,9215.689814814816,False
190767,190769,12680846.347222222,12681536.347222222,690.0,False
190772,190777,12681579.888888888,12690794.569444444,9214.680555555555,False
190781,190783,12690845.643518519,12691535.541666666,689.8981481481482,False
190786,190791,12691579.083333334,12700794.754629629,9215.671296296296,False
190795,190797,12700844.930555556,12701535.495370371,690.5648148148148,False
190800,190805,12701578.231481481,12710793.787037037,9215.555555555555,False
190809,190811,12710844.38425926,12711534.458333334,690.074074074074,False
190814,190819,12711578.097222222,12720794.25925926,9216.162037037036,False
190823,190825,12720844.939814815,12721535.291666666,690.3518518518518,False
190828,190833,12721579.162037037,12730794.495370371,9215.333333333334,False
190837,190839,12730845.717592593,12731535.555555556,689.8379629629629,False
190842,190847,12731579.138888888,12740792.962962963,9213.824074074075,False
190851,190853,12740843.995370371,12741534.097222222,690.1018518518518,False
190856,190861,12741577.472222222,12750794.953703703,9217.481481481482,False
190865,190867,12750845.097222222,12751535.541666666,690.4444444444445,False
190870,190875,12751579.055555556,12760794.796296297,9215.74074074074,False
190879,190881,12760845.986111112,12761536.263888888,690.2777777777778,False
190884,190889,12761580.310185185,12770794.055555556,9213.74537037037,False
190893,190895,12770845.314814815,12771535.416666666,690.1018518518518,False
190898,190903,12771579.050925925,12780794.726851853,9215.675925925925,False
190907,190909,12780845.675925925,12781536.152777778,690.4768518518518,False
190912,190917,12781579.888888888,12790794.074074075,9214.185185185184,False
190921,190923,12790845.143518519,12791535.476851853,690.3333333333334,False
190926,190931,12791579.458333334,12800793.962962963,9214.50462962963,False
190935,190937,12800845.129629629,12801535.555555556,690.425925925926,False
190940,190945,12801579.222222222,12810794.00925926,9214.787037037036,False
190949,190951,12810844.773148147,12811535.337962963,690.5648148148148,False
190954,190959,12811578.800925925,12820794.231481481,9215.430555555555,False
190963,190965,12820844.930555556,12821535.101851853,690.1712962962963,False
190968,190973,12821578.328703703,12830794.027777778,9215.699074074075,False
190977,190979,12830844.898148147,12831535.138888888,690.2407407407408,False
190982,190987,12831578.652777778,12840794.092592593,9215.439814814816,False
190991,190993,12840844.680555556,12841534.717592593,690.0370370370371,False
190996,191001,12841578.643518519,12850793.879629629,9215.236111111111,False
191005,191007,12850844.513888888,12851534.722222222,690.2083333333334,False
191010,191015,12851578.064814815,12860793.24074074,9215.175925925925,False
191019,191021,12860844.129629629,12861534.129629629,690.0,False
191024,191029,12861577.768518519,12870794.023148147,9216.25462962963,False
191033,191035,12870845.13425926,12871534.847222222,689.7129629629629,False
191038,191043,12871578.75,12880793.652777778,9214.902777777777,False
191047,191049,12880844.032407407,12881534.013888888,689.9814814814815,False
191052,191057,12881577.180555556,12890794.555555556,9217.375,False
191061,191063,12890844.837962963,12891535.486111112,690.6481481481482,False
191066,191071,12891579.111111112,12900794.245370371,9215.13425925926,False
191075,191077,12900845.319444444,12901535.300925925,689.9814814814815,False
191080,191085,12901579.212962963,12910794.273148147,9215.060185185184,False
191089,191091,12910845.208333334,12911535.162037037,689.9537037037037,False
191094,191099,12911579.296296297,12920794.851851853,9215.555555555555,False
191103,191105,12920845.791666666,12921535.902777778,690.1111111111111,False
191108,191113,12921579.13425926,12930793.032407407,9213.898148148148,False
191117,191119,12930844.393518519,12931534.430555556,690.0370370370371,False
191122,191127,12931577.833333334,12940794.268518519,9216.435185185184,False
191131,191133,12940845.652777778,12941535.685185185,690.0324074074074,False
191136,191141,12941579.796296297,12950794.592592593,9214.796296296296,False
191145,191147,12950845.620370371,12951535.796296297,690.175925925926,False
191150,191155,12951578.939814815,12960794.398148147,9215.458333333334,False
191159,191161,12960844.569444444,12961535.189814815,690.6203703703703,False
191164,191169,12961578.768518519,12970794.666666666,9215.898148148148,False
191173,191175,12970845.476851853,12971535.86574074,690.3888888888889,False
191178,191183,12971579.430555556,12980794.949074075,9215.518518518518,False
191187,191189,12980845.055555556,12981535.583333334,690.5277777777778,False
191192,191197,12981579.537037037,12990794.861111112,9215.324074074075,False
191201,191203,12990845.25925926,12991535.606481481,690.3472222222222,False
191206,191211,12991579.791666666,13000794.962962963,9215.171296296296,False
191215,191217,13000846.638888888,13001536.310185185,689.6712962962963,False
191220,191225,13001579.296296297,13010794.578703703,9215.282407407407,False
191229,191231,13010845.152777778,13011535.226851853,690.074074074074,False
191234,191239,13011578.870370371,13020793.833333334,9214.962962962964,False
191243,191245,13020844.768518519,13021534.777777778,690.0092592592592,False
191248,191253,13021578.212962963,13030793.592592593,9215.37962962963,False
191257,191259,13030844.097222222,13031534.194444444,690.0972222222222,False
191262,191267,13031577.967592593,13040793.63425926,9215.666666666666,False
191271,191273,13040845.101851853,13041535.310185185,690.2083333333334,False
191276,191281,13041578.777777778,13050795.064814815,9216.287037037036,False
191285,191287,13050845.375,13051535.930555556,690.5555555555555,False
191290,191295,13051579.925925925,13060793.824074075,9213.898148148148,False
191299,191301,13060844.925925925,13061535.101851853,690.175925925926,False
191304,191309,13061579.120370371,13070794.912037037,9215.791666666666,False
191313,191315,13070845.657407407,13071535.981481481,690.324074074074,False
191318,191323,13071579.287037037,13080793.675925925,9214.388888888889,False
191327,191329,13080844.893518519,13081535.36574074,690.4722222222222,False
191332,191337,13081578.314814815,13090794.708333334,9216.393518518518,False
191341,191343,13090845.046296297,13091535.143518519,690.0972222222222,False
191346,191351,13091578.643518519,13100793.722222222,9215.078703703704,False
191355,191357,13100844.458333334,13101534.666666666,690.2083333333334,False
191360,191365,13101577.504629629,13110794.439814815,9216.935185185184,False
191369,191371,13110844.768518519,13111535.041666666,690.2731481481482,False
191374,191379,13111578.754629629,13120794.712962963,9215.958333333334,False
191383,191385,13120845.504629629,13121535.88425926,690.3796296296297,False
191388,191393,13121579.120370371,13130794.351851853,9215.231481481482,False
191397,191399,13130845.148148147,13131535.398148147,690.25,False
191402,191407,13131578.773148147,13140794.143518519,9215.37037037037,False
191411,191413,13140844.796296297,13141534.847222222,690.050925925926,False
191416,191421,13141579.574074075,13150794.375,9214.800925925925,False
191425,191427,13150845.412037037,13151535.476851853,690.0648148148148,False
191430,191435,13151579.74074074,13160793.592592593,9213.851851851852,False
191439,191441,13160844.208333334,13161534.046296297,689.8379629629629,False
191444,191449,13161578.11574074,13170794.787037037,9216.671296296296,False
191453,191455,13170845.342592593,13171535.731481481,690.3888888888889,False
191458,191463,13171579.310185185,13180794.453703703,9215.143518518518,False
191467,191469,13180845.032407407,13181535.125,690.0925925925926,False
191472,191477,13181579.25925926,13190793.120370371,9213.861111111111,False
191481,191483,13190843.768518519,13191534.504629629,690.7361111111111,False
191486,191491,13191578.185185185,13200794.157407407,9215.972222222223,False
191495,191497,13200844.277777778,13201534.638888888,690.3611111111111,False
191500,191505,13201577.675925925,13210793.717592593,9216.041666666666,False
191509,191511,13210844.745370371,13211534.967592593,690.2222222222222,False
191514,191519,13211578.842592593,13220794.143518519,9215.300925925925,False
191523,191525,13220845.916666666,13221536.018518519,690.1018518518518,False
191528,191533,13221579.976851853,13230794.194444444,9214.217592592593,False
191537,191539,13230844.495370371,13231534.842592593,690.3472222222222,False
191542,191547,13231578.699074075,13240793.791666666,9215.092592592593,False
191551,191553,13240844.61574074,13241534.782407407,690.1666666666666,False
191556,191561,13241578.148148147,13250794.226851853,9216.078703703704,False
191565,191567,13250844.861111112,13251535.518518519,690.6574074074074,False
191570,191575,13251578.851851853,13260794.328703703,9215.476851851852,False
191579,191581,13260845.388888888,13261535.606481481,690.2175925925926,False
191584,191589,13261579.148148147,13270793.88425926,9214.736111111111,False
191593,191595,13270845.212962963,13271535.537037037,690.324074074074,False
191598,191603,13271579.671296297,13280794.083333334,9214.412037037036,False
191607,191609,13280844.972222222,13281535.11574074,690.1435185185185,False
191612,191617,13281578.902777778,13290794.361111112,9215.458333333334,False
191621,191623,13290845.444444444,13291535.541666666,690.0972222222222,False
191626,191631,13291579.143518519,13300794.268518519,9215.125,False
191635,191637,13300844.74074074,13301535.050925925,690.3101851851852,False
191640,191645,13301578.25925926,13310794.583333334,9216.324074074075,False
191649,191651,13310845.319444444,13311535.680555556,690.3611111111111,False
191654,191659,13311579.49074074,13320793.407407407,9213.916666666666,False
191663,191665,13320844.236111112,13321533.879629629,689.6435185185185,False
191668,191673,13321577.041666666,13330794.611111112,9217.569444444445,False
191677,191679,13330844.99074074,13331535.282407407,690.2916666666666,False
191682,191687,13331579.356481481,13340795.592592593,9216.236111111111,False
191691,191693,13340846.546296297,13341536.722222222,690.175925925926,False
191696,191701,13341580.25,13350794.703703703,9214.453703703704,False
191705,191707,13350845.129629629,13351535.61574074,690.4861111111111,False
191710,191715,13351579.046296297,13360794.606481481,9215.560185185184,False
191719,191721,13360846.078703703,13361536.162037037,690.0833333333334,False
191724,191729,13361579.629629629,13370794.013888888,9214.38425925926,False
191733,191735,13370845.287037037,13371535.407407407,690.1203703703703,False
191738,191743,13371578.523148147,13380794.273148147,9215.75,False
191747,191749,13380845.069444444,13381535.296296297,690.2268518518518,False
191752,191757,13381579.282407407,13390793.189814815,9213.907407407407,False
191761,191763,13390844.305555556,13391534.162037037,689.8564814814815,False
191766,191771,13391578.675925925,13400794.717592593,9216.041666666666,False
191775,191777,13400845.453703703,13401535.472222222,690.0185185185185,False
191780,191785,13401579.375,13410794.791666666,9215.416666666666,False
191789,191791,13410846.273148147,13411536.564814815,690.2916666666666,False
191794,191799,13411580.425925925,13420794.087962963,9213.662037037036,False
191803,191805,13420844.842592593,13421534.925925925,690.0833333333334,False
191808,191813,13421579.046296297,13430794.768518519,9215.722222222223,False
191817,191819,13430845.050925925,13431535.685185185,690.6342592592592,False
191822,191827,13431579.356481481,13440794.935185185,9215.578703703704,False
191831,191833,13440845.472222222,13441535.736111112,690.2638888888889,False
191836,191841,13441579.574074075,13450793.703703703,9214.12962962963,False
191845,191847,13450844.166666666,13451534.61574074,690.449074074074,False
191850,191855,13451578.078703703,13460793.898148147,9215.819444444445,False
191859,191861,13460845.199074075,13461535.402777778,690.2037037037037,False
191864,191869,13461578.291666666,13470793.712962963,9215.421296296296,False
191873,191875,13470844.564814815,13471534.425925925,689.8611111111111,False
191878,191883,13471578.120370371,13480794.361111112,9216.24074074074,False
191887,191889,13480844.888888888,13481535.194444444,690.3055555555555,False
191892,191897,13481579.703703703,13490793.601851853,9213.898148148148,False
191901,191903,13490843.856481481,13491534.38425926,690.5277777777778,False
191906,191911,13491577.944444444,13500794.592592593,9216.648148148148,False
191915,191917,13500845.458333334,13501535.731481481,690.2731481481482,False
191920,191925,13501579.694444444,13510794.194444444,9214.5,False
191929,191931,13510845.430555556,13511535.263888888,689.8333333333334,False
191934,191939,13511578.606481481,13520793.527777778,9214.921296296296,False
