task,ready_event,run_event,ready_us,run_us,wait_us,visible_context_us
UartTxTask,172675,172677,1109.976851851852,1131.7962962962963,21.819444444444443,{'TelemetryTask': 21.819444444444308}
UartTxTask,172681,172682,1851.0972222222222,1859.9398148148148,8.842592592592593,{'Idle': 8.842592592592593}
TelemetryTask,172686,172687,8632.962962962964,8646.888888888889,13.925925925925926,{'Idle': 13.925925925925926}
UartTxTask,172689,172691,10794.402777777777,10816.439814814816,22.037037037037038,{'TelemetryTask': 22.037037037037038}
UartTxTask,172695,172696,11535.175925925925,11549.967592592593,14.791666666666666,{'Idle': 14.791666666666666}
TelemetryTask,172700,172701,18633.12037037037,18647.25462962963,14.13425925925926,"{'Idle': 14.134259259261416, 'TelemetryTask': 2.1558392930913853e-12}"
UartTxTask,172703,172705,20794.574074074073,20816.59259259259,22.01851851851852,{'TelemetryTask': 22.01851851851852}
UartTxTask,172709,172710,21535.212962962964,21549.98611111111,14.773148148148149,{'Idle': 14.773148148148149}
TelemetryTask,172714,172715,28633.03240740741,28646.777777777777,13.74537037037037,{'Idle': 13.74537037037037}
UartTxTask,172717,172719,30794.14351851852,30816.24537037037,22.10185185185185,{'TelemetryTask': 22.10185185185185}
UartTxTask,172723,172724,31535.078703703704,31549.77314814815,14.694444444444445,{'Idle': 14.694444444444445}
TelemetryTask,172728,172729,38633.0462962963,38647.28703703704,14.24074074074074,{'Idle': 14.24074074073643}
UartTxTask,172731,172733,40794.97222222222,40816.93981481482,21.96759259259259,{'TelemetryTask': 21.96759259259259}
UartTxTask,172737,172738,41535.98148148148,41550.30092592593,14.319444444444445,{'Idle': 14.319444444444445}
TelemetryTask,172742,172743,48633.00462962963,48646.92592592593,13.921296296296296,{'Idle': 13.921296296296296}
UartTxTask,172745,172747,50793.91203703704,50816.023148148146,22.11111111111111,{'TelemetryTask': 22.11111111111111}
UartTxTask,172751,172752,51535.22222222222,51550.01851851852,14.796296296296296,{'Idle': 14.796296296296296}
TelemetryTask,172756,172757,58633.01388888889,58646.944444444445,13.930555555555555,{'Idle': 13.930555555555555}
UartTxTask,172759,172761,60793.03240740741,60815.148148148146,22.11574074074074,{'TelemetryTask': 22.11574074074074}
UartTxTask,172765,172766,61533.73611111111,61548.41203703704,14.675925925925926,{'Idle': 14.675925925925926}
TelemetryTask,172770,172771,68633.01388888889,68647.0324074074,14.018518518518519,{'Idle': 14.018518518509895}
UartTxTask,172773,172775,70793.62037037036,70815.92592592593,22.305555555555557,{'TelemetryTask': 22.30555555556418}
UartTxTask,172779,172780,71535.03703703704,71549.68055555556,14.643518518518519,"{'Idle': 14.643518518518519, 'UartTxTask': 8.623357172365541e-12}"
TelemetryTask,172784,172785,78633.0,78646.73611111111,13.73611111111111,{'Idle': 13.73611111111111}
UartTxTask,172787,172789,80793.74537037036,80815.93981481482,22.194444444444443,{'TelemetryTask': 22.194444444444443}
UartTxTask,172793,172794,81534.5925925926,81549.43518518518,14.842592592592593,{'Idle': 14.842592592592593}
TelemetryTask,172798,172799,88632.97685185185,88647.22685185185,14.25,{'Idle': 14.25}
UartTxTask,172801,172803,90794.02777777778,90816.17592592593,22.14814814814815,{'TelemetryTask': 22.14814814814815}
UartTxTask,172807,172808,91535.16666666667,91550.07870370371,14.912037037037036,{'Idle': 14.912037037037036}
TelemetryTask,172812,172813,98633.03703703704,98647.36111111111,14.324074074074074,{'Idle': 14.324074074074074}
UartTxTask,172815,172817,100793.62962962964,100815.63888888889,22.00925925925926,{'TelemetryTask': 22.00925925925926}
UartTxTask,172821,172822,101534.60648148147,101549.32870370371,14.722222222222221,{'Idle': 14.722222222222221}
TelemetryTask,172826,172827,108633.18055555556,108647.7824074074,14.601851851851851,{'Idle': 14.601851851851851}
UartTxTask,172829,172831,110794.26851851853,110816.3425925926,22.074074074074073,{'TelemetryTask': 22.074074074074076}
UartTxTask,172835,172836,111535.20833333333,111549.91666666667,14.708333333333334,{'Idle': 14.708333333333334}
TelemetryTask,172840,172841,118633.16203703704,118647.29166666667,14.12962962962963,{'Idle': 14.12962962962963}
UartTxTask,172843,172845,120794.13425925926,120815.95370370371,21.819444444444443,{'TelemetryTask': 21.819444444444443}
UartTxTask,172849,172850,121535.14351851853,121549.84722222222,14.703703703703704,{'Idle': 14.703703703703704}
TelemetryTask,172854,172855,128633.18518518518,128647.51388888889,14.328703703703704,{'Idle': 14.328703703703704}
UartTxTask,172857,172859,130794.04166666667,130816.22222222222,22.180555555555557,{'TelemetryTask': 22.180555555555557}
UartTxTask,172863,172864,131534.86574074073,131549.65277777778,14.787037037037036,{'Idle': 14.787037037054283}
TelemetryTask,172868,172869,138633.13888888888,138647.375,14.23611111111111,{'Idle': 14.236111111128357}
UartTxTask,172871,172873,140794.97685185185,140817.5601851852,22.583333333333332,"{'TelemetryTask': 22.583333333333336, 'UartTxTask': 1.7246714344731083e-11}"
UartTxTask,172877,172878,141536.3101851852,141551.04166666666,14.731481481481481,{'Idle': 14.731481481446988}
TelemetryTask,172882,172883,148633.13425925927,148647.19444444444,14.060185185185185,{'Idle': 14.060185185167938}
UartTxTask,172885,172887,150793.47222222222,150815.53240740742,22.060185185185187,{'TelemetryTask': 22.060185185185183}
UartTxTask,172891,172892,151534.11111111112,151548.74074074073,14.62962962962963,{'Idle': 14.629629629595136}
TelemetryTask,172896,172897,158633.0462962963,158647.2685185185,14.222222222222221,{'Idle': 14.222222222222221}
UartTxTask,172899,172901,160794.12962962964,160815.96296296295,21.833333333333332,{'TelemetryTask': 21.833333333333336}
UartTxTask,172905,172906,161535.25462962964,161549.80555555556,14.550925925925926,{'Idle': 14.550925925925926}
TelemetryTask,172910,172911,168633.1435185185,168647.08796296295,13.944444444444445,{'Idle': 13.944444444444445}
UartTxTask,172913,172915,170794.24537037036,170816.28703703705,22.041666666666668,{'TelemetryTask': 22.041666666666664}
UartTxTask,172919,172920,171535.27777777778,171549.75,14.472222222222221,{'Idle': 14.472222222222221}
TelemetryTask,172924,172925,178633.16666666666,178647.42592592593,14.25925925925926,{'Idle': 14.25925925925926}
UartTxTask,172927,172929,180793.52314814815,180815.75925925927,22.23611111111111,{'TelemetryTask': 22.23611111111111}
UartTxTask,172933,172934,181534.6064814815,181549.36111111112,14.75462962962963,{'Idle': 14.75462962962963}
TelemetryTask,172938,172939,188632.96759259258,188647.01388888888,14.046296296296296,{'Idle': 14.046296296296296}
UartTxTask,172941,172943,190793.92592592593,190815.99074074073,22.064814814814813,{'TelemetryTask': 22.064814814814817}
UartTxTask,172947,172948,191534.93055555556,191549.72685185185,14.796296296296296,{'Idle': 14.796296296296296}
TelemetryTask,172952,172953,198633.05092592593,198647.2314814815,14.180555555555555,{'Idle': 14.180555555555555}
UartTxTask,172955,172957,200793.875,200815.8935185185,22.01851851851852,{'TelemetryTask': 22.01851851851852}
UartTxTask,172961,172962,201534.4537037037,201549.50462962964,15.050925925925926,{'Idle': 15.050925925925926}
TelemetryTask,172966,172967,208633.12037037036,208647.25925925927,14.13888888888889,{'Idle': 14.13888888888889}
UartTxTask,172969,172971,210795.41666666666,210817.8935185185,22.47685185185185,{'TelemetryTask': 22.476851851851855}
UartTxTask,172975,172976,211536.67592592593,211551.65277777778,14.976851851851851,{'Idle': 14.976851851851851}
TelemetryTask,172980,172981,218633.125,218647.37037037036,14.24537037037037,{'Idle': 14.24537037037037}
UartTxTask,172983,172985,220794.34259259258,220816.44444444444,22.10185185185185,{'TelemetryTask': 22.101851851851855}
UartTxTask,172989,172990,221535.19444444444,221549.9814814815,14.787037037037036,{'Idle': 14.787037037037036}
TelemetryTask,172994,172995,228632.89814814815,228646.66203703705,13.76388888888889,{'Idle': 13.76388888888889}
UartTxTask,172997,172999,230794.47222222222,230816.875,22.40277777777778,{'TelemetryTask': 22.40277777777778}
UartTxTask,173003,173004,231536.0,231550.65740740742,14.657407407407407,{'Idle': 14.657407407407407}
TelemetryTask,173008,173009,238633.03240740742,238646.80092592593,13.768518518518519,{'Idle': 13.768518518518519}
UartTxTask,173011,173013,240793.45833333334,240815.79166666666,22.333333333333332,{'TelemetryTask': 22.333333333333336}
UartTxTask,173017,173018,241534.98611111112,241549.62962962964,14.643518518518519,{'Idle': 14.643518518518519}
TelemetryTask,173022,173023,248632.89814814815,248646.85185185185,13.953703703703704,{'Idle': 13.953703703703704}
UartTxTask,173025,173027,250793.3564814815,250815.70833333334,22.35185185185185,{'TelemetryTask': 22.35185185185185}
UartTxTask,173031,173032,251534.27777777778,251548.84259259258,14.564814814814815,{'Idle': 14.564814814814815}
TelemetryTask,173036,173037,258633.03703703705,258647.08796296295,14.050925925925926,{'Idle': 14.050925925925926}
UartTxTask,173039,173041,260793.63425925927,260816.36111111112,22.72685185185185,{'TelemetryTask': 22.72685185185185}
UartTxTask,173045,173046,261534.98611111112,261549.66203703705,14.675925925925926,{'Idle': 14.675925925925926}
TelemetryTask,173050,173051,268632.9861111111,268646.85648148146,13.87037037037037,{'Idle': 13.870370370335877}
UartTxTask,173053,173055,270793.2083333333,270815.337962963,22.12962962962963,{'TelemetryTask': 22.129629629664123}
UartTxTask,173059,173060,271534.087962963,271548.68055555556,14.592592592592593,{'Idle': 14.592592592592593}
TelemetryTask,173064,173065,278633.1203703704,278647.22222222225,14.101851851851851,"{'Idle': 14.101851851817358, 'TelemetryTask': 3.4493428689462165e-11}"
UartTxTask,173067,173069,280793.22222222225,280815.4675925926,22.24537037037037,{'TelemetryTask': 22.245370370335877}
UartTxTask,173073,173074,281534.44444444444,281549.10648148146,14.662037037037036,{'Idle': 14.662037037002543}
TelemetryTask,173078,173079,288632.98148148146,288647.0462962963,14.064814814814815,{'Idle': 14.064814814849308}
UartTxTask,173081,173083,290793.3703703704,290815.3333333333,21.962962962962962,{'TelemetryTask': 21.962962962893975}
UartTxTask,173087,173088,291534.125,291549.0462962963,14.921296296296296,{'Idle': 14.921296296296296}
TelemetryTask,173092,173093,298632.94444444444,298647.19444444444,14.25,{'Idle': 14.25}
UartTxTask,173095,173097,300792.81018518517,300814.9537037037,22.14351851851852,{'TelemetryTask': 22.14351851851852}
UartTxTask,173101,173102,301533.47685185185,301548.3287037037,14.851851851851851,{'Idle': 14.851851851851851}
TelemetryTask,173106,173107,308633.1111111111,308646.8240740741,13.712962962962964,"{'Idle': 13.712962962962964, 'TelemetryTask': 3.4493428689462165e-11}"
UartTxTask,173109,173111,310793.47685185185,310815.31018518517,21.833333333333332,{'TelemetryTask': 21.833333333333332}
UartTxTask,173115,173116,311533.85648148146,311548.34722222225,14.49074074074074,{'Idle': 14.49074074074074}
TelemetryTask,173120,173121,318632.97685185185,318646.6990740741,13.722222222222221,{'Idle': 13.722222222222221}
UartTxTask,173123,173125,320793.39351851854,320815.49074074073,22.09722222222222,{'TelemetryTask': 22.09722222222222}
UartTxTask,173129,173130,321534.34722222225,321549.2361111111,14.88888888888889,{'Idle': 14.88888888888889}
TelemetryTask,173134,173135,328633.1759259259,328647.1388888889,13.962962962962964,{'Idle': 13.962962962962964}
UartTxTask,173137,173139,330794.1990740741,330816.587962963,22.38888888888889,{'TelemetryTask': 22.38888888888889}
UartTxTask,173143,173144,331535.8240740741,331550.68981481483,14.86574074074074,{'Idle': 14.86574074074074}
TelemetryTask,173148,173149,338633.087962963,338647.19444444444,14.106481481481481,{'Idle': 14.106481481481481}
UartTxTask,173151,173153,340793.9490740741,340816.35648148146,22.40740740740741,{'TelemetryTask': 22.40740740740741}
UartTxTask,173157,173158,341535.52777777775,341550.25925925927,14.731481481481481,{'Idle': 14.731481481481481}
TelemetryTask,173162,173163,348633.00925925927,348647.00925925927,14.0,{'Idle': 14.0}
UartTxTask,173165,173167,350793.5416666667,350815.81481481483,22.27314814814815,{'TelemetryTask': 22.273148148148145}
UartTxTask,173171,173172,351534.8009259259,351549.462962963,14.662037037037036,{'Idle': 14.662037037037036}
TelemetryTask,173176,173177,358632.7916666667,358647.087962963,14.296296296296296,{'Idle': 14.296296296296296}
UartTxTask,173179,173181,360794.1666666667,360816.4490740741,22.28240740740741,{'TelemetryTask': 22.282407407407405}
UartTxTask,173185,173186,361535.412037037,361550.2361111111,14.824074074074074,{'Idle': 14.824074074074074}
TelemetryTask,173190,173191,368633.1111111111,368646.8240740741,13.712962962962964,{'Idle': 13.712962962962964}
UartTxTask,173193,173195,370793.56944444444,370815.8240740741,22.25462962962963,{'TelemetryTask': 22.25462962962963}
UartTxTask,173199,173200,371534.43055555556,371549.287037037,14.856481481481481,{'Idle': 14.856481481481481}
TelemetryTask,173204,173205,378632.912037037,378646.6111111111,13.699074074074074,{'Idle': 13.699074074074074}
UartTxTask,173207,173209,380793.3425925926,380815.375,22.03240740740741,{'TelemetryTask': 22.032407407407405}
UartTxTask,173213,173214,381533.7546296296,381548.56481481483,14.810185185185185,{'Idle': 14.810185185185185}
TelemetryTask,173218,173219,388633.1666666667,388647.34722222225,14.180555555555555,{'Idle': 14.180555555555555}
UartTxTask,173221,173223,390794.14814814815,390816.26851851854,22.12037037037037,{'TelemetryTask': 22.120370370370374}
UartTxTask,173227,173228,391535.1759259259,391550.02314814815,14.847222222222221,{'Idle': 14.847222222222221}
TelemetryTask,173232,173233,398633.2546296296,398647.18981481483,13.935185185185185,{'Idle': 13.935185185185185}
UartTxTask,173235,173237,400795.0046296296,400817.0833333333,22.078703703703702,{'TelemetryTask': 22.078703703703702}
UartTxTask,173241,173242,401535.6990740741,401550.4074074074,14.708333333333334,{'Idle': 14.708333333333334}
TelemetryTask,173246,173247,408632.97685185185,408647.30555555556,14.328703703703704,{'Idle': 14.328703703703704}
UartTxTask,173249,173251,410793.6296296296,410815.97222222225,22.34259259259259,{'TelemetryTask': 22.34259259259259}
UartTxTask,173255,173256,411534.86574074073,411549.56481481483,14.699074074074074,{'Idle': 14.699074074074074}
TelemetryTask,173260,173261,418633.2453703704,418647.0324074074,13.787037037037036,{'Idle': 13.787037037037036}
UartTxTask,173263,173265,420793.77777777775,420816.22222222225,22.444444444444443,{'TelemetryTask': 22.444444444444443}
UartTxTask,173269,173270,421535.162037037,421550.11574074073,14.953703703703704,{'Idle': 14.953703703703704}
TelemetryTask,173274,173275,428633.09722222225,428647.3009259259,14.203703703703704,{'Idle': 14.203703703703704}
UartTxTask,173277,173279,430794.2962962963,430816.5324074074,22.23611111111111,{'TelemetryTask': 22.23611111111111}
UartTxTask,173283,173284,431535.1296296296,431549.875,14.74537037037037,{'Idle': 14.74537037037037}
TelemetryTask,173288,173289,438633.0046296296,438647.2546296296,14.25,{'Idle': 14.25}
UartTxTask,173291,173293,440793.43055555556,440815.64351851854,22.212962962962962,{'TelemetryTask': 22.212962962962962}
UartTxTask,173297,173298,441534.662037037,441549.3703703704,14.708333333333334,{'Idle': 14.708333333333334}
TelemetryTask,173302,173303,448633.162037037,448647.02314814815,13.86111111111111,{'Idle': 13.86111111111111}
UartTxTask,173305,173307,450793.662037037,450815.912037037,22.25,{'TelemetryTask': 22.25}
UartTxTask,173311,173312,451535.212962963,451549.875,14.662037037037036,{'Idle': 14.662037037037036}
TelemetryTask,173316,173317,458632.93981481483,458647.2962962963,14.356481481481481,{'Idle': 14.356481481481481}
UartTxTask,173319,173321,460793.56944444444,460815.64351851854,22.074074074074073,{'TelemetryTask': 22.074074074074076}
UartTxTask,173325,173326,461534.72222222225,461549.7083333333,14.98611111111111,{'Idle': 14.98611111111111}
TelemetryTask,173330,173331,468633.0833333333,468647.35648148146,14.273148148148149,{'Idle': 14.273148148148149}
UartTxTask,173333,173335,470793.22222222225,470815.1712962963,21.949074074074073,{'TelemetryTask': 21.949074074074076}
UartTxTask,173339,173340,471534.10648148146,471548.72685185185,14.62037037037037,{'Idle': 14.62037037037037}
TelemetryTask,173344,173345,478632.962962963,478646.85185185185,13.88888888888889,{'Idle': 13.88888888888889}
UartTxTask,173347,173349,480792.9074074074,480815.47685185185,22.569444444444443,{'TelemetryTask': 22.569444444444443}
UartTxTask,173353,173354,481534.22685185185,481548.8240740741,14.597222222222221,{'Idle': 14.597222222222221}
TelemetryTask,173358,173359,488633.1203703704,488647.4259259259,14.305555555555555,{'Idle': 14.305555555555555}
UartTxTask,173361,173363,490794.77777777775,490816.8009259259,22.02314814814815,{'TelemetryTask': 22.02314814814815}
UartTxTask,173367,173368,491535.4166666667,491550.47685185185,15.060185185185185,{'Idle': 15.060185185185185}
TelemetryTask,173372,173373,498632.962962963,498647.30555555556,14.342592592592593,{'Idle': 14.342592592592593}
UartTxTask,173375,173377,500793.9074074074,500816.3703703704,22.462962962962962,{'TelemetryTask': 22.462962962962962}
UartTxTask,173381,173382,501535.4861111111,501550.2546296296,14.768518518518519,{'Idle': 14.768518518518519}
TelemetryTask,173386,173387,508633.00925925927,508646.93981481483,13.930555555555555,{'Idle': 13.930555555555555}
UartTxTask,173389,173391,510793.13425925927,510815.3009259259,22.166666666666668,{'TelemetryTask': 22.166666666666668}
UartTxTask,173395,173396,511534.1666666667,511548.875,14.708333333333334,{'Idle': 14.708333333333334}
TelemetryTask,173400,173401,518633.0925925926,518647.0925925926,14.0,{'Idle': 14.0}
UartTxTask,173403,173405,520793.2638888889,520815.287037037,22.02314814814815,{'TelemetryTask': 22.023148148148145}
UartTxTask,173409,173410,521534.35185185185,521549.087962963,14.73611111111111,{'Idle': 14.73611111111111}
TelemetryTask,173414,173415,528633.1574074074,528647.2222222222,14.064814814814815,{'Idle': 14.064814814814815}
UartTxTask,173417,173419,530794.7638888889,530817.0138888889,22.25,{'TelemetryTask': 22.25}
UartTxTask,173423,173424,531536.1944444445,531550.8888888889,14.694444444444445,{'Idle': 14.694444444375458}
TelemetryTask,173428,173429,538633.1898148148,538647.6435185185,14.453703703703704,{'Idle': 14.453703703703704}
UartTxTask,173431,173433,540794.8611111111,540817.3379629629,22.47685185185185,{'TelemetryTask': 22.476851851782865}
UartTxTask,173437,173438,541536.5879629629,541551.3981481482,14.810185185185185,"{'Idle': 14.810185185254172, 'UartTxTask': 6.898685737892433e-11}"
TelemetryTask,173442,173443,548633.125,548647.0787037037,13.953703703703704,{'Idle': 13.953703703703704}
UartTxTask,173445,173447,550794.7037037037,550816.8333333334,22.12962962962963,"{'TelemetryTask': 22.12962962962963, 'UartTxTask': 6.898685737892433e-11}"
UartTxTask,173451,173452,551535.4537037037,551550.2407407408,14.787037037037036,"{'Idle': 14.787037037037036, 'UartTxTask': 6.898685737892433e-11}"
TelemetryTask,173456,173457,558633.0648148148,558647.425925926,14.36111111111111,{'Idle': 14.36111111111111}
UartTxTask,173459,173461,560794.0648148148,560816.4305555555,22.36574074074074,{'TelemetryTask': 22.365740740671754}
UartTxTask,173465,173466,561535.2361111111,561549.8703703703,14.63425925925926,{'Idle': 14.63425925925926}
TelemetryTask,173470,173471,568633.2175925926,568647.1296296297,13.912037037037036,{'Idle': 13.912037037037036}
UartTxTask,173473,173475,570794.3981481482,570816.875,22.47685185185185,{'TelemetryTask': 22.476851851782865}
UartTxTask,173479,173480,571535.8981481482,571550.8611111111,14.962962962962964,{'Idle': 14.962962962893975}
TelemetryTask,173484,173485,578633.0555555555,578647.0138888889,13.958333333333334,{'Idle': 13.95833333340232}
UartTxTask,173487,173489,580794.2222222222,580816.550925926,22.328703703703702,{'TelemetryTask': 22.328703703703702}
UartTxTask,173493,173494,581535.25,581549.9305555555,14.680555555555555,{'Idle': 14.680555555486569}
TelemetryTask,173498,173499,588632.8981481482,588646.6620370371,13.76388888888889,"{'Idle': 13.763888888819903, 'TelemetryTask': 6.898685737892433e-11}"
UartTxTask,173501,173503,590792.6018518518,590814.9768518518,22.375,{'TelemetryTask': 22.375}
UartTxTask,173507,173508,591533.7731481482,591548.7962962963,15.023148148148149,{'Idle': 15.02314814807916}
TelemetryTask,173512,173513,598632.9444444445,598647.5046296297,14.560185185185185,{'Idle': 14.560185185116199}
UartTxTask,173515,173517,600794.4351851852,600816.1851851852,21.75,{'TelemetryTask': 21.75}
UartTxTask,173521,173522,601535.2083333334,601549.7638888889,14.555555555555555,{'Idle': 14.555555555486569}
TelemetryTask,173526,173527,608633.1342592592,608647.1388888889,14.00462962962963,{'Idle': 14.004629629698616}
UartTxTask,173529,173531,610794.9166666666,610817.5324074074,22.61574074074074,{'TelemetryTask': 22.615740740809727}
UartTxTask,173535,173536,611536.7731481482,611551.2962962963,14.523148148148149,{'Idle': 14.52314814807916}
TelemetryTask,173540,173541,618633.0231481482,618646.875,13.851851851851851,{'Idle': 13.851851851782865}
UartTxTask,173543,173545,620793.7222222222,620815.550925926,21.828703703703702,{'TelemetryTask': 21.828703703703702}
UartTxTask,173549,173550,621534.5787037037,621549.2916666666,14.712962962962964,{'Idle': 14.712962962962964}
TelemetryTask,173554,173555,628633.1527777778,628647.4166666666,14.26388888888889,{'Idle': 14.26388888888889}
UartTxTask,173557,173559,630794.7916666666,630816.8425925926,22.050925925925927,{'TelemetryTask': 22.050925925925924}
UartTxTask,173563,173564,631535.7916666666,631550.2962962963,14.50462962962963,{'Idle': 14.50462962962963}
TelemetryTask,173568,173569,638633.0046296297,638646.8287037037,13.824074074074074,{'Idle': 13.824074074074074}
UartTxTask,173571,173573,640794.0138888889,640816.4537037037,22.439814814814813,{'TelemetryTask': 22.439814814814817}
UartTxTask,173577,173578,641535.1574074074,641549.7638888889,14.606481481481481,{'Idle': 14.606481481481481}
TelemetryTask,173582,173583,648632.949074074,648646.9444444445,13.99537037037037,{'Idle': 13.99537037037037}
UartTxTask,173585,173587,650793.3703703703,650815.4537037037,22.083333333333332,{'TelemetryTask': 22.083333333333332}
UartTxTask,173591,173592,651534.8657407408,651549.4583333334,14.592592592592593,{'Idle': 14.592592592592593}
TelemetryTask,173596,173597,658633.1435185185,658646.8796296297,13.73611111111111,{'Idle': 13.73611111111111}
UartTxTask,173599,173601,660793.800925926,660815.9953703703,22.194444444444443,{'TelemetryTask': 22.194444444444443}
UartTxTask,173605,173606,661534.7175925926,661549.2870370371,14.569444444444445,{'Idle': 14.569444444444445}
TelemetryTask,173610,173611,668632.9537037037,668646.5185185185,13.564814814814815,{'Idle': 13.564814814814815}
UartTxTask,173613,173615,670793.9629629629,670815.9166666666,21.953703703703702,{'TelemetryTask': 21.953703703703702}
UartTxTask,173619,173620,671534.8333333334,671549.5231481482,14.689814814814815,{'Idle': 14.689814814814815}
TelemetryTask,173624,173625,678633.0462962963,678647.3888888889,14.342592592592593,{'Idle': 14.342592592592593}
UartTxTask,173627,173629,680794.1111111111,680815.6851851852,21.574074074074073,{'TelemetryTask': 21.574074074074076}
UartTxTask,173633,173634,681534.5787037037,681549.2592592592,14.680555555555555,{'Idle': 14.680555555555555}
TelemetryTask,173638,173639,688633.0277777778,688647.1111111111,14.083333333333334,{'Idle': 14.083333333333334}
UartTxTask,173641,173643,690794.0648148148,690816.4398148148,22.375,{'TelemetryTask': 22.375}
UartTxTask,173647,173648,691535.6388888889,691550.3564814815,14.717592592592593,{'Idle': 14.717592592592593}
TelemetryTask,173652,173653,698633.0416666666,698646.9629629629,13.921296296296296,{'Idle': 13.921296296296296}
UartTxTask,173655,173657,700793.8518518518,700815.9907407408,22.13888888888889,{'TelemetryTask': 22.13888888888889}
UartTxTask,173661,173662,701534.8287037037,701549.5833333334,14.75462962962963,{'Idle': 14.75462962962963}
TelemetryTask,173666,173667,708633.199074074,708647.2685185185,14.069444444444445,{'Idle': 14.069444444444445}
UartTxTask,173669,173671,710793.4351851852,710815.4398148148,22.00462962962963,{'TelemetryTask': 22.00462962962963}
UartTxTask,173675,173676,711533.9074074074,711548.75,14.842592592592593,{'Idle': 14.842592592592593}
TelemetryTask,173680,173681,718633.1157407408,718647.4212962963,14.305555555555555,{'Idle': 14.305555555555555}
UartTxTask,173683,173685,720793.8981481482,720816.2407407408,22.34259259259259,{'TelemetryTask': 22.342592592592595}
UartTxTask,173689,173690,721535.0231481482,721549.7268518518,14.703703703703704,{'Idle': 14.703703703703704}
TelemetryTask,173694,173695,728633.050925926,728647.2916666666,14.24074074074074,{'Idle': 14.24074074074074}
UartTxTask,173697,173699,730793.875,730816.2175925926,22.34259259259259,{'TelemetryTask': 22.34259259259259}
UartTxTask,173703,173704,731534.8379629629,731549.5833333334,14.74537037037037,{'Idle': 14.74537037037037}
TelemetryTask,173708,173709,738633.1296296297,738647.1898148148,14.060185185185185,{'Idle': 14.060185185185185}
UartTxTask,173711,173713,740793.8148148148,740815.5972222222,21.78240740740741,{'TelemetryTask': 21.78240740740741}
UartTxTask,173717,173718,741534.6620370371,741549.5462962963,14.88425925925926,{'Idle': 14.88425925925926}
TelemetryTask,173722,173723,748633.0231481482,748647.2685185185,14.24537037037037,{'Idle': 14.24537037037037}
UartTxTask,173725,173727,750793.6388888889,750815.1898148148,21.550925925925927,{'TelemetryTask': 21.550925925925927}
UartTxTask,173731,173732,751534.0277777778,751548.4629629629,14.435185185185185,{'Idle': 14.435185185185185}
TelemetryTask,173736,173737,758633.0231481482,758646.8055555555,13.782407407407407,{'Idle': 13.782407407407407}
UartTxTask,173739,173741,760794.0277777778,760815.7777777778,21.75,{'TelemetryTask': 21.75}
UartTxTask,173745,173746,761535.1805555555,761549.6527777778,14.472222222222221,{'Idle': 14.472222222222221}
TelemetryTask,173750,173751,768632.9166666666,768647.0648148148,14.148148148148149,{'Idle': 14.148148148148149}
UartTxTask,173753,173755,770793.7870370371,770815.8379629629,22.050925925925927,{'TelemetryTask': 22.050925925925924}
UartTxTask,173759,173760,771535.0972222222,771549.5833333334,14.48611111111111,{'Idle': 14.48611111111111}
TelemetryTask,173764,173765,778632.9814814815,778646.8518518518,13.87037037037037,{'Idle': 13.87037037037037}
UartTxTask,173767,173769,780792.9583333334,780815.1157407408,22.15740740740741,{'TelemetryTask': 22.157407407407405}
UartTxTask,173773,173774,781533.7175925926,781548.4953703703,14.777777777777779,{'Idle': 14.777777777777779}
TelemetryTask,173778,173779,788632.9305555555,788647.2361111111,14.305555555555555,{'Idle': 14.305555555555555}
UartTxTask,173781,173783,790793.5092592592,790815.5277777778,22.01851851851852,{'TelemetryTask': 22.01851851851852}
UartTxTask,173787,173788,791534.3657407408,791549.2361111111,14.87037037037037,{'Idle': 14.87037037037037}
TelemetryTask,173792,173793,798633.0138888889,798647.2916666666,14.277777777777779,{'Idle': 14.277777777777779}
UartTxTask,173795,173797,800794.324074074,800816.7361111111,22.412037037037038,{'TelemetryTask': 22.412037037037038}
UartTxTask,173801,173802,801535.8148148148,801550.5555555555,14.74074074074074,{'Idle': 14.74074074074074}
TelemetryTask,173806,173807,808632.875,808646.8055555555,13.930555555555555,{'Idle': 13.930555555555555}
UartTxTask,173809,173811,810793.2129629629,810815.4212962963,22.208333333333332,{'TelemetryTask': 22.208333333333336}
UartTxTask,173815,173816,811534.3101851852,811549.0462962963,14.73611111111111,{'Idle': 14.73611111111111}
TelemetryTask,173820,173821,818632.9444444445,818646.9768518518,14.032407407407407,{'Idle': 14.032407407407407}
UartTxTask,173823,173825,820793.2129629629,820815.4907407408,22.27777777777778,{'TelemetryTask': 22.27777777777778}
UartTxTask,173829,173830,821534.2037037037,821548.7407407408,14.537037037037036,{'Idle': 14.537037037037036}
TelemetryTask,173834,173835,828633.0555555555,828647.0370370371,13.981481481481481,{'Idle': 13.981481481481481}
UartTxTask,173837,173839,830793.7175925926,830816.199074074,22.48148148148148,{'TelemetryTask': 22.48148148148148}
UartTxTask,173843,173844,831535.3148148148,831550.1342592592,14.819444444444445,{'Idle': 14.819444444444445}
TelemetryTask,173848,173849,838633.0185185185,838647.1342592592,14.11574074074074,{'Idle': 14.11574074074074}
UartTxTask,173851,173853,840794.0231481482,840815.9120370371,21.88888888888889,{'TelemetryTask': 21.88888888888889}
UartTxTask,173857,173858,841535.2546296297,841549.8888888889,14.63425925925926,{'Idle': 14.63425925925926}
TelemetryTask,173862,173863,848632.9398148148,848647.2685185185,14.328703703703704,{'Idle': 14.328703703703704}
UartTxTask,173865,173867,850794.1018518518,850816.3287037037,22.22685185185185,{'TelemetryTask': 22.22685185185185}
UartTxTask,173871,173872,851535.2962962963,851549.7453703703,14.449074074074074,{'Idle': 14.449074074074074}
TelemetryTask,173876,173877,858633.0277777778,858647.0324074074,14.00462962962963,{'Idle': 14.00462962962963}
UartTxTask,173879,173881,860793.5694444445,860815.5648148148,21.99537037037037,{'TelemetryTask': 21.99537037037037}
UartTxTask,173885,173886,861534.875,861549.6620370371,14.787037037037036,{'Idle': 14.787037037037036}
TelemetryTask,173890,173891,868633.0601851852,868646.8518518518,13.791666666666666,{'Idle': 13.791666666666666}
UartTxTask,173893,173895,870793.7453703703,870815.6388888889,21.89351851851852,{'TelemetryTask': 21.89351851851852}
UartTxTask,173899,173900,871534.5231481482,871549.1851851852,14.662037037037036,{'Idle': 14.662037037037036}
TelemetryTask,173904,173905,878633.0972222222,878647.2268518518,14.12962962962963,{'Idle': 14.12962962962963}
UartTxTask,173907,173909,880793.675925926,880815.8101851852,22.13425925925926,{'TelemetryTask': 22.13425925925926}
UartTxTask,173913,173914,881534.6388888889,881549.2175925926,14.578703703703704,{'Idle': 14.578703703703704}
TelemetryTask,173918,173919,888633.1203703703,888647.5370370371,14.416666666666666,{'Idle': 14.416666666666666}
UartTxTask,173921,173923,890794.1342592592,890816.6018518518,22.46759259259259,{'TelemetryTask': 22.46759259259259}
UartTxTask,173927,173928,891535.7129629629,891550.5277777778,14.814814814814815,{'Idle': 14.814814814814815}
TelemetryTask,173932,173933,898633.0185185185,898646.7083333334,13.689814814814815,{'Idle': 13.689814814814815}
UartTxTask,173935,173937,900794.1388888889,900816.3333333334,22.194444444444443,{'TelemetryTask': 22.194444444444443}
UartTxTask,173941,173942,901534.8333333334,901549.6898148148,14.856481481481481,{'Idle': 14.856481481481481}
TelemetryTask,173946,173947,908633.1111111111,908647.0324074074,13.921296296296296,{'Idle': 13.921296296296296}
UartTxTask,173949,173951,910794.2824074074,910816.1898148148,21.90740740740741,{'TelemetryTask': 21.907407407407405}
UartTxTask,173955,173956,911534.7685185185,911549.3333333334,14.564814814814815,{'Idle': 14.564814814814815}
TelemetryTask,173960,173961,918633.2268518518,918647.0092592592,13.782407407407407,{'Idle': 13.782407407407407}
UartTxTask,173963,173965,920793.2361111111,920815.3611111111,22.125,{'TelemetryTask': 22.125}
UartTxTask,173969,173970,921534.2222222222,921549.1712962963,14.949074074074074,{'Idle': 14.949074074074074}
TelemetryTask,173974,173975,928632.9953703703,928646.875,13.87962962962963,{'Idle': 13.87962962962963}
UartTxTask,173977,173979,930794.7129629629,930816.75,22.037037037037038,{'TelemetryTask': 22.037037037037038}
UartTxTask,173983,173984,931535.3842592592,931549.9583333334,14.574074074074074,{'Idle': 14.574074074074074}
TelemetryTask,173988,173989,938633.0833333334,938647.6620370371,14.578703703703704,{'Idle': 14.578703703703704}
UartTxTask,173991,173993,940793.7546296297,940815.8611111111,22.10648148148148,{'TelemetryTask': 22.10648148148148}
UartTxTask,173997,173998,941534.9305555555,941549.6805555555,14.75,{'Idle': 14.75}
TelemetryTask,174002,174003,948633.0601851852,948647.3101851852,14.25,{'Idle': 14.25}
UartTxTask,174005,174007,950793.9120370371,950815.5925925926,21.680555555555557,{'TelemetryTask': 21.680555555555557}
UartTxTask,174011,174012,951534.125,951548.9398148148,14.814814814814815,{'Idle': 14.814814814814815}
TelemetryTask,174016,174017,958633.2268518518,958647.3194444445,14.092592592592593,{'Idle': 14.092592592592593}
UartTxTask,174019,174021,960793.2777777778,960815.8703703703,22.59259259259259,{'TelemetryTask': 22.59259259259259}
UartTxTask,174025,174026,961534.7731481482,961549.6944444445,14.921296296296296,{'Idle': 14.921296296296296}
TelemetryTask,174030,174031,968633.1481481482,968647.2777777778,14.12962962962963,{'Idle': 14.12962962962963}
UartTxTask,174033,174035,970793.5231481482,970815.2083333334,21.685185185185187,{'TelemetryTask': 21.685185185185183}
UartTxTask,174039,174040,971534.050925926,971549.1574074074,15.106481481481481,{'Idle': 15.106481481481481}
TelemetryTask,174044,174045,978632.9907407408,978646.7685185185,13.777777777777779,{'Idle': 13.777777777777779}
UartTxTask,174047,174049,980793.1157407408,980815.2592592592,22.14351851851852,{'TelemetryTask': 22.14351851851852}
UartTxTask,174053,174054,981534.0092592592,981548.5787037037,14.569444444444445,{'Idle': 14.569444444444445}
TelemetryTask,174058,174059,988633.1111111111,988647.25,14.13888888888889,{'Idle': 14.13888888888889}
UartTxTask,174061,174063,990792.7638888889,990814.9398148148,22.175925925925927,{'TelemetryTask': 22.175925925925924}
UartTxTask,174067,174068,991533.8611111111,991548.4537037037,14.592592592592593,{'Idle': 14.592592592592593}
TelemetryTask,174072,174073,998632.8796296297,998646.9351851852,14.055555555555555,{'Idle': 14.055555555555555}
UartTxTask,174075,174077,1000793.7222222222,1000816.199074074,22.47685185185185,{'TelemetryTask': 22.476851851851855}
UartTxTask,174081,174082,1001534.9722222222,1001549.675925926,14.703703703703704,{'Idle': 14.703703703703704}
TelemetryTask,174086,174087,1008633.1388888889,1008647.0324074074,13.893518518518519,{'Idle': 13.893518518518519}
UartTxTask,174089,174091,1010792.9861111111,1010814.7407407408,21.75462962962963,{'TelemetryTask': 21.75462962962963}
UartTxTask,174095,174096,1011533.2361111111,1011547.6435185185,14.407407407407407,{'Idle': 14.407407407407407}
TelemetryTask,174100,174101,1018632.9768518518,1018646.9074074074,13.930555555555555,{'Idle': 13.930555555555555}
UartTxTask,174103,174105,1020793.6018518518,1020815.5879629629,21.98611111111111,{'TelemetryTask': 21.98611111111111}
UartTxTask,174109,174110,1021535.0138888889,1021549.8888888889,14.875,{'Idle': 14.875}
TelemetryTask,174114,174115,1028632.8796296297,1028646.9583333334,14.078703703703704,{'Idle': 14.078703703703704}
UartTxTask,174117,174119,1030793.7268518518,1030815.7361111111,22.00925925925926,{'TelemetryTask': 22.00925925925926}
UartTxTask,174123,174124,1031534.6111111111,1031549.1805555555,14.569444444444445,{'Idle': 14.569444444444445}
TelemetryTask,174128,174129,1038633.1527777778,1038647.1574074074,14.00462962962963,{'Idle': 14.00462962962963}
UartTxTask,174131,174133,1040793.9861111111,1040816.1527777778,22.166666666666668,{'TelemetryTask': 22.166666666666664}
UartTxTask,174137,174138,1041534.949074074,1041549.1851851852,14.23611111111111,{'Idle': 14.23611111111111}
TelemetryTask,174142,174143,1048633.037037037,1048647.3703703703,14.333333333333334,{'Idle': 14.333333333333334}
UartTxTask,174145,174147,1050794.3101851852,1050816.6759259258,22.36574074074074,{'TelemetryTask': 22.365740740602767}
UartTxTask,174151,174152,1051535.662037037,1051550.351851852,14.689814814814815,{'Idle': 14.689814814814815}
TelemetryTask,174156,174157,1058633.1435185184,1058647.2546296297,14.11111111111111,{'Idle': 14.111111111249084}
UartTxTask,174159,174161,1060794.5462962964,1060816.9675925926,22.421296296296298,{'TelemetryTask': 22.421296296158324}
UartTxTask,174165,174166,1061536.3796296297,1061550.9490740742,14.569444444444445,"{'Idle': 14.569444444444445, 'UartTxTask': 1.3797371475784866e-10}"
TelemetryTask,174170,174171,1068632.8564814816,1068646.976851852,14.12037037037037,{'Idle': 14.120370370232397}
UartTxTask,174173,174175,1070794.226851852,1070816.5972222222,22.37037037037037,{'TelemetryTask': 22.37037037037037}
UartTxTask,174179,174180,1071535.5416666667,1071550.361111111,14.819444444444445,{'Idle': 14.819444444168496}
TelemetryTask,174184,174185,1078633.1851851852,1078647.476851852,14.291666666666666,{'Idle': 14.291666666666666}
UartTxTask,174187,174189,1080794.9074074074,1080816.9074074074,22.0,{'TelemetryTask': 22.0}
UartTxTask,174193,174194,1081535.4907407407,1081550.013888889,14.523148148148149,"{'Idle': 14.523148148148149, 'UartTxTask': 1.3797371475784866e-10}"
TelemetryTask,174198,174199,1088633.138888889,1088647.3101851852,14.171296296296296,{'Idle': 14.171296296158323}
UartTxTask,174201,174203,1090794.236111111,1090816.7407407407,22.50462962962963,{'TelemetryTask': 22.5046296297676}
UartTxTask,174207,174208,1091535.8796296297,1091550.476851852,14.597222222222221,{'Idle': 14.597222222222221}
TelemetryTask,174212,174213,1098632.9537037036,1098646.8842592593,13.930555555555555,{'Idle': 13.930555555693529}
UartTxTask,174215,174217,1100793.9907407407,1100816.0648148148,22.074074074074073,{'TelemetryTask': 22.074074074074076}
UartTxTask,174221,174222,1101534.986111111,1101549.5462962964,14.560185185185185,"{'Idle': 14.560185185323158, 'UartTxTask': 1.3797371475784866e-10}"
TelemetryTask,174226,174227,1108633.0092592593,1108647.1342592593,14.125,{'Idle': 14.125}
UartTxTask,174229,174231,1110794.3009259258,1110816.375,22.074074074074073,{'TelemetryTask': 22.07407407421205}
UartTxTask,174235,174236,1111534.9722222222,1111550.0509259258,15.078703703703704,{'Idle': 15.07870370356573}
TelemetryTask,174240,174241,1118633.2222222222,1118647.2175925926,13.99537037037037,{'Idle': 13.99537037037037}
UartTxTask,174243,174245,1120793.962962963,1120816.3240740742,22.36111111111111,"{'TelemetryTask': 22.36111111111111, 'UartTxTask': 1.3797371475784866e-10}"
UartTxTask,174249,174250,1121535.1342592593,1121549.587962963,14.453703703703704,{'Idle': 14.453703703703704}
TelemetryTask,174254,174255,1128632.9675925926,1128647.1342592593,14.166666666666666,{'Idle': 14.166666666666666}
UartTxTask,174257,174259,1130793.625,1130815.9444444445,22.319444444444443,{'TelemetryTask': 22.319444444444443}
UartTxTask,174263,174264,1131534.8333333333,1131549.4444444445,14.61111111111111,{'Idle': 14.611111111249084}
TelemetryTask,174268,174269,1138633.0277777778,1138647.0462962964,14.018518518518519,"{'Idle': 14.018518518518519, 'TelemetryTask': 1.3797371475784866e-10}"
UartTxTask,174271,174273,1140794.5740740742,1140816.8842592593,22.310185185185187,{'TelemetryTask': 22.31018518504721}
UartTxTask,174277,174278,1141536.0509259258,1141550.8101851852,14.75925925925926,{'Idle': 14.759259259397233}
TelemetryTask,174282,174283,1148633.0324074074,1148647.0648148148,14.032407407407407,{'Idle': 14.032407407407407}
UartTxTask,174285,174287,1150793.1990740742,1150815.5833333333,22.38425925925926,{'TelemetryTask': 22.384259258983313}
UartTxTask,174291,174292,1151534.4212962964,1151549.0925925926,14.671296296296296,{'Idle': 14.671296296158323}
TelemetryTask,174296,174297,1158632.9583333333,1158647.388888889,14.430555555555555,"{'Idle': 14.430555555693529, 'TelemetryTask': 1.3797371475784866e-10}"
UartTxTask,174299,174301,1160793.5416666667,1160815.5787037036,22.037037037037038,{'TelemetryTask': 22.037037036761088}
UartTxTask,174305,174306,1161534.2175925926,1161549.1203703703,14.902777777777779,{'Idle': 14.902777777777779}
TelemetryTask,174310,174311,1168633.148148148,1168646.9722222222,13.824074074074074,{'Idle': 13.824074074074074}
UartTxTask,174313,174315,1170793.513888889,1170815.611111111,22.09722222222222,{'TelemetryTask': 22.097222221946275}
UartTxTask,174319,174320,1171534.6342592593,1171549.8009259258,15.166666666666666,{'Idle': 15.166666666528693}
TelemetryTask,174324,174325,1178633.0462962964,1178646.912037037,13.86574074074074,{'Idle': 13.865740740602767}
UartTxTask,174327,174329,1180793.5972222222,1180815.6851851852,22.087962962962962,{'TelemetryTask': 22.087962962962962}
UartTxTask,174333,174334,1181534.3240740742,1181548.9351851852,14.61111111111111,{'Idle': 14.611111110973138}
TelemetryTask,174338,174339,1188633.162037037,1188647.2407407407,14.078703703703704,{'Idle': 14.078703703703704}
UartTxTask,174341,174343,1190794.4675925926,1190817.023148148,22.555555555555557,{'TelemetryTask': 22.555555555555557}
UartTxTask,174347,174348,1191535.9305555555,1191550.5509259258,14.62037037037037,{'Idle': 14.620370370232397}
TelemetryTask,174352,174353,1198632.9398148148,1198646.7083333333,13.768518518518519,{'Idle': 13.768518518380544}
UartTxTask,174355,174357,1200793.888888889,1200815.986111111,22.09722222222222,{'TelemetryTask': 22.097222221946275}
UartTxTask,174361,174362,1201534.712962963,1201549.648148148,14.935185185185185,{'Idle': 14.935185185185185}
TelemetryTask,174366,174367,1208633.1157407407,1208647.337962963,14.222222222222221,{'Idle': 14.222222222222221}
UartTxTask,174369,174371,1210793.8101851852,1210816.2824074074,22.47222222222222,{'TelemetryTask': 22.47222222222222}
UartTxTask,174375,174376,1211534.912037037,1211549.388888889,14.476851851851851,"{'Idle': 14.476851851851851, 'UartTxTask': 1.3797371475784866e-10}"
TelemetryTask,174380,174381,1218633.0787037036,1218647.2083333333,14.12962962962963,{'Idle': 14.12962962962963}
UartTxTask,174383,174385,1220793.3333333333,1220814.962962963,21.62962962962963,{'TelemetryTask': 21.629629629767603}
UartTxTask,174389,174390,1221533.7546296297,1221548.6851851852,14.930555555555555,{'Idle': 14.930555555555555}
TelemetryTask,174394,174395,1228633.1712962964,1228647.388888889,14.217592592592593,"{'Idle': 14.217592592454618, 'TelemetryTask': 1.3797371475784866e-10}"
UartTxTask,174397,174399,1230794.8796296297,1230816.7546296297,21.875,{'TelemetryTask': 21.875}
UartTxTask,174403,174404,1231536.1759259258,1231551.1712962964,14.99537037037037,"{'Idle': 14.995370370508343, 'UartTxTask': 1.3797371475784866e-10}"
TelemetryTask,174408,174409,1238633.0648148148,1238646.9537037036,13.88888888888889,{'Idle': 13.888888888750914}
UartTxTask,174411,174413,1240793.4583333333,1240815.7453703703,22.287037037037038,{'TelemetryTask': 22.28703703717501}
UartTxTask,174417,174418,1241534.7222222222,1241549.4814814816,14.75925925925926,"{'Idle': 14.75925925925926, 'UartTxTask': 1.3797371475784866e-10}"
ButtonTask,174424,174426,1245324.2175925926,1245339.0462962964,14.828703703703704,"{'ISR#56': 5.717592592592593, 'Scheduler': 9.11111111111111}"
UartTxTask,174429,174431,1245459.486111111,1245488.9907407407,29.50462962962963,{'ButtonTask': 29.50462962962963}
UartTxTask,174435,174436,1246207.8333333333,1246217.2685185184,9.435185185185185,{'Idle': 9.435185185185185}
TelemetryTask,174440,174441,1248633.1898148148,1248647.4259259258,14.23611111111111,{'Idle': 14.23611111111111}
UartTxTask,174443,174445,1250794.462962963,1250816.7685185184,22.305555555555557,{'TelemetryTask': 22.305555555555557}
UartTxTask,174449,174450,1251535.476851852,1251550.2222222222,14.74537037037037,{'Idle': 14.74537037037037}
TelemetryTask,174454,174455,1258632.8842592593,1258646.7453703703,13.86111111111111,{'Idle': 13.86111111111111}
UartTxTask,174457,174459,1260793.3425925926,1260815.6064814816,22.26388888888889,{'TelemetryTask': 22.26388888888889}
UartTxTask,174463,174464,1261534.8796296297,1261549.75,14.87037037037037,{'Idle': 14.87037037037037}
TelemetryTask,174468,174469,1268633.0324074074,1268647.361111111,14.328703703703704,{'Idle': 14.328703703703704}
UartTxTask,174471,174473,1270794.8287037036,1270816.6944444445,21.86574074074074,{'TelemetryTask': 21.86574074074074}
UartTxTask,174477,174478,1271536.013888889,1271550.8009259258,14.787037037037036,{'Idle': 14.787037037037036}
TelemetryTask,174482,174483,1278633.0555555555,1278646.763888889,13.708333333333334,{'Idle': 13.708333333333334}
UartTxTask,174485,174487,1280793.4675925926,1280815.5972222222,22.12962962962963,{'TelemetryTask': 22.12962962962963}
UartTxTask,174491,174492,1281534.4074074074,1281549.3703703703,14.962962962962964,{'Idle': 14.962962962962964}
TelemetryTask,174496,174497,1288633.1944444445,1288647.1203703703,13.925925925925926,{'Idle': 13.925925925925926}
UartTxTask,174499,174501,1290793.4814814816,1290815.4953703703,22.01388888888889,{'TelemetryTask': 22.013888888888886}
UartTxTask,174505,174506,1291533.9953703703,1291548.5509259258,14.555555555555555,{'Idle': 14.555555555555555}
TelemetryTask,174510,174511,1298633.0833333333,1298647.2037037036,14.12037037037037,{'Idle': 14.12037037037037}
UartTxTask,174513,174515,1300793.087962963,1300814.8148148148,21.72685185185185,{'TelemetryTask': 21.726851851851855}
UartTxTask,174519,174520,1301533.7407407407,1301548.625,14.88425925925926,{'Idle': 14.88425925925926}
TelemetryTask,174524,174525,1308633.0740740742,1308647.0092592593,13.935185185185185,{'Idle': 13.935185185185185}
UartTxTask,174527,174529,1310793.1296296297,1310815.5925925926,22.462962962962962,{'TelemetryTask': 22.462962962962962}
UartTxTask,174533,174534,1311534.3333333333,1311549.0046296297,14.671296296296296,{'Idle': 14.671296296296296}
TelemetryTask,174538,174539,1318633.0648148148,1318647.4212962964,14.356481481481481,{'Idle': 14.356481481481481}
UartTxTask,174541,174543,1320793.3425925926,1320815.5740740742,22.23148148148148,{'TelemetryTask': 22.23148148148148}
UartTxTask,174547,174548,1321534.337962963,1321548.6527777778,14.314814814814815,{'Idle': 14.314814814814815}
TelemetryTask,174552,174553,1328632.8472222222,1328646.8703703703,14.023148148148149,{'Idle': 14.023148148148149}
UartTxTask,174555,174557,1330793.3333333333,1330815.3842592593,22.050925925925927,{'TelemetryTask': 22.050925925925924}
UartTxTask,174561,174562,1331534.0,1331548.7546296297,14.75462962962963,{'Idle': 14.75462962962963}
TelemetryTask,174566,174567,1338633.0648148148,1338647.3703703703,14.305555555555555,{'Idle': 14.305555555555555}
UartTxTask,174569,174571,1340794.2824074074,1340816.726851852,22.444444444444443,{'TelemetryTask': 22.444444444444443}
UartTxTask,174575,174576,1341535.2777777778,1341550.1342592593,14.856481481481481,{'Idle': 14.856481481481481}
TelemetryTask,174580,174581,1348633.0694444445,1348647.1944444445,14.125,{'Idle': 14.125}
UartTxTask,174583,174585,1350793.1064814816,1350815.4027777778,22.296296296296298,{'TelemetryTask': 22.296296296296298}
UartTxTask,174589,174590,1351534.3333333333,1351548.8101851852,14.476851851851851,{'Idle': 14.476851851851851}
TelemetryTask,174594,174595,1358633.1435185184,1358647.1527777778,14.00925925925926,{'Idle': 14.00925925925926}
UartTxTask,174597,174599,1360794.4212962964,1360816.7685185184,22.34722222222222,{'TelemetryTask': 22.34722222222222}
UartTxTask,174603,174604,1361535.6296296297,1361550.5555555555,14.925925925925926,{'Idle': 14.925925925925926}
TelemetryTask,174608,174609,1368633.0648148148,1368647.013888889,13.949074074074074,{'Idle': 13.949074074074074}
UartTxTask,174611,174613,1370794.4398148148,1370816.3009259258,21.86111111111111,{'TelemetryTask': 21.86111111111111}
UartTxTask,174617,174618,1371535.3287037036,1371550.25,14.921296296296296,{'Idle': 14.921296296296296}
TelemetryTask,174622,174623,1378633.1157407407,1378647.1805555555,14.064814814814815,{'Idle': 14.064814814814815}
UartTxTask,174625,174627,1380793.6203703703,1380815.6712962964,22.050925925925927,{'TelemetryTask': 22.050925925925924}
UartTxTask,174631,174632,1381535.0925925926,1381549.861111111,14.768518518518519,{'Idle': 14.768518518518519}
TelemetryTask,174636,174637,1388633.2222222222,1388647.1759259258,13.953703703703704,{'Idle': 13.953703703703704}
UartTxTask,174639,174641,1390794.5833333333,1390816.7962962964,22.212962962962962,{'TelemetryTask': 22.212962962962962}
UartTxTask,174645,174646,1391535.5833333333,1391550.162037037,14.578703703703704,{'Idle': 14.578703703703704}
TelemetryTask,174650,174651,1398633.0787037036,1398647.486111111,14.407407407407407,{'Idle': 14.407407407407407}
UartTxTask,174653,174655,1400795.1203703703,1400817.1712962964,22.050925925925927,{'TelemetryTask': 22.050925925925927}
UartTxTask,174659,174660,1401536.4398148148,1401551.2453703703,14.805555555555555,{'Idle': 14.805555555555555}
TelemetryTask,174664,174665,1408633.0694444445,1408646.9305555555,13.86111111111111,{'Idle': 13.86111111111111}
UartTxTask,174667,174669,1410793.7777777778,1410815.7916666667,22.01388888888889,{'TelemetryTask': 22.013888888888886}
UartTxTask,174673,174674,1411534.4675925926,1411549.1342592593,14.666666666666666,{'Idle': 14.666666666666666}
TelemetryTask,174678,174679,1418633.0,1418647.087962963,14.087962962962964,{'Idle': 14.087962962962964}
UartTxTask,174681,174683,1420793.273148148,1420815.5324074074,22.25925925925926,{'TelemetryTask': 22.25925925925926}
UartTxTask,174687,174688,1421534.875,1421549.4907407407,14.61574074074074,{'Idle': 14.61574074074074}
TelemetryTask,174692,174693,1428632.9814814816,1428647.0509259258,14.069444444444445,{'Idle': 14.069444444444445}
UartTxTask,174695,174697,1430794.0,1430816.037037037,22.037037037037038,{'TelemetryTask': 22.037037037037038}
UartTxTask,174701,174702,1431534.7083333333,1431549.6435185184,14.935185185185185,{'Idle': 14.935185185185185}
TelemetryTask,174706,174707,1438633.111111111,1438647.162037037,14.050925925925926,{'Idle': 14.050925925925926}
UartTxTask,174709,174711,1440793.6990740742,1440816.138888889,22.439814814814813,{'TelemetryTask': 22.439814814814817}
UartTxTask,174715,174716,1441534.5416666667,1441549.1435185184,14.601851851851851,{'Idle': 14.601851851851851}
TelemetryTask,174720,174721,1448632.962962963,1448647.0277777778,14.064814814814815,{'Idle': 14.064814814814815}
UartTxTask,174723,174725,1450793.2314814816,1450815.75,22.51851851851852,{'TelemetryTask': 22.51851851851852}
UartTxTask,174729,174730,1451535.2777777778,1451549.7083333333,14.430555555555555,{'Idle': 14.430555555555555}
TelemetryTask,174734,174735,1458632.9583333333,1458646.9583333333,14.0,{'Idle': 14.0}
UartTxTask,174737,174739,1460792.6296296297,1460814.375,21.74537037037037,{'TelemetryTask': 21.74537037037037}
UartTxTask,174743,174744,1461532.9398148148,1461547.662037037,14.722222222222221,{'Idle': 14.722222222222221}
TelemetryTask,174748,174749,1468633.0601851852,1468646.8564814816,13.796296296296296,{'Idle': 13.796296296296296}
UartTxTask,174751,174753,1470793.3703703703,1470815.611111111,22.24074074074074,{'TelemetryTask': 22.24074074074074}
UartTxTask,174757,174758,1471534.4675925926,1471548.9722222222,14.50462962962963,{'Idle': 14.50462962962963}
TelemetryTask,174762,174763,1478633.148148148,1478647.2222222222,14.074074074074074,{'Idle': 14.074074074074074}
UartTxTask,174765,174767,1480794.4953703703,1480816.7083333333,22.212962962962962,{'TelemetryTask': 22.212962962962962}
UartTxTask,174771,174772,1481535.412037037,1481550.1157407407,14.703703703703704,{'Idle': 14.703703703703704}
TelemetryTask,174776,174777,1488633.037037037,1488646.8935185184,13.856481481481481,{'Idle': 13.856481481481481}
UartTxTask,174779,174781,1490793.523148148,1490815.75,22.22685185185185,{'TelemetryTask': 22.226851851851855}
UartTxTask,174785,174786,1491534.712962963,1491549.712962963,15.0,{'Idle': 15.0}
TelemetryTask,174790,174791,1498633.0185185184,1498647.1296296297,14.11111111111111,{'Idle': 14.11111111111111}
UartTxTask,174793,174795,1500793.5925925926,1500815.712962963,22.12037037037037,{'TelemetryTask': 22.12037037037037}
UartTxTask,174799,174800,1501534.3935185184,1501549.3333333333,14.939814814814815,{'Idle': 14.939814814814815}
TelemetryTask,174804,174805,1508633.087962963,1508647.0416666667,13.953703703703704,{'Idle': 13.953703703703704}
UartTxTask,174807,174809,1510793.3842592593,1510815.9814814816,22.59722222222222,{'TelemetryTask': 22.59722222222222}
UartTxTask,174813,174814,1511534.3564814816,1511549.1435185184,14.787037037037036,{'Idle': 14.787037037037036}
TelemetryTask,174818,174819,1518633.0509259258,1518646.9074074074,13.856481481481481,{'Idle': 13.856481481481481}
UartTxTask,174821,174823,1520793.037037037,1520815.0277777778,21.99074074074074,{'TelemetryTask': 21.99074074074074}
UartTxTask,174827,174828,1521533.7962962964,1521548.6435185184,14.847222222222221,{'Idle': 14.847222222222221}
TelemetryTask,174832,174833,1528633.023148148,1528647.138888889,14.11574074074074,{'Idle': 14.11574074074074}
UartTxTask,174835,174837,1530793.287037037,1530815.4675925926,22.180555555555557,{'TelemetryTask': 22.180555555555557}
UartTxTask,174841,174842,1531533.986111111,1531548.7453703703,14.75925925925926,{'Idle': 14.75925925925926}
TelemetryTask,174846,174847,1538632.9444444445,1538646.9675925926,14.023148148148149,{'Idle': 14.023148148148149}
UartTxTask,174849,174851,1540793.962962963,1540816.337962963,22.375,{'TelemetryTask': 22.375}
UartTxTask,174855,174856,1541535.2546296297,1541549.7546296297,14.5,{'Idle': 14.5}
TelemetryTask,174860,174861,1548633.0694444445,1548647.4166666667,14.347222222222221,{'Idle': 14.347222222222221}
UartTxTask,174863,174865,1550793.8935185184,1550815.8657407407,21.97222222222222,{'TelemetryTask': 21.97222222222222}
UartTxTask,174869,174870,1551534.7407407407,1551549.787037037,15.046296296296296,{'Idle': 15.046296296296296}
TelemetryTask,174874,174875,1558632.9351851852,1558647.6064814816,14.671296296296296,{'Idle': 14.671296296296296}
UartTxTask,174877,174879,1560794.2175925926,1560816.3472222222,22.12962962962963,{'TelemetryTask': 22.12962962962963}
UartTxTask,174883,174884,1561534.9675925926,1561549.523148148,14.555555555555555,{'Idle': 14.555555555555555}
TelemetryTask,174888,174889,1568633.0740740742,1568646.9583333333,13.88425925925926,{'Idle': 13.88425925925926}
UartTxTask,174891,174893,1570793.6712962964,1570815.8842592593,22.212962962962962,{'TelemetryTask': 22.212962962962962}
UartTxTask,174897,174898,1571534.9259259258,1571549.5601851852,14.63425925925926,{'Idle': 14.63425925925926}
TelemetryTask,174902,174903,1578633.0555555555,1578647.162037037,14.106481481481481,{'Idle': 14.106481481481481}
UartTxTask,174905,174907,1580792.9398148148,1580814.7222222222,21.78240740740741,{'TelemetryTask': 21.782407407407405}
UartTxTask,174911,174912,1581533.3703703703,1581547.8657407407,14.49537037037037,{'Idle': 14.49537037037037}
TelemetryTask,174916,174917,1588632.912037037,1588646.7453703703,13.833333333333334,{'Idle': 13.833333333333334}
UartTxTask,174919,174921,1590793.0925925926,1590815.6157407407,22.52314814814815,{'TelemetryTask': 22.523148148148145}
UartTxTask,174925,174926,1591534.3148148148,1591549.1805555555,14.86574074074074,{'Idle': 14.86574074074074}
TelemetryTask,174930,174931,1598633.148148148,1598646.9212962964,13.773148148148149,{'Idle': 13.773148148148149}
UartTxTask,174933,174935,1600793.4907407407,1600816.0046296297,22.51388888888889,{'TelemetryTask': 22.51388888888889}
UartTxTask,174939,174940,1601534.787037037,1601549.4166666667,14.62962962962963,{'Idle': 14.62962962962963}
TelemetryTask,174944,174945,1608633.111111111,1608646.8796296297,13.768518518518519,{'Idle': 13.768518518518519}
UartTxTask,174947,174949,1610794.4722222222,1610816.6759259258,22.203703703703702,{'TelemetryTask': 22.203703703703702}
UartTxTask,174953,174954,1611535.8333333333,1611550.5324074074,14.699074074074074,{'Idle': 14.699074074074074}
TelemetryTask,174958,174959,1618633.1064814816,1618647.0185185184,13.912037037037036,{'Idle': 13.912037037037036}
UartTxTask,174961,174963,1620793.8101851852,1620815.9259259258,22.11574074074074,{'TelemetryTask': 22.11574074074074}
UartTxTask,174967,174968,1621535.5046296297,1621550.412037037,14.907407407407407,{'Idle': 14.907407407407407}
TelemetryTask,174972,174973,1628633.148148148,1628647.037037037,13.88888888888889,{'Idle': 13.88888888888889}
UartTxTask,174975,174977,1630794.1157407407,1630816.763888889,22.64814814814815,{'TelemetryTask': 22.64814814814815}
UartTxTask,174981,174982,1631535.4490740742,1631550.2824074074,14.833333333333334,{'Idle': 14.833333333333334}
TelemetryTask,174986,174987,1638633.087962963,1638647.3796296297,14.291666666666666,{'Idle': 14.291666666666666}
UartTxTask,174989,174991,1640794.0787037036,1640816.263888889,22.185185185185187,{'TelemetryTask': 22.185185185185183}
UartTxTask,174995,174996,1641535.2175925926,1641550.2037037036,14.98611111111111,{'Idle': 14.98611111111111}
TelemetryTask,175000,175001,1648633.226851852,1648647.3472222222,14.12037037037037,{'Idle': 14.12037037037037}
UartTxTask,175003,175005,1650793.7222222222,1650815.8472222222,22.125,{'TelemetryTask': 22.125}
UartTxTask,175009,175010,1651534.7407407407,1651549.398148148,14.657407407407407,{'Idle': 14.657407407407407}
TelemetryTask,175014,175015,1658633.0694444445,1658646.888888889,13.819444444444445,{'Idle': 13.819444444444445}
UartTxTask,175017,175019,1660793.6296296297,1660815.6944444445,22.064814814814813,{'TelemetryTask': 22.064814814814817}
UartTxTask,175023,175024,1661534.2314814816,1661549.0046296297,14.773148148148149,{'Idle': 14.773148148148149}
TelemetryTask,175028,175029,1668633.0416666667,1668647.2083333333,14.166666666666666,{'Idle': 14.166666666666666}
UartTxTask,175031,175033,1670793.9074074074,1670816.0648148148,22.15740740740741,{'TelemetryTask': 22.157407407407405}
UartTxTask,175037,175038,1671535.2777777778,1671550.1712962964,14.893518518518519,{'Idle': 14.893518518518519}
TelemetryTask,175042,175043,1678633.0462962964,1678646.7962962964,13.75,{'Idle': 13.75}
UartTxTask,175045,175047,1680793.773148148,1680815.875,22.10185185185185,{'TelemetryTask': 22.10185185185185}
UartTxTask,175051,175052,1681534.6203703703,1681549.3148148148,14.694444444444445,{'Idle': 14.694444444444445}
TelemetryTask,175056,175057,1688632.9583333333,1688647.236111111,14.277777777777779,{'Idle': 14.277777777777779}
UartTxTask,175059,175061,1690794.0555555555,1690816.462962963,22.40740740740741,{'TelemetryTask': 22.407407407407405}
UartTxTask,175065,175066,1691535.7962962964,1691550.3472222222,14.550925925925926,{'Idle': 14.550925925925926}
TelemetryTask,175070,175071,1698633.0740740742,1698646.8657407407,13.791666666666666,{'Idle': 13.791666666666666}
UartTxTask,175073,175075,1700793.9166666667,1700815.7083333333,21.791666666666668,{'TelemetryTask': 21.791666666666664}
UartTxTask,175079,175080,1701534.7037037036,1701549.5740740742,14.87037037037037,{'Idle': 14.87037037037037}
TelemetryTask,175084,175085,1708633.0046296297,1708647.1527777778,14.148148148148149,{'Idle': 14.148148148148149}
UartTxTask,175087,175089,1710794.0092592593,1710816.337962963,22.328703703703702,{'TelemetryTask': 22.328703703703702}
UartTxTask,175093,175094,1711535.2037037036,1711549.8935185184,14.689814814814815,{'Idle': 14.689814814814815}
TelemetryTask,175098,175099,1718633.0740740742,1718647.4907407407,14.416666666666666,{'Idle': 14.416666666666666}
UartTxTask,175101,175103,1720794.398148148,1720816.6342592593,22.23611111111111,{'TelemetryTask': 22.236111111111114}
UartTxTask,175107,175108,1721535.4907407407,1721550.162037037,14.671296296296296,{'Idle': 14.671296296296296}
TelemetryTask,175112,175113,1728632.9305555555,1728646.8009259258,13.87037037037037,{'Idle': 13.87037037037037}
UartTxTask,175115,175117,1730793.8564814816,1730815.9351851852,22.078703703703702,{'TelemetryTask': 22.078703703703702}
UartTxTask,175121,175122,1731535.0324074074,1731549.4444444445,14.412037037037036,{'Idle': 14.412037037037036}
TelemetryTask,175126,175127,1738633.1435185184,1738647.412037037,14.268518518518519,{'Idle': 14.268518518518519}
UartTxTask,175129,175131,1740794.6990740742,1740816.6851851852,21.98611111111111,{'TelemetryTask': 21.986111111111114}
UartTxTask,175135,175136,1741535.476851852,1741550.2962962964,14.819444444444445,{'Idle': 14.819444444444445}
TelemetryTask,175140,175141,1748633.125,1748647.212962963,14.087962962962964,{'Idle': 14.087962962962964}
UartTxTask,175143,175145,1750793.625,1750815.8842592593,22.25925925925926,{'TelemetryTask': 22.25925925925926}
UartTxTask,175149,175150,1751535.013888889,1751549.851851852,14.837962962962964,{'Idle': 14.837962962962964}
TelemetryTask,175154,175155,1758633.0601851852,1758647.1759259258,14.11574074074074,{'Idle': 14.11574074074074}
UartTxTask,175157,175159,1760794.1157407407,1760815.875,21.75925925925926,{'TelemetryTask': 21.75925925925926}
UartTxTask,175163,175164,1761534.5694444445,1761549.1712962964,14.601851851851851,{'Idle': 14.601851851851851}
TelemetryTask,175168,175169,1768633.0648148148,1768647.0092592593,13.944444444444445,{'Idle': 13.944444444444445}
UartTxTask,175171,175173,1770793.3148148148,1770815.5185185184,22.203703703703702,{'TelemetryTask': 22.203703703703702}
UartTxTask,175177,175178,1771533.9490740742,1771548.8564814816,14.907407407407407,{'Idle': 14.907407407407407}
TelemetryTask,175182,175183,1778633.162037037,1778647.1342592593,13.972222222222221,{'Idle': 13.972222222222221}
UartTxTask,175185,175187,1780793.6759259258,1780815.787037037,22.11111111111111,{'TelemetryTask': 22.111111111111114}
UartTxTask,175191,175192,1781534.875,1781549.5648148148,14.689814814814815,{'Idle': 14.689814814814815}
TelemetryTask,175196,175197,1788633.1157407407,1788647.4537037036,14.337962962962964,{'Idle': 14.337962962962964}
UartTxTask,175199,175201,1790795.4398148148,1790817.601851852,22.162037037037038,{'TelemetryTask': 22.162037037037038}
UartTxTask,175205,175206,1791536.398148148,1791551.148148148,14.75,{'Idle': 14.75}
TelemetryTask,175210,175211,1798632.9583333333,1798646.8564814816,13.898148148148149,{'Idle': 13.898148148148149}
UartTxTask,175213,175215,1800793.75,1800816.2314814816,22.48148148148148,{'TelemetryTask': 22.48148148148148}
UartTxTask,175219,175220,1801535.111111111,1801549.513888889,14.402777777777779,{'Idle': 14.402777777777779}
TelemetryTask,175224,175225,1808633.013888889,1808647.2592592593,14.24537037037037,{'Idle': 14.24537037037037}
UartTxTask,175227,175229,1810793.851851852,1810815.8333333333,21.98148148148148,{'TelemetryTask': 21.98148148148148}
UartTxTask,175233,175234,1811534.2407407407,1811549.1157407407,14.875,{'Idle': 14.875}
TelemetryTask,175238,175239,1818633.0092592593,1818647.1574074074,14.148148148148149,{'Idle': 14.148148148148149}
UartTxTask,175241,175243,1820793.513888889,1820815.476851852,21.962962962962962,{'TelemetryTask': 21.962962962962962}
UartTxTask,175247,175248,1821534.0416666667,1821548.7962962964,14.75462962962963,{'Idle': 14.75462962962963}
TelemetryTask,175252,175253,1828632.9398148148,1828646.898148148,13.958333333333334,{'Idle': 13.958333333333334}
UartTxTask,175255,175257,1830793.8935185184,1830816.0740740742,22.180555555555557,{'TelemetryTask': 22.180555555555557}
UartTxTask,175261,175262,1831534.6851851852,1831549.2546296297,14.569444444444445,{'Idle': 14.569444444444445}
TelemetryTask,175266,175267,1838633.0046296297,1838647.2453703703,14.24074074074074,{'Idle': 14.24074074074074}
UartTxTask,175269,175271,1840793.8842592593,1840816.4444444445,22.560185185185187,{'TelemetryTask': 22.560185185185183}
UartTxTask,175275,175276,1841535.5833333333,1841550.3472222222,14.76388888888889,{'Idle': 14.76388888888889}
TelemetryTask,175280,175281,1848632.9583333333,1848646.5787037036,13.62037037037037,{'Idle': 13.62037037037037}
UartTxTask,175283,175285,1850793.5787037036,1850815.9305555555,22.35185185185185,{'TelemetryTask': 22.35185185185185}
UartTxTask,175289,175290,1851534.5324074074,1851549.375,14.842592592592593,{'Idle': 14.842592592592593}
TelemetryTask,175294,175295,1858633.1435185184,1858647.601851852,14.458333333333334,{'Idle': 14.458333333333334}
UartTxTask,175297,175299,1860794.7037037036,1860817.3703703703,22.666666666666668,{'TelemetryTask': 22.666666666666664}
UartTxTask,175303,175304,1861536.462962963,1861550.7037037036,14.24074074074074,{'Idle': 14.24074074074074}
TelemetryTask,175308,175309,1868632.9722222222,1868646.8333333333,13.86111111111111,{'Idle': 13.86111111111111}
UartTxTask,175311,175313,1870793.4444444445,1870815.6574074074,22.212962962962962,{'TelemetryTask': 22.212962962962962}
UartTxTask,175317,175318,1871534.138888889,1871549.0601851852,14.921296296296296,{'Idle': 14.921296296296296}
TelemetryTask,175322,175323,1878633.1527777778,1878647.2777777778,14.125,{'Idle': 14.125}
UartTxTask,175325,175327,1880794.412037037,1880816.4953703703,22.083333333333332,{'TelemetryTask': 22.083333333333332}
UartTxTask,175331,175332,1881535.6296296297,1881550.2685185184,14.63888888888889,{'Idle': 14.63888888888889}
TelemetryTask,175336,175337,1888633.1435185184,1888647.087962963,13.944444444444445,{'Idle': 13.944444444444445}
UartTxTask,175339,175341,1890793.3333333333,1890815.537037037,22.203703703703702,{'TelemetryTask': 22.203703703703702}
UartTxTask,175345,175346,1891534.7546296297,1891549.4212962964,14.666666666666666,{'Idle': 14.666666666666666}
TelemetryTask,175350,175351,1898633.148148148,1898647.1851851852,14.037037037037036,{'Idle': 14.037037037037036}
UartTxTask,175353,175355,1900793.8009259258,1900815.8194444445,22.01851851851852,{'TelemetryTask': 22.01851851851852}
UartTxTask,175359,175360,1901534.4537037036,1901549.6296296297,15.175925925925926,{'Idle': 15.175925925925926}
TelemetryTask,175364,175365,1908632.976851852,1908646.8101851852,13.833333333333334,{'Idle': 13.833333333333334}
UartTxTask,175367,175369,1910794.412037037,1910816.5092592593,22.09722222222222,{'TelemetryTask': 22.09722222222222}
UartTxTask,175373,175374,1911535.0046296297,1911550.0740740742,15.069444444444445,{'Idle': 15.069444444444445}
TelemetryTask,175378,175379,1918633.162037037,1918647.1712962964,14.00925925925926,{'Idle': 14.00925925925926}
UartTxTask,175381,175383,1920794.25,1920816.4814814816,22.23148148148148,{'TelemetryTask': 22.23148148148148}
UartTxTask,175387,175388,1921535.3657407407,1921550.1712962964,14.805555555555555,{'Idle': 14.805555555555555}
TelemetryTask,175392,175393,1928633.0324074074,1928647.0462962964,14.01388888888889,{'Idle': 14.01388888888889}
UartTxTask,175395,175397,1930793.6898148148,1930816.0925925926,22.40277777777778,{'TelemetryTask': 22.40277777777778}
UartTxTask,175401,175402,1931535.2453703703,1931549.8564814816,14.61111111111111,{'Idle': 14.61111111111111}
TelemetryTask,175406,175407,1938632.976851852,1938647.0972222222,14.12037037037037,{'Idle': 14.12037037037037}
UartTxTask,175409,175411,1940794.412037037,1940816.3842592593,21.97222222222222,{'TelemetryTask': 21.97222222222222}
UartTxTask,175415,175416,1941535.388888889,1941550.023148148,14.63425925925926,{'Idle': 14.63425925925926}
TelemetryTask,175420,175421,1948633.0185185184,1948647.2407407407,14.222222222222221,{'Idle': 14.222222222222221}
UartTxTask,175423,175425,1950794.023148148,1950815.9814814816,21.958333333333332,{'TelemetryTask': 21.958333333333336}
UartTxTask,175429,175430,1951535.037037037,1951549.6064814816,14.569444444444445,{'Idle': 14.569444444444445}
TelemetryTask,175434,175435,1958633.0601851852,1958647.5833333333,14.523148148148149,{'Idle': 14.523148148148149}
UartTxTask,175437,175439,1960793.6898148148,1960815.8472222222,22.15740740740741,{'TelemetryTask': 22.157407407407405}
UartTxTask,175443,175444,1961534.6435185184,1961549.1203703703,14.476851851851851,{'Idle': 14.476851851851851}
TelemetryTask,175448,175449,1968633.111111111,1968647.0,13.88888888888889,{'Idle': 13.88888888888889}
UartTxTask,175451,175453,1970793.861111111,1970816.1296296297,22.26851851851852,{'TelemetryTask': 22.26851851851852}
UartTxTask,175457,175458,1971534.9074074074,1971549.6064814816,14.699074074074074,{'Idle': 14.699074074074074}
TelemetryTask,175462,175463,1978632.9814814816,1978647.0925925926,14.11111111111111,{'Idle': 14.11111111111111}
UartTxTask,175465,175467,1980793.6435185184,1980815.9305555555,22.287037037037038,{'TelemetryTask': 22.287037037037038}
UartTxTask,175471,175472,1981534.5925925926,1981549.1990740742,14.606481481481481,{'Idle': 14.606481481481481}
TelemetryTask,175476,175477,1988633.2175925926,1988647.2824074074,14.064814814814815,{'Idle': 14.064814814814815}
UartTxTask,175479,175481,1990794.523148148,1990817.138888889,22.61574074074074,{'TelemetryTask': 22.61574074074074}
UartTxTask,175485,175486,1991536.4398148148,1991551.0833333333,14.643518518518519,{'Idle': 14.643518518518519}
TelemetryTask,175490,175491,1998633.1527777778,1998647.4166666667,14.26388888888889,{'Idle': 14.26388888888889}
UartTxTask,175493,175495,2000794.5972222222,2000816.837962963,22.24074074074074,{'TelemetryTask': 22.24074074074074}
UartTxTask,175499,175500,2001535.9814814816,2001550.8055555555,14.824074074074074,{'Idle': 14.824074074074074}
TelemetryTask,175504,175505,2008633.0555555555,2008646.9444444445,13.88888888888889,{'Idle': 13.88888888888889}
UartTxTask,175507,175509,2010793.3796296297,2010815.2546296297,21.875,{'TelemetryTask': 21.875}
UartTxTask,175513,175514,2011534.5324074074,2011549.5324074074,15.0,{'Idle': 15.0}
TelemetryTask,175518,175519,2018633.125,2018647.0555555555,13.930555555555555,{'Idle': 13.930555555555555}
UartTxTask,175521,175523,2020794.625,2020816.962962963,22.337962962962962,{'TelemetryTask': 22.337962962962962}
UartTxTask,175527,175528,2021535.601851852,2021550.125,14.523148148148149,{'Idle': 14.523148148148149}
TelemetryTask,175532,175533,2028633.0972222222,2028647.3796296297,14.282407407407407,{'Idle': 14.282407407407407}
UartTxTask,175535,175537,2030794.337962963,2030816.4907407407,22.15277777777778,{'TelemetryTask': 22.15277777777778}
UartTxTask,175541,175542,2031535.0833333333,2031549.8564814816,14.773148148148149,{'Idle': 14.773148148148149}
TelemetryTask,175546,175547,2038633.1157407407,2038647.0740740742,13.958333333333334,{'Idle': 13.958333333333334}
UartTxTask,175549,175551,2040793.6435185184,2040815.75,22.10648148148148,{'TelemetryTask': 22.10648148148148}
UartTxTask,175555,175556,2041534.361111111,2041549.486111111,15.125,{'Idle': 15.125}
TelemetryTask,175560,175561,2048633.1064814816,2048647.273148148,14.166666666666666,{'Idle': 14.166666666666666}
UartTxTask,175563,175565,2050793.3842592593,2050815.6759259258,22.291666666666668,{'TelemetryTask': 22.291666666666664}
UartTxTask,175569,175570,2051534.2824074074,2051548.9675925926,14.685185185185185,{'Idle': 14.685185185185185}
TelemetryTask,175574,175575,2058633.1064814816,2058647.0833333333,13.976851851851851,{'Idle': 13.976851851851851}
UartTxTask,175577,175579,2060793.5925925926,2060815.412037037,21.819444444444443,{'TelemetryTask': 21.819444444444443}
UartTxTask,175583,175584,2061534.412037037,2061549.226851852,14.814814814814815,{'Idle': 14.814814814814815}
TelemetryTask,175588,175589,2068633.2453703703,2068647.2962962964,14.050925925925926,{'Idle': 14.050925925925926}
UartTxTask,175591,175593,2070793.6759259258,2070816.226851852,22.550925925925927,{'TelemetryTask': 22.550925925925924}
UartTxTask,175597,175598,2071535.1944444445,2071549.712962963,14.518518518518519,{'Idle': 14.518518518518519}
TelemetryTask,175602,175603,2078632.9907407407,2078646.7175925926,13.726851851851851,{'Idle': 13.726851851851851}
UartTxTask,175605,175607,2080794.1574074074,2080816.2407407407,22.083333333333332,{'TelemetryTask': 22.083333333333336}
UartTxTask,175611,175612,2081535.0416666667,2081549.6851851852,14.643518518518519,{'Idle': 14.643518518518519}
TelemetryTask,175616,175617,2088632.8564814816,2088647.0462962964,14.189814814814815,{'Idle': 14.189814814814815}
UartTxTask,175619,175621,2090794.6064814816,2090816.4953703703,21.88888888888889,{'TelemetryTask': 21.88888888888889}
UartTxTask,175625,175626,2091535.513888889,2091549.7685185184,14.25462962962963,{'Idle': 14.25462962962963}
TelemetryTask,175630,175631,2098633.027777778,2098647.0092592593,13.981481481481481,{'Idle': 13.981481481205535}
UartTxTask,175633,175635,2100793.6666666665,2100815.986111111,22.319444444444443,{'TelemetryTask': 22.319444444720393}
UartTxTask,175639,175640,2101534.597222222,2101548.9814814813,14.38425925925926,{'Idle': 14.384259259535208}
ButtonTask,175646,175648,2105351.175925926,2105366.064814815,14.88888888888889,"{'ISR#56': 5.814814814814815, 'Scheduler': 9.074074074074074}"
UartTxTask,175651,175653,2105486.3703703703,2105516.2685185187,29.89814814814815,{'ButtonTask': 29.898148148148145}
UartTxTask,175657,175658,2106235.5185185187,2106244.712962963,9.194444444444445,"{'Idle': 9.194444444444445, 'UartTxTask': 2.759474295156973e-10}"
TelemetryTask,175662,175663,2108633.060185185,2108647.217592593,14.157407407407407,"{'Idle': 14.157407407407407, 'TelemetryTask': 2.759474295156973e-10}"
UartTxTask,175665,175667,2110794.472222222,2110816.3703703703,21.89814814814815,{'TelemetryTask': 21.8981481484241}
UartTxTask,175671,175672,2111535.486111111,2111550.4305555555,14.944444444444445,{'Idle': 14.944444444444445}
TelemetryTask,175676,175677,2118632.935185185,2118646.7546296297,13.819444444444445,{'Idle': 13.819444444444445}
UartTxTask,175679,175681,2120794.162037037,2120816.6342592593,22.47222222222222,{'TelemetryTask': 22.47222222249817}
UartTxTask,175685,175686,2121535.152777778,2121549.837962963,14.685185185185185,"{'Idle': 14.685185184909237, 'UartTxTask': 2.759474295156973e-10}"
TelemetryTask,175690,175691,2128633.032407407,2128647.1296296297,14.097222222222221,{'Idle': 14.09722222249817}
UartTxTask,175693,175695,2130793.5185185187,2130815.560185185,22.041666666666668,{'TelemetryTask': 22.041666666666668}
UartTxTask,175699,175700,2131534.050925926,2131548.824074074,14.773148148148149,{'Idle': 14.773148148148149}
TelemetryTask,175704,175705,2138633.2083333335,2138647.0694444445,13.86111111111111,{'Idle': 13.861111110835164}
UartTxTask,175707,175709,2140793.175925926,2140815.328703704,22.15277777777778,{'TelemetryTask': 22.15277777777778}
UartTxTask,175713,175714,2141534.087962963,2141548.847222222,14.75925925925926,{'Idle': 14.759259258707365}
TelemetryTask,175718,175719,2148632.986111111,2148646.8518518517,13.86574074074074,{'Idle': 13.865740740464794}
UartTxTask,175721,175723,2150793.3055555555,2150815.6157407407,22.310185185185187,{'TelemetryTask': 22.310185185185183}
UartTxTask,175727,175728,2151534.763888889,2151549.546296296,14.782407407407407,{'Idle': 14.782407407407407}
TelemetryTask,175732,175733,2158633.074074074,2158647.027777778,13.953703703703704,"{'Idle': 13.953703703703704, 'TelemetryTask': 2.759474295156973e-10}"
UartTxTask,175735,175737,2160794.763888889,2160816.8518518517,22.087962962962962,{'TelemetryTask': 22.087962962687016}
UartTxTask,175741,175742,2161536.1018518517,2161550.671296296,14.569444444444445,{'Idle': 14.569444444720393}
TelemetryTask,175746,175747,2168633.1481481483,2168647.111111111,13.962962962962964,{'Idle': 13.962962962687016}
UartTxTask,175749,175751,2170793.810185185,2170816.1157407407,22.305555555555557,{'TelemetryTask': 22.305555555555557}
UartTxTask,175755,175756,2171535.092592593,2171549.810185185,14.717592592592593,{'Idle': 14.717592592316645}
TelemetryTask,175760,175761,2178633.0555555555,2178647.300925926,14.24537037037037,{'Idle': 14.24537037037037}
UartTxTask,175763,175765,2180794.439814815,2180816.157407407,21.71759259259259,{'TelemetryTask': 21.717592592316645}
UartTxTask,175769,175770,2181534.8842592593,2181549.6342592593,14.75,{'Idle': 14.75}
TelemetryTask,175774,175775,2188632.972222222,2188646.9768518517,14.00462962962963,{'Idle': 14.00462962962963}
UartTxTask,175777,175779,2190793.342592593,2190815.921296296,22.578703703703702,{'TelemetryTask': 22.578703703427756}
UartTxTask,175783,175784,2191534.300925926,2191549.1203703703,14.819444444444445,{'Idle': 14.819444444444445}
TelemetryTask,175788,175789,2198633.0046296297,2198646.967592593,13.962962962962964,"{'Idle': 13.962962962962964, 'TelemetryTask': 2.759474295156973e-10}"
UartTxTask,175791,175793,2200793.7916666665,2200815.8564814813,22.064814814814813,{'TelemetryTask': 22.064814815090763}
UartTxTask,175797,175798,2201535.092592593,2201549.953703704,14.86111111111111,{'Idle': 14.861111110835164}
TelemetryTask,175802,175803,2208632.9814814813,2208646.7083333335,13.726851851851851,"{'Idle': 13.726851851851851, 'TelemetryTask': 2.759474295156973e-10}"
UartTxTask,175805,175807,2210793.787037037,2210815.703703704,21.916666666666668,{'TelemetryTask': 21.916666666942614}
UartTxTask,175811,175812,2211534.421296296,2211548.8842592593,14.462962962962964,{'Idle': 14.462962962962964}
TelemetryTask,175816,175817,2218633.027777778,2218647.3842592593,14.356481481481481,{'Idle': 14.356481481205535}
UartTxTask,175819,175821,2220793.8703703703,2220816.092592593,22.22222222222222,"{'TelemetryTask': 22.22222222222222, 'UartTxTask': 2.759474295156973e-10}"
UartTxTask,175825,175826,2221534.597222222,2221549.342592593,14.74537037037037,"{'Idle': 14.745370370646318, 'UartTxTask': 2.759474295156973e-10}"
TelemetryTask,175830,175831,2228633.078703704,2228647.337962963,14.25925925925926,"{'Idle': 14.25925925925926, 'TelemetryTask': 2.759474295156973e-10}"
UartTxTask,175833,175835,2230793.7731481483,2230815.4305555555,21.65740740740741,{'TelemetryTask': 21.65740740713146}
UartTxTask,175839,175840,2231534.347222222,2231549.162037037,14.814814814814815,{'Idle': 14.814814814814815}
TelemetryTask,175844,175845,2238633.0833333335,2238646.9583333335,13.875,"{'Idle': 13.874999999724052, 'TelemetryTask': 2.759474295156973e-10}"
UartTxTask,175847,175849,2240793.842592593,2240815.925925926,22.083333333333332,{'TelemetryTask': 22.083333333057386}
UartTxTask,175853,175854,2241534.777777778,2241549.8703703703,15.092592592592593,{'Idle': 15.092592592316645}
TelemetryTask,175858,175859,2248633.1435185187,2248647.1805555555,14.037037037037036,{'Idle': 14.037037037037036}
UartTxTask,175861,175863,2250794.0694444445,2250816.3796296297,22.310185185185187,{'TelemetryTask': 22.310185185185183}
UartTxTask,175867,175868,2251535.388888889,2251549.8981481483,14.50925925925926,"{'Idle': 14.50925925925926, 'UartTxTask': 2.759474295156973e-10}"
TelemetryTask,175872,175873,2258632.962962963,2258646.8842592593,13.921296296296296,{'Idle': 13.92129629602035}
UartTxTask,175875,175877,2260794.1342592593,2260816.217592593,22.083333333333332,"{'TelemetryTask': 22.083333333333332, 'UartTxTask': 2.759474295156973e-10}"
UartTxTask,175881,175882,2261535.3518518517,2261550.037037037,14.685185185185185,{'Idle': 14.685185185185185}
TelemetryTask,175886,175887,2268633.0,2268647.453703704,14.453703703703704,{'Idle': 14.453703703703704}
UartTxTask,175889,175891,2270795.1296296297,2270817.0555555555,21.925925925925927,{'TelemetryTask': 21.925925925925924}
UartTxTask,175895,175896,2271536.527777778,2271551.078703704,14.550925925925926,{'Idle': 14.55092592564998}
TelemetryTask,175900,175901,2278633.1203703703,2278647.2546296297,14.13425925925926,{'Idle': 14.13425925925926}
UartTxTask,175903,175905,2280794.3981481483,2280816.402777778,22.00462962962963,"{'TelemetryTask': 22.00462962935368, 'UartTxTask': 2.759474295156973e-10}"
UartTxTask,175909,175910,2281534.972222222,2281549.6157407407,14.643518518518519,{'Idle': 14.643518518794467}
TelemetryTask,175914,175915,2288632.935185185,2288647.037037037,14.101851851851851,{'Idle': 14.101851851575905}
UartTxTask,175917,175919,2290794.2453703703,2290816.675925926,22.430555555555557,{'TelemetryTask': 22.430555555555557}
UartTxTask,175923,175924,2291535.171296296,2291550.185185185,15.01388888888889,{'Idle': 15.01388888888889}
TelemetryTask,175928,175929,2298633.203703704,2298647.217592593,14.01388888888889,"{'Idle': 14.01388888888889, 'TelemetryTask': 2.759474295156973e-10}"
UartTxTask,175931,175933,2300795.1157407407,2300817.4768518517,22.36111111111111,{'TelemetryTask': 22.361111110835164}
UartTxTask,175937,175938,2301536.212962963,2301551.138888889,14.925925925925926,{'Idle': 14.92592592564998}
TelemetryTask,175942,175943,2308632.9583333335,2308647.328703704,14.37037037037037,{'Idle': 14.370370370094422}
UartTxTask,175945,175947,2310794.972222222,2310817.222222222,22.25,{'TelemetryTask': 22.25}
UartTxTask,175951,175952,2311536.2731481483,2311551.037037037,14.76388888888889,{'Idle': 14.763888888336995}
TelemetryTask,175956,175957,2318632.9166666665,2318646.537037037,13.62037037037037,{'Idle': 13.62037037037037}
UartTxTask,175959,175961,2320793.0833333335,2320815.277777778,22.194444444444443,"{'TelemetryTask': 22.194444444168496, 'UartTxTask': 2.759474295156973e-10}"
UartTxTask,175965,175966,2321534.2546296297,2321548.800925926,14.546296296296296,{'Idle': 14.546296296296296}
TelemetryTask,175970,175971,2328632.972222222,2328646.986111111,14.01388888888889,{'Idle': 14.013888889164837}
UartTxTask,175973,175975,2330794.337962963,2330816.472222222,22.13425925925926,{'TelemetryTask': 22.134259258707367}
UartTxTask,175979,175980,2331535.347222222,2331549.8796296297,14.532407407407407,{'Idle': 14.532407407683355}
TelemetryTask,175984,175985,2338633.046296296,2338646.8564814813,13.810185185185185,{'Idle': 13.810185185185185}
UartTxTask,175987,175989,2340793.828703704,2340815.6435185187,21.814814814814813,{'TelemetryTask': 21.814814814814817}
UartTxTask,175993,175994,2341534.699074074,2341549.287037037,14.587962962962964,{'Idle': 14.587962962687016}
TelemetryTask,175998,175999,2348632.9305555555,2348647.185185185,14.25462962962963,{'Idle': 14.25462962962963}
UartTxTask,176001,176003,2350794.296296296,2350816.138888889,21.84259259259259,{'TelemetryTask': 21.842592592592595}
UartTxTask,176007,176008,2351535.157407407,2351550.217592593,15.060185185185185,"{'Idle': 15.060185185461133, 'UartTxTask': 2.759474295156973e-10}"
TelemetryTask,176012,176013,2358633.1157407407,2358647.2546296297,14.13888888888889,{'Idle': 14.13888888888889}
UartTxTask,176015,176017,2360794.3333333335,2360816.337962963,22.00462962962963,"{'TelemetryTask': 22.004629629353683, 'UartTxTask': 2.759474295156973e-10}"
UartTxTask,176021,176022,2361535.2592592593,2361549.8842592593,14.625,{'Idle': 14.625}
TelemetryTask,176026,176027,2368633.013888889,2368646.962962963,13.949074074074074,"{'Idle': 13.949074074074074, 'TelemetryTask': 2.759474295156973e-10}"
UartTxTask,176029,176031,2370795.4444444445,2370817.6018518517,22.15740740740741,{'TelemetryTask': 22.15740740713146}
UartTxTask,176035,176036,2371535.902777778,2371550.3657407407,14.462962962962964,{'Idle': 14.462962962687016}
TelemetryTask,176040,176041,2378633.125,2378647.2407407407,14.11574074074074,{'Idle': 14.11574074074074}
UartTxTask,176043,176045,2380793.6342592593,2380816.0694444445,22.435185185185187,{'TelemetryTask': 22.435185185185183}
UartTxTask,176049,176050,2381535.1944444445,2381549.7685185187,14.574074074074074,{'Idle': 14.574074074074074}
TelemetryTask,176054,176055,2388633.092592593,2388646.939814815,13.847222222222221,{'Idle': 13.847222221946275}
UartTxTask,176057,176059,2390794.1203703703,2390816.1805555555,22.060185185185187,{'TelemetryTask': 22.060185185185183}
UartTxTask,176063,176064,2391535.1481481483,2391549.6203703703,14.472222222222221,{'Idle': 14.472222221946275}
TelemetryTask,176068,176069,2398633.1435185187,2398647.185185185,14.041666666666666,{'Idle': 14.041666666666666}
UartTxTask,176071,176073,2400793.967592593,2400815.6944444445,21.72685185185185,{'TelemetryTask': 21.726851851575905}
UartTxTask,176077,176078,2401534.699074074,2401549.388888889,14.689814814814815,{'Idle': 14.689814814814815}
TelemetryTask,176082,176083,2408633.138888889,2408647.185185185,14.046296296296296,{'Idle': 14.046296296296296}
UartTxTask,176085,176087,2410794.4768518517,2410816.8564814813,22.37962962962963,{'TelemetryTask': 22.37962962990558}
UartTxTask,176091,176092,2411535.3842592593,2411550.027777778,14.643518518518519,"{'Idle': 14.643518518518519, 'UartTxTask': 2.759474295156973e-10}"
TelemetryTask,176096,176097,2418633.217592593,2418647.2314814813,14.01388888888889,{'Idle': 14.013888888612941}
UartTxTask,176099,176101,2420794.203703704,2420816.3657407407,22.162037037037038,{'TelemetryTask': 22.162037037037038}
UartTxTask,176105,176106,2421535.2083333335,2421550.046296296,14.837962962962964,{'Idle': 14.837962962687016}
TelemetryTask,176110,176111,2428633.125,2428647.407407407,14.282407407407407,{'Idle': 14.28240740713146}
UartTxTask,176113,176115,2430794.013888889,2430816.0694444445,22.055555555555557,{'TelemetryTask': 22.055555555555557}
UartTxTask,176119,176120,2431534.4814814813,2431549.175925926,14.694444444444445,{'Idle': 14.694444444444445}
TelemetryTask,176124,176125,2438632.9953703703,2438647.027777778,14.032407407407407,"{'Idle': 14.032407407407407, 'TelemetryTask': 2.759474295156973e-10}"
UartTxTask,176127,176129,2440795.087962963,2440817.0046296297,21.916666666666668,{'TelemetryTask': 21.916666666390718}
UartTxTask,176133,176134,2441535.3842592593,2441550.1435185187,14.75925925925926,{'Idle': 14.75925925925926}
TelemetryTask,176138,176139,2448633.097222222,2448647.138888889,14.041666666666666,{'Idle': 14.041666666942614}
UartTxTask,176141,176143,2450793.8703703703,2450815.7407407407,21.87037037037037,{'TelemetryTask': 21.87037037037037}
UartTxTask,176147,176148,2451534.6064814813,2451549.5046296297,14.898148148148149,{'Idle': 14.898148148148149}
TelemetryTask,176152,176153,2458633.1203703703,2458647.2407407407,14.12037037037037,{'Idle': 14.12037037037037}
UartTxTask,176155,176157,2460794.1435185187,2460816.4305555555,22.287037037037038,{'TelemetryTask': 22.287037037037038}
UartTxTask,176161,176162,2461535.217592593,2461550.0185185187,14.800925925925926,{'Idle': 14.80092592564998}
TelemetryTask,176166,176167,2468633.1064814813,2468647.402777778,14.296296296296296,"{'Idle': 14.296296296296296, 'TelemetryTask': 2.759474295156973e-10}"
UartTxTask,176169,176171,2470793.9444444445,2470815.912037037,21.96759259259259,{'TelemetryTask': 21.967592592316645}
UartTxTask,176175,176176,2471534.7268518517,2471549.4444444445,14.717592592592593,{'Idle': 14.717592592868542}
TelemetryTask,176180,176181,2478632.953703704,2478647.0416666665,14.087962962962964,{'Idle': 14.087962962687016}
UartTxTask,176183,176185,2480794.157407407,2480816.546296296,22.38888888888889,{'TelemetryTask': 22.38888888916484}
UartTxTask,176189,176190,2481535.1157407407,2481549.8333333335,14.717592592592593,"{'Idle': 14.717592592592593, 'UartTxTask': 2.759474295156973e-10}"
TelemetryTask,176194,176195,2488632.962962963,2488647.486111111,14.523148148148149,{'Idle': 14.523148148148149}
UartTxTask,176197,176199,2490793.263888889,2490815.342592593,22.078703703703702,{'TelemetryTask': 22.078703703703702}
UartTxTask,176203,176204,2491534.675925926,2491549.212962963,14.537037037037036,{'Idle': 14.537037037037036}
TelemetryTask,176208,176209,2498633.0185185187,2498647.189814815,14.171296296296296,{'Idle': 14.171296296296296}
UartTxTask,176211,176213,2500794.111111111,2500816.3055555555,22.194444444444443,{'TelemetryTask': 22.194444444444443}
UartTxTask,176217,176218,2501535.4305555555,2501550.175925926,14.74537037037037,{'Idle': 14.74537037037037}
TelemetryTask,176222,176223,2508633.027777778,2508646.9768518517,13.949074074074074,{'Idle': 13.949074074074074}
UartTxTask,176225,176227,2510793.962962963,2510816.537037037,22.574074074074073,{'TelemetryTask': 22.574074074074076}
UartTxTask,176231,176232,2511535.175925926,2511550.027777778,14.851851851851851,{'Idle': 14.851851851851851}
TelemetryTask,176236,176237,2518633.050925926,2518647.087962963,14.037037037037036,{'Idle': 14.037037037037036}
UartTxTask,176239,176241,2520792.986111111,2520815.4814814813,22.49537037037037,{'TelemetryTask': 22.49537037037037}
UartTxTask,176245,176246,2521534.638888889,2521549.060185185,14.421296296296296,{'Idle': 14.421296296296296}
TelemetryTask,176250,176251,2528632.986111111,2528647.203703704,14.217592592592593,{'Idle': 14.217592592592593}
UartTxTask,176253,176255,2530793.4907407407,2530816.0555555555,22.564814814814813,{'TelemetryTask': 22.564814814814817}
UartTxTask,176259,176260,2531534.842592593,2531549.513888889,14.671296296296296,{'Idle': 14.671296296296296}
TelemetryTask,176264,176265,2538633.032407407,2538646.7314814813,13.699074074074074,{'Idle': 13.699074074074074}
UartTxTask,176267,176269,2540793.064814815,2540815.2314814813,22.166666666666668,{'TelemetryTask': 22.166666666666668}
UartTxTask,176273,176274,2541533.782407407,2541548.699074074,14.916666666666666,{'Idle': 14.916666666666666}
TelemetryTask,176278,176279,2548633.0694444445,2548647.078703704,14.00925925925926,{'Idle': 14.00925925925926}
UartTxTask,176281,176283,2550793.4583333335,2550815.6342592593,22.175925925925927,{'TelemetryTask': 22.175925925925924}
UartTxTask,176287,176288,2551534.3564814813,2551549.287037037,14.930555555555555,{'Idle': 14.930555555555555}
TelemetryTask,176292,176293,2558632.967592593,2558647.189814815,14.222222222222221,{'Idle': 14.222222222222221}
UartTxTask,176295,176297,2560794.1481481483,2560816.1296296297,21.98148148148148,{'TelemetryTask': 21.98148148148148}
UartTxTask,176301,176302,2561535.074074074,2561549.8194444445,14.74537037037037,{'Idle': 14.74537037037037}
TelemetryTask,176306,176307,2568633.162037037,2568647.7685185187,14.606481481481481,{'Idle': 14.606481481481481}
UartTxTask,176309,176311,2570794.962962963,2570816.962962963,22.0,{'TelemetryTask': 22.0}
UartTxTask,176315,176316,2571535.8055555555,2571550.462962963,14.657407407407407,{'Idle': 14.657407407407407}
TelemetryTask,176320,176321,2578633.078703704,2578647.4166666665,14.337962962962964,{'Idle': 14.337962962962964}
UartTxTask,176323,176325,2580794.171296296,2580816.3703703703,22.199074074074073,{'TelemetryTask': 22.199074074074076}
UartTxTask,176329,176330,2581535.0231481483,2581549.8194444445,14.796296296296296,{'Idle': 14.796296296296296}
TelemetryTask,176334,176335,2588633.152777778,2588647.671296296,14.518518518518519,{'Idle': 14.518518518518519}
UartTxTask,176337,176339,2590793.9953703703,2590816.625,22.62962962962963,{'TelemetryTask': 22.62962962962963}
UartTxTask,176343,176344,2591535.5833333335,2591550.1018518517,14.518518518518519,{'Idle': 14.518518518518519}
TelemetryTask,176348,176349,2598633.1435185187,2598647.064814815,13.921296296296296,{'Idle': 13.921296296296296}
UartTxTask,176351,176353,2600794.032407407,2600815.9583333335,21.925925925925927,{'TelemetryTask': 21.925925925925924}
UartTxTask,176357,176358,2601535.0185185187,2601549.9814814813,14.962962962962964,{'Idle': 14.962962962962964}
TelemetryTask,176362,176363,2608633.0046296297,2608646.8518518517,13.847222222222221,{'Idle': 13.847222222222221}
UartTxTask,176365,176367,2610793.217592593,2610815.564814815,22.34722222222222,{'TelemetryTask': 22.34722222222222}
UartTxTask,176371,176372,2611534.189814815,2611548.8333333335,14.643518518518519,{'Idle': 14.643518518518519}
TelemetryTask,176376,176377,2618633.092592593,2618647.111111111,14.018518518518519,{'Idle': 14.018518518518519}
UartTxTask,176379,176381,2620794.1805555555,2620816.125,21.944444444444443,{'TelemetryTask': 21.944444444444443}
UartTxTask,176385,176386,2621535.0416666665,2621550.013888889,14.972222222222221,{'Idle': 14.972222222222221}
TelemetryTask,176390,176391,2628632.925925926,2628646.777777778,13.851851851851851,{'Idle': 13.851851851851851}
UartTxTask,176393,176395,2630793.402777778,2630815.638888889,22.23611111111111,{'TelemetryTask': 22.23611111111111}
UartTxTask,176399,176400,2631534.310185185,2631549.203703704,14.893518518518519,{'Idle': 14.893518518518519}
TelemetryTask,176404,176405,2638633.0046296297,2638646.9814814813,13.976851851851851,{'Idle': 13.976851851851851}
UartTxTask,176407,176409,2640793.6944444445,2640815.6805555555,21.98611111111111,{'TelemetryTask': 21.98611111111111}
UartTxTask,176413,176414,2641534.967592593,2641549.6064814813,14.63888888888889,{'Idle': 14.63888888888889}
TelemetryTask,176418,176419,2648633.078703704,2648647.1018518517,14.023148148148149,{'Idle': 14.023148148148149}
UartTxTask,176421,176423,2650792.722222222,2650814.685185185,21.962962962962962,{'TelemetryTask': 21.962962962962962}
UartTxTask,176427,176428,2651533.0046296297,2651547.7685185187,14.76388888888889,{'Idle': 14.76388888888889}
TelemetryTask,176432,176433,2658632.8981481483,2658646.703703704,13.805555555555555,{'Idle': 13.805555555555555}
UartTxTask,176435,176437,2660794.162037037,2660816.2453703703,22.083333333333332,{'TelemetryTask': 22.083333333333336}
UartTxTask,176441,176442,2661534.907407407,2661549.712962963,14.805555555555555,{'Idle': 14.805555555555555}
TelemetryTask,176446,176447,2668633.1203703703,2668646.9444444445,13.824074074074074,{'Idle': 13.824074074074074}
UartTxTask,176449,176451,2670794.125,2670816.5046296297,22.37962962962963,{'TelemetryTask': 22.37962962962963}
UartTxTask,176455,176456,2671535.25,2671549.921296296,14.671296296296296,{'Idle': 14.671296296296296}
TelemetryTask,176460,176461,2678633.0694444445,2678647.222222222,14.152777777777779,{'Idle': 14.152777777777779}
UartTxTask,176463,176465,2680793.689814815,2680816.050925926,22.36111111111111,{'TelemetryTask': 22.36111111111111}
UartTxTask,176469,176470,2681534.7916666665,2681549.5185185187,14.726851851851851,{'Idle': 14.726851851851851}
TelemetryTask,176474,176475,2688632.9907407407,2688646.9907407407,14.0,{'Idle': 14.0}
UartTxTask,176477,176479,2690794.3564814813,2690816.324074074,21.96759259259259,{'TelemetryTask': 21.967592592592595}
UartTxTask,176483,176484,2691535.1064814813,2691550.060185185,14.953703703703704,{'Idle': 14.953703703703704}
TelemetryTask,176488,176489,2698633.078703704,2698646.810185185,13.731481481481481,{'Idle': 13.731481481481481}
UartTxTask,176491,176493,2700793.967592593,2700815.967592593,22.0,{'TelemetryTask': 22.0}
UartTxTask,176497,176498,2701535.157407407,2701550.0185185187,14.86111111111111,{'Idle': 14.86111111111111}
TelemetryTask,176502,176503,2708633.037037037,2708647.3518518517,14.314814814814815,{'Idle': 14.314814814814815}
UartTxTask,176505,176507,2710794.347222222,2710816.3333333335,21.98611111111111,{'TelemetryTask': 21.98611111111111}
UartTxTask,176511,176512,2711535.662037037,2711550.222222222,14.560185185185185,{'Idle': 14.560185185185185}
TelemetryTask,176516,176517,2718633.0092592593,2718647.074074074,14.064814814814815,{'Idle': 14.064814814814815}
UartTxTask,176519,176521,2720794.287037037,2720816.3981481483,22.11111111111111,{'TelemetryTask': 22.11111111111111}
UartTxTask,176525,176526,2721535.8333333335,2721550.722222222,14.88888888888889,{'Idle': 14.88888888888889}
TelemetryTask,176530,176531,2728633.1018518517,2728647.203703704,14.101851851851851,{'Idle': 14.101851851851851}
UartTxTask,176533,176535,2730793.625,2730815.810185185,22.185185185185187,{'TelemetryTask': 22.185185185185183}
UartTxTask,176539,176540,2731534.2731481483,2731548.8055555555,14.532407407407407,{'Idle': 14.532407407407407}
TelemetryTask,176544,176545,2738633.060185185,2738647.111111111,14.050925925925926,{'Idle': 14.050925925925926}
UartTxTask,176547,176549,2740794.328703704,2740816.6435185187,22.314814814814813,{'TelemetryTask': 22.314814814814817}
UartTxTask,176553,176554,2741536.032407407,2741550.75,14.717592592592593,{'Idle': 14.717592592592593}
TelemetryTask,176558,176559,2748633.050925926,2748646.9166666665,13.86574074074074,{'Idle': 13.86574074074074}
UartTxTask,176561,176563,2750793.9953703703,2750816.361111111,22.36574074074074,{'TelemetryTask': 22.36574074074074}
UartTxTask,176567,176568,2751535.328703704,2751550.074074074,14.74537037037037,{'Idle': 14.74537037037037}
TelemetryTask,176572,176573,2758633.1296296297,2758647.027777778,13.898148148148149,{'Idle': 13.898148148148149}
UartTxTask,176575,176577,2760794.050925926,2760815.8703703703,21.819444444444443,{'TelemetryTask': 21.819444444444443}
UartTxTask,176581,176582,2761534.712962963,2761549.263888889,14.550925925925926,{'Idle': 14.550925925925926}
TelemetryTask,176586,176587,2768632.9953703703,2768646.9444444445,13.949074074074074,{'Idle': 13.949074074074074}
UartTxTask,176589,176591,2770793.7407407407,2770815.5092592593,21.76851851851852,{'TelemetryTask': 21.76851851851852}
UartTxTask,176595,176596,2771534.564814815,2771549.328703704,14.76388888888889,{'Idle': 14.76388888888889}
TelemetryTask,176600,176601,2778633.050925926,2778646.962962963,13.912037037037036,{'Idle': 13.912037037037036}
UartTxTask,176603,176605,2780793.7916666665,2780815.8981481483,22.10648148148148,{'TelemetryTask': 22.10648148148148}
UartTxTask,176609,176610,2781534.7268518517,2781549.842592593,15.11574074074074,{'Idle': 15.11574074074074}
TelemetryTask,176614,176615,2788633.1435185187,2788647.425925926,14.282407407407407,{'Idle': 14.282407407407407}
UartTxTask,176617,176619,2790795.078703704,2790817.25,22.171296296296298,{'TelemetryTask': 22.171296296296298}
UartTxTask,176623,176624,2791536.152777778,2791550.912037037,14.75925925925926,{'Idle': 14.75925925925926}
TelemetryTask,176628,176629,2798633.1435185187,2798647.324074074,14.180555555555555,{'Idle': 14.180555555555555}
UartTxTask,176631,176633,2800794.787037037,2800817.125,22.337962962962962,{'TelemetryTask': 22.337962962962962}
UartTxTask,176637,176638,2801535.972222222,2801550.6064814813,14.63425925925926,{'Idle': 14.63425925925926}
TelemetryTask,176642,176643,2808633.0185185187,2808647.1157407407,14.097222222222221,{'Idle': 14.097222222222221}
UartTxTask,176645,176647,2810794.078703704,2810815.972222222,21.89351851851852,{'TelemetryTask': 21.89351851851852}
UartTxTask,176651,176652,2811535.171296296,2811549.9907407407,14.819444444444445,{'Idle': 14.819444444444445}
TelemetryTask,176656,176657,2818633.1157407407,2818647.2731481483,14.157407407407407,{'Idle': 14.157407407407407}
UartTxTask,176659,176661,2820794.6018518517,2820816.9907407407,22.38888888888889,{'TelemetryTask': 22.388888888888886}
UartTxTask,176665,176666,2821535.925925926,2821550.592592593,14.666666666666666,{'Idle': 14.666666666666666}
TelemetryTask,176670,176671,2828633.152777778,2828647.0833333335,13.930555555555555,{'Idle': 13.930555555555555}
UartTxTask,176673,176675,2830794.574074074,2830816.9444444445,22.37037037037037,{'TelemetryTask': 22.370370370370374}
UartTxTask,176679,176680,2831535.625,2831550.046296296,14.421296296296296,{'Idle': 14.421296296296296}
TelemetryTask,176684,176685,2838633.060185185,2838647.4305555555,14.37037037037037,{'Idle': 14.37037037037037}
UartTxTask,176687,176689,2840794.2916666665,2840816.7314814813,22.439814814814813,{'TelemetryTask': 22.439814814814817}
UartTxTask,176693,176694,2841535.185185185,2841550.138888889,14.953703703703704,{'Idle': 14.953703703703704}
TelemetryTask,176698,176699,2848633.0231481483,2848647.222222222,14.199074074074074,{'Idle': 14.199074074074074}
UartTxTask,176701,176703,2850794.347222222,2850816.287037037,21.939814814814813,{'TelemetryTask': 21.939814814814817}
UartTxTask,176707,176708,2851535.1435185187,2851550.074074074,14.930555555555555,{'Idle': 14.930555555555555}
TelemetryTask,176712,176713,2858633.027777778,2858647.7083333335,14.680555555555555,{'Idle': 14.680555555555555}
UartTxTask,176715,176717,2860795.0185185187,2860817.439814815,22.421296296296298,{'TelemetryTask': 22.421296296296298}
UartTxTask,176721,176722,2861536.875,2861551.2407407407,14.36574074074074,{'Idle': 14.36574074074074}
TelemetryTask,176726,176727,2868633.060185185,2868646.9166666665,13.856481481481481,{'Idle': 13.856481481481481}
UartTxTask,176729,176731,2870794.324074074,2870816.671296296,22.34722222222222,{'TelemetryTask': 22.34722222222222}
UartTxTask,176735,176736,2871535.3935185187,2871550.421296296,15.027777777777779,{'Idle': 15.027777777777779}
TelemetryTask,176740,176741,2878632.8981481483,2878646.962962963,14.064814814814815,{'Idle': 14.064814814814815}
UartTxTask,176743,176745,2880793.837962963,2880815.574074074,21.73611111111111,{'TelemetryTask': 21.73611111111111}
UartTxTask,176749,176750,2881534.6203703703,2881549.587962963,14.967592592592593,{'Idle': 14.967592592592593}
TelemetryTask,176754,176755,2888633.0555555555,2888646.925925926,13.87037037037037,{'Idle': 13.87037037037037}
UartTxTask,176757,176759,2890793.842592593,2890816.0555555555,22.212962962962962,{'TelemetryTask': 22.212962962962962}
UartTxTask,176763,176764,2891534.9444444445,2891549.875,14.930555555555555,{'Idle': 14.930555555555555}
TelemetryTask,176768,176769,2898632.935185185,2898646.837962963,13.902777777777779,{'Idle': 13.902777777777779}
UartTxTask,176771,176773,2900794.175925926,2900816.3333333335,22.15740740740741,{'TelemetryTask': 22.15740740740741}
UartTxTask,176777,176778,2901535.296296296,2901550.1435185187,14.847222222222221,{'Idle': 14.847222222222221}
TelemetryTask,176782,176783,2908632.939814815,2908646.921296296,13.981481481481481,{'Idle': 13.981481481481481}
UartTxTask,176785,176787,2910792.800925926,2910814.407407407,21.60648148148148,{'TelemetryTask': 21.60648148148148}
UartTxTask,176791,176792,2911533.4768518517,2911548.0416666665,14.564814814814815,{'Idle': 14.564814814814815}
TelemetryTask,176796,176797,2918633.125,2918647.222222222,14.097222222222221,{'Idle': 14.097222222222221}
UartTxTask,176799,176801,2920793.4814814813,2920815.564814815,22.083333333333332,{'TelemetryTask': 22.083333333333336}
UartTxTask,176805,176806,2921534.3657407407,2921549.199074074,14.833333333333334,{'Idle': 14.833333333333334}
TelemetryTask,176810,176811,2928633.1666666665,2928647.388888889,14.222222222222221,{'Idle': 14.222222222222221}
UartTxTask,176813,176815,2930794.4166666665,2930816.5185185187,22.10185185185185,{'TelemetryTask': 22.10185185185185}
UartTxTask,176819,176820,2931535.5185185187,2931550.138888889,14.62037037037037,{'Idle': 14.62037037037037}
TelemetryTask,176824,176825,2938632.9814814813,2938647.097222222,14.11574074074074,{'Idle': 14.11574074074074}
UartTxTask,176827,176829,2940793.0185185187,2940815.189814815,22.171296296296298,{'TelemetryTask': 22.171296296296298}
UartTxTask,176833,176834,2941533.7268518517,2941548.5694444445,14.842592592592593,{'Idle': 14.842592592592593}
TelemetryTask,176838,176839,2948632.986111111,2948647.097222222,14.11111111111111,{'Idle': 14.11111111111111}
UartTxTask,176841,176843,2950794.2592592593,2950816.652777778,22.39351851851852,{'TelemetryTask': 22.39351851851852}
UartTxTask,176847,176848,2951535.796296296,2951550.560185185,14.76388888888889,{'Idle': 14.76388888888889}
TelemetryTask,176852,176853,2958633.0,2958647.2546296297,14.25462962962963,{'Idle': 14.25462962962963}
ButtonTask,176856,176861,2960632.537037037,2960864.717592593,232.18055555555554,"{'ISR#56': 5.481481481481482, 'TelemetryTask': 226.69907407407408}"
UartTxTask,176859,176865,2960844.8194444445,2961008.3055555555,163.48611111111111,"{'TelemetryTask': 19.898148148148145, 'ButtonTask': 143.58796296296296}"
UartTxTask,176869,176870,2961727.1481481483,2961738.703703704,11.555555555555555,{'Idle': 11.555555555555555}
UartTxTask,176875,176876,2962469.402777778,2962478.4768518517,9.074074074074074,{'Idle': 9.074074074074074}
TelemetryTask,176880,176881,2968633.078703704,2968647.064814815,13.98611111111111,{'Idle': 13.98611111111111}
UartTxTask,176883,176885,2970793.453703704,2970815.6064814813,22.15277777777778,{'TelemetryTask': 22.15277777777778}
UartTxTask,176889,176890,2971534.449074074,2971548.972222222,14.523148148148149,{'Idle': 14.523148148148149}
TelemetryTask,176894,176895,2978633.175925926,2978647.296296296,14.12037037037037,{'Idle': 14.12037037037037}
UartTxTask,176897,176899,2980794.347222222,2980816.861111111,22.51388888888889,{'TelemetryTask': 22.513888888888886}
UartTxTask,176903,176904,2981536.027777778,2981550.638888889,14.61111111111111,{'Idle': 14.61111111111111}
TelemetryTask,176908,176909,2988633.078703704,2988647.486111111,14.407407407407407,{'Idle': 14.407407407407407}
UartTxTask,176911,176913,2990793.4953703703,2990815.425925926,21.930555555555557,{'TelemetryTask': 21.930555555555557}
UartTxTask,176917,176918,2991534.361111111,2991550.296296296,15.935185185185185,{'Idle': 15.935185185185185}
TelemetryTask,176922,176923,2998632.986111111,2998647.0231481483,14.037037037037036,{'Idle': 14.037037037037036}
UartTxTask,176925,176927,3000793.712962963,3000815.925925926,22.212962962962962,{'TelemetryTask': 22.212962962962962}
UartTxTask,176931,176932,3001534.638888889,3001549.435185185,14.796296296296296,{'Idle': 14.796296296296296}
TelemetryTask,176936,176937,3008632.8981481483,3008646.8055555555,13.907407407407407,{'Idle': 13.907407407407407}
UartTxTask,176939,176941,3010793.787037037,3010815.921296296,22.13425925925926,{'TelemetryTask': 22.13425925925926}
UartTxTask,176945,176946,3011535.064814815,3011549.6944444445,14.62962962962963,{'Idle': 14.62962962962963}
TelemetryTask,176950,176951,3018632.9305555555,3018646.597222222,13.666666666666666,{'Idle': 13.666666666666666}
UartTxTask,176953,176955,3020794.0,3020816.3055555555,22.305555555555557,{'TelemetryTask': 22.305555555555557}
UartTxTask,176959,176960,3021535.6157407407,3021550.2592592593,14.643518518518519,{'Idle': 14.643518518518519}
TelemetryTask,176964,176965,3028633.087962963,3028647.2314814813,14.143518518518519,{'Idle': 14.143518518518519}
UartTxTask,176967,176969,3030793.828703704,3030815.925925926,22.09722222222222,{'TelemetryTask': 22.09722222222222}
UartTxTask,176973,176974,3031534.949074074,3031549.7916666665,14.842592592592593,{'Idle': 14.842592592592593}
TelemetryTask,176978,176979,3038632.8333333335,3038647.0694444445,14.23611111111111,{'Idle': 14.23611111111111}
UartTxTask,176981,176983,3040793.1296296297,3040814.7546296297,21.625,{'TelemetryTask': 21.625}
UartTxTask,176987,176988,3041533.7731481483,3041548.625,14.851851851851851,{'Idle': 14.851851851851851}
TelemetryTask,176992,176993,3048633.138888889,3048647.0833333335,13.944444444444445,{'Idle': 13.944444444444445}
UartTxTask,176995,176997,3050793.7083333335,3050816.152777778,22.444444444444443,{'TelemetryTask': 22.444444444444443}
UartTxTask,177001,177002,3051535.217592593,3051549.703703704,14.48611111111111,{'Idle': 14.48611111111111}
TelemetryTask,177006,177007,3058632.9166666665,3058647.300925926,14.38425925925926,{'Idle': 14.38425925925926}
UartTxTask,177009,177011,3060794.439814815,3060816.527777778,22.087962962962962,{'TelemetryTask': 22.087962962962962}
UartTxTask,177015,177016,3061535.8333333335,3061550.546296296,14.712962962962964,{'Idle': 14.712962962962964}
TelemetryTask,177020,177021,3068633.097222222,3068647.4768518517,14.37962962962963,{'Idle': 14.37962962962963}
UartTxTask,177023,177025,3070794.6296296297,3070816.703703704,22.074074074074073,{'TelemetryTask': 22.074074074074076}
UartTxTask,177029,177030,3071535.310185185,3071550.013888889,14.703703703703704,{'Idle': 14.703703703703704}
TelemetryTask,177034,177035,3078633.032407407,3078647.0555555555,14.023148148148149,{'Idle': 14.023148148148149}
UartTxTask,177037,177039,3080794.6481481483,3080816.5416666665,21.89351851851852,{'TelemetryTask': 21.89351851851852}
UartTxTask,177043,177044,3081535.287037037,3081549.796296296,14.50925925925926,{'Idle': 14.50925925925926}
TelemetryTask,177048,177049,3088633.027777778,3088647.032407407,14.00462962962963,{'Idle': 14.00462962962963}
UartTxTask,177051,177053,3090793.388888889,3090815.6435185187,22.25462962962963,{'TelemetryTask': 22.25462962962963}
UartTxTask,177057,177058,3091534.6203703703,3091549.412037037,14.791666666666666,{'Idle': 14.791666666666666}
TelemetryTask,177062,177063,3098632.8981481483,3098646.662037037,13.76388888888889,{'Idle': 13.76388888888889}
UartTxTask,177065,177067,3100793.564814815,3100815.837962963,22.27314814814815,{'TelemetryTask': 22.27314814814815}
UartTxTask,177071,177072,3101534.3657407407,3101549.222222222,14.856481481481481,{'Idle': 14.856481481481481}
TelemetryTask,177076,177077,3108633.162037037,3108647.092592593,13.930555555555555,{'Idle': 13.930555555555555}
UartTxTask,177079,177081,3110794.0092592593,3110816.5416666665,22.53240740740741,{'TelemetryTask': 22.532407407407405}
UartTxTask,177085,177086,3111535.375,3111550.1342592593,14.75925925925926,{'Idle': 14.75925925925926}
TelemetryTask,177090,177091,3118633.046296296,3118647.203703704,14.157407407407407,{'Idle': 14.157407407407407}
UartTxTask,177093,177095,3120793.467592593,3120815.6203703703,22.15277777777778,{'TelemetryTask': 22.15277777777778}
UartTxTask,177099,177100,3121534.1157407407,3121548.842592593,14.726851851851851,{'Idle': 14.726851851851851}
TelemetryTask,177104,177105,3128632.9768518517,3128646.847222222,13.87037037037037,{'Idle': 13.87037037037037}
UartTxTask,177107,177109,3130793.6666666665,3130815.6481481483,21.98148148148148,{'TelemetryTask': 21.98148148148148}
UartTxTask,177113,177114,3131534.703703704,3131549.5,14.796296296296296,{'Idle': 14.796296296296296}
ButtonTask,177120,177122,3134962.4814814813,3134977.3333333335,14.851851851851851,"{'ISR#56': 5.847222222222222, 'Scheduler': 9.00462962962963}"
UartTxTask,177125,177127,3135099.25,3135128.7314814813,29.48148148148148,{'ButtonTask': 29.48148148148148}
UartTxTask,177131,177132,3135848.064814815,3135856.962962963,8.898148148148149,{'Idle': 8.898148148148149}
TelemetryTask,177136,177137,3138633.185185185,3138647.111111111,13.925925925925926,{'Idle': 13.925925925925926}
UartTxTask,177139,177141,3140794.027777778,3140816.3796296297,22.35185185185185,{'TelemetryTask': 22.351851851851855}
UartTxTask,177145,177146,3141535.412037037,3141550.050925926,14.63888888888889,{'Idle': 14.63888888888889}
TelemetryTask,177150,177151,3148632.986111111,3148646.7592592593,13.773148148148149,{'Idle': 13.773148148148149}
UartTxTask,177153,177155,3150793.7592592593,3150815.7314814813,21.97222222222222,{'TelemetryTask': 21.97222222222222}
UartTxTask,177159,177160,3151534.736111111,3151549.611111111,14.875,{'Idle': 14.875}
TelemetryTask,177164,177165,3158633.0833333335,3158646.902777778,13.819444444444445,{'Idle': 13.819444444444445}
UartTxTask,177167,177169,3160794.314814815,3160816.7407407407,22.425925925925927,{'TelemetryTask': 22.425925925925927}
UartTxTask,177173,177174,3161535.6296296297,3161550.439814815,14.810185185185185,{'Idle': 14.810185185185185}
TelemetryTask,177178,177179,3168633.1435185187,3168647.162037037,14.018518518518519,{'Idle': 14.018518518518519}
UartTxTask,177181,177183,3170793.9814814813,3170815.902777778,21.921296296296298,{'TelemetryTask': 21.921296296296298}
UartTxTask,177187,177188,3171534.6805555555,3171549.3657407407,14.685185185185185,{'Idle': 14.685185185185185}
TelemetryTask,177192,177193,3178633.092592593,3178647.2407407407,14.148148148148149,{'Idle': 14.148148148148149}
UartTxTask,177195,177197,3180794.675925926,3180816.564814815,21.88888888888889,{'TelemetryTask': 21.88888888888889}
UartTxTask,177201,177202,3181535.199074074,3181549.962962963,14.76388888888889,{'Idle': 14.76388888888889}
TelemetryTask,177206,177207,3188633.050925926,3188646.939814815,13.88888888888889,{'Idle': 13.88888888888889}
UartTxTask,177209,177211,3190793.611111111,3190815.287037037,21.675925925925927,{'TelemetryTask': 21.675925925925924}
UartTxTask,177215,177216,3191534.782407407,3191549.6481481483,14.86574074074074,{'Idle': 14.86574074074074}
TelemetryTask,177220,177221,3198633.111111111,3198647.3194444445,14.208333333333334,{'Idle': 14.208333333333334}
UartTxTask,177223,177225,3200794.0555555555,3200816.222222222,22.166666666666668,{'TelemetryTask': 22.166666666666664}
UartTxTask,177229,177230,3201535.3564814813,3201550.3842592593,15.027777777777779,{'Idle': 15.027777777777779}
TelemetryTask,177234,177235,3208633.027777778,3208646.921296296,13.893518518518519,{'Idle': 13.893518518518519}
UartTxTask,177237,177239,3210793.546296296,3210815.7546296297,22.208333333333332,{'TelemetryTask': 22.208333333333332}
UartTxTask,177243,177244,3211534.402777778,3211548.7592592593,14.356481481481481,{'Idle': 14.356481481481481}
TelemetryTask,177248,177249,3218633.1481481483,3218647.2407407407,14.092592592592593,{'Idle': 14.092592592592593}
UartTxTask,177251,177253,3220793.787037037,3220816.046296296,22.25925925925926,{'TelemetryTask': 22.25925925925926}
UartTxTask,177257,177258,3221535.467592593,3221550.342592593,14.875,{'Idle': 14.875}
TelemetryTask,177262,177263,3228633.097222222,3228647.6435185187,14.546296296296296,{'Idle': 14.546296296296296}
UartTxTask,177265,177267,3230796.6666666665,3230819.2546296297,22.587962962962962,{'TelemetryTask': 22.587962962962962}
UartTxTask,177271,177272,3231538.1157407407,3231552.814814815,14.699074074074074,{'Idle': 14.699074074074074}
TelemetryTask,177276,177277,3238633.078703704,3238647.1296296297,14.050925925925926,{'Idle': 14.050925925925926}
UartTxTask,177279,177281,3240794.657407407,3240816.782407407,22.125,{'TelemetryTask': 22.125}
UartTxTask,177285,177286,3241535.592592593,3241550.337962963,14.74537037037037,{'Idle': 14.74537037037037}
TelemetryTask,177290,177291,3248632.925925926,3248646.986111111,14.060185185185185,{'Idle': 14.060185185185185}
UartTxTask,177293,177295,3250793.7407407407,3250816.037037037,22.296296296296298,{'TelemetryTask': 22.296296296296298}
UartTxTask,177299,177300,3251534.875,3251549.712962963,14.837962962962964,{'Idle': 14.837962962962964}
TelemetryTask,177304,177305,3258633.097222222,3258647.037037037,13.939814814814815,{'Idle': 13.939814814814815}
UartTxTask,177307,177309,3260794.675925926,3260816.972222222,22.296296296296298,{'TelemetryTask': 22.296296296296298}
UartTxTask,177313,177314,3261535.75,3261550.5833333335,14.833333333333334,{'Idle': 14.833333333333334}
TelemetryTask,177318,177319,3268632.9768518517,3268647.175925926,14.199074074074074,{'Idle': 14.199074074074074}
UartTxTask,177321,177323,3270794.8518518517,3270817.342592593,22.49074074074074,{'TelemetryTask': 22.49074074074074}
UartTxTask,177327,177328,3271536.0555555555,3271550.7685185187,14.712962962962964,{'Idle': 14.712962962962964}
TelemetryTask,177332,177333,3278632.986111111,3278646.986111111,14.0,{'Idle': 14.0}
UartTxTask,177335,177337,3280793.097222222,3280815.189814815,22.09259259259259,{'TelemetryTask': 22.092592592592595}
UartTxTask,177341,177342,3281533.837962963,3281548.4953703703,14.657407407407407,{'Idle': 14.657407407407407}
TelemetryTask,177346,177347,3288633.050925926,3288647.064814815,14.01388888888889,{'Idle': 14.01388888888889}
UartTxTask,177349,177351,3290794.300925926,3290817.0,22.699074074074073,{'TelemetryTask': 22.699074074074076}
UartTxTask,177355,177356,3291536.1064814813,3291550.8194444445,14.712962962962964,{'Idle': 14.712962962962964}
TelemetryTask,177360,177361,3298633.152777778,3298647.4953703703,14.342592592592593,{'Idle': 14.342592592592593}
UartTxTask,177363,177365,3300794.175925926,3300816.736111111,22.560185185185187,{'TelemetryTask': 22.560185185185183}
UartTxTask,177369,177370,3301535.1944444445,3301550.1203703703,14.925925925925926,{'Idle': 14.925925925925926}
TelemetryTask,177374,177375,3308633.074074074,3308647.175925926,14.101851851851851,{'Idle': 14.101851851851851}
UartTxTask,177377,177379,3310793.407407407,3310815.587962963,22.180555555555557,{'TelemetryTask': 22.180555555555557}
UartTxTask,177383,177384,3311534.888888889,3311549.597222222,14.708333333333334,{'Idle': 14.708333333333334}
TelemetryTask,177388,177389,3318633.1666666665,3318647.0185185187,13.851851851851851,{'Idle': 13.851851851851851}
UartTxTask,177391,177393,3320792.9305555555,3320815.513888889,22.583333333333332,{'TelemetryTask': 22.583333333333336}
UartTxTask,177397,177398,3321534.412037037,3321548.800925926,14.38888888888889,{'Idle': 14.38888888888889}
TelemetryTask,177402,177403,3328633.037037037,3328647.092592593,14.055555555555555,{'Idle': 14.055555555555555}
UartTxTask,177405,177407,3330794.7546296297,3330817.1435185187,22.38888888888889,{'TelemetryTask': 22.38888888888889}
UartTxTask,177411,177412,3331536.5416666665,3331551.3796296297,14.837962962962964,{'Idle': 14.837962962962964}
TelemetryTask,177416,177417,3338633.138888889,3338647.2268518517,14.087962962962964,{'Idle': 14.087962962962964}
UartTxTask,177419,177421,3340793.6203703703,3340815.7592592593,22.13888888888889,{'TelemetryTask': 22.13888888888889}
UartTxTask,177425,177426,3341534.787037037,3341549.3842592593,14.597222222222221,{'Idle': 14.597222222222221}
TelemetryTask,177430,177431,3348633.0185185187,3348647.1203703703,14.101851851851851,{'Idle': 14.101851851851851}
UartTxTask,177433,177435,3350793.921296296,3350816.388888889,22.46759259259259,{'TelemetryTask': 22.46759259259259}
UartTxTask,177439,177440,3351535.2083333335,3351549.625,14.416666666666666,{'Idle': 14.416666666666666}
TelemetryTask,177444,177445,3358632.953703704,3358647.1203703703,14.166666666666666,{'Idle': 14.166666666666666}
UartTxTask,177447,177449,3360794.8333333335,3360816.8055555555,21.97222222222222,{'TelemetryTask': 21.97222222222222}
UartTxTask,177453,177454,3361536.111111111,3361551.0416666665,14.930555555555555,{'Idle': 14.930555555555555}
TelemetryTask,177458,177459,3368633.138888889,3368647.407407407,14.268518518518519,{'Idle': 14.268518518518519}
UartTxTask,177461,177463,3370794.3981481483,3370816.467592593,22.069444444444443,{'TelemetryTask': 22.069444444444443}
UartTxTask,177467,177468,3371535.6435185187,3371550.472222222,14.828703703703704,{'Idle': 14.828703703703704}
TelemetryTask,177472,177473,3378633.060185185,3378647.1481481483,14.087962962962964,{'Idle': 14.087962962962964}
UartTxTask,177475,177477,3380793.564814815,3380816.087962963,22.52314814814815,{'TelemetryTask': 22.52314814814815}
UartTxTask,177481,177482,3381534.574074074,3381549.3842592593,14.810185185185185,{'Idle': 14.810185185185185}
TelemetryTask,177486,177487,3388633.074074074,3388647.3796296297,14.305555555555555,{'Idle': 14.305555555555555}
UartTxTask,177489,177491,3390794.2083333335,3390815.9444444445,21.73611111111111,{'TelemetryTask': 21.73611111111111}
UartTxTask,177495,177496,3391534.532407407,3391549.2453703703,14.712962962962964,{'Idle': 14.712962962962964}
TelemetryTask,177500,177501,3398633.157407407,3398647.5416666665,14.38425925925926,{'Idle': 14.38425925925926}
UartTxTask,177503,177505,3400794.8055555555,3400817.314814815,22.50925925925926,{'TelemetryTask': 22.50925925925926}
UartTxTask,177509,177510,3401536.842592593,3401551.4768518517,14.63425925925926,{'Idle': 14.63425925925926}
TelemetryTask,177514,177515,3408632.9907407407,3408646.986111111,13.99537037037037,{'Idle': 13.99537037037037}
UartTxTask,177517,177519,3410794.1203703703,3410816.347222222,22.22685185185185,{'TelemetryTask': 22.22685185185185}
UartTxTask,177523,177524,3411535.412037037,3411550.037037037,14.625,{'Idle': 14.625}
TelemetryTask,177528,177529,3418633.138888889,3418647.050925926,13.912037037037036,{'Idle': 13.912037037037036}
UartTxTask,177531,177533,3420794.013888889,3420816.2314814813,22.21759259259259,{'TelemetryTask': 22.217592592592595}
UartTxTask,177537,177538,3421534.439814815,3421549.1481481483,14.708333333333334,{'Idle': 14.708333333333334}
TelemetryTask,177542,177543,3428633.157407407,3428647.111111111,13.953703703703704,{'Idle': 13.953703703703704}
UartTxTask,177545,177547,3430794.1342592593,3430816.2546296297,22.12037037037037,{'TelemetryTask': 22.12037037037037}
UartTxTask,177551,177552,3431535.472222222,3431550.4768518517,15.00462962962963,{'Idle': 15.00462962962963}
TelemetryTask,177556,177557,3438633.0555555555,3438647.3657407407,14.310185185185185,{'Idle': 14.310185185185185}
UartTxTask,177559,177561,3440794.587962963,3440816.9907407407,22.40277777777778,{'TelemetryTask': 22.40277777777778}
UartTxTask,177565,177566,3441535.921296296,3441550.8333333335,14.912037037037036,{'Idle': 14.912037037037036}
TelemetryTask,177570,177571,3448632.953703704,3448647.013888889,14.060185185185185,{'Idle': 14.060185185185185}
UartTxTask,177573,177575,3450793.2453703703,3450815.3935185187,22.14814814814815,{'TelemetryTask': 22.148148148148145}
UartTxTask,177579,177580,3451534.4305555555,3451549.1296296297,14.699074074074074,{'Idle': 14.699074074074074}
TelemetryTask,177584,177585,3458633.0185185187,3458647.064814815,14.046296296296296,{'Idle': 14.046296296296296}
UartTxTask,177587,177589,3460793.453703704,3460815.657407407,22.203703703703702,{'TelemetryTask': 22.203703703703702}
UartTxTask,177593,177594,3461534.5416666665,3461549.5555555555,15.01388888888889,{'Idle': 15.01388888888889}
TelemetryTask,177598,177599,3468633.0185185187,3468647.300925926,14.282407407407407,{'Idle': 14.282407407407407}
UartTxTask,177601,177603,3470795.222222222,3470817.203703704,21.98148148148148,{'TelemetryTask': 21.98148148148148}
UartTxTask,177607,177608,3471536.189814815,3471550.925925926,14.73611111111111,{'Idle': 14.73611111111111}
TelemetryTask,177612,177613,3478633.0833333335,3478647.1064814813,14.023148148148149,{'Idle': 14.023148148148149}
UartTxTask,177615,177617,3480793.736111111,3480816.337962963,22.60185185185185,{'TelemetryTask': 22.601851851851855}
UartTxTask,177621,177622,3481535.25,3481550.0555555555,14.805555555555555,{'Idle': 14.805555555555555}
TelemetryTask,177626,177627,3488633.046296296,3488647.152777778,14.106481481481481,{'Idle': 14.106481481481481}
UartTxTask,177629,177631,3490793.907407407,3490816.092592593,22.185185185185187,{'TelemetryTask': 22.185185185185183}
UartTxTask,177635,177636,3491534.9166666665,3491549.888888889,14.972222222222221,{'Idle': 14.972222222222221}
TelemetryTask,177640,177641,3498633.060185185,3498647.3796296297,14.319444444444445,{'Idle': 14.319444444444445}
UartTxTask,177643,177645,3500793.7453703703,3500815.902777778,22.15740740740741,{'TelemetryTask': 22.157407407407405}
UartTxTask,177649,177650,3501534.685185185,3501549.513888889,14.828703703703704,{'Idle': 14.828703703703704}
TelemetryTask,177654,177655,3508633.027777778,3508647.277777778,14.25,{'Idle': 14.25}
UartTxTask,177657,177659,3510794.2314814813,3510816.847222222,22.61574074074074,{'TelemetryTask': 22.61574074074074}
UartTxTask,177663,177664,3511536.0694444445,3511550.675925926,14.606481481481481,{'Idle': 14.606481481481481}
TelemetryTask,177668,177669,3518632.962962963,3518646.736111111,13.773148148148149,{'Idle': 13.773148148148149}
UartTxTask,177671,177673,3520793.9907407407,3520816.3194444445,22.328703703703702,{'TelemetryTask': 22.328703703703702}
UartTxTask,177677,177678,3521535.027777778,3521549.6666666665,14.63888888888889,{'Idle': 14.63888888888889}
TelemetryTask,177682,177683,3528633.171296296,3528647.236111111,14.064814814814815,{'Idle': 14.064814814814815}
UartTxTask,177685,177687,3530794.189814815,3530816.3657407407,22.175925925925927,{'TelemetryTask': 22.175925925925924}
UartTxTask,177691,177692,3531536.078703704,3531550.861111111,14.782407407407407,{'Idle': 14.782407407407407}
TelemetryTask,177696,177697,3538633.0,3538647.337962963,14.337962962962964,{'Idle': 14.337962962962964}
UartTxTask,177699,177701,3540795.3518518517,3540817.203703704,21.85185185185185,{'TelemetryTask': 21.85185185185185}
UartTxTask,177705,177706,3541535.8935185187,3541550.638888889,14.74537037037037,{'Idle': 14.74537037037037}
TelemetryTask,177710,177711,3548633.087962963,3548647.296296296,14.208333333333334,{'Idle': 14.208333333333334}
UartTxTask,177713,177715,3550793.337962963,3550815.6805555555,22.34259259259259,{'TelemetryTask': 22.34259259259259}
UartTxTask,177719,177720,3551534.3703703703,3551548.921296296,14.550925925925926,{'Idle': 14.550925925925926}
TelemetryTask,177724,177725,3558633.0,3558647.203703704,14.203703703703704,{'Idle': 14.203703703703704}
UartTxTask,177727,177729,3560793.9166666665,3560816.0,22.083333333333332,{'TelemetryTask': 22.083333333333336}
UartTxTask,177733,177734,3561534.824074074,3561549.6666666665,14.842592592592593,{'Idle': 14.842592592592593}
TelemetryTask,177738,177739,3568633.0,3568647.0185185187,14.018518518518519,{'Idle': 14.018518518518519}
UartTxTask,177741,177743,3570794.1203703703,3570816.064814815,21.944444444444443,{'TelemetryTask': 21.944444444444443}
UartTxTask,177747,177748,3571534.814814815,3571549.652777778,14.837962962962964,{'Idle': 14.837962962962964}
TelemetryTask,177752,177753,3578633.162037037,3578647.078703704,13.916666666666666,{'Idle': 13.916666666666666}
UartTxTask,177755,177757,3580793.074074074,3580815.3842592593,22.310185185185187,{'TelemetryTask': 22.310185185185183}
UartTxTask,177761,177762,3581534.2592592593,3581548.949074074,14.689814814814815,{'Idle': 14.689814814814815}
TelemetryTask,177766,177767,3588633.0185185187,3588646.888888889,13.87037037037037,{'Idle': 13.87037037037037}
UartTxTask,177769,177771,3590794.0231481483,3590816.5,22.47685185185185,{'TelemetryTask': 22.47685185185185}
UartTxTask,177775,177776,3591535.736111111,3591550.4166666665,14.680555555555555,{'Idle': 14.680555555555555}
TelemetryTask,177780,177781,3598632.9583333335,3598647.0231481483,14.064814814814815,{'Idle': 14.064814814814815}
UartTxTask,177783,177785,3600793.5092592593,3600815.453703704,21.944444444444443,{'TelemetryTask': 21.944444444444443}
UartTxTask,177789,177790,3601533.9305555555,3601548.425925926,14.49537037037037,{'Idle': 14.49537037037037}
TelemetryTask,177794,177795,3608633.111111111,3608646.9166666665,13.805555555555555,{'Idle': 13.805555555555555}
UartTxTask,177797,177799,3610792.800925926,3610815.0555555555,22.25462962962963,{'TelemetryTask': 22.25462962962963}
UartTxTask,177803,177804,3611533.703703704,3611548.7083333335,15.00462962962963,{'Idle': 15.00462962962963}
TelemetryTask,177808,177809,3618633.074074074,3618646.986111111,13.912037037037036,{'Idle': 13.912037037037036}
UartTxTask,177811,177813,3620793.814814815,3620815.9583333335,22.14351851851852,{'TelemetryTask': 22.14351851851852}
UartTxTask,177817,177818,3621534.6157407407,3621549.2453703703,14.62962962962963,{'Idle': 14.62962962962963}
TelemetryTask,177822,177823,3628633.0,3628647.300925926,14.300925925925926,{'Idle': 14.300925925925926}
UartTxTask,177825,177827,3630794.152777778,3630816.282407407,22.12962962962963,{'TelemetryTask': 22.12962962962963}
UartTxTask,177831,177832,3631534.921296296,3631549.6666666665,14.74537037037037,{'Idle': 14.74537037037037}
TelemetryTask,177836,177837,3638633.0416666665,3638647.013888889,13.972222222222221,{'Idle': 13.972222222222221}
UartTxTask,177839,177841,3640793.828703704,3640815.564814815,21.73611111111111,{'TelemetryTask': 21.73611111111111}
UartTxTask,177845,177846,3641534.472222222,3641549.064814815,14.592592592592593,{'Idle': 14.592592592592593}
TelemetryTask,177850,177851,3648633.032407407,3648647.0555555555,14.023148148148149,{'Idle': 14.023148148148149}
UartTxTask,177853,177855,3650794.2407407407,3650816.111111111,21.87037037037037,{'TelemetryTask': 21.87037037037037}
UartTxTask,177859,177860,3651534.736111111,3651549.263888889,14.527777777777779,{'Idle': 14.527777777777779}
TelemetryTask,177864,177865,3658633.050925926,3658647.277777778,14.226851851851851,{'Idle': 14.226851851851851}
UartTxTask,177867,177869,3660793.907407407,3660816.277777778,22.37037037037037,{'TelemetryTask': 22.37037037037037}
UartTxTask,177873,177874,3661534.7916666665,3661549.7268518517,14.935185185185185,{'Idle': 14.935185185185185}
TelemetryTask,177878,177879,3668633.078703704,3668647.2731481483,14.194444444444445,{'Idle': 14.194444444444445}
UartTxTask,177881,177883,3670794.5,3670816.6435185187,22.14351851851852,{'TelemetryTask': 22.14351851851852}
UartTxTask,177887,177888,3671535.324074074,3671550.0185185187,14.694444444444445,{'Idle': 14.694444444444445}
TelemetryTask,177892,177893,3678633.0046296297,3678647.0046296297,14.0,{'Idle': 14.0}
UartTxTask,177895,177897,3680793.912037037,3680816.5185185187,22.60648148148148,{'TelemetryTask': 22.60648148148148}
UartTxTask,177901,177902,3681535.162037037,3681549.8703703703,14.708333333333334,{'Idle': 14.708333333333334}
TelemetryTask,177906,177907,3688633.092592593,3688646.8935185187,13.800925925925926,{'Idle': 13.800925925925926}
UartTxTask,177909,177911,3690793.689814815,3690815.25,21.560185185185187,{'TelemetryTask': 21.560185185185187}
UartTxTask,177915,177916,3691534.1018518517,3691549.111111111,15.00925925925926,{'Idle': 15.00925925925926}
TelemetryTask,177920,177921,3698633.013888889,3698647.1203703703,14.106481481481481,{'Idle': 14.106481481481481}
UartTxTask,177923,177925,3700793.712962963,3700815.7685185187,22.055555555555557,{'TelemetryTask': 22.055555555555557}
UartTxTask,177929,177930,3701534.222222222,3701549.1296296297,14.907407407407407,{'Idle': 14.907407407407407}
TelemetryTask,177934,177935,3708633.0,3708647.337962963,14.337962962962964,{'Idle': 14.337962962962964}
UartTxTask,177937,177939,3710794.4444444445,3710816.7592592593,22.314814814814813,{'TelemetryTask': 22.314814814814817}
UartTxTask,177943,177944,3711535.703703704,3711550.097222222,14.393518518518519,{'Idle': 14.393518518518519}
TelemetryTask,177948,177949,3718632.986111111,3718646.9305555555,13.944444444444445,{'Idle': 13.944444444444445}
UartTxTask,177951,177953,3720794.3842592593,3720816.3842592593,22.0,{'TelemetryTask': 22.0}
UartTxTask,177957,177958,3721535.2916666665,3721549.8333333335,14.541666666666666,{'Idle': 14.541666666666666}
TelemetryTask,177962,177963,3728633.027777778,3728646.796296296,13.768518518518519,{'Idle': 13.768518518518519}
UartTxTask,177965,177967,3730794.328703704,3730816.532407407,22.203703703703702,{'TelemetryTask': 22.203703703703702}
UartTxTask,177971,177972,3731534.9305555555,3731549.5833333335,14.652777777777779,{'Idle': 14.652777777777779}
TelemetryTask,177976,177977,3738633.1435185187,3738647.185185185,14.041666666666666,{'Idle': 14.041666666666666}
UartTxTask,177979,177981,3740794.574074074,3740816.425925926,21.85185185185185,{'TelemetryTask': 21.851851851851855}
UartTxTask,177985,177986,3741535.097222222,3741549.800925926,14.703703703703704,{'Idle': 14.703703703703704}
TelemetryTask,177990,177991,3748633.092592593,3748647.152777778,14.060185185185185,{'Idle': 14.060185185185185}
UartTxTask,177993,177995,3750794.0046296297,3750816.6203703703,22.61574074074074,{'TelemetryTask': 22.61574074074074}
UartTxTask,177999,178000,3751535.8194444445,3751550.5231481483,14.703703703703704,{'Idle': 14.703703703703704}
TelemetryTask,178004,178005,3758632.9814814813,3758646.7268518517,13.74537037037037,{'Idle': 13.74537037037037}
UartTxTask,178007,178009,3760794.064814815,3760816.425925926,22.36111111111111,{'TelemetryTask': 22.36111111111111}
UartTxTask,178013,178014,3761535.388888889,3761550.25,14.86111111111111,{'Idle': 14.86111111111111}
TelemetryTask,178018,178019,3768633.0833333335,3768647.314814815,14.231481481481481,{'Idle': 14.231481481481481}
UartTxTask,178021,178023,3770793.6435185187,3770816.1203703703,22.47685185185185,{'TelemetryTask': 22.47685185185185}
UartTxTask,178027,178028,3771535.1157407407,3771549.7685185187,14.652777777777779,{'Idle': 14.652777777777779}
TelemetryTask,178032,178033,3778633.0694444445,3778647.037037037,13.967592592592593,{'Idle': 13.967592592592593}
UartTxTask,178035,178037,3780793.3842592593,3780816.032407407,22.64814814814815,{'TelemetryTask': 22.64814814814815}
UartTxTask,178041,178042,3781534.652777778,3781549.449074074,14.796296296296296,{'Idle': 14.796296296296296}
TelemetryTask,178046,178047,3788632.9444444445,3788646.875,13.930555555555555,{'Idle': 13.930555555555555}
UartTxTask,178049,178051,3790794.5555555555,3790816.3194444445,21.76388888888889,{'TelemetryTask': 21.76388888888889}
UartTxTask,178055,178056,3791535.1435185187,3791550.0231481483,14.87962962962963,{'Idle': 14.87962962962963}
TelemetryTask,178060,178061,3798632.8796296297,3798646.935185185,14.055555555555555,{'Idle': 14.055555555555555}
UartTxTask,178063,178065,3800793.787037037,3800816.1064814813,22.319444444444443,{'TelemetryTask': 22.319444444444443}
UartTxTask,178069,178070,3801534.8842592593,3801549.5046296297,14.62037037037037,{'Idle': 14.62037037037037}
TelemetryTask,178074,178075,3808633.092592593,3808646.9907407407,13.898148148148149,{'Idle': 13.898148148148149}
UartTxTask,178077,178079,3810794.212962963,3810816.435185185,22.22222222222222,{'TelemetryTask': 22.22222222222222}
UartTxTask,178083,178084,3811535.4305555555,3811550.064814815,14.63425925925926,{'Idle': 14.63425925925926}
TelemetryTask,178088,178089,3818632.939814815,3818646.611111111,13.671296296296296,{'Idle': 13.671296296296296}
UartTxTask,178091,178093,3820793.712962963,3820815.699074074,21.98611111111111,{'TelemetryTask': 21.98611111111111}
UartTxTask,178097,178098,3821534.587962963,3821549.425925926,14.837962962962964,{'Idle': 14.837962962962964}
TelemetryTask,178102,178103,3828633.1666666665,3828647.342592593,14.175925925925926,{'Idle': 14.175925925925926}
UartTxTask,178105,178107,3830793.4814814813,3830815.699074074,22.21759259259259,{'TelemetryTask': 22.21759259259259}
UartTxTask,178111,178112,3831534.513888889,3831549.175925926,14.662037037037036,{'Idle': 14.662037037037036}
TelemetryTask,178116,178117,3838633.050925926,3838647.1805555555,14.12962962962963,{'Idle': 14.12962962962963}
UartTxTask,178119,178121,3840794.037037037,3840816.421296296,22.38425925925926,{'TelemetryTask': 22.38425925925926}
UartTxTask,178125,178126,3841535.287037037,3841549.986111111,14.699074074074074,{'Idle': 14.699074074074074}
TelemetryTask,178130,178131,3848633.1435185187,3848647.032407407,13.88888888888889,{'Idle': 13.88888888888889}
UartTxTask,178133,178135,3850794.0046296297,3850816.1157407407,22.11111111111111,{'TelemetryTask': 22.11111111111111}
UartTxTask,178139,178140,3851534.8796296297,3851549.6481481483,14.768518518518519,{'Idle': 14.768518518518519}
TelemetryTask,178144,178145,3858633.0185185187,3858647.263888889,14.24537037037037,{'Idle': 14.24537037037037}
UartTxTask,178147,178149,3860793.0694444445,3860815.1064814813,22.037037037037038,{'TelemetryTask': 22.037037037037038}
UartTxTask,178153,178154,3861534.282407407,3861549.2592592593,14.976851851851851,{'Idle': 14.976851851851851}
TelemetryTask,178158,178159,3868633.037037037,3868646.939814815,13.902777777777779,{'Idle': 13.902777777777779}
UartTxTask,178161,178163,3870793.087962963,3870814.8796296297,21.791666666666668,{'TelemetryTask': 21.791666666666664}
UartTxTask,178167,178168,3871533.175925926,3871547.9583333335,14.782407407407407,{'Idle': 14.782407407407407}
TelemetryTask,178172,178173,3878632.9768518517,3878647.152777778,14.175925925925926,{'Idle': 14.175925925925926}
UartTxTask,178175,178177,3880793.157407407,3880815.0694444445,21.912037037037038,{'TelemetryTask': 21.912037037037038}
UartTxTask,178181,178182,3881534.3518518517,3881549.435185185,15.083333333333334,{'Idle': 15.083333333333334}
TelemetryTask,178186,178187,3888632.939814815,3888647.3842592593,14.444444444444445,{'Idle': 14.444444444444445}
UartTxTask,178189,178191,3890794.7546296297,3890817.2407407407,22.48611111111111,{'TelemetryTask': 22.48611111111111}
UartTxTask,178195,178196,3891536.125,3891551.092592593,14.967592592592593,{'Idle': 14.967592592592593}
TelemetryTask,178200,178201,3898632.939814815,3898647.060185185,14.12037037037037,{'Idle': 14.12037037037037}
UartTxTask,178203,178205,3900793.787037037,3900815.888888889,22.10185185185185,{'TelemetryTask': 22.10185185185185}
UartTxTask,178209,178210,3901534.4444444445,3901548.953703704,14.50925925925926,{'Idle': 14.50925925925926}
TelemetryTask,178214,178215,3908633.1435185187,3908647.074074074,13.930555555555555,{'Idle': 13.930555555555555}
UartTxTask,178217,178219,3910793.402777778,3910815.712962963,22.310185185185187,{'TelemetryTask': 22.310185185185183}
UartTxTask,178223,178224,3911534.3703703703,3911549.0185185187,14.648148148148149,{'Idle': 14.648148148148149}
TelemetryTask,178228,178229,3918633.0416666665,3918647.2083333335,14.166666666666666,{'Idle': 14.166666666666666}
UartTxTask,178231,178233,3920795.064814815,3920817.1064814813,22.041666666666668,{'TelemetryTask': 22.041666666666664}
UartTxTask,178237,178238,3921535.902777778,3921550.3981481483,14.49537037037037,{'Idle': 14.49537037037037}
TelemetryTask,178242,178243,3928633.1435185187,3928646.7916666665,13.648148148148149,{'Idle': 13.648148148148149}
UartTxTask,178245,178247,3930793.652777778,3930815.560185185,21.90740740740741,{'TelemetryTask': 21.907407407407405}
UartTxTask,178251,178252,3931534.592592593,3931549.2731481483,14.680555555555555,{'Idle': 14.680555555555555}
TelemetryTask,178256,178257,3938633.2083333335,3938647.1435185187,13.935185185185185,{'Idle': 13.935185185185185}
UartTxTask,178259,178261,3940794.074074074,3940816.532407407,22.458333333333332,{'TelemetryTask': 22.458333333333332}
UartTxTask,178265,178266,3941535.7731481483,3941550.638888889,14.86574074074074,{'Idle': 14.86574074074074}
TelemetryTask,178270,178271,3948632.9907407407,3948647.027777778,14.037037037037036,{'Idle': 14.037037037037036}
UartTxTask,178273,178275,3950794.4814814813,3950816.578703704,22.09722222222222,{'TelemetryTask': 22.09722222222222}
UartTxTask,178279,178280,3951535.4583333335,3951549.921296296,14.462962962962964,{'Idle': 14.462962962962964}
TelemetryTask,178284,178285,3958632.837962963,3958646.7916666665,13.953703703703704,{'Idle': 13.953703703703704}
UartTxTask,178287,178289,3960792.9583333335,3960815.2685185187,22.310185185185187,{'TelemetryTask': 22.310185185185183}
UartTxTask,178293,178294,3961533.907407407,3961548.6435185187,14.73611111111111,{'Idle': 14.73611111111111}
TelemetryTask,178298,178299,3968633.1064814813,3968647.037037037,13.930555555555555,{'Idle': 13.930555555555555}
UartTxTask,178301,178303,3970793.4583333335,3970815.9444444445,22.48611111111111,{'TelemetryTask': 22.48611111111111}
UartTxTask,178307,178308,3971534.4907407407,3971549.1435185187,14.652777777777779,{'Idle': 14.652777777777779}
TelemetryTask,178312,178313,3978632.962962963,3978646.7685185187,13.805555555555555,{'Idle': 13.805555555555555}
UartTxTask,178315,178317,3980793.638888889,3980815.6805555555,22.041666666666668,{'TelemetryTask': 22.041666666666668}
UartTxTask,178321,178322,3981534.625,3981549.064814815,14.439814814814815,{'Idle': 14.439814814814815}
TelemetryTask,178326,178327,3988632.9768518517,3988646.9768518517,14.0,{'Idle': 14.0}
UartTxTask,178329,178331,3990793.435185185,3990815.7268518517,22.291666666666668,{'TelemetryTask': 22.291666666666668}
UartTxTask,178335,178336,3991534.5185185187,3991548.9953703703,14.476851851851851,{'Idle': 14.476851851851851}
TelemetryTask,178340,178341,3998632.9907407407,3998646.8935185187,13.902777777777779,{'Idle': 13.902777777777779}
UartTxTask,178343,178345,4000794.1157407407,4000816.0833333335,21.96759259259259,{'TelemetryTask': 21.967592592592595}
UartTxTask,178349,178350,4001535.3842592593,4001550.064814815,14.680555555555555,{'Idle': 14.680555555555555}
TelemetryTask,178354,178355,4008632.8842592593,4008647.2083333335,14.324074074074074,{'Idle': 14.324074074074074}
UartTxTask,178357,178359,4010794.092592593,4010816.050925926,21.958333333333332,{'TelemetryTask': 21.958333333333336}
UartTxTask,178363,178364,4011535.861111111,4011550.7453703703,14.88425925925926,{'Idle': 14.88425925925926}
TelemetryTask,178368,178369,4018632.9814814813,4018647.2268518517,14.24537037037037,{'Idle': 14.24537037037037}
UartTxTask,178371,178373,4020794.296296296,4020816.314814815,22.01851851851852,{'TelemetryTask': 22.01851851851852}
UartTxTask,178377,178378,4021535.1157407407,4021549.6666666665,14.550925925925926,{'Idle': 14.550925925925926}
TelemetryTask,178382,178383,4028632.962962963,4028646.8842592593,13.921296296296296,{'Idle': 13.921296296296296}
UartTxTask,178385,178387,4030793.7916666665,4030815.4768518517,21.685185185185187,{'TelemetryTask': 21.685185185185183}
UartTxTask,178391,178392,4031534.375,4031549.375,15.0,{'Idle': 15.0}
TelemetryTask,178396,178397,4038633.050925926,4038647.1018518517,14.050925925925926,{'Idle': 14.050925925925926}
UartTxTask,178399,178401,4040794.171296296,4040816.1157407407,21.944444444444443,{'TelemetryTask': 21.944444444444443}
UartTxTask,178405,178406,4041534.8194444445,4041549.597222222,14.777777777777779,{'Idle': 14.777777777777779}
TelemetryTask,178410,178411,4048633.0,4048646.888888889,13.88888888888889,{'Idle': 13.88888888888889}
UartTxTask,178413,178415,4050793.8055555555,4050815.5092592593,21.703703703703702,{'TelemetryTask': 21.703703703703702}
UartTxTask,178419,178420,4051534.217592593,4051548.847222222,14.62962962962963,{'Idle': 14.62962962962963}
TelemetryTask,178424,178425,4058632.875,4058646.787037037,13.912037037037036,{'Idle': 13.912037037037036}
UartTxTask,178427,178429,4060792.8564814813,4060815.0416666665,22.185185185185187,{'TelemetryTask': 22.185185185185183}
UartTxTask,178433,178434,4061534.0092592593,4061548.652777778,14.643518518518519,{'Idle': 14.643518518518519}
TelemetryTask,178438,178439,4068633.0092592593,4068646.837962963,13.828703703703704,{'Idle': 13.828703703703704}
UartTxTask,178441,178443,4070793.421296296,4070816.092592593,22.671296296296298,{'TelemetryTask': 22.671296296296298}
UartTxTask,178447,178448,4071535.152777778,4071549.8935185187,14.74074074074074,{'Idle': 14.74074074074074}
TelemetryTask,178452,178453,4078633.1805555555,4078647.027777778,13.847222222222221,{'Idle': 13.847222222222221}
UartTxTask,178455,178457,4080794.074074074,4080816.1666666665,22.09259259259259,{'TelemetryTask': 22.092592592592595}
UartTxTask,178461,178462,4081535.2731481483,4081550.0555555555,14.782407407407407,{'Idle': 14.782407407407407}
TelemetryTask,178466,178467,4088633.1296296297,4088647.1944444445,14.064814814814815,{'Idle': 14.064814814814815}
UartTxTask,178469,178471,4090794.300925926,4090816.0046296297,21.703703703703702,{'TelemetryTask': 21.703703703703702}
UartTxTask,178475,178476,4091535.2314814813,4091549.986111111,14.75462962962963,{'Idle': 14.75462962962963}
TelemetryTask,178480,178481,4098633.0231481483,4098647.199074074,14.175925925925926,{'Idle': 14.175925925925926}
UartTxTask,178483,178485,4100793.5694444445,4100815.953703704,22.38425925925926,{'TelemetryTask': 22.38425925925926}
UartTxTask,178489,178490,4101535.189814815,4101549.907407407,14.717592592592593,{'Idle': 14.717592592592593}
TelemetryTask,178494,178495,4108633.027777778,4108647.152777778,14.125,{'Idle': 14.125}
UartTxTask,178497,178499,4110793.828703704,4110816.078703704,22.25,{'TelemetryTask': 22.25}
UartTxTask,178503,178504,4111534.935185185,4111549.652777778,14.717592592592593,{'Idle': 14.717592592592593}
TelemetryTask,178508,178509,4118633.060185185,4118646.7268518517,13.666666666666666,{'Idle': 13.666666666666666}
UartTxTask,178511,178513,4120793.7268518517,4120815.703703704,21.97685185185185,{'TelemetryTask': 21.976851851851855}
UartTxTask,178517,178518,4121534.425925926,4121549.3657407407,14.939814814814815,{'Idle': 14.939814814814815}
TelemetryTask,178522,178523,4128633.032407407,4128647.328703704,14.296296296296296,{'Idle': 14.296296296296296}
UartTxTask,178525,178527,4130794.3935185187,4130816.3657407407,21.97222222222222,{'TelemetryTask': 21.97222222222222}
UartTxTask,178531,178532,4131535.157407407,4131550.013888889,14.856481481481481,{'Idle': 14.856481481481481}
TelemetryTask,178536,178537,4138632.9814814813,4138647.0092592593,14.027777777777779,{'Idle': 14.027777777777779}
UartTxTask,178539,178541,4140794.217592593,4140816.453703704,22.23611111111111,{'TelemetryTask': 22.23611111111111}
UartTxTask,178545,178546,4141535.1481481483,4141549.810185185,14.662037037037036,{'Idle': 14.662037037037036}
TelemetryTask,178550,178551,4148632.921296296,4148646.8333333335,13.912037037037036,{'Idle': 13.912037037037036}
UartTxTask,178553,178555,4150793.9953703703,4150815.939814815,21.944444444444443,{'TelemetryTask': 21.944444444444443}
UartTxTask,178559,178560,4151535.087962963,4151549.671296296,14.583333333333334,{'Idle': 14.583333333333334}
TelemetryTask,178564,178565,4158633.037037037,4158647.0,13.962962962962964,{'Idle': 13.962962962962964}
UartTxTask,178567,178569,4160793.1064814813,4160815.185185185,22.078703703703702,{'TelemetryTask': 22.078703703703702}
UartTxTask,178573,178574,4161533.847222222,4161548.6203703703,14.773148148148149,{'Idle': 14.773148148148149}
TelemetryTask,178578,178579,4168632.972222222,4168646.7407407407,13.768518518518519,{'Idle': 13.768518518518519}
UartTxTask,178581,178583,4170793.25,4170815.486111111,22.23611111111111,{'TelemetryTask': 22.23611111111111}
UartTxTask,178587,178588,4171534.425925926,4171549.157407407,14.731481481481481,{'Idle': 14.731481481481481}
TelemetryTask,178592,178593,4178633.032407407,4178646.962962963,13.930555555555555,{'Idle': 13.930555555555555}
UartTxTask,178595,178597,4180794.185185185,4180816.092592593,21.90740740740741,{'TelemetryTask': 21.907407407407405}
UartTxTask,178601,178602,4181535.027777778,4181549.587962963,14.560185185185185,{'Idle': 14.560185185185185}
TelemetryTask,178606,178607,4188633.027777778,4188646.8333333335,13.805555555555555,{'Idle': 13.805555555555555}
UartTxTask,178609,178611,4190793.462962963,4190815.4907407407,22.02777777777778,{'TelemetryTask': 22.02777777777778}
UartTxTask,178615,178616,4191534.152777778,4191548.9583333335,14.805555555555555,{'Idle': 14.805555555555555}
TelemetryTask,178620,178621,4198632.986111111,4198647.236111111,14.25,{'Idle': 14.25}
UartTxTask,178623,178625,4200793.546296297,4200815.305555556,21.75925925925926,"{'TelemetryTask': 21.759259258707367, 'UartTxTask': 5.518948590313946e-10}"
UartTxTask,178629,178630,4201534.328703703,4201549.157407408,14.828703703703704,{'Idle': 14.828703704255599}
TelemetryTask,178634,178635,4208633.106481481,4208647.0,13.893518518518519,{'Idle': 13.893518518518519}
UartTxTask,178637,178639,4210794.162037037,4210816.708333333,22.546296296296298,{'TelemetryTask': 22.5462962957444}
UartTxTask,178643,178644,4211535.930555556,4211550.675925926,14.74537037037037,"{'Idle': 14.745370369818476, 'UartTxTask': 5.518948590313946e-10}"
TelemetryTask,178648,178649,4218633.111111111,4218647.231481481,14.12037037037037,{'Idle': 14.12037037037037}
UartTxTask,178651,178653,4220794.467592592,4220816.657407408,22.189814814814813,{'TelemetryTask': 22.189814814814817}
UartTxTask,178657,178658,4221535.199074074,4221549.37962963,14.180555555555555,{'Idle': 14.18055555610745}
TelemetryTask,178662,178663,4228633.055555556,4228647.277777778,14.222222222222221,{'Idle': 14.222222221670327}
UartTxTask,178665,178667,4230794.268518519,4230816.310185186,22.041666666666668,"{'TelemetryTask': 22.041666666666664, 'UartTxTask': 5.518948590313946e-10}"
UartTxTask,178671,178672,4231534.986111111,4231549.625,14.63888888888889,{'Idle': 14.63888888888889}
TelemetryTask,178676,178677,4238632.842592592,4238646.972222222,14.12962962962963,{'Idle': 14.12962962962963}
UartTxTask,178679,178681,4240793.773148148,4240816.097222222,22.324074074074073,{'TelemetryTask': 22.324074074074076}
UartTxTask,178685,178686,4241534.736111111,4241549.342592592,14.606481481481481,{'Idle': 14.606481481481481}
TelemetryTask,178690,178691,4248633.064814814,4248647.097222222,14.032407407407407,{'Idle': 14.032407407959301}
UartTxTask,178693,178695,4250794.287037037,4250816.305555556,22.01851851851852,"{'TelemetryTask': 22.01851851851852, 'UartTxTask': 5.518948590313946e-10}"
UartTxTask,178699,178700,4251535.027777778,4251549.875,14.847222222222221,{'Idle': 14.847222222222221}
TelemetryTask,178704,178705,4258632.925925926,4258647.143518519,14.217592592592593,{'Idle': 14.217592592040697}
UartTxTask,178707,178709,4260794.425925926,4260816.425925926,22.0,"{'TelemetryTask': 21.999999999448107, 'UartTxTask': 5.518948590313946e-10}"
UartTxTask,178713,178714,4261534.851851852,4261549.509259259,14.657407407407407,{'Idle': 14.657407407407407}
TelemetryTask,178718,178719,4268632.930555556,4268647.046296297,14.11574074074074,"{'Idle': 14.115740740188846, 'TelemetryTask': 5.518948590313946e-10}"
UartTxTask,178721,178723,4270793.490740741,4270815.25462963,21.76388888888889,{'TelemetryTask': 21.76388888888889}
UartTxTask,178727,178728,4271533.865740741,4271548.5,14.63425925925926,{'Idle': 14.63425925925926}
TelemetryTask,178732,178733,4278632.986111111,4278647.25,14.26388888888889,{'Idle': 14.26388888888889}
UartTxTask,178735,178737,4280795.166666667,4280817.722222222,22.555555555555557,{'TelemetryTask': 22.555555555003657}
UartTxTask,178741,178742,4281536.782407408,4281551.638888889,14.856481481481481,{'Idle': 14.856481481481481}
TelemetryTask,178746,178747,4288633.148148148,4288647.310185186,14.162037037037036,"{'Idle': 14.162037037037036, 'TelemetryTask': 5.518948590313946e-10}"
UartTxTask,178749,178751,4290794.180555556,4290816.439814814,22.25925925925926,{'TelemetryTask': 22.259259258155467}
UartTxTask,178755,178756,4291535.300925926,4291549.981481481,14.680555555555555,{'Idle': 14.68055555500366}
TelemetryTask,178760,178761,4298633.027777778,4298647.074074074,14.046296296296296,{'Idle': 14.046296295744401}
UartTxTask,178763,178765,4300794.273148148,4300816.402777778,22.12962962962963,{'TelemetryTask': 22.129629629629626}
UartTxTask,178769,178770,4301535.342592592,4301550.208333333,14.86574074074074,{'Idle': 14.865740740188846}
TelemetryTask,178774,178775,4308633.087962963,4308647.296296297,14.208333333333334,"{'Idle': 14.208333333333334, 'TelemetryTask': 5.518948590313946e-10}"
UartTxTask,178777,178779,4310794.490740741,4310816.935185186,22.444444444444443,"{'TelemetryTask': 22.444444444444443, 'UartTxTask': 5.518948590313946e-10}"
UartTxTask,178783,178784,4311535.930555556,4311551.032407408,15.101851851851851,{'Idle': 15.101851851299957}
TelemetryTask,178788,178789,4318633.013888889,4318647.356481481,14.342592592592593,{'Idle': 14.342592592592593}
UartTxTask,178791,178793,4320794.333333333,4320816.296296297,21.962962962962962,"{'TelemetryTask': 21.962962963514858, 'UartTxTask': 5.518948590313946e-10}"
UartTxTask,178797,178798,4321534.537037037,4321549.439814814,14.902777777777779,{'Idle': 14.902777777225882}
TelemetryTask,178802,178803,4328633.013888889,4328647.25462963,14.24074074074074,{'Idle': 14.24074074074074}
UartTxTask,178805,178807,4330793.898148148,4330815.907407408,22.00925925925926,{'TelemetryTask': 22.00925925925926}
UartTxTask,178811,178812,4331535.185185186,4331550.078703703,14.893518518518519,{'Idle': 14.893518517414728}
TelemetryTask,178816,178817,4338633.013888889,4338647.074074074,14.060185185185185,{'Idle': 14.06018518463329}
UartTxTask,178819,178821,4340794.115740741,4340816.194444444,22.078703703703702,{'TelemetryTask': 22.07870370315181}
UartTxTask,178825,178826,4341534.569444444,4341549.212962963,14.643518518518519,{'Idle': 14.643518519070414}
TelemetryTask,178830,178831,4348633.101851852,4348647.532407408,14.430555555555555,{'Idle': 14.430555555555555}
UartTxTask,178833,178835,4350794.574074074,4350816.671296297,22.09722222222222,"{'TelemetryTask': 22.097222222774118, 'UartTxTask': 5.518948590313946e-10}"
UartTxTask,178839,178840,4351535.569444444,4351550.384259259,14.814814814814815,{'Idle': 14.81481481536671}
TelemetryTask,178844,178845,4358633.078703703,4358647.12037037,14.041666666666666,{'Idle': 14.04166666721856}
UartTxTask,178847,178849,4360794.768518519,4360816.671296297,21.90277777777778,"{'TelemetryTask': 21.90277777777778, 'UartTxTask': 5.518948590313946e-10}"
UartTxTask,178853,178854,4361535.634259259,4361550.625,14.99074074074074,{'Idle': 14.99074074074074}
TelemetryTask,178858,178859,4368633.134259259,4368647.24537037,14.11111111111111,{'Idle': 14.11111111111111}
UartTxTask,178861,178863,4370793.699074074,4370815.717592592,22.01851851851852,{'TelemetryTask': 22.018518519070412}
UartTxTask,178867,178868,4371534.490740741,4371549.203703703,14.712962962962964,{'Idle': 14.712962962411067}
TelemetryTask,178872,178873,4378633.143518519,4378647.046296297,13.902777777777779,"{'Idle': 13.902777777777779, 'TelemetryTask': 5.518948590313946e-10}"
UartTxTask,178875,178877,4380793.532407408,4380815.916666667,22.38425925925926,"{'TelemetryTask': 22.38425925925926, 'UartTxTask': 5.518948590313946e-10}"
UartTxTask,178881,178882,4381535.064814814,4381549.87962963,14.814814814814815,{'Idle': 14.81481481536671}
TelemetryTask,178886,178887,4388633.037037037,4388647.046296297,14.00925925925926,"{'Idle': 14.00925925925926, 'TelemetryTask': 5.518948590313946e-10}"
UartTxTask,178889,178891,4390794.050925926,4390815.842592592,21.791666666666668,{'TelemetryTask': 21.79166666611477}
UartTxTask,178895,178896,4391534.662037037,4391549.810185186,15.148148148148149,"{'Idle': 15.148148148148149, 'UartTxTask': 5.518948590313946e-10}"
TelemetryTask,178900,178901,4398633.074074074,4398646.657407408,13.583333333333334,{'Idle': 13.583333333885228}
UartTxTask,178903,178905,4400793.731481481,4400815.731481481,22.0,{'TelemetryTask': 22.0}
UartTxTask,178909,178910,4401534.425925926,4401548.893518519,14.467592592592593,{'Idle': 14.467592592040697}
TelemetryTask,178914,178915,4408633.083333333,4408646.851851852,13.768518518518519,{'Idle': 13.768518519070414}
UartTxTask,178917,178919,4410794.101851852,4410816.115740741,22.01388888888889,{'TelemetryTask': 22.01388888888889}
UartTxTask,178923,178924,4411534.833333333,4411549.703703703,14.87037037037037,{'Idle': 14.87037037037037}
TelemetryTask,178928,178929,4418633.00462963,4418646.898148148,13.893518518518519,{'Idle': 13.893518518518519}
UartTxTask,178931,178933,4420795.069444444,4420817.037037037,21.96759259259259,{'TelemetryTask': 21.967592593144488}
UartTxTask,178937,178938,4421535.893518519,4421550.912037037,15.018518518518519,{'Idle': 15.018518518518519}
TelemetryTask,178942,178943,4428632.916666667,4428647.101851852,14.185185185185185,{'Idle': 14.18518518463329}
UartTxTask,178945,178947,4430793.62962963,4430815.898148148,22.26851851851852,{'TelemetryTask': 22.26851851851852}
UartTxTask,178951,178952,4431534.87037037,4431549.361111111,14.49074074074074,{'Idle': 14.49074074074074}
TelemetryTask,178956,178957,4438633.106481481,4438647.185185186,14.078703703703704,"{'Idle': 14.078703703703704, 'TelemetryTask': 5.518948590313946e-10}"
UartTxTask,178959,178961,4440793.611111111,4440815.759259259,22.14814814814815,{'TelemetryTask': 22.148148148148145}
UartTxTask,178965,178966,4441534.402777778,4441549.12962963,14.726851851851851,{'Idle': 14.726851851851851}
TelemetryTask,178970,178971,4448633.037037037,4448647.180555556,14.143518518518519,"{'Idle': 14.143518518518519, 'TelemetryTask': 5.518948590313946e-10}"
UartTxTask,178973,178975,4450793.435185186,4450815.592592592,22.15740740740741,{'TelemetryTask': 22.157407406855512}
UartTxTask,178979,178980,4451534.398148148,4451549.078703703,14.680555555555555,{'Idle': 14.68055555500366}
TelemetryTask,178984,178985,4458633.064814814,4458646.810185186,13.74537037037037,"{'Idle': 13.745370370922265, 'TelemetryTask': 5.518948590313946e-10}"
UartTxTask,178987,178989,4460793.861111111,4460816.12962963,22.26851851851852,{'TelemetryTask': 22.26851851851852}
UartTxTask,178993,178994,4461535.069444444,4461549.777777778,14.708333333333334,{'Idle': 14.708333333885228}
TelemetryTask,178998,178999,4468633.087962963,4468646.75,13.662037037037036,{'Idle': 13.662037037037036}
UartTxTask,179001,179003,4470793.949074074,4470815.967592592,22.01851851851852,{'TelemetryTask': 22.018518519070412}
UartTxTask,179007,179008,4471535.078703703,4471549.462962963,14.38425925925926,{'Idle': 14.384259259811154}
TelemetryTask,179012,179013,4478632.902777778,4478646.810185186,13.907407407407407,"{'Idle': 13.907407407407407, 'TelemetryTask': 5.518948590313946e-10}"
UartTxTask,179015,179017,4480792.875,4480815.486111111,22.61111111111111,{'TelemetryTask': 22.611111111111114}
UartTxTask,179021,179022,4481534.180555556,4481548.796296297,14.61574074074074,"{'Idle': 14.615740740188846, 'UartTxTask': 5.518948590313946e-10}"
TelemetryTask,179026,179027,4488632.930555556,4488646.981481481,14.050925925925926,{'Idle': 14.050925925374031}
UartTxTask,179029,179031,4490793.37962963,4490815.680555556,22.300925925925927,"{'TelemetryTask': 22.300925925925924, 'UartTxTask': 5.518948590313946e-10}"
UartTxTask,179035,179036,4491534.305555556,4491548.944444444,14.63888888888889,{'Idle': 14.638888887785098}
TelemetryTask,179040,179041,4498633.134259259,4498647.148148148,14.01388888888889,{'Idle': 14.01388888888889}
UartTxTask,179043,179045,4500794.407407408,4500816.523148148,22.11574074074074,{'TelemetryTask': 22.11574074074074}
UartTxTask,179049,179050,4501534.972222222,4501549.74537037,14.773148148148149,{'Idle': 14.773148148148149}
TelemetryTask,179054,179055,4508632.944444444,4508646.796296297,13.851851851851851,"{'Idle': 13.851851852403746, 'TelemetryTask': 5.518948590313946e-10}"
UartTxTask,179057,179059,4510793.12037037,4510815.347222222,22.22685185185185,{'TelemetryTask': 22.22685185185185}
UartTxTask,179063,179064,4511534.425925926,4511548.912037037,14.48611111111111,{'Idle': 14.486111110559216}
TelemetryTask,179068,179069,4518633.013888889,4518647.212962963,14.199074074074074,{'Idle': 14.199074074074074}
UartTxTask,179071,179073,4520793.972222222,4520816.310185186,22.337962962962962,"{'TelemetryTask': 22.337962962962962, 'UartTxTask': 5.518948590313946e-10}"
UartTxTask,179077,179078,4521535.189814814,4521550.032407408,14.842592592592593,{'Idle': 14.842592593144488}
TelemetryTask,179082,179083,4528632.962962963,4528647.032407408,14.069444444444445,{'Idle': 14.069444444444445}
UartTxTask,179085,179087,4530794.5,4530816.625,22.125,{'TelemetryTask': 22.125}
UartTxTask,179091,179092,4531535.717592592,4531550.541666667,14.824074074074074,"{'Idle': 14.824074074074074, 'UartTxTask': 5.518948590313946e-10}"
TelemetryTask,179096,179097,4538632.962962963,4538646.763888889,13.800925925925926,{'Idle': 13.800925925925926}
UartTxTask,179099,179101,4540793.074074074,4540814.856481481,21.78240740740741,{'TelemetryTask': 21.782407407959305}
UartTxTask,179105,179106,4541533.699074074,4541548.310185186,14.61111111111111,"{'Idle': 14.611111111663005, 'UartTxTask': 5.518948590313946e-10}"
TelemetryTask,179110,179111,4548632.935185186,4548646.888888889,13.953703703703704,{'Idle': 13.95370370315181}
UartTxTask,179113,179115,4550793.509259259,4550815.986111111,22.47685185185185,{'TelemetryTask': 22.476851851851855}
UartTxTask,179119,179120,4551534.810185186,4551549.615740741,14.805555555555555,{'Idle': 14.80555555500366}
TelemetryTask,179124,179125,4558632.972222222,4558647.134259259,14.162037037037036,{'Idle': 14.162037037037036}
UartTxTask,179127,179129,4560794.615740741,4560816.935185186,22.319444444444443,"{'TelemetryTask': 22.319444444444443, 'UartTxTask': 5.518948590313946e-10}"
UartTxTask,179133,179134,4561535.509259259,4561550.240740741,14.731481481481481,{'Idle': 14.731481481481481}
TelemetryTask,179138,179139,4568633.027777778,4568646.990740741,13.962962962962964,{'Idle': 13.962962962962964}
UartTxTask,179141,179143,4570794.365740741,4570816.231481481,21.86574074074074,{'TelemetryTask': 21.86574074074074}
UartTxTask,179147,179148,4571534.962962963,4571549.912037037,14.949074074074074,{'Idle': 14.949074074074074}
TelemetryTask,179152,179153,4578633.069444444,4578646.87962963,13.810185185185185,{'Idle': 13.81018518573708}
UartTxTask,179155,179157,4580793.810185186,4580816.064814814,22.25462962962963,{'TelemetryTask': 22.25462962852584}
UartTxTask,179161,179162,4581535.435185186,4581549.87962963,14.444444444444445,{'Idle': 14.44444444389255}
TelemetryTask,179166,179167,4588633.050925926,4588646.907407408,13.856481481481481,{'Idle': 13.856481480929586}
UartTxTask,179169,179171,4590794.273148148,4590816.555555556,22.28240740740741,"{'TelemetryTask': 22.28240740740741, 'UartTxTask': 5.518948590313946e-10}"
UartTxTask,179175,179176,4591535.097222222,4591550.0,14.902777777777779,{'Idle': 14.902777777777779}
TelemetryTask,179180,179181,4598633.046296297,4598647.074074074,14.027777777777779,{'Idle': 14.027777776673988}
UartTxTask,179183,179185,4600795.203703703,4600817.194444444,21.99074074074074,{'TelemetryTask': 21.99074074074074}
UartTxTask,179189,179190,4601536.282407408,4601550.972222222,14.689814814814815,{'Idle': 14.689814814814815}
TelemetryTask,179194,179195,4608633.111111111,4608647.37962963,14.268518518518519,{'Idle': 14.268518518518519}
UartTxTask,179197,179199,4610794.925925926,4610816.902777778,21.97685185185185,{'TelemetryTask': 21.976851851299955}
UartTxTask,179203,179204,4611535.611111111,4611550.453703703,14.842592592592593,{'Idle': 14.842592592040697}
TelemetryTask,179208,179209,4618633.078703703,4618646.805555556,13.726851851851851,"{'Idle': 13.726851852403746, 'TelemetryTask': 5.518948590313946e-10}"
UartTxTask,179211,179213,4620793.583333333,4620815.875,22.291666666666668,{'TelemetryTask': 22.29166666721856}
UartTxTask,179217,179218,4621535.407407408,4621550.453703703,15.046296296296296,{'Idle': 15.046296295744401}
TelemetryTask,179222,179223,4628633.12962963,4628647.138888889,14.00925925925926,{'Idle': 14.00925925925926}
UartTxTask,179225,179227,4630794.185185186,4630816.236111111,22.050925925925927,{'TelemetryTask': 22.05092592537403}
UartTxTask,179231,179232,4631535.125,4631550.083333333,14.958333333333334,{'Idle': 14.958333332781438}
TelemetryTask,179236,179237,4638633.175925926,4638647.12962963,13.953703703703704,{'Idle': 13.95370370315181}
UartTxTask,179239,179241,4640794.222222222,4640816.300925926,22.078703703703702,"{'TelemetryTask': 22.078703703703702, 'UartTxTask': 5.518948590313946e-10}"
UartTxTask,179245,179246,4641535.101851852,4641549.893518519,14.791666666666666,{'Idle': 14.791666666666666}
TelemetryTask,179250,179251,4648633.162037037,4648647.115740741,13.953703703703704,{'Idle': 13.953703703703704}
UartTxTask,179253,179255,4650793.916666667,4650816.291666667,22.375,"{'TelemetryTask': 22.374999999448107, 'UartTxTask': 5.518948590313946e-10}"
UartTxTask,179259,179260,4651535.351851852,4651549.87962963,14.527777777777779,{'Idle': 14.527777777777779}
TelemetryTask,179264,179265,4658633.064814814,4658647.032407408,13.967592592592593,{'Idle': 13.967592593144488}
UartTxTask,179267,179269,4660793.476851852,4660815.74537037,22.26851851851852,{'TelemetryTask': 22.26851851851852}
UartTxTask,179273,179274,4661534.824074074,4661549.555555556,14.731481481481481,"{'Idle': 14.731481482033375, 'UartTxTask': 5.518948590313946e-10}"
TelemetryTask,179278,179279,4668633.101851852,4668646.930555556,13.828703703703704,"{'Idle': 13.828703703703704, 'TelemetryTask': 5.518948590313946e-10}"
UartTxTask,179281,179283,4670793.305555556,4670815.583333333,22.27777777777778,{'TelemetryTask': 22.277777776673986}
UartTxTask,179287,179288,4671534.310185186,4671549.083333333,14.773148148148149,{'Idle': 14.773148147044358}
TelemetryTask,179292,179293,4678632.921296297,4678647.046296297,14.125,"{'Idle': 14.124999999448105, 'TelemetryTask': 5.518948590313946e-10}"
UartTxTask,179295,179297,4680794.111111111,4680815.907407408,21.796296296296298,{'TelemetryTask': 21.796296296296298}
UartTxTask,179301,179302,4681534.75462963,4681549.513888889,14.75925925925926,{'Idle': 14.75925925925926}
TelemetryTask,179306,179307,4688632.944444444,4688647.060185186,14.11574074074074,"{'Idle': 14.115740741292635, 'TelemetryTask': 5.518948590313946e-10}"
UartTxTask,179309,179311,4690794.726851852,4690816.861111111,22.13425925925926,{'TelemetryTask': 22.13425925925926}
UartTxTask,179315,179316,4691535.814814814,4691550.592592592,14.777777777777779,{'Idle': 14.777777778329673}
TelemetryTask,179320,179321,4698633.083333333,4698647.342592592,14.25925925925926,{'Idle': 14.259259259811154}
UartTxTask,179323,179325,4700794.967592592,4700817.25,22.28240740740741,{'TelemetryTask': 22.28240740740741}
UartTxTask,179329,179330,4701536.421296297,4701551.310185186,14.88888888888889,"{'Idle': 14.888888888336995, 'UartTxTask': 5.518948590313946e-10}"
TelemetryTask,179334,179335,4708632.944444444,4708647.152777778,14.208333333333334,{'Idle': 14.208333333885228}
UartTxTask,179337,179339,4710793.703703703,4710815.986111111,22.28240740740741,{'TelemetryTask': 22.282407407959305}
UartTxTask,179343,179344,4711535.064814814,4711549.856481481,14.791666666666666,{'Idle': 14.79166666721856}
TelemetryTask,179348,179349,4718632.925925926,4718646.986111111,14.060185185185185,{'Idle': 14.06018518463329}
UartTxTask,179351,179353,4720793.731481481,4720815.856481481,22.125,{'TelemetryTask': 22.125}
UartTxTask,179357,179358,4721534.62962963,4721549.287037037,14.657407407407407,{'Idle': 14.657407407407407}
TelemetryTask,179362,179363,4728633.101851852,4728647.263888889,14.162037037037036,{'Idle': 14.162037037037036}
UartTxTask,179365,179367,4730794.490740741,4730816.472222222,21.98148148148148,{'TelemetryTask': 21.98148148148148}
UartTxTask,179371,179372,4731535.462962963,4731550.24537037,14.782407407407407,{'Idle': 14.782407407407407}
TelemetryTask,179376,179377,4738632.898148148,4738646.824074074,13.925925925925926,{'Idle': 13.925925925374031}
UartTxTask,179379,179381,4740793.87037037,4740816.166666667,22.296296296296298,"{'TelemetryTask': 22.296296296296298, 'UartTxTask': 5.518948590313946e-10}"
UartTxTask,179385,179386,4741535.152777778,4741550.00462963,14.851851851851851,{'Idle': 14.851851851851851}
TelemetryTask,179390,179391,4748633.041666667,4748647.143518519,14.101851851851851,{'Idle': 14.101851851299957}
UartTxTask,179393,179395,4750792.541666667,4750814.675925926,22.13425925925926,"{'TelemetryTask': 22.134259258707363, 'UartTxTask': 5.518948590313946e-10}"
UartTxTask,179399,179400,4751533.875,4751548.824074074,14.949074074074074,{'Idle': 14.94907407352218}
TelemetryTask,179404,179405,4758633.111111111,4758647.166666667,14.055555555555555,"{'Idle': 14.055555555555555, 'TelemetryTask': 5.518948590313946e-10}"
ButtonTask,179408,179413,4759560.166666667,4760878.087962963,1317.9212962962963,"{'ISR#56': 5.726851851299957, 'TelemetryTask': 1312.1944444444446}"
UartTxTask,179411,179417,4760857.319444444,4761014.217592592,156.89814814814815,"{'TelemetryTask': 20.768518519070412, 'ButtonTask': 136.12962962962962}"
UartTxTask,179421,179422,4761746.236111111,4761755.185185186,8.949074074074074,"{'Idle': 8.949074074074074, 'UartTxTask': 5.518948590313946e-10}"
UartTxTask,179427,179428,4762485.490740741,4762494.875,9.38425925925926,{'Idle': 9.38425925925926}
TelemetryTask,179432,179433,4768632.976851852,4768647.064814814,14.087962962962964,{'Idle': 14.087962962411067}
UartTxTask,179435,179437,4770793.347222222,4770815.064814814,21.71759259259259,{'TelemetryTask': 21.7175925920407}
UartTxTask,179441,179442,4771533.583333333,4771548.421296297,14.837962962962964,"{'Idle': 14.837962963514858, 'UartTxTask': 5.518948590313946e-10}"
TelemetryTask,179446,179447,4778633.064814814,4778647.106481481,14.041666666666666,{'Idle': 14.04166666721856}
UartTxTask,179449,179451,4780793.884259259,4780816.00462963,22.12037037037037,{'TelemetryTask': 22.12037037037037}
UartTxTask,179455,179456,4781534.916666667,4781549.953703703,15.037037037037036,{'Idle': 15.037037035933247}
TelemetryTask,179460,179461,4788633.046296297,4788647.296296297,14.25,"{'Idle': 14.249999999448105, 'TelemetryTask': 5.518948590313946e-10}"
UartTxTask,179463,179465,4790793.481481481,4790815.583333333,22.10185185185185,{'TelemetryTask': 22.10185185129996}
UartTxTask,179469,179470,4791534.402777778,4791549.273148148,14.87037037037037,{'Idle': 14.87037037037037}
TelemetryTask,179474,179475,4798633.083333333,4798647.138888889,14.055555555555555,{'Idle': 14.05555555610745}
UartTxTask,179477,179479,4800794.814814814,4800817.125,22.310185185185187,{'TelemetryTask': 22.31018518573708}
UartTxTask,179483,179484,4801535.912037037,4801550.703703703,14.791666666666666,{'Idle': 14.791666666114772}
TelemetryTask,179488,179489,4808633.0,4808647.222222222,14.222222222222221,{'Idle': 14.222222222222221}
UartTxTask,179491,179493,4810794.375,4810816.708333333,22.333333333333332,{'TelemetryTask': 22.333333332781436}
UartTxTask,179497,179498,4811535.634259259,4811550.356481481,14.722222222222221,{'Idle': 14.722222222222221}
TelemetryTask,179502,179503,4818633.115740741,4818647.527777778,14.412037037037036,{'Idle': 14.412037037037036}
UartTxTask,179505,179507,4820793.736111111,4820815.824074074,22.087962962962962,{'TelemetryTask': 22.08796296241107}
UartTxTask,179511,179512,4821534.518518519,4821549.25462963,14.73611111111111,{'Idle': 14.73611111111111}
TelemetryTask,179516,179517,4828633.208333333,4828647.638888889,14.430555555555555,{'Idle': 14.43055555610745}
UartTxTask,179519,179521,4830794.175925926,4830816.384259259,22.208333333333332,{'TelemetryTask': 22.20833333278144}
UartTxTask,179525,179526,4831534.819444444,4831549.625,14.805555555555555,{'Idle': 14.80555555610745}
TelemetryTask,179530,179531,4838632.958333333,4838647.314814814,14.356481481481481,{'Idle': 14.356481481481481}
UartTxTask,179533,179535,4840794.643518519,4840817.027777778,22.38425925925926,{'TelemetryTask': 22.38425925925926}
UartTxTask,179539,179540,4841536.199074074,4841551.212962963,15.01388888888889,{'Idle': 15.013888889440784}
TelemetryTask,179544,179545,4848633.050925926,4848647.143518519,14.092592592592593,{'Idle': 14.092592592040697}
UartTxTask,179547,179549,4850793.944444444,4850815.731481481,21.787037037037038,{'TelemetryTask': 21.78703703758893}
UartTxTask,179553,179554,4851535.240740741,4851549.888888889,14.648148148148149,{'Idle': 14.648148148148149}
TelemetryTask,179558,179559,4858633.064814814,4858646.796296297,13.731481481481481,"{'Idle': 13.731481482033375, 'TelemetryTask': 5.518948590313946e-10}"
UartTxTask,179561,179563,4860794.111111111,4860816.212962963,22.10185185185185,{'TelemetryTask': 22.10185185185185}
UartTxTask,179567,179568,4861534.731481481,4861549.615740741,14.88425925925926,{'Idle': 14.88425925925926}
TelemetryTask,179572,179573,4868633.125,4868647.041666667,13.916666666666666,"{'Idle': 13.916666666666666, 'TelemetryTask': 5.518948590313946e-10}"
UartTxTask,179575,179577,4870794.388888889,4870816.666666667,22.27777777777778,"{'TelemetryTask': 22.27777777777778, 'UartTxTask': 5.518948590313946e-10}"
UartTxTask,179581,179582,4871535.967592592,4871550.412037037,14.444444444444445,{'Idle': 14.444444444444445}
TelemetryTask,179586,179587,4878633.092592592,4878647.180555556,14.087962962962964,"{'Idle': 14.087962962962964, 'TelemetryTask': 5.518948590313946e-10}"
UartTxTask,179589,179591,4880793.662037037,4880815.393518519,21.73148148148148,{'TelemetryTask': 21.73148148148148}
UartTxTask,179595,179596,4881534.490740741,4881549.384259259,14.893518518518519,{'Idle': 14.893518518518519}
TelemetryTask,179600,179601,4888632.990740741,4888647.00462963,14.01388888888889,{'Idle': 14.01388888888889}
UartTxTask,179603,179605,4890793.472222222,4890816.078703703,22.60648148148148,{'TelemetryTask': 22.606481480929588}
UartTxTask,179609,179610,4891534.592592592,4891549.277777778,14.685185185185185,{'Idle': 14.685185185185185}
TelemetryTask,179614,179615,4898632.939814814,4898646.939814814,14.0,{'Idle': 14.0}
UartTxTask,179617,179619,4900793.171296297,4900815.791666667,22.62037037037037,"{'TelemetryTask': 22.620370369818474, 'UartTxTask': 5.518948590313946e-10}"
UartTxTask,179623,179624,4901534.356481481,4901548.972222222,14.61574074074074,{'Idle': 14.61574074074074}
TelemetryTask,179628,179629,4908632.986111111,4908646.763888889,13.777777777777779,{'Idle': 13.777777777777779}
UartTxTask,179631,179633,4910793.541666667,4910815.537037037,21.99537037037037,{'TelemetryTask': 21.995370369818474}
UartTxTask,179637,179638,4911534.37962963,4911549.263888889,14.88425925925926,{'Idle': 14.88425925925926}
TelemetryTask,179642,179643,4918633.101851852,4918647.476851852,14.375,{'Idle': 14.375}
UartTxTask,179645,179647,4920794.032407408,4920816.194444444,22.162037037037038,{'TelemetryTask': 22.162037036485142}
UartTxTask,179651,179652,4921535.069444444,4921550.12037037,15.050925925925926,{'Idle': 15.05092592647782}
TelemetryTask,179656,179657,4928633.125,4928646.962962963,13.837962962962964,{'Idle': 13.837962962962964}
UartTxTask,179659,179661,4930793.532407408,4930816.171296297,22.63888888888889,"{'TelemetryTask': 22.638888888888886, 'UartTxTask': 5.518948590313946e-10}"
UartTxTask,179665,179666,4931534.837962963,4931549.300925926,14.462962962962964,"{'Idle': 14.462962962962964, 'UartTxTask': 5.518948590313946e-10}"
TelemetryTask,179670,179671,4938632.953703703,4938646.819444444,13.86574074074074,{'Idle': 13.86574074074074}
UartTxTask,179673,179675,4940794.384259259,4940816.597222222,22.212962962962962,{'TelemetryTask': 22.212962962962962}
UartTxTask,179679,179680,4941535.773148148,4941550.453703703,14.680555555555555,{'Idle': 14.68055555500366}
TelemetryTask,179684,179685,4948633.037037037,4948647.240740741,14.203703703703704,{'Idle': 14.203703703703704}
UartTxTask,179687,179689,4950794.347222222,4950816.472222222,22.125,{'TelemetryTask': 22.125}
UartTxTask,179693,179694,4951535.726851852,4951550.634259259,14.907407407407407,{'Idle': 14.907407407407407}
TelemetryTask,179698,179699,4958633.143518519,4958647.240740741,14.097222222222221,{'Idle': 14.097222222222221}
UartTxTask,179701,179703,4960795.087962963,4960817.365740741,22.27777777777778,{'TelemetryTask': 22.27777777777778}
UartTxTask,179707,179708,4961536.416666667,4961551.101851852,14.685185185185185,{'Idle': 14.68518518463329}
TelemetryTask,179712,179713,4968633.078703703,4968646.842592592,13.76388888888889,{'Idle': 13.763888889440784}
UartTxTask,179715,179717,4970793.861111111,4970816.0,22.13888888888889,{'TelemetryTask': 22.138888888888886}
UartTxTask,179721,179722,4971535.550925926,4971550.458333333,14.907407407407407,{'Idle': 14.907407407407407}
TelemetryTask,179726,179727,4978633.060185186,4978647.50462963,14.444444444444445,{'Idle': 14.444444444444445}
UartTxTask,179729,179731,4980794.425925926,4980816.967592592,22.541666666666668,{'TelemetryTask': 22.541666666666668}
UartTxTask,179735,179736,4981536.439814814,4981551.171296297,14.731481481481481,{'Idle': 14.731481481481481}
TelemetryTask,179740,179741,4988632.99537037,4988646.763888889,13.768518518518519,{'Idle': 13.768518518518519}
UartTxTask,179743,179745,4990794.00462963,4990816.481481481,22.47685185185185,{'TelemetryTask': 22.476851851851855}
UartTxTask,179749,179750,4991535.194444444,4991550.046296297,14.851851851851851,{'Idle': 14.851851851851851}
TelemetryTask,179754,179755,4998632.865740741,4998647.097222222,14.231481481481481,{'Idle': 14.231481481481481}
UartTxTask,179757,179759,5000793.569444444,5000815.560185186,21.99074074074074,{'TelemetryTask': 21.99074074074074}
UartTxTask,179763,179764,5001534.310185186,5001549.449074074,15.13888888888889,{'Idle': 15.13888888888889}
TelemetryTask,179768,179769,5008633.064814814,5008647.328703703,14.26388888888889,{'Idle': 14.26388888888889}
UartTxTask,179771,179773,5010793.726851852,5010815.564814814,21.837962962962962,{'TelemetryTask': 21.837962962962962}
UartTxTask,179777,179778,5011534.231481481,5011549.162037037,14.930555555555555,{'Idle': 14.930555555555555}
TelemetryTask,179782,179783,5018633.12962963,5018646.708333333,13.578703703703704,{'Idle': 13.578703703703704}
UartTxTask,179785,179787,5020793.986111111,5020816.013888889,22.02777777777778,{'TelemetryTask': 22.02777777777778}
UartTxTask,179791,179792,5021534.800925926,5021549.541666667,14.74074074074074,{'Idle': 14.74074074074074}
TelemetryTask,179796,179797,5028632.833333333,5028646.87037037,14.037037037037036,{'Idle': 14.037037037037036}
UartTxTask,179799,179801,5030793.972222222,5030816.055555556,22.083333333333332,{'TelemetryTask': 22.083333333333332}
UartTxTask,179805,179806,5031534.615740741,5031549.287037037,14.671296296296296,{'Idle': 14.671296296296296}
TelemetryTask,179810,179811,5038632.990740741,5038646.791666667,13.800925925925926,{'Idle': 13.800925925925926}
UartTxTask,179813,179815,5040793.967592592,5040815.800925926,21.833333333333332,{'TelemetryTask': 21.833333333333336}
UartTxTask,179819,179820,5041535.388888889,5041550.027777778,14.63888888888889,{'Idle': 14.63888888888889}
TelemetryTask,179824,179825,5048633.0,5048647.347222222,14.347222222222221,{'Idle': 14.347222222222221}
UartTxTask,179827,179829,5050794.212962963,5050816.62962963,22.416666666666668,{'TelemetryTask': 22.416666666666668}
UartTxTask,179833,179834,5051535.486111111,5051549.847222222,14.36111111111111,{'Idle': 14.36111111111111}
TelemetryTask,179838,179839,5058633.064814814,5058646.856481481,13.791666666666666,{'Idle': 13.791666666666666}
UartTxTask,179841,179843,5060793.226851852,5060815.152777778,21.925925925925927,{'TelemetryTask': 21.925925925925924}
UartTxTask,179847,179848,5061533.587962963,5061548.236111111,14.648148148148149,{'Idle': 14.648148148148149}
TelemetryTask,179852,179853,5068632.981481481,5068647.143518519,14.162037037037036,{'Idle': 14.162037037037036}
UartTxTask,179855,179857,5070793.333333333,5070815.180555556,21.84722222222222,{'TelemetryTask': 21.84722222222222}
UartTxTask,179861,179862,5071534.018518519,5071548.291666667,14.273148148148149,{'Idle': 14.273148148148149}
TelemetryTask,179866,179867,5078632.740740741,5078646.958333333,14.217592592592593,{'Idle': 14.217592592592593}
UartTxTask,179869,179871,5080794.222222222,5080816.314814814,22.09259259259259,{'TelemetryTask': 22.09259259259259}
UartTxTask,179875,179876,5081534.981481481,5081549.736111111,14.75462962962963,{'Idle': 14.75462962962963}
TelemetryTask,179880,179881,5088633.115740741,5088647.666666667,14.550925925925926,{'Idle': 14.550925925925926}
UartTxTask,179883,179885,5090794.662037037,5090816.773148148,22.11111111111111,{'TelemetryTask': 22.111111111111114}
UartTxTask,179889,179890,5091535.777777778,5091550.435185186,14.657407407407407,{'Idle': 14.657407407407407}
TelemetryTask,179894,179895,5098633.097222222,5098647.12962963,14.032407407407407,{'Idle': 14.032407407407407}
UartTxTask,179897,179899,5100793.375,5100815.347222222,21.97222222222222,{'TelemetryTask': 21.97222222222222}
UartTxTask,179903,179904,5101534.041666667,5101548.74537037,14.703703703703704,{'Idle': 14.703703703703704}
TelemetryTask,179908,179909,5108633.111111111,5108646.814814814,13.703703703703704,{'Idle': 13.703703703703704}
UartTxTask,179911,179913,5110793.138888889,5110815.430555556,22.291666666666668,{'TelemetryTask': 22.291666666666664}
UartTxTask,179917,179918,5111534.393518519,5111548.916666667,14.523148148148149,{'Idle': 14.523148148148149}
TelemetryTask,179922,179923,5118633.083333333,5118647.115740741,14.032407407407407,{'Idle': 14.032407407407407}
UartTxTask,179925,179927,5120793.226851852,5120815.925925926,22.699074074074073,{'TelemetryTask': 22.699074074074076}
UartTxTask,179931,179932,5121534.657407408,5121549.49537037,14.837962962962964,{'Idle': 14.837962962962964}
TelemetryTask,179936,179937,5128632.958333333,5128647.189814814,14.231481481481481,{'Idle': 14.231481481481481}
UartTxTask,179939,179941,5130794.162037037,5130816.319444444,22.15740740740741,{'TelemetryTask': 22.15740740740741}
UartTxTask,179945,179946,5131535.226851852,5131549.712962963,14.48611111111111,{'Idle': 14.48611111111111}
TelemetryTask,179950,179951,5138633.083333333,5138647.273148148,14.189814814814815,{'Idle': 14.189814814814815}
UartTxTask,179953,179955,5140794.425925926,5140816.523148148,22.09722222222222,{'TelemetryTask': 22.09722222222222}
UartTxTask,179959,179960,5141535.152777778,5141549.842592592,14.689814814814815,{'Idle': 14.689814814814815}
TelemetryTask,179964,179965,5148632.921296297,5148646.837962963,13.916666666666666,{'Idle': 13.916666666666666}
UartTxTask,179967,179969,5150794.976851852,5150817.282407408,22.305555555555557,{'TelemetryTask': 22.305555555555557}
UartTxTask,179973,179974,5151536.236111111,5151550.921296297,14.685185185185185,{'Idle': 14.685185185185185}
TelemetryTask,179978,179979,5158633.027777778,5158647.143518519,14.11574074074074,{'Idle': 14.11574074074074}
UartTxTask,179981,179983,5160793.578703703,5160815.634259259,22.055555555555557,{'TelemetryTask': 22.055555555555557}
UartTxTask,179987,179988,5161534.916666667,5161549.615740741,14.699074074074074,{'Idle': 14.699074074074074}
TelemetryTask,179992,179993,5168633.148148148,5168647.152777778,14.00462962962963,{'Idle': 14.00462962962963}
UartTxTask,179995,179997,5170793.62037037,5170815.925925926,22.305555555555557,{'TelemetryTask': 22.305555555555557}
UartTxTask,180001,180002,5171534.810185186,5171549.356481481,14.546296296296296,{'Idle': 14.546296296296296}
TelemetryTask,180006,180007,5178633.041666667,5178646.986111111,13.944444444444445,{'Idle': 13.944444444444445}
UartTxTask,180009,180011,5180793.625,5180815.592592592,21.96759259259259,{'TelemetryTask': 21.96759259259259}
UartTxTask,180015,180016,5181534.523148148,5181549.486111111,14.962962962962964,{'Idle': 14.962962962962964}
TelemetryTask,180020,180021,5188632.981481481,5188646.759259259,13.777777777777779,{'Idle': 13.777777777777779}
UartTxTask,180023,180025,5190794.268518519,5190816.611111111,22.34259259259259,{'TelemetryTask': 22.342592592592595}
UartTxTask,180029,180030,5191534.884259259,5191549.833333333,14.949074074074074,{'Idle': 14.949074074074074}
TelemetryTask,180034,180035,5198633.074074074,5198647.009259259,13.935185185185185,{'Idle': 13.935185185185185}
UartTxTask,180037,180039,5200793.569444444,5200815.726851852,22.15740740740741,{'TelemetryTask': 22.15740740740741}
UartTxTask,180043,180044,5201534.25462963,5201548.990740741,14.73611111111111,{'Idle': 14.73611111111111}
TelemetryTask,180048,180049,5208632.990740741,5208646.666666667,13.675925925925926,{'Idle': 13.675925925925926}
UartTxTask,180051,180053,5210793.106481481,5210815.138888889,22.03240740740741,{'TelemetryTask': 22.03240740740741}
UartTxTask,180057,180058,5211534.310185186,5211548.925925926,14.61574074074074,{'Idle': 14.61574074074074}
TelemetryTask,180062,180063,5218633.083333333,5218647.277777778,14.194444444444445,{'Idle': 14.194444444444445}
UartTxTask,180065,180067,5220795.421296297,5220817.902777778,22.48148148148148,{'TelemetryTask': 22.48148148148148}
UartTxTask,180071,180072,5221537.203703703,5221551.759259259,14.555555555555555,{'Idle': 14.555555555555555}
TelemetryTask,180076,180077,5228632.944444444,5228647.152777778,14.208333333333334,{'Idle': 14.208333333333334}
UartTxTask,180079,180081,5230793.5,5230815.472222222,21.97222222222222,{'TelemetryTask': 21.97222222222222}
UartTxTask,180085,180086,5231534.708333333,5231549.736111111,15.027777777777779,{'Idle': 15.027777777777779}
TelemetryTask,180090,180091,5238632.930555556,5238646.648148148,13.717592592592593,{'Idle': 13.717592592592593}
UartTxTask,180093,180095,5240794.907407408,5240817.12037037,22.212962962962962,{'TelemetryTask': 22.212962962962962}
UartTxTask,180099,180100,5241536.060185186,5241550.74537037,14.685185185185185,{'Idle': 14.685185185185185}
TelemetryTask,180104,180105,5248633.101851852,5248647.462962963,14.36111111111111,{'Idle': 14.36111111111111}
UartTxTask,180107,180109,5250793.828703703,5250815.722222222,21.89351851851852,{'TelemetryTask': 21.89351851851852}
UartTxTask,180113,180114,5251534.555555556,5251549.027777778,14.472222222222221,{'Idle': 14.472222222222221}
TelemetryTask,180118,180119,5258633.203703703,5258647.615740741,14.412037037037036,{'Idle': 14.412037037037036}
UartTxTask,180121,180123,5260794.333333333,5260816.361111111,22.02777777777778,{'TelemetryTask': 22.02777777777778}
UartTxTask,180127,180128,5261535.152777778,5261549.62037037,14.467592592592593,{'Idle': 14.467592592592593}
TelemetryTask,180132,180133,5268632.893518519,5268647.138888889,14.24537037037037,{'Idle': 14.24537037037037}
UartTxTask,180135,180137,5270793.453703703,5270815.625,22.171296296296298,{'TelemetryTask': 22.171296296296298}
UartTxTask,180141,180142,5271534.333333333,5271549.138888889,14.805555555555555,{'Idle': 14.805555555555555}
TelemetryTask,180146,180147,5278633.050925926,5278646.953703703,13.902777777777779,{'Idle': 13.902777777777779}
UartTxTask,180149,180151,5280793.532407408,5280815.740740741,22.208333333333332,{'TelemetryTask': 22.208333333333336}
UartTxTask,180155,180156,5281534.939814814,5281549.541666667,14.601851851851851,{'Idle': 14.601851851851851}
TelemetryTask,180160,180161,5288633.106481481,5288647.027777778,13.921296296296296,{'Idle': 13.921296296296296}
UartTxTask,180163,180165,5290793.875,5290815.699074074,21.824074074074073,{'TelemetryTask': 21.824074074074076}
UartTxTask,180169,180170,5291534.680555556,5291549.430555556,14.75,{'Idle': 14.75}
TelemetryTask,180174,180175,5298633.018518519,5298647.388888889,14.37037037037037,{'Idle': 14.37037037037037}
UartTxTask,180177,180179,5300793.930555556,5300815.768518519,21.837962962962962,{'TelemetryTask': 21.837962962962962}
UartTxTask,180183,180184,5301534.680555556,5301549.416666667,14.73611111111111,{'Idle': 14.73611111111111}
TelemetryTask,180188,180189,5308633.083333333,5308647.097222222,14.01388888888889,{'Idle': 14.01388888888889}
UartTxTask,180191,180193,5310794.5,5310816.583333333,22.083333333333332,{'TelemetryTask': 22.083333333333332}
UartTxTask,180197,180198,5311535.333333333,5311549.958333333,14.625,{'Idle': 14.625}
TelemetryTask,180202,180203,5318632.986111111,5318647.087962963,14.101851851851851,{'Idle': 14.101851851851851}
UartTxTask,180205,180207,5320794.023148148,5320816.069444444,22.046296296296298,{'TelemetryTask': 22.046296296296298}
UartTxTask,180211,180212,5321535.101851852,5321549.912037037,14.810185185185185,{'Idle': 14.810185185185185}
TelemetryTask,180216,180217,5328632.916666667,5328646.99537037,14.078703703703704,{'Idle': 14.078703703703704}
UartTxTask,180219,180221,5330793.574074074,5330815.907407408,22.333333333333332,{'TelemetryTask': 22.333333333333332}
UartTxTask,180225,180226,5331534.819444444,5331549.49537037,14.675925925925926,{'Idle': 14.675925925925926}
TelemetryTask,180230,180231,5338633.069444444,5338647.25462963,14.185185185185185,{'Idle': 14.185185185185185}
UartTxTask,180233,180235,5340794.472222222,5340816.541666667,22.069444444444443,{'TelemetryTask': 22.069444444444443}
UartTxTask,180239,180240,5341535.203703703,5341550.162037037,14.958333333333334,{'Idle': 14.958333333333334}
TelemetryTask,180244,180245,5348633.12037037,5348647.222222222,14.101851851851851,{'Idle': 14.101851851851851}
UartTxTask,180247,180249,5350793.763888889,5350815.800925926,22.037037037037038,{'TelemetryTask': 22.037037037037038}
UartTxTask,180253,180254,5351534.796296297,5351549.694444444,14.898148148148149,{'Idle': 14.898148148148149}
TelemetryTask,180258,180259,5358633.217592592,5358647.148148148,13.930555555555555,{'Idle': 13.930555555555555}
UartTxTask,180261,180263,5360793.37037037,5360815.416666667,22.046296296296298,{'TelemetryTask': 22.046296296296298}
UartTxTask,180267,180268,5361534.472222222,5361549.402777778,14.930555555555555,{'Idle': 14.930555555555555}
TelemetryTask,180272,180273,5368633.115740741,5368647.060185186,13.944444444444445,{'Idle': 13.944444444444445}
UartTxTask,180275,180277,5370793.99537037,5370815.87962963,21.88425925925926,{'TelemetryTask': 21.88425925925926}
UartTxTask,180281,180282,5371534.689814814,5371549.314814814,14.625,{'Idle': 14.625}
TelemetryTask,180286,180287,5378632.856481481,5378646.884259259,14.027777777777779,{'Idle': 14.027777777777779}
UartTxTask,180289,180291,5380793.032407408,5380815.032407408,22.0,{'TelemetryTask': 22.0}
UartTxTask,180295,180296,5381534.310185186,5381549.157407408,14.847222222222221,{'Idle': 14.847222222222221}
TelemetryTask,180300,180301,5388633.12962963,5388646.768518519,13.63888888888889,{'Idle': 13.63888888888889}
UartTxTask,180303,180305,5390793.601851852,5390815.662037037,22.060185185185187,{'TelemetryTask': 22.060185185185183}
UartTxTask,180309,180310,5391534.078703703,5391548.875,14.796296296296296,{'Idle': 14.796296296296296}
TelemetryTask,180314,180315,5398633.143518519,5398647.162037037,14.018518518518519,{'Idle': 14.018518518518519}
UartTxTask,180317,180319,5400793.87962963,5400816.277777778,22.39814814814815,{'TelemetryTask': 22.39814814814815}
UartTxTask,180323,180324,5401535.0,5401549.930555556,14.930555555555555,{'Idle': 14.930555555555555}
TelemetryTask,180328,180329,5408633.009259259,5408647.166666667,14.157407407407407,{'Idle': 14.157407407407407}
UartTxTask,180331,180333,5410793.555555556,5410815.601851852,22.046296296296298,{'TelemetryTask': 22.046296296296298}
UartTxTask,180337,180338,5411534.296296297,5411548.939814814,14.643518518518519,{'Idle': 14.643518518518519}
TelemetryTask,180342,180343,5418633.194444444,5418647.236111111,14.041666666666666,{'Idle': 14.041666666666666}
UartTxTask,180345,180347,5420793.75,5420815.986111111,22.23611111111111,{'TelemetryTask': 22.23611111111111}
UartTxTask,180351,180352,5421534.643518519,5421549.476851852,14.833333333333334,{'Idle': 14.833333333333334}
TelemetryTask,180356,180357,5428633.125,5428647.046296297,13.921296296296296,{'Idle': 13.921296296296296}
UartTxTask,180359,180361,5430793.842592592,5430816.074074074,22.23148148148148,{'TelemetryTask': 22.23148148148148}
UartTxTask,180365,180366,5431534.759259259,5431549.601851852,14.842592592592593,{'Idle': 14.842592592592593}
TelemetryTask,180370,180371,5438633.064814814,5438647.027777778,13.962962962962964,{'Idle': 13.962962962962964}
UartTxTask,180373,180375,5440793.736111111,5440815.805555556,22.069444444444443,{'TelemetryTask': 22.069444444444443}
UartTxTask,180379,180380,5441534.314814814,5441549.083333333,14.768518518518519,{'Idle': 14.768518518518519}
TelemetryTask,180384,180385,5448633.125,5448646.921296297,13.796296296296296,{'Idle': 13.796296296296296}
UartTxTask,180387,180389,5450794.013888889,5450815.990740741,21.97685185185185,{'TelemetryTask': 21.976851851851855}
UartTxTask,180393,180394,5451534.337962963,5451548.939814814,14.601851851851851,{'Idle': 14.601851851851851}
TelemetryTask,180398,180399,5458633.023148148,5458647.351851852,14.328703703703704,{'Idle': 14.328703703703704}
UartTxTask,180401,180403,5460794.898148148,5460817.236111111,22.337962962962962,{'TelemetryTask': 22.337962962962962}
UartTxTask,180407,180408,5461536.046296297,5461550.675925926,14.62962962962963,{'Idle': 14.62962962962963}
TelemetryTask,180412,180413,5468632.953703703,5468646.87037037,13.916666666666666,{'Idle': 13.916666666666666}
UartTxTask,180415,180417,5470793.935185186,5470815.884259259,21.949074074074073,{'TelemetryTask': 21.949074074074076}
UartTxTask,180421,180422,5471534.152777778,5471548.685185186,14.532407407407407,{'Idle': 14.532407407407407}
TelemetryTask,180426,180427,5478633.111111111,5478646.976851852,13.86574074074074,{'Idle': 13.86574074074074}
UartTxTask,180429,180431,5480793.722222222,5480816.046296297,22.324074074074073,{'TelemetryTask': 22.324074074074076}
UartTxTask,180435,180436,5481534.902777778,5481549.601851852,14.699074074074074,{'Idle': 14.699074074074074}
TelemetryTask,180440,180441,5488632.981481481,5488647.365740741,14.38425925925926,{'Idle': 14.38425925925926}
UartTxTask,180443,180445,5490794.425925926,5490816.319444444,21.89351851851852,{'TelemetryTask': 21.89351851851852}
UartTxTask,180449,180450,5491535.351851852,5491550.171296297,14.819444444444445,{'Idle': 14.819444444444445}
TelemetryTask,180454,180455,5498632.810185186,5498646.939814814,14.12962962962963,{'Idle': 14.12962962962963}
UartTxTask,180457,180459,5500794.078703703,5500816.0,21.921296296296298,{'TelemetryTask': 21.921296296296298}
UartTxTask,180463,180464,5501534.643518519,5501549.319444444,14.675925925925926,{'Idle': 14.675925925925926}
TelemetryTask,180468,180469,5508632.958333333,5508646.939814814,13.981481481481481,{'Idle': 13.981481481481481}
UartTxTask,180471,180473,5510793.203703703,5510815.541666667,22.337962962962962,{'TelemetryTask': 22.337962962962962}
UartTxTask,180477,180478,5511534.625,5511549.282407408,14.657407407407407,{'Idle': 14.657407407407407}
TelemetryTask,180482,180483,5518633.148148148,5518647.194444444,14.046296296296296,{'Idle': 14.046296296296296}
UartTxTask,180485,180487,5520794.041666667,5520816.50462963,22.462962962962962,{'TelemetryTask': 22.462962962962962}
UartTxTask,180491,180492,5521535.699074074,5521550.597222222,14.898148148148149,{'Idle': 14.898148148148149}
TelemetryTask,180496,180497,5528633.217592592,5528647.097222222,13.87962962962963,{'Idle': 13.87962962962963}
UartTxTask,180499,180501,5530794.351851852,5530816.416666667,22.064814814814813,{'TelemetryTask': 22.064814814814817}
UartTxTask,180505,180506,5531535.305555556,5531550.101851852,14.796296296296296,{'Idle': 14.796296296296296}
TelemetryTask,180510,180511,5538632.962962963,5538647.152777778,14.189814814814815,{'Idle': 14.189814814814815}
UartTxTask,180513,180515,5540794.032407408,5540815.893518519,21.86111111111111,{'TelemetryTask': 21.86111111111111}
UartTxTask,180519,180520,5541535.027777778,5541549.472222222,14.444444444444445,{'Idle': 14.444444444444445}
TelemetryTask,180524,180525,5548633.023148148,5548647.222222222,14.199074074074074,{'Idle': 14.199074074074074}
UartTxTask,180527,180529,5550794.689814814,5550816.930555556,22.24074074074074,{'TelemetryTask': 22.24074074074074}
UartTxTask,180533,180534,5551535.884259259,5551550.398148148,14.51388888888889,{'Idle': 14.51388888888889}
TelemetryTask,180538,180539,5558633.111111111,5558647.134259259,14.023148148148149,{'Idle': 14.023148148148149}
UartTxTask,180541,180543,5560794.555555556,5560816.782407408,22.22685185185185,{'TelemetryTask': 22.22685185185185}
UartTxTask,180547,180548,5561535.962962963,5561550.916666667,14.953703703703704,{'Idle': 14.953703703703704}
TelemetryTask,180552,180553,5568633.092592592,5568646.898148148,13.805555555555555,{'Idle': 13.805555555555555}
UartTxTask,180555,180557,5570793.912037037,5570816.00462963,22.09259259259259,{'TelemetryTask': 22.092592592592595}
UartTxTask,180561,180562,5571534.972222222,5571549.712962963,14.74074074074074,{'Idle': 14.74074074074074}
TelemetryTask,180566,180567,5578632.981481481,5578647.111111111,14.12962962962963,{'Idle': 14.12962962962963}
UartTxTask,180569,180571,5580793.5,5580815.99537037,22.49537037037037,{'TelemetryTask': 22.49537037037037}
UartTxTask,180575,180576,5581534.666666667,5581549.574074074,14.907407407407407,{'Idle': 14.907407407407407}
TelemetryTask,180580,180581,5588633.032407408,5588647.134259259,14.101851851851851,{'Idle': 14.101851851851851}
UartTxTask,180583,180585,5590793.060185186,5590815.583333333,22.52314814814815,{'TelemetryTask': 22.523148148148145}
UartTxTask,180589,180590,5591534.726851852,5591549.189814814,14.462962962962964,{'Idle': 14.462962962962964}
TelemetryTask,180594,180595,5598633.083333333,5598647.009259259,13.925925925925926,{'Idle': 13.925925925925926}
UartTxTask,180597,180599,5600794.587962963,5600816.592592592,22.00462962962963,{'TelemetryTask': 22.00462962962963}
UartTxTask,180603,180604,5601535.731481481,5601550.564814814,14.833333333333334,{'Idle': 14.833333333333334}
TelemetryTask,180608,180609,5608632.986111111,5608646.569444444,13.583333333333334,{'Idle': 13.583333333333334}
UartTxTask,180611,180613,5610793.62037037,5610815.574074074,21.953703703703702,{'TelemetryTask': 21.953703703703702}
UartTxTask,180617,180618,5611534.282407408,5611549.416666667,15.13425925925926,{'Idle': 15.13425925925926}
TelemetryTask,180622,180623,5618633.162037037,5618647.25462963,14.092592592592593,{'Idle': 14.092592592592593}
UartTxTask,180625,180627,5620793.425925926,5620815.356481481,21.930555555555557,{'TelemetryTask': 21.930555555555557}
UartTxTask,180631,180632,5621534.518518519,5621549.296296297,14.777777777777779,{'Idle': 14.777777777777779}
TelemetryTask,180636,180637,5628633.092592592,5628647.296296297,14.203703703703704,{'Idle': 14.203703703703704}
UartTxTask,180639,180641,5630793.606481481,5630815.523148148,21.916666666666668,{'TelemetryTask': 21.916666666666668}
UartTxTask,180645,180646,5631534.412037037,5631548.972222222,14.560185185185185,{'Idle': 14.560185185185185}
TelemetryTask,180650,180651,5638633.055555556,5638647.555555556,14.5,{'Idle': 14.5}
UartTxTask,180653,180655,5640794.708333333,5640816.657407408,21.949074074074073,{'TelemetryTask': 21.949074074074076}
UartTxTask,180659,180660,5641535.583333333,5641550.25462963,14.671296296296296,{'Idle': 14.671296296296296}
TelemetryTask,180664,180665,5648633.069444444,5648647.268518519,14.199074074074074,{'Idle': 14.199074074074074}
UartTxTask,180667,180669,5650793.375,5650815.773148148,22.39814814814815,{'TelemetryTask': 22.39814814814815}
UartTxTask,180673,180674,5651534.708333333,5651549.328703703,14.62037037037037,{'Idle': 14.62037037037037}
TelemetryTask,180678,180679,5658633.046296297,5658647.208333333,14.162037037037036,{'Idle': 14.162037037037036}
UartTxTask,180681,180683,5660793.393518519,5660815.981481481,22.587962962962962,{'TelemetryTask': 22.587962962962962}
UartTxTask,180687,180688,5661534.310185186,5661548.856481481,14.546296296296296,{'Idle': 14.546296296296296}
TelemetryTask,180692,180693,5668633.064814814,5668647.199074074,14.13425925925926,{'Idle': 14.13425925925926}
UartTxTask,180695,180697,5670793.597222222,5670816.240740741,22.64351851851852,{'TelemetryTask': 22.64351851851852}
UartTxTask,180701,180702,5671535.314814814,5671550.097222222,14.782407407407407,{'Idle': 14.782407407407407}
TelemetryTask,180706,180707,5678633.064814814,5678646.717592592,13.652777777777779,{'Idle': 13.652777777777779}
UartTxTask,180709,180711,5680794.217592592,5680816.412037037,22.194444444444443,{'TelemetryTask': 22.194444444444443}
UartTxTask,180715,180716,5681534.949074074,5681549.421296297,14.472222222222221,{'Idle': 14.472222222222221}
TelemetryTask,180720,180721,5688633.037037037,5688647.384259259,14.347222222222221,{'Idle': 14.347222222222221}
UartTxTask,180723,180725,5690794.018518519,5690816.203703703,22.185185185185187,{'TelemetryTask': 22.185185185185183}
UartTxTask,180729,180730,5691535.166666667,5691549.717592592,14.550925925925926,{'Idle': 14.550925925925926}
TelemetryTask,180734,180735,5698632.87037037,5698646.518518519,13.648148148148149,{'Idle': 13.648148148148149}
UartTxTask,180737,180739,5700793.078703703,5700815.180555556,22.10185185185185,{'TelemetryTask': 22.10185185185185}
UartTxTask,180743,180744,5701533.680555556,5701548.189814814,14.50925925925926,{'Idle': 14.50925925925926}
TelemetryTask,180748,180749,5708633.083333333,5708646.916666667,13.833333333333334,{'Idle': 13.833333333333334}
UartTxTask,180751,180753,5710793.601851852,5710815.833333333,22.23148148148148,{'TelemetryTask': 22.23148148148148}
UartTxTask,180757,180758,5711534.444444444,5711549.162037037,14.717592592592593,{'Idle': 14.717592592592593}
TelemetryTask,180762,180763,5718633.078703703,5718647.277777778,14.199074074074074,{'Idle': 14.199074074074074}
UartTxTask,180765,180767,5720793.740740741,5720815.893518519,22.15277777777778,{'TelemetryTask': 22.15277777777778}
UartTxTask,180771,180772,5721535.125,5721549.62962963,14.50462962962963,{'Idle': 14.50462962962963}
TelemetryTask,180776,180777,5728633.060185186,5728647.12037037,14.060185185185185,{'Idle': 14.060185185185185}
UartTxTask,180779,180781,5730793.467592592,5730815.333333333,21.86574074074074,{'TelemetryTask': 21.86574074074074}
UartTxTask,180785,180786,5731534.587962963,5731549.342592592,14.75462962962963,{'Idle': 14.75462962962963}
TelemetryTask,180790,180791,5738633.194444444,5738647.24537037,14.050925925925926,{'Idle': 14.050925925925926}
UartTxTask,180793,180795,5740793.736111111,5740815.611111111,21.875,{'TelemetryTask': 21.875}
UartTxTask,180799,180800,5741534.560185186,5741548.962962963,14.402777777777779,{'Idle': 14.402777777777779}
TelemetryTask,180804,180805,5748633.069444444,5748646.833333333,13.76388888888889,{'Idle': 13.76388888888889}
UartTxTask,180807,180809,5750793.958333333,5750815.981481481,22.02314814814815,{'TelemetryTask': 22.02314814814815}
UartTxTask,180813,180814,5751535.435185186,5751549.777777778,14.342592592592593,{'Idle': 14.342592592592593}
TelemetryTask,180818,180819,5758632.861111111,5758647.166666667,14.305555555555555,{'Idle': 14.305555555555555}
UartTxTask,180821,180823,5760795.282407408,5760817.898148148,22.61574074074074,{'TelemetryTask': 22.61574074074074}
UartTxTask,180827,180828,5761537.62962963,5761552.513888889,14.88425925925926,{'Idle': 14.88425925925926}
TelemetryTask,180832,180833,5768632.967592592,5768646.87037037,13.902777777777779,{'Idle': 13.902777777777779}
UartTxTask,180835,180837,5770793.791666667,5770816.064814814,22.27314814814815,{'TelemetryTask': 22.27314814814815}
UartTxTask,180841,180842,5771535.041666667,5771549.851851852,14.810185185185185,{'Idle': 14.810185185185185}
TelemetryTask,180846,180847,5778633.032407408,5778647.157407408,14.125,{'Idle': 14.125}
UartTxTask,180849,180851,5780794.527777778,5780816.240740741,21.712962962962962,{'TelemetryTask': 21.712962962962962}
UartTxTask,180855,180856,5781534.740740741,5781549.365740741,14.625,{'Idle': 14.625}
TelemetryTask,180860,180861,5788632.939814814,5788647.412037037,14.472222222222221,{'Idle': 14.472222222222221}
UartTxTask,180863,180865,5790794.055555556,5790816.412037037,22.35648148148148,{'TelemetryTask': 22.35648148148148}
UartTxTask,180869,180870,5791535.263888889,5791550.032407408,14.768518518518519,{'Idle': 14.768518518518519}
TelemetryTask,180874,180875,5798633.074074074,5798646.842592592,13.768518518518519,{'Idle': 13.768518518518519}
UartTxTask,180877,180879,5800793.490740741,5800815.75,22.25925925925926,{'TelemetryTask': 22.25925925925926}
UartTxTask,180883,180884,5801534.578703703,5801549.407407408,14.828703703703704,{'Idle': 14.828703703703704}
TelemetryTask,180888,180889,5808633.013888889,5808647.125,14.11111111111111,{'Idle': 14.11111111111111}
UartTxTask,180891,180893,5810793.944444444,5810815.875,21.930555555555557,{'TelemetryTask': 21.930555555555557}
UartTxTask,180897,180898,5811534.685185186,5811549.240740741,14.555555555555555,{'Idle': 14.555555555555555}
TelemetryTask,180902,180903,5818633.097222222,5818647.180555556,14.083333333333334,{'Idle': 14.083333333333334}
UartTxTask,180905,180907,5820794.356481481,5820816.5,22.14351851851852,{'TelemetryTask': 22.14351851851852}
UartTxTask,180911,180912,5821535.486111111,5821550.240740741,14.75462962962963,{'Idle': 14.75462962962963}
TelemetryTask,180916,180917,5828633.032407408,5828646.939814814,13.907407407407407,{'Idle': 13.907407407407407}
UartTxTask,180919,180921,5830793.222222222,5830815.416666667,22.194444444444443,{'TelemetryTask': 22.194444444444443}
UartTxTask,180925,180926,5831534.527777778,5831549.134259259,14.606481481481481,{'Idle': 14.606481481481481}
TelemetryTask,180930,180931,5838633.074074074,5838647.162037037,14.087962962962964,{'Idle': 14.087962962962964}
UartTxTask,180933,180935,5840793.481481481,5840815.685185186,22.203703703703702,{'TelemetryTask': 22.203703703703702}
UartTxTask,180939,180940,5841534.430555556,5841549.199074074,14.768518518518519,{'Idle': 14.768518518518519}
TelemetryTask,180944,180945,5848633.078703703,5848646.703703703,13.625,{'Idle': 13.625}
UartTxTask,180947,180949,5850793.300925926,5850815.037037037,21.73611111111111,{'TelemetryTask': 21.73611111111111}
UartTxTask,180953,180954,5851534.189814814,5851548.861111111,14.671296296296296,{'Idle': 14.671296296296296}
TelemetryTask,180958,180959,5858632.949074074,5858647.0,14.050925925925926,{'Idle': 14.050925925925926}
UartTxTask,180961,180963,5860793.62962963,5860815.592592592,21.962962962962962,{'TelemetryTask': 21.962962962962962}
UartTxTask,180967,180968,5861534.555555556,5861549.240740741,14.685185185185185,{'Idle': 14.685185185185185}
TelemetryTask,180972,180973,5868633.166666667,5868647.402777778,14.23611111111111,{'Idle': 14.23611111111111}
UartTxTask,180975,180977,5870794.902777778,5870817.412037037,22.50925925925926,{'TelemetryTask': 22.50925925925926}
UartTxTask,180981,180982,5871536.842592592,5871551.592592592,14.75,{'Idle': 14.75}
TelemetryTask,180986,180987,5878632.967592592,5878646.837962963,13.87037037037037,{'Idle': 13.87037037037037}
UartTxTask,180989,180991,5880793.162037037,5880815.347222222,22.185185185185187,{'TelemetryTask': 22.185185185185183}
UartTxTask,180995,180996,5881533.865740741,5881548.689814814,14.824074074074074,{'Idle': 14.824074074074074}
TelemetryTask,181000,181001,5888633.013888889,5888646.847222222,13.833333333333334,{'Idle': 13.833333333333334}
UartTxTask,181003,181005,5890794.087962963,5890816.287037037,22.199074074074073,{'TelemetryTask': 22.199074074074076}
UartTxTask,181009,181010,5891535.185185186,5891550.083333333,14.898148148148149,{'Idle': 14.898148148148149}
TelemetryTask,181014,181015,5898633.166666667,5898647.138888889,13.972222222222221,{'Idle': 13.972222222222221}
UartTxTask,181017,181019,5900793.888888889,5900816.537037037,22.64814814814815,{'TelemetryTask': 22.648148148148145}
UartTxTask,181023,181024,5901536.064814814,5901550.634259259,14.569444444444445,{'Idle': 14.569444444444445}
TelemetryTask,181028,181029,5908632.907407408,5908646.763888889,13.856481481481481,{'Idle': 13.856481481481481}
UartTxTask,181031,181033,5910793.12037037,5910815.467592592,22.34722222222222,{'TelemetryTask': 22.34722222222222}
UartTxTask,181037,181038,5911534.796296297,5911549.555555556,14.75925925925926,{'Idle': 14.75925925925926}
TelemetryTask,181042,181043,5918633.097222222,5918647.398148148,14.300925925925926,{'Idle': 14.300925925925926}
UartTxTask,181045,181047,5920793.958333333,5920815.935185186,21.97685185185185,{'TelemetryTask': 21.976851851851855}
UartTxTask,181051,181052,5921534.810185186,5921549.550925926,14.74074074074074,{'Idle': 14.74074074074074}
TelemetryTask,181056,181057,5928632.953703703,5928646.912037037,13.958333333333334,{'Idle': 13.958333333333334}
UartTxTask,181059,181061,5930793.569444444,5930816.018518519,22.449074074074073,{'TelemetryTask': 22.449074074074076}
UartTxTask,181065,181066,5931535.333333333,5931549.824074074,14.49074074074074,{'Idle': 14.49074074074074}
TelemetryTask,181070,181071,5938632.981481481,5938646.763888889,13.782407407407407,{'Idle': 13.782407407407407}
UartTxTask,181073,181075,5940793.476851852,5940816.111111111,22.63425925925926,{'TelemetryTask': 22.63425925925926}
UartTxTask,181079,181080,5941534.912037037,5941549.722222222,14.810185185185185,{'Idle': 14.810185185185185}
TelemetryTask,181084,181085,5948633.078703703,5948647.185185186,14.106481481481481,{'Idle': 14.106481481481481}
UartTxTask,181087,181089,5950794.263888889,5950816.652777778,22.38888888888889,{'TelemetryTask': 22.38888888888889}
UartTxTask,181093,181094,5951536.217592592,5951550.694444444,14.476851851851851,{'Idle': 14.476851851851851}
TelemetryTask,181098,181099,5958633.148148148,5958647.574074074,14.425925925925926,{'Idle': 14.425925925925926}
UartTxTask,181101,181103,5960794.180555556,5960816.189814814,22.00925925925926,{'TelemetryTask': 22.00925925925926}
UartTxTask,181107,181108,5961535.356481481,5961549.777777778,14.421296296296296,{'Idle': 14.421296296296296}
TelemetryTask,181112,181113,5968633.050925926,5968646.972222222,13.921296296296296,{'Idle': 13.921296296296296}
UartTxTask,181115,181117,5970793.842592592,5970815.787037037,21.944444444444443,{'TelemetryTask': 21.944444444444443}
UartTxTask,181121,181122,5971534.601851852,5971549.333333333,14.731481481481481,{'Idle': 14.731481481481481}
TelemetryTask,181126,181127,5978633.092592592,5978647.00462963,13.912037037037036,{'Idle': 13.912037037037036}
UartTxTask,181129,181131,5980794.310185186,5980816.361111111,22.050925925925927,{'TelemetryTask': 22.050925925925927}
UartTxTask,181135,181136,5981535.268518519,5981549.87037037,14.601851851851851,{'Idle': 14.601851851851851}
TelemetryTask,181140,181141,5988633.050925926,5988646.856481481,13.805555555555555,{'Idle': 13.805555555555555}
UartTxTask,181143,181145,5990793.458333333,5990815.74537037,22.287037037037038,{'TelemetryTask': 22.287037037037038}
UartTxTask,181149,181150,5991534.722222222,5991549.648148148,14.925925925925926,{'Idle': 14.925925925925926}
TelemetryTask,181154,181155,5998632.935185186,5998646.814814814,13.87962962962963,{'Idle': 13.87962962962963}
UartTxTask,181157,181159,6000793.625,6000816.148148148,22.52314814814815,{'TelemetryTask': 22.523148148148145}
UartTxTask,181163,181164,6001535.092592592,6001549.587962963,14.49537037037037,{'Idle': 14.49537037037037}
TelemetryTask,181168,181169,6008633.050925926,6008647.055555556,14.00462962962963,{'Idle': 14.00462962962963}
UartTxTask,181171,181173,6010793.62962963,6010816.074074074,22.444444444444443,{'TelemetryTask': 22.444444444444443}
UartTxTask,181177,181178,6011534.810185186,6011549.574074074,14.76388888888889,{'Idle': 14.76388888888889}
TelemetryTask,181182,181183,6018633.078703703,6018647.013888889,13.935185185185185,{'Idle': 13.935185185185185}
UartTxTask,181185,181187,6020793.24537037,6020815.421296297,22.175925925925927,{'TelemetryTask': 22.175925925925924}
UartTxTask,181191,181192,6021534.300925926,6021548.819444444,14.518518518518519,{'Idle': 14.518518518518519}
TelemetryTask,181196,181197,6028633.023148148,6028647.365740741,14.342592592592593,{'Idle': 14.342592592592593}
UartTxTask,181199,181201,6030794.189814814,6030816.916666667,22.72685185185185,{'TelemetryTask': 22.726851851851855}
UartTxTask,181205,181206,6031535.902777778,6031550.666666667,14.76388888888889,{'Idle': 14.76388888888889}
TelemetryTask,181210,181211,6038633.018518519,6038647.143518519,14.125,{'Idle': 14.125}
UartTxTask,181213,181215,6040793.458333333,6040815.865740741,22.40740740740741,{'TelemetryTask': 22.40740740740741}
UartTxTask,181219,181220,6041534.592592592,6041549.24537037,14.652777777777779,{'Idle': 14.652777777777779}
TelemetryTask,181224,181225,6048632.99537037,6048646.935185186,13.939814814814815,{'Idle': 13.939814814814815}
UartTxTask,181227,181229,6050793.152777778,6050815.472222222,22.319444444444443,{'TelemetryTask': 22.319444444444443}
UartTxTask,181233,181234,6051534.986111111,6051550.027777778,15.041666666666666,{'Idle': 15.041666666666666}
TelemetryTask,181238,181239,6058633.069444444,6058646.953703703,13.88425925925926,{'Idle': 13.88425925925926}
UartTxTask,181241,181243,6060793.513888889,6060815.625,22.11111111111111,{'TelemetryTask': 22.11111111111111}
UartTxTask,181247,181248,6061534.439814814,6061549.236111111,14.796296296296296,{'Idle': 14.796296296296296}
TelemetryTask,181252,181253,6068632.953703703,6068646.546296297,13.592592592592593,{'Idle': 13.592592592592593}
UartTxTask,181255,181257,6070793.513888889,6070815.648148148,22.13425925925926,{'TelemetryTask': 22.13425925925926}
UartTxTask,181261,181262,6071534.652777778,6071549.37037037,14.717592592592593,{'Idle': 14.717592592592593}
TelemetryTask,181266,181267,6078632.907407408,6078646.736111111,13.828703703703704,{'Idle': 13.828703703703704}
UartTxTask,181269,181271,6080793.884259259,6080815.972222222,22.087962962962962,{'TelemetryTask': 22.087962962962962}
UartTxTask,181275,181276,6081534.657407408,6081549.37962963,14.722222222222221,{'Idle': 14.722222222222221}
TelemetryTask,181280,181281,6088632.972222222,6088647.009259259,14.037037037037036,{'Idle': 14.037037037037036}
UartTxTask,181283,181285,6090794.12037037,6090816.49537037,22.375,{'TelemetryTask': 22.375}
UartTxTask,181289,181290,6091535.300925926,6091550.037037037,14.73611111111111,{'Idle': 14.73611111111111}
TelemetryTask,181294,181295,6098633.148148148,6098647.546296297,14.398148148148149,{'Idle': 14.398148148148149}
UartTxTask,181297,181299,6100794.481481481,6100816.532407408,22.050925925925927,{'TelemetryTask': 22.050925925925924}
UartTxTask,181303,181304,6101534.962962963,6101549.75,14.787037037037036,{'Idle': 14.787037037037036}
TelemetryTask,181308,181309,6108633.087962963,6108647.180555556,14.092592592592593,{'Idle': 14.092592592592593}
UartTxTask,181311,181313,6110793.453703703,6110815.486111111,22.03240740740741,{'TelemetryTask': 22.03240740740741}
UartTxTask,181317,181318,6111534.24537037,6111549.273148148,15.027777777777779,{'Idle': 15.027777777777779}
TelemetryTask,181322,181323,6118632.944444444,6118647.097222222,14.152777777777779,{'Idle': 14.152777777777779}
UartTxTask,181325,181327,6120793.907407408,6120815.800925926,21.89351851851852,{'TelemetryTask': 21.89351851851852}
UartTxTask,181331,181332,6121534.388888889,6121549.212962963,14.824074074074074,{'Idle': 14.824074074074074}
TelemetryTask,181336,181337,6128633.138888889,6128647.268518519,14.12962962962963,{'Idle': 14.12962962962963}
UartTxTask,181339,181341,6130794.574074074,6130816.527777778,21.953703703703702,{'TelemetryTask': 21.953703703703702}
UartTxTask,181345,181346,6131535.523148148,6131550.050925926,14.527777777777779,{'Idle': 14.527777777777779}
TelemetryTask,181350,181351,6138633.101851852,6138647.12962963,14.027777777777779,{'Idle': 14.027777777777779}
UartTxTask,181353,181355,6140794.148148148,6140816.259259259,22.11111111111111,{'TelemetryTask': 22.11111111111111}
UartTxTask,181359,181360,6141534.634259259,6141549.680555556,15.046296296296296,{'Idle': 15.046296296296296}
TelemetryTask,181364,181365,6148633.180555556,6148647.236111111,14.055555555555555,{'Idle': 14.055555555555555}
UartTxTask,181367,181369,6150793.796296297,6150816.412037037,22.61574074074074,{'TelemetryTask': 22.61574074074074}
UartTxTask,181373,181374,6151536.060185186,6151550.513888889,14.453703703703704,{'Idle': 14.453703703703704}
TelemetryTask,181378,181379,6158632.907407408,6158646.902777778,13.99537037037037,{'Idle': 13.99537037037037}
UartTxTask,181381,181383,6160793.592592592,6160815.092592592,21.5,{'TelemetryTask': 21.5}
UartTxTask,181387,181388,6161534.333333333,6161549.240740741,14.907407407407407,{'Idle': 14.907407407407407}
TelemetryTask,181392,181393,6168633.032407408,6168647.023148148,13.99074074074074,{'Idle': 13.99074074074074}
UartTxTask,181395,181397,6170793.208333333,6170815.180555556,21.97222222222222,{'TelemetryTask': 21.97222222222222}
UartTxTask,181401,181402,6171533.912037037,6171548.819444444,14.907407407407407,{'Idle': 14.907407407407407}
TelemetryTask,181406,181407,6178633.12037037,6178647.189814814,14.069444444444445,{'Idle': 14.069444444444445}
UartTxTask,181409,181411,6180794.314814814,6180816.412037037,22.09722222222222,{'TelemetryTask': 22.09722222222222}
UartTxTask,181415,181416,6181535.37962963,6181549.847222222,14.467592592592593,{'Idle': 14.467592592592593}
TelemetryTask,181420,181421,6188633.231481481,6188647.166666667,13.935185185185185,{'Idle': 13.935185185185185}
UartTxTask,181423,181425,6190794.444444444,6190816.555555556,22.11111111111111,{'TelemetryTask': 22.11111111111111}
UartTxTask,181429,181430,6191535.523148148,6191550.180555556,14.657407407407407,{'Idle': 14.657407407407407}
TelemetryTask,181434,181435,6198633.069444444,6198647.00462963,13.935185185185185,{'Idle': 13.935185185185185}
UartTxTask,181437,181439,6200793.273148148,6200815.546296297,22.27314814814815,{'TelemetryTask': 22.273148148148145}
UartTxTask,181443,181444,6201534.37962963,6201549.037037037,14.657407407407407,{'Idle': 14.657407407407407}
TelemetryTask,181448,181449,6208632.981481481,6208646.824074074,13.842592592592593,{'Idle': 13.842592592592593}
UartTxTask,181451,181453,6210793.791666667,6210816.407407408,22.61574074074074,{'TelemetryTask': 22.61574074074074}
UartTxTask,181457,181458,6211535.833333333,6211550.694444444,14.86111111111111,{'Idle': 14.86111111111111}
TelemetryTask,181462,181463,6218632.902777778,6218646.689814814,13.787037037037036,{'Idle': 13.787037037037036}
UartTxTask,181465,181467,6220792.277777778,6220814.319444444,22.041666666666668,{'TelemetryTask': 22.041666666666664}
UartTxTask,181471,181472,6221532.476851852,6221547.064814814,14.587962962962964,{'Idle': 14.587962962962964}
TelemetryTask,181476,181477,6228632.856481481,6228646.856481481,14.0,{'Idle': 14.0}
UartTxTask,181479,181481,6230793.476851852,6230815.560185186,22.083333333333332,{'TelemetryTask': 22.083333333333332}
UartTxTask,181485,181486,6231534.717592592,6231549.546296297,14.828703703703704,{'Idle': 14.828703703703704}
TelemetryTask,181490,181491,6238633.208333333,6238647.032407408,13.824074074074074,{'Idle': 13.824074074074074}
UartTxTask,181493,181495,6240793.967592592,6240815.851851852,21.88425925925926,{'TelemetryTask': 21.88425925925926}
UartTxTask,181499,181500,6241534.384259259,6241549.305555556,14.921296296296296,{'Idle': 14.921296296296296}
TelemetryTask,181504,181505,6248632.986111111,6248647.194444444,14.208333333333334,{'Idle': 14.208333333333334}
UartTxTask,181507,181509,6250793.5,6250815.958333333,22.458333333333332,{'TelemetryTask': 22.458333333333332}
UartTxTask,181513,181514,6251534.828703703,6251549.634259259,14.805555555555555,{'Idle': 14.805555555555555}
TelemetryTask,181518,181519,6258633.106481481,6258647.337962963,14.231481481481481,{'Idle': 14.231481481481481}
UartTxTask,181521,181523,6260793.921296297,6260816.50462963,22.583333333333332,{'TelemetryTask': 22.583333333333336}
UartTxTask,181527,181528,6261535.361111111,6261550.027777778,14.666666666666666,{'Idle': 14.666666666666666}
TelemetryTask,181532,181533,6268632.981481481,6268647.268518519,14.287037037037036,{'Idle': 14.287037037037036}
UartTxTask,181535,181537,6270794.412037037,6270816.25,21.837962962962962,{'TelemetryTask': 21.837962962962962}
UartTxTask,181541,181542,6271534.925925926,6271549.708333333,14.782407407407407,{'Idle': 14.782407407407407}
TelemetryTask,181546,181547,6278632.986111111,6278647.171296297,14.185185185185185,{'Idle': 14.185185185185185}
UartTxTask,181549,181551,6280794.268518519,6280816.314814814,22.046296296296298,{'TelemetryTask': 22.046296296296298}
UartTxTask,181555,181556,6281535.152777778,6281549.717592592,14.564814814814815,{'Idle': 14.564814814814815}
TelemetryTask,181560,181561,6288633.078703703,6288647.083333333,14.00462962962963,{'Idle': 14.00462962962963}
UartTxTask,181563,181565,6290794.037037037,6290816.12037037,22.083333333333332,{'TelemetryTask': 22.083333333333336}
UartTxTask,181569,181570,6291535.310185186,6291550.064814814,14.75462962962963,{'Idle': 14.75462962962963}
TelemetryTask,181574,181575,6298633.0,6298646.986111111,13.98611111111111,{'Idle': 13.98611111111111}
UartTxTask,181577,181579,6300793.731481481,6300815.787037037,22.055555555555557,{'TelemetryTask': 22.055555555555557}
UartTxTask,181583,181584,6301534.472222222,6301548.935185186,14.462962962962964,{'Idle': 14.462962962962964}
TelemetryTask,181588,181589,6308633.032407408,6308647.296296297,14.26388888888889,{'Idle': 14.26388888888889}
UartTxTask,181591,181593,6310794.324074074,6310816.606481481,22.28240740740741,{'TelemetryTask': 22.282407407407405}
UartTxTask,181597,181598,6311535.569444444,6311550.449074074,14.87962962962963,{'Idle': 14.87962962962963}
TelemetryTask,181602,181603,6318633.055555556,6318647.009259259,13.953703703703704,{'Idle': 13.953703703703704}
UartTxTask,181605,181607,6320794.49537037,6320816.564814814,22.069444444444443,{'TelemetryTask': 22.069444444444443}
UartTxTask,181611,181612,6321535.509259259,6321550.462962963,14.953703703703704,{'Idle': 14.953703703703704}
TelemetryTask,181616,181617,6328632.944444444,6328646.805555556,13.86111111111111,{'Idle': 13.86111111111111}
UartTxTask,181619,181621,6330793.777777778,6330816.25462963,22.47685185185185,{'TelemetryTask': 22.476851851851855}
UartTxTask,181625,181626,6331535.287037037,6331550.277777778,14.99074074074074,{'Idle': 14.99074074074074}
TelemetryTask,181630,181631,6338633.12962963,6338647.134259259,14.00462962962963,{'Idle': 14.00462962962963}
UartTxTask,181633,181635,6340794.851851852,6340817.138888889,22.287037037037038,{'TelemetryTask': 22.287037037037038}
UartTxTask,181639,181640,6341536.0,6341550.569444444,14.569444444444445,{'Idle': 14.569444444444445}
TelemetryTask,181644,181645,6348633.111111111,6348646.796296297,13.685185185185185,{'Idle': 13.685185185185185}
UartTxTask,181647,181649,6350793.486111111,6350815.810185186,22.324074074074073,{'TelemetryTask': 22.324074074074076}
UartTxTask,181653,181654,6351534.578703703,6351549.180555556,14.601851851851851,{'Idle': 14.601851851851851}
TelemetryTask,181658,181659,6358633.013888889,6358646.842592592,13.828703703703704,{'Idle': 13.828703703703704}
UartTxTask,181661,181663,6360793.287037037,6360815.268518519,21.98148148148148,{'TelemetryTask': 21.98148148148148}
UartTxTask,181667,181668,6361534.462962963,6361549.222222222,14.75925925925926,{'Idle': 14.75925925925926}
TelemetryTask,181672,181673,6368633.037037037,6368647.185185186,14.148148148148149,{'Idle': 14.148148148148149}
UartTxTask,181675,181677,6370794.722222222,6370816.800925926,22.078703703703702,{'TelemetryTask': 22.078703703703702}
UartTxTask,181681,181682,6371535.74537037,6371550.314814814,14.569444444444445,{'Idle': 14.569444444444445}
TelemetryTask,181686,181687,6378632.981481481,6378647.319444444,14.337962962962964,{'Idle': 14.337962962962964}
UartTxTask,181689,181691,6380794.231481481,6380816.462962963,22.23148148148148,{'TelemetryTask': 22.23148148148148}
UartTxTask,181695,181696,6381535.601851852,6381550.175925926,14.574074074074074,{'Idle': 14.574074074074074}
TelemetryTask,181700,181701,6388632.967592592,6388646.773148148,13.805555555555555,{'Idle': 13.805555555555555}
UartTxTask,181703,181705,6390793.097222222,6390814.962962963,21.86574074074074,{'TelemetryTask': 21.86574074074074}
UartTxTask,181709,181710,6391534.00462963,6391548.472222222,14.467592592592593,{'Idle': 14.467592592592593}
TelemetryTask,181714,181715,6398633.027777778,6398646.962962963,13.935185185185185,{'Idle': 13.935185185185185}
UartTxTask,181717,181719,6400794.328703703,6400816.527777778,22.199074074074073,{'TelemetryTask': 22.199074074074076}
UartTxTask,181723,181724,6401535.398148148,6401550.083333333,14.685185185185185,{'Idle': 14.685185185185185}
TelemetryTask,181728,181729,6408633.12037037,6408647.199074074,14.078703703703704,{'Idle': 14.078703703703704}
UartTxTask,181731,181733,6410793.657407408,6410815.62962963,21.97222222222222,{'TelemetryTask': 21.97222222222222}
UartTxTask,181737,181738,6411534.268518519,6411549.208333333,14.939814814814815,{'Idle': 14.939814814814815}
TelemetryTask,181742,181743,6418632.990740741,6418647.018518519,14.027777777777779,{'Idle': 14.027777777777779}
UartTxTask,181745,181747,6420793.791666667,6420816.115740741,22.324074074074073,{'TelemetryTask': 22.324074074074076}
UartTxTask,181751,181752,6421535.078703703,6421549.763888889,14.685185185185185,{'Idle': 14.685185185185185}
TelemetryTask,181756,181757,6428633.078703703,6428647.282407408,14.203703703703704,{'Idle': 14.203703703703704}
UartTxTask,181759,181761,6430794.097222222,6430815.962962963,21.86574074074074,{'TelemetryTask': 21.86574074074074}
UartTxTask,181765,181766,6431534.930555556,6431549.537037037,14.606481481481481,{'Idle': 14.606481481481481}
TelemetryTask,181770,181771,6438633.027777778,6438647.087962963,14.060185185185185,{'Idle': 14.060185185185185}
UartTxTask,181773,181775,6440793.347222222,6440815.949074074,22.60185185185185,{'TelemetryTask': 22.601851851851855}
UartTxTask,181779,181780,6441534.518518519,6441549.152777778,14.63425925925926,{'Idle': 14.63425925925926}
TelemetryTask,181784,181785,6448632.944444444,6448647.078703703,14.13425925925926,{'Idle': 14.13425925925926}
UartTxTask,181787,181789,6450793.541666667,6450815.708333333,22.166666666666668,{'TelemetryTask': 22.166666666666664}
UartTxTask,181793,181794,6451534.925925926,6451549.351851852,14.425925925925926,{'Idle': 14.425925925925926}
TelemetryTask,181798,181799,6458633.111111111,6458647.240740741,14.12962962962963,{'Idle': 14.12962962962963}
ButtonTask,181802,181807,6459497.777777778,6460874.87962963,1377.101851851852,"{'ISR#56': 5.287037037037037, 'TelemetryTask': 1371.814814814815}"
UartTxTask,181805,181811,6460854.412037037,6461010.027777778,155.61574074074073,"{'TelemetryTask': 20.46759259259259, 'ButtonTask': 135.14814814814815}"
UartTxTask,181815,181816,6461742.296296297,6461751.444444444,9.148148148148149,{'Idle': 9.148148148148149}
UartTxTask,181821,181822,6462481.50462963,6462490.439814814,8.935185185185185,{'Idle': 8.935185185185185}
TelemetryTask,181826,181827,6468633.041666667,6468647.023148148,13.981481481481481,{'Idle': 13.981481481481481}
UartTxTask,181829,181831,6470794.25462963,6470816.638888889,22.38425925925926,{'TelemetryTask': 22.38425925925926}
UartTxTask,181835,181836,6471535.819444444,6471550.49537037,14.675925925925926,{'Idle': 14.675925925925926}
TelemetryTask,181840,181841,6478633.00462963,6478646.657407408,13.652777777777779,{'Idle': 13.652777777777779}
UartTxTask,181843,181845,6480794.231481481,6480816.138888889,21.90740740740741,{'TelemetryTask': 21.90740740740741}
UartTxTask,181849,181850,6481535.305555556,6481550.106481481,14.800925925925926,{'Idle': 14.800925925925926}
TelemetryTask,181854,181855,6488633.069444444,6488646.787037037,13.717592592592593,{'Idle': 13.717592592592593}
UartTxTask,181857,181859,6490793.800925926,6490815.847222222,22.046296296296298,{'TelemetryTask': 22.046296296296298}
UartTxTask,181863,181864,6491535.023148148,6491550.087962963,15.064814814814815,{'Idle': 15.064814814814815}
TelemetryTask,181868,181869,6498633.092592592,6498647.134259259,14.041666666666666,{'Idle': 14.041666666666666}
UartTxTask,181871,181873,6500794.657407408,6500816.300925926,21.64351851851852,{'TelemetryTask': 21.64351851851852}
UartTxTask,181877,181878,6501535.027777778,6501549.587962963,14.560185185185185,{'Idle': 14.560185185185185}
TelemetryTask,181882,181883,6508633.115740741,6508647.166666667,14.050925925925926,{'Idle': 14.050925925925926}
UartTxTask,181885,181887,6510793.75,6510816.023148148,22.27314814814815,{'TelemetryTask': 22.27314814814815}
UartTxTask,181891,181892,6511535.083333333,6511549.694444444,14.61111111111111,{'Idle': 14.61111111111111}
TelemetryTask,181896,181897,6518632.953703703,6518647.00462963,14.050925925925926,{'Idle': 14.050925925925926}
UartTxTask,181899,181901,6520794.439814814,6520816.546296297,22.10648148148148,{'TelemetryTask': 22.10648148148148}
UartTxTask,181905,181906,6521535.37037037,6521550.467592592,15.097222222222221,{'Idle': 15.097222222222221}
TelemetryTask,181910,181911,6528633.078703703,6528647.291666667,14.212962962962964,{'Idle': 14.212962962962964}
UartTxTask,181913,181915,6530793.976851852,6530816.24537037,22.26851851851852,{'TelemetryTask': 22.26851851851852}
UartTxTask,181919,181920,6531534.851851852,6531549.462962963,14.61111111111111,{'Idle': 14.61111111111111}
TelemetryTask,181924,181925,6538633.060185186,6538647.064814814,14.00462962962963,{'Idle': 14.00462962962963}
UartTxTask,181927,181929,6540794.467592592,6540816.685185186,22.21759259259259,{'TelemetryTask': 22.21759259259259}
UartTxTask,181933,181934,6541535.814814814,6541550.583333333,14.768518518518519,{'Idle': 14.768518518518519}
TelemetryTask,181938,181939,6548633.037037037,6548646.986111111,13.949074074074074,{'Idle': 13.949074074074074}
UartTxTask,181941,181943,6550795.944444444,6550817.916666667,21.97222222222222,{'TelemetryTask': 21.97222222222222}
UartTxTask,181947,181948,6551536.699074074,6551551.259259259,14.560185185185185,{'Idle': 14.560185185185185}
TelemetryTask,181952,181953,6558633.064814814,6558647.222222222,14.157407407407407,{'Idle': 14.157407407407407}
UartTxTask,181955,181957,6560793.634259259,6560815.513888889,21.87962962962963,{'TelemetryTask': 21.87962962962963}
UartTxTask,181961,181962,6561534.337962963,6561549.231481481,14.893518518518519,{'Idle': 14.893518518518519}
TelemetryTask,181966,181967,6568633.111111111,6568647.361111111,14.25,{'Idle': 14.25}
UartTxTask,181969,181971,6570794.680555556,6570816.837962963,22.15740740740741,{'TelemetryTask': 22.15740740740741}
UartTxTask,181975,181976,6571535.912037037,6571550.736111111,14.824074074074074,{'Idle': 14.824074074074074}
TelemetryTask,181980,181981,6578632.99537037,6578646.847222222,13.851851851851851,{'Idle': 13.851851851851851}
UartTxTask,181983,181985,6580793.425925926,6580815.773148148,22.34722222222222,{'TelemetryTask': 22.34722222222222}
UartTxTask,181989,181990,6581534.833333333,6581549.523148148,14.689814814814815,{'Idle': 14.689814814814815}
TelemetryTask,181994,181995,6588632.902777778,6588647.027777778,14.125,{'Idle': 14.125}
UartTxTask,181997,181999,6590793.291666667,6590815.226851852,21.935185185185187,{'TelemetryTask': 21.935185185185183}
UartTxTask,182003,182004,6591533.875,6591548.740740741,14.86574074074074,{'Idle': 14.86574074074074}
TelemetryTask,182008,182009,6598633.194444444,6598647.046296297,13.851851851851851,{'Idle': 13.851851851851851}
UartTxTask,182011,182013,6600793.435185186,6600815.472222222,22.037037037037038,{'TelemetryTask': 22.037037037037038}
UartTxTask,182017,182018,6601534.435185186,6601548.944444444,14.50925925925926,{'Idle': 14.50925925925926}
TelemetryTask,182022,182023,6608632.986111111,6608647.092592592,14.106481481481481,{'Idle': 14.106481481481481}
UartTxTask,182025,182027,6610794.416666667,6610816.490740741,22.074074074074073,{'TelemetryTask': 22.074074074074076}
UartTxTask,182031,182032,6611535.421296297,6611550.449074074,15.027777777777779,{'Idle': 15.027777777777779}
TelemetryTask,182036,182037,6618633.087962963,6618646.962962963,13.875,{'Idle': 13.875}
UartTxTask,182039,182041,6620793.75462963,6620815.962962963,22.208333333333332,{'TelemetryTask': 22.208333333333336}
UartTxTask,182045,182046,6621535.101851852,6621549.865740741,14.76388888888889,{'Idle': 14.76388888888889}
TelemetryTask,182050,182051,6628632.958333333,6628646.898148148,13.939814814814815,{'Idle': 13.939814814814815}
UartTxTask,182053,182055,6630793.560185186,6630815.50462963,21.944444444444443,{'TelemetryTask': 21.944444444444443}
UartTxTask,182059,182060,6631534.217592592,6631549.12037037,14.902777777777779,{'Idle': 14.902777777777779}
ButtonTask,182066,182068,6636596.75462963,6636611.819444444,15.064814814814815,"{'ISR#56': 5.916666666666667, 'Scheduler': 9.148148148148149}"
UartTxTask,182071,182073,6636733.62962963,6636762.875,29.24537037037037,{'ButtonTask': 29.245370370370374}
UartTxTask,182077,182078,6637481.342592592,6637490.685185186,9.342592592592593,{'Idle': 9.342592592592593}
TelemetryTask,182082,182083,6638633.435185186,6638647.12962963,13.694444444444445,{'Idle': 13.694444444444445}
UartTxTask,182085,182087,6640793.111111111,6640815.0,21.88888888888889,{'TelemetryTask': 21.88888888888889}
UartTxTask,182091,182092,6641533.925925926,6641548.527777778,14.601851851851851,{'Idle': 14.601851851851851}
TelemetryTask,182096,182097,6648633.134259259,6648647.435185186,14.300925925925926,{'Idle': 14.300925925925926}
UartTxTask,182099,182101,6650793.990740741,6650816.453703703,22.462962962962962,{'TelemetryTask': 22.462962962962962}
UartTxTask,182105,182106,6651535.550925926,6651550.592592592,15.041666666666666,{'Idle': 15.041666666666666}
TelemetryTask,182110,182111,6658633.217592592,6658647.555555556,14.337962962962964,{'Idle': 14.337962962962964}
UartTxTask,182113,182115,6660794.814814814,6660816.902777778,22.087962962962962,{'TelemetryTask': 22.087962962962962}
UartTxTask,182119,182120,6661535.981481481,6661550.643518519,14.662037037037036,{'Idle': 14.662037037037036}
TelemetryTask,182124,182125,6668633.037037037,6668647.009259259,13.972222222222221,{'Idle': 13.972222222222221}
UartTxTask,182127,182129,6670794.25462963,6670816.421296297,22.166666666666668,{'TelemetryTask': 22.166666666666668}
UartTxTask,182133,182134,6671535.712962963,6671550.662037037,14.949074074074074,{'Idle': 14.949074074074074}
TelemetryTask,182138,182139,6678633.009259259,6678647.148148148,14.13888888888889,{'Idle': 14.13888888888889}
UartTxTask,182141,182143,6680793.388888889,6680814.87037037,21.48148148148148,{'TelemetryTask': 21.48148148148148}
UartTxTask,182147,182148,6681533.958333333,6681548.851851852,14.893518518518519,{'Idle': 14.893518518518519}
TelemetryTask,182152,182153,6688632.884259259,6688647.166666667,14.282407407407407,{'Idle': 14.282407407407407}
UartTxTask,182155,182157,6690794.25462963,6690816.893518519,22.63888888888889,{'TelemetryTask': 22.638888888888886}
UartTxTask,182161,182162,6691535.574074074,6691550.231481481,14.657407407407407,{'Idle': 14.657407407407407}
TelemetryTask,182166,182167,6698633.152777778,6698647.444444444,14.291666666666666,{'Idle': 14.291666666666666}
UartTxTask,182169,182171,6700794.949074074,6700817.5,22.550925925925927,{'TelemetryTask': 22.550925925925924}
UartTxTask,182175,182176,6701536.259259259,6701551.467592592,15.208333333333334,{'Idle': 15.208333333333334}
TelemetryTask,182180,182181,6708633.194444444,6708647.143518519,13.949074074074074,{'Idle': 13.949074074074074}
UartTxTask,182183,182185,6710793.236111111,6710815.037037037,21.800925925925927,{'TelemetryTask': 21.800925925925924}
UartTxTask,182189,182190,6711533.75,6711548.425925926,14.675925925925926,{'Idle': 14.675925925925926}
TelemetryTask,182194,182195,6718633.00462963,6718647.111111111,14.106481481481481,{'Idle': 14.106481481481481}
UartTxTask,182197,182199,6720794.439814814,6720816.472222222,22.03240740740741,{'TelemetryTask': 22.032407407407405}
UartTxTask,182203,182204,6721535.990740741,6721550.736111111,14.74537037037037,{'Idle': 14.74537037037037}
TelemetryTask,182208,182209,6728632.925925926,6728646.763888889,13.837962962962964,{'Idle': 13.837962962962964}
UartTxTask,182211,182213,6730793.657407408,6730816.171296297,22.51388888888889,{'TelemetryTask': 22.51388888888889}
UartTxTask,182217,182218,6731535.060185186,6731549.523148148,14.462962962962964,{'Idle': 14.462962962962964}
TelemetryTask,182222,182223,6738633.069444444,6738646.930555556,13.86111111111111,{'Idle': 13.86111111111111}
UartTxTask,182225,182227,6740796.453703703,6740818.226851852,21.77314814814815,{'TelemetryTask': 21.77314814814815}
UartTxTask,182231,182232,6741536.800925926,6741551.5,14.699074074074074,{'Idle': 14.699074074074074}
TelemetryTask,182236,182237,6748633.111111111,6748647.263888889,14.152777777777779,{'Idle': 14.152777777777779}
UartTxTask,182239,182241,6750793.953703703,6750815.759259259,21.805555555555557,{'TelemetryTask': 21.805555555555557}
UartTxTask,182245,182246,6751534.666666667,6751549.643518519,14.976851851851851,{'Idle': 14.976851851851851}
TelemetryTask,182250,182251,6758633.064814814,6758647.101851852,14.037037037037036,{'Idle': 14.037037037037036}
UartTxTask,182253,182255,6760794.805555556,6760816.967592592,22.162037037037038,{'TelemetryTask': 22.162037037037038}
UartTxTask,182259,182260,6761535.662037037,6761550.564814814,14.902777777777779,{'Idle': 14.902777777777779}
TelemetryTask,182264,182265,6768633.25,6768647.342592592,14.092592592592593,{'Idle': 14.092592592592593}
UartTxTask,182267,182269,6770794.518518519,6770816.62037037,22.10185185185185,{'TelemetryTask': 22.101851851851855}
UartTxTask,182273,182274,6771536.078703703,6771550.606481481,14.527777777777779,{'Idle': 14.527777777777779}
TelemetryTask,182278,182279,6778633.138888889,6778647.138888889,14.0,{'Idle': 14.0}
UartTxTask,182281,182283,6780793.856481481,6780815.87037037,22.01388888888889,{'TelemetryTask': 22.01388888888889}
UartTxTask,182287,182288,6781534.800925926,6781549.277777778,14.476851851851851,{'Idle': 14.476851851851851}
TelemetryTask,182292,182293,6788633.055555556,6788647.333333333,14.277777777777779,{'Idle': 14.277777777777779}
UartTxTask,182295,182297,6790794.402777778,6790816.203703703,21.800925925925927,{'TelemetryTask': 21.800925925925927}
UartTxTask,182301,182302,6791535.050925926,6791549.648148148,14.597222222222221,{'Idle': 14.597222222222221}
TelemetryTask,182306,182307,6798633.074074074,6798647.263888889,14.189814814814815,{'Idle': 14.189814814814815}
UartTxTask,182309,182311,6800794.625,6800816.708333333,22.083333333333332,{'TelemetryTask': 22.083333333333332}
UartTxTask,182315,182316,6801535.550925926,6801550.564814814,15.01388888888889,{'Idle': 15.01388888888889}
ButtonTask,182322,182324,6803814.157407408,6803829.476851852,15.319444444444445,"{'ISR#56': 6.1157407407407405, 'Scheduler': 9.203703703703704}"
UartTxTask,182327,182329,6803948.513888889,6803978.194444444,29.680555555555557,{'ButtonTask': 29.680555555555557}
UartTxTask,182333,182334,6804697.597222222,6804706.75,9.152777777777779,{'Idle': 9.152777777777779}
TelemetryTask,182338,182339,6808633.092592592,6808647.101851852,14.00925925925926,{'Idle': 14.00925925925926}
UartTxTask,182341,182343,6810793.453703703,6810815.541666667,22.087962962962962,{'TelemetryTask': 22.087962962962962}
UartTxTask,182347,182348,6811534.143518519,6811549.009259259,14.86574074074074,{'Idle': 14.86574074074074}
TelemetryTask,182352,182353,6818633.0,6818646.675925926,13.675925925925926,{'Idle': 13.675925925925926}
UartTxTask,182355,182357,6820793.981481481,6820815.972222222,21.99074074074074,{'TelemetryTask': 21.99074074074074}
UartTxTask,182361,182362,6821535.157407408,6821549.953703703,14.796296296296296,{'Idle': 14.796296296296296}
TelemetryTask,182366,182367,6828633.027777778,6828646.990740741,13.962962962962964,{'Idle': 13.962962962962964}
UartTxTask,182369,182371,6830794.268518519,6830816.643518519,22.375,{'TelemetryTask': 22.375}
UartTxTask,182375,182376,6831535.106481481,6831549.611111111,14.50462962962963,{'Idle': 14.50462962962963}
TelemetryTask,182380,182381,6838632.962962963,6838647.009259259,14.046296296296296,{'Idle': 14.046296296296296}
UartTxTask,182383,182385,6840794.416666667,6840816.5,22.083333333333332,{'TelemetryTask': 22.083333333333336}
UartTxTask,182389,182390,6841535.231481481,6841549.972222222,14.74074074074074,{'Idle': 14.74074074074074}
TelemetryTask,182394,182395,6848633.078703703,6848646.851851852,13.773148148148149,{'Idle': 13.773148148148149}
UartTxTask,182397,182399,6850792.986111111,6850815.106481481,22.12037037037037,{'TelemetryTask': 22.12037037037037}
UartTxTask,182403,182404,6851533.921296297,6851548.763888889,14.842592592592593,{'Idle': 14.842592592592593}
TelemetryTask,182408,182409,6858632.981481481,6858647.087962963,14.106481481481481,{'Idle': 14.106481481481481}
UartTxTask,182411,182413,6860793.166666667,6860815.12037037,21.953703703703702,{'TelemetryTask': 21.953703703703702}
UartTxTask,182417,182418,6861534.430555556,6861549.199074074,14.768518518518519,{'Idle': 14.768518518518519}
TelemetryTask,182422,182423,6868633.175925926,6868647.226851852,14.050925925925926,{'Idle': 14.050925925925926}
UartTxTask,182425,182427,6870794.356481481,6870816.87962963,22.52314814814815,{'TelemetryTask': 22.523148148148145}
UartTxTask,182431,182432,6871535.87962963,6871550.550925926,14.671296296296296,{'Idle': 14.671296296296296}
TelemetryTask,182436,182437,6878632.962962963,6878647.199074074,14.23611111111111,{'Idle': 14.23611111111111}
UartTxTask,182439,182441,6880794.518518519,6880817.166666667,22.64814814814815,{'TelemetryTask': 22.64814814814815}
UartTxTask,182445,182446,6881535.837962963,6881550.560185186,14.722222222222221,{'Idle': 14.722222222222221}
TelemetryTask,182450,182451,6888632.949074074,6888647.226851852,14.277777777777779,{'Idle': 14.277777777777779}
UartTxTask,182453,182455,6890793.828703703,6890816.416666667,22.587962962962962,{'TelemetryTask': 22.587962962962962}
UartTxTask,182459,182460,6891535.138888889,6891549.546296297,14.407407407407407,{'Idle': 14.407407407407407}
TelemetryTask,182464,182465,6898633.083333333,6898646.898148148,13.814814814814815,{'Idle': 13.814814814814815}
UartTxTask,182467,182469,6900794.106481481,6900816.333333333,22.22685185185185,{'TelemetryTask': 22.22685185185185}
UartTxTask,182473,182474,6901535.467592592,6901550.333333333,14.86574074074074,{'Idle': 14.86574074074074}
TelemetryTask,182478,182479,6908632.962962963,6908647.194444444,14.231481481481481,{'Idle': 14.231481481481481}
UartTxTask,182481,182483,6910796.00462963,6910818.375,22.37037037037037,{'TelemetryTask': 22.37037037037037}
UartTxTask,182487,182488,6911537.319444444,6911552.152777778,14.833333333333334,{'Idle': 14.833333333333334}
TelemetryTask,182492,182493,6918633.013888889,6918647.421296297,14.407407407407407,{'Idle': 14.407407407407407}
UartTxTask,182495,182497,6920793.203703703,6920815.162037037,21.958333333333332,{'TelemetryTask': 21.958333333333332}
UartTxTask,182501,182502,6921534.291666667,6921548.87962963,14.587962962962964,{'Idle': 14.587962962962964}
TelemetryTask,182506,182507,6928633.180555556,6928647.712962963,14.532407407407407,{'Idle': 14.532407407407407}
UartTxTask,182509,182511,6930794.634259259,6930817.037037037,22.40277777777778,{'TelemetryTask': 22.40277777777778}
UartTxTask,182515,182516,6931536.583333333,6931551.092592592,14.50925925925926,{'Idle': 14.50925925925926}
TelemetryTask,182520,182521,6938633.064814814,6938647.0,13.935185185185185,{'Idle': 13.935185185185185}
UartTxTask,182523,182525,6940793.62962963,6940815.115740741,21.48611111111111,{'TelemetryTask': 21.48611111111111}
UartTxTask,182529,182530,6941534.00462963,6941548.796296297,14.791666666666666,{'Idle': 14.791666666666666}
TelemetryTask,182534,182535,6948632.87962963,6948647.148148148,14.268518518518519,{'Idle': 14.268518518518519}
UartTxTask,182537,182539,6950793.62962963,6950815.712962963,22.083333333333332,{'TelemetryTask': 22.083333333333336}
UartTxTask,182543,182544,6951534.851851852,6951549.703703703,14.851851851851851,{'Idle': 14.851851851851851}
TelemetryTask,182548,182549,6958633.162037037,6958647.217592592,14.055555555555555,{'Idle': 14.055555555555555}
UartTxTask,182551,182553,6960793.425925926,6960815.513888889,22.087962962962962,{'TelemetryTask': 22.087962962962962}
UartTxTask,182557,182558,6961534.564814814,6961549.027777778,14.462962962962964,{'Idle': 14.462962962962964}
ButtonTask,182564,182566,6964544.615740741,6964559.388888889,14.773148148148149,"{'ISR#56': 5.777777777777778, 'Scheduler': 8.99537037037037}"
UartTxTask,182569,182571,6964680.546296297,6964710.212962963,29.666666666666668,{'ButtonTask': 29.666666666666664}
UartTxTask,182575,182576,6965429.226851852,6965438.652777778,9.425925925925926,{'Idle': 9.425925925925926}
TelemetryTask,182580,182581,6968633.12962963,6968647.412037037,14.282407407407407,{'Idle': 14.282407407407407}
UartTxTask,182583,182585,6970794.134259259,6970816.175925926,22.041666666666668,{'TelemetryTask': 22.041666666666664}
UartTxTask,182589,182590,6971535.50462963,6971550.384259259,14.87962962962963,{'Idle': 14.87962962962963}
TelemetryTask,182594,182595,6978632.939814814,6978646.976851852,14.037037037037036,{'Idle': 14.037037037037036}
UartTxTask,182597,182599,6980794.199074074,6980815.810185186,21.61111111111111,{'TelemetryTask': 21.611111111111114}
UartTxTask,182603,182604,6981534.810185186,6981549.513888889,14.703703703703704,{'Idle': 14.703703703703704}
TelemetryTask,182608,182609,6988633.175925926,6988647.513888889,14.337962962962964,{'Idle': 14.337962962962964}
UartTxTask,182611,182613,6990794.115740741,6990816.115740741,22.0,{'TelemetryTask': 22.0}
UartTxTask,182617,182618,6991534.939814814,6991549.657407408,14.717592592592593,{'Idle': 14.717592592592593}
TelemetryTask,182622,182623,6998633.078703703,6998646.805555556,13.726851851851851,{'Idle': 13.726851851851851}
UartTxTask,182625,182627,7000793.990740741,7000816.314814814,22.324074074074073,{'TelemetryTask': 22.324074074074073}
UartTxTask,182631,182632,7001534.837962963,7001549.351851852,14.51388888888889,{'Idle': 14.51388888888889}
TelemetryTask,182636,182637,7008632.935185186,7008646.990740741,14.055555555555555,{'Idle': 14.055555555555555}
UartTxTask,182639,182641,7010794.583333333,7010816.578703703,21.99537037037037,{'TelemetryTask': 21.99537037037037}
UartTxTask,182645,182646,7011535.921296297,7011550.671296297,14.75,{'Idle': 14.75}
TelemetryTask,182650,182651,7018632.884259259,7018646.87962963,13.99537037037037,{'Idle': 13.99537037037037}
UartTxTask,182653,182655,7020793.055555556,7020815.111111111,22.055555555555557,{'TelemetryTask': 22.055555555555557}
UartTxTask,182659,182660,7021534.138888889,7021549.199074074,15.060185185185185,{'Idle': 15.060185185185185}
TelemetryTask,182664,182665,7028633.097222222,7028647.00462963,13.907407407407407,{'Idle': 13.907407407407407}
UartTxTask,182667,182669,7030793.324074074,7030815.694444444,22.37037037037037,{'TelemetryTask': 22.37037037037037}
UartTxTask,182673,182674,7031534.888888889,7031549.5,14.61111111111111,{'Idle': 14.61111111111111}
TelemetryTask,182678,182679,7038633.148148148,7038646.981481481,13.833333333333334,{'Idle': 13.833333333333334}
UartTxTask,182681,182683,7040793.310185186,7040815.222222222,21.912037037037038,{'TelemetryTask': 21.912037037037038}
UartTxTask,182687,182688,7041534.569444444,7041549.546296297,14.976851851851851,{'Idle': 14.976851851851851}
TelemetryTask,182692,182693,7048633.138888889,7048647.62037037,14.481481481481481,{'Idle': 14.481481481481481}
UartTxTask,182695,182697,7050794.115740741,7050816.356481481,22.24074074074074,{'TelemetryTask': 22.24074074074074}
UartTxTask,182701,182702,7051535.092592592,7051549.791666667,14.699074074074074,{'Idle': 14.699074074074074}
TelemetryTask,182706,182707,7058633.018518519,7058647.328703703,14.310185185185185,{'Idle': 14.310185185185185}
UartTxTask,182709,182711,7060793.972222222,7060816.407407408,22.435185185185187,{'TelemetryTask': 22.435185185185183}
UartTxTask,182715,182716,7061535.12962963,7061549.893518519,14.76388888888889,{'Idle': 14.76388888888889}
TelemetryTask,182720,182721,7068633.00462963,7068647.310185186,14.305555555555555,{'Idle': 14.305555555555555}
UartTxTask,182723,182725,7070793.513888889,7070815.703703703,22.189814814814813,{'TelemetryTask': 22.189814814814817}
UartTxTask,182729,182730,7071534.300925926,7071549.125,14.824074074074074,{'Idle': 14.824074074074074}
TelemetryTask,182734,182735,7078633.046296297,7078647.402777778,14.356481481481481,{'Idle': 14.356481481481481}
UartTxTask,182737,182739,7080794.208333333,7080816.634259259,22.425925925925927,{'TelemetryTask': 22.425925925925924}
UartTxTask,182743,182744,7081535.138888889,7081549.652777778,14.51388888888889,{'Idle': 14.51388888888889}
TelemetryTask,182748,182749,7088632.902777778,7088646.773148148,13.87037037037037,{'Idle': 13.87037037037037}
UartTxTask,182751,182753,7090793.925925926,7090815.837962963,21.912037037037038,{'TelemetryTask': 21.912037037037038}
UartTxTask,182757,182758,7091534.828703703,7091549.412037037,14.583333333333334,{'Idle': 14.583333333333334}
TelemetryTask,182762,182763,7098633.041666667,7098646.819444444,13.777777777777779,{'Idle': 13.777777777777779}
UartTxTask,182765,182767,7100793.310185186,7100815.587962963,22.27777777777778,{'TelemetryTask': 22.27777777777778}
UartTxTask,182771,182772,7101534.680555556,7101549.347222222,14.666666666666666,{'Idle': 14.666666666666666}
TelemetryTask,182776,182777,7108633.162037037,7108647.268518519,14.106481481481481,{'Idle': 14.106481481481481}
UartTxTask,182779,182781,7110793.865740741,7110815.759259259,21.89351851851852,{'TelemetryTask': 21.89351851851852}
UartTxTask,182785,182786,7111534.569444444,7111549.694444444,15.125,{'Idle': 15.125}
TelemetryTask,182790,182791,7118633.157407408,7118647.115740741,13.958333333333334,{'Idle': 13.958333333333334}
UartTxTask,182793,182795,7120794.217592592,7120816.361111111,22.14351851851852,{'TelemetryTask': 22.14351851851852}
UartTxTask,182799,182800,7121535.194444444,7121549.893518519,14.699074074074074,{'Idle': 14.699074074074074}
TelemetryTask,182804,182805,7128633.032407408,7128647.277777778,14.24537037037037,{'Idle': 14.24537037037037}
UartTxTask,182807,182809,7130793.365740741,7130815.587962963,22.22222222222222,{'TelemetryTask': 22.22222222222222}
UartTxTask,182813,182814,7131534.787037037,7131549.087962963,14.300925925925926,{'Idle': 14.300925925925926}
ButtonTask,182820,182822,7132725.125,7132740.296296297,15.171296296296296,"{'ISR#56': 5.87037037037037, 'Scheduler': 9.300925925925926}"
UartTxTask,182825,182827,7132859.5,7132888.944444444,29.444444444444443,{'ButtonTask': 29.444444444444443}
UartTxTask,182831,182832,7133608.231481481,7133617.407407408,9.175925925925926,{'Idle': 9.175925925925926}
TelemetryTask,182836,182837,7138633.027777778,7138647.009259259,13.981481481481481,{'Idle': 13.981481481481481}
UartTxTask,182839,182841,7140793.796296297,7140816.046296297,22.25,{'TelemetryTask': 22.25}
UartTxTask,182845,182846,7141534.578703703,7141549.282407408,14.703703703703704,{'Idle': 14.703703703703704}
TelemetryTask,182850,182851,7148633.212962963,7148647.328703703,14.11574074074074,{'Idle': 14.11574074074074}
UartTxTask,182853,182855,7150793.407407408,7150815.310185186,21.90277777777778,{'TelemetryTask': 21.90277777777778}
UartTxTask,182859,182860,7151534.00462963,7151548.550925926,14.546296296296296,{'Idle': 14.546296296296296}
TelemetryTask,182864,182865,7158633.027777778,7158647.037037037,14.00925925925926,{'Idle': 14.00925925925926}
UartTxTask,182867,182869,7160793.944444444,7160816.314814814,22.37037037037037,{'TelemetryTask': 22.37037037037037}
UartTxTask,182873,182874,7161535.467592592,7161550.203703703,14.73611111111111,{'Idle': 14.73611111111111}
TelemetryTask,182878,182879,7168632.898148148,7168646.962962963,14.064814814814815,{'Idle': 14.064814814814815}
UartTxTask,182881,182883,7170793.185185186,7170815.708333333,22.52314814814815,{'TelemetryTask': 22.523148148148145}
UartTxTask,182887,182888,7171534.037037037,7171548.699074074,14.662037037037036,{'Idle': 14.662037037037036}
TelemetryTask,182892,182893,7178633.097222222,7178647.402777778,14.305555555555555,{'Idle': 14.305555555555555}
UartTxTask,182895,182897,7180794.013888889,7180816.101851852,22.087962962962962,{'TelemetryTask': 22.087962962962962}
UartTxTask,182901,182902,7181534.657407408,7181549.634259259,14.976851851851851,{'Idle': 14.976851851851851}
TelemetryTask,182906,182907,7188633.101851852,7188647.412037037,14.310185185185185,{'Idle': 14.310185185185185}
UartTxTask,182909,182911,7190794.953703703,7190817.175925926,22.22222222222222,{'TelemetryTask': 22.22222222222222}
UartTxTask,182915,182916,7191536.050925926,7191550.828703703,14.777777777777779,{'Idle': 14.777777777777779}
TelemetryTask,182920,182921,7198633.064814814,7198646.986111111,13.921296296296296,{'Idle': 13.921296296296296}
UartTxTask,182923,182925,7200793.37037037,7200815.597222222,22.22685185185185,{'TelemetryTask': 22.22685185185185}
UartTxTask,182929,182930,7201534.337962963,7201549.12037037,14.782407407407407,{'Idle': 14.782407407407407}
TelemetryTask,182934,182935,7208633.018518519,7208647.027777778,14.00925925925926,{'Idle': 14.00925925925926}
UartTxTask,182937,182939,7210793.449074074,7210815.828703703,22.37962962962963,{'TelemetryTask': 22.37962962962963}
UartTxTask,182943,182944,7211535.180555556,7211549.939814814,14.75925925925926,{'Idle': 14.75925925925926}
TelemetryTask,182948,182949,7218632.990740741,7218646.796296297,13.805555555555555,{'Idle': 13.805555555555555}
UartTxTask,182951,182953,7220793.5,7220815.921296297,22.421296296296298,{'TelemetryTask': 22.421296296296298}
UartTxTask,182957,182958,7221534.550925926,7221549.009259259,14.458333333333334,{'Idle': 14.458333333333334}
TelemetryTask,182962,182963,7228633.148148148,7228647.148148148,14.0,{'Idle': 14.0}
UartTxTask,182965,182967,7230792.953703703,7230815.449074074,22.49537037037037,{'TelemetryTask': 22.49537037037037}
UartTxTask,182971,182972,7231534.37962963,7231549.064814814,14.685185185185185,{'Idle': 14.685185185185185}
TelemetryTask,182976,182977,7238632.976851852,7238647.291666667,14.314814814814815,{'Idle': 14.314814814814815}
UartTxTask,182979,182981,7240792.953703703,7240814.777777778,21.824074074074073,{'TelemetryTask': 21.824074074074076}
UartTxTask,182985,182986,7241533.787037037,7241548.800925926,15.01388888888889,{'Idle': 15.01388888888889}
TelemetryTask,182990,182991,7248632.833333333,7248646.643518519,13.810185185185185,{'Idle': 13.810185185185185}
UartTxTask,182993,182995,7250793.638888889,7250815.537037037,21.89814814814815,{'TelemetryTask': 21.89814814814815}
UartTxTask,182999,183000,7251534.12037037,7251549.125,15.00462962962963,{'Idle': 15.00462962962963}
TelemetryTask,183004,183005,7258632.953703703,7258647.00462963,14.050925925925926,{'Idle': 14.050925925925926}
UartTxTask,183007,183009,7260793.638888889,7260816.009259259,22.37037037037037,{'TelemetryTask': 22.37037037037037}
UartTxTask,183013,183014,7261534.625,7261549.416666667,14.791666666666666,{'Idle': 14.791666666666666}
TelemetryTask,183018,183019,7268632.986111111,7268647.138888889,14.152777777777779,{'Idle': 14.152777777777779}
UartTxTask,183021,183023,7270794.430555556,7270816.296296297,21.86574074074074,{'TelemetryTask': 21.86574074074074}
UartTxTask,183027,183028,7271535.166666667,7271549.717592592,14.550925925925926,{'Idle': 14.550925925925926}
TelemetryTask,183032,183033,7278633.111111111,7278647.287037037,14.175925925925926,{'Idle': 14.175925925925926}
UartTxTask,183035,183037,7280794.222222222,7280816.231481481,22.00925925925926,{'TelemetryTask': 22.00925925925926}
UartTxTask,183041,183042,7281535.462962963,7281550.023148148,14.560185185185185,{'Idle': 14.560185185185185}
TelemetryTask,183046,183047,7288633.171296297,7288647.328703703,14.157407407407407,{'Idle': 14.157407407407407}
UartTxTask,183049,183051,7290794.12037037,7290816.175925926,22.055555555555557,{'TelemetryTask': 22.055555555555557}
UartTxTask,183055,183056,7291535.037037037,7291549.925925926,14.88888888888889,{'Idle': 14.88888888888889}
TelemetryTask,183060,183061,7298633.069444444,7298647.361111111,14.291666666666666,{'Idle': 14.291666666666666}
UartTxTask,183063,183065,7300794.032407408,7300816.148148148,22.11574074074074,{'TelemetryTask': 22.11574074074074}
UartTxTask,183069,183070,7301534.763888889,7301549.462962963,14.699074074074074,{'Idle': 14.699074074074074}
TelemetryTask,183074,183075,7308633.162037037,7308647.342592592,14.180555555555555,{'Idle': 14.180555555555555}
UartTxTask,183077,183079,7310794.217592592,7310816.212962963,21.99537037037037,{'TelemetryTask': 21.99537037037037}
UartTxTask,183083,183084,7311535.12037037,7311549.824074074,14.703703703703704,{'Idle': 14.703703703703704}
TelemetryTask,183088,183089,7318633.134259259,7318647.518518519,14.38425925925926,{'Idle': 14.38425925925926}
UartTxTask,183091,183093,7320794.652777778,7320817.074074074,22.421296296296298,{'TelemetryTask': 22.421296296296298}
UartTxTask,183097,183098,7321536.625,7321551.402777778,14.777777777777779,{'Idle': 14.777777777777779}
TelemetryTask,183102,183103,7328633.009259259,7328646.865740741,13.856481481481481,{'Idle': 13.856481481481481}
UartTxTask,183105,183107,7330793.231481481,7330815.375,22.14351851851852,{'TelemetryTask': 22.14351851851852}
UartTxTask,183111,183112,7331534.032407408,7331548.875,14.842592592592593,{'Idle': 14.842592592592593}
TelemetryTask,183116,183117,7338633.162037037,7338647.356481481,14.194444444444445,{'Idle': 14.194444444444445}
UartTxTask,183119,183121,7340793.837962963,7340816.240740741,22.40277777777778,{'TelemetryTask': 22.40277777777778}
UartTxTask,183125,183126,7341535.300925926,7341549.601851852,14.300925925925926,{'Idle': 14.300925925925926}
TelemetryTask,183130,183131,7348633.134259259,7348647.435185186,14.300925925925926,{'Idle': 14.300925925925926}
UartTxTask,183133,183135,7350793.74537037,7350815.837962963,22.09259259259259,{'TelemetryTask': 22.092592592592595}
UartTxTask,183139,183140,7351534.875,7351549.782407408,14.907407407407407,{'Idle': 14.907407407407407}
TelemetryTask,183144,183145,7358633.064814814,7358647.101851852,14.037037037037036,{'Idle': 14.037037037037036}
UartTxTask,183147,183149,7360794.032407408,7360816.00462963,21.97222222222222,{'TelemetryTask': 21.97222222222222}
UartTxTask,183153,183154,7361534.652777778,7361549.356481481,14.703703703703704,{'Idle': 14.703703703703704}
TelemetryTask,183158,183159,7368633.083333333,7368647.143518519,14.060185185185185,{'Idle': 14.060185185185185}
UartTxTask,183161,183163,7370794.578703703,7370816.865740741,22.287037037037038,{'TelemetryTask': 22.287037037037038}
UartTxTask,183167,183168,7371536.0,7371550.907407408,14.907407407407407,{'Idle': 14.907407407407407}
TelemetryTask,183172,183173,7378632.976851852,7378647.194444444,14.217592592592593,{'Idle': 14.217592592592593}
UartTxTask,183175,183177,7380793.268518519,7380815.449074074,22.180555555555557,{'TelemetryTask': 22.180555555555557}
UartTxTask,183181,183182,7381534.518518519,7381549.24537037,14.726851851851851,{'Idle': 14.726851851851851}
TelemetryTask,183186,183187,7388632.884259259,7388646.888888889,14.00462962962963,{'Idle': 14.00462962962963}
UartTxTask,183189,183191,7390793.967592592,7390816.384259259,22.416666666666668,{'TelemetryTask': 22.416666666666664}
UartTxTask,183195,183196,7391535.953703703,7391550.597222222,14.643518518518519,{'Idle': 14.643518518518519}
TelemetryTask,183200,183201,7398633.046296297,7398647.212962963,14.166666666666666,{'Idle': 14.166666666666666}
UartTxTask,183203,183205,7400794.962962963,7400817.236111111,22.27314814814815,{'TelemetryTask': 22.27314814814815}
UartTxTask,183209,183210,7401536.009259259,7401550.421296297,14.412037037037036,{'Idle': 14.412037037037036}
TelemetryTask,183214,183215,7408633.00462963,7408647.365740741,14.36111111111111,{'Idle': 14.36111111111111}
UartTxTask,183217,183219,7410794.62962963,7410817.009259259,22.37962962962963,{'TelemetryTask': 22.37962962962963}
UartTxTask,183223,183224,7411535.791666667,7411550.064814814,14.273148148148149,{'Idle': 14.273148148148149}
TelemetryTask,183228,183229,7418633.018518519,7418647.296296297,14.277777777777779,{'Idle': 14.277777777777779}
UartTxTask,183231,183233,7420793.62962963,7420815.689814814,22.060185185185187,{'TelemetryTask': 22.060185185185183}
UartTxTask,183237,183238,7421534.532407408,7421549.481481481,14.949074074074074,{'Idle': 14.949074074074074}
TelemetryTask,183242,183243,7428633.106481481,7428647.398148148,14.291666666666666,{'Idle': 14.291666666666666}
UartTxTask,183245,183247,7430793.796296297,7430815.703703703,21.90740740740741,{'TelemetryTask': 21.90740740740741}
UartTxTask,183251,183252,7431534.037037037,7431548.592592592,14.555555555555555,{'Idle': 14.555555555555555}
TelemetryTask,183256,183257,7438633.074074074,7438647.402777778,14.328703703703704,{'Idle': 14.328703703703704}
UartTxTask,183259,183261,7440793.763888889,7440815.893518519,22.12962962962963,{'TelemetryTask': 22.12962962962963}
UartTxTask,183265,183266,7441534.560185186,7441549.268518519,14.708333333333334,{'Idle': 14.708333333333334}
TelemetryTask,183270,183271,7448633.009259259,7448647.407407408,14.398148148148149,{'Idle': 14.398148148148149}
UartTxTask,183273,183275,7450794.805555556,7450816.74537037,21.939814814814813,{'TelemetryTask': 21.939814814814817}
UartTxTask,183279,183280,7451535.944444444,7451550.62962963,14.685185185185185,{'Idle': 14.685185185185185}
TelemetryTask,183284,183285,7458633.111111111,7458647.203703703,14.092592592592593,{'Idle': 14.092592592592593}
UartTxTask,183287,183289,7460794.481481481,7460816.574074074,22.09259259259259,{'TelemetryTask': 22.092592592592595}
UartTxTask,183293,183294,7461535.722222222,7461550.259259259,14.537037037037036,{'Idle': 14.537037037037036}
TelemetryTask,183298,183299,7468633.092592592,7468647.333333333,14.24074074074074,{'Idle': 14.24074074074074}
UartTxTask,183301,183303,7470793.439814814,7470815.986111111,22.546296296296298,{'TelemetryTask': 22.546296296296298}
UartTxTask,183307,183308,7471535.00462963,7471549.583333333,14.578703703703704,{'Idle': 14.578703703703704}
TelemetryTask,183312,183313,7478633.060185186,7478647.263888889,14.203703703703704,{'Idle': 14.203703703703704}
UartTxTask,183315,183317,7480794.268518519,7480816.402777778,22.13425925925926,{'TelemetryTask': 22.13425925925926}
UartTxTask,183321,183322,7481535.106481481,7481549.777777778,14.671296296296296,{'Idle': 14.671296296296296}
TelemetryTask,183326,183327,7488633.00462963,7488646.893518519,13.88888888888889,{'Idle': 13.88888888888889}
UartTxTask,183329,183331,7490794.50462963,7490816.597222222,22.09259259259259,{'TelemetryTask': 22.092592592592595}
UartTxTask,183335,183336,7491535.407407408,7491550.268518519,14.86111111111111,{'Idle': 14.86111111111111}
TelemetryTask,183340,183341,7498633.083333333,7498646.671296297,13.587962962962964,{'Idle': 13.587962962962964}
UartTxTask,183343,183345,7500794.138888889,7500815.800925926,21.662037037037038,{'TelemetryTask': 21.662037037037038}
UartTxTask,183349,183350,7501534.805555556,7501549.402777778,14.597222222222221,{'Idle': 14.597222222222221}
TelemetryTask,183354,183355,7508632.916666667,7508647.236111111,14.319444444444445,{'Idle': 14.319444444444445}
UartTxTask,183357,183359,7510793.587962963,7510815.814814814,22.22685185185185,{'TelemetryTask': 22.22685185185185}
UartTxTask,183363,183364,7511534.787037037,7511549.5,14.712962962962964,{'Idle': 14.712962962962964}
TelemetryTask,183368,183369,7518633.25,7518647.439814814,14.189814814814815,{'Idle': 14.189814814814815}
UartTxTask,183371,183373,7520794.023148148,7520816.25,22.22685185185185,{'TelemetryTask': 22.22685185185185}
UartTxTask,183377,183378,7521535.115740741,7521549.810185186,14.694444444444445,{'Idle': 14.694444444444445}
TelemetryTask,183382,183383,7528632.981481481,7528646.865740741,13.88425925925926,{'Idle': 13.88425925925926}
UartTxTask,183385,183387,7530794.277777778,7530816.703703703,22.425925925925927,{'TelemetryTask': 22.425925925925924}
UartTxTask,183391,183392,7531535.625,7531550.476851852,14.851851851851851,{'Idle': 14.851851851851851}
TelemetryTask,183396,183397,7538633.078703703,7538646.990740741,13.912037037037036,{'Idle': 13.912037037037036}
UartTxTask,183399,183401,7540793.634259259,7540815.837962963,22.203703703703702,{'TelemetryTask': 22.203703703703702}
UartTxTask,183405,183406,7541534.740740741,7541549.236111111,14.49537037037037,{'Idle': 14.49537037037037}
TelemetryTask,183410,183411,7548633.060185186,7548646.949074074,13.88888888888889,{'Idle': 13.88888888888889}
UartTxTask,183413,183415,7550793.324074074,7550815.518518519,22.194444444444443,{'TelemetryTask': 22.194444444444443}
UartTxTask,183419,183420,7551534.99537037,7551549.685185186,14.689814814814815,{'Idle': 14.689814814814815}
TelemetryTask,183424,183425,7558633.069444444,7558647.189814814,14.12037037037037,{'Idle': 14.12037037037037}
UartTxTask,183427,183429,7560794.902777778,7560817.268518519,22.36574074074074,{'TelemetryTask': 22.36574074074074}
UartTxTask,183433,183434,7561536.537037037,7561551.180555556,14.643518518518519,{'Idle': 14.643518518518519}
TelemetryTask,183438,183439,7568633.101851852,7568646.958333333,13.856481481481481,{'Idle': 13.856481481481481}
UartTxTask,183441,183443,7570794.287037037,7570816.282407408,21.99537037037037,{'TelemetryTask': 21.99537037037037}
UartTxTask,183447,183448,7571535.231481481,7571549.944444444,14.712962962962964,{'Idle': 14.712962962962964}
TelemetryTask,183452,183453,7578633.013888889,7578647.388888889,14.375,{'Idle': 14.375}
UartTxTask,183455,183457,7580794.208333333,7580816.25462963,22.046296296296298,{'TelemetryTask': 22.046296296296298}
UartTxTask,183461,183462,7581534.717592592,7581549.287037037,14.569444444444445,{'Idle': 14.569444444444445}
TelemetryTask,183466,183467,7588632.976851852,7588647.074074074,14.097222222222221,{'Idle': 14.097222222222221}
UartTxTask,183469,183471,7590793.546296297,7590815.828703703,22.28240740740741,{'TelemetryTask': 22.28240740740741}
UartTxTask,183475,183476,7591534.694444444,7591549.449074074,14.75462962962963,{'Idle': 14.75462962962963}
TelemetryTask,183480,183481,7598633.134259259,7598646.990740741,13.856481481481481,{'Idle': 13.856481481481481}
UartTxTask,183483,183485,7600793.763888889,7600815.513888889,21.75,{'TelemetryTask': 21.75}
UartTxTask,183489,183490,7601534.337962963,7601549.097222222,14.75925925925926,{'Idle': 14.75925925925926}
TelemetryTask,183494,183495,7608633.199074074,7608647.717592592,14.518518518518519,{'Idle': 14.518518518518519}
UartTxTask,183497,183499,7610794.680555556,7610816.74537037,22.064814814814813,{'TelemetryTask': 22.064814814814817}
UartTxTask,183503,183504,7611535.273148148,7611549.99537037,14.722222222222221,{'Idle': 14.722222222222221}
TelemetryTask,183508,183509,7618633.023148148,7618647.444444444,14.421296296296296,{'Idle': 14.421296296296296}
UartTxTask,183511,183513,7620794.171296297,7620816.421296297,22.25,{'TelemetryTask': 22.25}
UartTxTask,183517,183518,7621535.125,7621549.972222222,14.847222222222221,{'Idle': 14.847222222222221}
TelemetryTask,183522,183523,7628633.143518519,7628647.055555556,13.912037037037036,{'Idle': 13.912037037037036}
UartTxTask,183525,183527,7630793.722222222,7630815.717592592,21.99537037037037,{'TelemetryTask': 21.99537037037037}
UartTxTask,183531,183532,7631534.703703703,7631549.273148148,14.569444444444445,{'Idle': 14.569444444444445}
TelemetryTask,183536,183537,7638633.134259259,7638646.865740741,13.731481481481481,{'Idle': 13.731481481481481}
UartTxTask,183539,183541,7640793.837962963,7640816.467592592,22.62962962962963,{'TelemetryTask': 22.62962962962963}
UartTxTask,183545,183546,7641535.24537037,7641550.162037037,14.916666666666666,{'Idle': 14.916666666666666}
TelemetryTask,183550,183551,7648633.041666667,7648647.106481481,14.064814814814815,{'Idle': 14.064814814814815}
UartTxTask,183553,183555,7650794.152777778,7650816.49537037,22.34259259259259,{'TelemetryTask': 22.34259259259259}
UartTxTask,183559,183560,7651535.643518519,7651550.462962963,14.819444444444445,{'Idle': 14.819444444444445}
TelemetryTask,183564,183565,7658633.111111111,7658647.152777778,14.041666666666666,{'Idle': 14.041666666666666}
UartTxTask,183567,183569,7660794.787037037,7660816.462962963,21.675925925925927,{'TelemetryTask': 21.675925925925924}
UartTxTask,183573,183574,7661535.5,7661550.050925926,14.550925925925926,{'Idle': 14.550925925925926}
TelemetryTask,183578,183579,7668632.990740741,7668646.893518519,13.902777777777779,{'Idle': 13.902777777777779}
UartTxTask,183581,183583,7670793.773148148,7670816.097222222,22.324074074074073,{'TelemetryTask': 22.324074074074076}
UartTxTask,183587,183588,7671534.884259259,7671549.708333333,14.824074074074074,{'Idle': 14.824074074074074}
TelemetryTask,183592,183593,7678633.018518519,7678647.268518519,14.25,{'Idle': 14.25}
UartTxTask,183595,183597,7680794.634259259,7680816.462962963,21.828703703703702,{'TelemetryTask': 21.828703703703702}
UartTxTask,183601,183602,7681535.060185186,7681549.712962963,14.652777777777779,{'Idle': 14.652777777777779}
TelemetryTask,183606,183607,7688632.893518519,7688647.236111111,14.342592592592593,{'Idle': 14.342592592592593}
UartTxTask,183609,183611,7690793.0,7690814.990740741,21.99074074074074,{'TelemetryTask': 21.99074074074074}
UartTxTask,183615,183616,7691533.810185186,7691548.666666667,14.856481481481481,{'Idle': 14.856481481481481}
TelemetryTask,183620,183621,7698633.092592592,7698646.842592592,13.75,{'Idle': 13.75}
UartTxTask,183623,183625,7700793.606481481,7700815.796296297,22.189814814814813,{'TelemetryTask': 22.189814814814817}
UartTxTask,183629,183630,7701534.898148148,7701549.407407408,14.50925925925926,{'Idle': 14.50925925925926}
TelemetryTask,183634,183635,7708633.111111111,7708647.375,14.26388888888889,{'Idle': 14.26388888888889}
UartTxTask,183637,183639,7710793.953703703,7710816.152777778,22.199074074074073,{'TelemetryTask': 22.199074074074076}
UartTxTask,183643,183644,7711535.337962963,7711550.180555556,14.842592592592593,{'Idle': 14.842592592592593}
TelemetryTask,183648,183649,7718633.064814814,7718646.990740741,13.925925925925926,{'Idle': 13.925925925925926}
UartTxTask,183651,183653,7720793.425925926,7720815.509259259,22.083333333333332,{'TelemetryTask': 22.083333333333336}
UartTxTask,183657,183658,7721534.402777778,7721548.990740741,14.587962962962964,{'Idle': 14.587962962962964}
TelemetryTask,183662,183663,7728632.888888889,7728647.324074074,14.435185185185185,{'Idle': 14.435185185185185}
UartTxTask,183665,183667,7730794.236111111,7730816.611111111,22.375,{'TelemetryTask': 22.375}
UartTxTask,183671,183672,7731535.615740741,7731550.055555556,14.439814814814815,{'Idle': 14.439814814814815}
TelemetryTask,183676,183677,7738633.083333333,7738647.194444444,14.11111111111111,{'Idle': 14.11111111111111}
UartTxTask,183679,183681,7740794.675925926,7740816.865740741,22.189814814814813,{'TelemetryTask': 22.189814814814817}
UartTxTask,183685,183686,7741535.87037037,7741550.675925926,14.805555555555555,{'Idle': 14.805555555555555}
TelemetryTask,183690,183691,7748633.083333333,7748647.041666667,13.958333333333334,{'Idle': 13.958333333333334}
UartTxTask,183693,183695,7750794.162037037,7750816.592592592,22.430555555555557,{'TelemetryTask': 22.430555555555557}
UartTxTask,183699,183700,7751535.717592592,7751550.305555556,14.587962962962964,{'Idle': 14.587962962962964}
TelemetryTask,183704,183705,7758633.097222222,7758647.055555556,13.958333333333334,{'Idle': 13.958333333333334}
UartTxTask,183707,183709,7760793.300925926,7760815.828703703,22.52777777777778,{'TelemetryTask': 22.52777777777778}
UartTxTask,183713,183714,7761534.939814814,7761549.458333333,14.518518518518519,{'Idle': 14.518518518518519}
TelemetryTask,183718,183719,7768633.162037037,7768646.587962963,13.425925925925926,{'Idle': 13.425925925925926}
UartTxTask,183721,183723,7770794.078703703,7770816.597222222,22.51851851851852,{'TelemetryTask': 22.51851851851852}
UartTxTask,183727,183728,7771535.833333333,7771550.731481481,14.898148148148149,{'Idle': 14.898148148148149}
TelemetryTask,183732,183733,7778633.162037037,7778647.328703703,14.166666666666666,{'Idle': 14.166666666666666}
UartTxTask,183735,183737,7780793.884259259,7780815.791666667,21.90740740740741,{'TelemetryTask': 21.90740740740741}
UartTxTask,183741,183742,7781534.671296297,7781549.236111111,14.564814814814815,{'Idle': 14.564814814814815}
TelemetryTask,183746,183747,7788633.171296297,7788647.064814814,13.893518518518519,{'Idle': 13.893518518518519}
UartTxTask,183749,183751,7790793.49537037,7790815.550925926,22.055555555555557,{'TelemetryTask': 22.055555555555557}
UartTxTask,183755,183756,7791534.74537037,7791549.777777778,15.032407407407407,{'Idle': 15.032407407407407}
TelemetryTask,183760,183761,7798632.986111111,7798646.958333333,13.972222222222221,{'Idle': 13.972222222222221}
UartTxTask,183763,183765,7800794.555555556,7800816.555555556,22.0,{'TelemetryTask': 22.0}
UartTxTask,183769,183770,7801535.550925926,7801550.291666667,14.74074074074074,{'Idle': 14.74074074074074}
TelemetryTask,183774,183775,7808633.027777778,7808646.87962963,13.851851851851851,{'Idle': 13.851851851851851}
UartTxTask,183777,183779,7810793.208333333,7810815.106481481,21.89814814814815,{'TelemetryTask': 21.89814814814815}
UartTxTask,183783,183784,7811534.199074074,7811549.231481481,15.032407407407407,{'Idle': 15.032407407407407}
TelemetryTask,183788,183789,7818633.203703703,7818647.259259259,14.055555555555555,{'Idle': 14.055555555555555}
UartTxTask,183791,183793,7820794.861111111,7820817.203703703,22.34259259259259,{'TelemetryTask': 22.342592592592595}
UartTxTask,183797,183798,7821535.888888889,7821550.527777778,14.63888888888889,{'Idle': 14.63888888888889}
TelemetryTask,183802,183803,7828633.143518519,7828647.532407408,14.38888888888889,{'Idle': 14.38888888888889}
UartTxTask,183805,183807,7830794.689814814,7830816.847222222,22.15740740740741,{'TelemetryTask': 22.157407407407405}
UartTxTask,183811,183812,7831535.689814814,7831550.509259259,14.819444444444445,{'Idle': 14.819444444444445}
TelemetryTask,183816,183817,7838633.013888889,7838646.99537037,13.981481481481481,{'Idle': 13.981481481481481}
UartTxTask,183819,183821,7840794.180555556,7840816.472222222,22.291666666666668,{'TelemetryTask': 22.291666666666664}
UartTxTask,183825,183826,7841535.009259259,7841549.703703703,14.694444444444445,{'Idle': 14.694444444444445}
TelemetryTask,183830,183831,7848633.087962963,7848647.143518519,14.055555555555555,{'Idle': 14.055555555555555}
UartTxTask,183833,183835,7850794.833333333,7850816.782407408,21.949074074074073,{'TelemetryTask': 21.949074074074076}
UartTxTask,183839,183840,7851535.731481481,7851550.810185186,15.078703703703704,{'Idle': 15.078703703703704}
TelemetryTask,183844,183845,7858633.083333333,7858647.166666667,14.083333333333334,{'Idle': 14.083333333333334}
UartTxTask,183847,183849,7860793.939814814,7860816.231481481,22.291666666666668,{'TelemetryTask': 22.291666666666664}
UartTxTask,183853,183854,7861535.189814814,7861549.953703703,14.76388888888889,{'Idle': 14.76388888888889}
TelemetryTask,183858,183859,7868633.171296297,7868647.009259259,13.837962962962964,{'Idle': 13.837962962962964}
UartTxTask,183861,183863,7870793.856481481,7870815.907407408,22.050925925925927,{'TelemetryTask': 22.050925925925924}
UartTxTask,183867,183868,7871534.833333333,7871549.282407408,14.449074074074074,{'Idle': 14.449074074074074}
TelemetryTask,183872,183873,7878632.986111111,7878647.115740741,14.12962962962963,{'Idle': 14.12962962962963}
UartTxTask,183875,183877,7880794.518518519,7880816.865740741,22.34722222222222,{'TelemetryTask': 22.34722222222222}
UartTxTask,183881,183882,7881536.180555556,7881550.944444444,14.76388888888889,{'Idle': 14.76388888888889}
TelemetryTask,183886,183887,7888632.953703703,7888646.648148148,13.694444444444445,{'Idle': 13.694444444444445}
UartTxTask,183889,183891,7890794.717592592,7890816.861111111,22.14351851851852,{'TelemetryTask': 22.14351851851852}
UartTxTask,183895,183896,7891535.648148148,7891550.263888889,14.61574074074074,{'Idle': 14.61574074074074}
TelemetryTask,183900,183901,7898633.087962963,7898647.365740741,14.277777777777779,{'Idle': 14.277777777777779}
UartTxTask,183903,183905,7900794.537037037,7900816.736111111,22.199074074074073,{'TelemetryTask': 22.199074074074073}
UartTxTask,183909,183910,7901535.699074074,7901550.180555556,14.481481481481481,{'Idle': 14.481481481481481}
TelemetryTask,183914,183915,7908633.050925926,7908646.87962963,13.828703703703704,{'Idle': 13.828703703703704}
UartTxTask,183917,183919,7910793.606481481,7910815.935185186,22.328703703703702,{'TelemetryTask': 22.328703703703702}
UartTxTask,183923,183924,7911534.625,7911549.393518519,14.768518518518519,{'Idle': 14.768518518518519}
TelemetryTask,183928,183929,7918632.976851852,7918647.0,14.023148148148149,{'Idle': 14.023148148148149}
UartTxTask,183931,183933,7920792.916666667,7920815.509259259,22.59259259259259,{'TelemetryTask': 22.59259259259259}
UartTxTask,183937,183938,7921534.185185186,7921549.023148148,14.837962962962964,{'Idle': 14.837962962962964}
TelemetryTask,183942,183943,7928633.092592592,7928647.217592592,14.125,{'Idle': 14.125}
UartTxTask,183945,183947,7930793.814814814,7930816.263888889,22.449074074074073,{'TelemetryTask': 22.449074074074076}
UartTxTask,183951,183952,7931534.768518519,7931549.444444444,14.675925925925926,{'Idle': 14.675925925925926}
TelemetryTask,183956,183957,7938633.12962963,7938647.171296297,14.041666666666666,{'Idle': 14.041666666666666}
UartTxTask,183959,183961,7940794.37037037,7940816.652777778,22.28240740740741,{'TelemetryTask': 22.282407407407405}
UartTxTask,183965,183966,7941535.583333333,7941550.699074074,15.11574074074074,{'Idle': 15.11574074074074}
TelemetryTask,183970,183971,7948633.064814814,7948646.967592592,13.902777777777779,{'Idle': 13.902777777777779}
UartTxTask,183973,183975,7950794.393518519,7950816.777777778,22.38425925925926,{'TelemetryTask': 22.38425925925926}
UartTxTask,183979,183980,7951535.662037037,7951550.731481481,15.069444444444445,{'Idle': 15.069444444444445}
TelemetryTask,183984,183985,7958633.060185186,7958646.833333333,13.773148148148149,{'Idle': 13.773148148148149}
UartTxTask,183987,183989,7960794.736111111,7960817.050925926,22.314814814814813,{'TelemetryTask': 22.314814814814817}
UartTxTask,183993,183994,7961536.587962963,7961551.574074074,14.98611111111111,{'Idle': 14.98611111111111}
TelemetryTask,183998,183999,7968632.930555556,7968647.138888889,14.208333333333334,{'Idle': 14.208333333333334}
UartTxTask,184001,184003,7970793.708333333,7970815.935185186,22.22685185185185,{'TelemetryTask': 22.22685185185185}
UartTxTask,184007,184008,7971534.814814814,7971549.819444444,15.00462962962963,{'Idle': 15.00462962962963}
TelemetryTask,184012,184013,7978633.046296297,7978647.268518519,14.222222222222221,{'Idle': 14.222222222222221}
UartTxTask,184015,184017,7980794.25,7980815.916666667,21.666666666666668,{'TelemetryTask': 21.666666666666664}
UartTxTask,184021,184022,7981535.115740741,7981549.856481481,14.74074074074074,{'Idle': 14.74074074074074}
TelemetryTask,184026,184027,7988633.055555556,7988647.032407408,13.976851851851851,{'Idle': 13.976851851851851}
UartTxTask,184029,184031,7990794.638888889,7990816.884259259,22.24537037037037,{'TelemetryTask': 22.24537037037037}
UartTxTask,184035,184036,7991535.944444444,7991550.666666667,14.722222222222221,{'Idle': 14.722222222222221}
TelemetryTask,184040,184041,7998633.162037037,7998647.050925926,13.88888888888889,{'Idle': 13.88888888888889}
UartTxTask,184043,184045,8000794.226851852,8000816.189814814,21.962962962962962,{'TelemetryTask': 21.962962962962962}
UartTxTask,184049,184050,8001535.421296297,8001550.101851852,14.680555555555555,{'Idle': 14.680555555555555}
TelemetryTask,184054,184055,8008633.013888889,8008647.296296297,14.282407407407407,{'Idle': 14.282407407407407}
UartTxTask,184057,184059,8010793.462962963,8010815.986111111,22.52314814814815,{'TelemetryTask': 22.523148148148145}
UartTxTask,184063,184064,8011535.240740741,8011549.847222222,14.606481481481481,{'Idle': 14.606481481481481}
TelemetryTask,184068,184069,8018633.162037037,8018647.324074074,14.162037037037036,{'Idle': 14.162037037037036}
UartTxTask,184071,184073,8020794.5,8020816.893518519,22.39351851851852,{'TelemetryTask': 22.39351851851852}
UartTxTask,184077,184078,8021535.601851852,8021550.365740741,14.76388888888889,{'Idle': 14.76388888888889}
TelemetryTask,184082,184083,8028632.875,8028647.231481481,14.356481481481481,{'Idle': 14.356481481481481}
UartTxTask,184085,184087,8030794.365740741,8030815.939814814,21.574074074074073,{'TelemetryTask': 21.574074074074076}
UartTxTask,184091,184092,8031534.814814814,8031549.555555556,14.74074074074074,{'Idle': 14.74074074074074}
TelemetryTask,184096,184097,8038632.967592592,8038646.925925926,13.958333333333334,{'Idle': 13.958333333333334}
UartTxTask,184099,184101,8040793.898148148,8040816.333333333,22.435185185185187,{'TelemetryTask': 22.435185185185183}
UartTxTask,184105,184106,8041535.37037037,8041549.976851852,14.606481481481481,{'Idle': 14.606481481481481}
TelemetryTask,184110,184111,8048632.972222222,8048646.87962963,13.907407407407407,{'Idle': 13.907407407407407}
UartTxTask,184113,184115,8050793.87962963,8050816.305555556,22.425925925925927,{'TelemetryTask': 22.425925925925927}
UartTxTask,184119,184120,8051535.032407408,8051550.055555556,15.023148148148149,{'Idle': 15.023148148148149}
TelemetryTask,184124,184125,8058633.087962963,8058647.037037037,13.949074074074074,{'Idle': 13.949074074074074}
UartTxTask,184127,184129,8060793.601851852,8060815.518518519,21.916666666666668,{'TelemetryTask': 21.916666666666664}
UartTxTask,184133,184134,8061534.435185186,8061549.291666667,14.856481481481481,{'Idle': 14.856481481481481}
TelemetryTask,184138,184139,8068633.069444444,8068646.819444444,13.75,{'Idle': 13.75}
UartTxTask,184141,184143,8070793.907407408,8070816.351851852,22.444444444444443,{'TelemetryTask': 22.444444444444443}
UartTxTask,184147,184148,8071535.541666667,8071550.337962963,14.796296296296296,{'Idle': 14.796296296296296}
TelemetryTask,184152,184153,8078633.013888889,8078647.416666667,14.402777777777779,{'Idle': 14.402777777777779}
UartTxTask,184155,184157,8080794.319444444,8080816.523148148,22.203703703703702,{'TelemetryTask': 22.203703703703702}
UartTxTask,184161,184162,8081535.689814814,8081550.291666667,14.601851851851851,{'Idle': 14.601851851851851}
TelemetryTask,184166,184167,8088633.157407408,8088647.37037037,14.212962962962964,{'Idle': 14.212962962962964}
UartTxTask,184169,184171,8090794.375,8090816.296296297,21.921296296296298,{'TelemetryTask': 21.921296296296298}
UartTxTask,184175,184176,8091535.444444444,8091550.060185186,14.61574074074074,{'Idle': 14.61574074074074}
TelemetryTask,184180,184181,8098633.152777778,8098647.615740741,14.462962962962964,{'Idle': 14.462962962962964}
UartTxTask,184183,184185,8100794.773148148,8100817.125,22.35185185185185,{'TelemetryTask': 22.35185185185185}
UartTxTask,184189,184190,8101536.092592592,8101550.949074074,14.856481481481481,{'Idle': 14.856481481481481}
TelemetryTask,184194,184195,8108633.046296297,8108646.796296297,13.75,{'Idle': 13.75}
UartTxTask,184197,184199,8110793.546296297,8110815.532407408,21.98611111111111,{'TelemetryTask': 21.98611111111111}
UartTxTask,184203,184204,8111534.171296297,8111548.759259259,14.587962962962964,{'Idle': 14.587962962962964}
TelemetryTask,184208,184209,8118632.861111111,8118647.138888889,14.277777777777779,{'Idle': 14.277777777777779}
UartTxTask,184211,184213,8120793.773148148,8120816.25,22.47685185185185,{'TelemetryTask': 22.47685185185185}
UartTxTask,184217,184218,8121535.458333333,8121550.203703703,14.74537037037037,{'Idle': 14.74537037037037}
TelemetryTask,184222,184223,8128633.041666667,8128646.856481481,13.814814814814815,{'Idle': 13.814814814814815}
UartTxTask,184225,184227,8130794.555555556,8130817.24537037,22.689814814814813,{'TelemetryTask': 22.689814814814817}
UartTxTask,184231,184232,8131535.944444444,8131550.675925926,14.731481481481481,{'Idle': 14.731481481481481}
TelemetryTask,184236,184237,8138633.203703703,8138647.296296297,14.092592592592593,{'Idle': 14.092592592592593}
UartTxTask,184239,184241,8140793.587962963,8140815.833333333,22.24537037037037,{'TelemetryTask': 22.245370370370374}
UartTxTask,184245,184246,8141534.689814814,8141549.518518519,14.828703703703704,{'Idle': 14.828703703703704}
TelemetryTask,184250,184251,8148633.050925926,8148647.166666667,14.11574074074074,{'Idle': 14.11574074074074}
UartTxTask,184253,184255,8150793.884259259,8150815.893518519,22.00925925925926,{'TelemetryTask': 22.00925925925926}
UartTxTask,184259,184260,8151535.12962963,8151549.726851852,14.597222222222221,{'Idle': 14.597222222222221}
TelemetryTask,184264,184265,8158632.949074074,8158647.027777778,14.078703703703704,{'Idle': 14.078703703703704}
UartTxTask,184267,184269,8160794.412037037,8160816.731481481,22.319444444444443,{'TelemetryTask': 22.319444444444443}
UartTxTask,184273,184274,8161536.064814814,8161550.930555556,14.86574074074074,{'Idle': 14.86574074074074}
TelemetryTask,184278,184279,8168633.00462963,8168646.916666667,13.912037037037036,{'Idle': 13.912037037037036}
UartTxTask,184281,184283,8170793.064814814,8170815.199074074,22.13425925925926,{'TelemetryTask': 22.13425925925926}
UartTxTask,184287,184288,8171534.037037037,8171548.768518519,14.731481481481481,{'Idle': 14.731481481481481}
TelemetryTask,184292,184293,8178633.166666667,8178647.287037037,14.12037037037037,{'Idle': 14.12037037037037}
UartTxTask,184295,184297,8180793.532407408,8180815.657407408,22.125,{'TelemetryTask': 22.125}
UartTxTask,184301,184302,8181534.203703703,8181548.87962963,14.675925925925926,{'Idle': 14.675925925925926}
TelemetryTask,184306,184307,8188633.083333333,8188647.171296297,14.087962962962964,{'Idle': 14.087962962962964}
UartTxTask,184309,184311,8190794.00462963,8190816.240740741,22.23611111111111,{'TelemetryTask': 22.23611111111111}
UartTxTask,184315,184316,8191534.731481481,8191549.444444444,14.712962962962964,{'Idle': 14.712962962962964}
TelemetryTask,184320,184321,8198632.912037037,8198647.106481481,14.194444444444445,{'Idle': 14.194444444444445}
UartTxTask,184323,184325,8200793.569444444,8200815.49537037,21.925925925925927,{'TelemetryTask': 21.925925925925924}
UartTxTask,184329,184330,8201534.300925926,8201548.939814814,14.63888888888889,{'Idle': 14.63888888888889}
TelemetryTask,184334,184335,8208633.060185186,8208647.282407408,14.222222222222221,{'Idle': 14.222222222222221}
UartTxTask,184337,184339,8210794.050925926,8210816.263888889,22.212962962962962,{'TelemetryTask': 22.212962962962962}
UartTxTask,184343,184344,8211534.634259259,8211549.319444444,14.685185185185185,{'Idle': 14.685185185185185}
TelemetryTask,184348,184349,8218633.171296297,8218647.361111111,14.189814814814815,{'Idle': 14.189814814814815}
UartTxTask,184351,184353,8220793.810185186,8220815.861111111,22.050925925925927,{'TelemetryTask': 22.050925925925924}
UartTxTask,184357,184358,8221534.305555556,8221548.791666667,14.48611111111111,{'Idle': 14.48611111111111}
TelemetryTask,184362,184363,8228633.00462963,8228646.902777778,13.898148148148149,{'Idle': 13.898148148148149}
UartTxTask,184365,184367,8230794.166666667,8230816.324074074,22.15740740740741,{'TelemetryTask': 22.157407407407405}
UartTxTask,184371,184372,8231535.337962963,8231550.009259259,14.671296296296296,{'Idle': 14.671296296296296}
TelemetryTask,184376,184377,8238633.097222222,8238647.226851852,14.12962962962963,{'Idle': 14.12962962962963}
UartTxTask,184379,184381,8240795.532407408,8240818.050925926,22.51851851851852,{'TelemetryTask': 22.51851851851852}
UartTxTask,184385,184386,8241536.680555556,8241551.287037037,14.606481481481481,{'Idle': 14.606481481481481}
TelemetryTask,184390,184391,8248633.143518519,8248647.416666667,14.273148148148149,{'Idle': 14.273148148148149}
UartTxTask,184393,184395,8250795.050925926,8250816.884259259,21.833333333333332,{'TelemetryTask': 21.833333333333336}
UartTxTask,184399,184400,8251536.032407408,8251550.87962963,14.847222222222221,{'Idle': 14.847222222222221}
TelemetryTask,184404,184405,8258632.99537037,8258647.111111111,14.11574074074074,{'Idle': 14.11574074074074}
UartTxTask,184407,184409,8260794.203703703,8260816.240740741,22.037037037037038,{'TelemetryTask': 22.037037037037038}
UartTxTask,184413,184414,8261534.921296297,8261550.666666667,15.74537037037037,{'Idle': 15.74537037037037}
TelemetryTask,184418,184419,8268633.111111111,8268647.12962963,14.018518518518519,{'Idle': 14.018518518518519}
UartTxTask,184421,184423,8270794.384259259,8270817.069444444,22.685185185185187,{'TelemetryTask': 22.685185185185183}
UartTxTask,184427,184428,8271535.837962963,8271550.768518519,14.930555555555555,{'Idle': 14.930555555555555}
TelemetryTask,184432,184433,8278632.99537037,8278647.013888889,14.018518518518519,{'Idle': 14.018518518518519}
UartTxTask,184435,184437,8280793.680555556,8280815.75,22.069444444444443,{'TelemetryTask': 22.069444444444443}
UartTxTask,184441,184442,8281534.449074074,8281549.111111111,14.662037037037036,{'Idle': 14.662037037037036}
TelemetryTask,184446,184447,8288633.138888889,8288647.319444444,14.180555555555555,{'Idle': 14.180555555555555}
UartTxTask,184449,184451,8290794.458333333,8290816.763888889,22.305555555555557,{'TelemetryTask': 22.305555555555557}
UartTxTask,184455,184456,8291535.722222222,8291550.699074074,14.976851851851851,{'Idle': 14.976851851851851}
TelemetryTask,184460,184461,8298632.833333333,8298647.097222222,14.26388888888889,{'Idle': 14.26388888888889}
UartTxTask,184463,184465,8300793.402777778,8300815.259259259,21.85648148148148,{'TelemetryTask': 21.85648148148148}
UartTxTask,184469,184470,8301534.615740741,8301549.240740741,14.625,{'Idle': 14.625}
TelemetryTask,184474,184475,8308633.101851852,8308647.226851852,14.125,{'Idle': 14.125}
UartTxTask,184477,184479,8310793.351851852,8310815.430555556,22.078703703703702,{'TelemetryTask': 22.078703703703702}
UartTxTask,184483,184484,8311533.898148148,8311548.615740741,14.717592592592593,{'Idle': 14.717592592592593}
TelemetryTask,184488,184489,8318633.092592592,8318647.148148148,14.055555555555555,{'Idle': 14.055555555555555}
UartTxTask,184491,184493,8320794.393518519,8320816.944444444,22.550925925925927,{'TelemetryTask': 22.550925925925924}
UartTxTask,184497,184498,8321535.490740741,8321550.013888889,14.523148148148149,{'Idle': 14.523148148148149}
TelemetryTask,184502,184503,8328632.986111111,8328646.722222222,13.73611111111111,{'Idle': 13.73611111111111}
UartTxTask,184505,184507,8330793.652777778,8330815.648148148,21.99537037037037,{'TelemetryTask': 21.99537037037037}
UartTxTask,184511,184512,8331534.689814814,8331549.680555556,14.99074074074074,{'Idle': 14.99074074074074}
TelemetryTask,184516,184517,8338633.027777778,8338646.912037037,13.88425925925926,{'Idle': 13.88425925925926}
UartTxTask,184519,184521,8340793.875,8340816.041666667,22.166666666666668,{'TelemetryTask': 22.166666666666664}
UartTxTask,184525,184526,8341534.546296297,8341549.199074074,14.652777777777779,{'Idle': 14.652777777777779}
TelemetryTask,184530,184531,8348632.99537037,8348647.00462963,14.00925925925926,{'Idle': 14.00925925925926}
UartTxTask,184533,184535,8350794.268518519,8350816.384259259,22.11574074074074,{'TelemetryTask': 22.11574074074074}
UartTxTask,184539,184540,8351534.791666667,8351549.560185186,14.768518518518519,{'Idle': 14.768518518518519}
TelemetryTask,184544,184545,8358632.990740741,8358647.041666667,14.050925925925926,{'Idle': 14.050925925925926}
UartTxTask,184547,184549,8360793.407407408,8360815.310185186,21.90277777777778,{'TelemetryTask': 21.90277777777778}
UartTxTask,184553,184554,8361534.282407408,8361548.888888889,14.606481481481481,{'Idle': 14.606481481481481}
TelemetryTask,184558,184559,8368633.032407408,8368647.365740741,14.333333333333334,{'Idle': 14.333333333333334}
UartTxTask,184561,184563,8370794.675925926,8370816.287037037,21.61111111111111,{'TelemetryTask': 21.611111111111114}
UartTxTask,184567,184568,8371535.578703703,8371550.171296297,14.592592592592593,{'Idle': 14.592592592592593}
TelemetryTask,184572,184573,8378633.12037037,8378647.162037037,14.041666666666666,{'Idle': 14.041666666666666}
UartTxTask,184575,184577,8380795.12037037,8380817.097222222,21.97685185185185,{'TelemetryTask': 21.976851851851855}
UartTxTask,184581,184582,8381535.898148148,8381550.37962963,14.481481481481481,{'Idle': 14.481481481481481}
TelemetryTask,184586,184587,8388632.875,8388646.550925925,13.675925925925926,{'Idle': 13.675925925925926}
UartTxTask,184589,184591,8390793.63425926,8390815.708333334,22.074074074074073,"{'TelemetryTask': 22.074074074074076, 'UartTxTask': 1.1037897180627893e-09}"
UartTxTask,184595,184596,8391534.495370371,8391549.023148147,14.527777777777779,{'Idle': 14.527777775570199}
TelemetryTask,184600,184601,8398633.00925926,8398646.953703703,13.944444444444445,{'Idle': 13.944444444444445}
UartTxTask,184603,184605,8400794.518518519,8400816.537037037,22.01851851851852,{'TelemetryTask': 22.01851851851852}
UartTxTask,184609,184610,8401535.037037037,8401549.435185185,14.398148148148149,{'Idle': 14.398148148148149}
TelemetryTask,184614,184615,8408633.013888888,8408647.087962963,14.074074074074074,{'Idle': 14.074074075177863}
UartTxTask,184617,184619,8410793.481481481,8410816.097222222,22.61574074074074,{'TelemetryTask': 22.61574074074074}
UartTxTask,184623,184624,8411535.61574074,8411550.078703703,14.462962962962964,{'Idle': 14.462962962962964}
TelemetryTask,184628,184629,8418632.972222222,8418646.944444444,13.972222222222221,{'Idle': 13.972222222222221}
UartTxTask,184631,184633,8420794.101851853,8420816.222222222,22.12037037037037,{'TelemetryTask': 22.12037036926658}
UartTxTask,184637,184638,8421534.703703703,8421549.287037037,14.583333333333334,{'Idle': 14.583333333333334}
TelemetryTask,184642,184643,8428633.106481481,8428647.467592593,14.36111111111111,"{'Idle': 14.36111111111111, 'TelemetryTask': 1.1037897180627893e-09}"
UartTxTask,184645,184647,8430793.856481481,8430815.745370371,21.88888888888889,"{'TelemetryTask': 21.888888888888886, 'UartTxTask': 1.1037897180627893e-09}"
UartTxTask,184651,184652,8431534.310185185,8431548.680555556,14.37037037037037,{'Idle': 14.37037037037037}
TelemetryTask,184656,184657,8438633.074074075,8438646.879629629,13.805555555555555,{'Idle': 13.805555554451766}
UartTxTask,184659,184661,8440794.194444444,8440816.13425926,21.939814814814813,{'TelemetryTask': 21.939814814814817}
UartTxTask,184665,184666,8441535.203703703,8441549.745370371,14.541666666666666,"{'Idle': 14.541666666666666, 'UartTxTask': 1.1037897180627893e-09}"
TelemetryTask,184670,184671,8448632.912037037,8448646.967592593,14.055555555555555,"{'Idle': 14.055555555555555, 'TelemetryTask': 1.1037897180627893e-09}"
UartTxTask,184673,184675,8450794.125,8450816.189814815,22.064814814814813,{'TelemetryTask': 22.064814814814817}
UartTxTask,184679,184680,8451535.38425926,8451550.185185185,14.800925925925926,{'Idle': 14.800925925925926}
TelemetryTask,184684,184685,8458632.833333334,8458647.162037037,14.328703703703704,{'Idle': 14.328703702599913}
UartTxTask,184687,184689,8460794.601851853,8460816.958333334,22.35648148148148,"{'TelemetryTask': 22.356481480377692, 'UartTxTask': 1.1037897180627893e-09}"
UartTxTask,184693,184694,8461536.435185185,8461551.282407407,14.847222222222221,{'Idle': 14.847222221118432}
TelemetryTask,184698,184699,8468633.027777778,8468647.287037037,14.25925925925926,{'Idle': 14.25925925925926}
UartTxTask,184701,184703,8470793.819444444,8470815.814814815,21.99537037037037,{'TelemetryTask': 21.99537037037037}
UartTxTask,184707,184708,8471534.388888888,8471548.981481481,14.592592592592593,{'Idle': 14.592592593696383}
TelemetryTask,184712,184713,8478633.157407407,8478647.430555556,14.273148148148149,{'Idle': 14.273148149251938}
UartTxTask,184715,184717,8480794.907407407,8480817.402777778,22.49537037037037,{'TelemetryTask': 22.49537037147416}
UartTxTask,184721,184722,8481536.333333334,8481550.981481481,14.648148148148149,{'Idle': 14.648148147044358}
TelemetryTask,184726,184727,8488633.074074075,8488646.796296297,13.722222222222221,{'Idle': 13.722222222222221}
UartTxTask,184729,184731,8490794.296296297,8490816.680555556,22.38425925925926,{'TelemetryTask': 22.38425925925926}
UartTxTask,184735,184736,8491535.356481481,8491550.083333334,14.726851851851851,"{'Idle': 14.726851851851851, 'UartTxTask': 1.1037897180627893e-09}"
TelemetryTask,184740,184741,8498633.106481481,8498647.064814815,13.958333333333334,{'Idle': 13.958333333333334}
UartTxTask,184743,184745,8500794.435185185,8500816.842592593,22.40740740740741,"{'TelemetryTask': 22.40740740740741, 'UartTxTask': 1.1037897180627893e-09}"
UartTxTask,184749,184750,8501535.898148147,8501550.361111112,14.462962962962964,"{'Idle': 14.462962964066753, 'UartTxTask': 1.1037897180627893e-09}"
TelemetryTask,184754,184755,8508633.111111112,8508647.185185185,14.074074074074074,{'Idle': 14.074074072970284}
UartTxTask,184757,184759,8510794.592592593,8510817.032407407,22.439814814814813,{'TelemetryTask': 22.439814812607235}
UartTxTask,184763,184764,8511535.75925926,8511550.527777778,14.768518518518519,{'Idle': 14.768518518518519}
TelemetryTask,184768,184769,8518633.180555556,8518647.481481481,14.300925925925926,{'Idle': 14.300925925925926}
UartTxTask,184771,184773,8520795.00925926,8520817.101851853,22.09259259259259,"{'TelemetryTask': 22.092592592592595, 'UartTxTask': 1.1037897180627893e-09}"
UartTxTask,184777,184778,8521535.972222222,8521550.861111112,14.88888888888889,"{'Idle': 14.88888888888889, 'UartTxTask': 1.1037897180627893e-09}"
TelemetryTask,184782,184783,8528633.129629629,8528647.310185185,14.180555555555555,{'Idle': 14.180555556659344}
UartTxTask,184785,184787,8530794.217592593,8530816.537037037,22.319444444444443,{'TelemetryTask': 22.319444443340654}
UartTxTask,184791,184792,8531535.629629629,8531550.236111112,14.606481481481481,"{'Idle': 14.60648148258527, 'UartTxTask': 1.1037897180627893e-09}"
TelemetryTask,184796,184797,8538632.995370371,8538647.152777778,14.157407407407407,{'Idle': 14.157407406303617}
UartTxTask,184799,184801,8540795.199074075,8540817.342592593,22.14351851851852,"{'TelemetryTask': 22.14351851851852, 'UartTxTask': 1.1037897180627893e-09}"
UartTxTask,184805,184806,8541536.023148147,8541550.731481481,14.708333333333334,{'Idle': 14.708333334437123}
TelemetryTask,184810,184811,8548633.078703703,8548647.120370371,14.041666666666666,"{'Idle': 14.041666666666666, 'TelemetryTask': 1.1037897180627893e-09}"
UartTxTask,184813,184815,8550794.231481481,8550816.291666666,22.060185185185187,{'TelemetryTask': 22.060185184081394}
UartTxTask,184819,184820,8551535.00925926,8551550.060185185,15.050925925925926,{'Idle': 15.050925925925926}
TelemetryTask,184824,184825,8558632.995370371,8558646.902777778,13.907407407407407,{'Idle': 13.907407406303617}
UartTxTask,184827,184829,8560795.231481481,8560817.680555556,22.449074074074073,{'TelemetryTask': 22.449074074074076}
UartTxTask,184833,184834,8561536.504629629,8561551.222222222,14.717592592592593,{'Idle': 14.717592593696383}
TelemetryTask,184838,184839,8568633.074074075,8568646.870370371,13.796296296296296,"{'Idle': 13.796296296296296, 'TelemetryTask': 1.1037897180627893e-09}"
UartTxTask,184841,184843,8570794.180555556,8570816.560185185,22.37962962962963,{'TelemetryTask': 22.37962962962963}
UartTxTask,184847,184848,8571535.217592593,8571549.453703703,14.23611111111111,{'Idle': 14.236111110007322}
TelemetryTask,184852,184853,8578632.930555556,8578647.046296297,14.11574074074074,{'Idle': 14.11574074074074}
UartTxTask,184855,184857,8580793.847222222,8580816.11574074,22.26851851851852,{'TelemetryTask': 22.26851851851852}
UartTxTask,184861,184862,8581534.796296297,8581549.800925925,15.00462962962963,{'Idle': 15.00462962962963}
TelemetryTask,184866,184867,8588632.986111112,8588647.018518519,14.032407407407407,{'Idle': 14.032407406303617}
UartTxTask,184869,184871,8590793.99074074,8590815.763888888,21.77314814814815,{'TelemetryTask': 21.77314814704436}
UartTxTask,184875,184876,8591535.092592593,8591549.819444444,14.726851851851851,{'Idle': 14.726851850748062}
TelemetryTask,184880,184881,8598633.023148147,8598647.324074075,14.300925925925926,{'Idle': 14.300925927029715}
UartTxTask,184883,184885,8600794.435185185,8600816.666666666,22.23148148148148,{'TelemetryTask': 22.231481480377692}
UartTxTask,184889,184890,8601535.328703703,8601550.171296297,14.842592592592593,{'Idle': 14.842592592592593}
TelemetryTask,184894,184895,8608633.143518519,8608646.962962963,13.819444444444445,{'Idle': 13.819444444444445}
UartTxTask,184897,184899,8610794.847222222,8610817.101851853,22.25462962962963,"{'TelemetryTask': 22.25462962962963, 'UartTxTask': 1.1037897180627893e-09}"
UartTxTask,184903,184904,8611536.328703703,8611550.861111112,14.532407407407407,"{'Idle': 14.532407407407407, 'UartTxTask': 1.1037897180627893e-09}"
TelemetryTask,184908,184909,8618633.023148147,8618647.162037037,14.13888888888889,{'Idle': 14.138888889992678}
UartTxTask,184911,184913,8620794.268518519,8620816.236111112,21.96759259259259,"{'TelemetryTask': 21.96759259259259, 'UartTxTask': 1.1037897180627893e-09}"
UartTxTask,184917,184918,8621535.023148147,8621549.907407407,14.88425925925926,{'Idle': 14.884259259259258}
TelemetryTask,184922,184923,8628633.087962963,8628647.351851853,14.26388888888889,"{'Idle': 14.26388888888889, 'TelemetryTask': 1.1037897180627893e-09}"
UartTxTask,184925,184927,8630795.74074074,8630817.958333334,22.21759259259259,"{'TelemetryTask': 22.217592592592595, 'UartTxTask': 1.1037897180627893e-09}"
UartTxTask,184931,184932,8631537.129629629,8631552.092592593,14.962962962962964,"{'Idle': 14.962962964066753, 'UartTxTask': 1.1037897180627893e-09}"
ButtonTask,184938,184940,8636882.967592593,8636897.88425926,14.916666666666666,"{'ISR#56': 5.833333332229544, 'Scheduler': 9.083333333333334}"
UartTxTask,184943,184945,8637017.879629629,8637049.912037037,32.032407407407405,{'ButtonTask': 32.0324074085112}
UartTxTask,184949,184950,8637768.513888888,8637777.680555556,9.166666666666666,{'Idle': 9.166666667770455}
TelemetryTask,184954,184955,8638633.393518519,8638647.078703703,13.685185185185185,{'Idle': 13.685185185185185}
UartTxTask,184957,184959,8640793.782407407,8640815.662037037,21.87962962962963,{'TelemetryTask': 21.87962963073342}
UartTxTask,184963,184964,8641534.361111112,8641549.439814815,15.078703703703704,{'Idle': 15.078703702599913}
TelemetryTask,184968,184969,8648633.087962963,8648647.037037037,13.949074074074074,{'Idle': 13.949074074074074}
UartTxTask,184971,184973,8650794.99074074,8650816.912037037,21.921296296296298,{'TelemetryTask': 21.921296296296298}
UartTxTask,184977,184978,8651536.0,8651550.638888888,14.63888888888889,{'Idle': 14.638888887785098}
TelemetryTask,184982,184983,8658633.101851853,8658647.018518519,13.916666666666666,{'Idle': 13.916666665562877}
UartTxTask,184985,184987,8660794.0,8660815.814814815,21.814814814814813,{'TelemetryTask': 21.814814814814817}
UartTxTask,184991,184992,8661534.666666666,8661549.291666666,14.625,{'Idle': 14.625}
TelemetryTask,184996,184997,8668633.171296297,8668647.055555556,13.88425925925926,{'Idle': 13.88425925925926}
UartTxTask,184999,185001,8670794.273148147,8670816.680555556,22.40740740740741,{'TelemetryTask': 22.407407408511197}
UartTxTask,185005,185006,8671535.638888888,8671550.453703703,14.814814814814815,{'Idle': 14.814814815918604}
TelemetryTask,185010,185011,8678633.111111112,8678647.342592593,14.231481481481481,"{'Idle': 14.231481480377692, 'TelemetryTask': 1.1037897180627893e-09}"
UartTxTask,185013,185015,8680794.537037037,8680816.976851853,22.439814814814813,"{'TelemetryTask': 22.439814814814817, 'UartTxTask': 1.1037897180627893e-09}"
UartTxTask,185019,185020,8681535.347222222,8681549.671296297,14.324074074074074,{'Idle': 14.324074074074074}
TelemetryTask,185024,185025,8688632.972222222,8688647.305555556,14.333333333333334,{'Idle': 14.333333333333334}
UartTxTask,185027,185029,8690794.300925925,8690816.523148147,22.22222222222222,{'TelemetryTask': 22.222222221118432}
UartTxTask,185033,185034,8691535.046296297,8691549.791666666,14.74537037037037,{'Idle': 14.745370369266581}
TelemetryTask,185038,185039,8698633.171296297,8698647.356481481,14.185185185185185,{'Idle': 14.185185185185185}
UartTxTask,185041,185043,8700794.319444444,8700816.347222222,22.02777777777778,{'TelemetryTask': 22.02777777777778}
UartTxTask,185047,185048,8701535.226851853,8701549.972222222,14.74537037037037,{'Idle': 14.745370369266581}
TelemetryTask,185052,185053,8708633.032407407,8708647.111111112,14.078703703703704,"{'Idle': 14.078703704807493, 'TelemetryTask': 1.1037897180627893e-09}"
UartTxTask,185055,185057,8710794.425925925,8710816.416666666,21.99074074074074,{'TelemetryTask': 21.99074073963695}
UartTxTask,185061,185062,8711535.212962963,8711549.870370371,14.657407407407407,"{'Idle': 14.657407407407407, 'UartTxTask': 1.1037897180627893e-09}"
TelemetryTask,185066,185067,8718632.953703703,8718646.722222222,13.768518518518519,{'Idle': 13.768518518518519}
UartTxTask,185069,185071,8720793.86574074,8720815.763888888,21.89814814814815,{'TelemetryTask': 21.89814814704436}
UartTxTask,185075,185076,8721534.662037037,8721549.689814815,15.027777777777779,{'Idle': 15.027777777777779}
TelemetryTask,185080,185081,8728632.939814815,8728647.138888888,14.199074074074074,{'Idle': 14.199074072970284}
UartTxTask,185083,185085,8730794.574074075,8730816.689814815,22.11574074074074,{'TelemetryTask': 22.11574074074074}
UartTxTask,185089,185090,8731535.532407407,8731550.314814815,14.782407407407407,{'Idle': 14.782407408511196}
TelemetryTask,185094,185095,8738633.004629629,8738647.0,13.99537037037037,{'Idle': 13.99537037147416}
UartTxTask,185097,185099,8740794.88425926,8740817.50925926,22.625,{'TelemetryTask': 22.625}
UartTxTask,185103,185104,8741536.361111112,8741551.222222222,14.86111111111111,{'Idle': 14.861111110007322}
TelemetryTask,185108,185109,8748633.0,8748647.120370371,14.12037037037037,"{'Idle': 14.12037037037037, 'TelemetryTask': 1.1037897180627893e-09}"
UartTxTask,185111,185113,8750795.300925925,8750817.25,21.949074074074073,{'TelemetryTask': 21.949074074074076}
UartTxTask,185117,185118,8751536.532407407,8751551.25925926,14.726851851851851,{'Idle': 14.72685185295564}
TelemetryTask,185122,185123,8758633.074074075,8758647.175925925,14.101851851851851,{'Idle': 14.101851851851851}
UartTxTask,185125,185127,8760793.842592593,8760815.972222222,22.12962962962963,{'TelemetryTask': 22.12962962852584}
UartTxTask,185131,185132,8761534.560185185,8761549.291666666,14.731481481481481,{'Idle': 14.731481480377692}
TelemetryTask,185136,185137,8768633.083333334,8768647.199074075,14.11574074074074,{'Idle': 14.115740739636951}
UartTxTask,185139,185141,8770794.328703703,8770816.36574074,22.037037037037038,{'TelemetryTask': 22.037037037037038}
UartTxTask,185145,185146,8771535.416666666,8771550.347222222,14.930555555555555,{'Idle': 14.930555556659344}
TelemetryTask,185150,185151,8778633.00925926,8778646.768518519,13.75925925925926,{'Idle': 13.75925925925926}
UartTxTask,185153,185155,8780794.36574074,8780816.101851853,21.73611111111111,"{'TelemetryTask': 21.73611111111111, 'UartTxTask': 1.1037897180627893e-09}"
UartTxTask,185159,185160,8781534.837962963,8781549.527777778,14.689814814814815,{'Idle': 14.689814814814815}
TelemetryTask,185164,185165,8788633.050925925,8788646.995370371,13.944444444444445,"{'Idle': 13.944444444444445, 'TelemetryTask': 1.1037897180627893e-09}"
UartTxTask,185167,185169,8790793.976851853,8790816.069444444,22.09259259259259,{'TelemetryTask': 22.092592591488803}
UartTxTask,185173,185174,8791535.004629629,8791550.004629629,15.0,{'Idle': 15.0}
TelemetryTask,185178,185179,8798633.055555556,8798647.027777778,13.972222222222221,{'Idle': 13.972222222222221}
UartTxTask,185181,185183,8800792.888888888,8800814.782407407,21.89351851851852,{'TelemetryTask': 21.89351851851852}
UartTxTask,185187,185188,8801533.643518519,8801548.763888888,15.12037037037037,{'Idle': 15.120370369266581}
TelemetryTask,185192,185193,8808633.013888888,8808647.027777778,14.01388888888889,{'Idle': 14.013888889992678}
UartTxTask,185195,185197,8810793.0,8810814.912037037,21.912037037037038,{'TelemetryTask': 21.912037037037038}
UartTxTask,185201,185202,8811533.680555556,8811548.370370371,14.689814814814815,"{'Idle': 14.689814814814815, 'UartTxTask': 1.1037897180627893e-09}"
TelemetryTask,185206,185207,8818633.046296297,8818646.935185185,13.88888888888889,{'Idle': 13.88888888888889}
UartTxTask,185209,185211,8820794.601851853,8820817.087962963,22.48611111111111,{'TelemetryTask': 22.48611111000732}
UartTxTask,185215,185216,8821535.819444444,8821550.754629629,14.935185185185185,{'Idle': 14.935185184081396}
TelemetryTask,185220,185221,8828632.967592593,8828646.902777778,13.935185185185185,{'Idle': 13.935185184081396}
UartTxTask,185223,185225,8830793.361111112,8830815.375,22.01388888888889,{'TelemetryTask': 22.0138888877851}
UartTxTask,185229,185230,8831533.976851853,8831548.810185185,14.833333333333334,{'Idle': 14.833333332229543}
TelemetryTask,185234,185235,8838632.995370371,8838647.194444444,14.199074074074074,{'Idle': 14.199074072970284}
UartTxTask,185237,185239,8840794.111111112,8840816.236111112,22.125,"{'TelemetryTask': 22.12499999889621, 'UartTxTask': 1.1037897180627893e-09}"
UartTxTask,185243,185244,8841535.870370371,8841550.768518519,14.898148148148149,{'Idle': 14.898148147044358}
ButtonTask,185250,185252,8842894.282407407,8842909.166666666,14.88425925925926,"{'ISR#56': 5.75000000110379, 'Scheduler': 9.134259258155469}"
UartTxTask,185255,185257,8843029.416666666,8843062.138888888,32.72222222222222,{'ButtonTask': 32.72222222222222}
UartTxTask,185261,185262,8843780.902777778,8843789.819444444,8.916666666666666,{'Idle': 8.916666666666666}
TelemetryTask,185266,185267,8848633.217592593,8848647.481481481,14.26388888888889,{'Idle': 14.263888887785098}
UartTxTask,185269,185271,8850794.638888888,8850816.560185185,21.921296296296298,{'TelemetryTask': 21.921296297400087}
UartTxTask,185275,185276,8851535.587962963,8851550.171296297,14.583333333333334,{'Idle': 14.583333333333334}
TelemetryTask,185280,185281,8858633.013888888,8858646.879629629,13.86574074074074,{'Idle': 13.86574074074074}
UartTxTask,185283,185285,8860793.00925926,8860814.888888888,21.87962962962963,{'TelemetryTask': 21.87962962852584}
UartTxTask,185289,185290,8861534.217592593,8861549.148148147,14.930555555555555,{'Idle': 14.930555553347975}
TelemetryTask,185294,185295,8868633.212962963,8868647.449074075,14.23611111111111,{'Idle': 14.23611111111111}
UartTxTask,185297,185299,8870794.546296297,8870816.569444444,22.02314814814815,{'TelemetryTask': 22.02314814814815}
UartTxTask,185303,185304,8871535.935185185,8871550.601851853,14.666666666666666,"{'Idle': 14.666666666666666, 'UartTxTask': 1.1037897180627893e-09}"
TelemetryTask,185308,185309,8878632.986111112,8878647.231481481,14.24537037037037,{'Idle': 14.245370369266581}
UartTxTask,185311,185313,8880793.953703703,8880816.166666666,22.212962962962962,{'TelemetryTask': 22.212962961859176}
UartTxTask,185317,185318,8881534.712962963,8881549.625,14.912037037037036,{'Idle': 14.912037037037036}
TelemetryTask,185322,185323,8888633.041666666,8888647.129629629,14.087962962962964,{'Idle': 14.087962962962962}
UartTxTask,185325,185327,8890793.046296297,8890814.935185185,21.88888888888889,{'TelemetryTask': 21.88888888888889}
UartTxTask,185331,185332,8891533.88425926,8891548.564814815,14.680555555555555,{'Idle': 14.680555555555555}
TelemetryTask,185336,185337,8898632.939814815,8898646.995370371,14.055555555555555,"{'Idle': 14.055555555555555, 'TelemetryTask': 1.1037897180627893e-09}"
UartTxTask,185339,185341,8900794.625,8900817.027777778,22.40277777777778,{'TelemetryTask': 22.40277777777778}
UartTxTask,185345,185346,8901535.796296297,8901550.393518519,14.597222222222221,{'Idle': 14.597222222222221}
TelemetryTask,185350,185351,8908633.097222222,8908646.870370371,13.773148148148149,"{'Idle': 13.773148148148149, 'TelemetryTask': 1.1037897180627893e-09}"
UartTxTask,185353,185355,8910793.86574074,8910815.879629629,22.01388888888889,{'TelemetryTask': 22.0138888877851}
UartTxTask,185359,185360,8911534.476851853,8911549.004629629,14.527777777777779,{'Idle': 14.527777775570199}
TelemetryTask,185364,185365,8918633.032407407,8918647.282407407,14.25,{'Idle': 14.25}
UartTxTask,185367,185369,8920793.935185185,8920816.208333334,22.27314814814815,"{'TelemetryTask': 22.27314814814815, 'UartTxTask': 1.1037897180627893e-09}"
UartTxTask,185373,185374,8921534.837962963,8921549.550925925,14.712962962962964,{'Idle': 14.712962962962964}
TelemetryTask,185378,185379,8928632.962962963,8928647.11574074,14.152777777777779,{'Idle': 14.152777777777779}
UartTxTask,185381,185383,8930794.300925925,8930816.435185185,22.13425925925926,{'TelemetryTask': 22.13425925925926}
UartTxTask,185387,185388,8931535.087962963,8931550.097222222,15.00925925925926,{'Idle': 15.00925925925926}
TelemetryTask,185392,185393,8938633.046296297,8938646.796296297,13.75,{'Idle': 13.75}
UartTxTask,185395,185397,8940794.106481481,8940815.972222222,21.86574074074074,{'TelemetryTask': 21.86574074074074}
UartTxTask,185401,185402,8941535.143518519,8941549.666666666,14.523148148148149,{'Idle': 14.523148147044358}
TelemetryTask,185406,185407,8948633.120370371,8948647.356481481,14.23611111111111,{'Idle': 14.236111110007322}
UartTxTask,185409,185411,8950794.263888888,8950816.504629629,22.24074074074074,{'TelemetryTask': 22.24074074074074}
UartTxTask,185415,185416,8951535.337962963,8951550.305555556,14.967592592592593,{'Idle': 14.967592592592593}
TelemetryTask,185420,185421,8958632.976851853,8958647.310185185,14.333333333333334,{'Idle': 14.333333332229543}
UartTxTask,185423,185425,8960794.888888888,8960817.324074075,22.435185185185187,{'TelemetryTask': 22.435185186288976}
UartTxTask,185429,185430,8961536.273148147,8961550.893518519,14.62037037037037,{'Idle': 14.62037037147416}
TelemetryTask,185434,185435,8968633.074074075,8968647.125,14.050925925925926,{'Idle': 14.050925925925926}
UartTxTask,185437,185439,8970794.291666666,8970816.361111112,22.069444444444443,"{'TelemetryTask': 22.069444445548235, 'UartTxTask': 1.1037897180627893e-09}"
UartTxTask,185443,185444,8971535.629629629,8971550.333333334,14.703703703703704,"{'Idle': 14.703703704807493, 'UartTxTask': 1.1037897180627893e-09}"
TelemetryTask,185448,185449,8978633.004629629,8978647.407407407,14.402777777777779,{'Idle': 14.402777777777777}
UartTxTask,185451,185453,8980793.546296297,8980815.805555556,22.25925925925926,{'TelemetryTask': 22.25925925925926}
UartTxTask,185457,185458,8981534.805555556,8981549.63425926,14.828703703703704,{'Idle': 14.828703703703704}
TelemetryTask,185462,185463,8988632.944444444,8988646.967592593,14.023148148148149,"{'Idle': 14.023148148148149, 'TelemetryTask': 1.1037897180627893e-09}"
UartTxTask,185465,185467,8990794.185185185,8990816.430555556,22.24537037037037,{'TelemetryTask': 22.24537037037037}
UartTxTask,185471,185472,8991534.939814815,8991549.583333334,14.643518518518519,"{'Idle': 14.643518518518519, 'UartTxTask': 1.1037897180627893e-09}"
TelemetryTask,185476,185477,8998633.013888888,8998647.254629629,14.24074074074074,{'Idle': 14.24074074074074}
UartTxTask,185479,185481,9000794.925925925,9000816.532407407,21.60648148148148,{'TelemetryTask': 21.606481480377692}
UartTxTask,185485,185486,9001535.86574074,9001550.578703703,14.712962962962964,{'Idle': 14.712962962962964}
TelemetryTask,185490,185491,9008633.11574074,9008647.166666666,14.050925925925926,{'Idle': 14.050925924822137}
UartTxTask,185493,185495,9010794.791666666,9010816.486111112,21.694444444444443,"{'TelemetryTask': 21.694444445548235, 'UartTxTask': 1.1037897180627893e-09}"
UartTxTask,185499,185500,9011535.38425926,9011550.254629629,14.87037037037037,{'Idle': 14.870370369266581}
TelemetryTask,185504,185505,9018633.13425926,9018647.25,14.11574074074074,{'Idle': 14.11574074074074}
UartTxTask,185507,185509,9020794.245370371,9020816.245370371,22.0,"{'TelemetryTask': 21.999999998896207, 'UartTxTask': 1.1037897180627893e-09}"
UartTxTask,185513,185514,9021534.763888888,9021549.324074075,14.560185185185185,{'Idle': 14.560185186288974}
TelemetryTask,185518,185519,9028633.074074075,9028647.416666666,14.342592592592593,{'Idle': 14.342592591488803}
UartTxTask,185521,185523,9030795.143518519,9030817.402777778,22.25925925925926,{'TelemetryTask': 22.25925925925926}
UartTxTask,185527,185528,9031536.097222222,9031550.666666666,14.569444444444445,{'Idle': 14.569444443340656}
TelemetryTask,185532,185533,9038632.995370371,9038647.138888888,14.143518518518519,{'Idle': 14.14351851631094}
UartTxTask,185535,185537,9040793.0,9040815.11574074,22.11574074074074,{'TelemetryTask': 22.11574074074074}
UartTxTask,185541,185542,9041533.810185185,9041548.199074075,14.38888888888889,{'Idle': 14.38888888888889}
TelemetryTask,185546,185547,9048632.88425926,9048646.824074075,13.939814814814815,{'Idle': 13.939814814814815}
UartTxTask,185549,185551,9050794.787037037,9050817.231481481,22.444444444444443,{'TelemetryTask': 22.444444444444443}
UartTxTask,185555,185556,9051536.037037037,9051550.88425926,14.847222222222221,{'Idle': 14.847222222222221}
TelemetryTask,185560,185561,9058633.087962963,9058646.611111112,13.523148148148149,"{'Idle': 13.523148148148149, 'TelemetryTask': 1.1037897180627893e-09}"
UartTxTask,185563,185565,9060792.925925925,9060815.467592593,22.541666666666668,"{'TelemetryTask': 22.541666666666668, 'UartTxTask': 1.1037897180627893e-09}"
UartTxTask,185569,185570,9061534.324074075,9061549.203703703,14.87962962962963,{'Idle': 14.87962962962963}
TelemetryTask,185574,185575,9068633.046296297,9068647.189814815,14.143518518518519,{'Idle': 14.143518518518519}
UartTxTask,185577,185579,9070793.995370371,9070816.111111112,22.11574074074074,"{'TelemetryTask': 22.11574073963695, 'UartTxTask': 1.1037897180627893e-09}"
UartTxTask,185583,185584,9071534.726851853,9071549.546296297,14.819444444444445,{'Idle': 14.819444443340656}
TelemetryTask,185588,185589,9078633.087962963,9078647.152777778,14.064814814814815,{'Idle': 14.064814814814815}
UartTxTask,185591,185593,9080794.356481481,9080816.555555556,22.199074074074073,{'TelemetryTask': 22.199074074074076}
UartTxTask,185597,185598,9081535.523148147,9081550.25,14.726851851851851,{'Idle': 14.72685185295564}
TelemetryTask,185602,185603,9088633.027777778,9088647.064814815,14.037037037037036,{'Idle': 14.037037037037036}
UartTxTask,185605,185607,9090793.958333334,9090816.287037037,22.328703703703702,{'TelemetryTask': 22.328703702599913}
UartTxTask,185611,185612,9091535.328703703,9091549.800925925,14.472222222222221,{'Idle': 14.472222222222221}
TelemetryTask,185616,185617,9098632.828703703,9098646.916666666,14.087962962962964,{'Idle': 14.087962961859173}
UartTxTask,185619,185621,9100793.601851853,9100815.75,22.14814814814815,{'TelemetryTask': 22.14814814704436}
UartTxTask,185625,185626,9101534.125,9101548.375,14.25,{'Idle': 14.25}
TelemetryTask,185630,185631,9108633.0,9108646.888888888,13.88888888888889,{'Idle': 13.888888887785098}
UartTxTask,185633,185635,9110793.38425926,9110815.671296297,22.287037037037038,{'TelemetryTask': 22.287037037037038}
UartTxTask,185639,185640,9111534.717592593,9111549.375,14.657407407407407,{'Idle': 14.657407406303617}
TelemetryTask,185644,185645,9118633.101851853,9118647.203703703,14.101851851851851,{'Idle': 14.101851850748062}
UartTxTask,185647,185649,9120793.893518519,9120815.967592593,22.074074074074073,"{'TelemetryTask': 22.074074074074076, 'UartTxTask': 1.1037897180627893e-09}"
UartTxTask,185653,185654,9121534.902777778,9121549.638888888,14.73611111111111,{'Idle': 14.736111110007322}
TelemetryTask,185658,185659,9128633.032407407,9128647.416666666,14.38425925925926,{'Idle': 14.384259259259258}
UartTxTask,185661,185663,9130794.407407407,9130816.694444444,22.287037037037038,{'TelemetryTask': 22.287037038140827}
UartTxTask,185667,185668,9131535.541666666,9131550.305555556,14.76388888888889,{'Idle': 14.763888889992678}
TelemetryTask,185672,185673,9138633.064814815,9138647.087962963,14.023148148148149,{'Idle': 14.023148148148149}
UartTxTask,185675,185677,9140793.407407407,9140815.453703703,22.046296296296298,{'TelemetryTask': 22.046296297400083}
UartTxTask,185681,185682,9141534.148148147,9141549.101851853,14.953703703703704,"{'Idle': 14.953703704807493, 'UartTxTask': 1.1037897180627893e-09}"
TelemetryTask,185686,185687,9148632.833333334,9148646.63425926,13.800925925925926,{'Idle': 13.800925924822137}
UartTxTask,185689,185691,9150792.763888888,9150814.625,21.86111111111111,{'TelemetryTask': 21.8611111122149}
UartTxTask,185695,185696,9151533.351851853,9151548.00925926,14.657407407407407,{'Idle': 14.657407406303617}
TelemetryTask,185700,185701,9158633.083333334,9158647.023148147,13.939814814814815,{'Idle': 13.939814812607235}
UartTxTask,185703,185705,9160793.625,9160816.032407407,22.40740740740741,{'TelemetryTask': 22.40740740630362}
UartTxTask,185709,185710,9161535.013888888,9161549.49074074,14.476851851851851,{'Idle': 14.47685185295564}
TelemetryTask,185714,185715,9168633.013888888,9168647.226851853,14.212962962962964,"{'Idle': 14.212962964066753, 'TelemetryTask': 1.1037897180627893e-09}"
UartTxTask,185717,185719,9170793.819444444,9170816.055555556,22.23611111111111,{'TelemetryTask': 22.23611111111111}
UartTxTask,185723,185724,9171534.63425926,9171549.13425926,14.5,{'Idle': 14.5}
TelemetryTask,185728,185729,9178633.106481481,9178647.370370371,14.26388888888889,"{'Idle': 14.26388888888889, 'TelemetryTask': 1.1037897180627893e-09}"
UartTxTask,185731,185733,9180794.796296297,9180817.00925926,22.212962962962962,{'TelemetryTask': 22.212962962962962}
UartTxTask,185737,185738,9181536.398148147,9181550.75925926,14.36111111111111,{'Idle': 14.3611111122149}
TelemetryTask,185742,185743,9188633.087962963,9188646.962962963,13.875,{'Idle': 13.875}
UartTxTask,185745,185747,9190793.782407407,9190816.013888888,22.23148148148148,{'TelemetryTask': 22.23148148148148}
UartTxTask,185751,185752,9191534.703703703,9191549.402777778,14.699074074074074,{'Idle': 14.699074074074074}
TelemetryTask,185756,185757,9198633.166666666,9198647.138888888,13.972222222222221,{'Idle': 13.972222222222221}
UartTxTask,185759,185761,9200794.347222222,9200816.587962963,22.24074074074074,{'TelemetryTask': 22.24074074074074}
UartTxTask,185765,185766,9201535.412037037,9201550.189814815,14.777777777777779,{'Idle': 14.777777777777779}
TelemetryTask,185770,185771,9208633.166666666,9208647.101851853,13.935185185185185,"{'Idle': 13.935185186288974, 'TelemetryTask': 1.1037897180627893e-09}"
UartTxTask,185773,185775,9210794.300925925,9210816.375,22.074074074074073,{'TelemetryTask': 22.074074074074076}
UartTxTask,185779,185780,9211535.574074075,9211550.712962963,15.13888888888889,{'Idle': 15.13888888888889}
TelemetryTask,185784,185785,9218633.11574074,9218647.138888888,14.023148148148149,{'Idle': 14.023148147044358}
UartTxTask,185787,185789,9220794.328703703,9220816.435185185,22.10648148148148,{'TelemetryTask': 22.10648148148148}
UartTxTask,185793,185794,9221535.041666666,9221549.837962963,14.796296296296296,{'Idle': 14.796296297400085}
TelemetryTask,185798,185799,9228633.069444444,9228646.75925926,13.689814814814815,{'Idle': 13.689814814814815}
UartTxTask,185801,185803,9230793.680555556,9230815.703703703,22.02314814814815,{'TelemetryTask': 22.023148148148145}
UartTxTask,185807,185808,9231534.587962963,9231549.370370371,14.782407407407407,"{'Idle': 14.782407407407407, 'UartTxTask': 1.1037897180627893e-09}"
TelemetryTask,185812,185813,9238633.245370371,9238647.333333334,14.087962962962964,"{'Idle': 14.087962961859173, 'TelemetryTask': 1.1037897180627893e-09}"
UartTxTask,185815,185817,9240794.546296297,9240816.972222222,22.425925925925927,{'TelemetryTask': 22.425925925925924}
UartTxTask,185821,185822,9241536.004629629,9241550.75,14.74537037037037,{'Idle': 14.74537037147416}
TelemetryTask,185826,185827,9248633.041666666,9248647.120370371,14.078703703703704,"{'Idle': 14.078703704807493, 'TelemetryTask': 1.1037897180627893e-09}"
UartTxTask,185829,185831,9250793.842592593,9250815.666666666,21.824074074074073,{'TelemetryTask': 21.824074071866495}
UartTxTask,185835,185836,9251534.958333334,9251549.685185185,14.726851851851851,{'Idle': 14.726851850748062}
TelemetryTask,185840,185841,9258633.00925926,9258647.370370371,14.36111111111111,"{'Idle': 14.36111111111111, 'TelemetryTask': 1.1037897180627893e-09}"
UartTxTask,185843,185845,9260794.537037037,9260816.944444444,22.40740740740741,{'TelemetryTask': 22.40740740740741}
UartTxTask,185849,185850,9261535.694444444,9261550.277777778,14.583333333333334,{'Idle': 14.583333333333334}
TelemetryTask,185854,185855,9268633.087962963,9268647.189814815,14.101851851851851,{'Idle': 14.101851851851851}
UartTxTask,185857,185859,9270794.527777778,9270816.814814815,22.287037037037038,{'TelemetryTask': 22.287037037037038}
UartTxTask,185863,185864,9271535.476851853,9271550.430555556,14.953703703703704,{'Idle': 14.953703702599913}
TelemetryTask,185868,185869,9278633.101851853,9278647.305555556,14.203703703703704,{'Idle': 14.203703702599913}
UartTxTask,185871,185873,9280794.88425926,9280816.925925925,22.041666666666668,{'TelemetryTask': 22.041666666666664}
UartTxTask,185877,185878,9281535.541666666,9281550.430555556,14.88888888888889,{'Idle': 14.888888889992678}
TelemetryTask,185882,185883,9288632.847222222,9288647.175925925,14.328703703703704,{'Idle': 14.328703703703704}
UartTxTask,185885,185887,9290794.629629629,9290816.888888888,22.25925925925926,{'TelemetryTask': 22.25925925925926}
UartTxTask,185891,185892,9291535.560185185,9291550.504629629,14.944444444444445,{'Idle': 14.944444443340656}
TelemetryTask,185896,185897,9298633.148148147,9298647.226851853,14.078703703703704,"{'Idle': 14.078703704807493, 'TelemetryTask': 1.1037897180627893e-09}"
UartTxTask,185899,185901,9300794.333333334,9300816.314814815,21.98148148148148,{'TelemetryTask': 21.981481480377692}
UartTxTask,185905,185906,9301535.388888888,9301550.120370371,14.731481481481481,"{'Idle': 14.73148148258527, 'UartTxTask': 1.1037897180627893e-09}"
TelemetryTask,185910,185911,9308633.143518519,9308647.083333334,13.939814814814815,"{'Idle': 13.939814814814815, 'TelemetryTask': 1.1037897180627893e-09}"
UartTxTask,185913,185915,9310794.601851853,9310816.555555556,21.953703703703702,{'TelemetryTask': 21.953703702599917}
UartTxTask,185919,185920,9311535.120370371,9311549.972222222,14.851851851851851,{'Idle': 14.851851850748062}
TelemetryTask,185924,185925,9318633.018518519,9318646.851851853,13.833333333333334,"{'Idle': 13.833333333333334, 'TelemetryTask': 1.1037897180627893e-09}"
UartTxTask,185927,185929,9320794.583333334,9320816.620370371,22.037037037037038,"{'TelemetryTask': 22.037037035933245, 'UartTxTask': 1.1037897180627893e-09}"
UartTxTask,185933,185934,9321535.361111112,9321550.203703703,14.842592592592593,{'Idle': 14.842592591488803}
TelemetryTask,185938,185939,9328633.101851853,9328646.810185185,13.708333333333334,{'Idle': 13.708333332229543}
UartTxTask,185941,185943,9330794.50925926,9330816.398148147,21.88888888888889,{'TelemetryTask': 21.8888888877851}
UartTxTask,185947,185948,9331535.175925925,9331549.699074075,14.523148148148149,{'Idle': 14.523148148148149}
TelemetryTask,185952,185953,9338633.032407407,9338647.254629629,14.222222222222221,{'Idle': 14.222222222222221}
UartTxTask,185955,185957,9340794.375,9340816.708333334,22.333333333333332,"{'TelemetryTask': 22.333333333333336, 'UartTxTask': 1.1037897180627893e-09}"
UartTxTask,185961,185962,9341535.592592593,9341550.597222222,15.00462962962963,{'Idle': 15.00462962852584}
TelemetryTask,185966,185967,9348633.004629629,9348647.199074075,14.194444444444445,{'Idle': 14.194444445548234}
UartTxTask,185969,185971,9350793.847222222,9350816.398148147,22.550925925925927,{'TelemetryTask': 22.55092592482214}
UartTxTask,185975,185976,9351535.222222222,9351549.810185185,14.587962962962964,{'Idle': 14.587962962962964}
TelemetryTask,185980,185981,9358633.212962963,9358647.310185185,14.097222222222221,{'Idle': 14.097222222222221}
UartTxTask,185983,185985,9360794.171296297,9360816.291666666,22.12037037037037,{'TelemetryTask': 22.12037036926658}
UartTxTask,185989,185990,9361535.037037037,9361549.666666666,14.62962962962963,{'Idle': 14.62962962852584}
TelemetryTask,185994,185995,9368633.125,9368646.782407407,13.657407407407407,{'Idle': 13.657407406303617}
UartTxTask,185997,185999,9370793.189814815,9370815.546296297,22.35648148148148,{'TelemetryTask': 22.35648148148148}
UartTxTask,186003,186004,9371534.736111112,9371549.518518519,14.782407407407407,{'Idle': 14.782407406303617}
TelemetryTask,186008,186009,9378633.148148147,9378647.601851853,14.453703703703704,"{'Idle': 14.453703704807493, 'TelemetryTask': 1.1037897180627893e-09}"
UartTxTask,186011,186013,9380794.61574074,9380816.5,21.88425925925926,{'TelemetryTask': 21.88425925925926}
UartTxTask,186017,186018,9381535.328703703,9381549.898148147,14.569444444444445,{'Idle': 14.569444443340656}
TelemetryTask,186022,186023,9388633.152777778,9388647.208333334,14.055555555555555,"{'Idle': 14.055555555555555, 'TelemetryTask': 1.1037897180627893e-09}"
UartTxTask,186025,186027,9390793.925925925,9390816.143518519,22.21759259259259,{'TelemetryTask': 22.21759259259259}
UartTxTask,186031,186032,9391534.879629629,9391549.458333334,14.578703703703704,"{'Idle': 14.578703704807493, 'UartTxTask': 1.1037897180627893e-09}"
TelemetryTask,186036,186037,9398633.055555556,9398647.152777778,14.097222222222221,{'Idle': 14.097222222222221}
UartTxTask,186039,186041,9400793.689814815,9400815.925925925,22.23611111111111,{'TelemetryTask': 22.23611111111111}
UartTxTask,186045,186046,9401535.027777778,9401549.587962963,14.560185185185185,{'Idle': 14.560185185185185}
TelemetryTask,186050,186051,9408633.069444444,9408647.162037037,14.092592592592593,{'Idle': 14.092592592592593}
UartTxTask,186053,186055,9410794.171296297,9410816.555555556,22.38425925925926,{'TelemetryTask': 22.38425925925926}
UartTxTask,186059,186060,9411535.361111112,9411550.157407407,14.796296296296296,{'Idle': 14.796296294088718}
TelemetryTask,186064,186065,9418633.013888888,9418647.361111112,14.347222222222221,"{'Idle': 14.34722222332601, 'TelemetryTask': 1.1037897180627893e-09}"
UartTxTask,186067,186069,9420793.879629629,9420816.129629629,22.25,{'TelemetryTask': 22.25}
UartTxTask,186073,186074,9421534.833333334,9421549.722222222,14.88888888888889,{'Idle': 14.888888887785098}
TelemetryTask,186078,186079,9428632.976851853,9428646.555555556,13.578703703703704,{'Idle': 13.578703702599913}
UartTxTask,186081,186083,9430794.111111112,9430816.583333334,22.47222222222222,"{'TelemetryTask': 22.472222221118432, 'UartTxTask': 1.1037897180627893e-09}"
UartTxTask,186087,186088,9431535.680555556,9431550.282407407,14.601851851851851,{'Idle': 14.601851850748062}
TelemetryTask,186092,186093,9438632.976851853,9438646.912037037,13.935185185185185,{'Idle': 13.935185184081396}
UartTxTask,186095,186097,9440793.986111112,9440816.138888888,22.15277777777778,{'TelemetryTask': 22.152777775570197}
UartTxTask,186101,186102,9441535.092592593,9441549.976851853,14.88425925925926,"{'Idle': 14.884259258155469, 'UartTxTask': 1.1037897180627893e-09}"
TelemetryTask,186106,186107,9448633.004629629,9448647.296296297,14.291666666666666,{'Idle': 14.291666667770455}
UartTxTask,186109,186111,9450794.611111112,9450816.527777778,21.916666666666668,{'TelemetryTask': 21.91666666556288}
UartTxTask,186115,186116,9451535.532407407,9451550.407407407,14.875,{'Idle': 14.875}
TelemetryTask,186120,186121,9458633.162037037,9458647.064814815,13.902777777777779,{'Idle': 13.902777777777779}
UartTxTask,186123,186125,9460794.527777778,9460816.74074074,22.212962962962962,{'TelemetryTask': 22.212962962962962}
UartTxTask,186129,186130,9461535.194444444,9461550.046296297,14.851851851851851,{'Idle': 14.851851851851851}
TelemetryTask,186134,186135,9468633.060185185,9468647.194444444,14.13425925925926,{'Idle': 14.13425925925926}
UartTxTask,186137,186139,9470794.319444444,9470816.648148147,22.328703703703702,{'TelemetryTask': 22.328703702599913}
UartTxTask,186143,186144,9471535.995370371,9471550.708333334,14.712962962962964,"{'Idle': 14.712962961859173, 'UartTxTask': 1.1037897180627893e-09}"
TelemetryTask,186148,186149,9478632.925925925,9478646.953703703,14.027777777777779,{'Idle': 14.027777777777779}
UartTxTask,186151,186153,9480794.379629629,9480816.310185185,21.930555555555557,{'TelemetryTask': 21.930555556659343}
UartTxTask,186157,186158,9481534.986111112,9481549.842592593,14.856481481481481,"{'Idle': 14.856481480377692, 'UartTxTask': 1.1037897180627893e-09}"
TelemetryTask,186162,186163,9488633.157407407,9488647.370370371,14.212962962962964,"{'Idle': 14.212962964066753, 'TelemetryTask': 1.1037897180627893e-09}"
UartTxTask,186165,186167,9490795.393518519,9490817.462962963,22.069444444444443,{'TelemetryTask': 22.069444444444443}
UartTxTask,186171,186172,9491536.574074075,9491551.226851853,14.652777777777779,"{'Idle': 14.652777777777779, 'UartTxTask': 1.1037897180627893e-09}"
TelemetryTask,186176,186177,9498633.092592593,9498646.921296297,13.828703703703704,{'Idle': 13.828703702599913}
UartTxTask,186179,186181,9500794.138888888,9500815.787037037,21.64814814814815,{'TelemetryTask': 21.648148149251938}
UartTxTask,186185,186186,9501534.689814815,9501549.199074075,14.50925925925926,{'Idle': 14.50925925925926}
TelemetryTask,186190,186191,9508633.041666666,9508646.819444444,13.777777777777779,{'Idle': 13.777777778881568}
UartTxTask,186193,186195,9510794.388888888,9510816.314814815,21.925925925925927,{'TelemetryTask': 21.925925927029716}
UartTxTask,186199,186200,9511535.319444444,9511550.277777778,14.958333333333334,{'Idle': 14.958333333333334}
TelemetryTask,186204,186205,9518633.004629629,9518646.967592593,13.962962962962964,"{'Idle': 13.962962964066753, 'TelemetryTask': 1.1037897180627893e-09}"
UartTxTask,186207,186209,9520794.379629629,9520816.462962963,22.083333333333332,{'TelemetryTask': 22.08333333443712}
UartTxTask,186213,186214,9521535.587962963,9521550.277777778,14.689814814814815,{'Idle': 14.689814814814815}
TelemetryTask,186218,186219,9528633.092592593,9528647.129629629,14.037037037037036,{'Idle': 14.037037034829458}
UartTxTask,186221,186223,9530795.337962963,9530817.722222222,22.38425925925926,{'TelemetryTask': 22.38425925925926}
UartTxTask,186227,186228,9531536.333333334,9531550.745370371,14.412037037037036,"{'Idle': 14.412037035933247, 'UartTxTask': 1.1037897180627893e-09}"
TelemetryTask,186232,186233,9538633.064814815,9538647.143518519,14.078703703703704,{'Idle': 14.078703703703704}
UartTxTask,186235,186237,9540794.282407407,9540816.412037037,22.12962962962963,{'TelemetryTask': 22.12962963073342}
UartTxTask,186241,186242,9541535.310185185,9541549.75925926,14.449074074074074,{'Idle': 14.449074074074074}
TelemetryTask,186246,186247,9548633.013888888,9548646.851851853,13.837962962962964,"{'Idle': 13.837962964066753, 'TelemetryTask': 1.1037897180627893e-09}"
UartTxTask,186249,186251,9550793.648148147,9550815.935185185,22.287037037037038,{'TelemetryTask': 22.287037038140827}
UartTxTask,186255,186256,9551534.61574074,9551549.379629629,14.76388888888889,{'Idle': 14.763888887785098}
TelemetryTask,186260,186261,9558633.027777778,9558646.912037037,13.88425925925926,{'Idle': 13.88425925925926}
UartTxTask,186263,186265,9560794.245370371,9560816.402777778,22.15740740740741,{'TelemetryTask': 22.15740740630362}
UartTxTask,186269,186270,9561535.217592593,9561550.157407407,14.939814814814815,{'Idle': 14.939814812607235}
TelemetryTask,186274,186275,9568633.148148147,9568647.305555556,14.157407407407407,{'Idle': 14.157407408511196}
UartTxTask,186277,186279,9570794.63425926,9570816.699074075,22.064814814814813,{'TelemetryTask': 22.064814814814817}
UartTxTask,186283,186284,9571535.305555556,9571549.916666666,14.61111111111111,{'Idle': 14.611111110007322}
TelemetryTask,186288,186289,9578632.925925925,9578646.944444444,14.018518518518519,{'Idle': 14.018518518518519}
UartTxTask,186291,186293,9580793.356481481,9580815.453703703,22.09722222222222,{'TelemetryTask': 22.09722222222222}
UartTxTask,186297,186298,9581534.356481481,9581549.083333334,14.726851851851851,"{'Idle': 14.726851851851851, 'UartTxTask': 1.1037897180627893e-09}"
TelemetryTask,186302,186303,9588633.175925925,9588647.291666666,14.11574074074074,{'Idle': 14.115740739636951}
UartTxTask,186305,186307,9590794.24074074,9590816.486111112,22.24537037037037,"{'TelemetryTask': 22.24537037037037, 'UartTxTask': 1.1037897180627893e-09}"
UartTxTask,186311,186312,9591535.300925925,9591549.921296297,14.62037037037037,{'Idle': 14.62037037037037}
TelemetryTask,186316,186317,9598633.092592593,9598647.236111112,14.143518518518519,"{'Idle': 14.143518517414728, 'TelemetryTask': 1.1037897180627893e-09}"
UartTxTask,186319,186321,9600794.5,9600816.444444444,21.944444444444443,{'TelemetryTask': 21.944444444444443}
UartTxTask,186325,186326,9601535.171296297,9601549.824074075,14.652777777777779,{'Idle': 14.652777777777779}
TelemetryTask,186330,186331,9608633.111111112,9608646.939814815,13.828703703703704,{'Idle': 13.828703702599913}
UartTxTask,186333,186335,9610793.675925925,9610815.972222222,22.296296296296298,{'TelemetryTask': 22.296296296296298}
UartTxTask,186339,186340,9611534.810185185,9611549.856481481,15.046296296296296,{'Idle': 15.046296296296296}
TelemetryTask,186344,186345,9618633.018518519,9618646.893518519,13.875,{'Idle': 13.875}
UartTxTask,186347,186349,9620794.375,9620816.305555556,21.930555555555557,{'TelemetryTask': 21.930555555555557}
UartTxTask,186353,186354,9621535.208333334,9621550.004629629,14.796296296296296,{'Idle': 14.796296294088718}
TelemetryTask,186358,186359,9628633.092592593,9628647.125,14.032407407407407,{'Idle': 14.032407406303617}
UartTxTask,186361,186363,9630794.731481481,9630817.222222222,22.49074074074074,{'TelemetryTask': 22.49074074074074}
UartTxTask,186367,186368,9631536.527777778,9631551.495370371,14.967592592592593,"{'Idle': 14.967592592592593, 'UartTxTask': 1.1037897180627893e-09}"
TelemetryTask,186372,186373,9638633.00925926,9638646.958333334,13.949074074074074,"{'Idle': 13.949074074074074, 'TelemetryTask': 1.1037897180627893e-09}"
UartTxTask,186375,186377,9640794.935185185,9640817.060185185,22.125,{'TelemetryTask': 22.125}
UartTxTask,186381,186382,9641535.99074074,9641550.930555556,14.939814814814815,{'Idle': 14.939814814814815}
TelemetryTask,186386,186387,9648633.013888888,9648647.050925925,14.037037037037036,{'Idle': 14.037037038140825}
UartTxTask,186389,186391,9650793.458333334,9650815.824074075,22.36574074074074,{'TelemetryTask': 22.365740739636948}
UartTxTask,186395,186396,9651534.430555556,9651549.097222222,14.666666666666666,{'Idle': 14.666666666666666}
TelemetryTask,186400,186401,9658633.180555556,9658647.333333334,14.152777777777779,"{'Idle': 14.152777777777779, 'TelemetryTask': 1.1037897180627893e-09}"
UartTxTask,186403,186405,9660794.828703703,9660817.194444444,22.36574074074074,{'TelemetryTask': 22.36574074074074}
UartTxTask,186409,186410,9661536.00925926,9661550.583333334,14.574074074074074,"{'Idle': 14.574074074074074, 'UartTxTask': 1.1037897180627893e-09}"
TelemetryTask,186414,186415,9668633.037037037,9668647.273148147,14.23611111111111,{'Idle': 14.236111110007322}
UartTxTask,186417,186419,9670794.328703703,9670816.537037037,22.208333333333332,{'TelemetryTask': 22.208333333333336}
UartTxTask,186423,186424,9671535.319444444,9671550.069444444,14.75,{'Idle': 14.75}
TelemetryTask,186428,186429,9678633.157407407,9678647.388888888,14.231481481481481,{'Idle': 14.231481481481481}
UartTxTask,186431,186433,9680793.967592593,9680816.606481481,22.63888888888889,{'TelemetryTask': 22.6388888877851}
UartTxTask,186437,186438,9681534.953703703,9681549.666666666,14.712962962962964,{'Idle': 14.712962961859173}
TelemetryTask,186442,186443,9688633.111111112,9688647.083333334,13.972222222222221,"{'Idle': 13.972222221118432, 'TelemetryTask': 1.1037897180627893e-09}"
UartTxTask,186445,186447,9690794.333333334,9690816.513888888,22.180555555555557,{'TelemetryTask': 22.18055555334798}
UartTxTask,186451,186452,9691535.018518519,9691549.583333334,14.564814814814815,"{'Idle': 14.564814814814815, 'UartTxTask': 1.1037897180627893e-09}"
TelemetryTask,186456,186457,9698632.949074075,9698647.194444444,14.24537037037037,{'Idle': 14.24537037037037}
UartTxTask,186459,186461,9700794.449074075,9700816.189814815,21.74074074074074,{'TelemetryTask': 21.74074074074074}
UartTxTask,186465,186466,9701535.407407407,9701550.106481481,14.699074074074074,{'Idle': 14.699074075177863}
TelemetryTask,186470,186471,9708633.166666666,9708647.319444444,14.152777777777779,{'Idle': 14.152777778881568}
UartTxTask,186473,186475,9710794.203703703,9710816.092592593,21.88888888888889,"{'TelemetryTask': 21.88888888888889, 'UartTxTask': 1.1037897180627893e-09}"
UartTxTask,186479,186480,9711535.36574074,9711550.333333334,14.967592592592593,"{'Idle': 14.967592592592593, 'UartTxTask': 1.1037897180627893e-09}"
TelemetryTask,186484,186485,9718632.99074074,9718647.004629629,14.01388888888889,{'Idle': 14.013888887785098}
UartTxTask,186487,186489,9720794.388888888,9720816.680555556,22.291666666666668,{'TelemetryTask': 22.291666667770457}
UartTxTask,186493,186494,9721535.620370371,9721550.680555556,15.060185185185185,{'Idle': 15.060185184081396}
TelemetryTask,186498,186499,9728633.129629629,9728647.314814815,14.185185185185185,{'Idle': 14.185185186288974}
UartTxTask,186501,186503,9730795.120370371,9730817.564814815,22.444444444444443,{'TelemetryTask': 22.444444443340654}
UartTxTask,186507,186508,9731536.63425926,9731551.324074075,14.689814814814815,{'Idle': 14.689814814814815}
TelemetryTask,186512,186513,9738632.976851853,9738646.763888888,13.787037037037036,{'Idle': 13.787037034829458}
UartTxTask,186515,186517,9740794.245370371,9740816.601851853,22.35648148148148,"{'TelemetryTask': 22.356481480377692, 'UartTxTask': 1.1037897180627893e-09}"
UartTxTask,186521,186522,9741535.263888888,9741549.74074074,14.476851851851851,{'Idle': 14.47685185295564}
TelemetryTask,186526,186527,9748633.055555556,9748647.064814815,14.00925925925926,{'Idle': 14.00925925925926}
UartTxTask,186529,186531,9750794.152777778,9750816.462962963,22.310185185185187,{'TelemetryTask': 22.310185185185183}
UartTxTask,186535,186536,9751534.958333334,9751549.708333334,14.75,"{'Idle': 14.749999998896211, 'UartTxTask': 1.1037897180627893e-09}"
TelemetryTask,186540,186541,9758632.981481481,9758646.800925925,13.819444444444445,{'Idle': 13.819444444444445}
UartTxTask,186543,186545,9760795.560185185,9760817.981481481,22.421296296296298,{'TelemetryTask': 22.421296296296298}
UartTxTask,186549,186550,9761537.245370371,9761552.120370371,14.875,"{'Idle': 14.874999998896211, 'UartTxTask': 1.1037897180627893e-09}"
TelemetryTask,186554,186555,9768633.0,9768647.314814815,14.314814814814815,{'Idle': 14.314814814814815}
UartTxTask,186557,186559,9770795.638888888,9770818.055555556,22.416666666666668,{'TelemetryTask': 22.416666667770457}
UartTxTask,186563,186564,9771536.736111112,9771551.217592593,14.481481481481481,"{'Idle': 14.481481480377692, 'UartTxTask': 1.1037897180627893e-09}"
TelemetryTask,186568,186569,9778632.912037037,9778646.925925925,14.01388888888889,{'Idle': 14.01388888888889}
UartTxTask,186571,186573,9780793.851851853,9780815.666666666,21.814814814814813,{'TelemetryTask': 21.814814812607235}
UartTxTask,186577,186578,9781534.393518519,9781549.097222222,14.703703703703704,{'Idle': 14.703703703703704}
TelemetryTask,186582,186583,9788633.041666666,9788646.986111112,13.944444444444445,"{'Idle': 13.944444445548234, 'TelemetryTask': 1.1037897180627893e-09}"
UartTxTask,186585,186587,9790795.125,9790817.412037037,22.287037037037038,{'TelemetryTask': 22.287037037037038}
UartTxTask,186591,186592,9791536.578703703,9791551.560185185,14.981481481481481,{'Idle': 14.981481481481481}
TelemetryTask,186596,186597,9798633.125,9798647.361111112,14.23611111111111,"{'Idle': 14.23611111111111, 'TelemetryTask': 1.1037897180627893e-09}"
UartTxTask,186599,186601,9800794.50925926,9800816.722222222,22.212962962962962,{'TelemetryTask': 22.212962962962962}
UartTxTask,186605,186606,9801535.754629629,9801550.527777778,14.773148148148149,{'Idle': 14.773148149251938}
TelemetryTask,186610,186611,9808633.037037037,9808647.425925925,14.38888888888889,{'Idle': 14.38888888888889}
UartTxTask,186613,186615,9810794.689814815,9810816.930555556,22.24074074074074,{'TelemetryTask': 22.24074074074074}
UartTxTask,186619,186620,9811536.254629629,9811550.819444444,14.564814814814815,{'Idle': 14.564814815918604}
TelemetryTask,186624,186625,9818633.189814815,9818647.180555556,13.99074074074074,{'Idle': 13.99074074074074}
UartTxTask,186627,186629,9820794.263888888,9820816.101851853,21.837962962962962,"{'TelemetryTask': 21.837962964066755, 'UartTxTask': 1.1037897180627893e-09}"
UartTxTask,186633,186634,9821535.041666666,9821549.939814815,14.898148148148149,{'Idle': 14.898148149251938}
TelemetryTask,186638,186639,9828633.138888888,9828647.087962963,13.949074074074074,{'Idle': 13.949074075177863}
UartTxTask,186641,186643,9830794.791666666,9830817.185185185,22.39351851851852,{'TelemetryTask': 22.393518519622308}
UartTxTask,186647,186648,9831536.037037037,9831550.38425926,14.347222222222221,{'Idle': 14.347222222222221}
TelemetryTask,186652,186653,9838633.078703703,9838646.898148147,13.819444444444445,{'Idle': 13.819444443340656}
UartTxTask,186655,186657,9840793.560185185,9840815.847222222,22.287037037037038,{'TelemetryTask': 22.287037037037038}
UartTxTask,186661,186662,9841534.472222222,9841549.296296297,14.824074074074074,{'Idle': 14.824074074074074}
TelemetryTask,186666,186667,9848632.958333334,9848647.023148147,14.064814814814815,{'Idle': 14.064814812607235}
UartTxTask,186669,186671,9850794.504629629,9850816.629629629,22.125,{'TelemetryTask': 22.125}
UartTxTask,186675,186676,9851535.694444444,9851550.314814815,14.62037037037037,{'Idle': 14.62037037037037}
TelemetryTask,186680,186681,9858633.175925925,9858647.537037037,14.36111111111111,{'Idle': 14.36111111111111}
UartTxTask,186683,186685,9860794.310185185,9860816.36574074,22.055555555555557,{'TelemetryTask': 22.055555555555557}
UartTxTask,186689,186690,9861534.847222222,9861549.287037037,14.439814814814815,{'Idle': 14.439814814814815}
TelemetryTask,186694,186695,9868632.930555556,9868646.652777778,13.722222222222221,{'Idle': 13.722222222222221}
UartTxTask,186697,186699,9870793.50925926,9870816.004629629,22.49537037037037,{'TelemetryTask': 22.49537036926658}
UartTxTask,186703,186704,9871534.648148147,9871549.550925925,14.902777777777779,{'Idle': 14.902777778881568}
TelemetryTask,186708,186709,9878633.212962963,9878647.097222222,13.88425925925926,{'Idle': 13.88425925925926}
UartTxTask,186711,186713,9880793.805555556,9880815.981481481,22.175925925925927,{'TelemetryTask': 22.175925925925927}
UartTxTask,186717,186718,9881534.578703703,9881549.680555556,15.101851851851851,{'Idle': 15.101851851851851}
TelemetryTask,186722,186723,9888633.050925925,9888646.810185185,13.75925925925926,{'Idle': 13.75925925925926}
UartTxTask,186725,186727,9890793.875,9890815.912037037,22.037037037037038,{'TelemetryTask': 22.037037037037038}
UartTxTask,186731,186732,9891535.143518519,9891549.944444444,14.800925925925926,{'Idle': 14.800925925925926}
TelemetryTask,186736,186737,9898633.185185185,9898647.194444444,14.00925925925926,{'Idle': 14.00925925925926}
UartTxTask,186739,186741,9900794.560185185,9900816.800925925,22.24074074074074,{'TelemetryTask': 22.24074074074074}
UartTxTask,186745,186746,9901535.574074075,9901550.083333334,14.50925925925926,"{'Idle': 14.50925925925926, 'UartTxTask': 1.1037897180627893e-09}"
TelemetryTask,186750,186751,9908633.078703703,9908647.472222222,14.393518518518519,{'Idle': 14.393518518518519}
UartTxTask,186753,186755,9910793.731481481,9910816.106481481,22.375,{'TelemetryTask': 22.375}
UartTxTask,186759,186760,9911534.763888888,9911549.476851853,14.712962962962964,"{'Idle': 14.712962964066753, 'UartTxTask': 1.1037897180627893e-09}"
TelemetryTask,186764,186765,9918633.13425926,9918646.88425926,13.75,{'Idle': 13.75}
UartTxTask,186767,186769,9920794.578703703,9920816.662037037,22.083333333333332,{'TelemetryTask': 22.083333333333332}
UartTxTask,186773,186774,9921535.402777778,9921550.037037037,14.63425925925926,{'Idle': 14.63425925925926}
TelemetryTask,186778,186779,9928633.203703703,9928647.351851853,14.148148148148149,"{'Idle': 14.148148148148149, 'TelemetryTask': 1.1037897180627893e-09}"
UartTxTask,186781,186783,9930794.879629629,9930817.25,22.37037037037037,{'TelemetryTask': 22.37037037147416}
UartTxTask,186787,186788,9931536.087962963,9931550.861111112,14.773148148148149,"{'Idle': 14.773148148148149, 'UartTxTask': 1.1037897180627893e-09}"
TelemetryTask,186792,186793,9938633.194444444,9938647.064814815,13.87037037037037,{'Idle': 13.87037037037037}
UartTxTask,186795,186797,9940794.444444444,9940816.893518519,22.449074074074073,{'TelemetryTask': 22.449074074074076}
UartTxTask,186801,186802,9941536.055555556,9941550.689814815,14.63425925925926,{'Idle': 14.63425925925926}
TelemetryTask,186806,186807,9948632.879629629,9948647.027777778,14.148148148148149,{'Idle': 14.148148148148149}
UartTxTask,186809,186811,9950794.046296297,9950816.00925926,21.962962962962962,{'TelemetryTask': 21.962962962962962}
UartTxTask,186815,186816,9951535.282407407,9951549.861111112,14.578703703703704,{'Idle': 14.578703703703704}
TelemetryTask,186820,186821,9958633.097222222,9958646.828703703,13.731481481481481,{'Idle': 13.731481481481481}
UartTxTask,186823,186825,9960793.777777778,9960815.972222222,22.194444444444443,{'TelemetryTask': 22.194444444444443}
UartTxTask,186829,186830,9961535.101851853,9961549.842592593,14.74074074074074,{'Idle': 14.74074074074074}
TelemetryTask,186834,186835,9968633.00925926,9968646.976851853,13.967592592592593,{'Idle': 13.967592592592593}
UartTxTask,186837,186839,9970793.671296297,9970815.861111112,22.189814814814813,{'TelemetryTask': 22.189814814814817}
UartTxTask,186843,186844,9971534.592592593,9971549.63425926,15.041666666666666,{'Idle': 15.041666666666666}
TelemetryTask,186848,186849,9978633.111111112,9978647.074074075,13.962962962962964,{'Idle': 13.962962962962964}
UartTxTask,186851,186853,9980794.175925925,9980816.328703703,22.15277777777778,{'TelemetryTask': 22.15277777777778}
UartTxTask,186857,186858,9981534.879629629,9981549.574074075,14.694444444444445,{'Idle': 14.694444444444445}
TelemetryTask,186862,186863,9988632.925925925,9988646.907407407,13.981481481481481,{'Idle': 13.981481481481481}
UartTxTask,186865,186867,9990793.226851853,9990815.925925925,22.699074074074073,{'TelemetryTask': 22.699074074074076}
UartTxTask,186871,186872,9991534.430555556,9991549.041666666,14.61111111111111,{'Idle': 14.61111111111111}
TelemetryTask,186876,186877,9998633.083333334,9998646.833333334,13.75,{'Idle': 13.75}
UartTxTask,186879,186881,10000792.810185185,10000814.981481481,22.171296296296298,{'TelemetryTask': 22.171296296296298}
UartTxTask,186885,186886,10001533.86574074,10001548.578703703,14.712962962962964,{'Idle': 14.712962962962964}
TelemetryTask,186890,186891,10008633.097222222,10008647.152777778,14.055555555555555,{'Idle': 14.055555555555555}
UartTxTask,186893,186895,10010793.217592593,10010815.00925926,21.791666666666668,{'TelemetryTask': 21.791666666666668}
UartTxTask,186899,186900,10011533.63425926,10011548.300925925,14.666666666666666,{'Idle': 14.666666666666666}
TelemetryTask,186904,186905,10018633.189814815,10018647.157407407,13.967592592592593,{'Idle': 13.967592592592593}
UartTxTask,186907,186909,10020794.5,10020816.523148147,22.02314814814815,{'TelemetryTask': 22.02314814814815}
UartTxTask,186913,186914,10021535.194444444,10021549.916666666,14.722222222222221,{'Idle': 14.722222222222221}
TelemetryTask,186918,186919,10028633.018518519,10028646.726851853,13.708333333333334,{'Idle': 13.708333333333334}
UartTxTask,186921,186923,10030794.629629629,10030816.689814815,22.060185185185187,{'TelemetryTask': 22.060185185185183}
UartTxTask,186927,186928,10031535.305555556,10031550.083333334,14.777777777777779,{'Idle': 14.777777777777779}
TelemetryTask,186932,186933,10038633.055555556,10038647.287037037,14.231481481481481,{'Idle': 14.231481481481481}
UartTxTask,186935,186937,10040794.032407407,10040815.782407407,21.75,{'TelemetryTask': 21.75}
UartTxTask,186941,186942,10041534.643518519,10041549.680555556,15.037037037037036,{'Idle': 15.037037037037036}
TelemetryTask,186946,186947,10048633.055555556,10048647.152777778,14.097222222222221,{'Idle': 14.097222222222221}
UartTxTask,186949,186951,10050794.277777778,10050816.472222222,22.194444444444443,{'TelemetryTask': 22.194444444444443}
UartTxTask,186955,186956,10051536.120370371,10051550.606481481,14.48611111111111,{'Idle': 14.48611111111111}
TelemetryTask,186960,186961,10058632.861111112,10058646.800925925,13.939814814814815,{'Idle': 13.939814814814815}
UartTxTask,186963,186965,10060793.592592593,10060815.175925925,21.583333333333332,{'TelemetryTask': 21.583333333333336}
UartTxTask,186969,186970,10061534.421296297,10061549.087962963,14.666666666666666,{'Idle': 14.666666666666666}
TelemetryTask,186974,186975,10068633.013888888,10068647.171296297,14.157407407407407,{'Idle': 14.157407407407407}
UartTxTask,186977,186979,10070793.912037037,10070815.893518519,21.98148148148148,{'TelemetryTask': 21.98148148148148}
UartTxTask,186983,186984,10071534.842592593,10071549.518518519,14.675925925925926,{'Idle': 14.675925925925926}
TelemetryTask,186988,186989,10078632.958333334,10078646.99074074,14.032407407407407,{'Idle': 14.032407407407407}
UartTxTask,186991,186993,10080793.981481481,10080815.754629629,21.77314814814815,{'TelemetryTask': 21.77314814814815}
UartTxTask,186997,186998,10081534.726851853,10081549.726851853,15.0,{'Idle': 15.0}
TelemetryTask,187002,187003,10088632.939814815,10088647.041666666,14.101851851851851,{'Idle': 14.101851851851851}
UartTxTask,187005,187007,10090794.481481481,10090816.777777778,22.296296296296298,{'TelemetryTask': 22.296296296296298}
UartTxTask,187011,187012,10091536.24074074,10091550.513888888,14.273148148148149,{'Idle': 14.273148148148149}
TelemetryTask,187016,187017,10098633.185185185,10098647.504629629,14.319444444444445,{'Idle': 14.319444444444445}
UartTxTask,187019,187021,10100793.879629629,10100816.129629629,22.25,{'TelemetryTask': 22.25}
UartTxTask,187025,187026,10101534.699074075,10101549.296296297,14.597222222222221,{'Idle': 14.597222222222221}
TelemetryTask,187030,187031,10108632.99074074,10108647.25925926,14.268518518518519,{'Idle': 14.268518518518519}
UartTxTask,187033,187035,10110794.328703703,10110816.583333334,22.25462962962963,{'TelemetryTask': 22.25462962962963}
UartTxTask,187039,187040,10111535.638888888,10111550.606481481,14.967592592592593,{'Idle': 14.967592592592593}
TelemetryTask,187044,187045,10118633.013888888,10118647.004629629,13.99074074074074,{'Idle': 13.99074074074074}
UartTxTask,187047,187049,10120794.736111112,10120816.800925925,22.064814814814813,{'TelemetryTask': 22.064814814814817}
UartTxTask,187053,187054,10121535.513888888,10121550.254629629,14.74074074074074,{'Idle': 14.74074074074074}
TelemetryTask,187058,187059,10128633.0,10128646.824074075,13.824074074074074,{'Idle': 13.824074074074074}
UartTxTask,187061,187063,10130794.351851853,10130816.314814815,21.962962962962962,{'TelemetryTask': 21.962962962962962}
UartTxTask,187067,187068,10131535.462962963,10131550.055555556,14.592592592592593,{'Idle': 14.592592592592593}
TelemetryTask,187072,187073,10138633.078703703,10138647.125,14.046296296296296,{'Idle': 14.046296296296296}
UartTxTask,187075,187077,10140794.564814815,10140816.430555556,21.86574074074074,{'TelemetryTask': 21.86574074074074}
UartTxTask,187081,187082,10141535.425925925,10141550.476851853,15.050925925925926,{'Idle': 15.050925925925926}
TelemetryTask,187086,187087,10148633.074074075,10148647.199074075,14.125,{'Idle': 14.125}
UartTxTask,187089,187091,10150794.175925925,10150816.361111112,22.185185185185187,{'TelemetryTask': 22.185185185185187}
UartTxTask,187095,187096,10151535.157407407,10151549.75,14.592592592592593,{'Idle': 14.592592592592593}
TelemetryTask,187100,187101,10158633.00925926,10158647.101851853,14.092592592592593,{'Idle': 14.092592592592593}
UartTxTask,187103,187105,10160793.805555556,10160815.814814815,22.00925925925926,{'TelemetryTask': 22.00925925925926}
UartTxTask,187109,187110,10161534.550925925,10161549.472222222,14.921296296296296,{'Idle': 14.921296296296296}
TelemetryTask,187114,187115,10168633.120370371,10168647.402777778,14.282407407407407,{'Idle': 14.282407407407407}
UartTxTask,187117,187119,10170795.041666666,10170817.472222222,22.430555555555557,{'TelemetryTask': 22.430555555555557}
UartTxTask,187123,187124,10171536.069444444,10171551.055555556,14.98611111111111,{'Idle': 14.98611111111111}
TelemetryTask,187128,187129,10178633.180555556,10178647.152777778,13.972222222222221,{'Idle': 13.972222222222221}
UartTxTask,187131,187133,10180794.898148147,10180817.449074075,22.550925925925927,{'TelemetryTask': 22.550925925925924}
UartTxTask,187137,187138,10181536.5,10181550.925925925,14.425925925925926,{'Idle': 14.425925925925926}
TelemetryTask,187142,187143,10188632.833333334,10188646.88425926,14.050925925925926,{'Idle': 14.050925925925926}
UartTxTask,187145,187147,10190794.736111112,10190817.004629629,22.26851851851852,{'TelemetryTask': 22.26851851851852}
UartTxTask,187151,187152,10191535.717592593,10191550.481481481,14.76388888888889,{'Idle': 14.76388888888889}
TelemetryTask,187156,187157,10198633.189814815,10198647.513888888,14.324074074074074,{'Idle': 14.324074074074074}
UartTxTask,187159,187161,10200794.569444444,10200816.662037037,22.09259259259259,{'TelemetryTask': 22.09259259259259}
UartTxTask,187165,187166,10201535.11574074,10201549.86574074,14.75,{'Idle': 14.75}
TelemetryTask,187170,187171,10208633.120370371,10208647.560185185,14.439814814814815,{'Idle': 14.439814814814815}
UartTxTask,187173,187175,10210794.879629629,10210817.305555556,22.425925925925927,{'TelemetryTask': 22.425925925925927}
UartTxTask,187179,187180,10211536.217592593,10211550.986111112,14.768518518518519,{'Idle': 14.768518518518519}
TelemetryTask,187184,187185,10218633.00925926,10218647.199074075,14.189814814814815,{'Idle': 14.189814814814815}
UartTxTask,187187,187189,10220794.620370371,10220816.546296297,21.925925925925927,{'TelemetryTask': 21.925925925925924}
UartTxTask,187193,187194,10221535.995370371,10221550.935185185,14.939814814814815,{'Idle': 14.939814814814815}
TelemetryTask,187198,187199,10228633.060185185,10228647.217592593,14.157407407407407,{'Idle': 14.157407407407407}
UartTxTask,187201,187203,10230794.337962963,10230816.416666666,22.078703703703702,{'TelemetryTask': 22.078703703703702}
UartTxTask,187207,187208,10231535.694444444,10231550.430555556,14.73611111111111,{'Idle': 14.73611111111111}
TelemetryTask,187212,187213,10238632.986111112,10238647.296296297,14.310185185185185,{'Idle': 14.310185185185185}
UartTxTask,187215,187217,10240794.569444444,10240817.037037037,22.46759259259259,{'TelemetryTask': 22.46759259259259}
UartTxTask,187221,187222,10241535.703703703,10241550.523148147,14.819444444444445,{'Idle': 14.819444444444445}
TelemetryTask,187226,187227,10248633.055555556,10248647.175925925,14.12037037037037,{'Idle': 14.12037037037037}
UartTxTask,187229,187231,10250795.708333334,10250817.879629629,22.171296296296298,{'TelemetryTask': 22.171296296296298}
UartTxTask,187235,187236,10251536.583333334,10251551.263888888,14.680555555555555,{'Idle': 14.680555555555555}
TelemetryTask,187240,187241,10258633.087962963,10258647.046296297,13.958333333333334,{'Idle': 13.958333333333334}
UartTxTask,187243,187245,10260793.86574074,10260815.75925926,21.89351851851852,{'TelemetryTask': 21.89351851851852}
UartTxTask,187249,187250,10261535.388888888,10261550.36574074,14.976851851851851,{'Idle': 14.976851851851851}
TelemetryTask,187254,187255,10268632.99074074,10268647.041666666,14.050925925925926,{'Idle': 14.050925925925926}
UartTxTask,187257,187259,10270794.004629629,10270816.356481481,22.35185185185185,{'TelemetryTask': 22.351851851851855}
UartTxTask,187263,187264,10271535.435185185,10271550.11574074,14.680555555555555,{'Idle': 14.680555555555555}
TelemetryTask,187268,187269,10278633.13425926,10278647.282407407,14.148148148148149,{'Idle': 14.148148148148149}
UartTxTask,187271,187273,10280794.421296297,10280816.805555556,22.38425925925926,{'TelemetryTask': 22.38425925925926}
UartTxTask,187277,187278,10281535.402777778,10281549.986111112,14.583333333333334,{'Idle': 14.583333333333334}
TelemetryTask,187282,187283,10288633.083333334,10288647.106481481,14.023148148148149,{'Idle': 14.023148148148149}
UartTxTask,187285,187287,10290793.875,10290815.870370371,21.99537037037037,{'TelemetryTask': 21.99537037037037}
UartTxTask,187291,187292,10291534.712962963,10291549.337962963,14.625,{'Idle': 14.625}
TelemetryTask,187296,187297,10298633.199074075,10298647.273148147,14.074074074074074,{'Idle': 14.074074074074074}
UartTxTask,187299,187301,10300794.546296297,10300816.324074075,21.77777777777778,{'TelemetryTask': 21.77777777777778}
UartTxTask,187305,187306,10301535.217592593,10301550.074074075,14.856481481481481,{'Idle': 14.856481481481481}
TelemetryTask,187310,187311,10308632.879629629,10308647.11574074,14.23611111111111,{'Idle': 14.23611111111111}
UartTxTask,187313,187315,10310794.99074074,10310817.421296297,22.430555555555557,{'TelemetryTask': 22.430555555555557}
UartTxTask,187319,187320,10311536.388888888,10311550.88425926,14.49537037037037,{'Idle': 14.49537037037037}
TelemetryTask,187324,187325,10318633.032407407,10318647.347222222,14.314814814814815,{'Idle': 14.314814814814815}
UartTxTask,187327,187329,10320794.263888888,10320816.046296297,21.78240740740741,{'TelemetryTask': 21.78240740740741}
UartTxTask,187333,187334,10321535.064814815,10321549.898148147,14.833333333333334,{'Idle': 14.833333333333334}
TelemetryTask,187338,187339,10328633.069444444,10328646.731481481,13.662037037037036,{'Idle': 13.662037037037036}
UartTxTask,187341,187343,10330794.00925926,10330815.921296297,21.912037037037038,{'TelemetryTask': 21.912037037037038}
UartTxTask,187347,187348,10331534.88425926,10331549.768518519,14.88425925925926,{'Idle': 14.88425925925926}
TelemetryTask,187352,187353,10338633.11574074,10338647.277777778,14.162037037037036,{'Idle': 14.162037037037036}
UartTxTask,187355,187357,10340794.972222222,10340817.296296297,22.324074074074073,{'TelemetryTask': 22.324074074074076}
UartTxTask,187361,187362,10341536.101851853,10341550.736111112,14.63425925925926,{'Idle': 14.63425925925926}
TelemetryTask,187366,187367,10348633.078703703,10348646.814814815,13.73611111111111,{'Idle': 13.73611111111111}
UartTxTask,187369,187371,10350793.550925925,10350815.592592593,22.041666666666668,{'TelemetryTask': 22.041666666666668}
UartTxTask,187375,187376,10351534.972222222,10351549.578703703,14.606481481481481,{'Idle': 14.606481481481481}
TelemetryTask,187380,187381,10358633.106481481,10358647.375,14.268518518518519,{'Idle': 14.268518518518519}
UartTxTask,187383,187385,10360794.583333334,10360816.601851853,22.01851851851852,{'TelemetryTask': 22.01851851851852}
UartTxTask,187389,187390,10361535.754629629,10361550.268518519,14.51388888888889,{'Idle': 14.51388888888889}
TelemetryTask,187394,187395,10368633.0,10368647.138888888,14.13888888888889,{'Idle': 14.13888888888889}
UartTxTask,187397,187399,10370794.212962963,10370816.027777778,21.814814814814813,{'TelemetryTask': 21.814814814814817}
UartTxTask,187403,187404,10371535.069444444,10371549.86574074,14.796296296296296,{'Idle': 14.796296296296296}
TelemetryTask,187408,187409,10378633.185185185,10378646.986111112,13.800925925925926,{'Idle': 13.800925925925926}
UartTxTask,187411,187413,10380794.828703703,10380816.935185185,22.10648148148148,{'TelemetryTask': 22.10648148148148}
UartTxTask,187417,187418,10381535.995370371,10381550.560185185,14.564814814814815,{'Idle': 14.564814814814815}
TelemetryTask,187422,187423,10388632.828703703,10388646.879629629,14.050925925925926,{'Idle': 14.050925925925926}
UartTxTask,187425,187427,10390793.638888888,10390815.662037037,22.02314814814815,{'TelemetryTask': 22.02314814814815}
UartTxTask,187431,187432,10391534.712962963,10391549.425925925,14.712962962962964,{'Idle': 14.712962962962964}
TelemetryTask,187436,187437,10398633.143518519,10398647.162037037,14.018518518518519,{'Idle': 14.018518518518519}
UartTxTask,187439,187441,10400794.055555556,10400815.754629629,21.699074074074073,{'TelemetryTask': 21.699074074074076}
UartTxTask,187445,187446,10401534.541666666,10401549.277777778,14.73611111111111,{'Idle': 14.73611111111111}
TelemetryTask,187450,187451,10408633.152777778,10408646.75925926,13.606481481481481,{'Idle': 13.606481481481481}
UartTxTask,187453,187455,10410794.50925926,10410816.666666666,22.15740740740741,{'TelemetryTask': 22.157407407407405}
UartTxTask,187459,187460,10411535.277777778,10411550.060185185,14.782407407407407,{'Idle': 14.782407407407407}
TelemetryTask,187464,187465,10418633.111111112,10418647.305555556,14.194444444444445,{'Idle': 14.194444444444445}
UartTxTask,187467,187469,10420794.356481481,10420816.453703703,22.09722222222222,{'TelemetryTask': 22.09722222222222}
UartTxTask,187473,187474,10421535.375,10421550.287037037,14.912037037037036,{'Idle': 14.912037037037036}
TelemetryTask,187478,187479,10428633.064814815,10428647.00925926,13.944444444444445,{'Idle': 13.944444444444445}
UartTxTask,187481,187483,10430794.763888888,10430816.907407407,22.14351851851852,{'TelemetryTask': 22.14351851851852}
UartTxTask,187487,187488,10431536.004629629,10431550.638888888,14.63425925925926,{'Idle': 14.63425925925926}
TelemetryTask,187492,187493,10438633.046296297,10438646.74074074,13.694444444444445,{'Idle': 13.694444444444445}
UartTxTask,187495,187497,10440793.976851853,10440816.004629629,22.02777777777778,{'TelemetryTask': 22.02777777777778}
UartTxTask,187501,187502,10441534.75925926,10441549.050925925,14.291666666666666,{'Idle': 14.291666666666666}
TelemetryTask,187506,187507,10448633.050925925,10448647.231481481,14.180555555555555,{'Idle': 14.180555555555555}
UartTxTask,187509,187511,10450795.421296297,10450817.356481481,21.935185185185187,{'TelemetryTask': 21.935185185185183}
UartTxTask,187515,187516,10451536.407407407,10451551.430555556,15.023148148148149,{'Idle': 15.023148148148149}
TelemetryTask,187520,187521,10458633.032407407,10458646.796296297,13.76388888888889,{'Idle': 13.76388888888889}
UartTxTask,187523,187525,10460794.277777778,10460816.25925926,21.98148148148148,{'TelemetryTask': 21.98148148148148}
UartTxTask,187529,187530,10461534.782407407,10461549.768518519,14.98611111111111,{'Idle': 14.98611111111111}
TelemetryTask,187534,187535,10468633.00925926,10468647.282407407,14.273148148148149,{'Idle': 14.273148148148149}
UartTxTask,187537,187539,10470794.620370371,10470817.212962963,22.59259259259259,{'TelemetryTask': 22.59259259259259}
UartTxTask,187543,187544,10471536.0,10471550.347222222,14.347222222222221,{'Idle': 14.347222222222221}
TelemetryTask,187548,187549,10478632.875,10478646.962962963,14.087962962962964,{'Idle': 14.087962962962964}
UartTxTask,187551,187553,10480795.041666666,10480817.018518519,21.97685185185185,{'TelemetryTask': 21.976851851851855}
UartTxTask,187557,187558,10481535.856481481,10481550.013888888,14.157407407407407,{'Idle': 14.157407407407407}
TelemetryTask,187562,187563,10488633.023148147,10488647.231481481,14.208333333333334,{'Idle': 14.208333333333334}
UartTxTask,187565,187567,10490794.754629629,10490817.037037037,22.28240740740741,{'TelemetryTask': 22.282407407407405}
UartTxTask,187571,187572,10491536.111111112,10491550.546296297,14.435185185185185,{'Idle': 14.435185185185185}
TelemetryTask,187576,187577,10498633.013888888,10498646.717592593,13.703703703703704,{'Idle': 13.703703703703704}
UartTxTask,187579,187581,10500793.504629629,10500815.587962963,22.083333333333332,{'TelemetryTask': 22.083333333333336}
UartTxTask,187585,187586,10501534.393518519,10501548.837962963,14.444444444444445,{'Idle': 14.444444444444445}
TelemetryTask,187590,187591,10508633.050925925,10508646.768518519,13.717592592592593,{'Idle': 13.717592592592593}
UartTxTask,187593,187595,10510794.699074075,10510816.981481481,22.28240740740741,{'TelemetryTask': 22.28240740740741}
UartTxTask,187599,187600,10511535.837962963,10511550.625,14.787037037037036,{'Idle': 14.787037037037036}
TelemetryTask,187604,187605,10518633.064814815,10518647.416666666,14.351851851851851,{'Idle': 14.351851851851851}
UartTxTask,187607,187609,10520794.828703703,10520816.898148147,22.069444444444443,{'TelemetryTask': 22.069444444444443}
UartTxTask,187613,187614,10521535.416666666,10521550.300925925,14.88425925925926,{'Idle': 14.88425925925926}
TelemetryTask,187618,187619,10528633.050925925,10528647.189814815,14.13888888888889,{'Idle': 14.13888888888889}
UartTxTask,187621,187623,10530794.097222222,10530815.976851853,21.87962962962963,{'TelemetryTask': 21.87962962962963}
UartTxTask,187627,187628,10531534.847222222,10531549.537037037,14.689814814814815,{'Idle': 14.689814814814815}
TelemetryTask,187632,187633,10538633.064814815,10538647.194444444,14.12962962962963,{'Idle': 14.12962962962963}
UartTxTask,187635,187637,10540793.967592593,10540816.305555556,22.337962962962962,{'TelemetryTask': 22.337962962962962}
UartTxTask,187641,187642,10541535.092592593,10541549.875,14.782407407407407,{'Idle': 14.782407407407407}
TelemetryTask,187646,187647,10548633.087962963,10548647.180555556,14.092592592592593,{'Idle': 14.092592592592593}
UartTxTask,187649,187651,10550794.86574074,10550816.675925925,21.810185185185187,{'TelemetryTask': 21.810185185185183}
UartTxTask,187655,187656,10551535.208333334,10551550.074074075,14.86574074074074,{'Idle': 14.86574074074074}
TelemetryTask,187660,187661,10558633.157407407,10558646.800925925,13.643518518518519,{'Idle': 13.643518518518519}
UartTxTask,187663,187665,10560793.106481481,10560815.226851853,22.12037037037037,{'TelemetryTask': 22.12037037037037}
UartTxTask,187669,187670,10561534.143518519,10561548.995370371,14.851851851851851,{'Idle': 14.851851851851851}
TelemetryTask,187674,187675,10568632.972222222,10568646.796296297,13.824074074074074,{'Idle': 13.824074074074074}
UartTxTask,187677,187679,10570794.212962963,10570816.314814815,22.10185185185185,{'TelemetryTask': 22.101851851851855}
UartTxTask,187683,187684,10571535.375,10571550.120370371,14.74537037037037,{'Idle': 14.74537037037037}
TelemetryTask,187688,187689,10578633.064814815,10578647.226851853,14.162037037037036,{'Idle': 14.162037037037036}
UartTxTask,187691,187693,10580794.819444444,10580816.870370371,22.050925925925927,{'TelemetryTask': 22.050925925925924}
UartTxTask,187697,187698,10581536.11574074,10581550.560185185,14.444444444444445,{'Idle': 14.444444444444445}
TelemetryTask,187702,187703,10588632.916666666,10588647.217592593,14.300925925925926,{'Idle': 14.300925925925926}
UartTxTask,187705,187707,10590793.625,10590815.921296297,22.296296296296298,{'TelemetryTask': 22.296296296296298}
UartTxTask,187711,187712,10591534.861111112,10591549.75,14.88888888888889,{'Idle': 14.88888888888889}
TelemetryTask,187716,187717,10598633.097222222,10598646.953703703,13.856481481481481,{'Idle': 13.856481481481481}
UartTxTask,187719,187721,10600794.013888888,10600815.953703703,21.939814814814813,{'TelemetryTask': 21.939814814814817}
UartTxTask,187725,187726,10601534.680555556,10601549.560185185,14.87962962962963,{'Idle': 14.87962962962963}
TelemetryTask,187730,187731,10608632.935185185,10608646.75,13.814814814814815,{'Idle': 13.814814814814815}
UartTxTask,187733,187735,10610793.958333334,10610816.38425926,22.425925925925927,{'TelemetryTask': 22.425925925925927}
UartTxTask,187739,187740,10611535.185185185,10611549.680555556,14.49537037037037,{'Idle': 14.49537037037037}
TelemetryTask,187744,187745,10618633.0,10618646.828703703,13.828703703703704,{'Idle': 13.828703703703704}
UartTxTask,187747,187749,10620793.828703703,10620815.824074075,21.99537037037037,{'TelemetryTask': 21.99537037037037}
UartTxTask,187753,187754,10621534.699074075,10621549.36574074,14.666666666666666,{'Idle': 14.666666666666666}
TelemetryTask,187758,187759,10628633.055555556,10628647.495370371,14.439814814814815,{'Idle': 14.439814814814815}
UartTxTask,187761,187763,10630794.546296297,10630816.643518519,22.09722222222222,{'TelemetryTask': 22.09722222222222}
UartTxTask,187767,187768,10631535.273148147,10631550.25925926,14.98611111111111,{'Idle': 14.98611111111111}
TelemetryTask,187772,187773,10638633.143518519,10638647.254629629,14.11111111111111,{'Idle': 14.11111111111111}
UartTxTask,187775,187777,10640794.226851853,10640816.824074075,22.59722222222222,{'TelemetryTask': 22.59722222222222}
UartTxTask,187781,187782,10641536.222222222,10641551.217592593,14.99537037037037,{'Idle': 14.99537037037037}
TelemetryTask,187786,187787,10648633.185185185,10648647.194444444,14.00925925925926,{'Idle': 14.00925925925926}
UartTxTask,187789,187791,10650794.648148147,10650816.532407407,21.88425925925926,{'TelemetryTask': 21.88425925925926}
UartTxTask,187795,187796,10651535.685185185,10651550.574074075,14.88888888888889,{'Idle': 14.88888888888889}
TelemetryTask,187800,187801,10658632.875,10658646.976851853,14.101851851851851,{'Idle': 14.101851851851851}
UartTxTask,187803,187805,10660793.611111112,10660815.88425926,22.27314814814815,{'TelemetryTask': 22.27314814814815}
UartTxTask,187809,187810,10661534.847222222,10661549.583333334,14.73611111111111,{'Idle': 14.73611111111111}
TelemetryTask,187814,187815,10668633.060185185,10668647.129629629,14.069444444444445,{'Idle': 14.069444444444445}
UartTxTask,187817,187819,10670793.671296297,10670815.583333334,21.912037037037038,{'TelemetryTask': 21.912037037037038}
UartTxTask,187823,187824,10671534.574074075,10671549.421296297,14.847222222222221,{'Idle': 14.847222222222221}
TelemetryTask,187828,187829,10678632.875,10678646.935185185,14.060185185185185,{'Idle': 14.060185185185185}
UartTxTask,187831,187833,10680793.75,10680816.402777778,22.65277777777778,{'TelemetryTask': 22.65277777777778}
UartTxTask,187837,187838,10681535.342592593,10681550.111111112,14.768518518518519,{'Idle': 14.768518518518519}
TelemetryTask,187842,187843,10688633.138888888,10688647.291666666,14.152777777777779,{'Idle': 14.152777777777779}
UartTxTask,187845,187847,10690793.958333334,10690816.106481481,22.14814814814815,{'TelemetryTask': 22.148148148148145}
UartTxTask,187851,187852,10691535.004629629,10691549.935185185,14.930555555555555,{'Idle': 14.930555555555555}
TelemetryTask,187856,187857,10698633.013888888,10698647.00925926,13.99537037037037,{'Idle': 13.99537037037037}
UartTxTask,187859,187861,10700794.037037037,10700816.189814815,22.15277777777778,{'TelemetryTask': 22.15277777777778}
UartTxTask,187865,187866,10701535.254629629,10701550.351851853,15.097222222222221,{'Idle': 15.097222222222221}
TelemetryTask,187870,187871,10708632.902777778,10708646.935185185,14.032407407407407,{'Idle': 14.032407407407407}
UartTxTask,187873,187875,10710793.907407407,10710816.148148147,22.24074074074074,{'TelemetryTask': 22.24074074074074}
UartTxTask,187879,187880,10711534.800925925,10711549.324074075,14.523148148148149,{'Idle': 14.523148148148149}
TelemetryTask,187884,187885,10718633.152777778,10718647.064814815,13.912037037037036,{'Idle': 13.912037037037036}
UartTxTask,187887,187889,10720793.967592593,10720816.064814815,22.09722222222222,{'TelemetryTask': 22.09722222222222}
UartTxTask,187893,187894,10721535.125,10721550.018518519,14.893518518518519,{'Idle': 14.893518518518519}
TelemetryTask,187898,187899,10728633.041666666,10728647.226851853,14.185185185185185,{'Idle': 14.185185185185185}
UartTxTask,187901,187903,10730795.143518519,10730817.36574074,22.22222222222222,{'TelemetryTask': 22.22222222222222}
UartTxTask,187907,187908,10731536.351851853,10731551.412037037,15.060185185185185,{'Idle': 15.060185185185185}
TelemetryTask,187912,187913,10738632.810185185,10738646.99074074,14.180555555555555,{'Idle': 14.180555555555555}
UartTxTask,187915,187917,10740794.75,10740817.11574074,22.36574074074074,{'TelemetryTask': 22.36574074074074}
UartTxTask,187921,187922,10741535.754629629,10741550.587962963,14.833333333333334,{'Idle': 14.833333333333334}
TelemetryTask,187926,187927,10748633.152777778,10748647.125,13.972222222222221,{'Idle': 13.972222222222221}
UartTxTask,187929,187931,10750794.194444444,10750816.444444444,22.25,{'TelemetryTask': 22.25}
UartTxTask,187935,187936,10751535.606481481,10751550.388888888,14.782407407407407,{'Idle': 14.782407407407407}
TelemetryTask,187940,187941,10758633.055555556,10758647.018518519,13.962962962962964,{'Idle': 13.962962962962964}
UartTxTask,187943,187945,10760793.875,10760815.648148147,21.77314814814815,{'TelemetryTask': 21.77314814814815}
ButtonTask,187951,187953,10761496.916666666,10761514.712962963,17.796296296296298,"{'ISR#56': 5.837962962962963, 'Scheduler': 11.958333333333334}"
UartTxTask,187955,187958,10761536.430555556,10761672.472222222,136.04166666666666,{'ButtonTask': 136.04166666666666}
UartTxTask,187963,187964,10762402.587962963,10762411.958333334,9.37037037037037,{'Idle': 9.37037037037037}
TelemetryTask,187968,187969,10768633.217592593,10768647.435185185,14.217592592592593,{'Idle': 14.217592592592593}
UartTxTask,187971,187973,10770794.703703703,10770816.962962963,22.25925925925926,{'TelemetryTask': 22.25925925925926}
UartTxTask,187977,187978,10771535.523148147,10771550.226851853,14.703703703703704,{'Idle': 14.703703703703704}
TelemetryTask,187982,187983,10778633.212962963,10778647.541666666,14.328703703703704,{'Idle': 14.328703703703704}
UartTxTask,187985,187987,10780794.439814815,10780817.092592593,22.65277777777778,{'TelemetryTask': 22.65277777777778}
UartTxTask,187991,187992,10781535.86574074,10781550.449074075,14.583333333333334,{'Idle': 14.583333333333334}
TelemetryTask,187996,187997,10788633.083333334,10788647.212962963,14.12962962962963,{'Idle': 14.12962962962963}
UartTxTask,187999,188001,10790794.75,10790816.712962963,21.962962962962962,{'TelemetryTask': 21.962962962962962}
UartTxTask,188005,188006,10791535.63425926,10791550.245370371,14.61111111111111,{'Idle': 14.61111111111111}
TelemetryTask,188010,188011,10798633.074074075,10798647.212962963,14.13888888888889,{'Idle': 14.13888888888889}
UartTxTask,188013,188015,10800794.648148147,10800816.671296297,22.02314814814815,{'TelemetryTask': 22.023148148148145}
UartTxTask,188019,188020,10801535.550925925,10801550.310185185,14.75925925925926,{'Idle': 14.75925925925926}
TelemetryTask,188024,188025,10808633.013888888,10808646.875,13.86111111111111,{'Idle': 13.86111111111111}
UartTxTask,188027,188029,10810794.550925925,10810816.36574074,21.814814814814813,{'TelemetryTask': 21.814814814814817}
UartTxTask,188033,188034,10811535.712962963,10811550.569444444,14.856481481481481,{'Idle': 14.856481481481481}
TelemetryTask,188038,188039,10818633.106481481,10818647.296296297,14.189814814814815,{'Idle': 14.189814814814815}
UartTxTask,188041,188043,10820795.101851853,10820817.101851853,22.0,{'TelemetryTask': 22.0}
UartTxTask,188047,188048,10821535.935185185,10821550.930555556,14.99537037037037,{'Idle': 14.99537037037037}
TelemetryTask,188052,188053,10828632.939814815,10828647.037037037,14.097222222222221,{'Idle': 14.097222222222221}
UartTxTask,188055,188057,10830794.712962963,10830816.99074074,22.27777777777778,{'TelemetryTask': 22.27777777777778}
UartTxTask,188061,188062,10831535.694444444,10831550.305555556,14.61111111111111,{'Idle': 14.61111111111111}
TelemetryTask,188066,188067,10838632.981481481,10838647.189814815,14.208333333333334,{'Idle': 14.208333333333334}
UartTxTask,188069,188071,10840795.305555556,10840817.342592593,22.037037037037038,{'TelemetryTask': 22.037037037037038}
UartTxTask,188075,188076,10841535.699074075,10841550.601851853,14.902777777777779,{'Idle': 14.902777777777779}
TelemetryTask,188080,188081,10848632.861111112,10848646.824074075,13.962962962962964,{'Idle': 13.962962962962964}
UartTxTask,188083,188085,10850793.935185185,10850815.699074075,21.76388888888889,{'TelemetryTask': 21.76388888888889}
UartTxTask,188089,188090,10851534.657407407,10851549.231481481,14.574074074074074,{'Idle': 14.574074074074074}
TelemetryTask,188094,188095,10858632.995370371,10858646.805555556,13.810185185185185,{'Idle': 13.810185185185185}
UartTxTask,188097,188099,10860793.902777778,10860815.893518519,21.99074074074074,{'TelemetryTask': 21.99074074074074}
UartTxTask,188103,188104,10861534.439814815,10861549.337962963,14.898148148148149,{'Idle': 14.898148148148149}
TelemetryTask,188108,188109,10868633.111111112,10868647.291666666,14.180555555555555,{'Idle': 14.180555555555555}
UartTxTask,188111,188113,10870794.953703703,10870817.337962963,22.38425925925926,{'TelemetryTask': 22.38425925925926}
UartTxTask,188117,188118,10871536.013888888,10871550.708333334,14.694444444444445,{'Idle': 14.694444444444445}
TelemetryTask,188122,188123,10878632.958333334,10878646.870370371,13.912037037037036,{'Idle': 13.912037037037036}
UartTxTask,188125,188127,10880794.731481481,10880816.495370371,21.76388888888889,{'TelemetryTask': 21.763888888888886}
UartTxTask,188131,188132,10881535.166666666,10881549.578703703,14.412037037037036,{'Idle': 14.412037037037036}
TelemetryTask,188136,188137,10888633.106481481,10888647.435185185,14.328703703703704,{'Idle': 14.328703703703704}
UartTxTask,188139,188141,10890795.597222222,10890817.75,22.15277777777778,{'TelemetryTask': 22.15277777777778}
UartTxTask,188145,188146,10891537.217592593,10891552.398148147,15.180555555555555,{'Idle': 15.180555555555555}
TelemetryTask,188150,188151,10898633.069444444,10898647.106481481,14.037037037037036,{'Idle': 14.037037037037036}
UartTxTask,188153,188155,10900794.574074075,10900816.38425926,21.810185185185187,{'TelemetryTask': 21.810185185185183}
UartTxTask,188159,188160,10901535.416666666,10901550.217592593,14.800925925925926,{'Idle': 14.800925925925926}
TelemetryTask,188164,188165,10908633.023148147,10908647.129629629,14.106481481481481,{'Idle': 14.106481481481481}
UartTxTask,188167,188169,10910794.356481481,10910816.930555556,22.574074074074073,{'TelemetryTask': 22.574074074074076}
UartTxTask,188173,188174,10911535.722222222,10911550.231481481,14.50925925925926,{'Idle': 14.50925925925926}
TelemetryTask,188178,188179,10918633.050925925,10918647.324074075,14.273148148148149,{'Idle': 14.273148148148149}
UartTxTask,188181,188183,10920794.305555556,10920816.486111112,22.180555555555557,{'TelemetryTask': 22.180555555555557}
UartTxTask,188187,188188,10921535.273148147,10921549.736111112,14.462962962962964,{'Idle': 14.462962962962964}
TelemetryTask,188192,188193,10928633.004629629,10928647.0,13.99537037037037,{'Idle': 13.99537037037037}
UartTxTask,188195,188197,10930794.069444444,10930816.518518519,22.449074074074073,{'TelemetryTask': 22.449074074074073}
UartTxTask,188201,188202,10931535.495370371,10931550.171296297,14.675925925925926,{'Idle': 14.675925925925926}
TelemetryTask,188206,188207,10938633.0,10938647.055555556,14.055555555555555,{'Idle': 14.055555555555555}
UartTxTask,188209,188211,10940794.263888888,10940816.074074075,21.810185185185187,{'TelemetryTask': 21.810185185185183}
UartTxTask,188215,188216,10941535.342592593,10941549.851851853,14.50925925925926,{'Idle': 14.50925925925926}
TelemetryTask,188220,188221,10948633.092592593,10948647.129629629,14.037037037037036,{'Idle': 14.037037037037036}
UartTxTask,188223,188225,10950794.495370371,10950816.847222222,22.35185185185185,{'TelemetryTask': 22.35185185185185}
UartTxTask,188229,188230,10951535.88425926,10951550.523148147,14.63888888888889,{'Idle': 14.63888888888889}
ButtonTask,188236,188238,10955353.63425926,10955369.037037037,15.402777777777779,"{'ISR#56': 6.037037037037037, 'Scheduler': 9.36574074074074}"
UartTxTask,188241,188243,10955489.342592593,10955518.648148147,29.305555555555557,{'ButtonTask': 29.305555555555557}
UartTxTask,188247,188248,10956237.708333334,10956246.768518519,9.060185185185185,{'Idle': 9.060185185185185}
TelemetryTask,188252,188253,10958633.101851853,10958647.254629629,14.152777777777779,{'Idle': 14.152777777777779}
UartTxTask,188255,188257,10960793.555555556,10960815.962962963,22.40740740740741,{'TelemetryTask': 22.40740740740741}
UartTxTask,188261,188262,10961534.699074075,10961549.763888888,15.064814814814815,{'Idle': 15.064814814814815}
TelemetryTask,188266,188267,10968633.138888888,10968647.49074074,14.351851851851851,{'Idle': 14.351851851851851}
UartTxTask,188269,188271,10970793.777777778,10970815.680555556,21.90277777777778,{'TelemetryTask': 21.90277777777778}
UartTxTask,188275,188276,10971534.504629629,10971549.208333334,14.703703703703704,{'Idle': 14.703703703703704}
TelemetryTask,188280,188281,10978633.152777778,10978647.097222222,13.944444444444445,{'Idle': 13.944444444444445}
UartTxTask,188283,188285,10980793.944444444,10980816.277777778,22.333333333333332,{'TelemetryTask': 22.333333333333332}
UartTxTask,188289,188290,10981535.300925925,10981550.245370371,14.944444444444445,{'Idle': 14.944444444444445}
TelemetryTask,188294,188295,10988632.925925925,10988646.819444444,13.893518518518519,{'Idle': 13.893518518518519}
UartTxTask,188297,188299,10990794.537037037,10990816.75,22.212962962962962,{'TelemetryTask': 22.212962962962962}
UartTxTask,188303,188304,10991535.504629629,10991550.574074075,15.069444444444445,{'Idle': 15.069444444444445}
TelemetryTask,188308,188309,10998633.023148147,10998647.027777778,14.00462962962963,{'Idle': 14.00462962962963}
UartTxTask,188311,188313,11000793.546296297,11000815.694444444,22.14814814814815,{'TelemetryTask': 22.148148148148145}
UartTxTask,188317,188318,11001535.217592593,11001550.171296297,14.953703703703704,{'Idle': 14.953703703703704}
TelemetryTask,188322,188323,11008632.986111112,11008646.597222222,13.61111111111111,{'Idle': 13.61111111111111}
UartTxTask,188325,188327,11010794.101851853,11010816.342592593,22.24074074074074,{'TelemetryTask': 22.24074074074074}
UartTxTask,188331,188332,11011534.879629629,11011549.699074075,14.819444444444445,{'Idle': 14.819444444444445}
TelemetryTask,188336,188337,11018633.055555556,11018647.180555556,14.125,{'Idle': 14.125}
UartTxTask,188339,188341,11020794.736111112,11020816.981481481,22.24537037037037,{'TelemetryTask': 22.24537037037037}
UartTxTask,188345,188346,11021535.972222222,11021550.861111112,14.88888888888889,{'Idle': 14.88888888888889}
TelemetryTask,188350,188351,11028632.958333334,11028647.125,14.166666666666666,{'Idle': 14.166666666666666}
UartTxTask,188353,188355,11030794.851851853,11030817.254629629,22.40277777777778,{'TelemetryTask': 22.40277777777778}
UartTxTask,188359,188360,11031536.444444444,11031551.328703703,14.88425925925926,{'Idle': 14.88425925925926}
TelemetryTask,188364,188365,11038633.194444444,11038647.217592593,14.023148148148149,{'Idle': 14.023148148148149}
UartTxTask,188367,188369,11040794.143518519,11040815.939814815,21.796296296296298,{'TelemetryTask': 21.796296296296298}
UartTxTask,188373,188374,11041534.578703703,11041549.166666666,14.587962962962964,{'Idle': 14.587962962962964}
TelemetryTask,188378,188379,11048633.0,11048647.333333334,14.333333333333334,{'Idle': 14.333333333333334}
UartTxTask,188381,188383,11050794.523148147,11050817.138888888,22.61574074074074,{'TelemetryTask': 22.61574074074074}
UartTxTask,188387,188388,11051535.99074074,11051550.75925926,14.768518518518519,{'Idle': 14.768518518518519}
TelemetryTask,188392,188393,11058633.11574074,11058647.097222222,13.981481481481481,{'Idle': 13.981481481481481}
UartTxTask,188395,188397,11060794.712962963,11060816.981481481,22.26851851851852,{'TelemetryTask': 22.26851851851852}
UartTxTask,188401,188402,11061536.287037037,11061551.097222222,14.810185185185185,{'Idle': 14.810185185185185}
TelemetryTask,188406,188407,11068632.962962963,11068647.180555556,14.217592592592593,{'Idle': 14.217592592592593}
UartTxTask,188409,188411,11070794.611111112,11070816.101851853,21.49074074074074,{'TelemetryTask': 21.49074074074074}
UartTxTask,188415,188416,11071534.791666666,11071549.416666666,14.625,{'Idle': 14.625}
TelemetryTask,188420,188421,11078633.032407407,11078647.25925926,14.226851851851851,{'Idle': 14.226851851851851}
UartTxTask,188423,188425,11080794.523148147,11080816.199074075,21.675925925925927,{'TelemetryTask': 21.675925925925924}
UartTxTask,188429,188430,11081534.791666666,11081549.569444444,14.777777777777779,{'Idle': 14.777777777777779}
TelemetryTask,188434,188435,11088633.013888888,11088647.083333334,14.069444444444445,{'Idle': 14.069444444444445}
UartTxTask,188437,188439,11090794.347222222,11090816.625,22.27777777777778,{'TelemetryTask': 22.27777777777778}
UartTxTask,188443,188444,11091535.546296297,11091550.337962963,14.791666666666666,{'Idle': 14.791666666666666}
TelemetryTask,188448,188449,11098633.00925926,11098646.851851853,13.842592592592593,{'Idle': 13.842592592592593}
UartTxTask,188451,188453,11100793.657407407,11100815.898148147,22.24074074074074,{'TelemetryTask': 22.24074074074074}
UartTxTask,188457,188458,11101535.106481481,11101550.143518519,15.037037037037036,{'Idle': 15.037037037037036}
TelemetryTask,188462,188463,11108633.018518519,11108647.129629629,14.11111111111111,{'Idle': 14.11111111111111}
UartTxTask,188465,188467,11110793.814814815,11110816.171296297,22.35648148148148,{'TelemetryTask': 22.35648148148148}
UartTxTask,188471,188472,11111535.185185185,11111549.898148147,14.712962962962964,{'Idle': 14.712962962962964}
TelemetryTask,188476,188477,11118632.958333334,11118646.967592593,14.00925925925926,{'Idle': 14.00925925925926}
UartTxTask,188479,188481,11120793.453703703,11120815.430555556,21.97685185185185,{'TelemetryTask': 21.97685185185185}
UartTxTask,188485,188486,11121534.212962963,11121549.120370371,14.907407407407407,{'Idle': 14.907407407407407}
ButtonTask,188492,188494,11122279.856481481,11122294.638888888,14.782407407407407,"{'ISR#56': 5.680555555555555, 'Scheduler': 9.101851851851851}"
UartTxTask,188497,188499,11122414.703703703,11122443.962962963,29.25925925925926,{'ButtonTask': 29.25925925925926}
UartTxTask,188503,188504,11123163.592592593,11123172.842592593,9.25,{'Idle': 9.25}
TelemetryTask,188508,188509,11128633.175925925,11128647.375,14.199074074074074,{'Idle': 14.199074074074074}
UartTxTask,188511,188513,11130794.481481481,11130816.569444444,22.087962962962962,{'TelemetryTask': 22.087962962962962}
UartTxTask,188517,188518,11131535.388888888,11131549.870370371,14.481481481481481,{'Idle': 14.481481481481481}
TelemetryTask,188522,188523,11138633.074074075,11138647.277777778,14.203703703703704,{'Idle': 14.203703703703704}
UartTxTask,188525,188527,11140795.106481481,11140817.11574074,22.00925925925926,{'TelemetryTask': 22.00925925925926}
UartTxTask,188531,188532,11141536.231481481,11141551.078703703,14.847222222222221,{'Idle': 14.847222222222221}
TelemetryTask,188536,188537,11148632.898148147,11148647.092592593,14.194444444444445,{'Idle': 14.194444444444445}
UartTxTask,188539,188541,11150794.037037037,11150816.328703703,22.291666666666668,{'TelemetryTask': 22.291666666666664}
UartTxTask,188545,188546,11151535.171296297,11151549.986111112,14.814814814814815,{'Idle': 14.814814814814815}
TelemetryTask,188550,188551,11158633.097222222,11158647.083333334,13.98611111111111,{'Idle': 13.98611111111111}
UartTxTask,188553,188555,11160793.921296297,11160816.069444444,22.14814814814815,{'TelemetryTask': 22.14814814814815}
UartTxTask,188559,188560,11161534.736111112,11161549.037037037,14.300925925925926,{'Idle': 14.300925925925926}
TelemetryTask,188564,188565,11168633.143518519,11168647.046296297,13.902777777777779,{'Idle': 13.902777777777779}
UartTxTask,188567,188569,11170793.601851853,11170815.611111112,22.00925925925926,{'TelemetryTask': 22.00925925925926}
UartTxTask,188573,188574,11171534.342592593,11171548.819444444,14.476851851851851,{'Idle': 14.476851851851851}
TelemetryTask,188578,188579,11178632.861111112,11178646.666666666,13.805555555555555,{'Idle': 13.805555555555555}
UartTxTask,188581,188583,11180794.087962963,11180815.981481481,21.89351851851852,{'TelemetryTask': 21.89351851851852}
UartTxTask,188587,188588,11181534.560185185,11181548.944444444,14.38425925925926,{'Idle': 14.38425925925926}
TelemetryTask,188592,188593,11188633.027777778,11188647.087962963,14.060185185185185,{'Idle': 14.060185185185185}
UartTxTask,188595,188597,11190795.268518519,11190817.217592593,21.949074074074073,{'TelemetryTask': 21.949074074074073}
UartTxTask,188601,188602,11191536.138888888,11191550.717592593,14.578703703703704,{'Idle': 14.578703703703704}
TelemetryTask,188606,188607,11198633.143518519,11198647.314814815,14.171296296296296,{'Idle': 14.171296296296296}
UartTxTask,188609,188611,11200793.842592593,11200816.61574074,22.77314814814815,{'TelemetryTask': 22.77314814814815}
UartTxTask,188615,188616,11201535.606481481,11201550.36574074,14.75925925925926,{'Idle': 14.75925925925926}
TelemetryTask,188620,188621,11208633.055555556,11208647.013888888,13.958333333333334,{'Idle': 13.958333333333334}
UartTxTask,188623,188625,11210793.564814815,11210815.472222222,21.90740740740741,{'TelemetryTask': 21.907407407407405}
UartTxTask,188629,188630,11211534.907407407,11211549.462962963,14.555555555555555,{'Idle': 14.555555555555555}
TelemetryTask,188634,188635,11218632.962962963,11218646.898148147,13.935185185185185,{'Idle': 13.935185185185185}
UartTxTask,188637,188639,11220794.055555556,11220816.11574074,22.060185185185187,{'TelemetryTask': 22.060185185185183}
UartTxTask,188643,188644,11221535.083333334,11221549.851851853,14.768518518518519,{'Idle': 14.768518518518519}
TelemetryTask,188648,188649,11228632.976851853,11228647.087962963,14.11111111111111,{'Idle': 14.11111111111111}
UartTxTask,188651,188653,11230794.787037037,11230817.13425926,22.34722222222222,{'TelemetryTask': 22.34722222222222}
UartTxTask,188657,188658,11231536.074074075,11231551.046296297,14.972222222222221,{'Idle': 14.972222222222221}
TelemetryTask,188662,188663,11238633.152777778,11238647.212962963,14.060185185185185,{'Idle': 14.060185185185185}
UartTxTask,188665,188667,11240794.814814815,11240817.24074074,22.425925925925927,{'TelemetryTask': 22.425925925925927}
UartTxTask,188671,188672,11241535.810185185,11241550.935185185,15.125,{'Idle': 15.125}
TelemetryTask,188676,188677,11248632.976851853,11248646.717592593,13.74074074074074,{'Idle': 13.74074074074074}
UartTxTask,188679,188681,11250794.550925925,11250816.916666666,22.36574074074074,{'TelemetryTask': 22.36574074074074}
UartTxTask,188685,188686,11251535.652777778,11251550.060185185,14.407407407407407,{'Idle': 14.407407407407407}
TelemetryTask,188690,188691,11258633.097222222,11258647.083333334,13.98611111111111,{'Idle': 13.98611111111111}
UartTxTask,188693,188695,11260793.921296297,11260815.958333334,22.037037037037038,{'TelemetryTask': 22.037037037037038}
UartTxTask,188699,188700,11261535.291666666,11261549.972222222,14.680555555555555,{'Idle': 14.680555555555555}
TelemetryTask,188704,188705,11268632.953703703,11268647.24074074,14.287037037037036,{'Idle': 14.287037037037036}
ButtonTask,188708,188713,11270474.629629629,11270876.61574074,401.9861111111111,"{'ISR#56': 5.685185185185185, 'TelemetryTask': 396.30092592592587}"
UartTxTask,188711,188717,11270856.037037037,11271012.023148147,155.98611111111111,"{'TelemetryTask': 20.578703703703702, 'ButtonTask': 135.4074074074074}"
UartTxTask,188721,188722,11271744.023148147,11271753.407407407,9.38425925925926,{'Idle': 9.38425925925926}
UartTxTask,188727,188728,11272483.629629629,11272492.898148147,9.268518518518519,{'Idle': 9.268518518518519}
TelemetryTask,188732,188733,11278633.041666666,11278646.958333334,13.916666666666666,{'Idle': 13.916666666666666}
UartTxTask,188735,188737,11280794.569444444,11280816.680555556,22.11111111111111,{'TelemetryTask': 22.111111111111114}
UartTxTask,188741,188742,11281535.046296297,11281549.527777778,14.481481481481481,{'Idle': 14.481481481481481}
TelemetryTask,188746,188747,11288633.087962963,11288647.273148147,14.185185185185185,{'Idle': 14.185185185185185}
UartTxTask,188749,188751,11290794.333333334,11290816.194444444,21.86111111111111,{'TelemetryTask': 21.86111111111111}
UartTxTask,188755,188756,11291535.407407407,11291549.907407407,14.5,{'Idle': 14.5}
TelemetryTask,188760,188761,11298632.995370371,11298647.032407407,14.037037037037036,{'Idle': 14.037037037037036}
UartTxTask,188763,188765,11300794.013888888,11300815.967592593,21.953703703703702,{'TelemetryTask': 21.953703703703702}
UartTxTask,188769,188770,11301534.458333334,11301549.430555556,14.972222222222221,{'Idle': 14.972222222222221}
TelemetryTask,188774,188775,11308632.967592593,11308647.046296297,14.078703703703704,{'Idle': 14.078703703703704}
UartTxTask,188777,188779,11310794.453703703,11310816.879629629,22.425925925925927,{'TelemetryTask': 22.425925925925924}
UartTxTask,188783,188784,11311536.162037037,11311550.814814815,14.652777777777779,{'Idle': 14.652777777777779}
TelemetryTask,188788,188789,11318633.0,11318647.037037037,14.037037037037036,{'Idle': 14.037037037037036}
UartTxTask,188791,188793,11320794.032407407,11320815.680555556,21.64814814814815,{'TelemetryTask': 21.64814814814815}
UartTxTask,188797,188798,11321534.620370371,11321549.726851853,15.106481481481481,{'Idle': 15.106481481481481}
TelemetryTask,188802,188803,11328633.111111112,11328647.282407407,14.171296296296296,{'Idle': 14.171296296296296}
UartTxTask,188805,188807,11330795.296296297,11330817.518518519,22.22222222222222,{'TelemetryTask': 22.22222222222222}
UartTxTask,188811,188812,11331535.939814815,11331550.50925926,14.569444444444445,{'Idle': 14.569444444444445}
TelemetryTask,188816,188817,11338633.027777778,11338646.768518519,13.74074074074074,{'Idle': 13.74074074074074}
UartTxTask,188819,188821,11340794.171296297,11340816.217592593,22.046296296296298,{'TelemetryTask': 22.046296296296298}
UartTxTask,188825,188826,11341534.763888888,11341549.402777778,14.63888888888889,{'Idle': 14.63888888888889}
TelemetryTask,188830,188831,11348633.055555556,11348646.944444444,13.88888888888889,{'Idle': 13.88888888888889}
UartTxTask,188833,188835,11350794.282407407,11350816.273148147,21.99074074074074,{'TelemetryTask': 21.99074074074074}
UartTxTask,188839,188840,11351534.930555556,11351549.532407407,14.601851851851851,{'Idle': 14.601851851851851}
TelemetryTask,188844,188845,11358633.138888888,11358647.129629629,13.99074074074074,{'Idle': 13.99074074074074}
UartTxTask,188847,188849,11360795.092592593,11360817.412037037,22.319444444444443,{'TelemetryTask': 22.319444444444443}
UartTxTask,188853,188854,11361535.787037037,11361550.629629629,14.842592592592593,{'Idle': 14.842592592592593}
TelemetryTask,188858,188859,11368632.888888888,11368646.518518519,13.62962962962963,{'Idle': 13.62962962962963}
UartTxTask,188861,188863,11370793.212962963,11370815.712962963,22.5,{'TelemetryTask': 22.5}
UartTxTask,188867,188868,11371534.930555556,11371549.305555556,14.375,{'Idle': 14.375}
TelemetryTask,188872,188873,11378632.976851853,11378646.930555556,13.953703703703704,{'Idle': 13.953703703703704}
UartTxTask,188875,188877,11380793.837962963,11380815.671296297,21.833333333333332,{'TelemetryTask': 21.833333333333332}
UartTxTask,188881,188882,11381535.037037037,11381549.606481481,14.569444444444445,{'Idle': 14.569444444444445}
TelemetryTask,188886,188887,11388632.995370371,11388646.870370371,13.875,{'Idle': 13.875}
UartTxTask,188889,188891,11390794.486111112,11390816.495370371,22.00925925925926,{'TelemetryTask': 22.00925925925926}
UartTxTask,188895,188896,11391535.106481481,11391549.63425926,14.527777777777779,{'Idle': 14.527777777777779}
TelemetryTask,188900,188901,11398633.013888888,11398647.101851853,14.087962962962964,{'Idle': 14.087962962962964}
UartTxTask,188903,188905,11400794.61574074,11400816.898148147,22.28240740740741,{'TelemetryTask': 22.282407407407405}
UartTxTask,188909,188910,11401535.833333334,11401550.953703703,15.12037037037037,{'Idle': 15.12037037037037}
TelemetryTask,188914,188915,11408632.986111112,11408646.944444444,13.958333333333334,{'Idle': 13.958333333333334}
UartTxTask,188917,188919,11410793.652777778,11410815.652777778,22.0,{'TelemetryTask': 22.0}
UartTxTask,188923,188924,11411534.601851853,11411548.810185185,14.208333333333334,{'Idle': 14.208333333333334}
TelemetryTask,188928,188929,11418632.916666666,11418646.953703703,14.037037037037036,{'Idle': 14.037037037037036}
UartTxTask,188931,188933,11420793.935185185,11420816.398148147,22.462962962962962,{'TelemetryTask': 22.462962962962962}
UartTxTask,188937,188938,11421535.189814815,11421550.129629629,14.939814814814815,{'Idle': 14.939814814814815}
ButtonTask,188944,188946,11424473.5,11424488.611111112,15.11111111111111,"{'ISR#56': 5.9907407407407405, 'Scheduler': 9.12037037037037}"
UartTxTask,188949,188951,11424608.629629629,11424640.273148147,31.64351851851852,{'ButtonTask': 31.64351851851852}
UartTxTask,188955,188956,11425359.810185185,11425369.189814815,9.37962962962963,{'Idle': 9.37962962962963}
TelemetryTask,188960,188961,11428633.111111112,11428647.217592593,14.106481481481481,{'Idle': 14.106481481481481}
UartTxTask,188963,188965,11430794.175925925,11430816.023148147,21.84722222222222,{'TelemetryTask': 21.84722222222222}
UartTxTask,188969,188970,11431535.13425926,11431549.888888888,14.75462962962963,{'Idle': 14.75462962962963}
TelemetryTask,188974,188975,11438633.0,11438647.018518519,14.018518518518519,{'Idle': 14.018518518518519}
UartTxTask,188977,188979,11440795.138888888,11440817.555555556,22.416666666666668,{'TelemetryTask': 22.416666666666664}
UartTxTask,188983,188984,11441536.273148147,11441550.972222222,14.699074074074074,{'Idle': 14.699074074074074}
TelemetryTask,188988,188989,11448633.078703703,11448646.958333334,13.87962962962963,{'Idle': 13.87962962962963}
UartTxTask,188991,188993,11450794.060185185,11450816.273148147,22.212962962962962,{'TelemetryTask': 22.212962962962962}
UartTxTask,188997,188998,11451535.25925926,11451549.86574074,14.606481481481481,{'Idle': 14.606481481481481}
TelemetryTask,189002,189003,11458633.143518519,11458647.13425926,13.99074074074074,{'Idle': 13.99074074074074}
UartTxTask,189005,189007,11460795.722222222,11460818.087962963,22.36574074074074,{'TelemetryTask': 22.36574074074074}
UartTxTask,189011,189012,11461537.120370371,11461551.662037037,14.541666666666666,{'Idle': 14.541666666666666}
TelemetryTask,189016,189017,11468633.25,11468647.467592593,14.217592592592593,{'Idle': 14.217592592592593}
UartTxTask,189019,189021,11470794.425925925,11470816.578703703,22.15277777777778,{'TelemetryTask': 22.15277777777778}
UartTxTask,189025,189026,11471535.351851853,11471549.74074074,14.38888888888889,{'Idle': 14.38888888888889}
TelemetryTask,189030,189031,11478632.925925925,11478647.550925925,14.625,{'Idle': 14.625}
UartTxTask,189033,189035,11480794.13425926,11480815.75925926,21.625,{'TelemetryTask': 21.625}
UartTxTask,189039,189040,11481534.310185185,11481549.282407407,14.972222222222221,{'Idle': 14.972222222222221}
TelemetryTask,189044,189045,11488633.111111112,11488647.268518519,14.157407407407407,{'Idle': 14.157407407407407}
UartTxTask,189047,189049,11490795.078703703,11490817.629629629,22.550925925925927,{'TelemetryTask': 22.550925925925924}
UartTxTask,189053,189054,11491536.629629629,11491551.467592593,14.837962962962964,{'Idle': 14.837962962962964}
TelemetryTask,189058,189059,11498632.953703703,11498646.833333334,13.87962962962963,{'Idle': 13.87962962962963}
UartTxTask,189061,189063,11500794.550925925,11500816.685185185,22.13425925925926,{'TelemetryTask': 22.13425925925926}
UartTxTask,189067,189068,11501535.75,11501550.898148147,15.148148148148149,{'Idle': 15.148148148148149}
TelemetryTask,189072,189073,11508633.138888888,11508647.49074074,14.351851851851851,{'Idle': 14.351851851851851}
UartTxTask,189075,189077,11510794.532407407,11510816.300925925,21.76851851851852,{'TelemetryTask': 21.76851851851852}
UartTxTask,189081,189082,11511535.0,11511549.824074075,14.824074074074074,{'Idle': 14.824074074074074}
TelemetryTask,189086,189087,11518633.152777778,11518647.152777778,14.0,{'Idle': 14.0}
UartTxTask,189089,189091,11520795.648148147,11520817.916666666,22.26851851851852,{'TelemetryTask': 22.26851851851852}
UartTxTask,189095,189096,11521536.768518519,11521551.50925926,14.74074074074074,{'Idle': 14.74074074074074}
TelemetryTask,189100,189101,11528633.162037037,11528647.375,14.212962962962964,{'Idle': 14.212962962962964}
UartTxTask,189103,189105,11530795.370370371,11530817.74074074,22.37037037037037,{'TelemetryTask': 22.37037037037037}
UartTxTask,189109,189110,11531536.199074075,11531551.13425926,14.935185185185185,{'Idle': 14.935185185185185}
TelemetryTask,189114,189115,11538633.050925925,11538647.023148147,13.972222222222221,{'Idle': 13.972222222222221}
UartTxTask,189117,189119,11540795.101851853,11540817.578703703,22.47685185185185,{'TelemetryTask': 22.47685185185185}
UartTxTask,189123,189124,11541536.689814815,11541551.462962963,14.773148148148149,{'Idle': 14.773148148148149}
TelemetryTask,189128,189129,11548633.027777778,11548647.106481481,14.078703703703704,{'Idle': 14.078703703703704}
UartTxTask,189131,189133,11550793.550925925,11550815.527777778,21.97685185185185,{'TelemetryTask': 21.976851851851855}
UartTxTask,189137,189138,11551534.138888888,11551548.662037037,14.523148148148149,{'Idle': 14.523148148148149}
TelemetryTask,189142,189143,11558632.976851853,11558646.782407407,13.805555555555555,{'Idle': 13.805555555555555}
UartTxTask,189145,189147,11560794.361111112,11560816.666666666,22.305555555555557,{'TelemetryTask': 22.305555555555557}
UartTxTask,189151,189152,11561535.453703703,11561549.893518519,14.439814814814815,{'Idle': 14.439814814814815}
TelemetryTask,189156,189157,11568633.129629629,11568647.305555556,14.175925925925926,{'Idle': 14.175925925925926}
UartTxTask,189159,189161,11570794.523148147,11570816.912037037,22.38888888888889,{'TelemetryTask': 22.38888888888889}
UartTxTask,189165,189166,11571535.504629629,11571550.041666666,14.537037037037036,{'Idle': 14.537037037037036}
ButtonTask,189172,189174,11576359.666666666,11576374.888888888,15.222222222222221,"{'ISR#56': 5.847222222222222, 'Scheduler': 9.375}"
UartTxTask,189177,189179,11576494.898148147,11576524.370370371,29.47222222222222,{'ButtonTask': 29.47222222222222}
UartTxTask,189183,189184,11577243.662037037,11577252.861111112,9.199074074074074,{'Idle': 9.199074074074074}
TelemetryTask,189188,189189,11578633.300925925,11578647.291666666,13.99074074074074,{'Idle': 13.99074074074074}
UartTxTask,189191,189193,11580794.898148147,11580816.907407407,22.00925925925926,{'TelemetryTask': 22.00925925925926}
UartTxTask,189197,189198,11581535.407407407,11581549.787037037,14.37962962962963,{'Idle': 14.37962962962963}
TelemetryTask,189202,189203,11588633.180555556,11588647.351851853,14.171296296296296,{'Idle': 14.171296296296296}
UartTxTask,189205,189207,11590794.935185185,11590816.893518519,21.958333333333332,{'TelemetryTask': 21.958333333333332}
UartTxTask,189211,189212,11591535.694444444,11591550.36574074,14.671296296296296,{'Idle': 14.671296296296296}
TelemetryTask,189216,189217,11598633.097222222,11598646.912037037,13.814814814814815,{'Idle': 13.814814814814815}
UartTxTask,189219,189221,11600794.717592593,11600816.63425926,21.916666666666668,{'TelemetryTask': 21.916666666666664}
UartTxTask,189225,189226,11601536.129629629,11601550.796296297,14.666666666666666,{'Idle': 14.666666666666666}
TelemetryTask,189230,189231,11608633.120370371,11608647.157407407,14.037037037037036,{'Idle': 14.037037037037036}
UartTxTask,189233,189235,11610793.462962963,11610815.972222222,22.50925925925926,{'TelemetryTask': 22.50925925925926}
UartTxTask,189239,189240,11611535.00925926,11611550.101851853,15.092592592592593,{'Idle': 15.092592592592593}
TelemetryTask,189244,189245,11618632.930555556,11618646.88425926,13.953703703703704,{'Idle': 13.953703703703704}
UartTxTask,189247,189249,11620793.25,11620815.157407407,21.90740740740741,{'TelemetryTask': 21.90740740740741}
UartTxTask,189253,189254,11621533.699074075,11621548.226851853,14.527777777777779,{'Idle': 14.527777777777779}
TelemetryTask,189258,189259,11628633.092592593,11628647.481481481,14.38888888888889,{'Idle': 14.38888888888889}
UartTxTask,189261,189263,11630795.111111112,11630816.925925925,21.814814814814813,{'TelemetryTask': 21.814814814814817}
UartTxTask,189267,189268,11631535.722222222,11631550.449074075,14.726851851851851,{'Idle': 14.726851851851851}
TelemetryTask,189272,189273,11638632.962962963,11638647.208333334,14.24537037037037,{'Idle': 14.24537037037037}
UartTxTask,189275,189277,11640793.875,11640815.995370371,22.12037037037037,{'TelemetryTask': 22.12037037037037}
UartTxTask,189281,189282,11641534.523148147,11641549.231481481,14.708333333333334,{'Idle': 14.708333333333334}
TelemetryTask,189286,189287,11648633.032407407,11648647.162037037,14.12962962962963,{'Idle': 14.12962962962963}
UartTxTask,189289,189291,11650794.120370371,11650816.25925926,22.13888888888889,{'TelemetryTask': 22.13888888888889}
UartTxTask,189295,189296,11651534.935185185,11651549.560185185,14.625,{'Idle': 14.625}
TelemetryTask,189300,189301,11658633.050925925,11658647.046296297,13.99537037037037,{'Idle': 13.99537037037037}
UartTxTask,189303,189305,11660793.722222222,11660815.657407407,21.935185185185187,{'TelemetryTask': 21.935185185185183}
UartTxTask,189309,189310,11661534.407407407,11661549.194444444,14.787037037037036,{'Idle': 14.787037037037036}
TelemetryTask,189314,189315,11668632.99074074,11668647.282407407,14.291666666666666,{'Idle': 14.291666666666666}
UartTxTask,189317,189319,11670794.569444444,11670816.800925925,22.23148148148148,{'TelemetryTask': 22.23148148148148}
UartTxTask,189323,189324,11671535.231481481,11671550.152777778,14.921296296296296,{'Idle': 14.921296296296296}
TelemetryTask,189328,189329,11678633.097222222,11678647.148148147,14.050925925925926,{'Idle': 14.050925925925926}
UartTxTask,189331,189333,11680794.717592593,11680816.597222222,21.87962962962963,{'TelemetryTask': 21.87962962962963}
UartTxTask,189337,189338,11681535.337962963,11681549.814814815,14.476851851851851,{'Idle': 14.476851851851851}
TelemetryTask,189342,189343,11688633.046296297,11688647.041666666,13.99537037037037,{'Idle': 13.99537037037037}
UartTxTask,189345,189347,11690793.953703703,11690815.86574074,21.912037037037038,{'TelemetryTask': 21.912037037037038}
UartTxTask,189351,189352,11691535.143518519,11691549.856481481,14.712962962962964,{'Idle': 14.712962962962964}
TelemetryTask,189356,189357,11698632.967592593,11698647.273148147,14.305555555555555,{'Idle': 14.305555555555555}
UartTxTask,189359,189361,11700794.013888888,11700816.375,22.36111111111111,{'TelemetryTask': 22.36111111111111}
UartTxTask,189365,189366,11701535.648148147,11701550.458333334,14.810185185185185,{'Idle': 14.810185185185185}
TelemetryTask,189370,189371,11708633.018518519,11708647.13425926,14.11574074074074,{'Idle': 14.11574074074074}
UartTxTask,189373,189375,11710794.986111112,11710817.046296297,22.060185185185187,{'TelemetryTask': 22.060185185185183}
UartTxTask,189379,189380,11711535.754629629,11711550.837962963,15.083333333333334,{'Idle': 15.083333333333334}
TelemetryTask,189384,189385,11718632.958333334,11718646.782407407,13.824074074074074,{'Idle': 13.824074074074074}
UartTxTask,189387,189389,11720794.129629629,11720815.930555556,21.800925925925927,{'TelemetryTask': 21.800925925925924}
UartTxTask,189393,189394,11721534.606481481,11721549.699074075,15.092592592592593,{'Idle': 15.092592592592593}
TelemetryTask,189398,189399,11728632.986111112,11728646.921296297,13.935185185185185,{'Idle': 13.935185185185185}
UartTxTask,189401,189403,11730794.245370371,11730816.625,22.37962962962963,{'TelemetryTask': 22.37962962962963}
UartTxTask,189407,189408,11731535.597222222,11731550.333333334,14.73611111111111,{'Idle': 14.73611111111111}
TelemetryTask,189412,189413,11738633.018518519,11738647.268518519,14.25,{'Idle': 14.25}
ButtonTask,189416,189421,11739592.560185185,11740878.138888888,1285.5787037037037,"{'ISR#56': 5.662037037037037, 'TelemetryTask': 1279.9166666666665}"
UartTxTask,189419,189425,11740857.120370371,11741013.879629629,156.75925925925927,"{'TelemetryTask': 21.01851851851852, 'ButtonTask': 135.74074074074073}"
UartTxTask,189429,189430,11741745.842592593,11741754.888888888,9.046296296296296,{'Idle': 9.046296296296296}
UartTxTask,189435,189436,11742485.88425926,11742495.388888888,9.50462962962963,{'Idle': 9.50462962962963}
TelemetryTask,189440,189441,11748633.064814815,11748646.560185185,13.49537037037037,{'Idle': 13.49537037037037}
UartTxTask,189443,189445,11750793.546296297,11750815.597222222,22.050925925925927,{'TelemetryTask': 22.050925925925927}
UartTxTask,189449,189450,11751534.111111112,11751548.773148147,14.662037037037036,{'Idle': 14.662037037037036}
TelemetryTask,189454,189455,11758633.13425926,11758647.023148147,13.88888888888889,{'Idle': 13.88888888888889}
UartTxTask,189457,189459,11760792.851851853,11760814.86574074,22.01388888888889,{'TelemetryTask': 22.01388888888889}
UartTxTask,189463,189464,11761533.851851853,11761548.717592593,14.86574074074074,{'Idle': 14.86574074074074}
TelemetryTask,189468,189469,11768632.930555556,11768647.055555556,14.125,{'Idle': 14.125}
UartTxTask,189471,189473,11770794.324074075,11770816.453703703,22.12962962962963,{'TelemetryTask': 22.12962962962963}
UartTxTask,189477,189478,11771535.569444444,11771550.342592593,14.773148148148149,{'Idle': 14.773148148148149}
TelemetryTask,189482,189483,11778633.050925925,11778646.935185185,13.88425925925926,{'Idle': 13.88425925925926}
UartTxTask,189485,189487,11780794.254629629,11780816.222222222,21.96759259259259,{'TelemetryTask': 21.967592592592595}
UartTxTask,189491,189492,11781534.99074074,11781549.86574074,14.875,{'Idle': 14.875}
TelemetryTask,189496,189497,11788632.986111112,11788647.032407407,14.046296296296296,{'Idle': 14.046296296296296}
UartTxTask,189499,189501,11790793.625,11790815.953703703,22.328703703703702,{'TelemetryTask': 22.328703703703702}
UartTxTask,189505,189506,11791534.828703703,11791549.379629629,14.550925925925926,{'Idle': 14.550925925925926}
TelemetryTask,189510,189511,11798632.949074075,11798647.152777778,14.203703703703704,{'Idle': 14.203703703703704}
UartTxTask,189513,189515,11800794.902777778,11800817.361111112,22.458333333333332,{'TelemetryTask': 22.458333333333336}
UartTxTask,189519,189520,11801536.180555556,11801550.893518519,14.712962962962964,{'Idle': 14.712962962962964}
TelemetryTask,189524,189525,11808633.166666666,11808647.425925925,14.25925925925926,{'Idle': 14.25925925925926}
UartTxTask,189527,189529,11810797.379629629,11810819.833333334,22.453703703703702,{'TelemetryTask': 22.453703703703702}
UartTxTask,189533,189534,11811538.810185185,11811553.481481481,14.671296296296296,{'Idle': 14.671296296296296}
TelemetryTask,189538,189539,11818633.162037037,11818647.416666666,14.25462962962963,{'Idle': 14.25462962962963}
UartTxTask,189541,189543,11820794.037037037,11820816.629629629,22.59259259259259,{'TelemetryTask': 22.592592592592595}
UartTxTask,189547,189548,11821535.972222222,11821550.902777778,14.930555555555555,{'Idle': 14.930555555555555}
TelemetryTask,189552,189553,11828633.069444444,11828646.476851853,13.407407407407407,{'Idle': 13.407407407407407}
UartTxTask,189555,189557,11830794.069444444,11830816.268518519,22.199074074074073,{'TelemetryTask': 22.199074074074076}
UartTxTask,189561,189562,11831535.393518519,11831549.981481481,14.587962962962964,{'Idle': 14.587962962962964}
TelemetryTask,189566,189567,11838632.972222222,11838646.828703703,13.856481481481481,{'Idle': 13.856481481481481}
UartTxTask,189569,189571,11840794.092592593,11840816.087962963,21.99537037037037,{'TelemetryTask': 21.99537037037037}
UartTxTask,189575,189576,11841535.027777778,11841549.717592593,14.689814814814815,{'Idle': 14.689814814814815}
TelemetryTask,189580,189581,11848633.148148147,11848647.481481481,14.333333333333334,{'Idle': 14.333333333333334}
UartTxTask,189583,189585,11850794.685185185,11850817.046296297,22.36111111111111,{'TelemetryTask': 22.36111111111111}
UartTxTask,189589,189590,11851536.189814815,11851550.777777778,14.587962962962964,{'Idle': 14.587962962962964}
TelemetryTask,189594,189595,11858632.939814815,11858647.125,14.185185185185185,{'Idle': 14.185185185185185}
UartTxTask,189597,189599,11860794.407407407,11860816.152777778,21.74537037037037,{'TelemetryTask': 21.74537037037037}
UartTxTask,189603,189604,11861534.611111112,11861549.217592593,14.606481481481481,{'Idle': 14.606481481481481}
TelemetryTask,189608,189609,11868633.092592593,11868647.037037037,13.944444444444445,{'Idle': 13.944444444444445}
UartTxTask,189611,189613,11870793.791666666,11870815.907407407,22.11574074074074,{'TelemetryTask': 22.11574074074074}
UartTxTask,189617,189618,11871534.935185185,11871549.625,14.689814814814815,{'Idle': 14.689814814814815}
TelemetryTask,189622,189623,11878633.180555556,11878647.263888888,14.083333333333334,{'Idle': 14.083333333333334}
UartTxTask,189625,189627,11880794.38425926,11880816.597222222,22.212962962962962,{'TelemetryTask': 22.212962962962962}
UartTxTask,189631,189632,11881535.870370371,11881550.555555556,14.685185185185185,{'Idle': 14.685185185185185}
TelemetryTask,189636,189637,11888632.902777778,11888647.152777778,14.25,{'Idle': 14.25}
UartTxTask,189639,189641,11890793.217592593,11890815.699074075,22.48148148148148,{'TelemetryTask': 22.48148148148148}
UartTxTask,189645,189646,11891534.597222222,11891549.333333334,14.73611111111111,{'Idle': 14.73611111111111}
TelemetryTask,189650,189651,11898633.018518519,11898646.972222222,13.953703703703704,{'Idle': 13.953703703703704}
UartTxTask,189653,189655,11900793.097222222,11900815.018518519,21.921296296296298,{'TelemetryTask': 21.921296296296298}
UartTxTask,189659,189660,11901533.537037037,11901548.092592593,14.555555555555555,{'Idle': 14.555555555555555}
ButtonTask,189666,189668,11905012.625,11905028.129629629,15.50462962962963,"{'ISR#56': 6.087962962962963, 'Scheduler': 9.416666666666666}"
UartTxTask,189671,189673,11905150.412037037,11905179.939814815,29.52777777777778,{'ButtonTask': 29.52777777777778}
UartTxTask,189677,189678,11905898.972222222,11905907.796296297,8.824074074074074,{'Idle': 8.824074074074074}
TelemetryTask,189682,189683,11908633.106481481,11908647.231481481,14.125,{'Idle': 14.125}
UartTxTask,189685,189687,11910794.027777778,11910815.921296297,21.89351851851852,{'TelemetryTask': 21.89351851851852}
UartTxTask,189691,189692,11911534.560185185,11911549.49074074,14.930555555555555,{'Idle': 14.930555555555555}
TelemetryTask,189696,189697,11918632.939814815,11918646.851851853,13.912037037037036,{'Idle': 13.912037037037036}
UartTxTask,189699,189701,11920794.768518519,11920816.944444444,22.175925925925927,{'TelemetryTask': 22.175925925925927}
UartTxTask,189705,189706,11921535.430555556,11921550.277777778,14.847222222222221,{'Idle': 14.847222222222221}
TelemetryTask,189710,189711,11928633.055555556,11928646.842592593,13.787037037037036,{'Idle': 13.787037037037036}
UartTxTask,189713,189715,11930793.981481481,11930815.99074074,22.00925925925926,{'TelemetryTask': 22.00925925925926}
UartTxTask,189719,189720,11931534.805555556,11931549.416666666,14.61111111111111,{'Idle': 14.61111111111111}
TelemetryTask,189724,189725,11938633.013888888,11938647.078703703,14.064814814814815,{'Idle': 14.064814814814815}
UartTxTask,189727,189729,11940794.416666666,11940816.175925925,21.75925925925926,{'TelemetryTask': 21.75925925925926}
UartTxTask,189733,189734,11941535.435185185,11941550.254629629,14.819444444444445,{'Idle': 14.819444444444445}
TelemetryTask,189738,189739,11948632.898148147,11948647.004629629,14.106481481481481,{'Idle': 14.106481481481481}
UartTxTask,189741,189743,11950794.083333334,11950815.875,21.791666666666668,{'TelemetryTask': 21.791666666666664}
UartTxTask,189747,189748,11951534.643518519,11951549.689814815,15.046296296296296,{'Idle': 15.046296296296296}
TelemetryTask,189752,189753,11958632.953703703,11958647.00925926,14.055555555555555,{'Idle': 14.055555555555555}
UartTxTask,189755,189757,11960794.324074075,11960816.643518519,22.319444444444443,{'TelemetryTask': 22.319444444444443}
UartTxTask,189761,189762,11961535.578703703,11961550.458333334,14.87962962962963,{'Idle': 14.87962962962963}
TelemetryTask,189766,189767,11968633.111111112,11968647.305555556,14.194444444444445,{'Idle': 14.194444444444445}
UartTxTask,189769,189771,11970794.814814815,11970817.152777778,22.337962962962962,{'TelemetryTask': 22.337962962962962}
UartTxTask,189775,189776,11971536.11574074,11971550.768518519,14.652777777777779,{'Idle': 14.652777777777779}
TelemetryTask,189780,189781,11978633.194444444,11978647.273148147,14.078703703703704,{'Idle': 14.078703703703704}
UartTxTask,189783,189785,11980793.870370371,11980815.689814815,21.819444444444443,{'TelemetryTask': 21.819444444444443}
UartTxTask,189789,189790,11981534.754629629,11981549.430555556,14.675925925925926,{'Idle': 14.675925925925926}
TelemetryTask,189794,189795,11988633.055555556,11988646.902777778,13.847222222222221,{'Idle': 13.847222222222221}
UartTxTask,189797,189799,11990794.439814815,11990816.560185185,22.12037037037037,{'TelemetryTask': 22.12037037037037}
UartTxTask,189803,189804,11991535.462962963,11991549.972222222,14.50925925925926,{'Idle': 14.50925925925926}
TelemetryTask,189808,189809,11998633.180555556,11998647.393518519,14.212962962962964,{'Idle': 14.212962962962964}
UartTxTask,189811,189813,12000794.13425926,12000816.763888888,22.62962962962963,{'TelemetryTask': 22.62962962962963}
UartTxTask,189817,189818,12001535.504629629,12001550.013888888,14.50925925925926,{'Idle': 14.50925925925926}
TelemetryTask,189822,189823,12008632.930555556,12008646.726851853,13.796296296296296,{'Idle': 13.796296296296296}
UartTxTask,189825,189827,12010793.907407407,12010816.282407407,22.375,{'TelemetryTask': 22.375}
UartTxTask,189831,189832,12011535.157407407,12011549.847222222,14.689814814814815,{'Idle': 14.689814814814815}
TelemetryTask,189836,189837,12018632.972222222,12018646.773148147,13.800925925925926,{'Idle': 13.800925925925926}
UartTxTask,189839,189841,12020793.708333334,12020815.949074075,22.24074074074074,{'TelemetryTask': 22.24074074074074}
UartTxTask,189845,189846,12021535.504629629,12021550.277777778,14.773148148148149,{'Idle': 14.773148148148149}
TelemetryTask,189850,189851,12028633.166666666,12028647.120370371,13.953703703703704,{'Idle': 13.953703703703704}
UartTxTask,189853,189855,12030794.708333334,12030816.726851853,22.01851851851852,{'TelemetryTask': 22.01851851851852}
UartTxTask,189859,189860,12031535.106481481,12031549.787037037,14.680555555555555,{'Idle': 14.680555555555555}
TelemetryTask,189864,189865,12038633.143518519,12038647.032407407,13.88888888888889,{'Idle': 13.88888888888889}
UartTxTask,189867,189869,12040793.875,12040815.708333334,21.833333333333332,{'TelemetryTask': 21.833333333333336}
UartTxTask,189873,189874,12041534.731481481,12041549.541666666,14.810185185185185,{'Idle': 14.810185185185185}
TelemetryTask,189878,189879,12048632.888888888,12048647.273148147,14.38425925925926,{'Idle': 14.38425925925926}
UartTxTask,189881,189883,12050794.208333334,12050816.162037037,21.953703703703702,{'TelemetryTask': 21.953703703703702}
UartTxTask,189887,189888,12051535.00925926,12051550.074074075,15.064814814814815,{'Idle': 15.064814814814815}
TelemetryTask,189892,189893,12058632.930555556,12058647.078703703,14.148148148148149,{'Idle': 14.148148148148149}
UartTxTask,189895,189897,12060793.685185185,12060815.754629629,22.069444444444443,{'TelemetryTask': 22.069444444444443}
UartTxTask,189901,189902,12061534.662037037,12061549.222222222,14.560185185185185,{'Idle': 14.560185185185185}
TelemetryTask,189906,189907,12068633.189814815,12068647.175925925,13.98611111111111,{'Idle': 13.98611111111111}
UartTxTask,189909,189911,12070793.773148147,12070815.791666666,22.01851851851852,{'TelemetryTask': 22.01851851851852}
UartTxTask,189915,189916,12071534.254629629,12071549.111111112,14.856481481481481,{'Idle': 14.856481481481481}
TelemetryTask,189920,189921,12078633.027777778,12078646.898148147,13.87037037037037,{'Idle': 13.87037037037037}
UartTxTask,189923,189925,12080793.824074075,12080816.504629629,22.680555555555557,{'TelemetryTask': 22.680555555555557}
UartTxTask,189929,189930,12081535.444444444,12081550.060185185,14.61574074074074,{'Idle': 14.61574074074074}
TelemetryTask,189934,189935,12088633.106481481,12088647.462962963,14.356481481481481,{'Idle': 14.356481481481481}
UartTxTask,189937,189939,12090793.361111112,12090815.587962963,22.22685185185185,{'TelemetryTask': 22.226851851851855}
UartTxTask,189943,189944,12091534.379629629,12091548.763888888,14.38425925925926,{'Idle': 14.38425925925926}
TelemetryTask,189948,189949,12098633.189814815,12098647.180555556,13.99074074074074,{'Idle': 13.99074074074074}
UartTxTask,189951,189953,12100795.037037037,12100817.185185185,22.14814814814815,{'TelemetryTask': 22.148148148148145}
UartTxTask,189957,189958,12101535.962962963,12101550.86574074,14.902777777777779,{'Idle': 14.902777777777779}
TelemetryTask,189962,189963,12108632.967592593,12108647.180555556,14.212962962962964,{'Idle': 14.212962962962964}
UartTxTask,189965,189967,12110794.967592593,12110817.027777778,22.060185185185187,{'TelemetryTask': 22.060185185185183}
UartTxTask,189971,189972,12111536.041666666,12111550.513888888,14.472222222222221,{'Idle': 14.472222222222221}
TelemetryTask,189976,189977,12118633.064814815,12118647.037037037,13.972222222222221,{'Idle': 13.972222222222221}
UartTxTask,189979,189981,12120793.398148147,12120815.319444444,21.921296296296298,{'TelemetryTask': 21.921296296296298}
UartTxTask,189985,189986,12121533.875,12121548.430555556,14.555555555555555,{'Idle': 14.555555555555555}
TelemetryTask,189990,189991,12128632.962962963,12128647.208333334,14.24537037037037,{'Idle': 14.24537037037037}
UartTxTask,189993,189995,12130794.74074074,12130816.708333334,21.96759259259259,{'TelemetryTask': 21.967592592592595}
UartTxTask,189999,190000,12131535.777777778,12131550.620370371,14.842592592592593,{'Idle': 14.842592592592593}
TelemetryTask,190004,190005,12138633.00925926,12138647.138888888,14.12962962962963,{'Idle': 14.12962962962963}
UartTxTask,190007,190009,12140794.569444444,12140816.75925926,22.189814814814813,{'TelemetryTask': 22.189814814814817}
UartTxTask,190013,190014,12141536.212962963,12141550.824074075,14.61111111111111,{'Idle': 14.61111111111111}
TelemetryTask,190018,190019,12148633.120370371,12148647.319444444,14.199074074074074,{'Idle': 14.199074074074074}
UartTxTask,190021,190023,12150794.351851853,12150816.703703703,22.35185185185185,{'TelemetryTask': 22.35185185185185}
UartTxTask,190027,190028,12151535.787037037,12151550.375,14.587962962962964,{'Idle': 14.587962962962964}
TelemetryTask,190032,190033,12158633.060185185,12158647.185185185,14.125,{'Idle': 14.125}
UartTxTask,190035,190037,12160793.972222222,12160816.398148147,22.425925925925927,{'TelemetryTask': 22.425925925925924}
UartTxTask,190041,190042,12161535.342592593,12161550.157407407,14.814814814814815,{'Idle': 14.814814814814815}
TelemetryTask,190046,190047,12168633.175925925,12168647.25925926,14.083333333333334,{'Idle': 14.083333333333334}
UartTxTask,190049,190051,12170793.99074074,12170816.226851853,22.23611111111111,{'TelemetryTask': 22.236111111111114}
UartTxTask,190055,190056,12171535.083333334,12171549.300925925,14.217592592592593,{'Idle': 14.217592592592593}
TelemetryTask,190060,190061,12178633.074074075,12178646.712962963,13.63888888888889,{'Idle': 13.63888888888889}
UartTxTask,190063,190065,12180793.74074074,12180815.662037037,21.921296296296298,{'TelemetryTask': 21.921296296296298}
UartTxTask,190069,190070,12181535.074074075,12181549.643518519,14.569444444444445,{'Idle': 14.569444444444445}
TelemetryTask,190074,190075,12188632.921296297,12188646.875,13.953703703703704,{'Idle': 13.953703703703704}
UartTxTask,190077,190079,12190793.842592593,12190815.49074074,21.64814814814815,{'TelemetryTask': 21.648148148148145}
UartTxTask,190083,190084,12191534.513888888,12191549.333333334,14.819444444444445,{'Idle': 14.819444444444445}
TelemetryTask,190088,190089,12198633.092592593,12198646.912037037,13.819444444444445,{'Idle': 13.819444444444445}
UartTxTask,190091,190093,12200795.11574074,12200817.731481481,22.61574074074074,{'TelemetryTask': 22.61574074074074}
UartTxTask,190097,190098,12201537.013888888,12201551.458333334,14.444444444444445,{'Idle': 14.444444444444445}
TelemetryTask,190102,190103,12208632.898148147,12208646.916666666,14.018518518518519,{'Idle': 14.018518518518519}
UartTxTask,190105,190107,12210793.773148147,12210816.333333334,22.560185185185187,{'TelemetryTask': 22.560185185185183}
UartTxTask,190111,190112,12211535.421296297,12211550.064814815,14.643518518518519,{'Idle': 14.643518518518519}
TelemetryTask,190116,190117,12218633.013888888,12218647.171296297,14.157407407407407,{'Idle': 14.157407407407407}
UartTxTask,190119,190121,12220794.495370371,12220816.967592593,22.47222222222222,{'TelemetryTask': 22.47222222222222}
UartTxTask,190125,190126,12221535.74074074,12221550.458333334,14.717592592592593,{'Idle': 14.717592592592593}
TelemetryTask,190130,190131,12228633.143518519,12228647.25925926,14.11574074074074,{'Idle': 14.11574074074074}
UartTxTask,190133,190135,12230794.407407407,12230816.777777778,22.37037037037037,{'TelemetryTask': 22.37037037037037}
UartTxTask,190139,190140,12231536.064814815,12231550.861111112,14.796296296296296,{'Idle': 14.796296296296296}
TelemetryTask,190144,190145,12238633.064814815,12238647.430555556,14.36574074074074,{'Idle': 14.36574074074074}
UartTxTask,190147,190149,12240794.810185185,12240817.106481481,22.296296296296298,{'TelemetryTask': 22.296296296296298}
UartTxTask,190153,190154,12241535.995370371,12241550.88425926,14.88888888888889,{'Idle': 14.88888888888889}
TelemetryTask,190158,190159,12248632.888888888,12248647.342592593,14.453703703703704,{'Idle': 14.453703703703704}
UartTxTask,190161,190163,12250793.675925925,12250815.5,21.824074074074073,{'TelemetryTask': 21.824074074074076}
UartTxTask,190167,190168,12251534.74074074,12251549.101851853,14.36111111111111,{'Idle': 14.36111111111111}
TelemetryTask,190172,190173,12258633.050925925,12258647.143518519,14.092592592592593,{'Idle': 14.092592592592593}
UartTxTask,190175,190177,12260794.097222222,12260816.300925925,22.203703703703702,{'TelemetryTask': 22.203703703703702}
UartTxTask,190181,190182,12261535.976851853,12261550.861111112,14.88425925925926,{'Idle': 14.88425925925926}
TelemetryTask,190186,190187,12268632.967592593,12268647.055555556,14.087962962962964,{'Idle': 14.087962962962964}
UartTxTask,190189,190191,12270794.486111112,12270816.699074075,22.212962962962962,{'TelemetryTask': 22.212962962962962}
UartTxTask,190195,190196,12271535.86574074,12271550.291666666,14.425925925925926,{'Idle': 14.425925925925926}
TelemetryTask,190200,190201,12278632.879629629,12278646.953703703,14.074074074074074,{'Idle': 14.074074074074074}
UartTxTask,190203,190205,12280794.013888888,12280815.875,21.86111111111111,{'TelemetryTask': 21.86111111111111}
UartTxTask,190209,190210,12281534.486111112,12281549.194444444,14.708333333333334,{'Idle': 14.708333333333334}
TelemetryTask,190214,190215,12288633.004629629,12288646.625,13.62037037037037,{'Idle': 13.62037037037037}
UartTxTask,190217,190219,12290793.74074074,12290816.217592593,22.47685185185185,{'TelemetryTask': 22.47685185185185}
UartTxTask,190223,190224,12291535.726851853,12291550.425925925,14.699074074074074,{'Idle': 14.699074074074074}
TelemetryTask,190228,190229,12298633.125,12298646.958333334,13.833333333333334,{'Idle': 13.833333333333334}
UartTxTask,190231,190233,12300794.13425926,12300816.277777778,22.14351851851852,{'TelemetryTask': 22.14351851851852}
UartTxTask,190237,190238,12301535.106481481,12301549.796296297,14.689814814814815,{'Idle': 14.689814814814815}
TelemetryTask,190242,190243,12308633.055555556,12308647.018518519,13.962962962962964,{'Idle': 13.962962962962964}
UartTxTask,190245,190247,12310793.763888888,12310815.643518519,21.87962962962963,{'TelemetryTask': 21.87962962962963}
UartTxTask,190251,190252,12311534.620370371,12311549.347222222,14.726851851851851,{'Idle': 14.726851851851851}
TelemetryTask,190256,190257,12318633.129629629,12318647.199074075,14.069444444444445,{'Idle': 14.069444444444445}
UartTxTask,190259,190261,12320794.041666666,12320816.652777778,22.61111111111111,{'TelemetryTask': 22.61111111111111}
UartTxTask,190265,190266,12321535.074074075,12321549.703703703,14.62962962962963,{'Idle': 14.62962962962963}
TelemetryTask,190270,190271,12328633.041666666,12328646.726851853,13.685185185185185,{'Idle': 13.685185185185185}
UartTxTask,190273,190275,12330794.060185185,12330816.416666666,22.35648148148148,{'TelemetryTask': 22.35648148148148}
UartTxTask,190279,190280,12331535.24074074,12331550.060185185,14.819444444444445,{'Idle': 14.819444444444445}
TelemetryTask,190284,190285,12338633.013888888,12338647.171296297,14.157407407407407,{'Idle': 14.157407407407407}
UartTxTask,190287,190289,12340794.402777778,12340816.88425926,22.48148148148148,{'TelemetryTask': 22.48148148148148}
UartTxTask,190293,190294,12341535.578703703,12341550.333333334,14.75462962962963,{'Idle': 14.75462962962963}
TelemetryTask,190298,190299,12348633.166666666,12348647.018518519,13.851851851851851,{'Idle': 13.851851851851851}
UartTxTask,190301,190303,12350793.99074074,12350815.875,21.88425925925926,{'TelemetryTask': 21.88425925925926}
UartTxTask,190307,190308,12351534.726851853,12351549.351851853,14.625,{'Idle': 14.625}
TelemetryTask,190312,190313,12358632.958333334,12358647.0,14.041666666666666,{'Idle': 14.041666666666666}
UartTxTask,190315,190317,12360794.041666666,12360816.0,21.958333333333332,{'TelemetryTask': 21.958333333333336}
UartTxTask,190321,190322,12361534.907407407,12361549.421296297,14.51388888888889,{'Idle': 14.51388888888889}
TelemetryTask,190326,190327,12368633.018518519,12368646.962962963,13.944444444444445,{'Idle': 13.944444444444445}
UartTxTask,190329,190331,12370794.504629629,12370816.564814815,22.060185185185187,{'TelemetryTask': 22.060185185185183}
UartTxTask,190335,190336,12371535.379629629,12371550.263888888,14.88425925925926,{'Idle': 14.88425925925926}
TelemetryTask,190340,190341,12378633.055555556,12378647.300925925,14.24537037037037,{'Idle': 14.24537037037037}
UartTxTask,190343,190345,12380794.38425926,12380816.476851853,22.09259259259259,{'TelemetryTask': 22.09259259259259}
UartTxTask,190349,190350,12381535.305555556,12381549.796296297,14.49074074074074,{'Idle': 14.49074074074074}
TelemetryTask,190354,190355,12388632.898148147,12388646.898148147,14.0,{'Idle': 14.0}
UartTxTask,190357,190359,12390794.708333334,12390816.768518519,22.060185185185187,{'TelemetryTask': 22.060185185185183}
UartTxTask,190363,190364,12391535.888888888,12391550.671296297,14.782407407407407,{'Idle': 14.782407407407407}
TelemetryTask,190368,190369,12398633.027777778,12398647.027777778,14.0,{'Idle': 14.0}
UartTxTask,190371,190373,12400794.574074075,12400816.972222222,22.39814814814815,{'TelemetryTask': 22.398148148148145}
UartTxTask,190377,190378,12401535.300925925,12401550.013888888,14.712962962962964,{'Idle': 14.712962962962964}
TelemetryTask,190382,190383,12408633.092592593,12408647.092592593,14.0,{'Idle': 14.0}
UartTxTask,190385,190387,12410794.106481481,12410816.203703703,22.09722222222222,{'TelemetryTask': 22.09722222222222}
UartTxTask,190391,190392,12411535.319444444,12411550.171296297,14.851851851851851,{'Idle': 14.851851851851851}
TelemetryTask,190396,190397,12418633.106481481,12418647.268518519,14.162037037037036,{'Idle': 14.162037037037036}
UartTxTask,190399,190401,12420794.287037037,12420816.532407407,22.24537037037037,{'TelemetryTask': 22.24537037037037}
UartTxTask,190405,190406,12421535.861111112,12421550.504629629,14.643518518518519,{'Idle': 14.643518518518519}
TelemetryTask,190410,190411,12428633.138888888,12428647.13425926,13.99537037037037,{'Idle': 13.99537037037037}
UartTxTask,190413,190415,12430794.180555556,12430816.407407407,22.22685185185185,{'TelemetryTask': 22.226851851851855}
UartTxTask,190419,190420,12431535.300925925,12431549.712962963,14.412037037037036,{'Idle': 14.412037037037036}
TelemetryTask,190424,190425,12438632.893518519,12438646.99074074,14.097222222222221,{'Idle': 14.097222222222221}
UartTxTask,190427,190429,12440793.912037037,12440815.986111112,22.074074074074073,{'TelemetryTask': 22.074074074074076}
UartTxTask,190433,190434,12441535.004629629,12441549.504629629,14.5,{'Idle': 14.5}
TelemetryTask,190438,190439,12448633.11574074,12448647.416666666,14.300925925925926,{'Idle': 14.300925925925926}
UartTxTask,190441,190443,12450794.00925926,12450816.0,21.99074074074074,{'TelemetryTask': 21.99074074074074}
UartTxTask,190447,190448,12451534.796296297,12451549.407407407,14.61111111111111,{'Idle': 14.61111111111111}
TelemetryTask,190452,190453,12458632.962962963,12458647.037037037,14.074074074074074,{'Idle': 14.074074074074074}
UartTxTask,190455,190457,12460793.717592593,12460815.652777778,21.935185185185187,{'TelemetryTask': 21.935185185185183}
UartTxTask,190461,190462,12461534.74074074,12461549.407407407,14.666666666666666,{'Idle': 14.666666666666666}
TelemetryTask,190466,190467,12468632.99074074,12468647.180555556,14.189814814814815,{'Idle': 14.189814814814815}
UartTxTask,190469,190471,12470793.754629629,12470816.00925926,22.25462962962963,{'TelemetryTask': 22.25462962962963}
UartTxTask,190475,190476,12471534.379629629,12471549.282407407,14.902777777777779,{'Idle': 14.902777777777779}
TelemetryTask,190480,190481,12478632.981481481,12478647.231481481,14.25,{'Idle': 14.25}
UartTxTask,190483,190485,12480794.416666666,12480816.333333334,21.916666666666668,{'TelemetryTask': 21.916666666666664}
UartTxTask,190489,190490,12481535.268518519,12481550.018518519,14.75,{'Idle': 14.75}
TelemetryTask,190494,190495,12488633.004629629,12488647.138888888,14.13425925925926,{'Idle': 14.13425925925926}
UartTxTask,190497,190499,12490794.74074074,12490816.666666666,21.925925925925927,{'TelemetryTask': 21.925925925925924}
UartTxTask,190503,190504,12491535.680555556,12491550.222222222,14.541666666666666,{'Idle': 14.541666666666666}
TelemetryTask,190508,190509,12498632.953703703,12498646.888888888,13.935185185185185,{'Idle': 13.935185185185185}
UartTxTask,190511,190513,12500794.273148147,12500816.939814815,22.666666666666668,{'TelemetryTask': 22.666666666666664}
UartTxTask,190517,190518,12501536.078703703,12501550.953703703,14.875,{'Idle': 14.875}
TelemetryTask,190522,190523,12508633.046296297,12508646.99074074,13.944444444444445,{'Idle': 13.944444444444445}
UartTxTask,190525,190527,12510794.13425926,12510815.875,21.74074074074074,{'TelemetryTask': 21.74074074074074}
UartTxTask,190531,190532,12511534.981481481,12511549.638888888,14.657407407407407,{'Idle': 14.657407407407407}
TelemetryTask,190536,190537,12518633.092592593,12518647.583333334,14.49074074074074,{'Idle': 14.49074074074074}
UartTxTask,190539,190541,12520794.537037037,12520817.027777778,22.49074074074074,{'TelemetryTask': 22.49074074074074}
UartTxTask,190545,190546,12521535.995370371,12521550.805555556,14.810185185185185,{'Idle': 14.810185185185185}
TelemetryTask,190550,190551,12528633.069444444,12528646.949074075,13.87962962962963,{'Idle': 13.87962962962963}
UartTxTask,190553,190555,12530793.722222222,12530815.805555556,22.083333333333332,{'TelemetryTask': 22.083333333333332}
UartTxTask,190559,190560,12531534.699074075,12531549.148148147,14.449074074074074,{'Idle': 14.449074074074074}
TelemetryTask,190564,190565,12538633.060185185,12538647.013888888,13.953703703703704,{'Idle': 13.953703703703704}
UartTxTask,190567,190569,12540793.995370371,12540816.129629629,22.13425925925926,{'TelemetryTask': 22.13425925925926}
UartTxTask,190573,190574,12541535.393518519,12541550.412037037,15.018518518518519,{'Idle': 15.018518518518519}
TelemetryTask,190578,190579,12548632.972222222,12548646.972222222,14.0,{'Idle': 14.0}
UartTxTask,190581,190583,12550794.217592593,12550815.939814815,21.72222222222222,{'TelemetryTask': 21.72222222222222}
UartTxTask,190587,190588,12551534.736111112,12551549.518518519,14.782407407407407,{'Idle': 14.782407407407407}
TelemetryTask,190592,190593,12558633.060185185,12558646.888888888,13.828703703703704,{'Idle': 13.828703703703704}
UartTxTask,190595,190597,12560794.148148147,12560816.152777778,22.00462962962963,{'TelemetryTask': 22.00462962962963}
UartTxTask,190601,190602,12561534.86574074,12561549.625,14.75925925925926,{'Idle': 14.75925925925926}
TelemetryTask,190606,190607,12568633.194444444,12568647.555555556,14.36111111111111,{'Idle': 14.36111111111111}
UartTxTask,190609,190611,12570794.125,12570815.925925925,21.800925925925927,{'TelemetryTask': 21.800925925925927}
UartTxTask,190615,190616,12571535.013888888,12571549.953703703,14.939814814814815,{'Idle': 14.939814814814815}
TelemetryTask,190620,190621,12578633.087962963,12578647.180555556,14.092592592592593,{'Idle': 14.092592592592593}
UartTxTask,190623,190625,12580794.300925925,12580816.495370371,22.194444444444443,{'TelemetryTask': 22.194444444444443}
UartTxTask,190629,190630,12581535.50925926,12581550.601851853,15.092592592592593,{'Idle': 15.092592592592593}
TelemetryTask,190634,190635,12588633.0,12588646.861111112,13.86111111111111,{'Idle': 13.86111111111111}
UartTxTask,190637,190639,12590793.708333334,12590815.976851853,22.26851851851852,{'TelemetryTask': 22.26851851851852}
UartTxTask,190643,190644,12591534.939814815,12591549.708333334,14.768518518518519,{'Idle': 14.768518518518519}
TelemetryTask,190648,190649,12598633.046296297,12598647.361111112,14.314814814814815,{'Idle': 14.314814814814815}
UartTxTask,190651,190653,12600794.875,12600816.88425926,22.00925925925926,{'TelemetryTask': 22.00925925925926}
UartTxTask,190657,190658,12601535.805555556,12601550.458333334,14.652777777777779,{'Idle': 14.652777777777779}
TelemetryTask,190662,190663,12608632.833333334,12608647.13425926,14.300925925925926,{'Idle': 14.300925925925926}
UartTxTask,190665,190667,12610794.273148147,12610816.00925926,21.73611111111111,{'TelemetryTask': 21.736111111111114}
UartTxTask,190671,190672,12611534.875,12611549.486111112,14.61111111111111,{'Idle': 14.61111111111111}
TelemetryTask,190676,190677,12618632.976851853,12618647.078703703,14.101851851851851,{'Idle': 14.101851851851851}
UartTxTask,190679,190681,12620794.361111112,12620816.416666666,22.055555555555557,{'TelemetryTask': 22.055555555555557}
UartTxTask,190685,190686,12621535.171296297,12621550.013888888,14.842592592592593,{'Idle': 14.842592592592593}
TelemetryTask,190690,190691,12628633.087962963,12628647.388888888,14.300925925925926,{'Idle': 14.300925925925926}
UartTxTask,190693,190695,12630794.861111112,12630816.671296297,21.810185185185187,{'TelemetryTask': 21.810185185185183}
UartTxTask,190699,190700,12631535.648148147,12631550.199074075,14.550925925925926,{'Idle': 14.550925925925926}
TelemetryTask,190704,190705,12638632.935185185,12638647.092592593,14.157407407407407,{'Idle': 14.157407407407407}
UartTxTask,190707,190709,12640794.486111112,12640816.569444444,22.083333333333332,{'TelemetryTask': 22.083333333333332}
UartTxTask,190713,190714,12641535.263888888,12641549.796296297,14.532407407407407,{'Idle': 14.532407407407407}
TelemetryTask,190718,190719,12648633.175925925,12648647.226851853,14.050925925925926,{'Idle': 14.050925925925926}
UartTxTask,190721,190723,12650794.148148147,12650816.194444444,22.046296296296298,{'TelemetryTask': 22.046296296296298}
UartTxTask,190727,190728,12651535.24074074,12651549.550925925,14.310185185185185,{'Idle': 14.310185185185185}
TelemetryTask,190732,190733,12658633.166666666,12658647.314814815,14.148148148148149,{'Idle': 14.148148148148149}
UartTxTask,190735,190737,12660794.402777778,12660816.763888888,22.36111111111111,{'TelemetryTask': 22.36111111111111}
UartTxTask,190741,190742,12661535.342592593,12661550.199074075,14.856481481481481,{'Idle': 14.856481481481481}
TelemetryTask,190746,190747,12668633.004629629,12668646.861111112,13.856481481481481,{'Idle': 13.856481481481481}
UartTxTask,190749,190751,12670795.199074075,12670817.412037037,22.212962962962962,{'TelemetryTask': 22.212962962962962}
UartTxTask,190755,190756,12671536.060185185,12671550.712962963,14.652777777777779,{'Idle': 14.652777777777779}
TelemetryTask,190760,190761,12678633.087962963,12678647.305555556,14.217592592592593,{'Idle': 14.217592592592593}
UartTxTask,190763,190765,12680795.189814815,12680817.61574074,22.425925925925927,{'TelemetryTask': 22.425925925925924}
UartTxTask,190769,190770,12681536.347222222,12681550.736111112,14.38888888888889,{'Idle': 14.38888888888889}
TelemetryTask,190774,190775,12688632.981481481,12688647.263888888,14.282407407407407,{'Idle': 14.282407407407407}
UartTxTask,190777,190779,12690794.569444444,12690816.819444444,22.25,{'TelemetryTask': 22.25}
UartTxTask,190783,190784,12691535.541666666,12691550.282407407,14.74074074074074,{'Idle': 14.74074074074074}
TelemetryTask,190788,190789,12698633.222222222,12698647.245370371,14.023148148148149,{'Idle': 14.023148148148149}
UartTxTask,190791,190793,12700794.754629629,12700816.708333334,21.953703703703702,{'TelemetryTask': 21.953703703703702}
UartTxTask,190797,190798,12701535.495370371,12701550.078703703,14.583333333333334,{'Idle': 14.583333333333334}
TelemetryTask,190802,190803,12708633.171296297,12708647.393518519,14.222222222222221,{'Idle': 14.222222222222221}
UartTxTask,190805,190807,12710793.787037037,12710815.851851853,22.064814814814813,{'TelemetryTask': 22.064814814814817}
UartTxTask,190811,190812,12711534.458333334,12711549.356481481,14.898148148148149,{'Idle': 14.898148148148149}
TelemetryTask,190816,190817,12718632.953703703,12718647.074074075,14.12037037037037,{'Idle': 14.12037037037037}
UartTxTask,190819,190821,12720794.25925926,12720816.5,22.24074074074074,{'TelemetryTask': 22.24074074074074}
UartTxTask,190825,190826,12721535.291666666,12721550.069444444,14.777777777777779,{'Idle': 14.777777777777779}
TelemetryTask,190830,190831,12728633.162037037,12728647.185185185,14.023148148148149,{'Idle': 14.023148148148149}
UartTxTask,190833,190835,12730794.495370371,12730816.472222222,21.97685185185185,{'TelemetryTask': 21.97685185185185}
UartTxTask,190839,190840,12731535.555555556,12731550.199074075,14.643518518518519,{'Idle': 14.643518518518519}
TelemetryTask,190844,190845,12738633.064814815,12738646.550925925,13.48611111111111,{'Idle': 13.48611111111111}
UartTxTask,190847,190849,12740792.962962963,12740815.199074075,22.23611111111111,{'TelemetryTask': 22.236111111111114}
UartTxTask,190853,190854,12741534.097222222,12741548.768518519,14.671296296296296,{'Idle': 14.671296296296296}
TelemetryTask,190858,190859,12748633.194444444,12748647.49074074,14.296296296296296,{'Idle': 14.296296296296296}
UartTxTask,190861,190863,12750794.953703703,12750817.0,22.046296296296298,{'TelemetryTask': 22.046296296296298}
UartTxTask,190867,190868,12751535.541666666,12751550.462962963,14.921296296296296,{'Idle': 14.921296296296296}
TelemetryTask,190872,190873,12758633.111111112,12758646.939814815,13.828703703703704,{'Idle': 13.828703703703704}
UartTxTask,190875,190877,12760794.796296297,12760816.879629629,22.083333333333332,{'TelemetryTask': 22.083333333333332}
UartTxTask,190881,190882,12761536.263888888,12761551.092592593,14.828703703703704,{'Idle': 14.828703703703704}
TelemetryTask,190886,190887,12768632.953703703,12768646.981481481,14.027777777777779,{'Idle': 14.027777777777779}
UartTxTask,190889,190891,12770794.055555556,12770816.217592593,22.162037037037038,{'TelemetryTask': 22.162037037037038}
UartTxTask,190895,190896,12771535.416666666,12771550.24074074,14.824074074074074,{'Idle': 14.824074074074074}
TelemetryTask,190900,190901,12778633.208333334,12778647.194444444,13.98611111111111,{'Idle': 13.98611111111111}
UartTxTask,190903,190905,12780794.726851853,12780817.180555556,22.453703703703702,{'TelemetryTask': 22.453703703703702}
UartTxTask,190909,190910,12781536.152777778,12781551.013888888,14.86111111111111,{'Idle': 14.86111111111111}
TelemetryTask,190914,190915,12788633.083333334,12788647.069444444,13.98611111111111,{'Idle': 13.98611111111111}
UartTxTask,190917,190919,12790794.074074075,12790816.351851853,22.27777777777778,{'TelemetryTask': 22.27777777777778}
UartTxTask,190923,190924,12791535.476851853,12791550.532407407,15.055555555555555,{'Idle': 15.055555555555555}
TelemetryTask,190928,190929,12798632.935185185,12798647.194444444,14.25925925925926,{'Idle': 14.25925925925926}
UartTxTask,190931,190933,12800793.962962963,12800816.569444444,22.60648148148148,{'TelemetryTask': 22.60648148148148}
UartTxTask,190937,190938,12801535.555555556,12801550.38425926,14.828703703703704,{'Idle': 14.828703703703704}
TelemetryTask,190942,190943,12808632.898148147,12808647.055555556,14.157407407407407,{'Idle': 14.157407407407407}
UartTxTask,190945,190947,12810794.00925926,12810816.087962963,22.078703703703702,{'TelemetryTask': 22.078703703703702}
UartTxTask,190951,190952,12811535.337962963,12811550.138888888,14.800925925925926,{'Idle': 14.800925925925926}
TelemetryTask,190956,190957,12818632.995370371,12818646.921296297,13.925925925925926,{'Idle': 13.925925925925926}
UartTxTask,190959,190961,12820794.231481481,12820816.296296297,22.064814814814813,{'TelemetryTask': 22.064814814814817}
UartTxTask,190965,190966,12821535.101851853,12821549.574074075,14.472222222222221,{'Idle': 14.472222222222221}
TelemetryTask,190970,190971,12828633.023148147,12828647.074074075,14.050925925925926,{'Idle': 14.050925925925926}
UartTxTask,190973,190975,12830794.027777778,12830816.069444444,22.041666666666668,{'TelemetryTask': 22.041666666666664}
UartTxTask,190979,190980,12831535.138888888,12831549.893518519,14.75462962962963,{'Idle': 14.75462962962963}
TelemetryTask,190984,190985,12838632.995370371,12838647.111111112,14.11574074074074,{'Idle': 14.11574074074074}
UartTxTask,190987,190989,12840794.092592593,12840816.111111112,22.01851851851852,{'TelemetryTask': 22.01851851851852}
UartTxTask,190993,190994,12841534.717592593,12841549.583333334,14.86574074074074,{'Idle': 14.86574074074074}
TelemetryTask,190998,190999,12848632.944444444,12848647.069444444,14.125,{'Idle': 14.125}
UartTxTask,191001,191003,12850793.879629629,12850816.138888888,22.25925925925926,{'TelemetryTask': 22.25925925925926}
UartTxTask,191007,191008,12851534.722222222,12851549.393518519,14.671296296296296,{'Idle': 14.671296296296296}
TelemetryTask,191012,191013,12858632.925925925,12858646.74074074,13.814814814814815,{'Idle': 13.814814814814815}
UartTxTask,191015,191017,12860793.24074074,12860815.560185185,22.319444444444443,{'TelemetryTask': 22.319444444444443}
UartTxTask,191021,191022,12861534.129629629,12861548.49074074,14.36111111111111,{'Idle': 14.36111111111111}
TelemetryTask,191026,191027,12868633.092592593,12868646.939814815,13.847222222222221,{'Idle': 13.847222222222221}
UartTxTask,191029,191031,12870794.023148147,12870816.416666666,22.39351851851852,{'TelemetryTask': 22.39351851851852}
UartTxTask,191035,191036,12871534.847222222,12871549.689814815,14.842592592592593,{'Idle': 14.842592592592593}
TelemetryTask,191040,191041,12878633.129629629,12878646.981481481,13.851851851851851,{'Idle': 13.851851851851851}
UartTxTask,191043,191045,12880793.652777778,12880815.342592593,21.689814814814813,{'TelemetryTask': 21.689814814814817}
UartTxTask,191049,191050,12881534.013888888,12881548.657407407,14.643518518518519,{'Idle': 14.643518518518519}
TelemetryTask,191054,191055,12888633.027777778,12888647.324074075,14.296296296296296,{'Idle': 14.296296296296296}
UartTxTask,191057,191059,12890794.555555556,12890816.587962963,22.03240740740741,{'TelemetryTask': 22.032407407407405}
UartTxTask,191063,191064,12891535.486111112,12891550.11574074,14.62962962962963,{'Idle': 14.62962962962963}
TelemetryTask,191068,191069,12898632.99074074,12898647.287037037,14.296296296296296,{'Idle': 14.296296296296296}
UartTxTask,191071,191073,12900794.245370371,12900816.319444444,22.074074074074073,{'TelemetryTask': 22.074074074074076}
UartTxTask,191077,191078,12901535.300925925,12901550.037037037,14.73611111111111,{'Idle': 14.73611111111111}
TelemetryTask,191082,191083,12908633.106481481,12908647.13425926,14.027777777777779,{'Idle': 14.027777777777779}
UartTxTask,191085,191087,12910794.273148147,12910816.24074074,21.96759259259259,{'TelemetryTask': 21.967592592592595}
UartTxTask,191091,191092,12911535.162037037,12911549.777777778,14.61574074074074,{'Idle': 14.61574074074074}
TelemetryTask,191096,191097,12918633.13425926,12918647.157407407,14.023148148148149,{'Idle': 14.023148148148149}
UartTxTask,191099,191101,12920794.851851853,12920816.671296297,21.819444444444443,{'TelemetryTask': 21.819444444444443}
UartTxTask,191105,191106,12921535.902777778,12921550.583333334,14.680555555555555,{'Idle': 14.680555555555555}
TelemetryTask,191110,191111,12928632.935185185,12928646.856481481,13.921296296296296,{'Idle': 13.921296296296296}
UartTxTask,191113,191115,12930793.032407407,12930815.194444444,22.162037037037038,{'TelemetryTask': 22.162037037037038}
UartTxTask,191119,191120,12931534.430555556,12931549.060185185,14.62962962962963,{'Idle': 14.62962962962963}
TelemetryTask,191124,191125,12938633.087962963,12938646.912037037,13.824074074074074,{'Idle': 13.824074074074074}
UartTxTask,191127,191129,12940794.268518519,12940816.611111112,22.34259259259259,{'TelemetryTask': 22.342592592592595}
UartTxTask,191133,191134,12941535.685185185,12941550.458333334,14.773148148148149,{'Idle': 14.773148148148149}
TelemetryTask,191138,191139,12948633.055555556,12948647.61574074,14.560185185185185,{'Idle': 14.560185185185185}
UartTxTask,191141,191143,12950794.592592593,12950816.967592593,22.375,{'TelemetryTask': 22.375}
UartTxTask,191147,191148,12951535.796296297,12951550.657407407,14.86111111111111,{'Idle': 14.86111111111111}
TelemetryTask,191152,191153,12958633.013888888,12958647.263888888,14.25,{'Idle': 14.25}
UartTxTask,191155,191157,12960794.398148147,12960816.671296297,22.27314814814815,{'TelemetryTask': 22.27314814814815}
UartTxTask,191161,191162,12961535.189814815,12961549.879629629,14.689814814814815,{'Idle': 14.689814814814815}
TelemetryTask,191166,191167,12968632.967592593,12968646.86574074,13.898148148148149,{'Idle': 13.898148148148149}
UartTxTask,191169,191171,12970794.666666666,12970816.851851853,22.185185185185187,{'TelemetryTask': 22.185185185185183}
UartTxTask,191175,191176,12971535.86574074,12971550.578703703,14.712962962962964,{'Idle': 14.712962962962964}
TelemetryTask,191180,191181,12978633.004629629,12978646.953703703,13.949074074074074,{'Idle': 13.949074074074074}
UartTxTask,191183,191185,12980794.949074075,12980817.175925925,22.22685185185185,{'TelemetryTask': 22.226851851851855}
UartTxTask,191189,191190,12981535.583333334,12981550.287037037,14.703703703703704,{'Idle': 14.703703703703704}
TelemetryTask,191194,191195,12988633.185185185,12988647.319444444,14.13425925925926,{'Idle': 14.13425925925926}
UartTxTask,191197,191199,12990794.861111112,12990817.254629629,22.39351851851852,{'TelemetryTask': 22.39351851851852}
UartTxTask,191203,191204,12991535.606481481,12991550.342592593,14.73611111111111,{'Idle': 14.73611111111111}
TelemetryTask,191208,191209,12998633.175925925,12998646.995370371,13.819444444444445,{'Idle': 13.819444444444445}
UartTxTask,191211,191213,13000794.962962963,13000817.486111112,22.52314814814815,{'TelemetryTask': 22.523148148148145}
UartTxTask,191217,191218,13001536.310185185,13001551.069444444,14.75925925925926,{'Idle': 14.75925925925926}
TelemetryTask,191222,191223,13008632.925925925,13008646.921296297,13.99537037037037,{'Idle': 13.99537037037037}
UartTxTask,191225,191227,13010794.578703703,13010816.282407407,21.703703703703702,{'TelemetryTask': 21.703703703703702}
UartTxTask,191231,191232,13011535.226851853,13011550.175925925,14.949074074074074,{'Idle': 14.949074074074074}
TelemetryTask,191236,191237,13018633.11574074,13018647.069444444,13.953703703703704,{'Idle': 13.953703703703704}
UartTxTask,191239,191241,13020793.833333334,13020816.291666666,22.458333333333332,{'TelemetryTask': 22.458333333333336}
UartTxTask,191245,191246,13021534.777777778,13021549.726851853,14.949074074074074,{'Idle': 14.949074074074074}
TelemetryTask,191250,191251,13028633.097222222,13028647.023148147,13.925925925925926,{'Idle': 13.925925925925926}
UartTxTask,191253,191255,13030793.592592593,13030815.476851853,21.88425925925926,{'TelemetryTask': 21.88425925925926}
UartTxTask,191259,191260,13031534.194444444,13031548.824074075,14.62962962962963,{'Idle': 14.62962962962963}
TelemetryTask,191264,191265,13038632.995370371,13038646.726851853,13.731481481481481,{'Idle': 13.731481481481481}
UartTxTask,191267,191269,13040793.63425926,13040815.958333334,22.324074074074073,{'TelemetryTask': 22.324074074074076}
UartTxTask,191273,191274,13041535.310185185,13041549.939814815,14.62962962962963,{'Idle': 14.62962962962963}
TelemetryTask,191278,191279,13048633.069444444,13048647.185185185,14.11574074074074,{'Idle': 14.11574074074074}
UartTxTask,191281,191283,13050795.064814815,13050816.851851853,21.787037037037038,{'TelemetryTask': 21.787037037037038}
UartTxTask,191287,191288,13051535.930555556,13051550.86574074,14.935185185185185,{'Idle': 14.935185185185185}
TelemetryTask,191292,191293,13058633.083333334,13058646.986111112,13.902777777777779,{'Idle': 13.902777777777779}
UartTxTask,191295,191297,13060793.824074075,13060815.88425926,22.060185185185187,{'TelemetryTask': 22.060185185185183}
UartTxTask,191301,191302,13061535.101851853,13061549.99074074,14.88888888888889,{'Idle': 14.88888888888889}
TelemetryTask,191306,191307,13068632.912037037,13068647.236111112,14.324074074074074,{'Idle': 14.324074074074074}
UartTxTask,191309,191311,13070794.912037037,13070817.064814815,22.15277777777778,{'TelemetryTask': 22.15277777777778}
UartTxTask,191315,191316,13071535.981481481,13071550.61574074,14.63425925925926,{'Idle': 14.63425925925926}
TelemetryTask,191320,191321,13078633.074074075,13078647.050925925,13.976851851851851,{'Idle': 13.976851851851851}
UartTxTask,191323,191325,13080793.675925925,13080816.097222222,22.421296296296298,{'TelemetryTask': 22.421296296296298}
UartTxTask,191329,191330,13081535.36574074,13081549.648148147,14.282407407407407,{'Idle': 14.282407407407407}
TelemetryTask,191334,191335,13088633.111111112,13088647.236111112,14.125,{'Idle': 14.125}
UartTxTask,191337,191339,13090794.708333334,13090816.935185185,22.22685185185185,{'TelemetryTask': 22.22685185185185}
UartTxTask,191343,191344,13091535.143518519,13091549.379629629,14.23611111111111,{'Idle': 14.23611111111111}
TelemetryTask,191348,191349,13098632.986111112,13098647.023148147,14.037037037037036,{'Idle': 14.037037037037036}
UartTxTask,191351,191353,13100793.722222222,13100815.731481481,22.00925925925926,{'TelemetryTask': 22.00925925925926}
UartTxTask,191357,191358,13101534.666666666,13101549.037037037,14.37037037037037,{'Idle': 14.37037037037037}
TelemetryTask,191362,191363,13108632.976851853,13108647.162037037,14.185185185185185,{'Idle': 14.185185185185185}
UartTxTask,191365,191367,13110794.439814815,13110816.208333334,21.76851851851852,{'TelemetryTask': 21.76851851851852}
UartTxTask,191371,191372,13111535.041666666,13111549.810185185,14.768518518518519,{'Idle': 14.768518518518519}
TelemetryTask,191376,191377,13118633.041666666,13118647.504629629,14.462962962962964,{'Idle': 14.462962962962964}
UartTxTask,191379,191381,13120794.712962963,13120816.74074074,22.02777777777778,{'TelemetryTask': 22.02777777777778}
UartTxTask,191385,191386,13121535.88425926,13121550.416666666,14.532407407407407,{'Idle': 14.532407407407407}
TelemetryTask,191390,191391,13128633.013888888,13128647.370370371,14.356481481481481,{'Idle': 14.356481481481481}
UartTxTask,191393,191395,13130794.351851853,13130816.606481481,22.25462962962963,{'TelemetryTask': 22.25462962962963}
UartTxTask,191399,191400,13131535.398148147,13131550.148148147,14.75,{'Idle': 14.75}
TelemetryTask,191404,191405,13138633.101851853,13138647.013888888,13.912037037037036,{'Idle': 13.912037037037036}
UartTxTask,191407,191409,13140794.143518519,13140816.162037037,22.01851851851852,{'TelemetryTask': 22.01851851851852}
UartTxTask,191413,191414,13141534.847222222,13141549.694444444,14.847222222222221,{'Idle': 14.847222222222221}
TelemetryTask,191418,191419,13148632.949074075,13148647.060185185,14.11111111111111,{'Idle': 14.11111111111111}
UartTxTask,191421,191423,13150794.375,13150816.662037037,22.287037037037038,{'TelemetryTask': 22.287037037037038}
UartTxTask,191427,191428,13151535.476851853,13151550.574074075,15.097222222222221,{'Idle': 15.097222222222221}
TelemetryTask,191432,191433,13158633.032407407,13158647.0,13.967592592592593,{'Idle': 13.967592592592593}
UartTxTask,191435,191437,13160793.592592593,13160815.546296297,21.953703703703702,{'TelemetryTask': 21.953703703703702}
UartTxTask,191441,191442,13161534.046296297,13161548.88425926,14.837962962962964,{'Idle': 14.837962962962964}
TelemetryTask,191446,191447,13168633.00925926,13168647.305555556,14.296296296296296,{'Idle': 14.296296296296296}
UartTxTask,191449,191451,13170794.787037037,13170816.754629629,21.96759259259259,{'TelemetryTask': 21.96759259259259}
UartTxTask,191455,191456,13171535.731481481,13171550.24074074,14.50925925925926,{'Idle': 14.50925925925926}
TelemetryTask,191460,191461,13178632.912037037,13178647.143518519,14.231481481481481,{'Idle': 14.231481481481481}
UartTxTask,191463,191465,13180794.453703703,13180816.472222222,22.01851851851852,{'TelemetryTask': 22.01851851851852}
UartTxTask,191469,191470,13181535.125,13181550.055555556,14.930555555555555,{'Idle': 14.930555555555555}
TelemetryTask,191474,191475,13188633.069444444,13188646.944444444,13.875,{'Idle': 13.875}
UartTxTask,191477,191479,13190793.120370371,13190815.148148147,22.02777777777778,{'TelemetryTask': 22.02777777777778}
UartTxTask,191483,191484,13191534.504629629,13191549.004629629,14.5,{'Idle': 14.5}
TelemetryTask,191488,191489,13198633.055555556,13198646.916666666,13.86111111111111,{'Idle': 13.86111111111111}
UartTxTask,191491,191493,13200794.157407407,13200815.958333334,21.800925925925927,{'TelemetryTask': 21.800925925925924}
UartTxTask,191497,191498,13201534.638888888,13201549.402777778,14.76388888888889,{'Idle': 14.76388888888889}
TelemetryTask,191502,191503,13208633.166666666,13208647.074074075,13.907407407407407,{'Idle': 13.907407407407407}
UartTxTask,191505,191507,13210793.717592593,13210816.143518519,22.425925925925927,{'TelemetryTask': 22.425925925925924}
UartTxTask,191511,191512,13211534.967592593,13211549.819444444,14.851851851851851,{'Idle': 14.851851851851851}
TelemetryTask,191516,191517,13218633.152777778,13218647.106481481,13.953703703703704,{'Idle': 13.953703703703704}
UartTxTask,191519,191521,13220794.143518519,13220816.370370371,22.22685185185185,{'TelemetryTask': 22.22685185185185}
UartTxTask,191525,191526,13221536.018518519,13221550.842592593,14.824074074074074,{'Idle': 14.824074074074074}
TelemetryTask,191530,191531,13228633.078703703,13228647.189814815,14.11111111111111,{'Idle': 14.11111111111111}
UartTxTask,191533,191535,13230794.194444444,13230816.300925925,22.10648148148148,{'TelemetryTask': 22.10648148148148}
UartTxTask,191539,191540,13231534.842592593,13231549.49074074,14.648148148148149,{'Idle': 14.648148148148149}
TelemetryTask,191544,191545,13238633.037037037,13238646.861111112,13.824074074074074,{'Idle': 13.824074074074074}
UartTxTask,191547,191549,13240793.791666666,13240816.208333334,22.416666666666668,{'TelemetryTask': 22.416666666666664}
UartTxTask,191553,191554,13241534.782407407,13241549.467592593,14.685185185185185,{'Idle': 14.685185185185185}
TelemetryTask,191558,191559,13248633.092592593,13248647.277777778,14.185185185185185,{'Idle': 14.185185185185185}
UartTxTask,191561,191563,13250794.226851853,13250816.462962963,22.23611111111111,{'TelemetryTask': 22.23611111111111}
UartTxTask,191567,191568,13251535.518518519,13251550.152777778,14.63425925925926,{'Idle': 14.63425925925926}
TelemetryTask,191572,191573,13258633.055555556,13258646.99074074,13.935185185185185,{'Idle': 13.935185185185185}
UartTxTask,191575,191577,13260794.328703703,13260816.597222222,22.26851851851852,{'TelemetryTask': 22.26851851851852}
UartTxTask,191581,191582,13261535.606481481,13261550.185185185,14.578703703703704,{'Idle': 14.578703703703704}
TelemetryTask,191586,191587,13268633.138888888,13268647.222222222,14.083333333333334,{'Idle': 14.083333333333334}
UartTxTask,191589,191591,13270793.88425926,13270816.203703703,22.319444444444443,{'TelemetryTask': 22.319444444444443}
UartTxTask,191595,191596,13271535.537037037,13271550.231481481,14.694444444444445,{'Idle': 14.694444444444445}
TelemetryTask,191600,191601,13278633.0,13278647.236111112,14.23611111111111,{'Idle': 14.23611111111111}
UartTxTask,191603,191605,13280794.083333334,13280816.111111112,22.02777777777778,{'TelemetryTask': 22.02777777777778}
UartTxTask,191609,191610,13281535.11574074,13281549.958333334,14.842592592592593,{'Idle': 14.842592592592593}
TelemetryTask,191614,191615,13288633.00925926,13288647.064814815,14.055555555555555,{'Idle': 14.055555555555555}
UartTxTask,191617,191619,13290794.361111112,13290816.837962963,22.47685185185185,{'TelemetryTask': 22.476851851851855}
UartTxTask,191623,191624,13291535.541666666,13291549.921296297,14.37962962962963,{'Idle': 14.37962962962963}
TelemetryTask,191628,191629,13298633.125,13298647.027777778,13.902777777777779,{'Idle': 13.902777777777779}
UartTxTask,191631,191633,13300794.268518519,13300816.333333334,22.064814814814813,{'TelemetryTask': 22.064814814814817}
UartTxTask,191637,191638,13301535.050925925,13301549.5,14.449074074074074,{'Idle': 14.449074074074074}
TelemetryTask,191642,191643,13308633.037037037,13308646.935185185,13.898148148148149,{'Idle': 13.898148148148149}
UartTxTask,191645,191647,13310794.583333334,13310816.847222222,22.26388888888889,{'TelemetryTask': 22.26388888888889}
UartTxTask,191651,191652,13311535.680555556,13311550.597222222,14.916666666666666,{'Idle': 14.916666666666666}
TelemetryTask,191656,191657,13318633.194444444,13318647.199074075,14.00462962962963,{'Idle': 14.00462962962963}
UartTxTask,191659,191661,13320793.407407407,13320815.449074075,22.041666666666668,{'TelemetryTask': 22.041666666666668}
UartTxTask,191665,191666,13321533.879629629,13321548.351851853,14.472222222222221,{'Idle': 14.472222222222221}
TelemetryTask,191670,191671,13328632.870370371,13328647.180555556,14.310185185185185,{'Idle': 14.310185185185185}
UartTxTask,191673,191675,13330794.611111112,13330816.171296297,21.560185185185187,{'TelemetryTask': 21.560185185185183}
UartTxTask,191679,191680,13331535.282407407,13331550.356481481,15.074074074074074,{'Idle': 15.074074074074074}
TelemetryTask,191684,191685,13338632.986111112,13338647.439814815,14.453703703703704,{'Idle': 14.453703703703704}
UartTxTask,191687,191689,13340795.592592593,13340817.703703703,22.11111111111111,{'TelemetryTask': 22.11111111111111}
UartTxTask,191693,191694,13341536.722222222,13341551.38425926,14.662037037037036,{'Idle': 14.662037037037036}
TelemetryTask,191698,191699,13348633.027777778,13348646.976851853,13.949074074074074,{'Idle': 13.949074074074074}
UartTxTask,191701,191703,13350794.703703703,13350816.745370371,22.041666666666668,{'TelemetryTask': 22.041666666666664}
UartTxTask,191707,191708,13351535.61574074,13351550.194444444,14.578703703703704,{'Idle': 14.578703703703704}
TelemetryTask,191712,191713,13358632.995370371,13358646.814814815,13.819444444444445,{'Idle': 13.819444444444445}
UartTxTask,191715,191717,13360794.606481481,13360816.916666666,22.310185185185187,{'TelemetryTask': 22.310185185185183}
UartTxTask,191721,191722,13361536.162037037,13361550.652777778,14.49074074074074,{'Idle': 14.49074074074074}
TelemetryTask,191726,191727,13368633.050925925,13368646.99074074,13.939814814814815,{'Idle': 13.939814814814815}
UartTxTask,191729,191731,13370794.013888888,13370816.532407407,22.51851851851852,{'TelemetryTask': 22.51851851851852}
UartTxTask,191735,191736,13371535.407407407,13371549.986111112,14.578703703703704,{'Idle': 14.578703703703704}
TelemetryTask,191740,191741,13378633.143518519,13378647.055555556,13.912037037037036,{'Idle': 13.912037037037036}
UartTxTask,191743,191745,13380794.273148147,13380816.402777778,22.12962962962963,{'TelemetryTask': 22.129629629629626}
UartTxTask,191749,191750,13381535.296296297,13381550.023148147,14.726851851851851,{'Idle': 14.726851851851851}
TelemetryTask,191754,191755,13388633.027777778,13388646.754629629,13.726851851851851,{'Idle': 13.726851851851851}
UartTxTask,191757,191759,13390793.189814815,13390815.111111112,21.921296296296298,{'TelemetryTask': 21.921296296296298}
UartTxTask,191763,191764,13391534.162037037,13391549.472222222,15.310185185185185,{'Idle': 15.310185185185185}
TelemetryTask,191768,191769,13398633.027777778,13398647.361111112,14.333333333333334,{'Idle': 14.333333333333334}
UartTxTask,191771,191773,13400794.717592593,13400817.064814815,22.34722222222222,{'TelemetryTask': 22.34722222222222}
UartTxTask,191777,191778,13401535.472222222,13401550.277777778,14.805555555555555,{'Idle': 14.805555555555555}
TelemetryTask,191782,191783,13408633.162037037,13408647.36574074,14.203703703703704,{'Idle': 14.203703703703704}
UartTxTask,191785,191787,13410794.791666666,13410817.217592593,22.425925925925927,{'TelemetryTask': 22.425925925925927}
UartTxTask,191791,191792,13411536.564814815,13411551.513888888,14.949074074074074,{'Idle': 14.949074074074074}
TelemetryTask,191796,191797,13418632.958333334,13418646.699074075,13.74074074074074,{'Idle': 13.74074074074074}
UartTxTask,191799,191801,13420794.087962963,13420816.152777778,22.064814814814813,{'TelemetryTask': 22.064814814814817}
UartTxTask,191805,191806,13421534.925925925,13421549.782407407,14.856481481481481,{'Idle': 14.856481481481481}
TelemetryTask,191810,191811,13428633.106481481,13428647.171296297,14.064814814814815,{'Idle': 14.064814814814815}
UartTxTask,191813,191815,13430794.768518519,13430816.777777778,22.00925925925926,{'TelemetryTask': 22.00925925925926}
UartTxTask,191819,191820,13431535.685185185,13431550.203703703,14.518518518518519,{'Idle': 14.518518518518519}
TelemetryTask,191824,191825,13438633.129629629,13438647.342592593,14.212962962962964,{'Idle': 14.212962962962964}
UartTxTask,191827,191829,13440794.935185185,13440816.995370371,22.060185185185187,{'TelemetryTask': 22.060185185185183}
UartTxTask,191833,191834,13441535.736111112,13441550.398148147,14.662037037037036,{'Idle': 14.662037037037036}
TelemetryTask,191838,191839,13448633.074074075,13448647.00925926,13.935185185185185,{'Idle': 13.935185185185185}
UartTxTask,191841,191843,13450793.703703703,13450815.773148147,22.069444444444443,{'TelemetryTask': 22.069444444444443}
UartTxTask,191847,191848,13451534.61574074,13451549.421296297,14.805555555555555,{'Idle': 14.805555555555555}
TelemetryTask,191852,191853,13458633.060185185,13458647.013888888,13.953703703703704,{'Idle': 13.953703703703704}
UartTxTask,191855,191857,13460793.898148147,13460816.328703703,22.430555555555557,{'TelemetryTask': 22.430555555555557}
UartTxTask,191861,191862,13461535.402777778,13461549.837962963,14.435185185185185,{'Idle': 14.435185185185185}
TelemetryTask,191866,191867,13468633.013888888,13468647.337962963,14.324074074074074,{'Idle': 14.324074074074074}
UartTxTask,191869,191871,13470793.712962963,13470815.981481481,22.26851851851852,{'TelemetryTask': 22.26851851851852}
UartTxTask,191875,191876,13471534.425925925,13471549.143518519,14.717592592592593,{'Idle': 14.717592592592593}
TelemetryTask,191880,191881,13478633.004629629,13478647.060185185,14.055555555555555,{'Idle': 14.055555555555555}
UartTxTask,191883,191885,13480794.361111112,13480816.555555556,22.194444444444443,{'TelemetryTask': 22.194444444444443}
UartTxTask,191889,191890,13481535.194444444,13481550.138888888,14.944444444444445,{'Idle': 14.944444444444445}
TelemetryTask,191894,191895,13488633.166666666,13488647.36574074,14.199074074074074,{'Idle': 14.199074074074074}
UartTxTask,191897,191899,13490793.601851853,13490815.333333334,21.73148148148148,{'TelemetryTask': 21.73148148148148}
UartTxTask,191903,191904,13491534.38425926,13491548.662037037,14.277777777777779,{'Idle': 14.277777777777779}
TelemetryTask,191908,191909,13498633.078703703,13498647.38425926,14.305555555555555,{'Idle': 14.305555555555555}
UartTxTask,191911,191913,13500794.592592593,13500816.717592593,22.125,{'TelemetryTask': 22.125}
UartTxTask,191917,191918,13501535.731481481,13501550.787037037,15.055555555555555,{'Idle': 15.055555555555555}
TelemetryTask,191922,191923,13508632.99074074,13508647.125,14.13425925925926,{'Idle': 14.13425925925926}
UartTxTask,191925,191927,13510794.194444444,13510816.745370371,22.550925925925927,{'TelemetryTask': 22.550925925925924}
UartTxTask,191931,191932,13511535.263888888,13511549.685185185,14.421296296296296,{'Idle': 14.421296296296296}
TelemetryTask,191936,191937,13518633.069444444,13518646.879629629,13.810185185185185,{'Idle': 13.810185185185185}
UartTxTask,191939,191941,13520793.527777778,13520815.523148147,21.99537037037037,{'TelemetryTask': 21.99537037037037}
