event,time_us,id,queue,queue_id,context,args
172674,1101.7962962962963,90,0x20003a48,14920,TelemetryTask,"[14920, 536908656, 200, 0]"
172678,1139.8657407407406,92,0x20003a48,14920,UartTxTask,"[14920, 3758096384, 20, 1]"
172683,1871.1157407407406,92,0x200080a0,32928,UartTxTask,"[32928, 3758096384, 0, 1]"
172688,10781.63425925926,90,0x20003a48,14920,TelemetryTask,"[14920, 536908656, 200, 0]"
172692,10824.314814814816,92,0x20003a48,14920,UartTxTask,"[14920, 3758096384, 20, 1]"
172697,11561.550925925925,92,0x200080a0,32928,UartTxTask,"[32928, 3758096384, 0, 1]"
172702,20781.675925925927,90,0x20003a48,14920,TelemetryTask,"[14920, 536908656, 200, 0]"
172706,20824.916666666668,92,0x20003a48,14920,UartTxTask,"[14920, 3758096384, 20, 1]"
172711,21561.550925925927,92,0x200080a0,32928,UartTxTask,"[32928, 3758096384, 0, 1]"
172716,30781.14351851852,90,0x20003a48,14920,TelemetryTask,"[14920, 536908656, 200, 0]"
172720,30824.48611111111,92,0x20003a48,14920,UartTxTask,"[14920, 3758096384, 20, 1]"
172725,31561.203703703704,92,0x200080a0,32928,UartTxTask,"[32928, 3758096384, 0, 1]"
172730,40782.28240740741,90,0x20003a48,14920,TelemetryTask,"[14920, 536908656, 200, 0]"
172734,40825.319444444445,92,0x20003a48,14920,UartTxTask,"[14920, 3758096384, 20, 1]"
172739,41561.90277777778,92,0x200080a0,32928,UartTxTask,"[32928, 3758096384, 0, 1]"
172744,50780.93981481482,90,0x20003a48,14920,TelemetryTask,"[14920, 536908656, 200, 0]"
172748,50824.52777777778,92,0x20003a48,14920,UartTxTask,"[14920, 3758096384, 20, 1]"
172753,51561.726851851854,92,0x200080a0,32928,UartTxTask,"[32928, 3758096384, 0, 1]"
172758,60780.4537037037,90,0x20003a48,14920,TelemetryTask,"[14920, 536908656, 200, 0]"
172762,60823.14351851852,92,0x20003a48,14920,UartTxTask,"[14920, 3758096384, 20, 1]"
172767,61560.1712962963,92,0x200080a0,32928,UartTxTask,"[32928, 3758096384, 0, 1]"
172772,70780.97222222222,90,0x20003a48,14920,TelemetryTask,"[14920, 536908656, 200, 0]"
172776,70824.24074074074,92,0x20003a48,14920,UartTxTask,"[14920, 3758096384, 20, 1]"
172781,71561.50462962964,92,0x200080a0,32928,UartTxTask,"[32928, 3758096384, 0, 1]"
172786,80780.92129629629,90,0x20003a48,14920,TelemetryTask,"[14920, 536908656, 200, 0]"
172790,80824.07407407407,92,0x20003a48,14920,UartTxTask,"[14920, 3758096384, 20, 1]"
172795,81561.09722222222,92,0x200080a0,32928,UartTxTask,"[32928, 3758096384, 0, 1]"
172800,90781.30555555556,90,0x20003a48,14920,TelemetryTask,"[14920, 536908656, 200, 0]"
172804,90824.70833333333,92,0x20003a48,14920,UartTxTask,"[14920, 3758096384, 20, 1]"
172809,91561.57407407407,92,0x200080a0,32928,UartTxTask,"[32928, 3758096384, 0, 1]"
172814,100780.78703703704,90,0x20003a48,14920,TelemetryTask,"[14920, 536908656, 200, 0]"
172818,100823.80555555556,92,0x20003a48,14920,UartTxTask,"[14920, 3758096384, 20, 1]"
172823,101560.77777777778,92,0x200080a0,32928,UartTxTask,"[32928, 3758096384, 0, 1]"
172828,110781.43981481482,90,0x20003a48,14920,TelemetryTask,"[14920, 536908656, 200, 0]"
172832,110824.73611111111,92,0x20003a48,14920,UartTxTask,"[14920, 3758096384, 20, 1]"
172837,111561.29629629629,92,0x200080a0,32928,UartTxTask,"[32928, 3758096384, 0, 1]"
172842,120781.27777777778,90,0x20003a48,14920,TelemetryTask,"[14920, 536908656, 200, 0]"
172846,120824.31018518518,92,0x20003a48,14920,UartTxTask,"[14920, 3758096384, 20, 1]"
172851,121561.44444444444,92,0x200080a0,32928,UartTxTask,"[32928, 3758096384, 0, 1]"
172856,130781.39814814815,90,0x20003a48,14920,TelemetryTask,"[14920, 536908656, 200, 0]"
172860,130824.54629629629,92,0x20003a48,14920,UartTxTask,"[14920, 3758096384, 20, 1]"
172865,131561.28240740742,92,0x200080a0,32928,UartTxTask,"[32928, 3758096384, 0, 1]"
172870,140782.32407407407,90,0x20003a48,14920,TelemetryTask,"[14920, 536908656, 200, 0]"
172874,140825.84259259258,92,0x20003a48,14920,UartTxTask,"[14920, 3758096384, 20, 1]"
172879,141562.74074074073,92,0x200080a0,32928,UartTxTask,"[32928, 3758096384, 0, 1]"
172884,150780.87037037036,90,0x20003a48,14920,TelemetryTask,"[14920, 536908656, 200, 0]"
172888,150823.62037037036,92,0x20003a48,14920,UartTxTask,"[14920, 3758096384, 20, 1]"
172893,151560.37037037036,92,0x200080a0,32928,UartTxTask,"[32928, 3758096384, 0, 1]"
172898,160781.00462962964,90,0x20003a48,14920,TelemetryTask,"[14920, 536908656, 200, 0]"
172902,160824.36111111112,92,0x20003a48,14920,UartTxTask,"[14920, 3758096384, 20, 1]"
172907,161561.5787037037,92,0x200080a0,32928,UartTxTask,"[32928, 3758096384, 0, 1]"
172912,170781.19907407407,90,0x20003a48,14920,TelemetryTask,"[14920, 536908656, 200, 0]"
172916,170824.68055555556,92,0x20003a48,14920,UartTxTask,"[14920, 3758096384, 20, 1]"
172921,171561.5,92,0x200080a0,32928,UartTxTask,"[32928, 3758096384, 0, 1]"
172926,180780.90277777778,90,0x20003a48,14920,TelemetryTask,"[14920, 536908656, 200, 0]"
172930,180823.8564814815,92,0x20003a48,14920,UartTxTask,"[14920, 3758096384, 20, 1]"
172935,181561.1898148148,92,0x200080a0,32928,UartTxTask,"[32928, 3758096384, 0, 1]"
172940,190781.31944444444,90,0x20003a48,14920,TelemetryTask,"[14920, 536908656, 200, 0]"
172944,190824.09259259258,92,0x20003a48,14920,UartTxTask,"[14920, 3758096384, 20, 1]"
172949,191561.16666666666,92,0x200080a0,32928,UartTxTask,"[32928, 3758096384, 0, 1]"
172954,200781.3101851852,90,0x20003a48,14920,TelemetryTask,"[14920, 536908656, 200, 0]"
172958,200824.02314814815,92,0x20003a48,14920,UartTxTask,"[14920, 3758096384, 20, 1]"
172963,201560.97685185185,92,0x200080a0,32928,UartTxTask,"[32928, 3758096384, 0, 1]"
172968,210782.3101851852,90,0x20003a48,14920,TelemetryTask,"[14920, 536908656, 200, 0]"
172972,210825.90740740742,92,0x20003a48,14920,UartTxTask,"[14920, 3758096384, 20, 1]"
172977,211563.44907407407,92,0x200080a0,32928,UartTxTask,"[32928, 3758096384, 0, 1]"
172982,220781.82407407407,90,0x20003a48,14920,TelemetryTask,"[14920, 536908656, 200, 0]"
172986,220824.75462962964,92,0x20003a48,14920,UartTxTask,"[14920, 3758096384, 20, 1]"
172991,221561.93055555556,92,0x200080a0,32928,UartTxTask,"[32928, 3758096384, 0, 1]"
172996,230781.61111111112,90,0x20003a48,14920,TelemetryTask,"[14920, 536908656, 200, 0]"
173000,230825.3935185185,92,0x20003a48,14920,UartTxTask,"[14920, 3758096384, 20, 1]"
173005,231562.1851851852,92,0x200080a0,32928,UartTxTask,"[32928, 3758096384, 0, 1]"
173010,240780.56944444444,90,0x20003a48,14920,TelemetryTask,"[14920, 536908656, 200, 0]"
173014,240824.25462962964,92,0x20003a48,14920,UartTxTask,"[14920, 3758096384, 20, 1]"
173019,241561.03703703705,92,0x200080a0,32928,UartTxTask,"[32928, 3758096384, 0, 1]"
173024,250780.5648148148,90,0x20003a48,14920,TelemetryTask,"[14920, 536908656, 200, 0]"
173028,250823.95833333334,92,0x20003a48,14920,UartTxTask,"[14920, 3758096384, 20, 1]"
173033,251560.5,92,0x200080a0,32928,UartTxTask,"[32928, 3758096384, 0, 1]"
173038,260780.78703703705,90,0x20003a48,14920,TelemetryTask,"[14920, 536908656, 200, 0]"
173042,260824.6435185185,92,0x20003a48,14920,UartTxTask,"[14920, 3758096384, 20, 1]"
173047,261561.24537037036,92,0x200080a0,32928,UartTxTask,"[32928, 3758096384, 0, 1]"
173052,270780.56944444444,90,0x20003a48,14920,TelemetryTask,"[14920, 536908656, 200, 0]"
173056,270823.587962963,92,0x20003a48,14920,UartTxTask,"[14920, 3758096384, 20, 1]"
173061,271560.39351851854,92,0x200080a0,32928,UartTxTask,"[32928, 3758096384, 0, 1]"
173066,280780.59722222225,90,0x20003a48,14920,TelemetryTask,"[14920, 536908656, 200, 0]"
173070,280823.662037037,92,0x20003a48,14920,UartTxTask,"[14920, 3758096384, 20, 1]"
173075,281560.8888888889,92,0x200080a0,32928,UartTxTask,"[32928, 3758096384, 0, 1]"
173080,290780.56018518517,90,0x20003a48,14920,TelemetryTask,"[14920, 536908656, 200, 0]"
173084,290823.25,92,0x20003a48,14920,UartTxTask,"[14920, 3758096384, 20, 1]"
173089,291560.7962962963,92,0x200080a0,32928,UartTxTask,"[32928, 3758096384, 0, 1]"
173094,300780.3009259259,90,0x20003a48,14920,TelemetryTask,"[14920, 536908656, 200, 0]"
173098,300822.9074074074,92,0x20003a48,14920,UartTxTask,"[14920, 3758096384, 20, 1]"
173103,301559.9166666667,92,0x200080a0,32928,UartTxTask,"[32928, 3758096384, 0, 1]"
173108,310780.7962962963,90,0x20003a48,14920,TelemetryTask,"[14920, 536908656, 200, 0]"
173112,310823.36574074073,92,0x20003a48,14920,UartTxTask,"[14920, 3758096384, 20, 1]"
173117,311559.72222222225,92,0x200080a0,32928,UartTxTask,"[32928, 3758096384, 0, 1]"
173122,320780.7037037037,90,0x20003a48,14920,TelemetryTask,"[14920, 536908656, 200, 0]"
173126,320823.7962962963,92,0x20003a48,14920,UartTxTask,"[14920, 3758096384, 20, 1]"
173131,321560.9490740741,92,0x200080a0,32928,UartTxTask,"[32928, 3758096384, 0, 1]"
173136,330781.26851851854,90,0x20003a48,14920,TelemetryTask,"[14920, 536908656, 200, 0]"
173140,330825.22222222225,92,0x20003a48,14920,UartTxTask,"[14920, 3758096384, 20, 1]"
173145,331562.14814814815,92,0x200080a0,32928,UartTxTask,"[32928, 3758096384, 0, 1]"
173150,340781.037037037,90,0x20003a48,14920,TelemetryTask,"[14920, 536908656, 200, 0]"
173154,340824.7546296296,92,0x20003a48,14920,UartTxTask,"[14920, 3758096384, 20, 1]"
173159,341561.81944444444,92,0x200080a0,32928,UartTxTask,"[32928, 3758096384, 0, 1]"
173164,350780.7037037037,90,0x20003a48,14920,TelemetryTask,"[14920, 536908656, 200, 0]"
173168,350824.18518518517,92,0x20003a48,14920,UartTxTask,"[14920, 3758096384, 20, 1]"
173173,351561.09722222225,92,0x200080a0,32928,UartTxTask,"[32928, 3758096384, 0, 1]"
173178,360781.337962963,90,0x20003a48,14920,TelemetryTask,"[14920, 536908656, 200, 0]"
173182,360824.712962963,92,0x20003a48,14920,UartTxTask,"[14920, 3758096384, 20, 1]"
173187,361561.6203703704,92,0x200080a0,32928,UartTxTask,"[32928, 3758096384, 0, 1]"
173192,370780.9212962963,90,0x20003a48,14920,TelemetryTask,"[14920, 536908656, 200, 0]"
173196,370823.90277777775,92,0x20003a48,14920,UartTxTask,"[14920, 3758096384, 20, 1]"
173201,371561.1203703704,92,0x200080a0,32928,UartTxTask,"[32928, 3758096384, 0, 1]"
173206,380780.68518518517,90,0x20003a48,14920,TelemetryTask,"[14920, 536908656, 200, 0]"
173210,380823.31944444444,92,0x20003a48,14920,UartTxTask,"[14920, 3758096384, 20, 1]"
173215,381560.1990740741,92,0x200080a0,32928,UartTxTask,"[32928, 3758096384, 0, 1]"
173220,390781.47685185185,90,0x20003a48,14920,TelemetryTask,"[14920, 536908656, 200, 0]"
173224,390824.5138888889,92,0x20003a48,14920,UartTxTask,"[14920, 3758096384, 20, 1]"
173229,391561.73148148146,92,0x200080a0,32928,UartTxTask,"[32928, 3758096384, 0, 1]"
173234,400782.23148148146,90,0x20003a48,14920,TelemetryTask,"[14920, 536908656, 200, 0]"
173238,400825.0509259259,92,0x20003a48,14920,UartTxTask,"[14920, 3758096384, 20, 1]"
173243,401562.0138888889,92,0x200080a0,32928,UartTxTask,"[32928, 3758096384, 0, 1]"
173248,410780.837962963,90,0x20003a48,14920,TelemetryTask,"[14920, 536908656, 200, 0]"
173252,410824.2175925926,92,0x20003a48,14920,UartTxTask,"[14920, 3758096384, 20, 1]"
173257,411561.27777777775,92,0x200080a0,32928,UartTxTask,"[32928, 3758096384, 0, 1]"
173262,420781.0462962963,90,0x20003a48,14920,TelemetryTask,"[14920, 536908656, 200, 0]"
173266,420824.39351851854,92,0x20003a48,14920,UartTxTask,"[14920, 3758096384, 20, 1]"
173271,421561.9212962963,92,0x200080a0,32928,UartTxTask,"[32928, 3758096384, 0, 1]"
173276,430781.625,90,0x20003a48,14920,TelemetryTask,"[14920, 536908656, 200, 0]"
173280,430824.6296296296,92,0x20003a48,14920,UartTxTask,"[14920, 3758096384, 20, 1]"
173285,431561.72685185185,92,0x200080a0,32928,UartTxTask,"[32928, 3758096384, 0, 1]"
173290,440780.81481481483,90,0x20003a48,14920,TelemetryTask,"[14920, 536908656, 200, 0]"
173294,440824.0,92,0x20003a48,14920,UartTxTask,"[14920, 3758096384, 20, 1]"
173299,441560.9583333333,92,0x200080a0,32928,UartTxTask,"[32928, 3758096384, 0, 1]"
173304,450780.9675925926,90,0x20003a48,14920,TelemetryTask,"[14920, 536908656, 200, 0]"
173308,450824.2824074074,92,0x20003a48,14920,UartTxTask,"[14920, 3758096384, 20, 1]"
173313,451561.47222222225,92,0x200080a0,32928,UartTxTask,"[32928, 3758096384, 0, 1]"
173318,460780.8009259259,90,0x20003a48,14920,TelemetryTask,"[14920, 536908656, 200, 0]"
173322,460824.0138888889,92,0x20003a48,14920,UartTxTask,"[14920, 3758096384, 20, 1]"
173327,461561.2824074074,92,0x200080a0,32928,UartTxTask,"[32928, 3758096384, 0, 1]"
173332,470780.47222222225,90,0x20003a48,14920,TelemetryTask,"[14920, 536908656, 200, 0]"
173336,470823.587962963,92,0x20003a48,14920,UartTxTask,"[14920, 3758096384, 20, 1]"
173341,471560.36574074073,92,0x200080a0,32928,UartTxTask,"[32928, 3758096384, 0, 1]"
173346,480780.24074074073,90,0x20003a48,14920,TelemetryTask,"[14920, 536908656, 200, 0]"
173350,480823.59722222225,92,0x20003a48,14920,UartTxTask,"[14920, 3758096384, 20, 1]"
173355,481560.5740740741,92,0x200080a0,32928,UartTxTask,"[32928, 3758096384, 0, 1]"
173360,490781.97685185185,90,0x20003a48,14920,TelemetryTask,"[14920, 536908656, 200, 0]"
173364,490825.0416666667,92,0x20003a48,14920,UartTxTask,"[14920, 3758096384, 20, 1]"
173369,491562.2083333333,92,0x200080a0,32928,UartTxTask,"[32928, 3758096384, 0, 1]"
173374,500781.35185185185,90,0x20003a48,14920,TelemetryTask,"[14920, 536908656, 200, 0]"
173378,500824.537037037,92,0x20003a48,14920,UartTxTask,"[14920, 3758096384, 20, 1]"
173383,501562.19444444444,92,0x200080a0,32928,UartTxTask,"[32928, 3758096384, 0, 1]"
173388,510780.5833333333,90,0x20003a48,14920,TelemetryTask,"[14920, 536908656, 200, 0]"
173392,510823.4074074074,92,0x20003a48,14920,UartTxTask,"[14920, 3758096384, 20, 1]"
173397,511560.31944444444,92,0x200080a0,32928,UartTxTask,"[32928, 3758096384, 0, 1]"
173402,520780.59722222225,90,0x20003a48,14920,TelemetryTask,"[14920, 536908656, 200, 0]"
173406,520823.7546296296,92,0x20003a48,14920,UartTxTask,"[14920, 3758096384, 20, 1]"
173411,521560.7546296296,92,0x200080a0,32928,UartTxTask,"[32928, 3758096384, 0, 1]"
173416,530781.8518518518,90,0x20003a48,14920,TelemetryTask,"[14920, 536908656, 200, 0]"
173420,530825.4027777778,92,0x20003a48,14920,UartTxTask,"[14920, 3758096384, 20, 1]"
173425,531562.6712962963,92,0x200080a0,32928,UartTxTask,"[32928, 3758096384, 0, 1]"
173430,540781.8425925926,90,0x20003a48,14920,TelemetryTask,"[14920, 536908656, 200, 0]"
173434,540825.9675925926,92,0x20003a48,14920,UartTxTask,"[14920, 3758096384, 20, 1]"
173439,541563.0138888889,92,0x200080a0,32928,UartTxTask,"[32928, 3758096384, 0, 1]"
173444,550781.8657407408,90,0x20003a48,14920,TelemetryTask,"[14920, 536908656, 200, 0]"
173448,550825.25,92,0x20003a48,14920,UartTxTask,"[14920, 3758096384, 20, 1]"
173453,551561.9351851852,92,0x200080a0,32928,UartTxTask,"[32928, 3758096384, 0, 1]"
173458,560781.5925925926,90,0x20003a48,14920,TelemetryTask,"[14920, 536908656, 200, 0]"
173462,560824.3842592592,92,0x20003a48,14920,UartTxTask,"[14920, 3758096384, 20, 1]"
173467,561561.5601851852,92,0x200080a0,32928,UartTxTask,"[32928, 3758096384, 0, 1]"
173472,570781.7916666666,90,0x20003a48,14920,TelemetryTask,"[14920, 536908656, 200, 0]"
173476,570825.5046296297,92,0x20003a48,14920,UartTxTask,"[14920, 3758096384, 20, 1]"
173481,571562.4814814815,92,0x200080a0,32928,UartTxTask,"[32928, 3758096384, 0, 1]"
173486,580781.5324074074,90,0x20003a48,14920,TelemetryTask,"[14920, 536908656, 200, 0]"
173490,580824.7638888889,92,0x20003a48,14920,UartTxTask,"[14920, 3758096384, 20, 1]"
173495,581561.6388888889,92,0x200080a0,32928,UartTxTask,"[32928, 3758096384, 0, 1]"
173500,590779.9120370371,90,0x20003a48,14920,TelemetryTask,"[14920, 536908656, 200, 0]"
173504,590823.2175925926,92,0x20003a48,14920,UartTxTask,"[14920, 3758096384, 20, 1]"
173509,591560.1620370371,92,0x200080a0,32928,UartTxTask,"[32928, 3758096384, 0, 1]"
173514,600781.7129629629,90,0x20003a48,14920,TelemetryTask,"[14920, 536908656, 200, 0]"
173518,600824.1851851852,92,0x20003a48,14920,UartTxTask,"[14920, 3758096384, 20, 1]"
173523,601561.1620370371,92,0x200080a0,32928,UartTxTask,"[32928, 3758096384, 0, 1]"
173528,610781.8472222222,90,0x20003a48,14920,TelemetryTask,"[14920, 536908656, 200, 0]"
173532,610826.1851851852,92,0x20003a48,14920,UartTxTask,"[14920, 3758096384, 20, 1]"
173537,611562.9722222222,92,0x200080a0,32928,UartTxTask,"[32928, 3758096384, 0, 1]"
173542,620781.2407407408,90,0x20003a48,14920,TelemetryTask,"[14920, 536908656, 200, 0]"
173546,620823.7638888889,92,0x20003a48,14920,UartTxTask,"[14920, 3758096384, 20, 1]"
173551,621561.0601851852,92,0x200080a0,32928,UartTxTask,"[32928, 3758096384, 0, 1]"
173556,630781.8981481482,90,0x20003a48,14920,TelemetryTask,"[14920, 536908656, 200, 0]"
173560,630825.1898148148,92,0x20003a48,14920,UartTxTask,"[14920, 3758096384, 20, 1]"
173565,631561.8657407408,92,0x200080a0,32928,UartTxTask,"[32928, 3758096384, 0, 1]"
173570,640781.2916666666,90,0x20003a48,14920,TelemetryTask,"[14920, 536908656, 200, 0]"
173574,640824.6203703703,92,0x20003a48,14920,UartTxTask,"[14920, 3758096384, 20, 1]"
173579,641561.375,92,0x200080a0,32928,UartTxTask,"[32928, 3758096384, 0, 1]"
173584,650780.4814814815,90,0x20003a48,14920,TelemetryTask,"[14920, 536908656, 200, 0]"
173588,650824.0231481482,92,0x20003a48,14920,UartTxTask,"[14920, 3758096384, 20, 1]"
173593,651560.8425925926,92,0x200080a0,32928,UartTxTask,"[32928, 3758096384, 0, 1]"
173598,660781.0601851852,90,0x20003a48,14920,TelemetryTask,"[14920, 536908656, 200, 0]"
173602,660824.0879629629,92,0x20003a48,14920,UartTxTask,"[14920, 3758096384, 20, 1]"
173607,661561.0277777778,92,0x200080a0,32928,UartTxTask,"[32928, 3758096384, 0, 1]"
173612,670781.2731481482,90,0x20003a48,14920,TelemetryTask,"[14920, 536908656, 200, 0]"
173616,670824.1342592592,92,0x20003a48,14920,UartTxTask,"[14920, 3758096384, 20, 1]"
173621,671560.7592592592,92,0x200080a0,32928,UartTxTask,"[32928, 3758096384, 0, 1]"
173626,680781.4861111111,90,0x20003a48,14920,TelemetryTask,"[14920, 536908656, 200, 0]"
173630,680823.9027777778,92,0x20003a48,14920,UartTxTask,"[14920, 3758096384, 20, 1]"
173635,681560.9212962963,92,0x200080a0,32928,UartTxTask,"[32928, 3758096384, 0, 1]"
173640,690781.199074074,90,0x20003a48,14920,TelemetryTask,"[14920, 536908656, 200, 0]"
173644,690824.6435185185,92,0x20003a48,14920,UartTxTask,"[14920, 3758096384, 20, 1]"
173649,691561.75,92,0x200080a0,32928,UartTxTask,"[32928, 3758096384, 0, 1]"
173654,700780.9907407408,90,0x20003a48,14920,TelemetryTask,"[14920, 536908656, 200, 0]"
173658,700824.300925926,92,0x20003a48,14920,UartTxTask,"[14920, 3758096384, 20, 1]"
173663,701561.3148148148,92,0x200080a0,32928,UartTxTask,"[32928, 3758096384, 0, 1]"
173668,710780.7546296297,90,0x20003a48,14920,TelemetryTask,"[14920, 536908656, 200, 0]"
173672,710823.5416666666,92,0x20003a48,14920,UartTxTask,"[14920, 3758096384, 20, 1]"
173677,711560.4629629629,92,0x200080a0,32928,UartTxTask,"[32928, 3758096384, 0, 1]"
173682,720781.1481481482,90,0x20003a48,14920,TelemetryTask,"[14920, 536908656, 200, 0]"
173686,720824.6388888889,92,0x20003a48,14920,UartTxTask,"[14920, 3758096384, 20, 1]"
173691,721561.300925926,92,0x200080a0,32928,UartTxTask,"[32928, 3758096384, 0, 1]"
173696,730781.1898148148,90,0x20003a48,14920,TelemetryTask,"[14920, 536908656, 200, 0]"
173700,730824.4629629629,92,0x20003a48,14920,UartTxTask,"[14920, 3758096384, 20, 1]"
173705,731561.6851851852,92,0x200080a0,32928,UartTxTask,"[32928, 3758096384, 0, 1]"
173710,740781.1203703703,90,0x20003a48,14920,TelemetryTask,"[14920, 536908656, 200, 0]"
173714,740823.8981481482,92,0x20003a48,14920,UartTxTask,"[14920, 3758096384, 20, 1]"
173719,741561.5925925926,92,0x200080a0,32928,UartTxTask,"[32928, 3758096384, 0, 1]"
173724,750780.6064814815,90,0x20003a48,14920,TelemetryTask,"[14920, 536908656, 200, 0]"
173728,750823.3796296297,92,0x20003a48,14920,UartTxTask,"[14920, 3758096384, 20, 1]"
173733,751560.0277777778,92,0x200080a0,32928,UartTxTask,"[32928, 3758096384, 0, 1]"
173738,760781.3657407408,90,0x20003a48,14920,TelemetryTask,"[14920, 536908656, 200, 0]"
173742,760824.3101851852,92,0x20003a48,14920,UartTxTask,"[14920, 3758096384, 20, 1]"
173747,761561.1388888889,92,0x200080a0,32928,UartTxTask,"[32928, 3758096384, 0, 1]"
173752,770781.1805555555,90,0x20003a48,14920,TelemetryTask,"[14920, 536908656, 200, 0]"
173756,770824.4722222222,92,0x20003a48,14920,UartTxTask,"[14920, 3758096384, 20, 1]"
173761,771561.1296296297,92,0x200080a0,32928,UartTxTask,"[32928, 3758096384, 0, 1]"
173766,780780.0601851852,90,0x20003a48,14920,TelemetryTask,"[14920, 536908656, 200, 0]"
173770,780823.1805555555,92,0x20003a48,14920,UartTxTask,"[14920, 3758096384, 20, 1]"
173775,781560.1388888889,92,0x200080a0,32928,UartTxTask,"[32928, 3758096384, 0, 1]"
173780,790780.7175925926,90,0x20003a48,14920,TelemetryTask,"[14920, 536908656, 200, 0]"
173784,790823.7870370371,92,0x20003a48,14920,UartTxTask,"[14920, 3758096384, 20, 1]"
173789,791560.7824074074,92,0x200080a0,32928,UartTxTask,"[32928, 3758096384, 0, 1]"
173794,800781.4907407408,90,0x20003a48,14920,TelemetryTask,"[14920, 536908656, 200, 0]"
173798,800825.050925926,92,0x20003a48,14920,UartTxTask,"[14920, 3758096384, 20, 1]"
173803,801562.1712962963,92,0x200080a0,32928,UartTxTask,"[32928, 3758096384, 0, 1]"
173808,810780.5,90,0x20003a48,14920,TelemetryTask,"[14920, 536908656, 200, 0]"
173812,810823.5925925926,92,0x20003a48,14920,UartTxTask,"[14920, 3758096384, 20, 1]"
173817,811560.7731481482,92,0x200080a0,32928,UartTxTask,"[32928, 3758096384, 0, 1]"
173822,820780.5324074074,90,0x20003a48,14920,TelemetryTask,"[14920, 536908656, 200, 0]"
173826,820823.5879629629,92,0x20003a48,14920,UartTxTask,"[14920, 3758096384, 20, 1]"
173831,821560.3379629629,92,0x200080a0,32928,UartTxTask,"[32928, 3758096384, 0, 1]"
173836,830780.7824074074,90,0x20003a48,14920,TelemetryTask,"[14920, 536908656, 200, 0]"
173840,830824.7731481482,92,0x20003a48,14920,UartTxTask,"[14920, 3758096384, 20, 1]"
173845,831561.6712962963,92,0x200080a0,32928,UartTxTask,"[32928, 3758096384, 0, 1]"
173850,840780.9537037037,90,0x20003a48,14920,TelemetryTask,"[14920, 536908656, 200, 0]"
173854,840824.3055555555,92,0x20003a48,14920,UartTxTask,"[14920, 3758096384, 20, 1]"
173859,841561.5601851852,92,0x200080a0,32928,UartTxTask,"[32928, 3758096384, 0, 1]"
173864,850781.375,90,0x20003a48,14920,TelemetryTask,"[14920, 536908656, 200, 0]"
173868,850824.550925926,92,0x20003a48,14920,UartTxTask,"[14920, 3758096384, 20, 1]"
173873,851561.3425925926,92,0x200080a0,32928,UartTxTask,"[32928, 3758096384, 0, 1]"
173878,860780.9768518518,90,0x20003a48,14920,TelemetryTask,"[14920, 536908656, 200, 0]"
173882,860824.0277777778,92,0x20003a48,14920,UartTxTask,"[14920, 3758096384, 20, 1]"
173887,861561.4351851852,92,0x200080a0,32928,UartTxTask,"[32928, 3758096384, 0, 1]"
173892,870781.3148148148,90,0x20003a48,14920,TelemetryTask,"[14920, 536908656, 200, 0]"
173896,870823.9907407408,92,0x20003a48,14920,UartTxTask,"[14920, 3758096384, 20, 1]"
173901,871560.7870370371,92,0x200080a0,32928,UartTxTask,"[32928, 3758096384, 0, 1]"
173906,880781.3935185185,90,0x20003a48,14920,TelemetryTask,"[14920, 536908656, 200, 0]"
173910,880823.8657407408,92,0x20003a48,14920,UartTxTask,"[14920, 3758096384, 20, 1]"
173915,881560.9537037037,92,0x200080a0,32928,UartTxTask,"[32928, 3758096384, 0, 1]"
173920,890781.375,90,0x20003a48,14920,TelemetryTask,"[14920, 536908656, 200, 0]"
173924,890824.6851851852,92,0x20003a48,14920,UartTxTask,"[14920, 3758096384, 20, 1]"
173929,891562.1203703703,92,0x200080a0,32928,UartTxTask,"[32928, 3758096384, 0, 1]"
173934,900781.4444444445,90,0x20003a48,14920,TelemetryTask,"[14920, 536908656, 200, 0]"
173938,900824.4305555555,92,0x20003a48,14920,UartTxTask,"[14920, 3758096384, 20, 1]"
173943,901561.3564814815,92,0x200080a0,32928,UartTxTask,"[32928, 3758096384, 0, 1]"
173948,910781.5277777778,90,0x20003a48,14920,TelemetryTask,"[14920, 536908656, 200, 0]"
173952,910824.125,92,0x20003a48,14920,UartTxTask,"[14920, 3758096384, 20, 1]"
173957,911560.8379629629,92,0x200080a0,32928,UartTxTask,"[32928, 3758096384, 0, 1]"
173962,920780.7037037037,90,0x20003a48,14920,TelemetryTask,"[14920, 536908656, 200, 0]"
173966,920823.4537037037,92,0x20003a48,14920,UartTxTask,"[14920, 3758096384, 20, 1]"
173971,921560.9861111111,92,0x200080a0,32928,UartTxTask,"[32928, 3758096384, 0, 1]"
173976,930781.9027777778,90,0x20003a48,14920,TelemetryTask,"[14920, 536908656, 200, 0]"
173980,930824.8287037037,92,0x20003a48,14920,UartTxTask,"[14920, 3758096384, 20, 1]"
173985,931561.7962962963,92,0x200080a0,32928,UartTxTask,"[32928, 3758096384, 0, 1]"
173990,940781.0601851852,90,0x20003a48,14920,TelemetryTask,"[14920, 536908656, 200, 0]"
173994,940824.2453703703,92,0x20003a48,14920,UartTxTask,"[14920, 3758096384, 20, 1]"
173999,941561.2129629629,92,0x200080a0,32928,UartTxTask,"[32928, 3758096384, 0, 1]"
174004,950781.074074074,90,0x20003a48,14920,TelemetryTask,"[14920, 536908656, 200, 0]"
174008,950823.5833333334,92,0x20003a48,14920,UartTxTask,"[14920, 3758096384, 20, 1]"
174013,951560.6481481482,92,0x200080a0,32928,UartTxTask,"[32928, 3758096384, 0, 1]"
174018,960780.7685185185,90,0x20003a48,14920,TelemetryTask,"[14920, 536908656, 200, 0]"
174022,960823.8657407408,92,0x20003a48,14920,UartTxTask,"[14920, 3758096384, 20, 1]"
174027,961561.2592592592,92,0x200080a0,32928,UartTxTask,"[32928, 3758096384, 0, 1]"
174032,970780.8981481482,90,0x20003a48,14920,TelemetryTask,"[14920, 536908656, 200, 0]"
174036,970823.324074074,92,0x20003a48,14920,UartTxTask,"[14920, 3758096384, 20, 1]"
174041,971560.9398148148,92,0x200080a0,32928,UartTxTask,"[32928, 3758096384, 0, 1]"
174046,980780.3611111111,90,0x20003a48,14920,TelemetryTask,"[14920, 536908656, 200, 0]"
174050,980823.4722222222,92,0x20003a48,14920,UartTxTask,"[14920, 3758096384, 20, 1]"
174055,981560.2453703703,92,0x200080a0,32928,UartTxTask,"[32928, 3758096384, 0, 1]"
174060,990780.0555555555,90,0x20003a48,14920,TelemetryTask,"[14920, 536908656, 200, 0]"
174064,990823.1388888889,92,0x20003a48,14920,UartTxTask,"[14920, 3758096384, 20, 1]"
174069,991560.0972222222,92,0x200080a0,32928,UartTxTask,"[32928, 3758096384, 0, 1]"
174074,1000780.5925925926,90,0x20003a48,14920,TelemetryTask,"[14920, 536908656, 200, 0]"
174078,1000824.2129629629,92,0x20003a48,14920,UartTxTask,"[14920, 3758096384, 20, 1]"
174083,1001561.3148148148,92,0x200080a0,32928,UartTxTask,"[32928, 3758096384, 0, 1]"
174088,1010780.2222222222,90,0x20003a48,14920,TelemetryTask,"[14920, 536908656, 200, 0]"
174092,1010822.6527777778,92,0x20003a48,14920,UartTxTask,"[14920, 3758096384, 20, 1]"
174097,1011559.3703703703,92,0x200080a0,32928,UartTxTask,"[32928, 3758096384, 0, 1]"
174102,1020780.7407407408,90,0x20003a48,14920,TelemetryTask,"[14920, 536908656, 200, 0]"
174106,1020824.0324074074,92,0x20003a48,14920,UartTxTask,"[14920, 3758096384, 20, 1]"
174111,1021561.5601851852,92,0x200080a0,32928,UartTxTask,"[32928, 3758096384, 0, 1]"
174116,1030780.8888888889,90,0x20003a48,14920,TelemetryTask,"[14920, 536908656, 200, 0]"
174120,1030823.9074074074,92,0x20003a48,14920,UartTxTask,"[14920, 3758096384, 20, 1]"
174125,1031560.9166666666,92,0x200080a0,32928,UartTxTask,"[32928, 3758096384, 0, 1]"
174130,1040781.0370370371,90,0x20003a48,14920,TelemetryTask,"[14920, 536908656, 200, 0]"
174134,1040824.2129629629,92,0x20003a48,14920,UartTxTask,"[14920, 3758096384, 20, 1]"
174139,1041560.949074074,92,0x200080a0,32928,UartTxTask,"[32928, 3758096384, 0, 1]"
174144,1050781.5277777778,90,0x20003a48,14920,TelemetryTask,"[14920, 536908656, 200, 0]"
174148,1050825.037037037,92,0x20003a48,14920,UartTxTask,"[14920, 3758096384, 20, 1]"
174153,1051562.263888889,92,0x200080a0,32928,UartTxTask,"[32928, 3758096384, 0, 1]"
174158,1060781.7546296297,90,0x20003a48,14920,TelemetryTask,"[14920, 536908656, 200, 0]"
174162,1060825.6435185184,92,0x20003a48,14920,UartTxTask,"[14920, 3758096384, 20, 1]"
174167,1061562.513888889,92,0x200080a0,32928,UartTxTask,"[32928, 3758096384, 0, 1]"
174172,1070781.3703703703,90,0x20003a48,14920,TelemetryTask,"[14920, 536908656, 200, 0]"
174176,1070825.0462962964,92,0x20003a48,14920,UartTxTask,"[14920, 3758096384, 20, 1]"
174181,1071561.962962963,92,0x200080a0,32928,UartTxTask,"[32928, 3758096384, 0, 1]"
174186,1080782.212962963,90,0x20003a48,14920,TelemetryTask,"[14920, 536908656, 200, 0]"
174190,1080825.0972222222,92,0x20003a48,14920,UartTxTask,"[14920, 3758096384, 20, 1]"
174195,1081561.5740740742,92,0x200080a0,32928,UartTxTask,"[32928, 3758096384, 0, 1]"
174200,1090781.625,90,0x20003a48,14920,TelemetryTask,"[14920, 536908656, 200, 0]"
174204,1090825.1203703703,92,0x20003a48,14920,UartTxTask,"[14920, 3758096384, 20, 1]"
174209,1091562.1898148148,92,0x200080a0,32928,UartTxTask,"[32928, 3758096384, 0, 1]"
174214,1100781.273148148,90,0x20003a48,14920,TelemetryTask,"[14920, 536908656, 200, 0]"
174218,1100824.351851852,92,0x20003a48,14920,UartTxTask,"[14920, 3758096384, 20, 1]"
174223,1101561.3009259258,92,0x200080a0,32928,UartTxTask,"[32928, 3758096384, 0, 1]"
174228,1110781.7824074074,90,0x20003a48,14920,TelemetryTask,"[14920, 536908656, 200, 0]"
174232,1110824.537037037,92,0x20003a48,14920,UartTxTask,"[14920, 3758096384, 20, 1]"
174237,1111561.8472222222,92,0x200080a0,32928,UartTxTask,"[32928, 3758096384, 0, 1]"
174242,1120781.3333333333,90,0x20003a48,14920,TelemetryTask,"[14920, 536908656, 200, 0]"
174246,1120824.7453703703,92,0x20003a48,14920,UartTxTask,"[14920, 3758096384, 20, 1]"
174251,1121561.162037037,92,0x200080a0,32928,UartTxTask,"[32928, 3758096384, 0, 1]"
174256,1130780.851851852,90,0x20003a48,14920,TelemetryTask,"[14920, 536908656, 200, 0]"
174260,1130824.1805555555,92,0x20003a48,14920,UartTxTask,"[14920, 3758096384, 20, 1]"
174265,1131561.0555555555,92,0x200080a0,32928,UartTxTask,"[32928, 3758096384, 0, 1]"
174270,1140781.712962963,90,0x20003a48,14920,TelemetryTask,"[14920, 536908656, 200, 0]"
174274,1140825.4722222222,92,0x20003a48,14920,UartTxTask,"[14920, 3758096384, 20, 1]"
174279,1141562.4259259258,92,0x200080a0,32928,UartTxTask,"[32928, 3758096384, 0, 1]"
174284,1150780.662037037,90,0x20003a48,14920,TelemetryTask,"[14920, 536908656, 200, 0]"
174288,1150823.6296296297,92,0x20003a48,14920,UartTxTask,"[14920, 3758096384, 20, 1]"
174293,1151560.4212962964,92,0x200080a0,32928,UartTxTask,"[32928, 3758096384, 0, 1]"
174298,1160780.9074074074,90,0x20003a48,14920,TelemetryTask,"[14920, 536908656, 200, 0]"
174302,1160823.6944444445,92,0x20003a48,14920,UartTxTask,"[14920, 3758096384, 20, 1]"
174307,1161560.6805555555,92,0x200080a0,32928,UartTxTask,"[32928, 3758096384, 0, 1]"
174312,1170780.8935185184,90,0x20003a48,14920,TelemetryTask,"[14920, 536908656, 200, 0]"
174316,1170823.7314814816,92,0x20003a48,14920,UartTxTask,"[14920, 3758096384, 20, 1]"
174321,1171561.1851851852,92,0x200080a0,32928,UartTxTask,"[32928, 3758096384, 0, 1]"
174326,1180781.2314814816,90,0x20003a48,14920,TelemetryTask,"[14920, 536908656, 200, 0]"
174330,1180823.7962962964,92,0x20003a48,14920,UartTxTask,"[14920, 3758096384, 20, 1]"
174335,1181560.5555555555,92,0x200080a0,32928,UartTxTask,"[32928, 3758096384, 0, 1]"
174340,1190781.648148148,90,0x20003a48,14920,TelemetryTask,"[14920, 536908656, 200, 0]"
174344,1190825.3935185184,92,0x20003a48,14920,UartTxTask,"[14920, 3758096384, 20, 1]"
174349,1191562.2777777778,92,0x200080a0,32928,UartTxTask,"[32928, 3758096384, 0, 1]"
174354,1200781.226851852,90,0x20003a48,14920,TelemetryTask,"[14920, 536908656, 200, 0]"
174358,1200824.2314814816,92,0x20003a48,14920,UartTxTask,"[14920, 3758096384, 20, 1]"
174363,1201561.2546296297,92,0x200080a0,32928,UartTxTask,"[32928, 3758096384, 0, 1]"
174368,1210781.0509259258,90,0x20003a48,14920,TelemetryTask,"[14920, 536908656, 200, 0]"
174372,1210824.236111111,92,0x20003a48,14920,UartTxTask,"[14920, 3758096384, 20, 1]"
174377,1211561.1064814816,92,0x200080a0,32928,UartTxTask,"[32928, 3758096384, 0, 1]"
174382,1220780.4814814816,90,0x20003a48,14920,TelemetryTask,"[14920, 536908656, 200, 0]"
174386,1220822.8287037036,92,0x20003a48,14920,UartTxTask,"[14920, 3758096384, 20, 1]"
174391,1221560.2777777778,92,0x200080a0,32928,UartTxTask,"[32928, 3758096384, 0, 1]"
174396,1230782.0416666667,90,0x20003a48,14920,TelemetryTask,"[14920, 536908656, 200, 0]"
174400,1230825.2962962964,92,0x20003a48,14920,UartTxTask,"[14920, 3758096384, 20, 1]"
174405,1231562.8194444445,92,0x200080a0,32928,UartTxTask,"[32928, 3758096384, 0, 1]"
174410,1240780.8657407407,90,0x20003a48,14920,TelemetryTask,"[14920, 536908656, 200, 0]"
174414,1240823.8935185184,92,0x20003a48,14920,UartTxTask,"[14920, 3758096384, 20, 1]"
174419,1241561.3472222222,92,0x200080a0,32928,UartTxTask,"[32928, 3758096384, 0, 1]"
174423,1245315.111111111,96,0x20003970,14704,ISR#56,"[14704, 537198440]"
174427,1245350.0416666667,92,0x20003970,14704,ButtonTask,"[14704, 3758096384, 4294967295, 1]"
174428,1245451.263888889,90,0x20003a48,14920,ButtonTask,"[14920, 536906932, 200, 0]"
174432,1245497.462962963,92,0x20003a48,14920,UartTxTask,"[14920, 3758096384, 20, 1]"
174437,1246232.287037037,92,0x200080a0,32928,UartTxTask,"[32928, 3758096384, 0, 1]"
174442,1250781.523148148,90,0x20003a48,14920,TelemetryTask,"[14920, 536908656, 200, 0]"
174446,1250825.0416666667,92,0x20003a48,14920,UartTxTask,"[14920, 3758096384, 20, 1]"
174451,1251561.8425925926,92,0x200080a0,32928,UartTxTask,"[32928, 3758096384, 0, 1]"
174456,1260780.6805555555,90,0x20003a48,14920,TelemetryTask,"[14920, 536908656, 200, 0]"
174460,1260823.9351851852,92,0x20003a48,14920,UartTxTask,"[14920, 3758096384, 20, 1]"
174465,1261561.3657407407,92,0x200080a0,32928,UartTxTask,"[32928, 3758096384, 0, 1]"
174470,1270782.0833333333,90,0x20003a48,14920,TelemetryTask,"[14920, 536908656, 200, 0]"
174474,1270825.148148148,92,0x20003a48,14920,UartTxTask,"[14920, 3758096384, 20, 1]"
174479,1271562.3842592593,92,0x200080a0,32928,UartTxTask,"[32928, 3758096384, 0, 1]"
174484,1280780.611111111,90,0x20003a48,14920,TelemetryTask,"[14920, 536908656, 200, 0]"
174488,1280823.638888889,92,0x20003a48,14920,UartTxTask,"[14920, 3758096384, 20, 1]"
174493,1281561.101851852,92,0x200080a0,32928,UartTxTask,"[32928, 3758096384, 0, 1]"
174498,1290780.7407407407,90,0x20003a48,14920,TelemetryTask,"[14920, 536908656, 200, 0]"
174502,1290823.625,92,0x20003a48,14920,UartTxTask,"[14920, 3758096384, 20, 1]"
174507,1291560.351851852,92,0x200080a0,32928,UartTxTask,"[32928, 3758096384, 0, 1]"
174512,1300780.476851852,90,0x20003a48,14920,TelemetryTask,"[14920, 536908656, 200, 0]"
174516,1300822.8148148148,92,0x20003a48,14920,UartTxTask,"[14920, 3758096384, 20, 1]"
174521,1301560.2962962964,92,0x200080a0,32928,UartTxTask,"[32928, 3758096384, 0, 1]"
174526,1310780.287037037,90,0x20003a48,14920,TelemetryTask,"[14920, 536908656, 200, 0]"
174530,1310823.8796296297,92,0x20003a48,14920,UartTxTask,"[14920, 3758096384, 20, 1]"
174535,1311560.6157407407,92,0x200080a0,32928,UartTxTask,"[32928, 3758096384, 0, 1]"
174540,1320780.7592592593,90,0x20003a48,14920,TelemetryTask,"[14920, 536908656, 200, 0]"
174544,1320823.9212962964,92,0x20003a48,14920,UartTxTask,"[14920, 3758096384, 20, 1]"
174549,1321560.25,92,0x200080a0,32928,UartTxTask,"[32928, 3758096384, 0, 1]"
174554,1330780.787037037,90,0x20003a48,14920,TelemetryTask,"[14920, 536908656, 200, 0]"
174558,1330823.4351851852,92,0x20003a48,14920,UartTxTask,"[14920, 3758096384, 20, 1]"
174563,1331560.4398148148,92,0x200080a0,32928,UartTxTask,"[32928, 3758096384, 0, 1]"
174568,1340781.412037037,90,0x20003a48,14920,TelemetryTask,"[14920, 536908656, 200, 0]"
174572,1340824.8101851852,92,0x20003a48,14920,UartTxTask,"[14920, 3758096384, 20, 1]"
174577,1341561.6435185184,92,0x200080a0,32928,UartTxTask,"[32928, 3758096384, 0, 1]"
174582,1350780.3472222222,90,0x20003a48,14920,TelemetryTask,"[14920, 536908656, 200, 0]"
174586,1350823.7592592593,92,0x20003a48,14920,UartTxTask,"[14920, 3758096384, 20, 1]"
174591,1351560.25,92,0x200080a0,32928,UartTxTask,"[32928, 3758096384, 0, 1]"
174596,1360781.7037037036,90,0x20003a48,14920,TelemetryTask,"[14920, 536908656, 200, 0]"
174600,1360824.9212962964,92,0x20003a48,14920,UartTxTask,"[14920, 3758096384, 20, 1]"
174605,1361561.9583333333,92,0x200080a0,32928,UartTxTask,"[32928, 3758096384, 0, 1]"
174610,1370781.5694444445,90,0x20003a48,14920,TelemetryTask,"[14920, 536908656, 200, 0]"
174614,1370824.537037037,92,0x20003a48,14920,UartTxTask,"[14920, 3758096384, 20, 1]"
174619,1371561.648148148,92,0x200080a0,32928,UartTxTask,"[32928, 3758096384, 0, 1]"
174624,1380780.875,90,0x20003a48,14920,TelemetryTask,"[14920, 536908656, 200, 0]"
174628,1380824.3055555555,92,0x20003a48,14920,UartTxTask,"[14920, 3758096384, 20, 1]"
174633,1381561.5509259258,92,0x200080a0,32928,UartTxTask,"[32928, 3758096384, 0, 1]"
174638,1390781.7592592593,90,0x20003a48,14920,TelemetryTask,"[14920, 536908656, 200, 0]"
174642,1390824.986111111,92,0x20003a48,14920,UartTxTask,"[14920, 3758096384, 20, 1]"
174647,1391561.7824074074,92,0x200080a0,32928,UartTxTask,"[32928, 3758096384, 0, 1]"
174652,1400782.101851852,90,0x20003a48,14920,TelemetryTask,"[14920, 536908656, 200, 0]"
174656,1400825.6064814816,92,0x20003a48,14920,UartTxTask,"[14920, 3758096384, 20, 1]"
174661,1401562.8703703703,92,0x200080a0,32928,UartTxTask,"[32928, 3758096384, 0, 1]"
174666,1410780.9074074074,90,0x20003a48,14920,TelemetryTask,"[14920, 536908656, 200, 0]"
174670,1410823.875,92,0x20003a48,14920,UartTxTask,"[14920, 3758096384, 20, 1]"
174675,1411560.7407407407,92,0x200080a0,32928,UartTxTask,"[32928, 3758096384, 0, 1]"
174680,1420780.6712962964,90,0x20003a48,14920,TelemetryTask,"[14920, 536908656, 200, 0]"
174684,1420824.138888889,92,0x20003a48,14920,UartTxTask,"[14920, 3758096384, 20, 1]"
174689,1421561.4398148148,92,0x200080a0,32928,UartTxTask,"[32928, 3758096384, 0, 1]"
174694,1430781.148148148,90,0x20003a48,14920,TelemetryTask,"[14920, 536908656, 200, 0]"
174698,1430824.1527777778,92,0x20003a48,14920,UartTxTask,"[14920, 3758096384, 20, 1]"
174703,1431561.287037037,92,0x200080a0,32928,UartTxTask,"[32928, 3758096384, 0, 1]"
174708,1440780.8055555555,90,0x20003a48,14920,TelemetryTask,"[14920, 536908656, 200, 0]"
174712,1440824.1157407407,92,0x20003a48,14920,UartTxTask,"[14920, 3758096384, 20, 1]"
174717,1441560.8564814816,92,0x200080a0,32928,UartTxTask,"[32928, 3758096384, 0, 1]"
174722,1450780.4398148148,90,0x20003a48,14920,TelemetryTask,"[14920, 536908656, 200, 0]"
174726,1450824.2175925926,92,0x20003a48,14920,UartTxTask,"[14920, 3758096384, 20, 1]"
174731,1451561.212962963,92,0x200080a0,32928,UartTxTask,"[32928, 3758096384, 0, 1]"
174736,1460780.0787037036,90,0x20003a48,14920,TelemetryTask,"[14920, 536908656, 200, 0]"
174740,1460822.6296296297,92,0x20003a48,14920,UartTxTask,"[14920, 3758096384, 20, 1]"
174745,1461559.273148148,92,0x200080a0,32928,UartTxTask,"[32928, 3758096384, 0, 1]"
174750,1470780.875,90,0x20003a48,14920,TelemetryTask,"[14920, 536908656, 200, 0]"
174754,1470823.8101851852,92,0x20003a48,14920,UartTxTask,"[14920, 3758096384, 20, 1]"
174759,1471560.662037037,92,0x200080a0,32928,UartTxTask,"[32928, 3758096384, 0, 1]"
174764,1480782.0324074074,90,0x20003a48,14920,TelemetryTask,"[14920, 536908656, 200, 0]"
174768,1480824.9814814816,92,0x20003a48,14920,UartTxTask,"[14920, 3758096384, 20, 1]"
174773,1481561.6944444445,92,0x200080a0,32928,UartTxTask,"[32928, 3758096384, 0, 1]"
174778,1490780.8055555555,90,0x20003a48,14920,TelemetryTask,"[14920, 536908656, 200, 0]"
174782,1490823.986111111,92,0x20003a48,14920,UartTxTask,"[14920, 3758096384, 20, 1]"
174787,1491561.5092592593,92,0x200080a0,32928,UartTxTask,"[32928, 3758096384, 0, 1]"
174792,1500780.9074074074,90,0x20003a48,14920,TelemetryTask,"[14920, 536908656, 200, 0]"
174796,1500823.861111111,92,0x20003a48,14920,UartTxTask,"[14920, 3758096384, 20, 1]"
174801,1501560.9675925926,92,0x200080a0,32928,UartTxTask,"[32928, 3758096384, 0, 1]"
174806,1510780.5509259258,90,0x20003a48,14920,TelemetryTask,"[14920, 536908656, 200, 0]"
174810,1510824.013888889,92,0x20003a48,14920,UartTxTask,"[14920, 3758096384, 20, 1]"
174815,1511560.625,92,0x200080a0,32928,UartTxTask,"[32928, 3758096384, 0, 1]"
174820,1520780.462962963,90,0x20003a48,14920,TelemetryTask,"[14920, 536908656, 200, 0]"
174824,1520823.2592592593,92,0x20003a48,14920,UartTxTask,"[14920, 3758096384, 20, 1]"
174829,1521560.212962963,92,0x200080a0,32928,UartTxTask,"[32928, 3758096384, 0, 1]"
174834,1530780.712962963,90,0x20003a48,14920,TelemetryTask,"[14920, 536908656, 200, 0]"
174838,1530823.4953703703,92,0x20003a48,14920,UartTxTask,"[14920, 3758096384, 20, 1]"
174843,1531560.2824074074,92,0x200080a0,32928,UartTxTask,"[32928, 3758096384, 0, 1]"
174848,1540781.25,90,0x20003a48,14920,TelemetryTask,"[14920, 536908656, 200, 0]"
174852,1540824.5925925926,92,0x20003a48,14920,UartTxTask,"[14920, 3758096384, 20, 1]"
174857,1541561.3425925926,92,0x200080a0,32928,UartTxTask,"[32928, 3758096384, 0, 1]"
174862,1550781.1712962964,90,0x20003a48,14920,TelemetryTask,"[14920, 536908656, 200, 0]"
174866,1550824.263888889,92,0x20003a48,14920,UartTxTask,"[14920, 3758096384, 20, 1]"
174871,1551561.462962963,92,0x200080a0,32928,UartTxTask,"[32928, 3758096384, 0, 1]"
174876,1560781.375,90,0x20003a48,14920,TelemetryTask,"[14920, 536908656, 200, 0]"
174880,1560824.4814814816,92,0x20003a48,14920,UartTxTask,"[14920, 3758096384, 20, 1]"
174885,1561561.3287037036,92,0x200080a0,32928,UartTxTask,"[32928, 3758096384, 0, 1]"
174890,1570780.8055555555,90,0x20003a48,14920,TelemetryTask,"[14920, 536908656, 200, 0]"
174894,1570824.0740740742,92,0x20003a48,14920,UartTxTask,"[14920, 3758096384, 20, 1]"
174899,1571561.0416666667,92,0x200080a0,32928,UartTxTask,"[32928, 3758096384, 0, 1]"
174904,1580780.4212962964,90,0x20003a48,14920,TelemetryTask,"[14920, 536908656, 200, 0]"
174908,1580822.9907407407,92,0x20003a48,14920,UartTxTask,"[14920, 3758096384, 20, 1]"
174913,1581559.5046296297,92,0x200080a0,32928,UartTxTask,"[32928, 3758096384, 0, 1]"
174918,1590780.398148148,90,0x20003a48,14920,TelemetryTask,"[14920, 536908656, 200, 0]"
174922,1590823.6435185184,92,0x20003a48,14920,UartTxTask,"[14920, 3758096384, 20, 1]"
174927,1591560.648148148,92,0x200080a0,32928,UartTxTask,"[32928, 3758096384, 0, 1]"
174932,1600781.0092592593,90,0x20003a48,14920,TelemetryTask,"[14920, 536908656, 200, 0]"
174936,1600824.2037037036,92,0x20003a48,14920,UartTxTask,"[14920, 3758096384, 20, 1]"
174941,1601561.013888889,92,0x200080a0,32928,UartTxTask,"[32928, 3758096384, 0, 1]"
174946,1610781.712962963,90,0x20003a48,14920,TelemetryTask,"[14920, 536908656, 200, 0]"
174950,1610824.986111111,92,0x20003a48,14920,UartTxTask,"[14920, 3758096384, 20, 1]"
174955,1611562.2407407407,92,0x200080a0,32928,UartTxTask,"[32928, 3758096384, 0, 1]"
174960,1620780.888888889,90,0x20003a48,14920,TelemetryTask,"[14920, 536908656, 200, 0]"
174964,1620824.4675925926,92,0x20003a48,14920,UartTxTask,"[14920, 3758096384, 20, 1]"
174969,1621562.0694444445,92,0x200080a0,32928,UartTxTask,"[32928, 3758096384, 0, 1]"
174974,1630781.1527777778,90,0x20003a48,14920,TelemetryTask,"[14920, 536908656, 200, 0]"
174978,1630824.9907407407,92,0x20003a48,14920,UartTxTask,"[14920, 3758096384, 20, 1]"
174983,1631561.7592592593,92,0x200080a0,32928,UartTxTask,"[32928, 3758096384, 0, 1]"
174988,1640781.1990740742,90,0x20003a48,14920,TelemetryTask,"[14920, 536908656, 200, 0]"
174992,1640824.4953703703,92,0x20003a48,14920,UartTxTask,"[14920, 3758096384, 20, 1]"
174997,1641561.9953703703,92,0x200080a0,32928,UartTxTask,"[32928, 3758096384, 0, 1]"
175002,1650780.9814814816,90,0x20003a48,14920,TelemetryTask,"[14920, 536908656, 200, 0]"
175006,1650824.1898148148,92,0x20003a48,14920,UartTxTask,"[14920, 3758096384, 20, 1]"
175011,1651560.9907407407,92,0x200080a0,32928,UartTxTask,"[32928, 3758096384, 0, 1]"
175016,1660780.6574074074,90,0x20003a48,14920,TelemetryTask,"[14920, 536908656, 200, 0]"
175020,1660823.7777777778,92,0x20003a48,14920,UartTxTask,"[14920, 3758096384, 20, 1]"
175025,1661560.587962963,92,0x200080a0,32928,UartTxTask,"[32928, 3758096384, 0, 1]"
175030,1670780.9490740742,90,0x20003a48,14920,TelemetryTask,"[14920, 536908656, 200, 0]"
175034,1670824.3657407407,92,0x20003a48,14920,UartTxTask,"[14920, 3758096384, 20, 1]"
175039,1671561.726851852,92,0x200080a0,32928,UartTxTask,"[32928, 3758096384, 0, 1]"
175044,1680780.773148148,90,0x20003a48,14920,TelemetryTask,"[14920, 536908656, 200, 0]"
175048,1680824.1157407407,92,0x20003a48,14920,UartTxTask,"[14920, 3758096384, 20, 1]"
175053,1681560.9259259258,92,0x200080a0,32928,UartTxTask,"[32928, 3758096384, 0, 1]"
175058,1690781.3564814816,90,0x20003a48,14920,TelemetryTask,"[14920, 536908656, 200, 0]"
175062,1690824.7777777778,92,0x20003a48,14920,UartTxTask,"[14920, 3758096384, 20, 1]"
175067,1691562.2962962964,92,0x200080a0,32928,UartTxTask,"[32928, 3758096384, 0, 1]"
175072,1700780.9583333333,90,0x20003a48,14920,TelemetryTask,"[14920, 536908656, 200, 0]"
175076,1700824.0416666667,92,0x20003a48,14920,UartTxTask,"[14920, 3758096384, 20, 1]"
175081,1701561.1296296297,92,0x200080a0,32928,UartTxTask,"[32928, 3758096384, 0, 1]"
175086,1710781.388888889,90,0x20003a48,14920,TelemetryTask,"[14920, 536908656, 200, 0]"
175090,1710824.6435185184,92,0x20003a48,14920,UartTxTask,"[14920, 3758096384, 20, 1]"
175095,1711561.513888889,92,0x200080a0,32928,UartTxTask,"[32928, 3758096384, 0, 1]"
175100,1720781.5972222222,90,0x20003a48,14920,TelemetryTask,"[14920, 536908656, 200, 0]"
175104,1720824.9675925926,92,0x20003a48,14920,UartTxTask,"[14920, 3758096384, 20, 1]"
175109,1721561.7777777778,92,0x200080a0,32928,UartTxTask,"[32928, 3758096384, 0, 1]"
175114,1730781.0046296297,90,0x20003a48,14920,TelemetryTask,"[14920, 536908656, 200, 0]"
175118,1730824.2962962964,92,0x20003a48,14920,UartTxTask,"[14920, 3758096384, 20, 1]"
175123,1731561.388888889,92,0x200080a0,32928,UartTxTask,"[32928, 3758096384, 0, 1]"
175128,1740782.0185185184,90,0x20003a48,14920,TelemetryTask,"[14920, 536908656, 200, 0]"
175132,1740824.888888889,92,0x20003a48,14920,UartTxTask,"[14920, 3758096384, 20, 1]"
175137,1741562.023148148,92,0x200080a0,32928,UartTxTask,"[32928, 3758096384, 0, 1]"
175142,1750780.7685185184,90,0x20003a48,14920,TelemetryTask,"[14920, 536908656, 200, 0]"
175146,1750824.2407407407,92,0x20003a48,14920,UartTxTask,"[14920, 3758096384, 20, 1]"
175151,1751561.513888889,92,0x200080a0,32928,UartTxTask,"[32928, 3758096384, 0, 1]"
175156,1760781.111111111,90,0x20003a48,14920,TelemetryTask,"[14920, 536908656, 200, 0]"
175160,1760824.1203703703,92,0x20003a48,14920,UartTxTask,"[14920, 3758096384, 20, 1]"
175165,1761560.6296296297,92,0x200080a0,32928,UartTxTask,"[32928, 3758096384, 0, 1]"
175170,1770780.5185185184,90,0x20003a48,14920,TelemetryTask,"[14920, 536908656, 200, 0]"
175174,1770823.6064814816,92,0x20003a48,14920,UartTxTask,"[14920, 3758096384, 20, 1]"
175179,1771560.5601851852,92,0x200080a0,32928,UartTxTask,"[32928, 3758096384, 0, 1]"
175184,1780780.6203703703,90,0x20003a48,14920,TelemetryTask,"[14920, 536908656, 200, 0]"
175188,1780824.0416666667,92,0x20003a48,14920,UartTxTask,"[14920, 3758096384, 20, 1]"
175193,1781561.398148148,92,0x200080a0,32928,UartTxTask,"[32928, 3758096384, 0, 1]"
175198,1790782.601851852,90,0x20003a48,14920,TelemetryTask,"[14920, 536908656, 200, 0]"
175202,1790825.6851851852,92,0x20003a48,14920,UartTxTask,"[14920, 3758096384, 20, 1]"
175207,1791562.7546296297,92,0x200080a0,32928,UartTxTask,"[32928, 3758096384, 0, 1]"
175212,1800781.0092592593,90,0x20003a48,14920,TelemetryTask,"[14920, 536908656, 200, 0]"
175216,1800824.8055555555,92,0x20003a48,14920,UartTxTask,"[14920, 3758096384, 20, 1]"
175221,1801561.3055555555,92,0x200080a0,32928,UartTxTask,"[32928, 3758096384, 0, 1]"
175226,1810780.9953703703,90,0x20003a48,14920,TelemetryTask,"[14920, 536908656, 200, 0]"
175230,1810823.8425925926,92,0x20003a48,14920,UartTxTask,"[14920, 3758096384, 20, 1]"
175235,1811560.7916666667,92,0x200080a0,32928,UartTxTask,"[32928, 3758096384, 0, 1]"
175240,1820780.6759259258,90,0x20003a48,14920,TelemetryTask,"[14920, 536908656, 200, 0]"
175244,1820823.6666666667,92,0x20003a48,14920,UartTxTask,"[14920, 3758096384, 20, 1]"
175249,1821560.337962963,92,0x200080a0,32928,UartTxTask,"[32928, 3758096384, 0, 1]"
175254,1830781.3564814816,90,0x20003a48,14920,TelemetryTask,"[14920, 536908656, 200, 0]"
175258,1830824.0787037036,92,0x20003a48,14920,UartTxTask,"[14920, 3758096384, 20, 1]"
175263,1831561.0046296297,92,0x200080a0,32928,UartTxTask,"[32928, 3758096384, 0, 1]"
175268,1840781.3148148148,90,0x20003a48,14920,TelemetryTask,"[14920, 536908656, 200, 0]"
175272,1840824.8055555555,92,0x20003a48,14920,UartTxTask,"[14920, 3758096384, 20, 1]"
175277,1841562.0416666667,92,0x200080a0,32928,UartTxTask,"[32928, 3758096384, 0, 1]"
175282,1850780.75,90,0x20003a48,14920,TelemetryTask,"[14920, 536908656, 200, 0]"
175286,1850824.1805555555,92,0x20003a48,14920,UartTxTask,"[14920, 3758096384, 20, 1]"
175291,1851561.0509259258,92,0x200080a0,32928,UartTxTask,"[32928, 3758096384, 0, 1]"
175296,1860781.9907407407,90,0x20003a48,14920,TelemetryTask,"[14920, 536908656, 200, 0]"
175300,1860825.6157407407,92,0x20003a48,14920,UartTxTask,"[14920, 3758096384, 20, 1]"
175305,1861562.2314814816,92,0x200080a0,32928,UartTxTask,"[32928, 3758096384, 0, 1]"
175310,1870780.5509259258,90,0x20003a48,14920,TelemetryTask,"[14920, 536908656, 200, 0]"
175314,1870823.8240740742,92,0x20003a48,14920,UartTxTask,"[14920, 3758096384, 20, 1]"
175319,1871560.6898148148,92,0x200080a0,32928,UartTxTask,"[32928, 3758096384, 0, 1]"
175324,1880781.2685185184,90,0x20003a48,14920,TelemetryTask,"[14920, 536908656, 200, 0]"
175328,1880824.8055555555,92,0x20003a48,14920,UartTxTask,"[14920, 3758096384, 20, 1]"
175333,1881561.6944444445,92,0x200080a0,32928,UartTxTask,"[32928, 3758096384, 0, 1]"
175338,1890780.5416666667,90,0x20003a48,14920,TelemetryTask,"[14920, 536908656, 200, 0]"
175342,1890824.1666666667,92,0x20003a48,14920,UartTxTask,"[14920, 3758096384, 20, 1]"
175347,1891561.101851852,92,0x200080a0,32928,UartTxTask,"[32928, 3758096384, 0, 1]"
175352,1900780.9814814816,90,0x20003a48,14920,TelemetryTask,"[14920, 536908656, 200, 0]"
175356,1900823.9675925926,92,0x20003a48,14920,UartTxTask,"[14920, 3758096384, 20, 1]"
175361,1901561.4953703703,92,0x200080a0,32928,UartTxTask,"[32928, 3758096384, 0, 1]"
175366,1910781.6157407407,90,0x20003a48,14920,TelemetryTask,"[14920, 536908656, 200, 0]"
175370,1910824.7314814816,92,0x20003a48,14920,UartTxTask,"[14920, 3758096384, 20, 1]"
175375,1911561.888888889,92,0x200080a0,32928,UartTxTask,"[32928, 3758096384, 0, 1]"
175380,1920781.662037037,90,0x20003a48,14920,TelemetryTask,"[14920, 536908656, 200, 0]"
175384,1920824.7453703703,92,0x20003a48,14920,UartTxTask,"[14920, 3758096384, 20, 1]"
175389,1921561.8009259258,92,0x200080a0,32928,UartTxTask,"[32928, 3758096384, 0, 1]"
175394,1930780.8055555555,90,0x20003a48,14920,TelemetryTask,"[14920, 536908656, 200, 0]"
175398,1930824.5833333333,92,0x20003a48,14920,UartTxTask,"[14920, 3758096384, 20, 1]"
175403,1931561.6990740742,92,0x200080a0,32928,UartTxTask,"[32928, 3758096384, 0, 1]"
175408,1940781.398148148,90,0x20003a48,14920,TelemetryTask,"[14920, 536908656, 200, 0]"
175412,1940824.9444444445,92,0x20003a48,14920,UartTxTask,"[14920, 3758096384, 20, 1]"
175417,1941561.6203703703,92,0x200080a0,32928,UartTxTask,"[32928, 3758096384, 0, 1]"
175422,1950781.0648148148,90,0x20003a48,14920,TelemetryTask,"[14920, 536908656, 200, 0]"
175426,1950824.0833333333,92,0x20003a48,14920,UartTxTask,"[14920, 3758096384, 20, 1]"
175431,1951561.6064814816,92,0x200080a0,32928,UartTxTask,"[32928, 3758096384, 0, 1]"
175436,1960781.0555555555,90,0x20003a48,14920,TelemetryTask,"[14920, 536908656, 200, 0]"
175440,1960824.0046296297,92,0x20003a48,14920,UartTxTask,"[14920, 3758096384, 20, 1]"
175445,1961560.851851852,92,0x200080a0,32928,UartTxTask,"[32928, 3758096384, 0, 1]"
175450,1970781.3240740742,90,0x20003a48,14920,TelemetryTask,"[14920, 536908656, 200, 0]"
175454,1970824.273148148,92,0x20003a48,14920,UartTxTask,"[14920, 3758096384, 20, 1]"
175459,1971561.5416666667,92,0x200080a0,32928,UartTxTask,"[32928, 3758096384, 0, 1]"
175464,1980781.0787037036,90,0x20003a48,14920,TelemetryTask,"[14920, 536908656, 200, 0]"
175468,1980824.0787037036,92,0x20003a48,14920,UartTxTask,"[14920, 3758096384, 20, 1]"
175473,1981560.587962963,92,0x200080a0,32928,UartTxTask,"[32928, 3758096384, 0, 1]"
175478,1990781.5787037036,90,0x20003a48,14920,TelemetryTask,"[14920, 536908656, 200, 0]"
175482,1990825.7916666667,92,0x20003a48,14920,UartTxTask,"[14920, 3758096384, 20, 1]"
175487,1991562.75,92,0x200080a0,32928,UartTxTask,"[32928, 3758096384, 0, 1]"
175492,2000782.2314814816,90,0x20003a48,14920,TelemetryTask,"[14920, 536908656, 200, 0]"
175496,2000825.0972222222,92,0x20003a48,14920,UartTxTask,"[14920, 3758096384, 20, 1]"
175501,2001562.3564814816,92,0x200080a0,32928,UartTxTask,"[32928, 3758096384, 0, 1]"
175506,2010780.5324074074,90,0x20003a48,14920,TelemetryTask,"[14920, 536908656, 200, 0]"
175510,2010823.537037037,92,0x20003a48,14920,UartTxTask,"[14920, 3758096384, 20, 1]"
175515,2011561.3055555555,92,0x200080a0,32928,UartTxTask,"[32928, 3758096384, 0, 1]"
175520,2020781.6990740742,90,0x20003a48,14920,TelemetryTask,"[14920, 536908656, 200, 0]"
175524,2020824.9212962964,92,0x20003a48,14920,UartTxTask,"[14920, 3758096384, 20, 1]"
175529,2021561.7685185184,92,0x200080a0,32928,UartTxTask,"[32928, 3758096384, 0, 1]"
175534,2030781.638888889,90,0x20003a48,14920,TelemetryTask,"[14920, 536908656, 200, 0]"
175538,2030824.3657407407,92,0x20003a48,14920,UartTxTask,"[14920, 3758096384, 20, 1]"
175543,2031561.587962963,92,0x200080a0,32928,UartTxTask,"[32928, 3758096384, 0, 1]"
175548,2040780.7685185184,90,0x20003a48,14920,TelemetryTask,"[14920, 536908656, 200, 0]"
175552,2040823.8101851852,92,0x20003a48,14920,UartTxTask,"[14920, 3758096384, 20, 1]"
175557,2041561.1435185184,92,0x200080a0,32928,UartTxTask,"[32928, 3758096384, 0, 1]"
175562,2050780.5925925926,90,0x20003a48,14920,TelemetryTask,"[14920, 536908656, 200, 0]"
175566,2050823.8194444445,92,0x20003a48,14920,UartTxTask,"[14920, 3758096384, 20, 1]"
175571,2051560.4907407407,92,0x200080a0,32928,UartTxTask,"[32928, 3758096384, 0, 1]"
175576,2060781.0555555555,90,0x20003a48,14920,TelemetryTask,"[14920, 536908656, 200, 0]"
175580,2060823.7222222222,92,0x20003a48,14920,UartTxTask,"[14920, 3758096384, 20, 1]"
175585,2061560.9490740742,92,0x200080a0,32928,UartTxTask,"[32928, 3758096384, 0, 1]"
175590,2070781.1712962964,90,0x20003a48,14920,TelemetryTask,"[14920, 536908656, 200, 0]"
175594,2070824.3333333333,92,0x20003a48,14920,UartTxTask,"[14920, 3758096384, 20, 1]"
175599,2071561.2546296297,92,0x200080a0,32928,UartTxTask,"[32928, 3758096384, 0, 1]"
175604,2080781.412037037,90,0x20003a48,14920,TelemetryTask,"[14920, 536908656, 200, 0]"
175608,2080824.2685185184,92,0x20003a48,14920,UartTxTask,"[14920, 3758096384, 20, 1]"
175613,2081561.412037037,92,0x200080a0,32928,UartTxTask,"[32928, 3758096384, 0, 1]"
175618,2090781.9814814816,90,0x20003a48,14920,TelemetryTask,"[14920, 536908656, 200, 0]"
175622,2090824.837962963,92,0x20003a48,14920,UartTxTask,"[14920, 3758096384, 20, 1]"
175627,2091561.5462962964,92,0x200080a0,32928,UartTxTask,"[32928, 3758096384, 0, 1]"
175632,2100780.8657407407,90,0x20003a48,14920,TelemetryTask,"[14920, 536908656, 200, 0]"
175636,2100824.078703704,92,0x20003a48,14920,UartTxTask,"[14920, 3758096384, 20, 1]"
175641,2101560.587962963,92,0x200080a0,32928,UartTxTask,"[32928, 3758096384, 0, 1]"
175645,2105342.125,96,0x20003970,14704,ISR#56,"[14704, 537198440]"
175649,2105376.902777778,92,0x20003970,14704,ButtonTask,"[14704, 3758096384, 4294967295, 1]"
175650,2105478.282407407,90,0x20003a48,14920,ButtonTask,"[14920, 536906932, 200, 0]"
175654,2105524.6666666665,92,0x20003a48,14920,UartTxTask,"[14920, 3758096384, 20, 1]"
175659,2106259.810185185,92,0x200080a0,32928,UartTxTask,"[32928, 3758096384, 0, 1]"
175664,2110781.6666666665,90,0x20003a48,14920,TelemetryTask,"[14920, 536908656, 200, 0]"
175668,2110824.560185185,92,0x20003a48,14920,UartTxTask,"[14920, 3758096384, 20, 1]"
175673,2111562.152777778,92,0x200080a0,32928,UartTxTask,"[32928, 3758096384, 0, 1]"
175678,2120781.2268518517,90,0x20003a48,14920,TelemetryTask,"[14920, 536908656, 200, 0]"
175682,2120824.722222222,92,0x20003a48,14920,UartTxTask,"[14920, 3758096384, 20, 1]"
175687,2121561.4305555555,92,0x200080a0,32928,UartTxTask,"[32928, 3758096384, 0, 1]"
175692,2130780.8796296297,90,0x20003a48,14920,TelemetryTask,"[14920, 536908656, 200, 0]"
175696,2130823.6805555555,92,0x20003a48,14920,UartTxTask,"[14920, 3758096384, 20, 1]"
175701,2131560.439814815,92,0x200080a0,32928,UartTxTask,"[32928, 3758096384, 0, 1]"
175706,2140780.3055555555,90,0x20003a48,14920,TelemetryTask,"[14920, 536908656, 200, 0]"
175710,2140823.578703704,92,0x20003a48,14920,UartTxTask,"[14920, 3758096384, 20, 1]"
175715,2141560.5416666665,92,0x200080a0,32928,UartTxTask,"[32928, 3758096384, 0, 1]"
175720,2150780.3518518517,90,0x20003a48,14920,TelemetryTask,"[14920, 536908656, 200, 0]"
175724,2150824.1666666665,92,0x20003a48,14920,UartTxTask,"[14920, 3758096384, 20, 1]"
175729,2151560.972222222,92,0x200080a0,32928,UartTxTask,"[32928, 3758096384, 0, 1]"
175734,2160782.0,90,0x20003a48,14920,TelemetryTask,"[14920, 536908656, 200, 0]"
175738,2160825.347222222,92,0x20003a48,14920,UartTxTask,"[14920, 3758096384, 20, 1]"
175743,2161562.199074074,92,0x200080a0,32928,UartTxTask,"[32928, 3758096384, 0, 1]"
175748,2170781.222222222,90,0x20003a48,14920,TelemetryTask,"[14920, 536908656, 200, 0]"
175752,2170824.3657407407,92,0x20003a48,14920,UartTxTask,"[14920, 3758096384, 20, 1]"
175757,2171561.425925926,92,0x200080a0,32928,UartTxTask,"[32928, 3758096384, 0, 1]"
175762,2180781.587962963,90,0x20003a48,14920,TelemetryTask,"[14920, 536908656, 200, 0]"
175766,2180824.4768518517,92,0x20003a48,14920,UartTxTask,"[14920, 3758096384, 20, 1]"
175771,2181561.4305555555,92,0x200080a0,32928,UartTxTask,"[32928, 3758096384, 0, 1]"
175776,2190780.699074074,90,0x20003a48,14920,TelemetryTask,"[14920, 536908656, 200, 0]"
175780,2190824.0092592593,92,0x20003a48,14920,UartTxTask,"[14920, 3758096384, 20, 1]"
175785,2191560.703703704,92,0x200080a0,32928,UartTxTask,"[32928, 3758096384, 0, 1]"
175790,2200781.092592593,90,0x20003a48,14920,TelemetryTask,"[14920, 536908656, 200, 0]"
175794,2200824.449074074,92,0x20003a48,14920,UartTxTask,"[14920, 3758096384, 20, 1]"
175799,2201561.5092592593,92,0x200080a0,32928,UartTxTask,"[32928, 3758096384, 0, 1]"
175804,2210781.060185185,90,0x20003a48,14920,TelemetryTask,"[14920, 536908656, 200, 0]"
175808,2210823.6944444445,92,0x20003a48,14920,UartTxTask,"[14920, 3758096384, 20, 1]"
175813,2211560.787037037,92,0x200080a0,32928,UartTxTask,"[32928, 3758096384, 0, 1]"
175818,2220781.074074074,90,0x20003a48,14920,TelemetryTask,"[14920, 536908656, 200, 0]"
175822,2220824.078703704,92,0x20003a48,14920,UartTxTask,"[14920, 3758096384, 20, 1]"
175827,2221560.962962963,92,0x200080a0,32928,UartTxTask,"[32928, 3758096384, 0, 1]"
175832,2230781.2268518517,90,0x20003a48,14920,TelemetryTask,"[14920, 536908656, 200, 0]"
175836,2230823.8842592593,92,0x20003a48,14920,UartTxTask,"[14920, 3758096384, 20, 1]"
175841,2231560.6481481483,92,0x200080a0,32928,UartTxTask,"[32928, 3758096384, 0, 1]"
175846,2240780.592592593,90,0x20003a48,14920,TelemetryTask,"[14920, 536908656, 200, 0]"
175850,2240824.388888889,92,0x20003a48,14920,UartTxTask,"[14920, 3758096384, 20, 1]"
175855,2241561.6666666665,92,0x200080a0,32928,UartTxTask,"[32928, 3758096384, 0, 1]"
175860,2250781.300925926,90,0x20003a48,14920,TelemetryTask,"[14920, 536908656, 200, 0]"
175864,2250824.6296296297,92,0x20003a48,14920,UartTxTask,"[14920, 3758096384, 20, 1]"
175869,2251561.527777778,92,0x200080a0,32928,UartTxTask,"[32928, 3758096384, 0, 1]"
175874,2260781.375,90,0x20003a48,14920,TelemetryTask,"[14920, 536908656, 200, 0]"
175878,2260824.6805555555,92,0x20003a48,14920,UartTxTask,"[14920, 3758096384, 20, 1]"
175883,2261561.560185185,92,0x200080a0,32928,UartTxTask,"[32928, 3758096384, 0, 1]"
175888,2270782.578703704,90,0x20003a48,14920,TelemetryTask,"[14920, 536908656, 200, 0]"
175892,2270825.5694444445,92,0x20003a48,14920,UartTxTask,"[14920, 3758096384, 20, 1]"
175897,2271562.8842592593,92,0x200080a0,32928,UartTxTask,"[32928, 3758096384, 0, 1]"
175902,2280781.5185185187,90,0x20003a48,14920,TelemetryTask,"[14920, 536908656, 200, 0]"
175906,2280824.5046296297,92,0x20003a48,14920,UartTxTask,"[14920, 3758096384, 20, 1]"
175911,2281561.5,92,0x200080a0,32928,UartTxTask,"[32928, 3758096384, 0, 1]"
175916,2290781.537037037,90,0x20003a48,14920,TelemetryTask,"[14920, 536908656, 200, 0]"
175920,2290824.967592593,92,0x20003a48,14920,UartTxTask,"[14920, 3758096384, 20, 1]"
175925,2291561.8194444445,92,0x200080a0,32928,UartTxTask,"[32928, 3758096384, 0, 1]"
175930,2300782.2453703703,90,0x20003a48,14920,TelemetryTask,"[14920, 536908656, 200, 0]"
175934,2300825.578703704,92,0x20003a48,14920,UartTxTask,"[14920, 3758096384, 20, 1]"
175939,2301562.763888889,92,0x200080a0,32928,UartTxTask,"[32928, 3758096384, 0, 1]"
175944,2310782.1018518517,90,0x20003a48,14920,TelemetryTask,"[14920, 536908656, 200, 0]"
175948,2310825.537037037,92,0x20003a48,14920,UartTxTask,"[14920, 3758096384, 20, 1]"
175953,2311562.75,92,0x200080a0,32928,UartTxTask,"[32928, 3758096384, 0, 1]"
175958,2320780.425925926,90,0x20003a48,14920,TelemetryTask,"[14920, 536908656, 200, 0]"
175962,2320823.5833333335,92,0x20003a48,14920,UartTxTask,"[14920, 3758096384, 20, 1]"
175967,2321560.3657407407,92,0x200080a0,32928,UartTxTask,"[32928, 3758096384, 0, 1]"
175972,2330781.4814814813,90,0x20003a48,14920,TelemetryTask,"[14920, 536908656, 200, 0]"
175976,2330824.8981481483,92,0x20003a48,14920,UartTxTask,"[14920, 3758096384, 20, 1]"
175981,2331561.597222222,92,0x200080a0,32928,UartTxTask,"[32928, 3758096384, 0, 1]"
175986,2340780.8194444445,90,0x20003a48,14920,TelemetryTask,"[14920, 536908656, 200, 0]"
175990,2340823.962962963,92,0x20003a48,14920,UartTxTask,"[14920, 3758096384, 20, 1]"
175995,2341560.513888889,92,0x200080a0,32928,UartTxTask,"[32928, 3758096384, 0, 1]"
176000,2350781.7731481483,90,0x20003a48,14920,TelemetryTask,"[14920, 536908656, 200, 0]"
176004,2350824.175925926,92,0x20003a48,14920,UartTxTask,"[14920, 3758096384, 20, 1]"
176009,2351561.9583333335,92,0x200080a0,32928,UartTxTask,"[32928, 3758096384, 0, 1]"
176014,2360781.953703704,90,0x20003a48,14920,TelemetryTask,"[14920, 536908656, 200, 0]"
176018,2360824.449074074,92,0x20003a48,14920,UartTxTask,"[14920, 3758096384, 20, 1]"
176023,2361561.486111111,92,0x200080a0,32928,UartTxTask,"[32928, 3758096384, 0, 1]"
176028,2370782.421296296,90,0x20003a48,14920,TelemetryTask,"[14920, 536908656, 200, 0]"
176032,2370825.662037037,92,0x20003a48,14920,UartTxTask,"[14920, 3758096384, 20, 1]"
176037,2371562.2314814813,92,0x200080a0,32928,UartTxTask,"[32928, 3758096384, 0, 1]"
176042,2380780.8518518517,90,0x20003a48,14920,TelemetryTask,"[14920, 536908656, 200, 0]"
176046,2380824.2268518517,92,0x20003a48,14920,UartTxTask,"[14920, 3758096384, 20, 1]"
176051,2381561.2685185187,92,0x200080a0,32928,UartTxTask,"[32928, 3758096384, 0, 1]"
176056,2390781.3796296297,90,0x20003a48,14920,TelemetryTask,"[14920, 536908656, 200, 0]"
176060,2390824.412037037,92,0x20003a48,14920,UartTxTask,"[14920, 3758096384, 20, 1]"
176065,2391561.1666666665,92,0x200080a0,32928,UartTxTask,"[32928, 3758096384, 0, 1]"
176070,2400781.25,90,0x20003a48,14920,TelemetryTask,"[14920, 536908656, 200, 0]"
176074,2400823.8842592593,92,0x20003a48,14920,UartTxTask,"[14920, 3758096384, 20, 1]"
176079,2401561.060185185,92,0x200080a0,32928,UartTxTask,"[32928, 3758096384, 0, 1]"
176084,2410781.782407407,90,0x20003a48,14920,TelemetryTask,"[14920, 536908656, 200, 0]"
176088,2410824.9305555555,92,0x20003a48,14920,UartTxTask,"[14920, 3758096384, 20, 1]"
176093,2411561.5694444445,92,0x200080a0,32928,UartTxTask,"[32928, 3758096384, 0, 1]"
176098,2420781.625,90,0x20003a48,14920,TelemetryTask,"[14920, 536908656, 200, 0]"
176102,2420824.7083333335,92,0x20003a48,14920,UartTxTask,"[14920, 3758096384, 20, 1]"
176107,2421561.796296296,92,0x200080a0,32928,UartTxTask,"[32928, 3758096384, 0, 1]"
176112,2430781.2592592593,90,0x20003a48,14920,TelemetryTask,"[14920, 536908656, 200, 0]"
176116,2430824.1157407407,92,0x20003a48,14920,UartTxTask,"[14920, 3758096384, 20, 1]"
176121,2431560.75,92,0x200080a0,32928,UartTxTask,"[32928, 3758096384, 0, 1]"
176126,2440782.162037037,90,0x20003a48,14920,TelemetryTask,"[14920, 536908656, 200, 0]"
176130,2440825.032407407,92,0x20003a48,14920,UartTxTask,"[14920, 3758096384, 20, 1]"
176135,2441561.675925926,92,0x200080a0,32928,UartTxTask,"[32928, 3758096384, 0, 1]"
176140,2450780.949074074,90,0x20003a48,14920,TelemetryTask,"[14920, 536908656, 200, 0]"
176144,2450824.037037037,92,0x20003a48,14920,UartTxTask,"[14920, 3758096384, 20, 1]"
176149,2451561.2268518517,92,0x200080a0,32928,UartTxTask,"[32928, 3758096384, 0, 1]"
176154,2460781.6064814813,90,0x20003a48,14920,TelemetryTask,"[14920, 536908656, 200, 0]"
176158,2460824.578703704,92,0x20003a48,14920,UartTxTask,"[14920, 3758096384, 20, 1]"
176163,2461561.703703704,92,0x200080a0,32928,UartTxTask,"[32928, 3758096384, 0, 1]"
176168,2470781.1296296297,90,0x20003a48,14920,TelemetryTask,"[14920, 536908656, 200, 0]"
176172,2470824.412037037,92,0x20003a48,14920,UartTxTask,"[14920, 3758096384, 20, 1]"
176177,2471561.287037037,92,0x200080a0,32928,UartTxTask,"[32928, 3758096384, 0, 1]"
176182,2480781.638888889,90,0x20003a48,14920,TelemetryTask,"[14920, 536908656, 200, 0]"
176186,2480824.6157407407,92,0x20003a48,14920,UartTxTask,"[14920, 3758096384, 20, 1]"
176191,2481561.4305555555,92,0x200080a0,32928,UartTxTask,"[32928, 3758096384, 0, 1]"
176196,2490780.587962963,90,0x20003a48,14920,TelemetryTask,"[14920, 536908656, 200, 0]"
176200,2490823.7546296297,92,0x20003a48,14920,UartTxTask,"[14920, 3758096384, 20, 1]"
176205,2491560.763888889,92,0x200080a0,32928,UartTxTask,"[32928, 3758096384, 0, 1]"
176210,2500781.097222222,90,0x20003a48,14920,TelemetryTask,"[14920, 536908656, 200, 0]"
176214,2500824.7916666665,92,0x20003a48,14920,UartTxTask,"[14920, 3758096384, 20, 1]"
176219,2501561.712962963,92,0x200080a0,32928,UartTxTask,"[32928, 3758096384, 0, 1]"
176224,2510781.5185185187,90,0x20003a48,14920,TelemetryTask,"[14920, 536908656, 200, 0]"
176228,2510824.763888889,92,0x20003a48,14920,UartTxTask,"[14920, 3758096384, 20, 1]"
176233,2511561.2731481483,92,0x200080a0,32928,UartTxTask,"[32928, 3758096384, 0, 1]"
176238,2520780.2546296297,90,0x20003a48,14920,TelemetryTask,"[14920, 536908656, 200, 0]"
176242,2520823.736111111,92,0x20003a48,14920,UartTxTask,"[14920, 3758096384, 20, 1]"
176247,2521560.828703704,92,0x200080a0,32928,UartTxTask,"[32928, 3758096384, 0, 1]"
176252,2530780.7546296297,90,0x20003a48,14920,TelemetryTask,"[14920, 536908656, 200, 0]"
176256,2530824.189814815,92,0x20003a48,14920,UartTxTask,"[14920, 3758096384, 20, 1]"
176261,2531561.296296296,92,0x200080a0,32928,UartTxTask,"[32928, 3758096384, 0, 1]"
176266,2540780.560185185,90,0x20003a48,14920,TelemetryTask,"[14920, 536908656, 200, 0]"
176270,2540823.2731481483,92,0x20003a48,14920,UartTxTask,"[14920, 3758096384, 20, 1]"
176275,2541560.203703704,92,0x200080a0,32928,UartTxTask,"[32928, 3758096384, 0, 1]"
176280,2550780.986111111,90,0x20003a48,14920,TelemetryTask,"[14920, 536908656, 200, 0]"
176284,2550823.763888889,92,0x20003a48,14920,UartTxTask,"[14920, 3758096384, 20, 1]"
176289,2551561.074074074,92,0x200080a0,32928,UartTxTask,"[32928, 3758096384, 0, 1]"
176294,2560781.361111111,90,0x20003a48,14920,TelemetryTask,"[14920, 536908656, 200, 0]"
176298,2560824.513888889,92,0x20003a48,14920,UartTxTask,"[14920, 3758096384, 20, 1]"
176303,2561561.3657407407,92,0x200080a0,32928,UartTxTask,"[32928, 3758096384, 0, 1]"
176308,2570782.310185185,90,0x20003a48,14920,TelemetryTask,"[14920, 536908656, 200, 0]"
176312,2570825.152777778,92,0x20003a48,14920,UartTxTask,"[14920, 3758096384, 20, 1]"
176317,2571562.175925926,92,0x200080a0,32928,UartTxTask,"[32928, 3758096384, 0, 1]"
176322,2580781.814814815,90,0x20003a48,14920,TelemetryTask,"[14920, 536908656, 200, 0]"
176326,2580824.449074074,92,0x20003a48,14920,UartTxTask,"[14920, 3758096384, 20, 1]"
176331,2581561.407407407,92,0x200080a0,32928,UartTxTask,"[32928, 3758096384, 0, 1]"
176336,2590781.203703704,90,0x20003a48,14920,TelemetryTask,"[14920, 536908656, 200, 0]"
176340,2590825.0231481483,92,0x20003a48,14920,UartTxTask,"[14920, 3758096384, 20, 1]"
176345,2591561.6944444445,92,0x200080a0,32928,UartTxTask,"[32928, 3758096384, 0, 1]"
176350,2600781.185185185,90,0x20003a48,14920,TelemetryTask,"[14920, 536908656, 200, 0]"
176354,2600824.157407407,92,0x20003a48,14920,UartTxTask,"[14920, 3758096384, 20, 1]"
176359,2601561.625,92,0x200080a0,32928,UartTxTask,"[32928, 3758096384, 0, 1]"
176364,2610780.587962963,90,0x20003a48,14920,TelemetryTask,"[14920, 536908656, 200, 0]"
176368,2610823.717592593,92,0x20003a48,14920,UartTxTask,"[14920, 3758096384, 20, 1]"
176373,2611560.675925926,92,0x200080a0,32928,UartTxTask,"[32928, 3758096384, 0, 1]"
176378,2620781.763888889,90,0x20003a48,14920,TelemetryTask,"[14920, 536908656, 200, 0]"
176382,2620824.203703704,92,0x20003a48,14920,UartTxTask,"[14920, 3758096384, 20, 1]"
176387,2621561.75,92,0x200080a0,32928,UartTxTask,"[32928, 3758096384, 0, 1]"
176392,2630780.847222222,90,0x20003a48,14920,TelemetryTask,"[14920, 536908656, 200, 0]"
176396,2630823.736111111,92,0x20003a48,14920,UartTxTask,"[14920, 3758096384, 20, 1]"
176401,2631560.925925926,92,0x200080a0,32928,UartTxTask,"[32928, 3758096384, 0, 1]"
176406,2640781.1296296297,90,0x20003a48,14920,TelemetryTask,"[14920, 536908656, 200, 0]"
176410,2640824.138888889,92,0x20003a48,14920,UartTxTask,"[14920, 3758096384, 20, 1]"
176415,2641561.2731481483,92,0x200080a0,32928,UartTxTask,"[32928, 3758096384, 0, 1]"
176420,2650780.1342592593,90,0x20003a48,14920,TelemetryTask,"[14920, 536908656, 200, 0]"
176424,2650822.7592592593,92,0x20003a48,14920,UartTxTask,"[14920, 3758096384, 20, 1]"
176429,2651559.3981481483,92,0x200080a0,32928,UartTxTask,"[32928, 3758096384, 0, 1]"
176434,2660781.402777778,90,0x20003a48,14920,TelemetryTask,"[14920, 536908656, 200, 0]"
176438,2660824.4907407407,92,0x20003a48,14920,UartTxTask,"[14920, 3758096384, 20, 1]"
176443,2661561.4814814813,92,0x200080a0,32928,UartTxTask,"[32928, 3758096384, 0, 1]"
176448,2670781.328703704,90,0x20003a48,14920,TelemetryTask,"[14920, 536908656, 200, 0]"
176452,2670824.777777778,92,0x20003a48,14920,UartTxTask,"[14920, 3758096384, 20, 1]"
176457,2671561.328703704,92,0x200080a0,32928,UartTxTask,"[32928, 3758096384, 0, 1]"
176462,2680781.0231481483,90,0x20003a48,14920,TelemetryTask,"[14920, 536908656, 200, 0]"
176466,2680824.1435185187,92,0x20003a48,14920,UartTxTask,"[14920, 3758096384, 20, 1]"
176471,2681561.1666666665,92,0x200080a0,32928,UartTxTask,"[32928, 3758096384, 0, 1]"
176476,2690781.453703704,90,0x20003a48,14920,TelemetryTask,"[14920, 536908656, 200, 0]"
176480,2690824.486111111,92,0x20003a48,14920,UartTxTask,"[14920, 3758096384, 20, 1]"
176485,2691562.0555555555,92,0x200080a0,32928,UartTxTask,"[32928, 3758096384, 0, 1]"
176490,2700781.2731481483,90,0x20003a48,14920,TelemetryTask,"[14920, 536908656, 200, 0]"
176494,2700824.3194444445,92,0x20003a48,14920,UartTxTask,"[14920, 3758096384, 20, 1]"
176499,2701561.597222222,92,0x200080a0,32928,UartTxTask,"[32928, 3758096384, 0, 1]"
176504,2710781.6481481483,90,0x20003a48,14920,TelemetryTask,"[14920, 536908656, 200, 0]"
176508,2710824.962962963,92,0x20003a48,14920,UartTxTask,"[14920, 3758096384, 20, 1]"
176513,2711561.9768518517,92,0x200080a0,32928,UartTxTask,"[32928, 3758096384, 0, 1]"
176518,2720781.388888889,90,0x20003a48,14920,TelemetryTask,"[14920, 536908656, 200, 0]"
176522,2720824.949074074,92,0x20003a48,14920,UartTxTask,"[14920, 3758096384, 20, 1]"
176527,2721562.5,92,0x200080a0,32928,UartTxTask,"[32928, 3758096384, 0, 1]"
176532,2730780.935185185,90,0x20003a48,14920,TelemetryTask,"[14920, 536908656, 200, 0]"
176536,2730823.6435185187,92,0x20003a48,14920,UartTxTask,"[14920, 3758096384, 20, 1]"
176541,2731560.532407407,92,0x200080a0,32928,UartTxTask,"[32928, 3758096384, 0, 1]"
176546,2740781.532407407,90,0x20003a48,14920,TelemetryTask,"[14920, 536908656, 200, 0]"
176550,2740825.032407407,92,0x20003a48,14920,UartTxTask,"[14920, 3758096384, 20, 1]"
176555,2741562.6666666665,92,0x200080a0,32928,UartTxTask,"[32928, 3758096384, 0, 1]"
176560,2750781.092592593,90,0x20003a48,14920,TelemetryTask,"[14920, 536908656, 200, 0]"
176564,2750824.712962963,92,0x20003a48,14920,UartTxTask,"[14920, 3758096384, 20, 1]"
176569,2751561.6944444445,92,0x200080a0,32928,UartTxTask,"[32928, 3758096384, 0, 1]"
176574,2760781.162037037,90,0x20003a48,14920,TelemetryTask,"[14920, 536908656, 200, 0]"
176578,2760824.4166666665,92,0x20003a48,14920,UartTxTask,"[14920, 3758096384, 20, 1]"
176583,2761561.0185185187,92,0x200080a0,32928,UartTxTask,"[32928, 3758096384, 0, 1]"
176588,2770781.027777778,90,0x20003a48,14920,TelemetryTask,"[14920, 536908656, 200, 0]"
176592,2770823.7268518517,92,0x20003a48,14920,UartTxTask,"[14920, 3758096384, 20, 1]"
176597,2771560.587962963,92,0x200080a0,32928,UartTxTask,"[32928, 3758096384, 0, 1]"
176602,2780780.9814814813,90,0x20003a48,14920,TelemetryTask,"[14920, 536908656, 200, 0]"
176606,2780824.0185185187,92,0x20003a48,14920,UartTxTask,"[14920, 3758096384, 20, 1]"
176611,2781561.462962963,92,0x200080a0,32928,UartTxTask,"[32928, 3758096384, 0, 1]"
176616,2790782.421296296,90,0x20003a48,14920,TelemetryTask,"[14920, 536908656, 200, 0]"
176620,2790825.4768518517,92,0x20003a48,14920,UartTxTask,"[14920, 3758096384, 20, 1]"
176625,2791562.7083333335,92,0x200080a0,32928,UartTxTask,"[32928, 3758096384, 0, 1]"
176630,2800781.736111111,90,0x20003a48,14920,TelemetryTask,"[14920, 536908656, 200, 0]"
176634,2800825.439814815,92,0x20003a48,14920,UartTxTask,"[14920, 3758096384, 20, 1]"
176639,2801562.0555555555,92,0x200080a0,32928,UartTxTask,"[32928, 3758096384, 0, 1]"
176644,2810781.412037037,90,0x20003a48,14920,TelemetryTask,"[14920, 536908656, 200, 0]"
176648,2810824.314814815,92,0x20003a48,14920,UartTxTask,"[14920, 3758096384, 20, 1]"
176653,2811561.4444444445,92,0x200080a0,32928,UartTxTask,"[32928, 3758096384, 0, 1]"
176658,2820781.875,90,0x20003a48,14920,TelemetryTask,"[14920, 536908656, 200, 0]"
176662,2820825.189814815,92,0x20003a48,14920,UartTxTask,"[14920, 3758096384, 20, 1]"
176667,2821562.0416666665,92,0x200080a0,32928,UartTxTask,"[32928, 3758096384, 0, 1]"
176672,2830781.8333333335,90,0x20003a48,14920,TelemetryTask,"[14920, 536908656, 200, 0]"
176676,2830825.1203703703,92,0x20003a48,14920,UartTxTask,"[14920, 3758096384, 20, 1]"
176681,2831561.7083333335,92,0x200080a0,32928,UartTxTask,"[32928, 3758096384, 0, 1]"
176686,2840781.3703703703,90,0x20003a48,14920,TelemetryTask,"[14920, 536908656, 200, 0]"
176690,2840824.7083333335,92,0x20003a48,14920,UartTxTask,"[14920, 3758096384, 20, 1]"
176695,2841561.907407407,92,0x200080a0,32928,UartTxTask,"[32928, 3758096384, 0, 1]"
176700,2850781.5833333335,90,0x20003a48,14920,TelemetryTask,"[14920, 536908656, 200, 0]"
176704,2850824.662037037,92,0x20003a48,14920,UartTxTask,"[14920, 3758096384, 20, 1]"
176709,2851561.611111111,92,0x200080a0,32928,UartTxTask,"[32928, 3758096384, 0, 1]"
176714,2860782.4768518517,90,0x20003a48,14920,TelemetryTask,"[14920, 536908656, 200, 0]"
176718,2860825.842592593,92,0x20003a48,14920,UartTxTask,"[14920, 3758096384, 20, 1]"
176723,2861563.2592592593,92,0x200080a0,32928,UartTxTask,"[32928, 3758096384, 0, 1]"
176728,2870781.4166666665,90,0x20003a48,14920,TelemetryTask,"[14920, 536908656, 200, 0]"
176732,2870824.824074074,92,0x20003a48,14920,UartTxTask,"[14920, 3758096384, 20, 1]"
176737,2871562.347222222,92,0x200080a0,32928,UartTxTask,"[32928, 3758096384, 0, 1]"
176742,2880781.0416666665,90,0x20003a48,14920,TelemetryTask,"[14920, 536908656, 200, 0]"
176746,2880823.7314814813,92,0x20003a48,14920,UartTxTask,"[14920, 3758096384, 20, 1]"
176751,2881561.2453703703,92,0x200080a0,32928,UartTxTask,"[32928, 3758096384, 0, 1]"
176756,2890781.013888889,90,0x20003a48,14920,TelemetryTask,"[14920, 536908656, 200, 0]"
176760,2890824.2453703703,92,0x20003a48,14920,UartTxTask,"[14920, 3758096384, 20, 1]"
176765,2891561.361111111,92,0x200080a0,32928,UartTxTask,"[32928, 3758096384, 0, 1]"
176770,2900781.217592593,90,0x20003a48,14920,TelemetryTask,"[14920, 536908656, 200, 0]"
176774,2900824.564814815,92,0x20003a48,14920,UartTxTask,"[14920, 3758096384, 20, 1]"
176779,2901561.837962963,92,0x200080a0,32928,UartTxTask,"[32928, 3758096384, 0, 1]"
176784,2910779.9814814813,90,0x20003a48,14920,TelemetryTask,"[14920, 536908656, 200, 0]"
176788,2910822.7083333335,92,0x20003a48,14920,UartTxTask,"[14920, 3758096384, 20, 1]"
176793,2911559.537037037,92,0x200080a0,32928,UartTxTask,"[32928, 3758096384, 0, 1]"
176798,2920780.671296296,90,0x20003a48,14920,TelemetryTask,"[14920, 536908656, 200, 0]"
176802,2920823.6805555555,92,0x20003a48,14920,UartTxTask,"[14920, 3758096384, 20, 1]"
176807,2921560.800925926,92,0x200080a0,32928,UartTxTask,"[32928, 3758096384, 0, 1]"
176812,2930781.625,90,0x20003a48,14920,TelemetryTask,"[14920, 536908656, 200, 0]"
176816,2930825.074074074,92,0x20003a48,14920,UartTxTask,"[14920, 3758096384, 20, 1]"
176821,2931561.8333333335,92,0x200080a0,32928,UartTxTask,"[32928, 3758096384, 0, 1]"
176826,2940780.3333333335,90,0x20003a48,14920,TelemetryTask,"[14920, 536908656, 200, 0]"
176830,2940823.212962963,92,0x20003a48,14920,UartTxTask,"[14920, 3758096384, 20, 1]"
176835,2941560.5,92,0x200080a0,32928,UartTxTask,"[32928, 3758096384, 0, 1]"
176840,2950781.435185185,90,0x20003a48,14920,TelemetryTask,"[14920, 536908656, 200, 0]"
176844,2950825.152777778,92,0x20003a48,14920,UartTxTask,"[14920, 3758096384, 20, 1]"
176849,2951562.217592593,92,0x200080a0,32928,UartTxTask,"[32928, 3758096384, 0, 1]"
176855,2960623.347222222,96,0x20003970,14704,ISR#56,"[14704, 537198440]"
176858,2960836.763888889,90,0x20003a48,14920,TelemetryTask,"[14920, 536908656, 200, 0]"
176862,2960872.513888889,92,0x20003970,14704,ButtonTask,"[14704, 3758096384, 4294967295, 1]"
176863,2960976.486111111,90,0x20003a48,14920,ButtonTask,"[14920, 536906932, 200, 0]"
176866,2961016.671296296,92,0x20003a48,14920,UartTxTask,"[14920, 3758096384, 20, 1]"
176871,2961750.3657407407,92,0x200080a0,32928,UartTxTask,"[32928, 3758096384, 0, 1]"
176872,2961759.189814815,92,0x20003a48,14920,UartTxTask,"[14920, 3758096384, 20, 1]"
176877,2962493.763888889,92,0x200080a0,32928,UartTxTask,"[32928, 3758096384, 0, 1]"
176882,2970780.824074074,90,0x20003a48,14920,TelemetryTask,"[14920, 536908656, 200, 0]"
176886,2970823.8981481483,92,0x20003a48,14920,UartTxTask,"[14920, 3758096384, 20, 1]"
176891,2971560.592592593,92,0x200080a0,32928,UartTxTask,"[32928, 3758096384, 0, 1]"
176896,2980781.638888889,90,0x20003a48,14920,TelemetryTask,"[14920, 536908656, 200, 0]"
176900,2980825.2546296297,92,0x20003a48,14920,UartTxTask,"[14920, 3758096384, 20, 1]"
176905,2981562.125,92,0x200080a0,32928,UartTxTask,"[32928, 3758096384, 0, 1]"
176910,2990780.717592593,90,0x20003a48,14920,TelemetryTask,"[14920, 536908656, 200, 0]"
176914,2990823.736111111,92,0x20003a48,14920,UartTxTask,"[14920, 3758096384, 20, 1]"
176919,2991561.9166666665,92,0x200080a0,32928,UartTxTask,"[32928, 3758096384, 0, 1]"
176924,3000780.712962963,90,0x20003a48,14920,TelemetryTask,"[14920, 536908656, 200, 0]"
176928,3000823.907407407,92,0x20003a48,14920,UartTxTask,"[14920, 3758096384, 20, 1]"
176933,3001561.4305555555,92,0x200080a0,32928,UartTxTask,"[32928, 3758096384, 0, 1]"
176938,3010781.1018518517,90,0x20003a48,14920,TelemetryTask,"[14920, 536908656, 200, 0]"
176942,3010824.1944444445,92,0x20003a48,14920,UartTxTask,"[14920, 3758096384, 20, 1]"
176947,3011561.3657407407,92,0x200080a0,32928,UartTxTask,"[32928, 3758096384, 0, 1]"
176952,3020781.1435185187,90,0x20003a48,14920,TelemetryTask,"[14920, 536908656, 200, 0]"
176956,3020824.6435185187,92,0x20003a48,14920,UartTxTask,"[14920, 3758096384, 20, 1]"
176961,3021561.824074074,92,0x200080a0,32928,UartTxTask,"[32928, 3758096384, 0, 1]"
176966,3030780.8796296297,90,0x20003a48,14920,TelemetryTask,"[14920, 536908656, 200, 0]"
176970,3030824.2685185187,92,0x20003a48,14920,UartTxTask,"[14920, 3758096384, 20, 1]"
176975,3031561.4583333335,92,0x200080a0,32928,UartTxTask,"[32928, 3758096384, 0, 1]"
176980,3040780.4907407407,90,0x20003a48,14920,TelemetryTask,"[14920, 536908656, 200, 0]"
176984,3040823.050925926,92,0x20003a48,14920,UartTxTask,"[14920, 3758096384, 20, 1]"
176989,3041560.3333333335,92,0x200080a0,32928,UartTxTask,"[32928, 3758096384, 0, 1]"
176994,3050780.824074074,90,0x20003a48,14920,TelemetryTask,"[14920, 536908656, 200, 0]"
176998,3050824.324074074,92,0x20003a48,14920,UartTxTask,"[14920, 3758096384, 20, 1]"
177003,3051561.263888889,92,0x200080a0,32928,UartTxTask,"[32928, 3758096384, 0, 1]"
177008,3060781.810185185,90,0x20003a48,14920,TelemetryTask,"[14920, 536908656, 200, 0]"
177012,3060824.861111111,92,0x20003a48,14920,UartTxTask,"[14920, 3758096384, 20, 1]"
177017,3061562.324074074,92,0x200080a0,32928,UartTxTask,"[32928, 3758096384, 0, 1]"
177022,3070782.0092592593,90,0x20003a48,14920,TelemetryTask,"[14920, 536908656, 200, 0]"
177026,3070824.796296296,92,0x20003a48,14920,UartTxTask,"[14920, 3758096384, 20, 1]"
177031,3071561.967592593,92,0x200080a0,32928,UartTxTask,"[32928, 3758096384, 0, 1]"
177036,3080781.861111111,90,0x20003a48,14920,TelemetryTask,"[14920, 536908656, 200, 0]"
177040,3080824.4583333335,92,0x20003a48,14920,UartTxTask,"[14920, 3758096384, 20, 1]"
177045,3081561.5092592593,92,0x200080a0,32928,UartTxTask,"[32928, 3758096384, 0, 1]"
177050,3090780.824074074,90,0x20003a48,14920,TelemetryTask,"[14920, 536908656, 200, 0]"
177054,3090823.962962963,92,0x20003a48,14920,UartTxTask,"[14920, 3758096384, 20, 1]"
177059,3091561.0,92,0x200080a0,32928,UartTxTask,"[32928, 3758096384, 0, 1]"
177064,3100780.7731481483,90,0x20003a48,14920,TelemetryTask,"[14920, 536908656, 200, 0]"
177068,3100823.8518518517,92,0x20003a48,14920,UartTxTask,"[14920, 3758096384, 20, 1]"
177073,3101560.736111111,92,0x200080a0,32928,UartTxTask,"[32928, 3758096384, 0, 1]"
177078,3110781.125,90,0x20003a48,14920,TelemetryTask,"[14920, 536908656, 200, 0]"
177082,3110824.638888889,92,0x20003a48,14920,UartTxTask,"[14920, 3758096384, 20, 1]"
177087,3111561.8796296297,92,0x200080a0,32928,UartTxTask,"[32928, 3758096384, 0, 1]"
177092,3120780.5092592593,90,0x20003a48,14920,TelemetryTask,"[14920, 536908656, 200, 0]"
177096,3120823.546296296,92,0x20003a48,14920,UartTxTask,"[14920, 3758096384, 20, 1]"
177101,3121560.7083333335,92,0x200080a0,32928,UartTxTask,"[32928, 3758096384, 0, 1]"
177106,3130780.796296296,90,0x20003a48,14920,TelemetryTask,"[14920, 536908656, 200, 0]"
177110,3130824.078703704,92,0x20003a48,14920,UartTxTask,"[14920, 3758096384, 20, 1]"
177115,3131560.8703703703,92,0x200080a0,32928,UartTxTask,"[32928, 3758096384, 0, 1]"
177119,3134953.407407407,96,0x20003970,14704,ISR#56,"[14704, 537198440]"
177123,3134987.8518518517,92,0x20003970,14704,ButtonTask,"[14704, 3758096384, 4294967295, 1]"
177124,3135091.2314814813,90,0x20003a48,14920,ButtonTask,"[14920, 536906932, 200, 0]"
177128,3135137.3981481483,92,0x20003a48,14920,UartTxTask,"[14920, 3758096384, 20, 1]"
177133,3135872.1157407407,92,0x200080a0,32928,UartTxTask,"[32928, 3758096384, 0, 1]"
177138,3140780.8564814813,90,0x20003a48,14920,TelemetryTask,"[14920, 536908656, 200, 0]"
177142,3140824.6203703703,92,0x20003a48,14920,UartTxTask,"[14920, 3758096384, 20, 1]"
177147,3141561.787037037,92,0x200080a0,32928,UartTxTask,"[32928, 3758096384, 0, 1]"
177152,3150781.185185185,90,0x20003a48,14920,TelemetryTask,"[14920, 536908656, 200, 0]"
177156,3150824.1481481483,92,0x20003a48,14920,UartTxTask,"[14920, 3758096384, 20, 1]"
177161,3151561.2407407407,92,0x200080a0,32928,UartTxTask,"[32928, 3758096384, 0, 1]"
177166,3160781.5231481483,90,0x20003a48,14920,TelemetryTask,"[14920, 536908656, 200, 0]"
177170,3160825.060185185,92,0x20003a48,14920,UartTxTask,"[14920, 3758096384, 20, 1]"
177175,3161562.1666666665,92,0x200080a0,32928,UartTxTask,"[32928, 3758096384, 0, 1]"
177180,3170781.2546296297,90,0x20003a48,14920,TelemetryTask,"[14920, 536908656, 200, 0]"
177184,3170824.1157407407,92,0x20003a48,14920,UartTxTask,"[14920, 3758096384, 20, 1]"
177189,3171561.1342592593,92,0x200080a0,32928,UartTxTask,"[32928, 3758096384, 0, 1]"
177194,3180782.0833333335,90,0x20003a48,14920,TelemetryTask,"[14920, 536908656, 200, 0]"
177198,3180824.587962963,92,0x20003a48,14920,UartTxTask,"[14920, 3758096384, 20, 1]"
177203,3181561.4583333335,92,0x200080a0,32928,UartTxTask,"[32928, 3758096384, 0, 1]"
177208,3190780.9583333335,90,0x20003a48,14920,TelemetryTask,"[14920, 536908656, 200, 0]"
177212,3190823.810185185,92,0x20003a48,14920,UartTxTask,"[14920, 3758096384, 20, 1]"
177217,3191561.388888889,92,0x200080a0,32928,UartTxTask,"[32928, 3758096384, 0, 1]"
177222,3200781.3518518517,90,0x20003a48,14920,TelemetryTask,"[14920, 536908656, 200, 0]"
177226,3200824.6203703703,92,0x20003a48,14920,UartTxTask,"[14920, 3758096384, 20, 1]"
177231,3201561.967592593,92,0x200080a0,32928,UartTxTask,"[32928, 3758096384, 0, 1]"
177236,3210780.675925926,90,0x20003a48,14920,TelemetryTask,"[14920, 536908656, 200, 0]"
177240,3210823.847222222,92,0x20003a48,14920,UartTxTask,"[14920, 3758096384, 20, 1]"
177245,3211560.6203703703,92,0x200080a0,32928,UartTxTask,"[32928, 3758096384, 0, 1]"
177250,3220780.967592593,90,0x20003a48,14920,TelemetryTask,"[14920, 536908656, 200, 0]"
177254,3220824.4907407407,92,0x20003a48,14920,UartTxTask,"[14920, 3758096384, 20, 1]"
177259,3221562.087962963,92,0x200080a0,32928,UartTxTask,"[32928, 3758096384, 0, 1]"
177264,3230783.962962963,90,0x20003a48,14920,TelemetryTask,"[14920, 536908656, 200, 0]"
177268,3230827.425925926,92,0x20003a48,14920,UartTxTask,"[14920, 3758096384, 20, 1]"
177273,3231564.375,92,0x200080a0,32928,UartTxTask,"[32928, 3758096384, 0, 1]"
177278,3240781.763888889,90,0x20003a48,14920,TelemetryTask,"[14920, 536908656, 200, 0]"
177282,3240824.8703703703,92,0x20003a48,14920,UartTxTask,"[14920, 3758096384, 20, 1]"
177287,3241561.7916666665,92,0x200080a0,32928,UartTxTask,"[32928, 3758096384, 0, 1]"
177292,3250780.8194444445,90,0x20003a48,14920,TelemetryTask,"[14920, 536908656, 200, 0]"
177296,3250824.1944444445,92,0x20003a48,14920,UartTxTask,"[14920, 3758096384, 20, 1]"
177301,3251561.199074074,92,0x200080a0,32928,UartTxTask,"[32928, 3758096384, 0, 1]"
177306,3260781.703703704,90,0x20003a48,14920,TelemetryTask,"[14920, 536908656, 200, 0]"
177310,3260825.1296296297,92,0x20003a48,14920,UartTxTask,"[14920, 3758096384, 20, 1]"
177315,3261562.3981481483,92,0x200080a0,32928,UartTxTask,"[32928, 3758096384, 0, 1]"
177320,3270781.9166666665,90,0x20003a48,14920,TelemetryTask,"[14920, 536908656, 200, 0]"
177324,3270825.277777778,92,0x20003a48,14920,UartTxTask,"[14920, 3758096384, 20, 1]"
177329,3271562.3981481483,92,0x200080a0,32928,UartTxTask,"[32928, 3758096384, 0, 1]"
177334,3280780.2685185187,90,0x20003a48,14920,TelemetryTask,"[14920, 536908656, 200, 0]"
177338,3280823.388888889,92,0x20003a48,14920,UartTxTask,"[14920, 3758096384, 20, 1]"
177343,3281560.185185185,92,0x200080a0,32928,UartTxTask,"[32928, 3758096384, 0, 1]"
177348,3290781.287037037,90,0x20003a48,14920,TelemetryTask,"[14920, 536908656, 200, 0]"
177352,3290825.453703704,92,0x20003a48,14920,UartTxTask,"[14920, 3758096384, 20, 1]"
177357,3291562.1342592593,92,0x200080a0,32928,UartTxTask,"[32928, 3758096384, 0, 1]"
177362,3300781.3518518517,90,0x20003a48,14920,TelemetryTask,"[14920, 536908656, 200, 0]"
177366,3300824.902777778,92,0x20003a48,14920,UartTxTask,"[14920, 3758096384, 20, 1]"
177371,3301562.046296296,92,0x200080a0,32928,UartTxTask,"[32928, 3758096384, 0, 1]"
177376,3310780.796296296,90,0x20003a48,14920,TelemetryTask,"[14920, 536908656, 200, 0]"
177380,3310824.046296296,92,0x20003a48,14920,UartTxTask,"[14920, 3758096384, 20, 1]"
177385,3311561.2314814813,92,0x200080a0,32928,UartTxTask,"[32928, 3758096384, 0, 1]"
177390,3320780.412037037,90,0x20003a48,14920,TelemetryTask,"[14920, 536908656, 200, 0]"
177394,3320823.722222222,92,0x20003a48,14920,UartTxTask,"[14920, 3758096384, 20, 1]"
177399,3321560.6342592593,92,0x200080a0,32928,UartTxTask,"[32928, 3758096384, 0, 1]"
177404,3330781.888888889,90,0x20003a48,14920,TelemetryTask,"[14920, 536908656, 200, 0]"
177408,3330825.6805555555,92,0x20003a48,14920,UartTxTask,"[14920, 3758096384, 20, 1]"
177413,3331563.0231481483,92,0x200080a0,32928,UartTxTask,"[32928, 3758096384, 0, 1]"
177418,3340781.162037037,90,0x20003a48,14920,TelemetryTask,"[14920, 536908656, 200, 0]"
177422,3340824.222222222,92,0x20003a48,14920,UartTxTask,"[14920, 3758096384, 20, 1]"
177427,3341561.027777778,92,0x200080a0,32928,UartTxTask,"[32928, 3758096384, 0, 1]"
177432,3350781.2314814813,90,0x20003a48,14920,TelemetryTask,"[14920, 536908656, 200, 0]"
177436,3350824.472222222,92,0x20003a48,14920,UartTxTask,"[14920, 3758096384, 20, 1]"
177441,3351561.013888889,92,0x200080a0,32928,UartTxTask,"[32928, 3758096384, 0, 1]"
177446,3360781.9953703703,90,0x20003a48,14920,TelemetryTask,"[14920, 536908656, 200, 0]"
177450,3360825.037037037,92,0x20003a48,14920,UartTxTask,"[14920, 3758096384, 20, 1]"
177455,3361562.625,92,0x200080a0,32928,UartTxTask,"[32928, 3758096384, 0, 1]"
177460,3370781.875,90,0x20003a48,14920,TelemetryTask,"[14920, 536908656, 200, 0]"
177464,3370824.6157407407,92,0x20003a48,14920,UartTxTask,"[14920, 3758096384, 20, 1]"
177469,3371562.032407407,92,0x200080a0,32928,UartTxTask,"[32928, 3758096384, 0, 1]"
177474,3380780.7268518517,90,0x20003a48,14920,TelemetryTask,"[14920, 536908656, 200, 0]"
177478,3380824.1666666665,92,0x20003a48,14920,UartTxTask,"[14920, 3758096384, 20, 1]"
177483,3381560.907407407,92,0x200080a0,32928,UartTxTask,"[32928, 3758096384, 0, 1]"
177488,3390781.277777778,90,0x20003a48,14920,TelemetryTask,"[14920, 536908656, 200, 0]"
177492,3390824.199074074,92,0x20003a48,14920,UartTxTask,"[14920, 3758096384, 20, 1]"
177497,3391560.7685185187,92,0x200080a0,32928,UartTxTask,"[32928, 3758096384, 0, 1]"
177502,3400781.925925926,90,0x20003a48,14920,TelemetryTask,"[14920, 536908656, 200, 0]"
177506,3400825.8194444445,92,0x20003a48,14920,UartTxTask,"[14920, 3758096384, 20, 1]"
177511,3401563.1805555555,92,0x200080a0,32928,UartTxTask,"[32928, 3758096384, 0, 1]"
177516,3410781.361111111,90,0x20003a48,14920,TelemetryTask,"[14920, 536908656, 200, 0]"
177520,3410824.5694444445,92,0x20003a48,14920,UartTxTask,"[14920, 3758096384, 20, 1]"
177525,3411561.6435185187,92,0x200080a0,32928,UartTxTask,"[32928, 3758096384, 0, 1]"
177530,3420781.328703704,90,0x20003a48,14920,TelemetryTask,"[14920, 536908656, 200, 0]"
177534,3420824.1481481483,92,0x20003a48,14920,UartTxTask,"[14920, 3758096384, 20, 1]"
177539,3421560.8055555555,92,0x200080a0,32928,UartTxTask,"[32928, 3758096384, 0, 1]"
177544,3430781.199074074,90,0x20003a48,14920,TelemetryTask,"[14920, 536908656, 200, 0]"
177548,3430824.574074074,92,0x20003a48,14920,UartTxTask,"[14920, 3758096384, 20, 1]"
177553,3431562.1203703703,92,0x200080a0,32928,UartTxTask,"[32928, 3758096384, 0, 1]"
177558,3440781.7731481483,90,0x20003a48,14920,TelemetryTask,"[14920, 536908656, 200, 0]"
177562,3440825.222222222,92,0x20003a48,14920,UartTxTask,"[14920, 3758096384, 20, 1]"
177567,3441562.402777778,92,0x200080a0,32928,UartTxTask,"[32928, 3758096384, 0, 1]"
177572,3450780.597222222,90,0x20003a48,14920,TelemetryTask,"[14920, 536908656, 200, 0]"
177576,3450823.7685185187,92,0x20003a48,14920,UartTxTask,"[14920, 3758096384, 20, 1]"
177581,3451560.9305555555,92,0x200080a0,32928,UartTxTask,"[32928, 3758096384, 0, 1]"
177586,3460780.9953703703,90,0x20003a48,14920,TelemetryTask,"[14920, 536908656, 200, 0]"
177590,3460823.75,92,0x20003a48,14920,UartTxTask,"[14920, 3758096384, 20, 1]"
177595,3461561.3518518517,92,0x200080a0,32928,UartTxTask,"[32928, 3758096384, 0, 1]"
177600,3470782.5046296297,90,0x20003a48,14920,TelemetryTask,"[14920, 536908656, 200, 0]"
177604,3470825.5,92,0x20003a48,14920,UartTxTask,"[14920, 3758096384, 20, 1]"
177609,3471562.7407407407,92,0x200080a0,32928,UartTxTask,"[32928, 3758096384, 0, 1]"
177614,3480781.0,90,0x20003a48,14920,TelemetryTask,"[14920, 536908656, 200, 0]"
177618,3480824.546296296,92,0x20003a48,14920,UartTxTask,"[14920, 3758096384, 20, 1]"
177623,3481561.7592592593,92,0x200080a0,32928,UartTxTask,"[32928, 3758096384, 0, 1]"
177628,3490781.310185185,90,0x20003a48,14920,TelemetryTask,"[14920, 536908656, 200, 0]"
177632,3490824.2685185187,92,0x20003a48,14920,UartTxTask,"[14920, 3758096384, 20, 1]"
177637,3491561.4768518517,92,0x200080a0,32928,UartTxTask,"[32928, 3758096384, 0, 1]"
177642,3500781.1481481483,90,0x20003a48,14920,TelemetryTask,"[14920, 536908656, 200, 0]"
177646,3500823.8935185187,92,0x20003a48,14920,UartTxTask,"[14920, 3758096384, 20, 1]"
177651,3501561.078703704,92,0x200080a0,32928,UartTxTask,"[32928, 3758096384, 0, 1]"
177656,3510781.532407407,90,0x20003a48,14920,TelemetryTask,"[14920, 536908656, 200, 0]"
177660,3510825.5,92,0x20003a48,14920,UartTxTask,"[14920, 3758096384, 20, 1]"
177665,3511562.449074074,92,0x200080a0,32928,UartTxTask,"[32928, 3758096384, 0, 1]"
177670,3520781.074074074,90,0x20003a48,14920,TelemetryTask,"[14920, 536908656, 200, 0]"
177674,3520824.6018518517,92,0x20003a48,14920,UartTxTask,"[14920, 3758096384, 20, 1]"
177679,3521561.2592592593,92,0x200080a0,32928,UartTxTask,"[32928, 3758096384, 0, 1]"
177684,3530781.560185185,90,0x20003a48,14920,TelemetryTask,"[14920, 536908656, 200, 0]"
177688,3530824.9768518517,92,0x20003a48,14920,UartTxTask,"[14920, 3758096384, 20, 1]"
177693,3531562.5416666665,92,0x200080a0,32928,UartTxTask,"[32928, 3758096384, 0, 1]"
177698,3540782.6435185187,90,0x20003a48,14920,TelemetryTask,"[14920, 536908656, 200, 0]"
177702,3540825.3796296297,92,0x20003a48,14920,UartTxTask,"[14920, 3758096384, 20, 1]"
177707,3541562.550925926,92,0x200080a0,32928,UartTxTask,"[32928, 3758096384, 0, 1]"
177712,3550780.652777778,90,0x20003a48,14920,TelemetryTask,"[14920, 536908656, 200, 0]"
177716,3550823.925925926,92,0x20003a48,14920,UartTxTask,"[14920, 3758096384, 20, 1]"
177721,3551560.550925926,92,0x200080a0,32928,UartTxTask,"[32928, 3758096384, 0, 1]"
177726,3560781.287037037,90,0x20003a48,14920,TelemetryTask,"[14920, 536908656, 200, 0]"
177730,3560824.328703704,92,0x20003a48,14920,UartTxTask,"[14920, 3758096384, 20, 1]"
177735,3561561.277777778,92,0x200080a0,32928,UartTxTask,"[32928, 3758096384, 0, 1]"
177740,3570781.324074074,90,0x20003a48,14920,TelemetryTask,"[14920, 536908656, 200, 0]"
177744,3570824.1296296297,92,0x20003a48,14920,UartTxTask,"[14920, 3758096384, 20, 1]"
177749,3571561.2592592593,92,0x200080a0,32928,UartTxTask,"[32928, 3758096384, 0, 1]"
177754,3580780.3981481483,90,0x20003a48,14920,TelemetryTask,"[14920, 536908656, 200, 0]"
177758,3580823.6342592593,92,0x20003a48,14920,UartTxTask,"[14920, 3758096384, 20, 1]"
177763,3581560.412037037,92,0x200080a0,32928,UartTxTask,"[32928, 3758096384, 0, 1]"
177768,3590781.162037037,90,0x20003a48,14920,TelemetryTask,"[14920, 536908656, 200, 0]"
177772,3590825.1296296297,92,0x20003a48,14920,UartTxTask,"[14920, 3758096384, 20, 1]"
177777,3591561.9953703703,92,0x200080a0,32928,UartTxTask,"[32928, 3758096384, 0, 1]"
177782,3600780.9444444445,90,0x20003a48,14920,TelemetryTask,"[14920, 536908656, 200, 0]"
177786,3600823.5833333335,92,0x20003a48,14920,UartTxTask,"[14920, 3758096384, 20, 1]"
177791,3601560.2592592593,92,0x200080a0,32928,UartTxTask,"[32928, 3758096384, 0, 1]"
177796,3610780.060185185,90,0x20003a48,14920,TelemetryTask,"[14920, 536908656, 200, 0]"
177800,3610823.3055555555,92,0x20003a48,14920,UartTxTask,"[14920, 3758096384, 20, 1]"
177805,3611560.453703704,92,0x200080a0,32928,UartTxTask,"[32928, 3758096384, 0, 1]"
177810,3620781.0833333335,90,0x20003a48,14920,TelemetryTask,"[14920, 536908656, 200, 0]"
177814,3620824.185185185,92,0x20003a48,14920,UartTxTask,"[14920, 3758096384, 20, 1]"
177819,3621560.777777778,92,0x200080a0,32928,UartTxTask,"[32928, 3758096384, 0, 1]"
177824,3630781.2268518517,90,0x20003a48,14920,TelemetryTask,"[14920, 536908656, 200, 0]"
177828,3630824.453703704,92,0x20003a48,14920,UartTxTask,"[14920, 3758096384, 20, 1]"
177833,3631561.537037037,92,0x200080a0,32928,UartTxTask,"[32928, 3758096384, 0, 1]"
177838,3640781.0185185187,90,0x20003a48,14920,TelemetryTask,"[14920, 536908656, 200, 0]"
177842,3640823.787037037,92,0x20003a48,14920,UartTxTask,"[14920, 3758096384, 20, 1]"
177847,3641560.7592592593,92,0x200080a0,32928,UartTxTask,"[32928, 3758096384, 0, 1]"
177852,3650781.4583333335,90,0x20003a48,14920,TelemetryTask,"[14920, 536908656, 200, 0]"
177856,3650824.282407407,92,0x20003a48,14920,UartTxTask,"[14920, 3758096384, 20, 1]"
177861,3651560.777777778,92,0x200080a0,32928,UartTxTask,"[32928, 3758096384, 0, 1]"
177866,3660781.212962963,90,0x20003a48,14920,TelemetryTask,"[14920, 536908656, 200, 0]"
177870,3660824.435185185,92,0x20003a48,14920,UartTxTask,"[14920, 3758096384, 20, 1]"
177875,3661561.574074074,92,0x200080a0,32928,UartTxTask,"[32928, 3758096384, 0, 1]"
177880,3670781.587962963,90,0x20003a48,14920,TelemetryTask,"[14920, 536908656, 200, 0]"
177884,3670824.777777778,92,0x20003a48,14920,UartTxTask,"[14920, 3758096384, 20, 1]"
177889,3671561.652777778,92,0x200080a0,32928,UartTxTask,"[32928, 3758096384, 0, 1]"
177894,3680781.222222222,90,0x20003a48,14920,TelemetryTask,"[14920, 536908656, 200, 0]"
177898,3680824.527777778,92,0x20003a48,14920,UartTxTask,"[14920, 3758096384, 20, 1]"
177903,3681561.4814814813,92,0x200080a0,32928,UartTxTask,"[32928, 3758096384, 0, 1]"
177908,3690780.796296296,90,0x20003a48,14920,TelemetryTask,"[14920, 536908656, 200, 0]"
177912,3690823.513888889,92,0x20003a48,14920,UartTxTask,"[14920, 3758096384, 20, 1]"
177917,3691561.0092592593,92,0x200080a0,32928,UartTxTask,"[32928, 3758096384, 0, 1]"
177922,3700780.8703703703,90,0x20003a48,14920,TelemetryTask,"[14920, 536908656, 200, 0]"
177926,3700823.9444444445,92,0x20003a48,14920,UartTxTask,"[14920, 3758096384, 20, 1]"
177931,3701560.777777778,92,0x200080a0,32928,UartTxTask,"[32928, 3758096384, 0, 1]"
177936,3710781.7083333335,90,0x20003a48,14920,TelemetryTask,"[14920, 536908656, 200, 0]"
177940,3710824.8657407407,92,0x20003a48,14920,UartTxTask,"[14920, 3758096384, 20, 1]"
177945,3711561.537037037,92,0x200080a0,32928,UartTxTask,"[32928, 3758096384, 0, 1]"
177950,3720781.421296296,90,0x20003a48,14920,TelemetryTask,"[14920, 536908656, 200, 0]"
177954,3720824.800925926,92,0x20003a48,14920,UartTxTask,"[14920, 3758096384, 20, 1]"
177959,3721561.546296296,92,0x200080a0,32928,UartTxTask,"[32928, 3758096384, 0, 1]"
177964,3730781.513888889,90,0x20003a48,14920,TelemetryTask,"[14920, 536908656, 200, 0]"
177968,3730824.736111111,92,0x20003a48,14920,UartTxTask,"[14920, 3758096384, 20, 1]"
177973,3731561.217592593,92,0x200080a0,32928,UartTxTask,"[32928, 3758096384, 0, 1]"
177978,3740781.597222222,90,0x20003a48,14920,TelemetryTask,"[14920, 536908656, 200, 0]"
177982,3740824.6481481483,92,0x20003a48,14920,UartTxTask,"[14920, 3758096384, 20, 1]"
177987,3741561.439814815,92,0x200080a0,32928,UartTxTask,"[32928, 3758096384, 0, 1]"
177992,3750781.2407407407,90,0x20003a48,14920,TelemetryTask,"[14920, 536908656, 200, 0]"
177996,3750825.2731481483,92,0x20003a48,14920,UartTxTask,"[14920, 3758096384, 20, 1]"
178001,3751562.2314814813,92,0x200080a0,32928,UartTxTask,"[32928, 3758096384, 0, 1]"
178006,3760781.152777778,90,0x20003a48,14920,TelemetryTask,"[14920, 536908656, 200, 0]"
178010,3760824.652777778,92,0x20003a48,14920,UartTxTask,"[14920, 3758096384, 20, 1]"
178015,3761561.9814814813,92,0x200080a0,32928,UartTxTask,"[32928, 3758096384, 0, 1]"
178020,3770780.8333333335,90,0x20003a48,14920,TelemetryTask,"[14920, 536908656, 200, 0]"
178024,3770824.217592593,92,0x20003a48,14920,UartTxTask,"[14920, 3758096384, 20, 1]"
178029,3771561.472222222,92,0x200080a0,32928,UartTxTask,"[32928, 3758096384, 0, 1]"
178034,3780780.5092592593,90,0x20003a48,14920,TelemetryTask,"[14920, 536908656, 200, 0]"
178038,3780824.212962963,92,0x20003a48,14920,UartTxTask,"[14920, 3758096384, 20, 1]"
178043,3781561.324074074,92,0x200080a0,32928,UartTxTask,"[32928, 3758096384, 0, 1]"
178048,3790781.8564814813,90,0x20003a48,14920,TelemetryTask,"[14920, 536908656, 200, 0]"
178052,3790824.2407407407,92,0x20003a48,14920,UartTxTask,"[14920, 3758096384, 20, 1]"
178057,3791561.347222222,92,0x200080a0,32928,UartTxTask,"[32928, 3758096384, 0, 1]"
178062,3800781.185185185,90,0x20003a48,14920,TelemetryTask,"[14920, 536908656, 200, 0]"
178066,3800824.1435185187,92,0x20003a48,14920,UartTxTask,"[14920, 3758096384, 20, 1]"
178071,3801561.2916666665,92,0x200080a0,32928,UartTxTask,"[32928, 3758096384, 0, 1]"
178076,3810781.5046296297,90,0x20003a48,14920,TelemetryTask,"[14920, 536908656, 200, 0]"
178080,3810824.578703704,92,0x20003a48,14920,UartTxTask,"[14920, 3758096384, 20, 1]"
178085,3811561.6342592593,92,0x200080a0,32928,UartTxTask,"[32928, 3758096384, 0, 1]"
178090,3820780.9444444445,90,0x20003a48,14920,TelemetryTask,"[14920, 536908656, 200, 0]"
178094,3820823.814814815,92,0x20003a48,14920,UartTxTask,"[14920, 3758096384, 20, 1]"
178099,3821561.2546296297,92,0x200080a0,32928,UartTxTask,"[32928, 3758096384, 0, 1]"
178104,3830780.939814815,90,0x20003a48,14920,TelemetryTask,"[14920, 536908656, 200, 0]"
178108,3830823.935185185,92,0x20003a48,14920,UartTxTask,"[14920, 3758096384, 20, 1]"
178113,3831560.787037037,92,0x200080a0,32928,UartTxTask,"[32928, 3758096384, 0, 1]"
178118,3840781.1805555555,90,0x20003a48,14920,TelemetryTask,"[14920, 536908656, 200, 0]"
178122,3840824.472222222,92,0x20003a48,14920,UartTxTask,"[14920, 3758096384, 20, 1]"
178127,3841561.675925926,92,0x200080a0,32928,UartTxTask,"[32928, 3758096384, 0, 1]"
178132,3850781.185185185,90,0x20003a48,14920,TelemetryTask,"[14920, 536908656, 200, 0]"
178136,3850824.578703704,92,0x20003a48,14920,UartTxTask,"[14920, 3758096384, 20, 1]"
178141,3851561.3981481483,92,0x200080a0,32928,UartTxTask,"[32928, 3758096384, 0, 1]"
178146,3860780.5555555555,90,0x20003a48,14920,TelemetryTask,"[14920, 536908656, 200, 0]"
178150,3860823.560185185,92,0x20003a48,14920,UartTxTask,"[14920, 3758096384, 20, 1]"
178155,3861560.847222222,92,0x200080a0,32928,UartTxTask,"[32928, 3758096384, 0, 1]"
178160,3870780.546296296,90,0x20003a48,14920,TelemetryTask,"[14920, 536908656, 200, 0]"
178164,3870823.032407407,92,0x20003a48,14920,UartTxTask,"[14920, 3758096384, 20, 1]"
178169,3871559.449074074,92,0x200080a0,32928,UartTxTask,"[32928, 3758096384, 0, 1]"
178174,3880780.587962963,90,0x20003a48,14920,TelemetryTask,"[14920, 536908656, 200, 0]"
178178,3880823.2592592593,92,0x20003a48,14920,UartTxTask,"[14920, 3758096384, 20, 1]"
178183,3881561.171296296,92,0x200080a0,32928,UartTxTask,"[32928, 3758096384, 0, 1]"
178188,3890781.7083333335,90,0x20003a48,14920,TelemetryTask,"[14920, 536908656, 200, 0]"
178192,3890825.578703704,92,0x20003a48,14920,UartTxTask,"[14920, 3758096384, 20, 1]"
178197,3891562.763888889,92,0x200080a0,32928,UartTxTask,"[32928, 3758096384, 0, 1]"
178202,3900781.1157407407,90,0x20003a48,14920,TelemetryTask,"[14920, 536908656, 200, 0]"
178206,3900824.0231481483,92,0x20003a48,14920,UartTxTask,"[14920, 3758096384, 20, 1]"
178211,3901560.5185185187,92,0x200080a0,32928,UartTxTask,"[32928, 3758096384, 0, 1]"
178216,3910780.722222222,90,0x20003a48,14920,TelemetryTask,"[14920, 536908656, 200, 0]"
178220,3910824.078703704,92,0x20003a48,14920,UartTxTask,"[14920, 3758096384, 20, 1]"
178225,3911560.560185185,92,0x200080a0,32928,UartTxTask,"[32928, 3758096384, 0, 1]"
178230,3920782.1203703703,90,0x20003a48,14920,TelemetryTask,"[14920, 536908656, 200, 0]"
178234,3920825.5092592593,92,0x20003a48,14920,UartTxTask,"[14920, 3758096384, 20, 1]"
178239,3921562.1064814813,92,0x200080a0,32928,UartTxTask,"[32928, 3758096384, 0, 1]"
178244,3930780.9768518517,90,0x20003a48,14920,TelemetryTask,"[14920, 536908656, 200, 0]"
178248,3930823.5555555555,92,0x20003a48,14920,UartTxTask,"[14920, 3758096384, 20, 1]"
178253,3931560.777777778,92,0x200080a0,32928,UartTxTask,"[32928, 3758096384, 0, 1]"
178258,3940781.324074074,90,0x20003a48,14920,TelemetryTask,"[14920, 536908656, 200, 0]"
178262,3940824.837962963,92,0x20003a48,14920,UartTxTask,"[14920, 3758096384, 20, 1]"
178267,3941562.277777778,92,0x200080a0,32928,UartTxTask,"[32928, 3758096384, 0, 1]"
178272,3950781.782407407,90,0x20003a48,14920,TelemetryTask,"[14920, 536908656, 200, 0]"
178276,3950824.921296296,92,0x20003a48,14920,UartTxTask,"[14920, 3758096384, 20, 1]"
178281,3951561.5,92,0x200080a0,32928,UartTxTask,"[32928, 3758096384, 0, 1]"
178286,3960780.157407407,90,0x20003a48,14920,TelemetryTask,"[14920, 536908656, 200, 0]"
178290,3960823.5185185187,92,0x20003a48,14920,UartTxTask,"[14920, 3758096384, 20, 1]"
178295,3961560.310185185,92,0x200080a0,32928,UartTxTask,"[32928, 3758096384, 0, 1]"
178300,3970780.8796296297,90,0x20003a48,14920,TelemetryTask,"[14920, 536908656, 200, 0]"
178304,3970824.0092592593,92,0x20003a48,14920,UartTxTask,"[14920, 3758096384, 20, 1]"
178309,3971561.046296296,92,0x200080a0,32928,UartTxTask,"[32928, 3758096384, 0, 1]"
178314,3980780.921296296,90,0x20003a48,14920,TelemetryTask,"[14920, 536908656, 200, 0]"
178318,3980823.939814815,92,0x20003a48,14920,UartTxTask,"[14920, 3758096384, 20, 1]"
178323,3981560.8657407407,92,0x200080a0,32928,UartTxTask,"[32928, 3758096384, 0, 1]"
178328,3990781.0555555555,90,0x20003a48,14920,TelemetryTask,"[14920, 536908656, 200, 0]"
178332,3990823.8842592593,92,0x20003a48,14920,UartTxTask,"[14920, 3758096384, 20, 1]"
178337,3991560.75,92,0x200080a0,32928,UartTxTask,"[32928, 3758096384, 0, 1]"
178342,4000781.2916666665,90,0x20003a48,14920,TelemetryTask,"[14920, 536908656, 200, 0]"
178346,4000824.375,92,0x20003a48,14920,UartTxTask,"[14920, 3758096384, 20, 1]"
178351,4001561.4166666665,92,0x200080a0,32928,UartTxTask,"[32928, 3758096384, 0, 1]"
178356,4010781.2592592593,90,0x20003a48,14920,TelemetryTask,"[14920, 536908656, 200, 0]"
178360,4010824.7546296297,92,0x20003a48,14920,UartTxTask,"[14920, 3758096384, 20, 1]"
178365,4011562.550925926,92,0x200080a0,32928,UartTxTask,"[32928, 3758096384, 0, 1]"
178370,4020781.6666666665,90,0x20003a48,14920,TelemetryTask,"[14920, 536908656, 200, 0]"
178374,4020824.597222222,92,0x20003a48,14920,UartTxTask,"[14920, 3758096384, 20, 1]"
178379,4021561.175925926,92,0x200080a0,32928,UartTxTask,"[32928, 3758096384, 0, 1]"
178384,4030780.902777778,90,0x20003a48,14920,TelemetryTask,"[14920, 536908656, 200, 0]"
178388,4030823.439814815,92,0x20003a48,14920,UartTxTask,"[14920, 3758096384, 20, 1]"
178393,4031560.935185185,92,0x200080a0,32928,UartTxTask,"[32928, 3758096384, 0, 1]"
178398,4040781.3842592593,90,0x20003a48,14920,TelemetryTask,"[14920, 536908656, 200, 0]"
178402,4040824.138888889,92,0x20003a48,14920,UartTxTask,"[14920, 3758096384, 20, 1]"
178407,4041561.212962963,92,0x200080a0,32928,UartTxTask,"[32928, 3758096384, 0, 1]"
178412,4050781.157407407,90,0x20003a48,14920,TelemetryTask,"[14920, 536908656, 200, 0]"
178416,4050823.5416666665,92,0x20003a48,14920,UartTxTask,"[14920, 3758096384, 20, 1]"
178421,4051560.578703704,92,0x200080a0,32928,UartTxTask,"[32928, 3758096384, 0, 1]"
178426,4060780.1481481483,90,0x20003a48,14920,TelemetryTask,"[14920, 536908656, 200, 0]"
178430,4060823.407407407,92,0x20003a48,14920,UartTxTask,"[14920, 3758096384, 20, 1]"
178435,4061560.5092592593,92,0x200080a0,32928,UartTxTask,"[32928, 3758096384, 0, 1]"
178440,4070780.875,90,0x20003a48,14920,TelemetryTask,"[14920, 536908656, 200, 0]"
178444,4070824.421296296,92,0x20003a48,14920,UartTxTask,"[14920, 3758096384, 20, 1]"
178449,4071561.449074074,92,0x200080a0,32928,UartTxTask,"[32928, 3758096384, 0, 1]"
178454,4080781.453703704,90,0x20003a48,14920,TelemetryTask,"[14920, 536908656, 200, 0]"
178458,4080824.439814815,92,0x20003a48,14920,UartTxTask,"[14920, 3758096384, 20, 1]"
178463,4081561.675925926,92,0x200080a0,32928,UartTxTask,"[32928, 3758096384, 0, 1]"
178468,4090781.7407407407,90,0x20003a48,14920,TelemetryTask,"[14920, 536908656, 200, 0]"
178472,4090824.324074074,92,0x20003a48,14920,UartTxTask,"[14920, 3758096384, 20, 1]"
178477,4091561.7314814813,92,0x200080a0,32928,UartTxTask,"[32928, 3758096384, 0, 1]"
178482,4100780.9814814813,90,0x20003a48,14920,TelemetryTask,"[14920, 536908656, 200, 0]"
178486,4100824.347222222,92,0x20003a48,14920,UartTxTask,"[14920, 3758096384, 20, 1]"
178491,4101561.3842592593,92,0x200080a0,32928,UartTxTask,"[32928, 3758096384, 0, 1]"
178496,4110780.8842592593,90,0x20003a48,14920,TelemetryTask,"[14920, 536908656, 200, 0]"
178500,4110824.3935185187,92,0x20003a48,14920,UartTxTask,"[14920, 3758096384, 20, 1]"
178505,4111561.4768518517,92,0x200080a0,32928,UartTxTask,"[32928, 3758096384, 0, 1]"
178510,4120780.907407407,90,0x20003a48,14920,TelemetryTask,"[14920, 536908656, 200, 0]"
178514,4120823.824074074,92,0x20003a48,14920,UartTxTask,"[14920, 3758096384, 20, 1]"
178519,4121560.907407407,92,0x200080a0,32928,UartTxTask,"[32928, 3758096384, 0, 1]"
178524,4130781.8333333335,90,0x20003a48,14920,TelemetryTask,"[14920, 536908656, 200, 0]"
178528,4130824.578703704,92,0x20003a48,14920,UartTxTask,"[14920, 3758096384, 20, 1]"
178533,4131561.685185185,92,0x200080a0,32928,UartTxTask,"[32928, 3758096384, 0, 1]"
178538,4140781.4444444445,90,0x20003a48,14920,TelemetryTask,"[14920, 536908656, 200, 0]"
178542,4140824.7407407407,92,0x20003a48,14920,UartTxTask,"[14920, 3758096384, 20, 1]"
178547,4141561.703703704,92,0x200080a0,32928,UartTxTask,"[32928, 3758096384, 0, 1]"
178552,4150781.152777778,90,0x20003a48,14920,TelemetryTask,"[14920, 536908656, 200, 0]"
178556,4150824.3564814813,92,0x20003a48,14920,UartTxTask,"[14920, 3758096384, 20, 1]"
178561,4151561.425925926,92,0x200080a0,32928,UartTxTask,"[32928, 3758096384, 0, 1]"
178566,4160780.347222222,90,0x20003a48,14920,TelemetryTask,"[14920, 536908656, 200, 0]"
178570,4160823.212962963,92,0x20003a48,14920,UartTxTask,"[14920, 3758096384, 20, 1]"
178575,4161559.9768518517,92,0x200080a0,32928,UartTxTask,"[32928, 3758096384, 0, 1]"
178580,4170780.2407407407,90,0x20003a48,14920,TelemetryTask,"[14920, 536908656, 200, 0]"
178584,4170823.638888889,92,0x20003a48,14920,UartTxTask,"[14920, 3758096384, 20, 1]"
178589,4171560.527777778,92,0x200080a0,32928,UartTxTask,"[32928, 3758096384, 0, 1]"
178594,4180781.532407407,90,0x20003a48,14920,TelemetryTask,"[14920, 536908656, 200, 0]"
178598,4180824.3194444445,92,0x20003a48,14920,UartTxTask,"[14920, 3758096384, 20, 1]"
178603,4181561.597222222,92,0x200080a0,32928,UartTxTask,"[32928, 3758096384, 0, 1]"
178608,4190780.8194444445,90,0x20003a48,14920,TelemetryTask,"[14920, 536908656, 200, 0]"
178612,4190823.7546296297,92,0x20003a48,14920,UartTxTask,"[14920, 3758096384, 20, 1]"
178617,4191560.4953703703,92,0x200080a0,32928,UartTxTask,"[32928, 3758096384, 0, 1]"
178622,4200780.763888889,90,0x20003a48,14920,TelemetryTask,"[14920, 536908656, 200, 0]"
178626,4200823.384259259,92,0x20003a48,14920,UartTxTask,"[14920, 3758096384, 20, 1]"
178631,4201560.851851852,92,0x200080a0,32928,UartTxTask,"[32928, 3758096384, 0, 1]"
178636,4210781.587962963,90,0x20003a48,14920,TelemetryTask,"[14920, 536908656, 200, 0]"
178640,4210825.148148148,92,0x20003a48,14920,UartTxTask,"[14920, 3758096384, 20, 1]"
178645,4211562.444444444,92,0x200080a0,32928,UartTxTask,"[32928, 3758096384, 0, 1]"
178650,4220781.671296297,90,0x20003a48,14920,TelemetryTask,"[14920, 536908656, 200, 0]"
178654,4220824.967592592,92,0x20003a48,14920,UartTxTask,"[14920, 3758096384, 20, 1]"
178659,4221561.162037037,92,0x200080a0,32928,UartTxTask,"[32928, 3758096384, 0, 1]"
178664,4230781.671296297,90,0x20003a48,14920,TelemetryTask,"[14920, 536908656, 200, 0]"
178668,4230824.305555556,92,0x20003a48,14920,UartTxTask,"[14920, 3758096384, 20, 1]"
178673,4231561.263888889,92,0x200080a0,32928,UartTxTask,"[32928, 3758096384, 0, 1]"
178678,4240780.981481481,90,0x20003a48,14920,TelemetryTask,"[14920, 536908656, 200, 0]"
178682,4240824.106481481,92,0x20003a48,14920,UartTxTask,"[14920, 3758096384, 20, 1]"
178687,4241560.949074074,92,0x200080a0,32928,UartTxTask,"[32928, 3758096384, 0, 1]"
178692,4250781.439814814,90,0x20003a48,14920,TelemetryTask,"[14920, 536908656, 200, 0]"
178696,4250824.564814814,92,0x20003a48,14920,UartTxTask,"[14920, 3758096384, 20, 1]"
178701,4251561.625,92,0x200080a0,32928,UartTxTask,"[32928, 3758096384, 0, 1]"
178706,4260781.763888889,90,0x20003a48,14920,TelemetryTask,"[14920, 536908656, 200, 0]"
178710,4260824.615740741,92,0x20003a48,14920,UartTxTask,"[14920, 3758096384, 20, 1]"
178715,4261561.074074074,92,0x200080a0,32928,UartTxTask,"[32928, 3758096384, 0, 1]"
178720,4270781.041666667,90,0x20003a48,14920,TelemetryTask,"[14920, 536908656, 200, 0]"
178724,4270823.24537037,92,0x20003a48,14920,UartTxTask,"[14920, 3758096384, 20, 1]"
178729,4271560.023148148,92,0x200080a0,32928,UartTxTask,"[32928, 3758096384, 0, 1]"
178734,4280782.435185186,90,0x20003a48,14920,TelemetryTask,"[14920, 536908656, 200, 0]"
178738,4280826.134259259,92,0x20003a48,14920,UartTxTask,"[14920, 3758096384, 20, 1]"
178743,4281563.49537037,92,0x200080a0,32928,UartTxTask,"[32928, 3758096384, 0, 1]"
178748,4290781.412037037,90,0x20003a48,14920,TelemetryTask,"[14920, 536908656, 200, 0]"
178752,4290824.657407408,92,0x20003a48,14920,UartTxTask,"[14920, 3758096384, 20, 1]"
178757,4291561.680555556,92,0x200080a0,32928,UartTxTask,"[32928, 3758096384, 0, 1]"
178762,4300781.680555556,90,0x20003a48,14920,TelemetryTask,"[14920, 536908656, 200, 0]"
178766,4300824.62037037,92,0x20003a48,14920,UartTxTask,"[14920, 3758096384, 20, 1]"
178771,4301561.62037037,92,0x200080a0,32928,UartTxTask,"[32928, 3758096384, 0, 1]"
178776,4310781.777777778,90,0x20003a48,14920,TelemetryTask,"[14920, 536908656, 200, 0]"
178780,4310825.125,92,0x20003a48,14920,UartTxTask,"[14920, 3758096384, 20, 1]"
178785,4311562.550925926,92,0x200080a0,32928,UartTxTask,"[32928, 3758096384, 0, 1]"
178790,4320781.717592592,90,0x20003a48,14920,TelemetryTask,"[14920, 536908656, 200, 0]"
178794,4320824.037037037,92,0x20003a48,14920,UartTxTask,"[14920, 3758096384, 20, 1]"
178799,4321561.171296297,92,0x200080a0,32928,UartTxTask,"[32928, 3758096384, 0, 1]"
178804,4330781.185185186,90,0x20003a48,14920,TelemetryTask,"[14920, 536908656, 200, 0]"
178808,4330824.013888889,92,0x20003a48,14920,UartTxTask,"[14920, 3758096384, 20, 1]"
178813,4331561.638888889,92,0x200080a0,32928,UartTxTask,"[32928, 3758096384, 0, 1]"
178818,4340781.342592592,90,0x20003a48,14920,TelemetryTask,"[14920, 536908656, 200, 0]"
178822,4340824.162037037,92,0x20003a48,14920,UartTxTask,"[14920, 3758096384, 20, 1]"
178827,4341560.805555556,92,0x200080a0,32928,UartTxTask,"[32928, 3758096384, 0, 1]"
178832,4350781.921296297,90,0x20003a48,14920,TelemetryTask,"[14920, 536908656, 200, 0]"
178836,4350825.152777778,92,0x20003a48,14920,UartTxTask,"[14920, 3758096384, 20, 1]"
178841,4351562.217592592,92,0x200080a0,32928,UartTxTask,"[32928, 3758096384, 0, 1]"
178846,4360781.921296297,90,0x20003a48,14920,TelemetryTask,"[14920, 536908656, 200, 0]"
178850,4360824.953703703,92,0x20003a48,14920,UartTxTask,"[14920, 3758096384, 20, 1]"
178855,4361562.111111111,92,0x200080a0,32928,UartTxTask,"[32928, 3758096384, 0, 1]"
178860,4370780.787037037,90,0x20003a48,14920,TelemetryTask,"[14920, 536908656, 200, 0]"
178864,4370823.865740741,92,0x20003a48,14920,UartTxTask,"[14920, 3758096384, 20, 1]"
178869,4371561.027777778,92,0x200080a0,32928,UartTxTask,"[32928, 3758096384, 0, 1]"
178874,4380780.888888889,90,0x20003a48,14920,TelemetryTask,"[14920, 536908656, 200, 0]"
178878,4380824.509259259,92,0x20003a48,14920,UartTxTask,"[14920, 3758096384, 20, 1]"
178883,4381561.671296297,92,0x200080a0,32928,UartTxTask,"[32928, 3758096384, 0, 1]"
178888,4390781.199074074,90,0x20003a48,14920,TelemetryTask,"[14920, 536908656, 200, 0]"
178892,4390823.944444444,92,0x20003a48,14920,UartTxTask,"[14920, 3758096384, 20, 1]"
178897,4391561.648148148,92,0x200080a0,32928,UartTxTask,"[32928, 3758096384, 0, 1]"
178902,4400780.953703703,90,0x20003a48,14920,TelemetryTask,"[14920, 536908656, 200, 0]"
178906,4400823.972222222,92,0x20003a48,14920,UartTxTask,"[14920, 3758096384, 20, 1]"
178911,4401560.597222222,92,0x200080a0,32928,UartTxTask,"[32928, 3758096384, 0, 1]"
178916,4410781.324074074,90,0x20003a48,14920,TelemetryTask,"[14920, 536908656, 200, 0]"
178920,4410824.342592592,92,0x20003a48,14920,UartTxTask,"[14920, 3758096384, 20, 1]"
178925,4411561.537037037,92,0x200080a0,32928,UartTxTask,"[32928, 3758096384, 0, 1]"
178930,4420782.092592592,90,0x20003a48,14920,TelemetryTask,"[14920, 536908656, 200, 0]"
178934,4420825.157407408,92,0x20003a48,14920,UartTxTask,"[14920, 3758096384, 20, 1]"
178939,4421562.699074074,92,0x200080a0,32928,UartTxTask,"[32928, 3758096384, 0, 1]"
178944,4430780.851851852,90,0x20003a48,14920,TelemetryTask,"[14920, 536908656, 200, 0]"
178948,4430823.986111111,92,0x20003a48,14920,UartTxTask,"[14920, 3758096384, 20, 1]"
178953,4431561.337962963,92,0x200080a0,32928,UartTxTask,"[32928, 3758096384, 0, 1]"
178958,4440780.976851852,90,0x20003a48,14920,TelemetryTask,"[14920, 536908656, 200, 0]"
178962,4440823.703703703,92,0x20003a48,14920,UartTxTask,"[14920, 3758096384, 20, 1]"
178967,4441560.800925926,92,0x200080a0,32928,UartTxTask,"[32928, 3758096384, 0, 1]"
178972,4450780.986111111,90,0x20003a48,14920,TelemetryTask,"[14920, 536908656, 200, 0]"
178976,4450823.796296297,92,0x20003a48,14920,UartTxTask,"[14920, 3758096384, 20, 1]"
178981,4451560.412037037,92,0x200080a0,32928,UartTxTask,"[32928, 3758096384, 0, 1]"
178986,4460781.12037037,90,0x20003a48,14920,TelemetryTask,"[14920, 536908656, 200, 0]"
178990,4460824.615740741,92,0x20003a48,14920,UartTxTask,"[14920, 3758096384, 20, 1]"
178995,4461561.407407408,92,0x200080a0,32928,UartTxTask,"[32928, 3758096384, 0, 1]"
179000,4470781.078703703,90,0x20003a48,14920,TelemetryTask,"[14920, 536908656, 200, 0]"
179004,4470824.231481481,92,0x20003a48,14920,UartTxTask,"[14920, 3758096384, 20, 1]"
179009,4471560.902777778,92,0x200080a0,32928,UartTxTask,"[32928, 3758096384, 0, 1]"
179014,4480780.24537037,90,0x20003a48,14920,TelemetryTask,"[14920, 536908656, 200, 0]"
179018,4480823.685185186,92,0x20003a48,14920,UartTxTask,"[14920, 3758096384, 20, 1]"
179023,4481560.458333333,92,0x200080a0,32928,UartTxTask,"[32928, 3758096384, 0, 1]"
179028,4490780.569444444,90,0x20003a48,14920,TelemetryTask,"[14920, 536908656, 200, 0]"
179032,4490823.740740741,92,0x20003a48,14920,UartTxTask,"[14920, 3758096384, 20, 1]"
179037,4491560.481481481,92,0x200080a0,32928,UartTxTask,"[32928, 3758096384, 0, 1]"
179042,4500781.675925926,90,0x20003a48,14920,TelemetryTask,"[14920, 536908656, 200, 0]"
179046,4500824.652777778,92,0x20003a48,14920,UartTxTask,"[14920, 3758096384, 20, 1]"
179051,4501561.462962963,92,0x200080a0,32928,UartTxTask,"[32928, 3758096384, 0, 1]"
179056,4510780.550925926,90,0x20003a48,14920,TelemetryTask,"[14920, 536908656, 200, 0]"
179060,4510823.560185186,92,0x20003a48,14920,UartTxTask,"[14920, 3758096384, 20, 1]"
179065,4511560.611111111,92,0x200080a0,32928,UartTxTask,"[32928, 3758096384, 0, 1]"
179070,4520781.430555556,90,0x20003a48,14920,TelemetryTask,"[14920, 536908656, 200, 0]"
179074,4520824.810185186,92,0x20003a48,14920,UartTxTask,"[14920, 3758096384, 20, 1]"
179079,4521561.648148148,92,0x200080a0,32928,UartTxTask,"[32928, 3758096384, 0, 1]"
179084,4530781.842592592,90,0x20003a48,14920,TelemetryTask,"[14920, 536908656, 200, 0]"
179088,4530824.907407408,92,0x20003a48,14920,UartTxTask,"[14920, 3758096384, 20, 1]"
179093,4531562.231481481,92,0x200080a0,32928,UartTxTask,"[32928, 3758096384, 0, 1]"
179098,4540780.527777778,90,0x20003a48,14920,TelemetryTask,"[14920, 536908656, 200, 0]"
179102,4540823.157407408,92,0x20003a48,14920,UartTxTask,"[14920, 3758096384, 20, 1]"
179107,4541559.972222222,92,0x200080a0,32928,UartTxTask,"[32928, 3758096384, 0, 1]"
179112,4550780.921296297,90,0x20003a48,14920,TelemetryTask,"[14920, 536908656, 200, 0]"
179116,4550824.138888889,92,0x20003a48,14920,UartTxTask,"[14920, 3758096384, 20, 1]"
179121,4551561.222222222,92,0x200080a0,32928,UartTxTask,"[32928, 3758096384, 0, 1]"
179126,4560781.837962963,90,0x20003a48,14920,TelemetryTask,"[14920, 536908656, 200, 0]"
179130,4560825.023148148,92,0x20003a48,14920,UartTxTask,"[14920, 3758096384, 20, 1]"
179135,4561561.777777778,92,0x200080a0,32928,UartTxTask,"[32928, 3758096384, 0, 1]"
179140,4570781.699074074,90,0x20003a48,14920,TelemetryTask,"[14920, 536908656, 200, 0]"
179144,4570824.259259259,92,0x20003a48,14920,UartTxTask,"[14920, 3758096384, 20, 1]"
179149,4571561.708333333,92,0x200080a0,32928,UartTxTask,"[32928, 3758096384, 0, 1]"
179154,4580781.148148148,90,0x20003a48,14920,TelemetryTask,"[14920, 536908656, 200, 0]"
179158,4580824.509259259,92,0x20003a48,14920,UartTxTask,"[14920, 3758096384, 20, 1]"
179163,4581561.319444444,92,0x200080a0,32928,UartTxTask,"[32928, 3758096384, 0, 1]"
179168,4590781.560185186,90,0x20003a48,14920,TelemetryTask,"[14920, 536908656, 200, 0]"
179172,4590824.648148148,92,0x20003a48,14920,UartTxTask,"[14920, 3758096384, 20, 1]"
179177,4591561.592592592,92,0x200080a0,32928,UartTxTask,"[32928, 3758096384, 0, 1]"
179182,4600782.439814814,90,0x20003a48,14920,TelemetryTask,"[14920, 536908656, 200, 0]"
179186,4600825.458333333,92,0x20003a48,14920,UartTxTask,"[14920, 3758096384, 20, 1]"
179191,4601562.680555556,92,0x200080a0,32928,UartTxTask,"[32928, 3758096384, 0, 1]"
179196,4610782.134259259,90,0x20003a48,14920,TelemetryTask,"[14920, 536908656, 200, 0]"
179200,4610825.143518519,92,0x20003a48,14920,UartTxTask,"[14920, 3758096384, 20, 1]"
179205,4611561.916666667,92,0x200080a0,32928,UartTxTask,"[32928, 3758096384, 0, 1]"
179210,4620780.842592592,90,0x20003a48,14920,TelemetryTask,"[14920, 536908656, 200, 0]"
179214,4620824.50462963,92,0x20003a48,14920,UartTxTask,"[14920, 3758096384, 20, 1]"
179219,4621561.921296297,92,0x200080a0,32928,UartTxTask,"[32928, 3758096384, 0, 1]"
179224,4630781.310185186,90,0x20003a48,14920,TelemetryTask,"[14920, 536908656, 200, 0]"
179228,4630824.416666667,92,0x20003a48,14920,UartTxTask,"[14920, 3758096384, 20, 1]"
179233,4631561.578703703,92,0x200080a0,32928,UartTxTask,"[32928, 3758096384, 0, 1]"
179238,4640781.601851852,90,0x20003a48,14920,TelemetryTask,"[14920, 536908656, 200, 0]"
179242,4640824.393518519,92,0x20003a48,14920,UartTxTask,"[14920, 3758096384, 20, 1]"
179247,4641561.601851852,92,0x200080a0,32928,UartTxTask,"[32928, 3758096384, 0, 1]"
179252,4650781.115740741,90,0x20003a48,14920,TelemetryTask,"[14920, 536908656, 200, 0]"
179256,4650824.592592592,92,0x20003a48,14920,UartTxTask,"[14920, 3758096384, 20, 1]"
179261,4651561.592592592,92,0x200080a0,32928,UartTxTask,"[32928, 3758096384, 0, 1]"
179266,4660780.662037037,90,0x20003a48,14920,TelemetryTask,"[14920, 536908656, 200, 0]"
179270,4660823.99537037,92,0x20003a48,14920,UartTxTask,"[14920, 3758096384, 20, 1]"
179275,4661561.569444444,92,0x200080a0,32928,UartTxTask,"[32928, 3758096384, 0, 1]"
179280,4670780.662037037,90,0x20003a48,14920,TelemetryTask,"[14920, 536908656, 200, 0]"
179284,4670823.75462963,92,0x20003a48,14920,UartTxTask,"[14920, 3758096384, 20, 1]"
179289,4671560.935185186,92,0x200080a0,32928,UartTxTask,"[32928, 3758096384, 0, 1]"
179294,4680781.361111111,90,0x20003a48,14920,TelemetryTask,"[14920, 536908656, 200, 0]"
179298,4680824.356481481,92,0x20003a48,14920,UartTxTask,"[14920, 3758096384, 20, 1]"
179303,4681561.194444444,92,0x200080a0,32928,UartTxTask,"[32928, 3758096384, 0, 1]"
179308,4690781.777777778,90,0x20003a48,14920,TelemetryTask,"[14920, 536908656, 200, 0]"
179312,4690825.287037037,92,0x20003a48,14920,UartTxTask,"[14920, 3758096384, 20, 1]"
179317,4691562.166666667,92,0x200080a0,32928,UartTxTask,"[32928, 3758096384, 0, 1]"
179322,4700782.101851852,90,0x20003a48,14920,TelemetryTask,"[14920, 536908656, 200, 0]"
179326,4700825.796296297,92,0x20003a48,14920,UartTxTask,"[14920, 3758096384, 20, 1]"
179331,4701563.037037037,92,0x200080a0,32928,UartTxTask,"[32928, 3758096384, 0, 1]"
179336,4710780.939814814,90,0x20003a48,14920,TelemetryTask,"[14920, 536908656, 200, 0]"
179340,4710824.263888889,92,0x20003a48,14920,UartTxTask,"[14920, 3758096384, 20, 1]"
179345,4711561.398148148,92,0x200080a0,32928,UartTxTask,"[32928, 3758096384, 0, 1]"
179350,4720780.976851852,90,0x20003a48,14920,TelemetryTask,"[14920, 536908656, 200, 0]"
179354,4720824.199074074,92,0x20003a48,14920,UartTxTask,"[14920, 3758096384, 20, 1]"
179359,4721561.157407408,92,0x200080a0,32928,UartTxTask,"[32928, 3758096384, 0, 1]"
179364,4730781.555555556,90,0x20003a48,14920,TelemetryTask,"[14920, 536908656, 200, 0]"
179368,4730824.75,92,0x20003a48,14920,UartTxTask,"[14920, 3758096384, 20, 1]"
179373,4731561.777777778,92,0x200080a0,32928,UartTxTask,"[32928, 3758096384, 0, 1]"
179378,4740781.273148148,90,0x20003a48,14920,TelemetryTask,"[14920, 536908656, 200, 0]"
179382,4740824.509259259,92,0x20003a48,14920,UartTxTask,"[14920, 3758096384, 20, 1]"
179387,4741561.638888889,92,0x200080a0,32928,UartTxTask,"[32928, 3758096384, 0, 1]"
179392,4750779.939814814,90,0x20003a48,14920,TelemetryTask,"[14920, 536908656, 200, 0]"
179396,4750823.078703703,92,0x20003a48,14920,UartTxTask,"[14920, 3758096384, 20, 1]"
179401,4751560.263888889,92,0x200080a0,32928,UartTxTask,"[32928, 3758096384, 0, 1]"
179407,4759551.138888889,96,0x20003970,14704,ISR#56,"[14704, 537198440]"
179410,4760844.638888889,90,0x20003a48,14920,TelemetryTask,"[14920, 536908656, 200, 0]"
179414,4760885.861111111,92,0x20003970,14704,ButtonTask,"[14704, 3758096384, 4294967295, 1]"
179415,4760978.62037037,90,0x20003a48,14920,ButtonTask,"[14920, 536906932, 200, 0]"
179418,4761032.99537037,92,0x20003a48,14920,UartTxTask,"[14920, 3758096384, 20, 1]"
179423,4761766.615740741,92,0x200080a0,32928,UartTxTask,"[32928, 3758096384, 0, 1]"
179424,4761775.208333333,92,0x20003a48,14920,UartTxTask,"[14920, 3758096384, 20, 1]"
179429,4762513.458333333,92,0x200080a0,32928,UartTxTask,"[32928, 3758096384, 0, 1]"
179434,4770780.587962963,90,0x20003a48,14920,TelemetryTask,"[14920, 536908656, 200, 0]"
179438,4770823.361111111,92,0x20003a48,14920,UartTxTask,"[14920, 3758096384, 20, 1]"
179443,4771560.222222222,92,0x200080a0,32928,UartTxTask,"[32928, 3758096384, 0, 1]"
179448,4780781.00462963,90,0x20003a48,14920,TelemetryTask,"[14920, 536908656, 200, 0]"
179452,4780824.226851852,92,0x20003a48,14920,UartTxTask,"[14920, 3758096384, 20, 1]"
179457,4781561.518518519,92,0x200080a0,32928,UartTxTask,"[32928, 3758096384, 0, 1]"
179462,4790781.018518519,90,0x20003a48,14920,TelemetryTask,"[14920, 536908656, 200, 0]"
179466,4790823.814814814,92,0x20003a48,14920,UartTxTask,"[14920, 3758096384, 20, 1]"
179471,4791560.861111111,92,0x200080a0,32928,UartTxTask,"[32928, 3758096384, 0, 1]"
179476,4800782.0,90,0x20003a48,14920,TelemetryTask,"[14920, 536908656, 200, 0]"
179480,4800825.296296297,92,0x20003a48,14920,UartTxTask,"[14920, 3758096384, 20, 1]"
179485,4801562.273148148,92,0x200080a0,32928,UartTxTask,"[32928, 3758096384, 0, 1]"
179490,4810781.680555556,90,0x20003a48,14920,TelemetryTask,"[14920, 536908656, 200, 0]"
179494,4810825.050925926,92,0x20003a48,14920,UartTxTask,"[14920, 3758096384, 20, 1]"
179499,4811561.986111111,92,0x200080a0,32928,UartTxTask,"[32928, 3758096384, 0, 1]"
179504,4820780.981481481,90,0x20003a48,14920,TelemetryTask,"[14920, 536908656, 200, 0]"
179508,4820824.143518519,92,0x20003a48,14920,UartTxTask,"[14920, 3758096384, 20, 1]"
179513,4821560.736111111,92,0x200080a0,32928,UartTxTask,"[32928, 3758096384, 0, 1]"
179518,4830781.625,90,0x20003a48,14920,TelemetryTask,"[14920, 536908656, 200, 0]"
179522,4830824.351851852,92,0x20003a48,14920,UartTxTask,"[14920, 3758096384, 20, 1]"
179527,4831561.453703703,92,0x200080a0,32928,UartTxTask,"[32928, 3758096384, 0, 1]"
179532,4840781.847222222,90,0x20003a48,14920,TelemetryTask,"[14920, 536908656, 200, 0]"
179536,4840825.425925926,92,0x20003a48,14920,UartTxTask,"[14920, 3758096384, 20, 1]"
179541,4841562.953703703,92,0x200080a0,32928,UartTxTask,"[32928, 3758096384, 0, 1]"
179546,4850781.347222222,90,0x20003a48,14920,TelemetryTask,"[14920, 536908656, 200, 0]"
179550,4850824.185185186,92,0x20003a48,14920,UartTxTask,"[14920, 3758096384, 20, 1]"
179555,4851561.421296297,92,0x200080a0,32928,UartTxTask,"[32928, 3758096384, 0, 1]"
179560,4860781.319444444,90,0x20003a48,14920,TelemetryTask,"[14920, 536908656, 200, 0]"
179564,4860824.324074074,92,0x20003a48,14920,UartTxTask,"[14920, 3758096384, 20, 1]"
179569,4861561.347222222,92,0x200080a0,32928,UartTxTask,"[32928, 3758096384, 0, 1]"
179574,4870781.333333333,90,0x20003a48,14920,TelemetryTask,"[14920, 536908656, 200, 0]"
179578,4870825.00462963,92,0x20003a48,14920,UartTxTask,"[14920, 3758096384, 20, 1]"
179583,4871562.050925926,92,0x200080a0,32928,UartTxTask,"[32928, 3758096384, 0, 1]"
179588,4880781.027777778,90,0x20003a48,14920,TelemetryTask,"[14920, 536908656, 200, 0]"
179592,4880823.722222222,92,0x20003a48,14920,UartTxTask,"[14920, 3758096384, 20, 1]"
179597,4881561.092592592,92,0x200080a0,32928,UartTxTask,"[32928, 3758096384, 0, 1]"
179602,4890780.675925926,90,0x20003a48,14920,TelemetryTask,"[14920, 536908656, 200, 0]"
179606,4890824.046296297,92,0x20003a48,14920,UartTxTask,"[14920, 3758096384, 20, 1]"
179611,4891560.75462963,92,0x200080a0,32928,UartTxTask,"[32928, 3758096384, 0, 1]"
179616,4900780.430555556,90,0x20003a48,14920,TelemetryTask,"[14920, 536908656, 200, 0]"
179620,4900823.962962963,92,0x20003a48,14920,UartTxTask,"[14920, 3758096384, 20, 1]"
179625,4901560.634259259,92,0x200080a0,32928,UartTxTask,"[32928, 3758096384, 0, 1]"
179630,4910780.75,90,0x20003a48,14920,TelemetryTask,"[14920, 536908656, 200, 0]"
179634,4910823.944444444,92,0x20003a48,14920,UartTxTask,"[14920, 3758096384, 20, 1]"
179639,4911560.740740741,92,0x200080a0,32928,UartTxTask,"[32928, 3758096384, 0, 1]"
179644,4920781.115740741,90,0x20003a48,14920,TelemetryTask,"[14920, 536908656, 200, 0]"
179648,4920824.375,92,0x20003a48,14920,UartTxTask,"[14920, 3758096384, 20, 1]"
179653,4921561.87037037,92,0x200080a0,32928,UartTxTask,"[32928, 3758096384, 0, 1]"
179658,4930780.87037037,90,0x20003a48,14920,TelemetryTask,"[14920, 536908656, 200, 0]"
179662,4930824.412037037,92,0x20003a48,14920,UartTxTask,"[14920, 3758096384, 20, 1]"
179667,4931560.828703703,92,0x200080a0,32928,UartTxTask,"[32928, 3758096384, 0, 1]"
179672,4940781.634259259,90,0x20003a48,14920,TelemetryTask,"[14920, 536908656, 200, 0]"
179676,4940825.027777778,92,0x20003a48,14920,UartTxTask,"[14920, 3758096384, 20, 1]"
179681,4941561.861111111,92,0x200080a0,32928,UartTxTask,"[32928, 3758096384, 0, 1]"
179686,4950781.884259259,90,0x20003a48,14920,TelemetryTask,"[14920, 536908656, 200, 0]"
179690,4950825.064814814,92,0x20003a48,14920,UartTxTask,"[14920, 3758096384, 20, 1]"
179695,4951562.532407408,92,0x200080a0,32928,UartTxTask,"[32928, 3758096384, 0, 1]"
179700,4960782.12037037,90,0x20003a48,14920,TelemetryTask,"[14920, 536908656, 200, 0]"
179704,4960825.916666667,92,0x20003a48,14920,UartTxTask,"[14920, 3758096384, 20, 1]"
179709,4961562.861111111,92,0x200080a0,32928,UartTxTask,"[32928, 3758096384, 0, 1]"
179714,4970781.050925926,90,0x20003a48,14920,TelemetryTask,"[14920, 536908656, 200, 0]"
179718,4970824.462962963,92,0x20003a48,14920,UartTxTask,"[14920, 3758096384, 20, 1]"
179723,4971562.171296297,92,0x200080a0,32928,UartTxTask,"[32928, 3758096384, 0, 1]"
179728,4980781.615740741,90,0x20003a48,14920,TelemetryTask,"[14920, 536908656, 200, 0]"
179732,4980825.601851852,92,0x20003a48,14920,UartTxTask,"[14920, 3758096384, 20, 1]"
179737,4981563.046296297,92,0x200080a0,32928,UartTxTask,"[32928, 3758096384, 0, 1]"
179742,4990780.925925926,90,0x20003a48,14920,TelemetryTask,"[14920, 536908656, 200, 0]"
179746,4990824.49537037,92,0x20003a48,14920,UartTxTask,"[14920, 3758096384, 20, 1]"
179751,4991561.662037037,92,0x200080a0,32928,UartTxTask,"[32928, 3758096384, 0, 1]"
179756,5000780.865740741,90,0x20003a48,14920,TelemetryTask,"[14920, 536908656, 200, 0]"
179760,5000823.597222222,92,0x20003a48,14920,UartTxTask,"[14920, 3758096384, 20, 1]"
179765,5001561.166666667,92,0x200080a0,32928,UartTxTask,"[32928, 3758096384, 0, 1]"
179770,5010780.962962963,90,0x20003a48,14920,TelemetryTask,"[14920, 536908656, 200, 0]"
179774,5010823.782407408,92,0x20003a48,14920,UartTxTask,"[14920, 3758096384, 20, 1]"
179779,5011560.657407408,92,0x200080a0,32928,UartTxTask,"[32928, 3758096384, 0, 1]"
179784,5020781.212962963,90,0x20003a48,14920,TelemetryTask,"[14920, 536908656, 200, 0]"
179788,5020824.12962963,92,0x20003a48,14920,UartTxTask,"[14920, 3758096384, 20, 1]"
179793,5021560.939814814,92,0x200080a0,32928,UartTxTask,"[32928, 3758096384, 0, 1]"
179798,5030781.143518519,90,0x20003a48,14920,TelemetryTask,"[14920, 536908656, 200, 0]"
179802,5030824.185185186,92,0x20003a48,14920,UartTxTask,"[14920, 3758096384, 20, 1]"
179807,5031560.944444444,92,0x200080a0,32928,UartTxTask,"[32928, 3758096384, 0, 1]"
179812,5040780.962962963,90,0x20003a48,14920,TelemetryTask,"[14920, 536908656, 200, 0]"
179816,5040824.435185186,92,0x20003a48,14920,UartTxTask,"[14920, 3758096384, 20, 1]"
179821,5041561.731481481,92,0x200080a0,32928,UartTxTask,"[32928, 3758096384, 0, 1]"
179826,5050781.550925926,90,0x20003a48,14920,TelemetryTask,"[14920, 536908656, 200, 0]"
179830,5050824.615740741,92,0x20003a48,14920,UartTxTask,"[14920, 3758096384, 20, 1]"
179835,5051561.439814814,92,0x200080a0,32928,UartTxTask,"[32928, 3758096384, 0, 1]"
179840,5060780.25462963,90,0x20003a48,14920,TelemetryTask,"[14920, 536908656, 200, 0]"
179844,5060823.134259259,92,0x20003a48,14920,UartTxTask,"[14920, 3758096384, 20, 1]"
179849,5061559.856481481,92,0x200080a0,32928,UartTxTask,"[32928, 3758096384, 0, 1]"
179854,5070780.708333333,90,0x20003a48,14920,TelemetryTask,"[14920, 536908656, 200, 0]"
179858,5070823.5,92,0x20003a48,14920,UartTxTask,"[14920, 3758096384, 20, 1]"
179863,5071559.976851852,92,0x200080a0,32928,UartTxTask,"[32928, 3758096384, 0, 1]"
179868,5080781.449074074,90,0x20003a48,14920,TelemetryTask,"[14920, 536908656, 200, 0]"
179872,5080824.472222222,92,0x20003a48,14920,UartTxTask,"[14920, 3758096384, 20, 1]"
179877,5081561.537037037,92,0x200080a0,32928,UartTxTask,"[32928, 3758096384, 0, 1]"
179882,5090781.800925926,90,0x20003a48,14920,TelemetryTask,"[14920, 536908656, 200, 0]"
179886,5090824.865740741,92,0x20003a48,14920,UartTxTask,"[14920, 3758096384, 20, 1]"
179891,5091561.888888889,92,0x200080a0,32928,UartTxTask,"[32928, 3758096384, 0, 1]"
179896,5100780.62037037,90,0x20003a48,14920,TelemetryTask,"[14920, 536908656, 200, 0]"
179900,5100823.509259259,92,0x20003a48,14920,UartTxTask,"[14920, 3758096384, 20, 1]"
179905,5101560.212962963,92,0x200080a0,32928,UartTxTask,"[32928, 3758096384, 0, 1]"
179910,5110780.310185186,90,0x20003a48,14920,TelemetryTask,"[14920, 536908656, 200, 0]"
179914,5110823.763888889,92,0x20003a48,14920,UartTxTask,"[14920, 3758096384, 20, 1]"
179919,5111560.513888889,92,0x200080a0,32928,UartTxTask,"[32928, 3758096384, 0, 1]"
179924,5120780.541666667,90,0x20003a48,14920,TelemetryTask,"[14920, 536908656, 200, 0]"
179928,5120824.097222222,92,0x20003a48,14920,UartTxTask,"[14920, 3758096384, 20, 1]"
179933,5121561.277777778,92,0x200080a0,32928,UartTxTask,"[32928, 3758096384, 0, 1]"
179938,5130781.467592592,90,0x20003a48,14920,TelemetryTask,"[14920, 536908656, 200, 0]"
179942,5130824.513888889,92,0x20003a48,14920,UartTxTask,"[14920, 3758096384, 20, 1]"
179947,5131561.518518519,92,0x200080a0,32928,UartTxTask,"[32928, 3758096384, 0, 1]"
179952,5140782.060185186,90,0x20003a48,14920,TelemetryTask,"[14920, 536908656, 200, 0]"
179956,5140824.828703703,92,0x20003a48,14920,UartTxTask,"[14920, 3758096384, 20, 1]"
179961,5141561.49537037,92,0x200080a0,32928,UartTxTask,"[32928, 3758096384, 0, 1]"
179966,5150782.037037037,90,0x20003a48,14920,TelemetryTask,"[14920, 536908656, 200, 0]"
179970,5150825.694444444,92,0x20003a48,14920,UartTxTask,"[14920, 3758096384, 20, 1]"
179975,5151562.569444444,92,0x200080a0,32928,UartTxTask,"[32928, 3758096384, 0, 1]"
179980,5160780.944444444,90,0x20003a48,14920,TelemetryTask,"[14920, 536908656, 200, 0]"
179984,5160824.12962963,92,0x20003a48,14920,UartTxTask,"[14920, 3758096384, 20, 1]"
179989,5161561.25,92,0x200080a0,32928,UartTxTask,"[32928, 3758096384, 0, 1]"
179994,5170781.083333333,90,0x20003a48,14920,TelemetryTask,"[14920, 536908656, 200, 0]"
179998,5170824.199074074,92,0x20003a48,14920,UartTxTask,"[14920, 3758096384, 20, 1]"
180003,5171560.856481481,92,0x200080a0,32928,UartTxTask,"[32928, 3758096384, 0, 1]"
180008,5180780.861111111,90,0x20003a48,14920,TelemetryTask,"[14920, 536908656, 200, 0]"
180012,5180823.759259259,92,0x20003a48,14920,UartTxTask,"[14920, 3758096384, 20, 1]"
180017,5181560.967592592,92,0x200080a0,32928,UartTxTask,"[32928, 3758096384, 0, 1]"
180022,5190781.814814814,90,0x20003a48,14920,TelemetryTask,"[14920, 536908656, 200, 0]"
180026,5190824.689814814,92,0x20003a48,14920,UartTxTask,"[14920, 3758096384, 20, 1]"
180031,5191561.662037037,92,0x200080a0,32928,UartTxTask,"[32928, 3758096384, 0, 1]"
180036,5200780.680555556,90,0x20003a48,14920,TelemetryTask,"[14920, 536908656, 200, 0]"
180040,5200823.768518519,92,0x20003a48,14920,UartTxTask,"[14920, 3758096384, 20, 1]"
180045,5201560.62037037,92,0x200080a0,32928,UartTxTask,"[32928, 3758096384, 0, 1]"
180050,5210780.157407408,90,0x20003a48,14920,TelemetryTask,"[14920, 536908656, 200, 0]"
180054,5210823.467592592,92,0x20003a48,14920,UartTxTask,"[14920, 3758096384, 20, 1]"
180059,5211560.402777778,92,0x200080a0,32928,UartTxTask,"[32928, 3758096384, 0, 1]"
180064,5220782.49537037,90,0x20003a48,14920,TelemetryTask,"[14920, 536908656, 200, 0]"
180068,5220826.296296297,92,0x20003a48,14920,UartTxTask,"[14920, 3758096384, 20, 1]"
180073,5221563.351851852,92,0x200080a0,32928,UartTxTask,"[32928, 3758096384, 0, 1]"
180078,5230780.694444444,90,0x20003a48,14920,TelemetryTask,"[14920, 536908656, 200, 0]"
180082,5230823.703703703,92,0x20003a48,14920,UartTxTask,"[14920, 3758096384, 20, 1]"
180087,5231561.393518519,92,0x200080a0,32928,UartTxTask,"[32928, 3758096384, 0, 1]"
180092,5240782.222222222,90,0x20003a48,14920,TelemetryTask,"[14920, 536908656, 200, 0]"
180096,5240825.277777778,92,0x20003a48,14920,UartTxTask,"[14920, 3758096384, 20, 1]"
180101,5241562.138888889,92,0x200080a0,32928,UartTxTask,"[32928, 3758096384, 0, 1]"
180106,5250781.041666667,90,0x20003a48,14920,TelemetryTask,"[14920, 536908656, 200, 0]"
180110,5250824.203703703,92,0x20003a48,14920,UartTxTask,"[14920, 3758096384, 20, 1]"
180115,5251560.583333333,92,0x200080a0,32928,UartTxTask,"[32928, 3758096384, 0, 1]"
180120,5260781.675925926,90,0x20003a48,14920,TelemetryTask,"[14920, 536908656, 200, 0]"
180124,5260824.550925926,92,0x20003a48,14920,UartTxTask,"[14920, 3758096384, 20, 1]"
180129,5261561.342592592,92,0x200080a0,32928,UartTxTask,"[32928, 3758096384, 0, 1]"
180134,5270780.99537037,90,0x20003a48,14920,TelemetryTask,"[14920, 536908656, 200, 0]"
180138,5270823.740740741,92,0x20003a48,14920,UartTxTask,"[14920, 3758096384, 20, 1]"
180143,5271560.717592592,92,0x200080a0,32928,UartTxTask,"[32928, 3758096384, 0, 1]"
180148,5280780.875,90,0x20003a48,14920,TelemetryTask,"[14920, 536908656, 200, 0]"
180152,5280824.134259259,92,0x20003a48,14920,UartTxTask,"[14920, 3758096384, 20, 1]"
180157,5281561.162037037,92,0x200080a0,32928,UartTxTask,"[32928, 3758096384, 0, 1]"
180162,5290781.356481481,90,0x20003a48,14920,TelemetryTask,"[14920, 536908656, 200, 0]"
180166,5290824.138888889,92,0x20003a48,14920,UartTxTask,"[14920, 3758096384, 20, 1]"
180171,5291561.097222222,92,0x200080a0,32928,UartTxTask,"[32928, 3758096384, 0, 1]"
180176,5300781.305555556,90,0x20003a48,14920,TelemetryTask,"[14920, 536908656, 200, 0]"
180180,5300824.171296297,92,0x20003a48,14920,UartTxTask,"[14920, 3758096384, 20, 1]"
180185,5301561.356481481,92,0x200080a0,32928,UartTxTask,"[32928, 3758096384, 0, 1]"
180190,5310781.828703703,90,0x20003a48,14920,TelemetryTask,"[14920, 536908656, 200, 0]"
180194,5310824.768518519,92,0x20003a48,14920,UartTxTask,"[14920, 3758096384, 20, 1]"
180199,5311561.722222222,92,0x200080a0,32928,UartTxTask,"[32928, 3758096384, 0, 1]"
180204,5320781.356481481,90,0x20003a48,14920,TelemetryTask,"[14920, 536908656, 200, 0]"
180208,5320824.425925926,92,0x20003a48,14920,UartTxTask,"[14920, 3758096384, 20, 1]"
180213,5321561.583333333,92,0x200080a0,32928,UartTxTask,"[32928, 3758096384, 0, 1]"
180218,5330781.009259259,90,0x20003a48,14920,TelemetryTask,"[14920, 536908656, 200, 0]"
180222,5330824.138888889,92,0x20003a48,14920,UartTxTask,"[14920, 3758096384, 20, 1]"
180227,5331561.074074074,92,0x200080a0,32928,UartTxTask,"[32928, 3758096384, 0, 1]"
180232,5340782.00462963,90,0x20003a48,14920,TelemetryTask,"[14920, 536908656, 200, 0]"
180236,5340824.740740741,92,0x20003a48,14920,UartTxTask,"[14920, 3758096384, 20, 1]"
180241,5341561.564814814,92,0x200080a0,32928,UartTxTask,"[32928, 3758096384, 0, 1]"
180246,5350781.162037037,90,0x20003a48,14920,TelemetryTask,"[14920, 536908656, 200, 0]"
180250,5350824.018518519,92,0x20003a48,14920,UartTxTask,"[14920, 3758096384, 20, 1]"
180255,5351561.291666667,92,0x200080a0,32928,UartTxTask,"[32928, 3758096384, 0, 1]"
180260,5360780.574074074,90,0x20003a48,14920,TelemetryTask,"[14920, 536908656, 200, 0]"
180264,5360823.773148148,92,0x20003a48,14920,UartTxTask,"[14920, 3758096384, 20, 1]"
180269,5361561.009259259,92,0x200080a0,32928,UartTxTask,"[32928, 3758096384, 0, 1]"
180274,5370781.407407408,90,0x20003a48,14920,TelemetryTask,"[14920, 536908656, 200, 0]"
180278,5370824.175925926,92,0x20003a48,14920,UartTxTask,"[14920, 3758096384, 20, 1]"
180283,5371561.101851852,92,0x200080a0,32928,UartTxTask,"[32928, 3758096384, 0, 1]"
180288,5380780.375,90,0x20003a48,14920,TelemetryTask,"[14920, 536908656, 200, 0]"
180292,5380823.560185186,92,0x20003a48,14920,UartTxTask,"[14920, 3758096384, 20, 1]"
180297,5381560.592592592,92,0x200080a0,32928,UartTxTask,"[32928, 3758096384, 0, 1]"
180302,5390780.856481481,90,0x20003a48,14920,TelemetryTask,"[14920, 536908656, 200, 0]"
180306,5390823.787037037,92,0x20003a48,14920,UartTxTask,"[14920, 3758096384, 20, 1]"
180311,5391560.337962963,92,0x200080a0,32928,UartTxTask,"[32928, 3758096384, 0, 1]"
180316,5400780.912037037,90,0x20003a48,14920,TelemetryTask,"[14920, 536908656, 200, 0]"
180320,5400824.416666667,92,0x20003a48,14920,UartTxTask,"[14920, 3758096384, 20, 1]"
180325,5401561.62962963,92,0x200080a0,32928,UartTxTask,"[32928, 3758096384, 0, 1]"
180330,5410780.722222222,90,0x20003a48,14920,TelemetryTask,"[14920, 536908656, 200, 0]"
180334,5410823.787037037,92,0x20003a48,14920,UartTxTask,"[14920, 3758096384, 20, 1]"
180339,5411560.675925926,92,0x200080a0,32928,UartTxTask,"[32928, 3758096384, 0, 1]"
180344,5420781.023148148,90,0x20003a48,14920,TelemetryTask,"[14920, 536908656, 200, 0]"
180348,5420824.097222222,92,0x20003a48,14920,UartTxTask,"[14920, 3758096384, 20, 1]"
180353,5421561.240740741,92,0x200080a0,32928,UartTxTask,"[32928, 3758096384, 0, 1]"
180358,5430780.847222222,90,0x20003a48,14920,TelemetryTask,"[14920, 536908656, 200, 0]"
180362,5430824.236111111,92,0x20003a48,14920,UartTxTask,"[14920, 3758096384, 20, 1]"
180367,5431561.481481481,92,0x200080a0,32928,UartTxTask,"[32928, 3758096384, 0, 1]"
180372,5440781.189814814,90,0x20003a48,14920,TelemetryTask,"[14920, 536908656, 200, 0]"
180376,5440823.694444444,92,0x20003a48,14920,UartTxTask,"[14920, 3758096384, 20, 1]"
180381,5441560.680555556,92,0x200080a0,32928,UartTxTask,"[32928, 3758096384, 0, 1]"
180386,5450781.259259259,90,0x20003a48,14920,TelemetryTask,"[14920, 536908656, 200, 0]"
180390,5450824.037037037,92,0x20003a48,14920,UartTxTask,"[14920, 3758096384, 20, 1]"
180395,5451560.791666667,92,0x200080a0,32928,UartTxTask,"[32928, 3758096384, 0, 1]"
180400,5460781.949074074,90,0x20003a48,14920,TelemetryTask,"[14920, 536908656, 200, 0]"
180404,5460825.578703703,92,0x20003a48,14920,UartTxTask,"[14920, 3758096384, 20, 1]"
180409,5461562.356481481,92,0x200080a0,32928,UartTxTask,"[32928, 3758096384, 0, 1]"
180414,5470781.328703703,90,0x20003a48,14920,TelemetryTask,"[14920, 536908656, 200, 0]"
180418,5470823.75462963,92,0x20003a48,14920,UartTxTask,"[14920, 3758096384, 20, 1]"
180423,5471560.467592592,92,0x200080a0,32928,UartTxTask,"[32928, 3758096384, 0, 1]"
180428,5480781.037037037,90,0x20003a48,14920,TelemetryTask,"[14920, 536908656, 200, 0]"
180432,5480824.282407408,92,0x20003a48,14920,UartTxTask,"[14920, 3758096384, 20, 1]"
180437,5481561.305555556,92,0x200080a0,32928,UartTxTask,"[32928, 3758096384, 0, 1]"
180442,5490781.435185186,90,0x20003a48,14920,TelemetryTask,"[14920, 536908656, 200, 0]"
180446,5490824.62962963,92,0x20003a48,14920,UartTxTask,"[14920, 3758096384, 20, 1]"
180451,5491561.888888889,92,0x200080a0,32928,UartTxTask,"[32928, 3758096384, 0, 1]"
180456,5500781.606481481,90,0x20003a48,14920,TelemetryTask,"[14920, 536908656, 200, 0]"
180460,5500824.125,92,0x20003a48,14920,UartTxTask,"[14920, 3758096384, 20, 1]"
180465,5501561.069444444,92,0x200080a0,32928,UartTxTask,"[32928, 3758096384, 0, 1]"
180470,5510780.439814814,90,0x20003a48,14920,TelemetryTask,"[14920, 536908656, 200, 0]"
180474,5510823.722222222,92,0x20003a48,14920,UartTxTask,"[14920, 3758096384, 20, 1]"
180479,5511560.907407408,92,0x200080a0,32928,UartTxTask,"[32928, 3758096384, 0, 1]"
180484,5520781.314814814,90,0x20003a48,14920,TelemetryTask,"[14920, 536908656, 200, 0]"
180488,5520824.791666667,92,0x20003a48,14920,UartTxTask,"[14920, 3758096384, 20, 1]"
180493,5521562.25,92,0x200080a0,32928,UartTxTask,"[32928, 3758096384, 0, 1]"
180498,5530781.615740741,90,0x20003a48,14920,TelemetryTask,"[14920, 536908656, 200, 0]"
180502,5530824.837962963,92,0x20003a48,14920,UartTxTask,"[14920, 3758096384, 20, 1]"
180507,5531561.597222222,92,0x200080a0,32928,UartTxTask,"[32928, 3758096384, 0, 1]"
180512,5540781.324074074,90,0x20003a48,14920,TelemetryTask,"[14920, 536908656, 200, 0]"
180516,5540824.175925926,92,0x20003a48,14920,UartTxTask,"[14920, 3758096384, 20, 1]"
180521,5541561.060185186,92,0x200080a0,32928,UartTxTask,"[32928, 3758096384, 0, 1]"
180526,5550781.962962963,90,0x20003a48,14920,TelemetryTask,"[14920, 536908656, 200, 0]"
180530,5550825.388888889,92,0x20003a48,14920,UartTxTask,"[14920, 3758096384, 20, 1]"
180535,5551562.013888889,92,0x200080a0,32928,UartTxTask,"[32928, 3758096384, 0, 1]"
180540,5560781.708333333,90,0x20003a48,14920,TelemetryTask,"[14920, 536908656, 200, 0]"
180544,5560825.050925926,92,0x20003a48,14920,UartTxTask,"[14920, 3758096384, 20, 1]"
180549,5561562.884259259,92,0x200080a0,32928,UartTxTask,"[32928, 3758096384, 0, 1]"
180554,5570781.171296297,90,0x20003a48,14920,TelemetryTask,"[14920, 536908656, 200, 0]"
180558,5570824.305555556,92,0x20003a48,14920,UartTxTask,"[14920, 3758096384, 20, 1]"
180563,5571561.375,92,0x200080a0,32928,UartTxTask,"[32928, 3758096384, 0, 1]"
180568,5580780.935185186,90,0x20003a48,14920,TelemetryTask,"[14920, 536908656, 200, 0]"
180572,5580824.222222222,92,0x20003a48,14920,UartTxTask,"[14920, 3758096384, 20, 1]"
180577,5581561.208333333,92,0x200080a0,32928,UartTxTask,"[32928, 3758096384, 0, 1]"
180582,5590780.319444444,90,0x20003a48,14920,TelemetryTask,"[14920, 536908656, 200, 0]"
180586,5590823.847222222,92,0x20003a48,14920,UartTxTask,"[14920, 3758096384, 20, 1]"
180591,5591560.601851852,92,0x200080a0,32928,UartTxTask,"[32928, 3758096384, 0, 1]"
180596,5600781.768518519,90,0x20003a48,14920,TelemetryTask,"[14920, 536908656, 200, 0]"
180600,5600825.12037037,92,0x20003a48,14920,UartTxTask,"[14920, 3758096384, 20, 1]"
180605,5601562.240740741,92,0x200080a0,32928,UartTxTask,"[32928, 3758096384, 0, 1]"
180610,5610780.87962963,90,0x20003a48,14920,TelemetryTask,"[14920, 536908656, 200, 0]"
180614,5610823.62037037,92,0x20003a48,14920,UartTxTask,"[14920, 3758096384, 20, 1]"
180619,5611561.208333333,92,0x200080a0,32928,UartTxTask,"[32928, 3758096384, 0, 1]"
180624,5620780.851851852,90,0x20003a48,14920,TelemetryTask,"[14920, 536908656, 200, 0]"
180628,5620823.773148148,92,0x20003a48,14920,UartTxTask,"[14920, 3758096384, 20, 1]"
180633,5621561.0,92,0x200080a0,32928,UartTxTask,"[32928, 3758096384, 0, 1]"
180638,5630780.810185186,90,0x20003a48,14920,TelemetryTask,"[14920, 536908656, 200, 0]"
180642,5630823.740740741,92,0x20003a48,14920,UartTxTask,"[14920, 3758096384, 20, 1]"
180647,5631560.708333333,92,0x200080a0,32928,UartTxTask,"[32928, 3758096384, 0, 1]"
180652,5640781.916666667,90,0x20003a48,14920,TelemetryTask,"[14920, 536908656, 200, 0]"
180656,5640825.12037037,92,0x20003a48,14920,UartTxTask,"[14920, 3758096384, 20, 1]"
180661,5641561.759259259,92,0x200080a0,32928,UartTxTask,"[32928, 3758096384, 0, 1]"
180666,5650780.828703703,90,0x20003a48,14920,TelemetryTask,"[14920, 536908656, 200, 0]"
180670,5650824.00462963,92,0x20003a48,14920,UartTxTask,"[14920, 3758096384, 20, 1]"
180675,5651561.171296297,92,0x200080a0,32928,UartTxTask,"[32928, 3758096384, 0, 1]"
180680,5660780.680555556,90,0x20003a48,14920,TelemetryTask,"[14920, 536908656, 200, 0]"
180684,5660823.893518519,92,0x20003a48,14920,UartTxTask,"[14920, 3758096384, 20, 1]"
180689,5661560.606481481,92,0x200080a0,32928,UartTxTask,"[32928, 3758096384, 0, 1]"
180694,5670780.953703703,90,0x20003a48,14920,TelemetryTask,"[14920, 536908656, 200, 0]"
180698,5670824.412037037,92,0x20003a48,14920,UartTxTask,"[14920, 3758096384, 20, 1]"
180703,5671561.87037037,92,0x200080a0,32928,UartTxTask,"[32928, 3758096384, 0, 1]"
180708,5680781.587962963,90,0x20003a48,14920,TelemetryTask,"[14920, 536908656, 200, 0]"
180712,5680824.143518519,92,0x20003a48,14920,UartTxTask,"[14920, 3758096384, 20, 1]"
180717,5681560.939814814,92,0x200080a0,32928,UartTxTask,"[32928, 3758096384, 0, 1]"
180722,5690781.425925926,90,0x20003a48,14920,TelemetryTask,"[14920, 536908656, 200, 0]"
180726,5690824.384259259,92,0x20003a48,14920,UartTxTask,"[14920, 3758096384, 20, 1]"
180731,5691561.300925926,92,0x200080a0,32928,UartTxTask,"[32928, 3758096384, 0, 1]"
180736,5700780.5,90,0x20003a48,14920,TelemetryTask,"[14920, 536908656, 200, 0]"
180740,5700822.949074074,92,0x20003a48,14920,UartTxTask,"[14920, 3758096384, 20, 1]"
180745,5701560.00462963,92,0x200080a0,32928,UartTxTask,"[32928, 3758096384, 0, 1]"
180750,5710780.49537037,90,0x20003a48,14920,TelemetryTask,"[14920, 536908656, 200, 0]"
180754,5710823.833333333,92,0x20003a48,14920,UartTxTask,"[14920, 3758096384, 20, 1]"
180759,5711560.712962963,92,0x200080a0,32928,UartTxTask,"[32928, 3758096384, 0, 1]"
180764,5720781.074074074,90,0x20003a48,14920,TelemetryTask,"[14920, 536908656, 200, 0]"
180768,5720824.393518519,92,0x20003a48,14920,UartTxTask,"[14920, 3758096384, 20, 1]"
180773,5721561.342592592,92,0x200080a0,32928,UartTxTask,"[32928, 3758096384, 0, 1]"
180778,5730780.708333333,90,0x20003a48,14920,TelemetryTask,"[14920, 536908656, 200, 0]"
180782,5730823.652777778,92,0x20003a48,14920,UartTxTask,"[14920, 3758096384, 20, 1]"
180787,5731561.268518519,92,0x200080a0,32928,UartTxTask,"[32928, 3758096384, 0, 1]"
180792,5740781.157407408,90,0x20003a48,14920,TelemetryTask,"[14920, 536908656, 200, 0]"
180796,5740823.777777778,92,0x20003a48,14920,UartTxTask,"[14920, 3758096384, 20, 1]"
180801,5741560.689814814,92,0x200080a0,32928,UartTxTask,"[32928, 3758096384, 0, 1]"
180806,5750781.25,90,0x20003a48,14920,TelemetryTask,"[14920, 536908656, 200, 0]"
180810,5750824.472222222,92,0x20003a48,14920,UartTxTask,"[14920, 3758096384, 20, 1]"
180815,5751561.412037037,92,0x200080a0,32928,UartTxTask,"[32928, 3758096384, 0, 1]"
180820,5760782.375,90,0x20003a48,14920,TelemetryTask,"[14920, 536908656, 200, 0]"
180824,5760826.550925926,92,0x20003a48,14920,UartTxTask,"[14920, 3758096384, 20, 1]"
180829,5761564.032407408,92,0x200080a0,32928,UartTxTask,"[32928, 3758096384, 0, 1]"
180834,5770780.976851852,90,0x20003a48,14920,TelemetryTask,"[14920, 536908656, 200, 0]"
180838,5770824.453703703,92,0x20003a48,14920,UartTxTask,"[14920, 3758096384, 20, 1]"
180843,5771561.476851852,92,0x200080a0,32928,UartTxTask,"[32928, 3758096384, 0, 1]"
180848,5780781.916666667,90,0x20003a48,14920,TelemetryTask,"[14920, 536908656, 200, 0]"
180852,5780824.375,92,0x20003a48,14920,UartTxTask,"[14920, 3758096384, 20, 1]"
180857,5781561.240740741,92,0x200080a0,32928,UartTxTask,"[32928, 3758096384, 0, 1]"
180862,5790781.384259259,90,0x20003a48,14920,TelemetryTask,"[14920, 536908656, 200, 0]"
180866,5790824.513888889,92,0x20003a48,14920,UartTxTask,"[14920, 3758096384, 20, 1]"
180871,5791561.736111111,92,0x200080a0,32928,UartTxTask,"[32928, 3758096384, 0, 1]"
180876,5800780.805555556,90,0x20003a48,14920,TelemetryTask,"[14920, 536908656, 200, 0]"
180880,5800823.851851852,92,0x20003a48,14920,UartTxTask,"[14920, 3758096384, 20, 1]"
180885,5801561.074074074,92,0x200080a0,32928,UartTxTask,"[32928, 3758096384, 0, 1]"
180890,5810781.208333333,90,0x20003a48,14920,TelemetryTask,"[14920, 536908656, 200, 0]"
180894,5810824.291666667,92,0x20003a48,14920,UartTxTask,"[14920, 3758096384, 20, 1]"
180899,5811561.291666667,92,0x200080a0,32928,UartTxTask,"[32928, 3758096384, 0, 1]"
180904,5820781.513888889,90,0x20003a48,14920,TelemetryTask,"[14920, 536908656, 200, 0]"
180908,5820824.722222222,92,0x20003a48,14920,UartTxTask,"[14920, 3758096384, 20, 1]"
180913,5821561.847222222,92,0x200080a0,32928,UartTxTask,"[32928, 3758096384, 0, 1]"
180918,5830780.578703703,90,0x20003a48,14920,TelemetryTask,"[14920, 536908656, 200, 0]"
180922,5830823.837962963,92,0x20003a48,14920,UartTxTask,"[14920, 3758096384, 20, 1]"
180927,5831560.74537037,92,0x200080a0,32928,UartTxTask,"[32928, 3758096384, 0, 1]"
180932,5840780.708333333,90,0x20003a48,14920,TelemetryTask,"[14920, 536908656, 200, 0]"
180936,5840823.680555556,92,0x20003a48,14920,UartTxTask,"[14920, 3758096384, 20, 1]"
180941,5841561.027777778,92,0x200080a0,32928,UartTxTask,"[32928, 3758096384, 0, 1]"
180946,5850780.537037037,90,0x20003a48,14920,TelemetryTask,"[14920, 536908656, 200, 0]"
180950,5850823.291666667,92,0x20003a48,14920,UartTxTask,"[14920, 3758096384, 20, 1]"
180955,5851560.37962963,92,0x200080a0,32928,UartTxTask,"[32928, 3758096384, 0, 1]"
180960,5860781.083333333,90,0x20003a48,14920,TelemetryTask,"[14920, 536908656, 200, 0]"
180964,5860823.717592592,92,0x20003a48,14920,UartTxTask,"[14920, 3758096384, 20, 1]"
180969,5861560.731481481,92,0x200080a0,32928,UartTxTask,"[32928, 3758096384, 0, 1]"
180974,5870782.046296297,90,0x20003a48,14920,TelemetryTask,"[14920, 536908656, 200, 0]"
180978,5870825.842592592,92,0x20003a48,14920,UartTxTask,"[14920, 3758096384, 20, 1]"
180983,5871563.337962963,92,0x200080a0,32928,UartTxTask,"[32928, 3758096384, 0, 1]"
180988,5880780.537037037,90,0x20003a48,14920,TelemetryTask,"[14920, 536908656, 200, 0]"
180992,5880823.412037037,92,0x20003a48,14920,UartTxTask,"[14920, 3758096384, 20, 1]"
180997,5881560.388888889,92,0x200080a0,32928,UartTxTask,"[32928, 3758096384, 0, 1]"
181002,5890781.435185186,90,0x20003a48,14920,TelemetryTask,"[14920, 536908656, 200, 0]"
181006,5890824.347222222,92,0x20003a48,14920,UartTxTask,"[14920, 3758096384, 20, 1]"
181011,5891561.606481481,92,0x200080a0,32928,UartTxTask,"[32928, 3758096384, 0, 1]"
181016,5900781.277777778,90,0x20003a48,14920,TelemetryTask,"[14920, 536908656, 200, 0]"
181020,5900825.185185186,92,0x20003a48,14920,UartTxTask,"[14920, 3758096384, 20, 1]"
181025,5901562.069444444,92,0x200080a0,32928,UartTxTask,"[32928, 3758096384, 0, 1]"
181030,5910780.430555556,90,0x20003a48,14920,TelemetryTask,"[14920, 536908656, 200, 0]"
181034,5910823.837962963,92,0x20003a48,14920,UartTxTask,"[14920, 3758096384, 20, 1]"
181039,5911561.453703703,92,0x200080a0,32928,UartTxTask,"[32928, 3758096384, 0, 1]"
181044,5920781.300925926,90,0x20003a48,14920,TelemetryTask,"[14920, 536908656, 200, 0]"
181048,5920824.074074074,92,0x20003a48,14920,UartTxTask,"[14920, 3758096384, 20, 1]"
181053,5921561.328703703,92,0x200080a0,32928,UartTxTask,"[32928, 3758096384, 0, 1]"
181058,5930781.046296297,90,0x20003a48,14920,TelemetryTask,"[14920, 536908656, 200, 0]"
181062,5930824.365740741,92,0x20003a48,14920,UartTxTask,"[14920, 3758096384, 20, 1]"
181067,5931561.481481481,92,0x200080a0,32928,UartTxTask,"[32928, 3758096384, 0, 1]"
181072,5940780.407407408,90,0x20003a48,14920,TelemetryTask,"[14920, 536908656, 200, 0]"
181076,5940824.342592592,92,0x20003a48,14920,UartTxTask,"[14920, 3758096384, 20, 1]"
181081,5941561.314814814,92,0x200080a0,32928,UartTxTask,"[32928, 3758096384, 0, 1]"
181086,5950781.337962963,90,0x20003a48,14920,TelemetryTask,"[14920, 536908656, 200, 0]"
181090,5950825.287037037,92,0x20003a48,14920,UartTxTask,"[14920, 3758096384, 20, 1]"
181095,5951562.37962963,92,0x200080a0,32928,UartTxTask,"[32928, 3758096384, 0, 1]"
181100,5960781.583333333,90,0x20003a48,14920,TelemetryTask,"[14920, 536908656, 200, 0]"
181104,5960824.398148148,92,0x20003a48,14920,UartTxTask,"[14920, 3758096384, 20, 1]"
181109,5961561.449074074,92,0x200080a0,32928,UartTxTask,"[32928, 3758096384, 0, 1]"
181114,5970781.180555556,90,0x20003a48,14920,TelemetryTask,"[14920, 536908656, 200, 0]"
181118,5970823.916666667,92,0x20003a48,14920,UartTxTask,"[14920, 3758096384, 20, 1]"
181123,5971560.944444444,92,0x200080a0,32928,UartTxTask,"[32928, 3758096384, 0, 1]"
181128,5980781.351851852,90,0x20003a48,14920,TelemetryTask,"[14920, 536908656, 200, 0]"
181132,5980824.513888889,92,0x20003a48,14920,UartTxTask,"[14920, 3758096384, 20, 1]"
181137,5981561.532407408,92,0x200080a0,32928,UartTxTask,"[32928, 3758096384, 0, 1]"
181142,5990780.680555556,90,0x20003a48,14920,TelemetryTask,"[14920, 536908656, 200, 0]"
181146,5990824.300925926,92,0x20003a48,14920,UartTxTask,"[14920, 3758096384, 20, 1]"
181151,5991561.125,92,0x200080a0,32928,UartTxTask,"[32928, 3758096384, 0, 1]"
181156,6000780.787037037,90,0x20003a48,14920,TelemetryTask,"[14920, 536908656, 200, 0]"
181160,6000824.412037037,92,0x20003a48,14920,UartTxTask,"[14920, 3758096384, 20, 1]"
181165,6001561.046296297,92,0x200080a0,32928,UartTxTask,"[32928, 3758096384, 0, 1]"
181170,6010780.837962963,90,0x20003a48,14920,TelemetryTask,"[14920, 536908656, 200, 0]"
181174,6010824.342592592,92,0x20003a48,14920,UartTxTask,"[14920, 3758096384, 20, 1]"
181179,6011561.092592592,92,0x200080a0,32928,UartTxTask,"[32928, 3758096384, 0, 1]"
181184,6020780.819444444,90,0x20003a48,14920,TelemetryTask,"[14920, 536908656, 200, 0]"
181188,6020823.708333333,92,0x20003a48,14920,UartTxTask,"[14920, 3758096384, 20, 1]"
181193,6021560.712962963,92,0x200080a0,32928,UartTxTask,"[32928, 3758096384, 0, 1]"
181198,6030781.652777778,90,0x20003a48,14920,TelemetryTask,"[14920, 536908656, 200, 0]"
181202,6030825.074074074,92,0x20003a48,14920,UartTxTask,"[14920, 3758096384, 20, 1]"
181207,6031562.310185186,92,0x200080a0,32928,UartTxTask,"[32928, 3758096384, 0, 1]"
181212,6040780.652777778,90,0x20003a48,14920,TelemetryTask,"[14920, 536908656, 200, 0]"
181216,6040824.268518519,92,0x20003a48,14920,UartTxTask,"[14920, 3758096384, 20, 1]"
181221,6041561.083333333,92,0x200080a0,32928,UartTxTask,"[32928, 3758096384, 0, 1]"
181226,6050780.342592592,90,0x20003a48,14920,TelemetryTask,"[14920, 536908656, 200, 0]"
181230,6050824.050925926,92,0x20003a48,14920,UartTxTask,"[14920, 3758096384, 20, 1]"
181235,6051561.546296297,92,0x200080a0,32928,UartTxTask,"[32928, 3758096384, 0, 1]"
181240,6060780.523148148,90,0x20003a48,14920,TelemetryTask,"[14920, 536908656, 200, 0]"
181244,6060823.777777778,92,0x20003a48,14920,UartTxTask,"[14920, 3758096384, 20, 1]"
181249,6061560.833333333,92,0x200080a0,32928,UartTxTask,"[32928, 3758096384, 0, 1]"
181254,6070780.731481481,90,0x20003a48,14920,TelemetryTask,"[14920, 536908656, 200, 0]"
181258,6070824.074074074,92,0x20003a48,14920,UartTxTask,"[14920, 3758096384, 20, 1]"
181263,6071560.898148148,92,0x200080a0,32928,UartTxTask,"[32928, 3758096384, 0, 1]"
181268,6080781.277777778,90,0x20003a48,14920,TelemetryTask,"[14920, 536908656, 200, 0]"
181272,6080823.819444444,92,0x20003a48,14920,UartTxTask,"[14920, 3758096384, 20, 1]"
181277,6081561.166666667,92,0x200080a0,32928,UartTxTask,"[32928, 3758096384, 0, 1]"
181282,6090781.388888889,90,0x20003a48,14920,TelemetryTask,"[14920, 536908656, 200, 0]"
181286,6090824.777777778,92,0x20003a48,14920,UartTxTask,"[14920, 3758096384, 20, 1]"
181291,6091561.648148148,92,0x200080a0,32928,UartTxTask,"[32928, 3758096384, 0, 1]"
181296,6100781.787037037,90,0x20003a48,14920,TelemetryTask,"[14920, 536908656, 200, 0]"
181300,6100824.583333333,92,0x20003a48,14920,UartTxTask,"[14920, 3758096384, 20, 1]"
181305,6101561.486111111,92,0x200080a0,32928,UartTxTask,"[32928, 3758096384, 0, 1]"
181310,6110780.634259259,90,0x20003a48,14920,TelemetryTask,"[14920, 536908656, 200, 0]"
181314,6110823.578703703,92,0x20003a48,14920,UartTxTask,"[14920, 3758096384, 20, 1]"
181319,6111561.050925926,92,0x200080a0,32928,UartTxTask,"[32928, 3758096384, 0, 1]"
181324,6120781.231481481,90,0x20003a48,14920,TelemetryTask,"[14920, 536908656, 200, 0]"
181328,6120823.875,92,0x20003a48,14920,UartTxTask,"[14920, 3758096384, 20, 1]"
181333,6121560.861111111,92,0x200080a0,32928,UartTxTask,"[32928, 3758096384, 0, 1]"
181338,6130781.935185186,90,0x20003a48,14920,TelemetryTask,"[14920, 536908656, 200, 0]"
181342,6130824.833333333,92,0x20003a48,14920,UartTxTask,"[14920, 3758096384, 20, 1]"
181347,6131561.976851852,92,0x200080a0,32928,UartTxTask,"[32928, 3758096384, 0, 1]"
181352,6140781.222222222,90,0x20003a48,14920,TelemetryTask,"[14920, 536908656, 200, 0]"
181356,6140824.407407408,92,0x20003a48,14920,UartTxTask,"[14920, 3758096384, 20, 1]"
181361,6141561.069444444,92,0x200080a0,32928,UartTxTask,"[32928, 3758096384, 0, 1]"
181366,6150780.990740741,90,0x20003a48,14920,TelemetryTask,"[14920, 536908656, 200, 0]"
181370,6150825.064814814,92,0x20003a48,14920,UartTxTask,"[14920, 3758096384, 20, 1]"
181375,6151562.314814814,92,0x200080a0,32928,UartTxTask,"[32928, 3758096384, 0, 1]"
181380,6160780.824074074,90,0x20003a48,14920,TelemetryTask,"[14920, 536908656, 200, 0]"
181384,6160823.398148148,92,0x20003a48,14920,UartTxTask,"[14920, 3758096384, 20, 1]"
181389,6161560.828703703,92,0x200080a0,32928,UartTxTask,"[32928, 3758096384, 0, 1]"
181394,6170780.550925926,90,0x20003a48,14920,TelemetryTask,"[14920, 536908656, 200, 0]"
181398,6170823.425925926,92,0x20003a48,14920,UartTxTask,"[14920, 3758096384, 20, 1]"
181403,6171560.421296297,92,0x200080a0,32928,UartTxTask,"[32928, 3758096384, 0, 1]"
181408,6180781.407407408,90,0x20003a48,14920,TelemetryTask,"[14920, 536908656, 200, 0]"
181412,6180824.662037037,92,0x20003a48,14920,UartTxTask,"[14920, 3758096384, 20, 1]"
181417,6181561.37962963,92,0x200080a0,32928,UartTxTask,"[32928, 3758096384, 0, 1]"
181422,6190781.416666667,90,0x20003a48,14920,TelemetryTask,"[14920, 536908656, 200, 0]"
181426,6190824.828703703,92,0x20003a48,14920,UartTxTask,"[14920, 3758096384, 20, 1]"
181431,6191562.060185186,92,0x200080a0,32928,UartTxTask,"[32928, 3758096384, 0, 1]"
181436,6200780.638888889,90,0x20003a48,14920,TelemetryTask,"[14920, 536908656, 200, 0]"
181440,6200823.611111111,92,0x20003a48,14920,UartTxTask,"[14920, 3758096384, 20, 1]"
181445,6201560.541666667,92,0x200080a0,32928,UartTxTask,"[32928, 3758096384, 0, 1]"
181450,6210780.976851852,90,0x20003a48,14920,TelemetryTask,"[14920, 536908656, 200, 0]"
181454,6210825.060185186,92,0x20003a48,14920,UartTxTask,"[14920, 3758096384, 20, 1]"
181459,6211562.393518519,92,0x200080a0,32928,UartTxTask,"[32928, 3758096384, 0, 1]"
181464,6220779.75462963,90,0x20003a48,14920,TelemetryTask,"[14920, 536908656, 200, 0]"
181468,6220822.319444444,92,0x20003a48,14920,UartTxTask,"[14920, 3758096384, 20, 1]"
181473,6221558.5,92,0x200080a0,32928,UartTxTask,"[32928, 3758096384, 0, 1]"
181478,6230781.00462963,90,0x20003a48,14920,TelemetryTask,"[14920, 536908656, 200, 0]"
181482,6230823.74537037,92,0x20003a48,14920,UartTxTask,"[14920, 3758096384, 20, 1]"
181487,6231561.199074074,92,0x200080a0,32928,UartTxTask,"[32928, 3758096384, 0, 1]"
181492,6240781.092592592,90,0x20003a48,14920,TelemetryTask,"[14920, 536908656, 200, 0]"
181496,6240824.041666667,92,0x20003a48,14920,UartTxTask,"[14920, 3758096384, 20, 1]"
181501,6241560.833333333,92,0x200080a0,32928,UartTxTask,"[32928, 3758096384, 0, 1]"
181506,6250780.842592592,90,0x20003a48,14920,TelemetryTask,"[14920, 536908656, 200, 0]"
181510,6250824.523148148,92,0x20003a48,14920,UartTxTask,"[14920, 3758096384, 20, 1]"
181515,6251561.185185186,92,0x200080a0,32928,UartTxTask,"[32928, 3758096384, 0, 1]"
181520,6260781.125,90,0x20003a48,14920,TelemetryTask,"[14920, 536908656, 200, 0]"
181524,6260824.712962963,92,0x20003a48,14920,UartTxTask,"[14920, 3758096384, 20, 1]"
181529,6261561.694444444,92,0x200080a0,32928,UartTxTask,"[32928, 3758096384, 0, 1]"
181534,6270781.578703703,90,0x20003a48,14920,TelemetryTask,"[14920, 536908656, 200, 0]"
181538,6270824.439814814,92,0x20003a48,14920,UartTxTask,"[14920, 3758096384, 20, 1]"
181543,6271561.199074074,92,0x200080a0,32928,UartTxTask,"[32928, 3758096384, 0, 1]"
181548,6280781.703703703,90,0x20003a48,14920,TelemetryTask,"[14920, 536908656, 200, 0]"
181552,6280824.5,92,0x20003a48,14920,UartTxTask,"[14920, 3758096384, 20, 1]"
181557,6281561.430555556,92,0x200080a0,32928,UartTxTask,"[32928, 3758096384, 0, 1]"
181562,6290781.240740741,90,0x20003a48,14920,TelemetryTask,"[14920, 536908656, 200, 0]"
181566,6290824.527777778,92,0x20003a48,14920,UartTxTask,"[14920, 3758096384, 20, 1]"
181571,6291561.592592592,92,0x200080a0,32928,UartTxTask,"[32928, 3758096384, 0, 1]"
181576,6300780.962962963,90,0x20003a48,14920,TelemetryTask,"[14920, 536908656, 200, 0]"
181580,6300823.962962963,92,0x20003a48,14920,UartTxTask,"[14920, 3758096384, 20, 1]"
181585,6301560.236111111,92,0x200080a0,32928,UartTxTask,"[32928, 3758096384, 0, 1]"
181590,6310781.634259259,90,0x20003a48,14920,TelemetryTask,"[14920, 536908656, 200, 0]"
181594,6310824.972222222,92,0x20003a48,14920,UartTxTask,"[14920, 3758096384, 20, 1]"
181599,6311562.055555556,92,0x200080a0,32928,UartTxTask,"[32928, 3758096384, 0, 1]"
181604,6320782.013888889,90,0x20003a48,14920,TelemetryTask,"[14920, 536908656, 200, 0]"
181608,6320824.638888889,92,0x20003a48,14920,UartTxTask,"[14920, 3758096384, 20, 1]"
181613,6321562.203703703,92,0x200080a0,32928,UartTxTask,"[32928, 3758096384, 0, 1]"
181618,6330780.75462963,90,0x20003a48,14920,TelemetryTask,"[14920, 536908656, 200, 0]"
181622,6330824.615740741,92,0x20003a48,14920,UartTxTask,"[14920, 3758096384, 20, 1]"
181627,6331562.013888889,92,0x200080a0,32928,UartTxTask,"[32928, 3758096384, 0, 1]"
181632,6340782.060185186,90,0x20003a48,14920,TelemetryTask,"[14920, 536908656, 200, 0]"
181636,6340825.152777778,92,0x20003a48,14920,UartTxTask,"[14920, 3758096384, 20, 1]"
181641,6341562.111111111,92,0x200080a0,32928,UartTxTask,"[32928, 3758096384, 0, 1]"
181646,6350780.893518519,90,0x20003a48,14920,TelemetryTask,"[14920, 536908656, 200, 0]"
181650,6350823.958333333,92,0x20003a48,14920,UartTxTask,"[14920, 3758096384, 20, 1]"
181655,6351560.75,92,0x200080a0,32928,UartTxTask,"[32928, 3758096384, 0, 1]"
181660,6360780.277777778,90,0x20003a48,14920,TelemetryTask,"[14920, 536908656, 200, 0]"
181664,6360823.731481481,92,0x20003a48,14920,UartTxTask,"[14920, 3758096384, 20, 1]"
181669,6361560.62962963,92,0x200080a0,32928,UartTxTask,"[32928, 3758096384, 0, 1]"
181674,6370781.837962963,90,0x20003a48,14920,TelemetryTask,"[14920, 536908656, 200, 0]"
181678,6370825.013888889,92,0x20003a48,14920,UartTxTask,"[14920, 3758096384, 20, 1]"
181683,6371562.217592592,92,0x200080a0,32928,UartTxTask,"[32928, 3758096384, 0, 1]"
181688,6380781.375,90,0x20003a48,14920,TelemetryTask,"[14920, 536908656, 200, 0]"
181692,6380824.944444444,92,0x20003a48,14920,UartTxTask,"[14920, 3758096384, 20, 1]"
181697,6381561.736111111,92,0x200080a0,32928,UartTxTask,"[32928, 3758096384, 0, 1]"
181702,6390780.37037037,90,0x20003a48,14920,TelemetryTask,"[14920, 536908656, 200, 0]"
181706,6390823.157407408,92,0x20003a48,14920,UartTxTask,"[14920, 3758096384, 20, 1]"
181711,6391560.092592592,92,0x200080a0,32928,UartTxTask,"[32928, 3758096384, 0, 1]"
181716,6400781.412037037,90,0x20003a48,14920,TelemetryTask,"[14920, 536908656, 200, 0]"
181720,6400824.768518519,92,0x20003a48,14920,UartTxTask,"[14920, 3758096384, 20, 1]"
181725,6401561.75462963,92,0x200080a0,32928,UartTxTask,"[32928, 3758096384, 0, 1]"
181730,6410781.236111111,90,0x20003a48,14920,TelemetryTask,"[14920, 536908656, 200, 0]"
181734,6410823.671296297,92,0x20003a48,14920,UartTxTask,"[14920, 3758096384, 20, 1]"
181739,6411560.537037037,92,0x200080a0,32928,UartTxTask,"[32928, 3758096384, 0, 1]"
181744,6420780.939814814,90,0x20003a48,14920,TelemetryTask,"[14920, 536908656, 200, 0]"
181748,6420824.337962963,92,0x20003a48,14920,UartTxTask,"[14920, 3758096384, 20, 1]"
181753,6421561.268518519,92,0x200080a0,32928,UartTxTask,"[32928, 3758096384, 0, 1]"
181758,6430781.583333333,90,0x20003a48,14920,TelemetryTask,"[14920, 536908656, 200, 0]"
181762,6430824.101851852,92,0x20003a48,14920,UartTxTask,"[14920, 3758096384, 20, 1]"
181767,6431561.060185186,92,0x200080a0,32928,UartTxTask,"[32928, 3758096384, 0, 1]"
181772,6440780.671296297,90,0x20003a48,14920,TelemetryTask,"[14920, 536908656, 200, 0]"
181776,6440824.157407408,92,0x20003a48,14920,UartTxTask,"[14920, 3758096384, 20, 1]"
181781,6441561.032407408,92,0x200080a0,32928,UartTxTask,"[32928, 3758096384, 0, 1]"
181786,6450780.976851852,90,0x20003a48,14920,TelemetryTask,"[14920, 536908656, 200, 0]"
181790,6450824.25,92,0x20003a48,14920,UartTxTask,"[14920, 3758096384, 20, 1]"
181795,6451560.842592592,92,0x200080a0,32928,UartTxTask,"[32928, 3758096384, 0, 1]"
181801,6459488.740740741,96,0x20003970,14704,ISR#56,"[14704, 537198440]"
181804,6460841.685185186,90,0x20003a48,14920,TelemetryTask,"[14920, 536908656, 200, 0]"
181808,6460882.49537037,92,0x20003970,14704,ButtonTask,"[14704, 3758096384, 4294967295, 1]"
181809,6460974.981481481,90,0x20003a48,14920,ButtonTask,"[14920, 536906932, 200, 0]"
181812,6461028.925925926,92,0x20003a48,14920,UartTxTask,"[14920, 3758096384, 20, 1]"
181817,6461762.962962963,92,0x200080a0,32928,UartTxTask,"[32928, 3758096384, 0, 1]"
181818,6461771.268518519,92,0x20003a48,14920,UartTxTask,"[14920, 3758096384, 20, 1]"
181823,6462508.930555556,92,0x200080a0,32928,UartTxTask,"[32928, 3758096384, 0, 1]"
181828,6470781.282407408,90,0x20003a48,14920,TelemetryTask,"[14920, 536908656, 200, 0]"
181832,6470825.046296297,92,0x20003a48,14920,UartTxTask,"[14920, 3758096384, 20, 1]"
181837,6471562.166666667,92,0x200080a0,32928,UartTxTask,"[32928, 3758096384, 0, 1]"
181842,6480781.513888889,90,0x20003a48,14920,TelemetryTask,"[14920, 536908656, 200, 0]"
181846,6480824.5,92,0x20003a48,14920,UartTxTask,"[14920, 3758096384, 20, 1]"
181851,6481562.152777778,92,0x200080a0,32928,UartTxTask,"[32928, 3758096384, 0, 1]"
181856,6490781.240740741,90,0x20003a48,14920,TelemetryTask,"[14920, 536908656, 200, 0]"
181860,6490824.217592592,92,0x20003a48,14920,UartTxTask,"[14920, 3758096384, 20, 1]"
181865,6491561.722222222,92,0x200080a0,32928,UartTxTask,"[32928, 3758096384, 0, 1]"
181870,6500781.703703703,90,0x20003a48,14920,TelemetryTask,"[14920, 536908656, 200, 0]"
181874,6500824.319444444,92,0x20003a48,14920,UartTxTask,"[14920, 3758096384, 20, 1]"
181879,6501561.296296297,92,0x200080a0,32928,UartTxTask,"[32928, 3758096384, 0, 1]"
181884,6510781.162037037,90,0x20003a48,14920,TelemetryTask,"[14920, 536908656, 200, 0]"
181888,6510824.138888889,92,0x20003a48,14920,UartTxTask,"[14920, 3758096384, 20, 1]"
181893,6511561.476851852,92,0x200080a0,32928,UartTxTask,"[32928, 3758096384, 0, 1]"
181898,6520781.513888889,90,0x20003a48,14920,TelemetryTask,"[14920, 536908656, 200, 0]"
181902,6520824.62037037,92,0x20003a48,14920,UartTxTask,"[14920, 3758096384, 20, 1]"
181907,6521562.064814814,92,0x200080a0,32928,UartTxTask,"[32928, 3758096384, 0, 1]"
181912,6530781.097222222,90,0x20003a48,14920,TelemetryTask,"[14920, 536908656, 200, 0]"
181916,6530824.518518519,92,0x20003a48,14920,UartTxTask,"[14920, 3758096384, 20, 1]"
181921,6531560.972222222,92,0x200080a0,32928,UartTxTask,"[32928, 3758096384, 0, 1]"
181926,6540781.606481481,90,0x20003a48,14920,TelemetryTask,"[14920, 536908656, 200, 0]"
181930,6540825.273148148,92,0x20003a48,14920,UartTxTask,"[14920, 3758096384, 20, 1]"
181935,6541561.99537037,92,0x200080a0,32928,UartTxTask,"[32928, 3758096384, 0, 1]"
181940,6550783.152777778,90,0x20003a48,14920,TelemetryTask,"[14920, 536908656, 200, 0]"
181944,6550826.069444444,92,0x20003a48,14920,UartTxTask,"[14920, 3758096384, 20, 1]"
181949,6551562.805555556,92,0x200080a0,32928,UartTxTask,"[32928, 3758096384, 0, 1]"
181954,6560780.893518519,90,0x20003a48,14920,TelemetryTask,"[14920, 536908656, 200, 0]"
181958,6560823.685185186,92,0x20003a48,14920,UartTxTask,"[14920, 3758096384, 20, 1]"
181963,6561560.990740741,92,0x200080a0,32928,UartTxTask,"[32928, 3758096384, 0, 1]"
181968,6570782.0,90,0x20003a48,14920,TelemetryTask,"[14920, 536908656, 200, 0]"
181972,6570825.083333333,92,0x20003a48,14920,UartTxTask,"[14920, 3758096384, 20, 1]"
181977,6571562.361111111,92,0x200080a0,32928,UartTxTask,"[32928, 3758096384, 0, 1]"
181982,6580780.671296297,90,0x20003a48,14920,TelemetryTask,"[14920, 536908656, 200, 0]"
181986,6580824.055555556,92,0x20003a48,14920,UartTxTask,"[14920, 3758096384, 20, 1]"
181991,6581561.166666667,92,0x200080a0,32928,UartTxTask,"[32928, 3758096384, 0, 1]"
181996,6590780.555555556,90,0x20003a48,14920,TelemetryTask,"[14920, 536908656, 200, 0]"
182000,6590823.37037037,92,0x20003a48,14920,UartTxTask,"[14920, 3758096384, 20, 1]"
182005,6591560.342592592,92,0x200080a0,32928,UartTxTask,"[32928, 3758096384, 0, 1]"
182010,6600780.833333333,90,0x20003a48,14920,TelemetryTask,"[14920, 536908656, 200, 0]"
182014,6600823.592592592,92,0x20003a48,14920,UartTxTask,"[14920, 3758096384, 20, 1]"
182019,6601560.541666667,92,0x200080a0,32928,UartTxTask,"[32928, 3758096384, 0, 1]"
182024,6610781.634259259,90,0x20003a48,14920,TelemetryTask,"[14920, 536908656, 200, 0]"
182028,6610824.986111111,92,0x20003a48,14920,UartTxTask,"[14920, 3758096384, 20, 1]"
182033,6611562.064814814,92,0x200080a0,32928,UartTxTask,"[32928, 3758096384, 0, 1]"
182038,6620781.12962963,90,0x20003a48,14920,TelemetryTask,"[14920, 536908656, 200, 0]"
182042,6620824.587962963,92,0x20003a48,14920,UartTxTask,"[14920, 3758096384, 20, 1]"
182047,6621561.546296297,92,0x200080a0,32928,UartTxTask,"[32928, 3758096384, 0, 1]"
182052,6630780.782407408,90,0x20003a48,14920,TelemetryTask,"[14920, 536908656, 200, 0]"
182056,6630823.398148148,92,0x20003a48,14920,UartTxTask,"[14920, 3758096384, 20, 1]"
182061,6631560.726851852,92,0x200080a0,32928,UartTxTask,"[32928, 3758096384, 0, 1]"
182065,6636587.703703703,96,0x20003970,14704,ISR#56,"[14704, 537198440]"
182069,6636622.898148148,92,0x20003970,14704,ButtonTask,"[14704, 3758096384, 4294967295, 1]"
182070,6636725.601851852,90,0x20003a48,14920,ButtonTask,"[14920, 536906932, 200, 0]"
182074,6636771.138888889,92,0x20003a48,14920,UartTxTask,"[14920, 3758096384, 20, 1]"
182079,6637505.99537037,92,0x200080a0,32928,UartTxTask,"[32928, 3758096384, 0, 1]"
182084,6640780.222222222,90,0x20003a48,14920,TelemetryTask,"[14920, 536908656, 200, 0]"
182088,6640823.541666667,92,0x20003a48,14920,UartTxTask,"[14920, 3758096384, 20, 1]"
182093,6641559.842592592,92,0x200080a0,32928,UartTxTask,"[32928, 3758096384, 0, 1]"
182098,6650781.101851852,90,0x20003a48,14920,TelemetryTask,"[14920, 536908656, 200, 0]"
182102,6650824.740740741,92,0x20003a48,14920,UartTxTask,"[14920, 3758096384, 20, 1]"
182107,6651562.041666667,92,0x200080a0,32928,UartTxTask,"[32928, 3758096384, 0, 1]"
182112,6660782.050925926,90,0x20003a48,14920,TelemetryTask,"[14920, 536908656, 200, 0]"
182116,6660825.268518519,92,0x20003a48,14920,UartTxTask,"[14920, 3758096384, 20, 1]"
182121,6661562.180555556,92,0x200080a0,32928,UartTxTask,"[32928, 3758096384, 0, 1]"
182126,6670781.717592592,90,0x20003a48,14920,TelemetryTask,"[14920, 536908656, 200, 0]"
182130,6670824.819444444,92,0x20003a48,14920,UartTxTask,"[14920, 3758096384, 20, 1]"
182135,6671562.203703703,92,0x200080a0,32928,UartTxTask,"[32928, 3758096384, 0, 1]"
182140,6680780.527777778,90,0x20003a48,14920,TelemetryTask,"[14920, 536908656, 200, 0]"
182144,6680823.231481481,92,0x20003a48,14920,UartTxTask,"[14920, 3758096384, 20, 1]"
182149,6681560.49537037,92,0x200080a0,32928,UartTxTask,"[32928, 3758096384, 0, 1]"
182154,6690781.550925926,90,0x20003a48,14920,TelemetryTask,"[14920, 536908656, 200, 0]"
182158,6690824.939814814,92,0x20003a48,14920,UartTxTask,"[14920, 3758096384, 20, 1]"
182163,6691561.87962963,92,0x200080a0,32928,UartTxTask,"[32928, 3758096384, 0, 1]"
182168,6700782.148148148,90,0x20003a48,14920,TelemetryTask,"[14920, 536908656, 200, 0]"
182172,6700825.861111111,92,0x20003a48,14920,UartTxTask,"[14920, 3758096384, 20, 1]"
182177,6701563.199074074,92,0x200080a0,32928,UartTxTask,"[32928, 3758096384, 0, 1]"
182182,6710780.490740741,90,0x20003a48,14920,TelemetryTask,"[14920, 536908656, 200, 0]"
182186,6710823.185185186,92,0x20003a48,14920,UartTxTask,"[14920, 3758096384, 20, 1]"
182191,6711560.013888889,92,0x200080a0,32928,UartTxTask,"[32928, 3758096384, 0, 1]"
182196,6720781.611111111,90,0x20003a48,14920,TelemetryTask,"[14920, 536908656, 200, 0]"
182200,6720825.064814814,92,0x20003a48,14920,UartTxTask,"[14920, 3758096384, 20, 1]"
182205,6721562.393518519,92,0x200080a0,32928,UartTxTask,"[32928, 3758096384, 0, 1]"
182210,6730780.662037037,90,0x20003a48,14920,TelemetryTask,"[14920, 536908656, 200, 0]"
182214,6730824.194444444,92,0x20003a48,14920,UartTxTask,"[14920, 3758096384, 20, 1]"
182219,6731561.055555556,92,0x200080a0,32928,UartTxTask,"[32928, 3758096384, 0, 1]"
182224,6740783.828703703,90,0x20003a48,14920,TelemetryTask,"[14920, 536908656, 200, 0]"
182228,6740826.337962963,92,0x20003a48,14920,UartTxTask,"[14920, 3758096384, 20, 1]"
182233,6741563.217592592,92,0x200080a0,32928,UartTxTask,"[32928, 3758096384, 0, 1]"
182238,6750781.134259259,90,0x20003a48,14920,TelemetryTask,"[14920, 536908656, 200, 0]"
182242,6750824.078703703,92,0x20003a48,14920,UartTxTask,"[14920, 3758096384, 20, 1]"
182247,6751561.398148148,92,0x200080a0,32928,UartTxTask,"[32928, 3758096384, 0, 1]"
182252,6760781.953703703,90,0x20003a48,14920,TelemetryTask,"[14920, 536908656, 200, 0]"
182256,6760825.106481481,92,0x20003a48,14920,UartTxTask,"[14920, 3758096384, 20, 1]"
182261,6761562.398148148,92,0x200080a0,32928,UartTxTask,"[32928, 3758096384, 0, 1]"
182266,6770781.722222222,90,0x20003a48,14920,TelemetryTask,"[14920, 536908656, 200, 0]"
182270,6770825.384259259,92,0x20003a48,14920,UartTxTask,"[14920, 3758096384, 20, 1]"
182275,6771562.097222222,92,0x200080a0,32928,UartTxTask,"[32928, 3758096384, 0, 1]"
182280,6780781.291666667,90,0x20003a48,14920,TelemetryTask,"[14920, 536908656, 200, 0]"
182284,6780824.12962963,92,0x20003a48,14920,UartTxTask,"[14920, 3758096384, 20, 1]"
182289,6781560.87962963,92,0x200080a0,32928,UartTxTask,"[32928, 3758096384, 0, 1]"
182294,6790781.569444444,90,0x20003a48,14920,TelemetryTask,"[14920, 536908656, 200, 0]"
182298,6790824.532407408,92,0x20003a48,14920,UartTxTask,"[14920, 3758096384, 20, 1]"
182303,6791561.134259259,92,0x200080a0,32928,UartTxTask,"[32928, 3758096384, 0, 1]"
182308,6800781.62037037,90,0x20003a48,14920,TelemetryTask,"[14920, 536908656, 200, 0]"
182312,6800824.949074074,92,0x20003a48,14920,UartTxTask,"[14920, 3758096384, 20, 1]"
182317,6801562.189814814,92,0x200080a0,32928,UartTxTask,"[32928, 3758096384, 0, 1]"
182321,6803805.125,96,0x20003970,14704,ISR#56,"[14704, 537198440]"
182325,6803840.231481481,92,0x20003970,14704,ButtonTask,"[14704, 3758096384, 4294967295, 1]"
182326,6803940.634259259,90,0x20003a48,14920,ButtonTask,"[14920, 536906932, 200, 0]"
182330,6803986.648148148,92,0x20003a48,14920,UartTxTask,"[14920, 3758096384, 20, 1]"
182335,6804722.069444444,92,0x200080a0,32928,UartTxTask,"[32928, 3758096384, 0, 1]"
182340,6810780.726851852,90,0x20003a48,14920,TelemetryTask,"[14920, 536908656, 200, 0]"
182344,6810823.5,92,0x20003a48,14920,UartTxTask,"[14920, 3758096384, 20, 1]"
182349,6811560.49537037,92,0x200080a0,32928,UartTxTask,"[32928, 3758096384, 0, 1]"
182354,6820780.962962963,90,0x20003a48,14920,TelemetryTask,"[14920, 536908656, 200, 0]"
182358,6820824.291666667,92,0x20003a48,14920,UartTxTask,"[14920, 3758096384, 20, 1]"
182363,6821561.421296297,92,0x200080a0,32928,UartTxTask,"[32928, 3758096384, 0, 1]"
182368,6830781.560185186,90,0x20003a48,14920,TelemetryTask,"[14920, 536908656, 200, 0]"
182372,6830824.925925926,92,0x20003a48,14920,UartTxTask,"[14920, 3758096384, 20, 1]"
182377,6831561.24537037,92,0x200080a0,32928,UartTxTask,"[32928, 3758096384, 0, 1]"
182382,6840781.560185186,90,0x20003a48,14920,TelemetryTask,"[14920, 536908656, 200, 0]"
182386,6840824.606481481,92,0x20003a48,14920,UartTxTask,"[14920, 3758096384, 20, 1]"
182391,6841561.759259259,92,0x200080a0,32928,UartTxTask,"[32928, 3758096384, 0, 1]"
182396,6850780.24537037,90,0x20003a48,14920,TelemetryTask,"[14920, 536908656, 200, 0]"
182400,6850823.527777778,92,0x20003a48,14920,UartTxTask,"[14920, 3758096384, 20, 1]"
182405,6851560.412037037,92,0x200080a0,32928,UartTxTask,"[32928, 3758096384, 0, 1]"
182410,6860780.361111111,90,0x20003a48,14920,TelemetryTask,"[14920, 536908656, 200, 0]"
182414,6860823.796296297,92,0x20003a48,14920,UartTxTask,"[14920, 3758096384, 20, 1]"
182419,6861560.953703703,92,0x200080a0,32928,UartTxTask,"[32928, 3758096384, 0, 1]"
182424,6870781.467592592,90,0x20003a48,14920,TelemetryTask,"[14920, 536908656, 200, 0]"
182428,6870825.143518519,92,0x20003a48,14920,UartTxTask,"[14920, 3758096384, 20, 1]"
182433,6871562.148148148,92,0x200080a0,32928,UartTxTask,"[32928, 3758096384, 0, 1]"
182438,6880781.652777778,90,0x20003a48,14920,TelemetryTask,"[14920, 536908656, 200, 0]"
182442,6880825.347222222,92,0x20003a48,14920,UartTxTask,"[14920, 3758096384, 20, 1]"
182447,6881562.152777778,92,0x200080a0,32928,UartTxTask,"[32928, 3758096384, 0, 1]"
182452,6890781.018518519,90,0x20003a48,14920,TelemetryTask,"[14920, 536908656, 200, 0]"
182456,6890824.587962963,92,0x20003a48,14920,UartTxTask,"[14920, 3758096384, 20, 1]"
182461,6891561.398148148,92,0x200080a0,32928,UartTxTask,"[32928, 3758096384, 0, 1]"
182466,6900781.212962963,90,0x20003a48,14920,TelemetryTask,"[14920, 536908656, 200, 0]"
182470,6900824.694444444,92,0x20003a48,14920,UartTxTask,"[14920, 3758096384, 20, 1]"
182475,6901562.157407408,92,0x200080a0,32928,UartTxTask,"[32928, 3758096384, 0, 1]"
182480,6910783.046296297,90,0x20003a48,14920,TelemetryTask,"[14920, 536908656, 200, 0]"
182484,6910826.560185186,92,0x20003a48,14920,UartTxTask,"[14920, 3758096384, 20, 1]"
182489,6911563.453703703,92,0x200080a0,32928,UartTxTask,"[32928, 3758096384, 0, 1]"
182494,6920780.592592592,90,0x20003a48,14920,TelemetryTask,"[14920, 536908656, 200, 0]"
182498,6920823.578703703,92,0x20003a48,14920,UartTxTask,"[14920, 3758096384, 20, 1]"
182503,6921560.550925926,92,0x200080a0,32928,UartTxTask,"[32928, 3758096384, 0, 1]"
182508,6930781.759259259,90,0x20003a48,14920,TelemetryTask,"[14920, 536908656, 200, 0]"
182512,6930825.555555556,92,0x20003a48,14920,UartTxTask,"[14920, 3758096384, 20, 1]"
182517,6931562.49537037,92,0x200080a0,32928,UartTxTask,"[32928, 3758096384, 0, 1]"
182522,6940780.666666667,90,0x20003a48,14920,TelemetryTask,"[14920, 536908656, 200, 0]"
182526,6940823.273148148,92,0x20003a48,14920,UartTxTask,"[14920, 3758096384, 20, 1]"
182531,6941560.444444444,92,0x200080a0,32928,UartTxTask,"[32928, 3758096384, 0, 1]"
182536,6950781.111111111,90,0x20003a48,14920,TelemetryTask,"[14920, 536908656, 200, 0]"
182540,6950824.092592592,92,0x20003a48,14920,UartTxTask,"[14920, 3758096384, 20, 1]"
182545,6951561.171296297,92,0x200080a0,32928,UartTxTask,"[32928, 3758096384, 0, 1]"
182550,6960780.708333333,90,0x20003a48,14920,TelemetryTask,"[14920, 536908656, 200, 0]"
182554,6960823.87037037,92,0x20003a48,14920,UartTxTask,"[14920, 3758096384, 20, 1]"
182559,6961560.666666667,92,0x200080a0,32928,UartTxTask,"[32928, 3758096384, 0, 1]"
182563,6964535.694444444,96,0x20003970,14704,ISR#56,"[14704, 537198440]"
182567,6964569.898148148,92,0x20003970,14704,ButtonTask,"[14704, 3758096384, 4294967295, 1]"
182568,6964672.407407408,90,0x20003a48,14920,ButtonTask,"[14920, 536906932, 200, 0]"
182572,6964718.634259259,92,0x20003a48,14920,UartTxTask,"[14920, 3758096384, 20, 1]"
182577,6965453.74537037,92,0x200080a0,32928,UartTxTask,"[32928, 3758096384, 0, 1]"
182582,6970781.393518519,90,0x20003a48,14920,TelemetryTask,"[14920, 536908656, 200, 0]"
182586,6970824.527777778,92,0x20003a48,14920,UartTxTask,"[14920, 3758096384, 20, 1]"
182591,6971562.324074074,92,0x200080a0,32928,UartTxTask,"[32928, 3758096384, 0, 1]"
182596,6980781.375,90,0x20003a48,14920,TelemetryTask,"[14920, 536908656, 200, 0]"
182600,6980824.263888889,92,0x20003a48,14920,UartTxTask,"[14920, 3758096384, 20, 1]"
182605,6981561.166666667,92,0x200080a0,32928,UartTxTask,"[32928, 3758096384, 0, 1]"
182610,6990781.231481481,90,0x20003a48,14920,TelemetryTask,"[14920, 536908656, 200, 0]"
182614,6990824.143518519,92,0x20003a48,14920,UartTxTask,"[14920, 3758096384, 20, 1]"
182619,6991561.421296297,92,0x200080a0,32928,UartTxTask,"[32928, 3758096384, 0, 1]"
182624,7000781.189814814,90,0x20003a48,14920,TelemetryTask,"[14920, 536908656, 200, 0]"
182628,7000824.550925926,92,0x20003a48,14920,UartTxTask,"[14920, 3758096384, 20, 1]"
182633,7001561.12962963,92,0x200080a0,32928,UartTxTask,"[32928, 3758096384, 0, 1]"
182638,7010781.930555556,90,0x20003a48,14920,TelemetryTask,"[14920, 536908656, 200, 0]"
182642,7010824.949074074,92,0x20003a48,14920,UartTxTask,"[14920, 3758096384, 20, 1]"
182647,7011562.296296297,92,0x200080a0,32928,UartTxTask,"[32928, 3758096384, 0, 1]"
182652,7020780.384259259,90,0x20003a48,14920,TelemetryTask,"[14920, 536908656, 200, 0]"
182656,7020823.037037037,92,0x20003a48,14920,UartTxTask,"[14920, 3758096384, 20, 1]"
182661,7021560.731481481,92,0x200080a0,32928,UartTxTask,"[32928, 3758096384, 0, 1]"
182666,7030780.425925926,90,0x20003a48,14920,TelemetryTask,"[14920, 536908656, 200, 0]"
182670,7030824.180555556,92,0x20003a48,14920,UartTxTask,"[14920, 3758096384, 20, 1]"
182675,7031560.819444444,92,0x200080a0,32928,UartTxTask,"[32928, 3758096384, 0, 1]"
182680,7040780.407407408,90,0x20003a48,14920,TelemetryTask,"[14920, 536908656, 200, 0]"
182684,7040823.694444444,92,0x20003a48,14920,UartTxTask,"[14920, 3758096384, 20, 1]"
182689,7041561.157407408,92,0x200080a0,32928,UartTxTask,"[32928, 3758096384, 0, 1]"
182694,7050781.509259259,90,0x20003a48,14920,TelemetryTask,"[14920, 536908656, 200, 0]"
182698,7050824.50462963,92,0x20003a48,14920,UartTxTask,"[14920, 3758096384, 20, 1]"
182703,7051561.648148148,92,0x200080a0,32928,UartTxTask,"[32928, 3758096384, 0, 1]"
182708,7060781.546296297,90,0x20003a48,14920,TelemetryTask,"[14920, 536908656, 200, 0]"
182712,7060824.736111111,92,0x20003a48,14920,UartTxTask,"[14920, 3758096384, 20, 1]"
182717,7061561.5,92,0x200080a0,32928,UartTxTask,"[32928, 3758096384, 0, 1]"
182722,7070781.009259259,90,0x20003a48,14920,TelemetryTask,"[14920, 536908656, 200, 0]"
182726,7070824.013888889,92,0x20003a48,14920,UartTxTask,"[14920, 3758096384, 20, 1]"
182731,7071560.967592592,92,0x200080a0,32928,UartTxTask,"[32928, 3758096384, 0, 1]"
182736,7080781.569444444,90,0x20003a48,14920,TelemetryTask,"[14920, 536908656, 200, 0]"
182740,7080824.643518519,92,0x20003a48,14920,UartTxTask,"[14920, 3758096384, 20, 1]"
182745,7081561.652777778,92,0x200080a0,32928,UartTxTask,"[32928, 3758096384, 0, 1]"
182750,7090781.263888889,90,0x20003a48,14920,TelemetryTask,"[14920, 536908656, 200, 0]"
182754,7090824.041666667,92,0x20003a48,14920,UartTxTask,"[14920, 3758096384, 20, 1]"
182759,7091561.138888889,92,0x200080a0,32928,UartTxTask,"[32928, 3758096384, 0, 1]"
182764,7100780.685185186,90,0x20003a48,14920,TelemetryTask,"[14920, 536908656, 200, 0]"
182768,7100823.828703703,92,0x20003a48,14920,UartTxTask,"[14920, 3758096384, 20, 1]"
182773,7101561.097222222,92,0x200080a0,32928,UartTxTask,"[32928, 3758096384, 0, 1]"
182778,7110781.148148148,90,0x20003a48,14920,TelemetryTask,"[14920, 536908656, 200, 0]"
182782,7110824.018518519,92,0x20003a48,14920,UartTxTask,"[14920, 3758096384, 20, 1]"
182787,7111561.342592592,92,0x200080a0,32928,UartTxTask,"[32928, 3758096384, 0, 1]"
182792,7120781.532407408,90,0x20003a48,14920,TelemetryTask,"[14920, 536908656, 200, 0]"
182796,7120824.337962963,92,0x20003a48,14920,UartTxTask,"[14920, 3758096384, 20, 1]"
182801,7121561.532407408,92,0x200080a0,32928,UartTxTask,"[32928, 3758096384, 0, 1]"
182806,7130780.481481481,90,0x20003a48,14920,TelemetryTask,"[14920, 536908656, 200, 0]"
182810,7130823.972222222,92,0x20003a48,14920,UartTxTask,"[14920, 3758096384, 20, 1]"
182815,7131560.680555556,92,0x200080a0,32928,UartTxTask,"[32928, 3758096384, 0, 1]"
182819,7132716.041666667,96,0x20003970,14704,ISR#56,"[14704, 537198440]"
182823,7132751.305555556,92,0x20003970,14704,ButtonTask,"[14704, 3758096384, 4294967295, 1]"
182824,7132851.518518519,90,0x20003a48,14920,ButtonTask,"[14920, 536906932, 200, 0]"
182828,7132897.444444444,92,0x20003a48,14920,UartTxTask,"[14920, 3758096384, 20, 1]"
182833,7133634.537037037,92,0x200080a0,32928,UartTxTask,"[32928, 3758096384, 0, 1]"
182838,7140780.699074074,90,0x20003a48,14920,TelemetryTask,"[14920, 536908656, 200, 0]"
182842,7140824.208333333,92,0x20003a48,14920,UartTxTask,"[14920, 3758096384, 20, 1]"
182847,7141561.046296297,92,0x200080a0,32928,UartTxTask,"[32928, 3758096384, 0, 1]"
182852,7150780.935185186,90,0x20003a48,14920,TelemetryTask,"[14920, 536908656, 200, 0]"
182856,7150823.564814814,92,0x20003a48,14920,UartTxTask,"[14920, 3758096384, 20, 1]"
182861,7151560.273148148,92,0x200080a0,32928,UartTxTask,"[32928, 3758096384, 0, 1]"
182866,7160781.046296297,90,0x20003a48,14920,TelemetryTask,"[14920, 536908656, 200, 0]"
182870,7160824.476851852,92,0x20003a48,14920,UartTxTask,"[14920, 3758096384, 20, 1]"
182875,7161561.703703703,92,0x200080a0,32928,UartTxTask,"[32928, 3758096384, 0, 1]"
182880,7170780.574074074,90,0x20003a48,14920,TelemetryTask,"[14920, 536908656, 200, 0]"
182884,7170823.564814814,92,0x20003a48,14920,UartTxTask,"[14920, 3758096384, 20, 1]"
182889,7171560.287037037,92,0x200080a0,32928,UartTxTask,"[32928, 3758096384, 0, 1]"
182894,7180781.50462963,90,0x20003a48,14920,TelemetryTask,"[14920, 536908656, 200, 0]"
182898,7180824.152777778,92,0x20003a48,14920,UartTxTask,"[14920, 3758096384, 20, 1]"
182903,7181561.439814814,92,0x200080a0,32928,UartTxTask,"[32928, 3758096384, 0, 1]"
182908,7190781.921296297,90,0x20003a48,14920,TelemetryTask,"[14920, 536908656, 200, 0]"
182912,7190825.625,92,0x20003a48,14920,UartTxTask,"[14920, 3758096384, 20, 1]"
182917,7191562.481481481,92,0x200080a0,32928,UartTxTask,"[32928, 3758096384, 0, 1]"
182922,7200780.675925926,90,0x20003a48,14920,TelemetryTask,"[14920, 536908656, 200, 0]"
182926,7200823.662037037,92,0x20003a48,14920,UartTxTask,"[14920, 3758096384, 20, 1]"
182931,7201561.0,92,0x200080a0,32928,UartTxTask,"[32928, 3758096384, 0, 1]"
182936,7210780.680555556,90,0x20003a48,14920,TelemetryTask,"[14920, 536908656, 200, 0]"
182940,7210824.185185186,92,0x20003a48,14920,UartTxTask,"[14920, 3758096384, 20, 1]"
182945,7211561.611111111,92,0x200080a0,32928,UartTxTask,"[32928, 3758096384, 0, 1]"
182950,7220780.62962963,90,0x20003a48,14920,TelemetryTask,"[14920, 536908656, 200, 0]"
182954,7220824.217592592,92,0x20003a48,14920,UartTxTask,"[14920, 3758096384, 20, 1]"
182959,7221560.75462963,92,0x200080a0,32928,UartTxTask,"[32928, 3758096384, 0, 1]"
182964,7230780.384259259,90,0x20003a48,14920,TelemetryTask,"[14920, 536908656, 200, 0]"
182968,7230823.675925926,92,0x20003a48,14920,UartTxTask,"[14920, 3758096384, 20, 1]"
182973,7231560.833333333,92,0x200080a0,32928,UartTxTask,"[32928, 3758096384, 0, 1]"
182978,7240780.305555556,90,0x20003a48,14920,TelemetryTask,"[14920, 536908656, 200, 0]"
182982,7240823.078703703,92,0x20003a48,14920,UartTxTask,"[14920, 3758096384, 20, 1]"
182987,7241560.407407408,92,0x200080a0,32928,UartTxTask,"[32928, 3758096384, 0, 1]"
182992,7250781.064814814,90,0x20003a48,14920,TelemetryTask,"[14920, 536908656, 200, 0]"
182996,7250823.481481481,92,0x20003a48,14920,UartTxTask,"[14920, 3758096384, 20, 1]"
183001,7251560.819444444,92,0x200080a0,32928,UartTxTask,"[32928, 3758096384, 0, 1]"
183006,7260780.935185186,90,0x20003a48,14920,TelemetryTask,"[14920, 536908656, 200, 0]"
183010,7260824.189814814,92,0x20003a48,14920,UartTxTask,"[14920, 3758096384, 20, 1]"
183015,7261561.0,92,0x200080a0,32928,UartTxTask,"[32928, 3758096384, 0, 1]"
183020,7270781.930555556,90,0x20003a48,14920,TelemetryTask,"[14920, 536908656, 200, 0]"
183024,7270824.476851852,92,0x20003a48,14920,UartTxTask,"[14920, 3758096384, 20, 1]"
183029,7271561.074074074,92,0x200080a0,32928,UartTxTask,"[32928, 3758096384, 0, 1]"
183034,7280781.319444444,90,0x20003a48,14920,TelemetryTask,"[14920, 536908656, 200, 0]"
183038,7280824.722222222,92,0x20003a48,14920,UartTxTask,"[14920, 3758096384, 20, 1]"
183043,7281561.810185186,92,0x200080a0,32928,UartTxTask,"[32928, 3758096384, 0, 1]"
183048,7290781.300925926,90,0x20003a48,14920,TelemetryTask,"[14920, 536908656, 200, 0]"
183052,7290824.421296297,92,0x20003a48,14920,UartTxTask,"[14920, 3758096384, 20, 1]"
183057,7291561.5,92,0x200080a0,32928,UartTxTask,"[32928, 3758096384, 0, 1]"
183062,7300781.236111111,90,0x20003a48,14920,TelemetryTask,"[14920, 536908656, 200, 0]"
183066,7300824.115740741,92,0x20003a48,14920,UartTxTask,"[14920, 3758096384, 20, 1]"
183071,7301561.25,92,0x200080a0,32928,UartTxTask,"[32928, 3758096384, 0, 1]"
183076,7310781.472222222,90,0x20003a48,14920,TelemetryTask,"[14920, 536908656, 200, 0]"
183080,7310824.472222222,92,0x20003a48,14920,UartTxTask,"[14920, 3758096384, 20, 1]"
183085,7311561.375,92,0x200080a0,32928,UartTxTask,"[32928, 3758096384, 0, 1]"
183090,7320781.847222222,90,0x20003a48,14920,TelemetryTask,"[14920, 536908656, 200, 0]"
183094,7320825.740740741,92,0x20003a48,14920,UartTxTask,"[14920, 3758096384, 20, 1]"
183099,7321563.106481481,92,0x200080a0,32928,UartTxTask,"[32928, 3758096384, 0, 1]"
183104,7330780.824074074,90,0x20003a48,14920,TelemetryTask,"[14920, 536908656, 200, 0]"
183108,7330823.421296297,92,0x20003a48,14920,UartTxTask,"[14920, 3758096384, 20, 1]"
183113,7331560.425925926,92,0x200080a0,32928,UartTxTask,"[32928, 3758096384, 0, 1]"
183118,7340781.00462963,90,0x20003a48,14920,TelemetryTask,"[14920, 536908656, 200, 0]"
183122,7340824.564814814,92,0x20003a48,14920,UartTxTask,"[14920, 3758096384, 20, 1]"
183127,7341561.402777778,92,0x200080a0,32928,UartTxTask,"[32928, 3758096384, 0, 1]"
183132,7350780.805555556,90,0x20003a48,14920,TelemetryTask,"[14920, 536908656, 200, 0]"
183136,7350824.175925926,92,0x20003a48,14920,UartTxTask,"[14920, 3758096384, 20, 1]"
183141,7351561.231481481,92,0x200080a0,32928,UartTxTask,"[32928, 3758096384, 0, 1]"
183146,7360781.083333333,90,0x20003a48,14920,TelemetryTask,"[14920, 536908656, 200, 0]"
183150,7360824.157407408,92,0x20003a48,14920,UartTxTask,"[14920, 3758096384, 20, 1]"
183155,7361561.217592592,92,0x200080a0,32928,UartTxTask,"[32928, 3758096384, 0, 1]"
183160,7370781.810185186,90,0x20003a48,14920,TelemetryTask,"[14920, 536908656, 200, 0]"
183164,7370825.166666667,92,0x20003a48,14920,UartTxTask,"[14920, 3758096384, 20, 1]"
183169,7371562.541666667,92,0x200080a0,32928,UartTxTask,"[32928, 3758096384, 0, 1]"
183174,7380780.574074074,90,0x20003a48,14920,TelemetryTask,"[14920, 536908656, 200, 0]"
183178,7380823.740740741,92,0x20003a48,14920,UartTxTask,"[14920, 3758096384, 20, 1]"
183183,7381561.240740741,92,0x200080a0,32928,UartTxTask,"[32928, 3758096384, 0, 1]"
183188,7390781.12037037,90,0x20003a48,14920,TelemetryTask,"[14920, 536908656, 200, 0]"
183192,7390825.171296297,92,0x20003a48,14920,UartTxTask,"[14920, 3758096384, 20, 1]"
183197,7391562.259259259,92,0x200080a0,32928,UartTxTask,"[32928, 3758096384, 0, 1]"
183202,7400782.217592592,90,0x20003a48,14920,TelemetryTask,"[14920, 536908656, 200, 0]"
183206,7400825.180555556,92,0x20003a48,14920,UartTxTask,"[14920, 3758096384, 20, 1]"
183211,7401562.143518519,92,0x200080a0,32928,UartTxTask,"[32928, 3758096384, 0, 1]"
183216,7410781.782407408,90,0x20003a48,14920,TelemetryTask,"[14920, 536908656, 200, 0]"
183220,7410825.416666667,92,0x20003a48,14920,UartTxTask,"[14920, 3758096384, 20, 1]"
183225,7411561.611111111,92,0x200080a0,32928,UartTxTask,"[32928, 3758096384, 0, 1]"
183230,7420781.111111111,90,0x20003a48,14920,TelemetryTask,"[14920, 536908656, 200, 0]"
183234,7420823.930555556,92,0x20003a48,14920,UartTxTask,"[14920, 3758096384, 20, 1]"
183239,7421560.842592592,92,0x200080a0,32928,UartTxTask,"[32928, 3758096384, 0, 1]"
183244,7430781.189814814,90,0x20003a48,14920,TelemetryTask,"[14920, 536908656, 200, 0]"
183248,7430823.583333333,92,0x20003a48,14920,UartTxTask,"[14920, 3758096384, 20, 1]"
183253,7431560.25462963,92,0x200080a0,32928,UartTxTask,"[32928, 3758096384, 0, 1]"
183258,7440780.907407408,90,0x20003a48,14920,TelemetryTask,"[14920, 536908656, 200, 0]"
183262,7440824.027777778,92,0x20003a48,14920,UartTxTask,"[14920, 3758096384, 20, 1]"
183267,7441560.643518519,92,0x200080a0,32928,UartTxTask,"[32928, 3758096384, 0, 1]"
183272,7450782.180555556,90,0x20003a48,14920,TelemetryTask,"[14920, 536908656, 200, 0]"
183276,7450825.097222222,92,0x20003a48,14920,UartTxTask,"[14920, 3758096384, 20, 1]"
183281,7451562.166666667,92,0x200080a0,32928,UartTxTask,"[32928, 3758096384, 0, 1]"
183286,7460781.597222222,90,0x20003a48,14920,TelemetryTask,"[14920, 536908656, 200, 0]"
183290,7460824.921296297,92,0x20003a48,14920,UartTxTask,"[14920, 3758096384, 20, 1]"
183295,7461561.625,92,0x200080a0,32928,UartTxTask,"[32928, 3758096384, 0, 1]"
183300,7470780.800925926,90,0x20003a48,14920,TelemetryTask,"[14920, 536908656, 200, 0]"
183304,7470824.143518519,92,0x20003a48,14920,UartTxTask,"[14920, 3758096384, 20, 1]"
183309,7471561.175925926,92,0x200080a0,32928,UartTxTask,"[32928, 3758096384, 0, 1]"
183314,7480781.351851852,90,0x20003a48,14920,TelemetryTask,"[14920, 536908656, 200, 0]"
183318,7480824.550925926,92,0x20003a48,14920,UartTxTask,"[14920, 3758096384, 20, 1]"
183323,7481561.50462963,92,0x200080a0,32928,UartTxTask,"[32928, 3758096384, 0, 1]"
183328,7490781.509259259,90,0x20003a48,14920,TelemetryTask,"[14920, 536908656, 200, 0]"
183332,7490824.847222222,92,0x20003a48,14920,UartTxTask,"[14920, 3758096384, 20, 1]"
183337,7491561.958333333,92,0x200080a0,32928,UartTxTask,"[32928, 3758096384, 0, 1]"
183342,7500780.615740741,90,0x20003a48,14920,TelemetryTask,"[14920, 536908656, 200, 0]"
183346,7500824.203703703,92,0x20003a48,14920,UartTxTask,"[14920, 3758096384, 20, 1]"
183351,7501560.930555556,92,0x200080a0,32928,UartTxTask,"[32928, 3758096384, 0, 1]"
183356,7510780.652777778,90,0x20003a48,14920,TelemetryTask,"[14920, 536908656, 200, 0]"
183360,7510823.958333333,92,0x20003a48,14920,UartTxTask,"[14920, 3758096384, 20, 1]"
183365,7511560.731481481,92,0x200080a0,32928,UartTxTask,"[32928, 3758096384, 0, 1]"
183370,7520781.046296297,90,0x20003a48,14920,TelemetryTask,"[14920, 536908656, 200, 0]"
183374,7520824.472222222,92,0x20003a48,14920,UartTxTask,"[14920, 3758096384, 20, 1]"
183379,7521561.291666667,92,0x200080a0,32928,UartTxTask,"[32928, 3758096384, 0, 1]"
183384,7530781.50462963,90,0x20003a48,14920,TelemetryTask,"[14920, 536908656, 200, 0]"
183388,7530824.643518519,92,0x20003a48,14920,UartTxTask,"[14920, 3758096384, 20, 1]"
183393,7531561.916666667,92,0x200080a0,32928,UartTxTask,"[32928, 3758096384, 0, 1]"
183398,7540781.00462963,90,0x20003a48,14920,TelemetryTask,"[14920, 536908656, 200, 0]"
183402,7540823.967592592,92,0x20003a48,14920,UartTxTask,"[14920, 3758096384, 20, 1]"
183407,7541560.851851852,92,0x200080a0,32928,UartTxTask,"[32928, 3758096384, 0, 1]"
183412,7550780.62962963,90,0x20003a48,14920,TelemetryTask,"[14920, 536908656, 200, 0]"
183416,7550824.175925926,92,0x20003a48,14920,UartTxTask,"[14920, 3758096384, 20, 1]"
183421,7551561.527777778,92,0x200080a0,32928,UartTxTask,"[32928, 3758096384, 0, 1]"
183426,7560781.861111111,90,0x20003a48,14920,TelemetryTask,"[14920, 536908656, 200, 0]"
183430,7560825.652777778,92,0x20003a48,14920,UartTxTask,"[14920, 3758096384, 20, 1]"
183435,7561562.717592592,92,0x200080a0,32928,UartTxTask,"[32928, 3758096384, 0, 1]"
183440,7570781.310185186,90,0x20003a48,14920,TelemetryTask,"[14920, 536908656, 200, 0]"
183444,7570824.449074074,92,0x20003a48,14920,UartTxTask,"[14920, 3758096384, 20, 1]"
183449,7571561.611111111,92,0x200080a0,32928,UartTxTask,"[32928, 3758096384, 0, 1]"
183454,7580781.560185186,90,0x20003a48,14920,TelemetryTask,"[14920, 536908656, 200, 0]"
183458,7580824.157407408,92,0x20003a48,14920,UartTxTask,"[14920, 3758096384, 20, 1]"
183463,7581560.75462963,92,0x200080a0,32928,UartTxTask,"[32928, 3758096384, 0, 1]"
183468,7590780.856481481,90,0x20003a48,14920,TelemetryTask,"[14920, 536908656, 200, 0]"
183472,7590824.185185186,92,0x20003a48,14920,UartTxTask,"[14920, 3758096384, 20, 1]"
183477,7591561.175925926,92,0x200080a0,32928,UartTxTask,"[32928, 3758096384, 0, 1]"
183482,7600781.074074074,90,0x20003a48,14920,TelemetryTask,"[14920, 536908656, 200, 0]"
183486,7600823.587962963,92,0x20003a48,14920,UartTxTask,"[14920, 3758096384, 20, 1]"
183491,7601560.912037037,92,0x200080a0,32928,UartTxTask,"[32928, 3758096384, 0, 1]"
183496,7610782.12037037,90,0x20003a48,14920,TelemetryTask,"[14920, 536908656, 200, 0]"
183500,7610824.833333333,92,0x20003a48,14920,UartTxTask,"[14920, 3758096384, 20, 1]"
183505,7611561.513888889,92,0x200080a0,32928,UartTxTask,"[32928, 3758096384, 0, 1]"
183510,7620781.032407408,90,0x20003a48,14920,TelemetryTask,"[14920, 536908656, 200, 0]"
183514,7620824.583333333,92,0x20003a48,14920,UartTxTask,"[14920, 3758096384, 20, 1]"
183519,7621561.513888889,92,0x200080a0,32928,UartTxTask,"[32928, 3758096384, 0, 1]"
183524,7630781.064814814,90,0x20003a48,14920,TelemetryTask,"[14920, 536908656, 200, 0]"
183528,7630823.87962963,92,0x20003a48,14920,UartTxTask,"[14920, 3758096384, 20, 1]"
183533,7631560.717592592,92,0x200080a0,32928,UartTxTask,"[32928, 3758096384, 0, 1]"
183538,7640780.907407408,90,0x20003a48,14920,TelemetryTask,"[14920, 536908656, 200, 0]"
183542,7640824.638888889,92,0x20003a48,14920,UartTxTask,"[14920, 3758096384, 20, 1]"
183547,7641561.768518519,92,0x200080a0,32928,UartTxTask,"[32928, 3758096384, 0, 1]"
183552,7650781.291666667,90,0x20003a48,14920,TelemetryTask,"[14920, 536908656, 200, 0]"
183556,7650825.074074074,92,0x20003a48,14920,UartTxTask,"[14920, 3758096384, 20, 1]"
183561,7651562.273148148,92,0x200080a0,32928,UartTxTask,"[32928, 3758096384, 0, 1]"
183566,7660781.912037037,90,0x20003a48,14920,TelemetryTask,"[14920, 536908656, 200, 0]"
183570,7660824.712962963,92,0x20003a48,14920,UartTxTask,"[14920, 3758096384, 20, 1]"
183575,7661561.75,92,0x200080a0,32928,UartTxTask,"[32928, 3758096384, 0, 1]"
183580,7670781.023148148,90,0x20003a48,14920,TelemetryTask,"[14920, 536908656, 200, 0]"
183584,7670824.305555556,92,0x20003a48,14920,UartTxTask,"[14920, 3758096384, 20, 1]"
183589,7671561.384259259,92,0x200080a0,32928,UartTxTask,"[32928, 3758096384, 0, 1]"
183594,7680782.069444444,90,0x20003a48,14920,TelemetryTask,"[14920, 536908656, 200, 0]"
183598,7680824.611111111,92,0x20003a48,14920,UartTxTask,"[14920, 3758096384, 20, 1]"
183603,7681561.240740741,92,0x200080a0,32928,UartTxTask,"[32928, 3758096384, 0, 1]"
183608,7690780.467592592,90,0x20003a48,14920,TelemetryTask,"[14920, 536908656, 200, 0]"
183612,7690823.296296297,92,0x20003a48,14920,UartTxTask,"[14920, 3758096384, 20, 1]"
183617,7691560.185185186,92,0x200080a0,32928,UartTxTask,"[32928, 3758096384, 0, 1]"
183622,7700780.953703703,90,0x20003a48,14920,TelemetryTask,"[14920, 536908656, 200, 0]"
183626,7700824.12037037,92,0x20003a48,14920,UartTxTask,"[14920, 3758096384, 20, 1]"
183631,7701560.898148148,92,0x200080a0,32928,UartTxTask,"[32928, 3758096384, 0, 1]"
183636,7710781.564814814,90,0x20003a48,14920,TelemetryTask,"[14920, 536908656, 200, 0]"
183640,7710824.62037037,92,0x20003a48,14920,UartTxTask,"[14920, 3758096384, 20, 1]"
183645,7711561.736111111,92,0x200080a0,32928,UartTxTask,"[32928, 3758096384, 0, 1]"
183650,7720780.939814814,90,0x20003a48,14920,TelemetryTask,"[14920, 536908656, 200, 0]"
183654,7720823.601851852,92,0x20003a48,14920,UartTxTask,"[14920, 3758096384, 20, 1]"
183659,7721560.49537037,92,0x200080a0,32928,UartTxTask,"[32928, 3758096384, 0, 1]"
183664,7730781.444444444,90,0x20003a48,14920,TelemetryTask,"[14920, 536908656, 200, 0]"
183668,7730824.865740741,92,0x20003a48,14920,UartTxTask,"[14920, 3758096384, 20, 1]"
183673,7731562.00462963,92,0x200080a0,32928,UartTxTask,"[32928, 3758096384, 0, 1]"
183678,7740781.875,90,0x20003a48,14920,TelemetryTask,"[14920, 536908656, 200, 0]"
183682,7740825.138888889,92,0x20003a48,14920,UartTxTask,"[14920, 3758096384, 20, 1]"
183687,7741562.49537037,92,0x200080a0,32928,UartTxTask,"[32928, 3758096384, 0, 1]"
183692,7750781.324074074,90,0x20003a48,14920,TelemetryTask,"[14920, 536908656, 200, 0]"
183696,7750825.041666667,92,0x20003a48,14920,UartTxTask,"[14920, 3758096384, 20, 1]"
183701,7751561.981481481,92,0x200080a0,32928,UartTxTask,"[32928, 3758096384, 0, 1]"
183706,7760780.740740741,90,0x20003a48,14920,TelemetryTask,"[14920, 536908656, 200, 0]"
183710,7760824.037037037,92,0x20003a48,14920,UartTxTask,"[14920, 3758096384, 20, 1]"
183715,7761561.356481481,92,0x200080a0,32928,UartTxTask,"[32928, 3758096384, 0, 1]"
183720,7770781.356481481,90,0x20003a48,14920,TelemetryTask,"[14920, 536908656, 200, 0]"
183724,7770825.162037037,92,0x20003a48,14920,UartTxTask,"[14920, 3758096384, 20, 1]"
183729,7771562.277777778,92,0x200080a0,32928,UartTxTask,"[32928, 3758096384, 0, 1]"
183734,7780781.060185186,90,0x20003a48,14920,TelemetryTask,"[14920, 536908656, 200, 0]"
183738,7780823.953703703,92,0x20003a48,14920,UartTxTask,"[14920, 3758096384, 20, 1]"
183743,7781560.828703703,92,0x200080a0,32928,UartTxTask,"[32928, 3758096384, 0, 1]"
183748,7790780.986111111,90,0x20003a48,14920,TelemetryTask,"[14920, 536908656, 200, 0]"
183752,7790823.916666667,92,0x20003a48,14920,UartTxTask,"[14920, 3758096384, 20, 1]"
183757,7791561.328703703,92,0x200080a0,32928,UartTxTask,"[32928, 3758096384, 0, 1]"
183762,7800782.060185186,90,0x20003a48,14920,TelemetryTask,"[14920, 536908656, 200, 0]"
183766,7800824.75462963,92,0x20003a48,14920,UartTxTask,"[14920, 3758096384, 20, 1]"
183771,7801561.875,92,0x200080a0,32928,UartTxTask,"[32928, 3758096384, 0, 1]"
183776,7810780.541666667,90,0x20003a48,14920,TelemetryTask,"[14920, 536908656, 200, 0]"
183780,7810823.393518519,92,0x20003a48,14920,UartTxTask,"[14920, 3758096384, 20, 1]"
183785,7811560.509259259,92,0x200080a0,32928,UartTxTask,"[32928, 3758096384, 0, 1]"
183790,7820782.226851852,90,0x20003a48,14920,TelemetryTask,"[14920, 536908656, 200, 0]"
183794,7820825.583333333,92,0x20003a48,14920,UartTxTask,"[14920, 3758096384, 20, 1]"
183799,7821562.143518519,92,0x200080a0,32928,UartTxTask,"[32928, 3758096384, 0, 1]"
183804,7830781.856481481,90,0x20003a48,14920,TelemetryTask,"[14920, 536908656, 200, 0]"
183808,7830825.12962963,92,0x20003a48,14920,UartTxTask,"[14920, 3758096384, 20, 1]"
183813,7831562.185185186,92,0x200080a0,32928,UartTxTask,"[32928, 3758096384, 0, 1]"
183818,7840781.25462963,90,0x20003a48,14920,TelemetryTask,"[14920, 536908656, 200, 0]"
183822,7840824.476851852,92,0x20003a48,14920,UartTxTask,"[14920, 3758096384, 20, 1]"
183827,7841561.194444444,92,0x200080a0,32928,UartTxTask,"[32928, 3758096384, 0, 1]"
183832,7850782.217592592,90,0x20003a48,14920,TelemetryTask,"[14920, 536908656, 200, 0]"
183836,7850824.99537037,92,0x20003a48,14920,UartTxTask,"[14920, 3758096384, 20, 1]"
183841,7851562.685185186,92,0x200080a0,32928,UartTxTask,"[32928, 3758096384, 0, 1]"
183846,7860781.134259259,90,0x20003a48,14920,TelemetryTask,"[14920, 536908656, 200, 0]"
183850,7860824.462962963,92,0x20003a48,14920,UartTxTask,"[14920, 3758096384, 20, 1]"
183855,7861561.458333333,92,0x200080a0,32928,UartTxTask,"[32928, 3758096384, 0, 1]"
183860,7870781.097222222,90,0x20003a48,14920,TelemetryTask,"[14920, 536908656, 200, 0]"
183864,7870823.958333333,92,0x20003a48,14920,UartTxTask,"[14920, 3758096384, 20, 1]"
183869,7871561.0,92,0x200080a0,32928,UartTxTask,"[32928, 3758096384, 0, 1]"
183874,7880781.685185186,90,0x20003a48,14920,TelemetryTask,"[14920, 536908656, 200, 0]"
183878,7880825.199074074,92,0x20003a48,14920,UartTxTask,"[14920, 3758096384, 20, 1]"
183883,7881562.638888889,92,0x200080a0,32928,UartTxTask,"[32928, 3758096384, 0, 1]"
183888,7890781.986111111,90,0x20003a48,14920,TelemetryTask,"[14920, 536908656, 200, 0]"
183892,7890825.009259259,92,0x20003a48,14920,UartTxTask,"[14920, 3758096384, 20, 1]"
183897,7891561.569444444,92,0x200080a0,32928,UartTxTask,"[32928, 3758096384, 0, 1]"
183902,7900782.143518519,90,0x20003a48,14920,TelemetryTask,"[14920, 536908656, 200, 0]"
183906,7900824.726851852,92,0x20003a48,14920,UartTxTask,"[14920, 3758096384, 20, 1]"
183911,7901561.782407408,92,0x200080a0,32928,UartTxTask,"[32928, 3758096384, 0, 1]"
183916,7910780.930555556,90,0x20003a48,14920,TelemetryTask,"[14920, 536908656, 200, 0]"
183920,7910824.412037037,92,0x20003a48,14920,UartTxTask,"[14920, 3758096384, 20, 1]"
183925,7911560.87037037,92,0x200080a0,32928,UartTxTask,"[32928, 3758096384, 0, 1]"
183930,7920780.342592592,90,0x20003a48,14920,TelemetryTask,"[14920, 536908656, 200, 0]"
183934,7920823.481481481,92,0x20003a48,14920,UartTxTask,"[14920, 3758096384, 20, 1]"
183939,7921560.388888889,92,0x200080a0,32928,UartTxTask,"[32928, 3758096384, 0, 1]"
183944,7930781.087962963,90,0x20003a48,14920,TelemetryTask,"[14920, 536908656, 200, 0]"
183948,7930824.342592592,92,0x20003a48,14920,UartTxTask,"[14920, 3758096384, 20, 1]"
183953,7931561.277777778,92,0x200080a0,32928,UartTxTask,"[32928, 3758096384, 0, 1]"
183958,7940781.541666667,90,0x20003a48,14920,TelemetryTask,"[14920, 536908656, 200, 0]"
183962,7940824.949074074,92,0x20003a48,14920,UartTxTask,"[14920, 3758096384, 20, 1]"
183967,7941562.537037037,92,0x200080a0,32928,UartTxTask,"[32928, 3758096384, 0, 1]"
183972,7950781.87037037,90,0x20003a48,14920,TelemetryTask,"[14920, 536908656, 200, 0]"
183976,7950824.902777778,92,0x20003a48,14920,UartTxTask,"[14920, 3758096384, 20, 1]"
183981,7951562.319444444,92,0x200080a0,32928,UartTxTask,"[32928, 3758096384, 0, 1]"
183986,7960781.898148148,90,0x20003a48,14920,TelemetryTask,"[14920, 536908656, 200, 0]"
183990,7960825.412037037,92,0x20003a48,14920,UartTxTask,"[14920, 3758096384, 20, 1]"
183995,7961563.060185186,92,0x200080a0,32928,UartTxTask,"[32928, 3758096384, 0, 1]"
184000,7970780.708333333,90,0x20003a48,14920,TelemetryTask,"[14920, 536908656, 200, 0]"
184004,7970824.157407408,92,0x20003a48,14920,UartTxTask,"[14920, 3758096384, 20, 1]"
184009,7971561.467592592,92,0x200080a0,32928,UartTxTask,"[32928, 3758096384, 0, 1]"
184014,7980781.708333333,90,0x20003a48,14920,TelemetryTask,"[14920, 536908656, 200, 0]"
184018,7980824.203703703,92,0x20003a48,14920,UartTxTask,"[14920, 3758096384, 20, 1]"
184023,7981561.467592592,92,0x200080a0,32928,UartTxTask,"[32928, 3758096384, 0, 1]"
184028,7990782.013888889,90,0x20003a48,14920,TelemetryTask,"[14920, 536908656, 200, 0]"
184032,7990825.189814814,92,0x20003a48,14920,UartTxTask,"[14920, 3758096384, 20, 1]"
184037,7991562.486111111,92,0x200080a0,32928,UartTxTask,"[32928, 3758096384, 0, 1]"
184042,8000781.509259259,90,0x20003a48,14920,TelemetryTask,"[14920, 536908656, 200, 0]"
184046,8000824.606481481,92,0x20003a48,14920,UartTxTask,"[14920, 3758096384, 20, 1]"
184051,8001561.527777778,92,0x200080a0,32928,UartTxTask,"[32928, 3758096384, 0, 1]"
184056,8010780.685185186,90,0x20003a48,14920,TelemetryTask,"[14920, 536908656, 200, 0]"
184060,8010824.25,92,0x20003a48,14920,UartTxTask,"[14920, 3758096384, 20, 1]"
184065,8011561.416666667,92,0x200080a0,32928,UartTxTask,"[32928, 3758096384, 0, 1]"
184070,8020781.472222222,90,0x20003a48,14920,TelemetryTask,"[14920, 536908656, 200, 0]"
184074,8020825.009259259,92,0x20003a48,14920,UartTxTask,"[14920, 3758096384, 20, 1]"
184079,8021561.842592592,92,0x200080a0,32928,UartTxTask,"[32928, 3758096384, 0, 1]"
184084,8030781.597222222,90,0x20003a48,14920,TelemetryTask,"[14920, 536908656, 200, 0]"
184088,8030824.143518519,92,0x20003a48,14920,UartTxTask,"[14920, 3758096384, 20, 1]"
184093,8031560.87962963,92,0x200080a0,32928,UartTxTask,"[32928, 3758096384, 0, 1]"
184098,8040781.263888889,90,0x20003a48,14920,TelemetryTask,"[14920, 536908656, 200, 0]"
184102,8040824.625,92,0x20003a48,14920,UartTxTask,"[14920, 3758096384, 20, 1]"
184107,8041561.708333333,92,0x200080a0,32928,UartTxTask,"[32928, 3758096384, 0, 1]"
184112,8050780.953703703,90,0x20003a48,14920,TelemetryTask,"[14920, 536908656, 200, 0]"
184116,8050824.527777778,92,0x20003a48,14920,UartTxTask,"[14920, 3758096384, 20, 1]"
184121,8051561.643518519,92,0x200080a0,32928,UartTxTask,"[32928, 3758096384, 0, 1]"
184126,8060780.685185186,90,0x20003a48,14920,TelemetryTask,"[14920, 536908656, 200, 0]"
184130,8060823.791666667,92,0x20003a48,14920,UartTxTask,"[14920, 3758096384, 20, 1]"
184135,8061560.861111111,92,0x200080a0,32928,UartTxTask,"[32928, 3758096384, 0, 1]"
184140,8070781.199074074,90,0x20003a48,14920,TelemetryTask,"[14920, 536908656, 200, 0]"
184144,8070824.523148148,92,0x20003a48,14920,UartTxTask,"[14920, 3758096384, 20, 1]"
184149,8071562.166666667,92,0x200080a0,32928,UartTxTask,"[32928, 3758096384, 0, 1]"
184154,8080781.569444444,90,0x20003a48,14920,TelemetryTask,"[14920, 536908656, 200, 0]"
184158,8080824.925925926,92,0x20003a48,14920,UartTxTask,"[14920, 3758096384, 20, 1]"
184163,8081562.023148148,92,0x200080a0,32928,UartTxTask,"[32928, 3758096384, 0, 1]"
184168,8090781.861111111,90,0x20003a48,14920,TelemetryTask,"[14920, 536908656, 200, 0]"
184172,8090824.671296297,92,0x20003a48,14920,UartTxTask,"[14920, 3758096384, 20, 1]"
184177,8091561.74537037,92,0x200080a0,32928,UartTxTask,"[32928, 3758096384, 0, 1]"
184182,8100782.166666667,90,0x20003a48,14920,TelemetryTask,"[14920, 536908656, 200, 0]"
184186,8100825.180555556,92,0x20003a48,14920,UartTxTask,"[14920, 3758096384, 20, 1]"
184191,8101562.467592592,92,0x200080a0,32928,UartTxTask,"[32928, 3758096384, 0, 1]"
184196,8110781.199074074,90,0x20003a48,14920,TelemetryTask,"[14920, 536908656, 200, 0]"
184200,8110823.62962963,92,0x20003a48,14920,UartTxTask,"[14920, 3758096384, 20, 1]"
184205,8111560.467592592,92,0x200080a0,32928,UartTxTask,"[32928, 3758096384, 0, 1]"
184210,8120780.777777778,90,0x20003a48,14920,TelemetryTask,"[14920, 536908656, 200, 0]"
184214,8120824.87962963,92,0x20003a48,14920,UartTxTask,"[14920, 3758096384, 20, 1]"
184219,8121561.689814814,92,0x200080a0,32928,UartTxTask,"[32928, 3758096384, 0, 1]"
184224,8130781.875,90,0x20003a48,14920,TelemetryTask,"[14920, 536908656, 200, 0]"
184228,8130825.444444444,92,0x20003a48,14920,UartTxTask,"[14920, 3758096384, 20, 1]"
184233,8131562.143518519,92,0x200080a0,32928,UartTxTask,"[32928, 3758096384, 0, 1]"
184238,8140781.0,90,0x20003a48,14920,TelemetryTask,"[14920, 536908656, 200, 0]"
184242,8140823.972222222,92,0x20003a48,14920,UartTxTask,"[14920, 3758096384, 20, 1]"
184247,8141561.111111111,92,0x200080a0,32928,UartTxTask,"[32928, 3758096384, 0, 1]"
184252,8150781.277777778,90,0x20003a48,14920,TelemetryTask,"[14920, 536908656, 200, 0]"
184256,8150824.375,92,0x20003a48,14920,UartTxTask,"[14920, 3758096384, 20, 1]"
184261,8151561.458333333,92,0x200080a0,32928,UartTxTask,"[32928, 3758096384, 0, 1]"
184266,8160781.527777778,90,0x20003a48,14920,TelemetryTask,"[14920, 536908656, 200, 0]"
184270,8160825.189814814,92,0x20003a48,14920,UartTxTask,"[14920, 3758096384, 20, 1]"
184275,8161562.592592592,92,0x200080a0,32928,UartTxTask,"[32928, 3758096384, 0, 1]"
184280,8170780.268518519,90,0x20003a48,14920,TelemetryTask,"[14920, 536908656, 200, 0]"
184284,8170823.393518519,92,0x20003a48,14920,UartTxTask,"[14920, 3758096384, 20, 1]"
184289,8171560.199074074,92,0x200080a0,32928,UartTxTask,"[32928, 3758096384, 0, 1]"
184294,8180780.828703703,90,0x20003a48,14920,TelemetryTask,"[14920, 536908656, 200, 0]"
184298,8180823.75,92,0x20003a48,14920,UartTxTask,"[14920, 3758096384, 20, 1]"
184303,8181560.689814814,92,0x200080a0,32928,UartTxTask,"[32928, 3758096384, 0, 1]"
184308,8190781.37962963,90,0x20003a48,14920,TelemetryTask,"[14920, 536908656, 200, 0]"
184312,8190824.337962963,92,0x20003a48,14920,UartTxTask,"[14920, 3758096384, 20, 1]"
184317,8191561.037037037,92,0x200080a0,32928,UartTxTask,"[32928, 3758096384, 0, 1]"
184322,8200780.731481481,90,0x20003a48,14920,TelemetryTask,"[14920, 536908656, 200, 0]"
184326,8200823.87037037,92,0x20003a48,14920,UartTxTask,"[14920, 3758096384, 20, 1]"
184331,8201560.611111111,92,0x200080a0,32928,UartTxTask,"[32928, 3758096384, 0, 1]"
184336,8210781.162037037,90,0x20003a48,14920,TelemetryTask,"[14920, 536908656, 200, 0]"
184340,8210824.282407408,92,0x20003a48,14920,UartTxTask,"[14920, 3758096384, 20, 1]"
184345,8211561.060185186,92,0x200080a0,32928,UartTxTask,"[32928, 3758096384, 0, 1]"
184350,8220781.064814814,90,0x20003a48,14920,TelemetryTask,"[14920, 536908656, 200, 0]"
184354,8220823.958333333,92,0x20003a48,14920,UartTxTask,"[14920, 3758096384, 20, 1]"
184359,8221560.328703703,92,0x200080a0,32928,UartTxTask,"[32928, 3758096384, 0, 1]"
184364,8230781.319444444,90,0x20003a48,14920,TelemetryTask,"[14920, 536908656, 200, 0]"
184368,8230824.527777778,92,0x20003a48,14920,UartTxTask,"[14920, 3758096384, 20, 1]"
184373,8231561.699074074,92,0x200080a0,32928,UartTxTask,"[32928, 3758096384, 0, 1]"
184378,8240782.625,90,0x20003a48,14920,TelemetryTask,"[14920, 536908656, 200, 0]"
184382,8240826.296296297,92,0x20003a48,14920,UartTxTask,"[14920, 3758096384, 20, 1]"
184387,8241562.712962963,92,0x200080a0,32928,UartTxTask,"[32928, 3758096384, 0, 1]"
184392,8250782.384259259,90,0x20003a48,14920,TelemetryTask,"[14920, 536908656, 200, 0]"
184396,8250825.226851852,92,0x20003a48,14920,UartTxTask,"[14920, 3758096384, 20, 1]"
184401,8251562.194444444,92,0x200080a0,32928,UartTxTask,"[32928, 3758096384, 0, 1]"
184406,8260781.49537037,90,0x20003a48,14920,TelemetryTask,"[14920, 536908656, 200, 0]"
184410,8260824.342592592,92,0x20003a48,14920,UartTxTask,"[14920, 3758096384, 20, 1]"
184415,8261562.402777778,92,0x200080a0,32928,UartTxTask,"[32928, 3758096384, 0, 1]"
184420,8270781.805555556,90,0x20003a48,14920,TelemetryTask,"[14920, 536908656, 200, 0]"
184424,8270825.240740741,92,0x20003a48,14920,UartTxTask,"[14920, 3758096384, 20, 1]"
184429,8271562.407407408,92,0x200080a0,32928,UartTxTask,"[32928, 3758096384, 0, 1]"
184434,8280781.134259259,90,0x20003a48,14920,TelemetryTask,"[14920, 536908656, 200, 0]"
184438,8280823.935185186,92,0x20003a48,14920,UartTxTask,"[14920, 3758096384, 20, 1]"
184443,8281560.787037037,92,0x200080a0,32928,UartTxTask,"[32928, 3758096384, 0, 1]"
184448,8290781.606481481,90,0x20003a48,14920,TelemetryTask,"[14920, 536908656, 200, 0]"
184452,8290824.884259259,92,0x20003a48,14920,UartTxTask,"[14920, 3758096384, 20, 1]"
184457,8291562.273148148,92,0x200080a0,32928,UartTxTask,"[32928, 3758096384, 0, 1]"
184462,8300780.777777778,90,0x20003a48,14920,TelemetryTask,"[14920, 536908656, 200, 0]"
184466,8300823.814814814,92,0x20003a48,14920,UartTxTask,"[14920, 3758096384, 20, 1]"
184471,8301560.953703703,92,0x200080a0,32928,UartTxTask,"[32928, 3758096384, 0, 1]"
184476,8310780.546296297,90,0x20003a48,14920,TelemetryTask,"[14920, 536908656, 200, 0]"
184480,8310823.398148148,92,0x20003a48,14920,UartTxTask,"[14920, 3758096384, 20, 1]"
184485,8311560.222222222,92,0x200080a0,32928,UartTxTask,"[32928, 3758096384, 0, 1]"
184490,8320781.865740741,90,0x20003a48,14920,TelemetryTask,"[14920, 536908656, 200, 0]"
184494,8320824.805555556,92,0x20003a48,14920,UartTxTask,"[14920, 3758096384, 20, 1]"
184499,8321561.666666667,92,0x200080a0,32928,UartTxTask,"[32928, 3758096384, 0, 1]"
184504,8330780.884259259,90,0x20003a48,14920,TelemetryTask,"[14920, 536908656, 200, 0]"
184508,8330823.722222222,92,0x20003a48,14920,UartTxTask,"[14920, 3758096384, 20, 1]"
184513,8331561.310185186,92,0x200080a0,32928,UartTxTask,"[32928, 3758096384, 0, 1]"
184518,8340780.925925926,90,0x20003a48,14920,TelemetryTask,"[14920, 536908656, 200, 0]"
184522,8340824.032407408,92,0x20003a48,14920,UartTxTask,"[14920, 3758096384, 20, 1]"
184527,8341560.902777778,92,0x200080a0,32928,UartTxTask,"[32928, 3758096384, 0, 1]"
184532,8350781.643518519,90,0x20003a48,14920,TelemetryTask,"[14920, 536908656, 200, 0]"
184536,8350824.462962963,92,0x20003a48,14920,UartTxTask,"[14920, 3758096384, 20, 1]"
184541,8351561.046296297,92,0x200080a0,32928,UartTxTask,"[32928, 3758096384, 0, 1]"
184546,8360780.550925926,90,0x20003a48,14920,TelemetryTask,"[14920, 536908656, 200, 0]"
184550,8360823.583333333,92,0x20003a48,14920,UartTxTask,"[14920, 3758096384, 20, 1]"
184555,8361560.439814814,92,0x200080a0,32928,UartTxTask,"[32928, 3758096384, 0, 1]"
184560,8370781.925925926,90,0x20003a48,14920,TelemetryTask,"[14920, 536908656, 200, 0]"
184564,8370824.648148148,92,0x20003a48,14920,UartTxTask,"[14920, 3758096384, 20, 1]"
184569,8371561.5,92,0x200080a0,32928,UartTxTask,"[32928, 3758096384, 0, 1]"
184574,8380782.296296297,90,0x20003a48,14920,TelemetryTask,"[14920, 536908656, 200, 0]"
184578,8380825.430555556,92,0x20003a48,14920,UartTxTask,"[14920, 3758096384, 20, 1]"
184583,8381562.157407408,92,0x200080a0,32928,UartTxTask,"[32928, 3758096384, 0, 1]"
184588,8390780.833333334,90,0x20003a48,14920,TelemetryTask,"[14920, 536908656, 200, 0]"
184592,8390823.967592593,92,0x20003a48,14920,UartTxTask,"[14920, 3758096384, 20, 1]"
184597,8391560.61574074,92,0x200080a0,32928,UartTxTask,"[32928, 3758096384, 0, 1]"
184602,8400781.787037037,90,0x20003a48,14920,TelemetryTask,"[14920, 536908656, 200, 0]"
184606,8400824.671296297,92,0x20003a48,14920,UartTxTask,"[14920, 3758096384, 20, 1]"
184611,8401560.856481481,92,0x200080a0,32928,UartTxTask,"[32928, 3758096384, 0, 1]"
184616,8410780.708333334,90,0x20003a48,14920,TelemetryTask,"[14920, 536908656, 200, 0]"
184620,8410824.75,92,0x20003a48,14920,UartTxTask,"[14920, 3758096384, 20, 1]"
184625,8411561.611111112,92,0x200080a0,32928,UartTxTask,"[32928, 3758096384, 0, 1]"
184630,8420781.300925925,90,0x20003a48,14920,TelemetryTask,"[14920, 536908656, 200, 0]"
184634,8420824.393518519,92,0x20003a48,14920,UartTxTask,"[14920, 3758096384, 20, 1]"
184639,8421560.967592593,92,0x200080a0,32928,UartTxTask,"[32928, 3758096384, 0, 1]"
184644,8430781.287037037,90,0x20003a48,14920,TelemetryTask,"[14920, 536908656, 200, 0]"
184648,8430823.675925925,92,0x20003a48,14920,UartTxTask,"[14920, 3758096384, 20, 1]"
184653,8431560.287037037,92,0x200080a0,32928,UartTxTask,"[32928, 3758096384, 0, 1]"
184658,8440781.36574074,90,0x20003a48,14920,TelemetryTask,"[14920, 536908656, 200, 0]"
184662,8440824.472222222,92,0x20003a48,14920,UartTxTask,"[14920, 3758096384, 20, 1]"
184667,8441561.564814815,92,0x200080a0,32928,UartTxTask,"[32928, 3758096384, 0, 1]"
184672,8450781.24074074,90,0x20003a48,14920,TelemetryTask,"[14920, 536908656, 200, 0]"
184676,8450824.513888888,92,0x20003a48,14920,UartTxTask,"[14920, 3758096384, 20, 1]"
184681,8451561.796296297,92,0x200080a0,32928,UartTxTask,"[32928, 3758096384, 0, 1]"
184686,8460781.935185185,90,0x20003a48,14920,TelemetryTask,"[14920, 536908656, 200, 0]"
184690,8460825.708333334,92,0x20003a48,14920,UartTxTask,"[14920, 3758096384, 20, 1]"
184695,8461562.787037037,92,0x200080a0,32928,UartTxTask,"[32928, 3758096384, 0, 1]"
184700,8470781.120370371,90,0x20003a48,14920,TelemetryTask,"[14920, 536908656, 200, 0]"
184704,8470824.0,92,0x20003a48,14920,UartTxTask,"[14920, 3758096384, 20, 1]"
184709,8471560.708333334,92,0x200080a0,32928,UartTxTask,"[32928, 3758096384, 0, 1]"
184714,8480782.458333334,90,0x20003a48,14920,TelemetryTask,"[14920, 536908656, 200, 0]"
184718,8480825.629629629,92,0x20003a48,14920,UartTxTask,"[14920, 3758096384, 20, 1]"
184723,8481562.592592593,92,0x200080a0,32928,UartTxTask,"[32928, 3758096384, 0, 1]"
184728,8490781.638888888,90,0x20003a48,14920,TelemetryTask,"[14920, 536908656, 200, 0]"
184732,8490824.879629629,92,0x20003a48,14920,UartTxTask,"[14920, 3758096384, 20, 1]"
184737,8491561.935185185,92,0x200080a0,32928,UartTxTask,"[32928, 3758096384, 0, 1]"
184742,8500781.787037037,90,0x20003a48,14920,TelemetryTask,"[14920, 536908656, 200, 0]"
184746,8500825.254629629,92,0x20003a48,14920,UartTxTask,"[14920, 3758096384, 20, 1]"
184751,8501561.671296297,92,0x200080a0,32928,UartTxTask,"[32928, 3758096384, 0, 1]"
184756,8510781.805555556,90,0x20003a48,14920,TelemetryTask,"[14920, 536908656, 200, 0]"
184760,8510825.00925926,92,0x20003a48,14920,UartTxTask,"[14920, 3758096384, 20, 1]"
184765,8511562.120370371,92,0x200080a0,32928,UartTxTask,"[32928, 3758096384, 0, 1]"
184770,8520782.375,90,0x20003a48,14920,TelemetryTask,"[14920, 536908656, 200, 0]"
184774,8520825.25925926,92,0x20003a48,14920,UartTxTask,"[14920, 3758096384, 20, 1]"
184779,8521562.300925925,92,0x200080a0,32928,UartTxTask,"[32928, 3758096384, 0, 1]"
184784,8530781.550925925,90,0x20003a48,14920,TelemetryTask,"[14920, 536908656, 200, 0]"
184788,8530824.995370371,92,0x20003a48,14920,UartTxTask,"[14920, 3758096384, 20, 1]"
184793,8531561.777777778,92,0x200080a0,32928,UartTxTask,"[32928, 3758096384, 0, 1]"
184798,8540782.36574074,90,0x20003a48,14920,TelemetryTask,"[14920, 536908656, 200, 0]"
184802,8540825.569444444,92,0x20003a48,14920,UartTxTask,"[14920, 3758096384, 20, 1]"
184807,8541562.606481481,92,0x200080a0,32928,UartTxTask,"[32928, 3758096384, 0, 1]"
184812,8550781.328703703,90,0x20003a48,14920,TelemetryTask,"[14920, 536908656, 200, 0]"
184816,8550824.416666666,92,0x20003a48,14920,UartTxTask,"[14920, 3758096384, 20, 1]"
184821,8551561.611111112,92,0x200080a0,32928,UartTxTask,"[32928, 3758096384, 0, 1]"
184826,8560782.430555556,90,0x20003a48,14920,TelemetryTask,"[14920, 536908656, 200, 0]"
184830,8560825.856481481,92,0x20003a48,14920,UartTxTask,"[14920, 3758096384, 20, 1]"
184835,8561562.685185185,92,0x200080a0,32928,UartTxTask,"[32928, 3758096384, 0, 1]"
184840,8570781.287037037,90,0x20003a48,14920,TelemetryTask,"[14920, 536908656, 200, 0]"
184844,8570824.75,92,0x20003a48,14920,UartTxTask,"[14920, 3758096384, 20, 1]"
184849,8571560.967592593,92,0x200080a0,32928,UartTxTask,"[32928, 3758096384, 0, 1]"
184854,8580781.217592593,90,0x20003a48,14920,TelemetryTask,"[14920, 536908656, 200, 0]"
184858,8580824.319444444,92,0x20003a48,14920,UartTxTask,"[14920, 3758096384, 20, 1]"
184863,8581561.453703703,92,0x200080a0,32928,UartTxTask,"[32928, 3758096384, 0, 1]"
184868,8590781.412037037,90,0x20003a48,14920,TelemetryTask,"[14920, 536908656, 200, 0]"
184872,8590824.157407407,92,0x20003a48,14920,UartTxTask,"[14920, 3758096384, 20, 1]"
184877,8591561.592592593,92,0x200080a0,32928,UartTxTask,"[32928, 3758096384, 0, 1]"
184882,8600781.768518519,90,0x20003a48,14920,TelemetryTask,"[14920, 536908656, 200, 0]"
184886,8600824.902777778,92,0x20003a48,14920,UartTxTask,"[14920, 3758096384, 20, 1]"
184891,8601561.837962963,92,0x200080a0,32928,UartTxTask,"[32928, 3758096384, 0, 1]"
184896,8610781.657407407,90,0x20003a48,14920,TelemetryTask,"[14920, 536908656, 200, 0]"
184900,8610825.388888888,92,0x20003a48,14920,UartTxTask,"[14920, 3758096384, 20, 1]"
184905,8611562.291666666,92,0x200080a0,32928,UartTxTask,"[32928, 3758096384, 0, 1]"
184910,8620781.379629629,90,0x20003a48,14920,TelemetryTask,"[14920, 536908656, 200, 0]"
184914,8620824.356481481,92,0x20003a48,14920,UartTxTask,"[14920, 3758096384, 20, 1]"
184919,8621561.537037037,92,0x200080a0,32928,UartTxTask,"[32928, 3758096384, 0, 1]"
184924,8630782.685185185,90,0x20003a48,14920,TelemetryTask,"[14920, 536908656, 200, 0]"
184928,8630826.287037037,92,0x20003a48,14920,UartTxTask,"[14920, 3758096384, 20, 1]"
184933,8631564.013888888,92,0x200080a0,32928,UartTxTask,"[32928, 3758096384, 0, 1]"
184937,8636874.046296297,96,0x20003970,14704,ISR#56,"[14704, 537198440]"
184941,8636909.166666666,92,0x20003970,14704,ButtonTask,"[14704, 3758096384, 4294967295, 1]"
184942,8637009.893518519,90,0x20003a48,14920,ButtonTask,"[14920, 536906932, 200, 0]"
184946,8637057.953703703,92,0x20003a48,14920,UartTxTask,"[14920, 3758096384, 20, 1]"
184951,8637792.86574074,92,0x200080a0,32928,UartTxTask,"[32928, 3758096384, 0, 1]"
184956,8640781.157407407,90,0x20003a48,14920,TelemetryTask,"[14920, 536908656, 200, 0]"
184960,8640824.092592593,92,0x20003a48,14920,UartTxTask,"[14920, 3758096384, 20, 1]"
184965,8641561.166666666,92,0x200080a0,32928,UartTxTask,"[32928, 3758096384, 0, 1]"
184970,8650782.226851853,90,0x20003a48,14920,TelemetryTask,"[14920, 536908656, 200, 0]"
184974,8650825.245370371,92,0x20003a48,14920,UartTxTask,"[14920, 3758096384, 20, 1]"
184979,8651562.083333334,92,0x200080a0,32928,UartTxTask,"[32928, 3758096384, 0, 1]"
184984,8660781.287037037,90,0x20003a48,14920,TelemetryTask,"[14920, 536908656, 200, 0]"
184988,8660824.069444444,92,0x20003a48,14920,UartTxTask,"[14920, 3758096384, 20, 1]"
184993,8661560.939814815,92,0x200080a0,32928,UartTxTask,"[32928, 3758096384, 0, 1]"
184998,8670781.462962963,90,0x20003a48,14920,TelemetryTask,"[14920, 536908656, 200, 0]"
185002,8670824.995370371,92,0x20003a48,14920,UartTxTask,"[14920, 3758096384, 20, 1]"
185007,8671562.152777778,92,0x200080a0,32928,UartTxTask,"[32928, 3758096384, 0, 1]"
185012,8680781.425925925,90,0x20003a48,14920,TelemetryTask,"[14920, 536908656, 200, 0]"
185016,8680824.958333334,92,0x20003a48,14920,UartTxTask,"[14920, 3758096384, 20, 1]"
185021,8681561.643518519,92,0x200080a0,32928,UartTxTask,"[32928, 3758096384, 0, 1]"
185026,8690781.708333334,90,0x20003a48,14920,TelemetryTask,"[14920, 536908656, 200, 0]"
185030,8690824.805555556,92,0x20003a48,14920,UartTxTask,"[14920, 3758096384, 20, 1]"
185035,8691561.226851853,92,0x200080a0,32928,UartTxTask,"[32928, 3758096384, 0, 1]"
185040,8700781.685185185,90,0x20003a48,14920,TelemetryTask,"[14920, 536908656, 200, 0]"
185044,8700824.597222222,92,0x20003a48,14920,UartTxTask,"[14920, 3758096384, 20, 1]"
185049,8701561.486111112,92,0x200080a0,32928,UartTxTask,"[32928, 3758096384, 0, 1]"
185054,8710781.685185185,90,0x20003a48,14920,TelemetryTask,"[14920, 536908656, 200, 0]"
185058,8710824.680555556,92,0x20003a48,14920,UartTxTask,"[14920, 3758096384, 20, 1]"
185063,8711561.476851853,92,0x200080a0,32928,UartTxTask,"[32928, 3758096384, 0, 1]"
185068,8720780.819444444,90,0x20003a48,14920,TelemetryTask,"[14920, 536908656, 200, 0]"
185072,8720824.037037037,92,0x20003a48,14920,UartTxTask,"[14920, 3758096384, 20, 1]"
185077,8721561.555555556,92,0x200080a0,32928,UartTxTask,"[32928, 3758096384, 0, 1]"
185082,8730782.050925925,90,0x20003a48,14920,TelemetryTask,"[14920, 536908656, 200, 0]"
185086,8730824.791666666,92,0x20003a48,14920,UartTxTask,"[14920, 3758096384, 20, 1]"
185091,8731561.902777778,92,0x200080a0,32928,UartTxTask,"[32928, 3758096384, 0, 1]"
185096,8740782.074074075,90,0x20003a48,14920,TelemetryTask,"[14920, 536908656, 200, 0]"
185100,8740825.717592593,92,0x20003a48,14920,UartTxTask,"[14920, 3758096384, 20, 1]"
185105,8741563.055555556,92,0x200080a0,32928,UartTxTask,"[32928, 3758096384, 0, 1]"
185110,8750782.550925925,90,0x20003a48,14920,TelemetryTask,"[14920, 536908656, 200, 0]"
185114,8750825.791666666,92,0x20003a48,14920,UartTxTask,"[14920, 3758096384, 20, 1]"
185119,8751562.912037037,92,0x200080a0,32928,UartTxTask,"[32928, 3758096384, 0, 1]"
185124,8760780.736111112,90,0x20003a48,14920,TelemetryTask,"[14920, 536908656, 200, 0]"
185128,8760823.962962963,92,0x20003a48,14920,UartTxTask,"[14920, 3758096384, 20, 1]"
185133,8761561.111111112,92,0x200080a0,32928,UartTxTask,"[32928, 3758096384, 0, 1]"
185138,8770781.569444444,90,0x20003a48,14920,TelemetryTask,"[14920, 536908656, 200, 0]"
185142,8770824.527777778,92,0x20003a48,14920,UartTxTask,"[14920, 3758096384, 20, 1]"
185147,8771561.583333334,92,0x200080a0,32928,UartTxTask,"[32928, 3758096384, 0, 1]"
185152,8780781.601851853,90,0x20003a48,14920,TelemetryTask,"[14920, 536908656, 200, 0]"
185156,8780824.393518519,92,0x20003a48,14920,UartTxTask,"[14920, 3758096384, 20, 1]"
185161,8781561.305555556,92,0x200080a0,32928,UartTxTask,"[32928, 3758096384, 0, 1]"
185166,8790781.370370371,90,0x20003a48,14920,TelemetryTask,"[14920, 536908656, 200, 0]"
185170,8790824.25,92,0x20003a48,14920,UartTxTask,"[14920, 3758096384, 20, 1]"
185175,8791561.689814815,92,0x200080a0,32928,UartTxTask,"[32928, 3758096384, 0, 1]"
185180,8800780.481481481,90,0x20003a48,14920,TelemetryTask,"[14920, 536908656, 200, 0]"
185184,8800822.962962963,92,0x20003a48,14920,UartTxTask,"[14920, 3758096384, 20, 1]"
185189,8801560.268518519,92,0x200080a0,32928,UartTxTask,"[32928, 3758096384, 0, 1]"
185194,8810780.597222222,90,0x20003a48,14920,TelemetryTask,"[14920, 536908656, 200, 0]"
185198,8810823.0,92,0x20003a48,14920,UartTxTask,"[14920, 3758096384, 20, 1]"
185203,8811559.939814815,92,0x200080a0,32928,UartTxTask,"[32928, 3758096384, 0, 1]"
185208,8820782.013888888,90,0x20003a48,14920,TelemetryTask,"[14920, 536908656, 200, 0]"
185212,8820825.189814815,92,0x20003a48,14920,UartTxTask,"[14920, 3758096384, 20, 1]"
185217,8821562.282407407,92,0x200080a0,32928,UartTxTask,"[32928, 3758096384, 0, 1]"
185222,8830780.833333334,90,0x20003a48,14920,TelemetryTask,"[14920, 536908656, 200, 0]"
185226,8830823.486111112,92,0x20003a48,14920,UartTxTask,"[14920, 3758096384, 20, 1]"
185231,8831560.587962963,92,0x200080a0,32928,UartTxTask,"[32928, 3758096384, 0, 1]"
185236,8840781.291666666,90,0x20003a48,14920,TelemetryTask,"[14920, 536908656, 200, 0]"
185240,8840824.712962963,92,0x20003a48,14920,UartTxTask,"[14920, 3758096384, 20, 1]"
185245,8841562.254629629,92,0x200080a0,32928,UartTxTask,"[32928, 3758096384, 0, 1]"
185249,8842885.296296297,96,0x20003970,14704,ISR#56,"[14704, 537198440]"
185253,8842919.925925925,92,0x20003970,14704,ButtonTask,"[14704, 3758096384, 4294967295, 1]"
185254,8843021.324074075,90,0x20003a48,14920,ButtonTask,"[14920, 536906932, 200, 0]"
185258,8843070.439814815,92,0x20003a48,14920,UartTxTask,"[14920, 3758096384, 20, 1]"
185263,8843804.995370371,92,0x200080a0,32928,UartTxTask,"[32928, 3758096384, 0, 1]"
185268,8850781.717592593,90,0x20003a48,14920,TelemetryTask,"[14920, 536908656, 200, 0]"
185272,8850824.75925926,92,0x20003a48,14920,UartTxTask,"[14920, 3758096384, 20, 1]"
185277,8851561.648148147,92,0x200080a0,32928,UartTxTask,"[32928, 3758096384, 0, 1]"
185282,8860780.453703703,90,0x20003a48,14920,TelemetryTask,"[14920, 536908656, 200, 0]"
185286,8860823.361111112,92,0x20003a48,14920,UartTxTask,"[14920, 3758096384, 20, 1]"
185291,8861560.847222222,92,0x200080a0,32928,UartTxTask,"[32928, 3758096384, 0, 1]"
185296,8870782.00925926,90,0x20003a48,14920,TelemetryTask,"[14920, 536908656, 200, 0]"
185300,8870825.125,92,0x20003a48,14920,UartTxTask,"[14920, 3758096384, 20, 1]"
185305,8871562.291666666,92,0x200080a0,32928,UartTxTask,"[32928, 3758096384, 0, 1]"
185310,8880781.268518519,90,0x20003a48,14920,TelemetryTask,"[14920, 536908656, 200, 0]"
185314,8880824.189814815,92,0x20003a48,14920,UartTxTask,"[14920, 3758096384, 20, 1]"
185319,8881561.467592593,92,0x200080a0,32928,UartTxTask,"[32928, 3758096384, 0, 1]"
185324,8890780.574074075,90,0x20003a48,14920,TelemetryTask,"[14920, 536908656, 200, 0]"
185328,8890823.254629629,92,0x20003a48,14920,UartTxTask,"[14920, 3758096384, 20, 1]"
185333,8891560.101851853,92,0x200080a0,32928,UartTxTask,"[32928, 3758096384, 0, 1]"
185338,8900781.421296297,90,0x20003a48,14920,TelemetryTask,"[14920, 536908656, 200, 0]"
185342,8900825.194444444,92,0x20003a48,14920,UartTxTask,"[14920, 3758096384, 20, 1]"
185347,8901562.046296297,92,0x200080a0,32928,UartTxTask,"[32928, 3758096384, 0, 1]"
185352,8910781.370370371,90,0x20003a48,14920,TelemetryTask,"[14920, 536908656, 200, 0]"
185356,8910823.99074074,92,0x20003a48,14920,UartTxTask,"[14920, 3758096384, 20, 1]"
185361,8911560.731481481,92,0x200080a0,32928,UartTxTask,"[32928, 3758096384, 0, 1]"
185366,8920781.013888888,90,0x20003a48,14920,TelemetryTask,"[14920, 536908656, 200, 0]"
185370,8920824.375,92,0x20003a48,14920,UartTxTask,"[14920, 3758096384, 20, 1]"
185375,8921561.282407407,92,0x200080a0,32928,UartTxTask,"[32928, 3758096384, 0, 1]"
185380,8930781.555555556,90,0x20003a48,14920,TelemetryTask,"[14920, 536908656, 200, 0]"
185384,8930824.504629629,92,0x20003a48,14920,UartTxTask,"[14920, 3758096384, 20, 1]"
185389,8931561.694444444,92,0x200080a0,32928,UartTxTask,"[32928, 3758096384, 0, 1]"
185394,8940781.379629629,90,0x20003a48,14920,TelemetryTask,"[14920, 536908656, 200, 0]"
185398,8940824.138888888,92,0x20003a48,14920,UartTxTask,"[14920, 3758096384, 20, 1]"
185403,8941561.342592593,92,0x200080a0,32928,UartTxTask,"[32928, 3758096384, 0, 1]"
185408,8950781.902777778,90,0x20003a48,14920,TelemetryTask,"[14920, 536908656, 200, 0]"
185412,8950824.842592593,92,0x20003a48,14920,UartTxTask,"[14920, 3758096384, 20, 1]"
185417,8951561.861111112,92,0x200080a0,32928,UartTxTask,"[32928, 3758096384, 0, 1]"
185422,8960782.453703703,90,0x20003a48,14920,TelemetryTask,"[14920, 536908656, 200, 0]"
185426,8960825.800925925,92,0x20003a48,14920,UartTxTask,"[14920, 3758096384, 20, 1]"
185431,8961562.592592593,92,0x200080a0,32928,UartTxTask,"[32928, 3758096384, 0, 1]"
185436,8970781.564814815,90,0x20003a48,14920,TelemetryTask,"[14920, 536908656, 200, 0]"
185440,8970824.879629629,92,0x20003a48,14920,UartTxTask,"[14920, 3758096384, 20, 1]"
185445,8971561.893518519,92,0x200080a0,32928,UartTxTask,"[32928, 3758096384, 0, 1]"
185450,8980781.13425926,90,0x20003a48,14920,TelemetryTask,"[14920, 536908656, 200, 0]"
185454,8980823.870370371,92,0x20003a48,14920,UartTxTask,"[14920, 3758096384, 20, 1]"
185459,8981561.282407407,92,0x200080a0,32928,UartTxTask,"[32928, 3758096384, 0, 1]"
185464,8990781.25925926,90,0x20003a48,14920,TelemetryTask,"[14920, 536908656, 200, 0]"
185468,8990824.476851853,92,0x20003a48,14920,UartTxTask,"[14920, 3758096384, 20, 1]"
185473,8991561.333333334,92,0x200080a0,32928,UartTxTask,"[32928, 3758096384, 0, 1]"
185478,9000781.976851853,90,0x20003a48,14920,TelemetryTask,"[14920, 536908656, 200, 0]"
185482,9000824.912037037,92,0x20003a48,14920,UartTxTask,"[14920, 3758096384, 20, 1]"
185487,9001562.217592593,92,0x200080a0,32928,UartTxTask,"[32928, 3758096384, 0, 1]"
185492,9010781.958333334,90,0x20003a48,14920,TelemetryTask,"[14920, 536908656, 200, 0]"
185496,9010824.453703703,92,0x20003a48,14920,UartTxTask,"[14920, 3758096384, 20, 1]"
185501,9011561.736111112,92,0x200080a0,32928,UartTxTask,"[32928, 3758096384, 0, 1]"
185506,9020781.439814815,90,0x20003a48,14920,TelemetryTask,"[14920, 536908656, 200, 0]"
185510,9020824.435185185,92,0x20003a48,14920,UartTxTask,"[14920, 3758096384, 20, 1]"
185515,9021561.175925925,92,0x200080a0,32928,UartTxTask,"[32928, 3758096384, 0, 1]"
185520,9030782.50925926,90,0x20003a48,14920,TelemetryTask,"[14920, 536908656, 200, 0]"
185524,9030825.63425926,92,0x20003a48,14920,UartTxTask,"[14920, 3758096384, 20, 1]"
185529,9031562.199074075,92,0x200080a0,32928,UartTxTask,"[32928, 3758096384, 0, 1]"
185534,9040780.300925925,90,0x20003a48,14920,TelemetryTask,"[14920, 536908656, 200, 0]"
185538,9040823.11574074,92,0x20003a48,14920,UartTxTask,"[14920, 3758096384, 20, 1]"
185543,9041559.638888888,92,0x200080a0,32928,UartTxTask,"[32928, 3758096384, 0, 1]"
185548,9050781.851851853,90,0x20003a48,14920,TelemetryTask,"[14920, 536908656, 200, 0]"
185552,9050825.402777778,92,0x20003a48,14920,UartTxTask,"[14920, 3758096384, 20, 1]"
185557,9051562.648148147,92,0x200080a0,32928,UartTxTask,"[32928, 3758096384, 0, 1]"
185562,9060780.245370371,90,0x20003a48,14920,TelemetryTask,"[14920, 536908656, 200, 0]"
185566,9060823.717592593,92,0x20003a48,14920,UartTxTask,"[14920, 3758096384, 20, 1]"
185571,9061560.777777778,92,0x200080a0,32928,UartTxTask,"[32928, 3758096384, 0, 1]"
185576,9070781.300925925,90,0x20003a48,14920,TelemetryTask,"[14920, 536908656, 200, 0]"
185580,9070824.185185185,92,0x20003a48,14920,UartTxTask,"[14920, 3758096384, 20, 1]"
185585,9071561.300925925,92,0x200080a0,32928,UartTxTask,"[32928, 3758096384, 0, 1]"
185590,9080781.120370371,90,0x20003a48,14920,TelemetryTask,"[14920, 536908656, 200, 0]"
185594,9080824.703703703,92,0x20003a48,14920,UartTxTask,"[14920, 3758096384, 20, 1]"
185599,9081561.810185185,92,0x200080a0,32928,UartTxTask,"[32928, 3758096384, 0, 1]"
185604,9090781.560185185,90,0x20003a48,14920,TelemetryTask,"[14920, 536908656, 200, 0]"
185608,9090824.611111112,92,0x20003a48,14920,UartTxTask,"[14920, 3758096384, 20, 1]"
185613,9091561.277777778,92,0x200080a0,32928,UartTxTask,"[32928, 3758096384, 0, 1]"
185618,9100780.726851853,90,0x20003a48,14920,TelemetryTask,"[14920, 536908656, 200, 0]"
185622,9100823.861111112,92,0x20003a48,14920,UartTxTask,"[14920, 3758096384, 20, 1]"
185627,9101559.99074074,92,0x200080a0,32928,UartTxTask,"[32928, 3758096384, 0, 1]"
185632,9110780.569444444,90,0x20003a48,14920,TelemetryTask,"[14920, 536908656, 200, 0]"
185636,9110824.194444444,92,0x20003a48,14920,UartTxTask,"[14920, 3758096384, 20, 1]"
185641,9111560.74074074,92,0x200080a0,32928,UartTxTask,"[32928, 3758096384, 0, 1]"
185646,9120781.101851853,90,0x20003a48,14920,TelemetryTask,"[14920, 536908656, 200, 0]"
185650,9120824.087962963,92,0x20003a48,14920,UartTxTask,"[14920, 3758096384, 20, 1]"
185655,9121561.61574074,92,0x200080a0,32928,UartTxTask,"[32928, 3758096384, 0, 1]"
185660,9130781.574074075,90,0x20003a48,14920,TelemetryTask,"[14920, 536908656, 200, 0]"
185664,9130824.916666666,92,0x20003a48,14920,UartTxTask,"[14920, 3758096384, 20, 1]"
185669,9131561.912037037,92,0x200080a0,32928,UartTxTask,"[32928, 3758096384, 0, 1]"
185674,9140780.689814815,90,0x20003a48,14920,TelemetryTask,"[14920, 536908656, 200, 0]"
185678,9140823.717592593,92,0x20003a48,14920,UartTxTask,"[14920, 3758096384, 20, 1]"
185683,9141560.875,92,0x200080a0,32928,UartTxTask,"[32928, 3758096384, 0, 1]"
185688,9150780.129629629,90,0x20003a48,14920,TelemetryTask,"[14920, 536908656, 200, 0]"
185692,9150822.810185185,92,0x20003a48,14920,UartTxTask,"[14920, 3758096384, 20, 1]"
185697,9151559.819444444,92,0x200080a0,32928,UartTxTask,"[32928, 3758096384, 0, 1]"
185702,9160780.782407407,90,0x20003a48,14920,TelemetryTask,"[14920, 536908656, 200, 0]"
185706,9160824.143518519,92,0x20003a48,14920,UartTxTask,"[14920, 3758096384, 20, 1]"
185711,9161561.263888888,92,0x200080a0,32928,UartTxTask,"[32928, 3758096384, 0, 1]"
185716,9170781.254629629,90,0x20003a48,14920,TelemetryTask,"[14920, 536908656, 200, 0]"
185720,9170824.472222222,92,0x20003a48,14920,UartTxTask,"[14920, 3758096384, 20, 1]"
185725,9171560.972222222,92,0x200080a0,32928,UartTxTask,"[32928, 3758096384, 0, 1]"
185730,9180782.120370371,90,0x20003a48,14920,TelemetryTask,"[14920, 536908656, 200, 0]"
185734,9180825.597222222,92,0x20003a48,14920,UartTxTask,"[14920, 3758096384, 20, 1]"
185739,9181562.587962963,92,0x200080a0,32928,UartTxTask,"[32928, 3758096384, 0, 1]"
185744,9190781.175925925,90,0x20003a48,14920,TelemetryTask,"[14920, 536908656, 200, 0]"
185748,9190823.939814815,92,0x20003a48,14920,UartTxTask,"[14920, 3758096384, 20, 1]"
185753,9191561.199074075,92,0x200080a0,32928,UartTxTask,"[32928, 3758096384, 0, 1]"
185758,9200781.763888888,90,0x20003a48,14920,TelemetryTask,"[14920, 536908656, 200, 0]"
185762,9200824.754629629,92,0x20003a48,14920,UartTxTask,"[14920, 3758096384, 20, 1]"
185767,9201561.837962963,92,0x200080a0,32928,UartTxTask,"[32928, 3758096384, 0, 1]"
185772,9210781.712962963,90,0x20003a48,14920,TelemetryTask,"[14920, 536908656, 200, 0]"
185776,9210824.791666666,92,0x20003a48,14920,UartTxTask,"[14920, 3758096384, 20, 1]"
185781,9211562.310185185,92,0x200080a0,32928,UartTxTask,"[32928, 3758096384, 0, 1]"
185786,9220781.532407407,90,0x20003a48,14920,TelemetryTask,"[14920, 536908656, 200, 0]"
185790,9220824.49074074,92,0x20003a48,14920,UartTxTask,"[14920, 3758096384, 20, 1]"
185795,9221561.606481481,92,0x200080a0,32928,UartTxTask,"[32928, 3758096384, 0, 1]"
185800,9230781.175925925,90,0x20003a48,14920,TelemetryTask,"[14920, 536908656, 200, 0]"
185804,9230823.935185185,92,0x20003a48,14920,UartTxTask,"[14920, 3758096384, 20, 1]"
185809,9231561.25,92,0x200080a0,32928,UartTxTask,"[32928, 3758096384, 0, 1]"
185814,9240781.824074075,90,0x20003a48,14920,TelemetryTask,"[14920, 536908656, 200, 0]"
185818,9240825.550925925,92,0x20003a48,14920,UartTxTask,"[14920, 3758096384, 20, 1]"
185823,9241562.430555556,92,0x200080a0,32928,UartTxTask,"[32928, 3758096384, 0, 1]"
185828,9250781.148148147,90,0x20003a48,14920,TelemetryTask,"[14920, 536908656, 200, 0]"
185832,9250824.041666666,92,0x20003a48,14920,UartTxTask,"[14920, 3758096384, 20, 1]"
185837,9251561.189814815,92,0x200080a0,32928,UartTxTask,"[32928, 3758096384, 0, 1]"
185842,9260781.708333334,90,0x20003a48,14920,TelemetryTask,"[14920, 536908656, 200, 0]"
185846,9260825.245370371,92,0x20003a48,14920,UartTxTask,"[14920, 3758096384, 20, 1]"
185851,9261562.046296297,92,0x200080a0,32928,UartTxTask,"[32928, 3758096384, 0, 1]"
185856,9270781.74074074,90,0x20003a48,14920,TelemetryTask,"[14920, 536908656, 200, 0]"
185860,9270824.972222222,92,0x20003a48,14920,UartTxTask,"[14920, 3758096384, 20, 1]"
185865,9271562.055555556,92,0x200080a0,32928,UartTxTask,"[32928, 3758096384, 0, 1]"
185870,9280782.111111112,90,0x20003a48,14920,TelemetryTask,"[14920, 536908656, 200, 0]"
185874,9280824.925925925,92,0x20003a48,14920,UartTxTask,"[14920, 3758096384, 20, 1]"
185879,9281562.148148147,92,0x200080a0,32928,UartTxTask,"[32928, 3758096384, 0, 1]"
185884,9290782.097222222,90,0x20003a48,14920,TelemetryTask,"[14920, 536908656, 200, 0]"
185888,9290825.217592593,92,0x20003a48,14920,UartTxTask,"[14920, 3758096384, 20, 1]"
185893,9291562.069444444,92,0x200080a0,32928,UartTxTask,"[32928, 3758096384, 0, 1]"
185898,9300781.61574074,90,0x20003a48,14920,TelemetryTask,"[14920, 536908656, 200, 0]"
185902,9300824.537037037,92,0x20003a48,14920,UartTxTask,"[14920, 3758096384, 20, 1]"
185907,9301561.560185185,92,0x200080a0,32928,UartTxTask,"[32928, 3758096384, 0, 1]"
185912,9310781.745370371,90,0x20003a48,14920,TelemetryTask,"[14920, 536908656, 200, 0]"
185916,9310824.810185185,92,0x20003a48,14920,UartTxTask,"[14920, 3758096384, 20, 1]"
185921,9311561.560185185,92,0x200080a0,32928,UartTxTask,"[32928, 3758096384, 0, 1]"
185926,9320781.546296297,90,0x20003a48,14920,TelemetryTask,"[14920, 536908656, 200, 0]"
185930,9320824.88425926,92,0x20003a48,14920,UartTxTask,"[14920, 3758096384, 20, 1]"
185935,9321561.898148147,92,0x200080a0,32928,UartTxTask,"[32928, 3758096384, 0, 1]"
185940,9330781.912037037,90,0x20003a48,14920,TelemetryTask,"[14920, 536908656, 200, 0]"
185944,9330824.611111112,92,0x20003a48,14920,UartTxTask,"[14920, 3758096384, 20, 1]"
185949,9331561.625,92,0x200080a0,32928,UartTxTask,"[32928, 3758096384, 0, 1]"
185954,9340781.708333334,90,0x20003a48,14920,TelemetryTask,"[14920, 536908656, 200, 0]"
185958,9340824.796296297,92,0x20003a48,14920,UartTxTask,"[14920, 3758096384, 20, 1]"
185963,9341562.245370371,92,0x200080a0,32928,UartTxTask,"[32928, 3758096384, 0, 1]"
185968,9350780.912037037,90,0x20003a48,14920,TelemetryTask,"[14920, 536908656, 200, 0]"
185972,9350824.277777778,92,0x20003a48,14920,UartTxTask,"[14920, 3758096384, 20, 1]"
185977,9351561.296296297,92,0x200080a0,32928,UartTxTask,"[32928, 3758096384, 0, 1]"
185982,9360781.523148147,90,0x20003a48,14920,TelemetryTask,"[14920, 536908656, 200, 0]"
185986,9360824.263888888,92,0x20003a48,14920,UartTxTask,"[14920, 3758096384, 20, 1]"
185991,9361561.282407407,92,0x200080a0,32928,UartTxTask,"[32928, 3758096384, 0, 1]"
185996,9370780.203703703,90,0x20003a48,14920,TelemetryTask,"[14920, 536908656, 200, 0]"
186000,9370823.86574074,92,0x20003a48,14920,UartTxTask,"[14920, 3758096384, 20, 1]"
186005,9371561.138888888,92,0x200080a0,32928,UartTxTask,"[32928, 3758096384, 0, 1]"
186010,9380781.870370371,90,0x20003a48,14920,TelemetryTask,"[14920, 536908656, 200, 0]"
186014,9380824.898148147,92,0x20003a48,14920,UartTxTask,"[14920, 3758096384, 20, 1]"
186019,9381561.486111112,92,0x200080a0,32928,UartTxTask,"[32928, 3758096384, 0, 1]"
186024,9390781.430555556,90,0x20003a48,14920,TelemetryTask,"[14920, 536908656, 200, 0]"
186028,9390824.504629629,92,0x20003a48,14920,UartTxTask,"[14920, 3758096384, 20, 1]"
186033,9391560.888888888,92,0x200080a0,32928,UartTxTask,"[32928, 3758096384, 0, 1]"
186038,9400781.236111112,90,0x20003a48,14920,TelemetryTask,"[14920, 536908656, 200, 0]"
186042,9400824.199074075,92,0x20003a48,14920,UartTxTask,"[14920, 3758096384, 20, 1]"
186047,9401561.064814815,92,0x200080a0,32928,UartTxTask,"[32928, 3758096384, 0, 1]"
186052,9410781.300925925,90,0x20003a48,14920,TelemetryTask,"[14920, 536908656, 200, 0]"
186056,9410824.606481481,92,0x20003a48,14920,UartTxTask,"[14920, 3758096384, 20, 1]"
186061,9411561.689814815,92,0x200080a0,32928,UartTxTask,"[32928, 3758096384, 0, 1]"
186066,9420780.814814815,90,0x20003a48,14920,TelemetryTask,"[14920, 536908656, 200, 0]"
186070,9420824.300925925,92,0x20003a48,14920,UartTxTask,"[14920, 3758096384, 20, 1]"
186075,9421561.379629629,92,0x200080a0,32928,UartTxTask,"[32928, 3758096384, 0, 1]"
186080,9430780.819444444,90,0x20003a48,14920,TelemetryTask,"[14920, 536908656, 200, 0]"
186084,9430824.777777778,92,0x20003a48,14920,UartTxTask,"[14920, 3758096384, 20, 1]"
186089,9431561.851851853,92,0x200080a0,32928,UartTxTask,"[32928, 3758096384, 0, 1]"
186094,9440780.851851853,90,0x20003a48,14920,TelemetryTask,"[14920, 536908656, 200, 0]"
186098,9440824.388888888,92,0x20003a48,14920,UartTxTask,"[14920, 3758096384, 20, 1]"
186103,9441561.666666666,92,0x200080a0,32928,UartTxTask,"[32928, 3758096384, 0, 1]"
186108,9450781.648148147,90,0x20003a48,14920,TelemetryTask,"[14920, 536908656, 200, 0]"
186112,9450824.657407407,92,0x20003a48,14920,UartTxTask,"[14920, 3758096384, 20, 1]"
186117,9451562.064814815,92,0x200080a0,32928,UartTxTask,"[32928, 3758096384, 0, 1]"
186122,9460781.902777778,90,0x20003a48,14920,TelemetryTask,"[14920, 536908656, 200, 0]"
186126,9460824.796296297,92,0x20003a48,14920,UartTxTask,"[14920, 3758096384, 20, 1]"
186131,9461561.717592593,92,0x200080a0,32928,UartTxTask,"[32928, 3758096384, 0, 1]"
186136,9470781.527777778,90,0x20003a48,14920,TelemetryTask,"[14920, 536908656, 200, 0]"
186140,9470825.032407407,92,0x20003a48,14920,UartTxTask,"[14920, 3758096384, 20, 1]"
186145,9471562.180555556,92,0x200080a0,32928,UartTxTask,"[32928, 3758096384, 0, 1]"
186150,9480781.444444444,90,0x20003a48,14920,TelemetryTask,"[14920, 536908656, 200, 0]"
186154,9480824.486111112,92,0x20003a48,14920,UartTxTask,"[14920, 3758096384, 20, 1]"
186159,9481561.652777778,92,0x200080a0,32928,UartTxTask,"[32928, 3758096384, 0, 1]"
186164,9490782.435185185,90,0x20003a48,14920,TelemetryTask,"[14920, 536908656, 200, 0]"
186168,9490826.004629629,92,0x20003a48,14920,UartTxTask,"[14920, 3758096384, 20, 1]"
186173,9491562.731481481,92,0x200080a0,32928,UartTxTask,"[32928, 3758096384, 0, 1]"
186178,9500781.388888888,90,0x20003a48,14920,TelemetryTask,"[14920, 536908656, 200, 0]"
186182,9500823.847222222,92,0x20003a48,14920,UartTxTask,"[14920, 3758096384, 20, 1]"
186187,9501560.745370371,92,0x200080a0,32928,UartTxTask,"[32928, 3758096384, 0, 1]"
186192,9510781.74074074,90,0x20003a48,14920,TelemetryTask,"[14920, 536908656, 200, 0]"
186196,9510824.731481481,92,0x20003a48,14920,UartTxTask,"[14920, 3758096384, 20, 1]"
186201,9511561.842592593,92,0x200080a0,32928,UartTxTask,"[32928, 3758096384, 0, 1]"
186206,9520781.675925925,90,0x20003a48,14920,TelemetryTask,"[14920, 536908656, 200, 0]"
186210,9520824.898148147,92,0x20003a48,14920,UartTxTask,"[14920, 3758096384, 20, 1]"
186215,9521561.925925925,92,0x200080a0,32928,UartTxTask,"[32928, 3758096384, 0, 1]"
186220,9530782.157407407,90,0x20003a48,14920,TelemetryTask,"[14920, 536908656, 200, 0]"
186224,9530825.861111112,92,0x20003a48,14920,UartTxTask,"[14920, 3758096384, 20, 1]"
186229,9531562.208333334,92,0x200080a0,32928,UartTxTask,"[32928, 3758096384, 0, 1]"
186234,9540781.587962963,90,0x20003a48,14920,TelemetryTask,"[14920, 536908656, 200, 0]"
186238,9540824.629629629,92,0x20003a48,14920,UartTxTask,"[14920, 3758096384, 20, 1]"
186243,9541561.523148147,92,0x200080a0,32928,UartTxTask,"[32928, 3758096384, 0, 1]"
186248,9550781.087962963,90,0x20003a48,14920,TelemetryTask,"[14920, 536908656, 200, 0]"
186252,9550824.217592593,92,0x20003a48,14920,UartTxTask,"[14920, 3758096384, 20, 1]"
186257,9551561.050925925,92,0x200080a0,32928,UartTxTask,"[32928, 3758096384, 0, 1]"
186262,9560781.537037037,90,0x20003a48,14920,TelemetryTask,"[14920, 536908656, 200, 0]"
186266,9560824.736111112,92,0x20003a48,14920,UartTxTask,"[14920, 3758096384, 20, 1]"
186271,9561561.763888888,92,0x200080a0,32928,UartTxTask,"[32928, 3758096384, 0, 1]"
186276,9570782.106481481,90,0x20003a48,14920,TelemetryTask,"[14920, 536908656, 200, 0]"
186280,9570824.837962963,92,0x20003a48,14920,UartTxTask,"[14920, 3758096384, 20, 1]"
186285,9571561.638888888,92,0x200080a0,32928,UartTxTask,"[32928, 3758096384, 0, 1]"
186290,9580780.648148147,90,0x20003a48,14920,TelemetryTask,"[14920, 536908656, 200, 0]"
186294,9580823.444444444,92,0x20003a48,14920,UartTxTask,"[14920, 3758096384, 20, 1]"
186299,9581560.50925926,92,0x200080a0,32928,UartTxTask,"[32928, 3758096384, 0, 1]"
186304,9590781.601851853,90,0x20003a48,14920,TelemetryTask,"[14920, 536908656, 200, 0]"
186308,9590824.75925926,92,0x20003a48,14920,UartTxTask,"[14920, 3758096384, 20, 1]"
186313,9591561.796296297,92,0x200080a0,32928,UartTxTask,"[32928, 3758096384, 0, 1]"
186318,9600781.902777778,90,0x20003a48,14920,TelemetryTask,"[14920, 536908656, 200, 0]"
186322,9600824.703703703,92,0x20003a48,14920,UartTxTask,"[14920, 3758096384, 20, 1]"
186327,9601561.504629629,92,0x200080a0,32928,UartTxTask,"[32928, 3758096384, 0, 1]"
186332,9610781.050925925,90,0x20003a48,14920,TelemetryTask,"[14920, 536908656, 200, 0]"
186336,9610824.254629629,92,0x20003a48,14920,UartTxTask,"[14920, 3758096384, 20, 1]"
186341,9611561.731481481,92,0x200080a0,32928,UartTxTask,"[32928, 3758096384, 0, 1]"
186346,9620781.842592593,90,0x20003a48,14920,TelemetryTask,"[14920, 536908656, 200, 0]"
186350,9620824.398148147,92,0x20003a48,14920,UartTxTask,"[14920, 3758096384, 20, 1]"
186355,9621561.851851853,92,0x200080a0,32928,UartTxTask,"[32928, 3758096384, 0, 1]"
186360,9630781.63425926,90,0x20003a48,14920,TelemetryTask,"[14920, 536908656, 200, 0]"
186364,9630825.819444444,92,0x20003a48,14920,UartTxTask,"[14920, 3758096384, 20, 1]"
186369,9631563.398148147,92,0x200080a0,32928,UartTxTask,"[32928, 3758096384, 0, 1]"
186374,9640781.995370371,90,0x20003a48,14920,TelemetryTask,"[14920, 536908656, 200, 0]"
186378,9640825.25,92,0x20003a48,14920,UartTxTask,"[14920, 3758096384, 20, 1]"
186383,9641562.689814815,92,0x200080a0,32928,UartTxTask,"[32928, 3758096384, 0, 1]"
186388,9650780.824074075,90,0x20003a48,14920,TelemetryTask,"[14920, 536908656, 200, 0]"
186392,9650823.986111112,92,0x20003a48,14920,UartTxTask,"[14920, 3758096384, 20, 1]"
186397,9651560.532407407,92,0x200080a0,32928,UartTxTask,"[32928, 3758096384, 0, 1]"
186402,9660782.087962963,90,0x20003a48,14920,TelemetryTask,"[14920, 536908656, 200, 0]"
186406,9660825.504629629,92,0x20003a48,14920,UartTxTask,"[14920, 3758096384, 20, 1]"
186411,9661562.263888888,92,0x200080a0,32928,UartTxTask,"[32928, 3758096384, 0, 1]"
186416,9670781.25,90,0x20003a48,14920,TelemetryTask,"[14920, 536908656, 200, 0]"
186420,9670824.606481481,92,0x20003a48,14920,UartTxTask,"[14920, 3758096384, 20, 1]"
186425,9671561.708333334,92,0x200080a0,32928,UartTxTask,"[32928, 3758096384, 0, 1]"
186430,9680781.402777778,90,0x20003a48,14920,TelemetryTask,"[14920, 536908656, 200, 0]"
186434,9680824.569444444,92,0x20003a48,14920,UartTxTask,"[14920, 3758096384, 20, 1]"
186439,9681561.25,92,0x200080a0,32928,UartTxTask,"[32928, 3758096384, 0, 1]"
186444,9690781.5,90,0x20003a48,14920,TelemetryTask,"[14920, 536908656, 200, 0]"
186448,9690824.606481481,92,0x20003a48,14920,UartTxTask,"[14920, 3758096384, 20, 1]"
186453,9691561.078703703,92,0x200080a0,32928,UartTxTask,"[32928, 3758096384, 0, 1]"
186458,9700781.555555556,90,0x20003a48,14920,TelemetryTask,"[14920, 536908656, 200, 0]"
186462,9700824.5,92,0x20003a48,14920,UartTxTask,"[14920, 3758096384, 20, 1]"
186467,9701561.694444444,92,0x200080a0,32928,UartTxTask,"[32928, 3758096384, 0, 1]"
186472,9710781.328703703,90,0x20003a48,14920,TelemetryTask,"[14920, 536908656, 200, 0]"
186476,9710824.333333334,92,0x20003a48,14920,UartTxTask,"[14920, 3758096384, 20, 1]"
186481,9711562.032407407,92,0x200080a0,32928,UartTxTask,"[32928, 3758096384, 0, 1]"
186486,9720781.652777778,90,0x20003a48,14920,TelemetryTask,"[14920, 536908656, 200, 0]"
186490,9720825.069444444,92,0x20003a48,14920,UartTxTask,"[14920, 3758096384, 20, 1]"
186495,9721562.328703703,92,0x200080a0,32928,UartTxTask,"[32928, 3758096384, 0, 1]"
186500,9730782.305555556,90,0x20003a48,14920,TelemetryTask,"[14920, 536908656, 200, 0]"
186504,9730825.736111112,92,0x20003a48,14920,UartTxTask,"[14920, 3758096384, 20, 1]"
186509,9731562.837962963,92,0x200080a0,32928,UartTxTask,"[32928, 3758096384, 0, 1]"
186514,9740781.587962963,90,0x20003a48,14920,TelemetryTask,"[14920, 536908656, 200, 0]"
186518,9740824.708333334,92,0x20003a48,14920,UartTxTask,"[14920, 3758096384, 20, 1]"
186523,9741561.416666666,92,0x200080a0,32928,UartTxTask,"[32928, 3758096384, 0, 1]"
186528,9750781.773148147,90,0x20003a48,14920,TelemetryTask,"[14920, 536908656, 200, 0]"
186532,9750824.453703703,92,0x20003a48,14920,UartTxTask,"[14920, 3758096384, 20, 1]"
186537,9751561.361111112,92,0x200080a0,32928,UartTxTask,"[32928, 3758096384, 0, 1]"
186542,9760782.703703703,90,0x20003a48,14920,TelemetryTask,"[14920, 536908656, 200, 0]"
186546,9760826.356481481,92,0x20003a48,14920,UartTxTask,"[14920, 3758096384, 20, 1]"
186551,9761563.842592593,92,0x200080a0,32928,UartTxTask,"[32928, 3758096384, 0, 1]"
186556,9770782.333333334,90,0x20003a48,14920,TelemetryTask,"[14920, 536908656, 200, 0]"
186560,9770826.097222222,92,0x20003a48,14920,UartTxTask,"[14920, 3758096384, 20, 1]"
186565,9771562.800925925,92,0x200080a0,32928,UartTxTask,"[32928, 3758096384, 0, 1]"
186570,9780781.018518519,90,0x20003a48,14920,TelemetryTask,"[14920, 536908656, 200, 0]"
186574,9780823.898148147,92,0x20003a48,14920,UartTxTask,"[14920, 3758096384, 20, 1]"
186579,9781560.726851853,92,0x200080a0,32928,UartTxTask,"[32928, 3758096384, 0, 1]"
186584,9790782.162037037,90,0x20003a48,14920,TelemetryTask,"[14920, 536908656, 200, 0]"
186588,9790825.694444444,92,0x20003a48,14920,UartTxTask,"[14920, 3758096384, 20, 1]"
186593,9791563.527777778,92,0x200080a0,32928,UartTxTask,"[32928, 3758096384, 0, 1]"
186598,9800781.86574074,90,0x20003a48,14920,TelemetryTask,"[14920, 536908656, 200, 0]"
186602,9800824.930555556,92,0x20003a48,14920,UartTxTask,"[14920, 3758096384, 20, 1]"
186607,9801562.245370371,92,0x200080a0,32928,UartTxTask,"[32928, 3758096384, 0, 1]"
186612,9810781.814814815,90,0x20003a48,14920,TelemetryTask,"[14920, 536908656, 200, 0]"
186616,9810825.305555556,92,0x20003a48,14920,UartTxTask,"[14920, 3758096384, 20, 1]"
186621,9811562.63425926,92,0x200080a0,32928,UartTxTask,"[32928, 3758096384, 0, 1]"
186626,9820781.541666666,90,0x20003a48,14920,TelemetryTask,"[14920, 536908656, 200, 0]"
186630,9820824.574074075,92,0x20003a48,14920,UartTxTask,"[14920, 3758096384, 20, 1]"
186635,9821561.629629629,92,0x200080a0,32928,UartTxTask,"[32928, 3758096384, 0, 1]"
186640,9830782.087962963,90,0x20003a48,14920,TelemetryTask,"[14920, 536908656, 200, 0]"
186644,9830825.24074074,92,0x20003a48,14920,UartTxTask,"[14920, 3758096384, 20, 1]"
186649,9831562.222222222,92,0x200080a0,32928,UartTxTask,"[32928, 3758096384, 0, 1]"
186654,9840780.629629629,90,0x20003a48,14920,TelemetryTask,"[14920, 536908656, 200, 0]"
186658,9840824.004629629,92,0x20003a48,14920,UartTxTask,"[14920, 3758096384, 20, 1]"
186663,9841560.791666666,92,0x200080a0,32928,UartTxTask,"[32928, 3758096384, 0, 1]"
186668,9850781.648148147,90,0x20003a48,14920,TelemetryTask,"[14920, 536908656, 200, 0]"
186672,9850824.972222222,92,0x20003a48,14920,UartTxTask,"[14920, 3758096384, 20, 1]"
186677,9851562.157407407,92,0x200080a0,32928,UartTxTask,"[32928, 3758096384, 0, 1]"
186682,9860781.643518519,90,0x20003a48,14920,TelemetryTask,"[14920, 536908656, 200, 0]"
186686,9860824.467592593,92,0x20003a48,14920,UartTxTask,"[14920, 3758096384, 20, 1]"
186691,9861560.916666666,92,0x200080a0,32928,UartTxTask,"[32928, 3758096384, 0, 1]"
186696,9870780.861111112,90,0x20003a48,14920,TelemetryTask,"[14920, 536908656, 200, 0]"
186700,9870824.212962963,92,0x20003a48,14920,UartTxTask,"[14920, 3758096384, 20, 1]"
186705,9871561.263888888,92,0x200080a0,32928,UartTxTask,"[32928, 3758096384, 0, 1]"
186710,9880781.125,90,0x20003a48,14920,TelemetryTask,"[14920, 536908656, 200, 0]"
186714,9880823.939814815,92,0x20003a48,14920,UartTxTask,"[14920, 3758096384, 20, 1]"
186719,9881561.425925925,92,0x200080a0,32928,UartTxTask,"[32928, 3758096384, 0, 1]"
186724,9890780.986111112,90,0x20003a48,14920,TelemetryTask,"[14920, 536908656, 200, 0]"
186728,9890824.074074075,92,0x20003a48,14920,UartTxTask,"[14920, 3758096384, 20, 1]"
186733,9891561.305555556,92,0x200080a0,32928,UartTxTask,"[32928, 3758096384, 0, 1]"
186738,9900781.842592593,90,0x20003a48,14920,TelemetryTask,"[14920, 536908656, 200, 0]"
186742,9900824.907407407,92,0x20003a48,14920,UartTxTask,"[14920, 3758096384, 20, 1]"
186747,9901561.754629629,92,0x200080a0,32928,UartTxTask,"[32928, 3758096384, 0, 1]"
186752,9910781.092592593,90,0x20003a48,14920,TelemetryTask,"[14920, 536908656, 200, 0]"
186756,9910824.532407407,92,0x20003a48,14920,UartTxTask,"[14920, 3758096384, 20, 1]"
186761,9911561.38425926,92,0x200080a0,32928,UartTxTask,"[32928, 3758096384, 0, 1]"
186766,9920781.606481481,90,0x20003a48,14920,TelemetryTask,"[14920, 536908656, 200, 0]"
186770,9920824.972222222,92,0x20003a48,14920,UartTxTask,"[14920, 3758096384, 20, 1]"
186775,9921561.657407407,92,0x200080a0,32928,UartTxTask,"[32928, 3758096384, 0, 1]"
186780,9930781.995370371,90,0x20003a48,14920,TelemetryTask,"[14920, 536908656, 200, 0]"
186784,9930825.597222222,92,0x20003a48,14920,UartTxTask,"[14920, 3758096384, 20, 1]"
186789,9931562.324074075,92,0x200080a0,32928,UartTxTask,"[32928, 3758096384, 0, 1]"
186794,9940781.648148147,90,0x20003a48,14920,TelemetryTask,"[14920, 536908656, 200, 0]"
186798,9940825.217592593,92,0x20003a48,14920,UartTxTask,"[14920, 3758096384, 20, 1]"
186803,9941562.361111112,92,0x200080a0,32928,UartTxTask,"[32928, 3758096384, 0, 1]"
186808,9950781.24074074,90,0x20003a48,14920,TelemetryTask,"[14920, 536908656, 200, 0]"
186812,9950824.523148147,92,0x20003a48,14920,UartTxTask,"[14920, 3758096384, 20, 1]"
186817,9951561.300925925,92,0x200080a0,32928,UartTxTask,"[32928, 3758096384, 0, 1]"
186822,9960781.00925926,90,0x20003a48,14920,TelemetryTask,"[14920, 536908656, 200, 0]"
186826,9960824.254629629,92,0x20003a48,14920,UartTxTask,"[14920, 3758096384, 20, 1]"
186831,9961561.680555556,92,0x200080a0,32928,UartTxTask,"[32928, 3758096384, 0, 1]"
186836,9970780.870370371,90,0x20003a48,14920,TelemetryTask,"[14920, 536908656, 200, 0]"
186840,9970824.092592593,92,0x20003a48,14920,UartTxTask,"[14920, 3758096384, 20, 1]"
186845,9971561.527777778,92,0x200080a0,32928,UartTxTask,"[32928, 3758096384, 0, 1]"
186850,9980781.763888888,90,0x20003a48,14920,TelemetryTask,"[14920, 536908656, 200, 0]"
186854,9980824.337962963,92,0x20003a48,14920,UartTxTask,"[14920, 3758096384, 20, 1]"
186859,9981561.189814815,92,0x200080a0,32928,UartTxTask,"[32928, 3758096384, 0, 1]"
186864,9990780.518518519,90,0x20003a48,14920,TelemetryTask,"[14920, 536908656, 200, 0]"
186868,9990824.097222222,92,0x20003a48,14920,UartTxTask,"[14920, 3758096384, 20, 1]"
186873,9991560.555555556,92,0x200080a0,32928,UartTxTask,"[32928, 3758096384, 0, 1]"
186878,10000780.342592593,90,0x20003a48,14920,TelemetryTask,"[14920, 536908656, 200, 0]"
186882,10000823.38425926,92,0x20003a48,14920,UartTxTask,"[14920, 3758096384, 20, 1]"
186887,10001560.282407407,92,0x200080a0,32928,UartTxTask,"[32928, 3758096384, 0, 1]"
186892,10010780.856481481,90,0x20003a48,14920,TelemetryTask,"[14920, 536908656, 200, 0]"
186896,10010822.888888888,92,0x20003a48,14920,UartTxTask,"[14920, 3758096384, 20, 1]"
186901,10011559.935185185,92,0x200080a0,32928,UartTxTask,"[32928, 3758096384, 0, 1]"
186906,10020781.712962963,90,0x20003a48,14920,TelemetryTask,"[14920, 536908656, 200, 0]"
186910,10020824.745370371,92,0x20003a48,14920,UartTxTask,"[14920, 3758096384, 20, 1]"
186915,10021561.439814815,92,0x200080a0,32928,UartTxTask,"[32928, 3758096384, 0, 1]"
186920,10030781.805555556,90,0x20003a48,14920,TelemetryTask,"[14920, 536908656, 200, 0]"
186924,10030824.879629629,92,0x20003a48,14920,UartTxTask,"[14920, 3758096384, 20, 1]"
186929,10031561.685185185,92,0x200080a0,32928,UartTxTask,"[32928, 3758096384, 0, 1]"
186934,10040781.412037037,90,0x20003a48,14920,TelemetryTask,"[14920, 536908656, 200, 0]"
186938,10040824.092592593,92,0x20003a48,14920,UartTxTask,"[14920, 3758096384, 20, 1]"
186943,10041561.375,92,0x200080a0,32928,UartTxTask,"[32928, 3758096384, 0, 1]"
186948,10050781.560185185,90,0x20003a48,14920,TelemetryTask,"[14920, 536908656, 200, 0]"
186952,10050824.949074075,92,0x20003a48,14920,UartTxTask,"[14920, 3758096384, 20, 1]"
186957,10051562.138888888,92,0x200080a0,32928,UartTxTask,"[32928, 3758096384, 0, 1]"
186962,10060780.800925925,90,0x20003a48,14920,TelemetryTask,"[14920, 536908656, 200, 0]"
186966,10060823.430555556,92,0x20003a48,14920,UartTxTask,"[14920, 3758096384, 20, 1]"
186971,10061560.680555556,92,0x200080a0,32928,UartTxTask,"[32928, 3758096384, 0, 1]"
186976,10070781.060185185,90,0x20003a48,14920,TelemetryTask,"[14920, 536908656, 200, 0]"
186980,10070824.087962963,92,0x20003a48,14920,UartTxTask,"[14920, 3758096384, 20, 1]"
186985,10071561.041666666,92,0x200080a0,32928,UartTxTask,"[32928, 3758096384, 0, 1]"
186990,10080781.166666666,90,0x20003a48,14920,TelemetryTask,"[14920, 536908656, 200, 0]"
186994,10080824.074074075,92,0x20003a48,14920,UartTxTask,"[14920, 3758096384, 20, 1]"
186999,10081561.217592593,92,0x200080a0,32928,UartTxTask,"[32928, 3758096384, 0, 1]"
187004,10090781.675925925,90,0x20003a48,14920,TelemetryTask,"[14920, 536908656, 200, 0]"
187008,10090825.356481481,92,0x20003a48,14920,UartTxTask,"[14920, 3758096384, 20, 1]"
187013,10091562.351851853,92,0x200080a0,32928,UartTxTask,"[32928, 3758096384, 0, 1]"
187018,10100781.324074075,90,0x20003a48,14920,TelemetryTask,"[14920, 536908656, 200, 0]"
187022,10100824.287037037,92,0x20003a48,14920,UartTxTask,"[14920, 3758096384, 20, 1]"
187027,10101561.087962963,92,0x200080a0,32928,UartTxTask,"[32928, 3758096384, 0, 1]"
187032,10110781.527777778,90,0x20003a48,14920,TelemetryTask,"[14920, 536908656, 200, 0]"
187036,10110824.805555556,92,0x20003a48,14920,UartTxTask,"[14920, 3758096384, 20, 1]"
187041,10111562.208333334,92,0x200080a0,32928,UartTxTask,"[32928, 3758096384, 0, 1]"
187046,10120782.097222222,90,0x20003a48,14920,TelemetryTask,"[14920, 536908656, 200, 0]"
187050,10120824.939814815,92,0x20003a48,14920,UartTxTask,"[14920, 3758096384, 20, 1]"
187055,10121561.703703703,92,0x200080a0,32928,UartTxTask,"[32928, 3758096384, 0, 1]"
187060,10130781.648148147,90,0x20003a48,14920,TelemetryTask,"[14920, 536908656, 200, 0]"
187064,10130824.708333334,92,0x20003a48,14920,UartTxTask,"[14920, 3758096384, 20, 1]"
187069,10131561.61574074,92,0x200080a0,32928,UartTxTask,"[32928, 3758096384, 0, 1]"
187074,10140781.763888888,90,0x20003a48,14920,TelemetryTask,"[14920, 536908656, 200, 0]"
187078,10140824.495370371,92,0x20003a48,14920,UartTxTask,"[14920, 3758096384, 20, 1]"
187083,10141562.046296297,92,0x200080a0,32928,UartTxTask,"[32928, 3758096384, 0, 1]"
187088,10150781.388888888,90,0x20003a48,14920,TelemetryTask,"[14920, 536908656, 200, 0]"
187092,10150824.518518519,92,0x20003a48,14920,UartTxTask,"[14920, 3758096384, 20, 1]"
187097,10151561.537037037,92,0x200080a0,32928,UartTxTask,"[32928, 3758096384, 0, 1]"
187102,10160780.842592593,90,0x20003a48,14920,TelemetryTask,"[14920, 536908656, 200, 0]"
187106,10160823.879629629,92,0x20003a48,14920,UartTxTask,"[14920, 3758096384, 20, 1]"
187111,10161561.023148147,92,0x200080a0,32928,UartTxTask,"[32928, 3758096384, 0, 1]"
187116,10170782.106481481,90,0x20003a48,14920,TelemetryTask,"[14920, 536908656, 200, 0]"
187120,10170825.745370371,92,0x20003a48,14920,UartTxTask,"[14920, 3758096384, 20, 1]"
187125,10171562.550925925,92,0x200080a0,32928,UartTxTask,"[32928, 3758096384, 0, 1]"
187130,10180782.111111112,90,0x20003a48,14920,TelemetryTask,"[14920, 536908656, 200, 0]"
187134,10180825.310185185,92,0x20003a48,14920,UartTxTask,"[14920, 3758096384, 20, 1]"
187139,10181562.652777778,92,0x200080a0,32928,UartTxTask,"[32928, 3758096384, 0, 1]"
187144,10190781.745370371,90,0x20003a48,14920,TelemetryTask,"[14920, 536908656, 200, 0]"
187148,10190825.185185185,92,0x20003a48,14920,UartTxTask,"[14920, 3758096384, 20, 1]"
187153,10191562.083333334,92,0x200080a0,32928,UartTxTask,"[32928, 3758096384, 0, 1]"
187158,10200781.986111112,90,0x20003a48,14920,TelemetryTask,"[14920, 536908656, 200, 0]"
187162,10200824.671296297,92,0x20003a48,14920,UartTxTask,"[14920, 3758096384, 20, 1]"
187167,10201561.356481481,92,0x200080a0,32928,UartTxTask,"[32928, 3758096384, 0, 1]"
187172,10210781.680555556,90,0x20003a48,14920,TelemetryTask,"[14920, 536908656, 200, 0]"
187176,10210825.319444444,92,0x20003a48,14920,UartTxTask,"[14920, 3758096384, 20, 1]"
187181,10211562.199074075,92,0x200080a0,32928,UartTxTask,"[32928, 3758096384, 0, 1]"
187186,10220781.888888888,90,0x20003a48,14920,TelemetryTask,"[14920, 536908656, 200, 0]"
187190,10220825.060185185,92,0x20003a48,14920,UartTxTask,"[14920, 3758096384, 20, 1]"
187195,10221562.453703703,92,0x200080a0,32928,UartTxTask,"[32928, 3758096384, 0, 1]"
187200,10230781.587962963,90,0x20003a48,14920,TelemetryTask,"[14920, 536908656, 200, 0]"
187204,10230824.851851853,92,0x20003a48,14920,UartTxTask,"[14920, 3758096384, 20, 1]"
187209,10231561.930555556,92,0x200080a0,32928,UartTxTask,"[32928, 3758096384, 0, 1]"
187214,10240781.648148147,90,0x20003a48,14920,TelemetryTask,"[14920, 536908656, 200, 0]"
187218,10240825.120370371,92,0x20003a48,14920,UartTxTask,"[14920, 3758096384, 20, 1]"
187223,10241562.347222222,92,0x200080a0,32928,UartTxTask,"[32928, 3758096384, 0, 1]"
187228,10250782.643518519,90,0x20003a48,14920,TelemetryTask,"[14920, 536908656, 200, 0]"
187232,10250826.092592593,92,0x20003a48,14920,UartTxTask,"[14920, 3758096384, 20, 1]"
187237,10251562.986111112,92,0x200080a0,32928,UartTxTask,"[32928, 3758096384, 0, 1]"
187242,10260781.162037037,90,0x20003a48,14920,TelemetryTask,"[14920, 536908656, 200, 0]"
187246,10260824.310185185,92,0x20003a48,14920,UartTxTask,"[14920, 3758096384, 20, 1]"
187251,10261562.041666666,92,0x200080a0,32928,UartTxTask,"[32928, 3758096384, 0, 1]"
187256,10270781.162037037,90,0x20003a48,14920,TelemetryTask,"[14920, 536908656, 200, 0]"
187260,10270824.712962963,92,0x20003a48,14920,UartTxTask,"[14920, 3758096384, 20, 1]"
187265,10271561.569444444,92,0x200080a0,32928,UartTxTask,"[32928, 3758096384, 0, 1]"
187270,10280781.888888888,90,0x20003a48,14920,TelemetryTask,"[14920, 536908656, 200, 0]"
187274,10280824.703703703,92,0x20003a48,14920,UartTxTask,"[14920, 3758096384, 20, 1]"
187279,10281561.541666666,92,0x200080a0,32928,UartTxTask,"[32928, 3758096384, 0, 1]"
187284,10290781.180555556,90,0x20003a48,14920,TelemetryTask,"[14920, 536908656, 200, 0]"
187288,10290824.138888888,92,0x20003a48,14920,UartTxTask,"[14920, 3758096384, 20, 1]"
187293,10291560.814814815,92,0x200080a0,32928,UartTxTask,"[32928, 3758096384, 0, 1]"
187298,10300782.120370371,90,0x20003a48,14920,TelemetryTask,"[14920, 536908656, 200, 0]"
187302,10300824.495370371,92,0x20003a48,14920,UartTxTask,"[14920, 3758096384, 20, 1]"
187307,10301561.699074075,92,0x200080a0,32928,UartTxTask,"[32928, 3758096384, 0, 1]"
187312,10310781.796296297,90,0x20003a48,14920,TelemetryTask,"[14920, 536908656, 200, 0]"
187316,10310825.504629629,92,0x20003a48,14920,UartTxTask,"[14920, 3758096384, 20, 1]"
187321,10311562.472222222,92,0x200080a0,32928,UartTxTask,"[32928, 3758096384, 0, 1]"
187326,10320781.88425926,90,0x20003a48,14920,TelemetryTask,"[14920, 536908656, 200, 0]"
187330,10320824.38425926,92,0x20003a48,14920,UartTxTask,"[14920, 3758096384, 20, 1]"
187335,10321561.444444444,92,0x200080a0,32928,UartTxTask,"[32928, 3758096384, 0, 1]"
187340,10330781.245370371,90,0x20003a48,14920,TelemetryTask,"[14920, 536908656, 200, 0]"
187344,10330824.287037037,92,0x20003a48,14920,UartTxTask,"[14920, 3758096384, 20, 1]"
187349,10331561.476851853,92,0x200080a0,32928,UartTxTask,"[32928, 3758096384, 0, 1]"
187354,10340782.226851853,90,0x20003a48,14920,TelemetryTask,"[14920, 536908656, 200, 0]"
187358,10340825.398148147,92,0x20003a48,14920,UartTxTask,"[14920, 3758096384, 20, 1]"
187363,10341562.546296297,92,0x200080a0,32928,UartTxTask,"[32928, 3758096384, 0, 1]"
187368,10350780.86574074,90,0x20003a48,14920,TelemetryTask,"[14920, 536908656, 200, 0]"
187372,10350824.050925925,92,0x20003a48,14920,UartTxTask,"[14920, 3758096384, 20, 1]"
187377,10351561.171296297,92,0x200080a0,32928,UartTxTask,"[32928, 3758096384, 0, 1]"
187382,10360782.023148147,90,0x20003a48,14920,TelemetryTask,"[14920, 536908656, 200, 0]"
187386,10360824.787037037,92,0x20003a48,14920,UartTxTask,"[14920, 3758096384, 20, 1]"
187391,10361561.981481481,92,0x200080a0,32928,UartTxTask,"[32928, 3758096384, 0, 1]"
187396,10370781.63425926,90,0x20003a48,14920,TelemetryTask,"[14920, 536908656, 200, 0]"
187400,10370824.356481481,92,0x20003a48,14920,UartTxTask,"[14920, 3758096384, 20, 1]"
187405,10371561.217592593,92,0x200080a0,32928,UartTxTask,"[32928, 3758096384, 0, 1]"
187410,10380781.898148147,90,0x20003a48,14920,TelemetryTask,"[14920, 536908656, 200, 0]"
187414,10380825.291666666,92,0x20003a48,14920,UartTxTask,"[14920, 3758096384, 20, 1]"
187419,10381562.25,92,0x200080a0,32928,UartTxTask,"[32928, 3758096384, 0, 1]"
187424,10390781.027777778,90,0x20003a48,14920,TelemetryTask,"[14920, 536908656, 200, 0]"
187428,10390823.944444444,92,0x20003a48,14920,UartTxTask,"[14920, 3758096384, 20, 1]"
187433,10391560.893518519,92,0x200080a0,32928,UartTxTask,"[32928, 3758096384, 0, 1]"
187438,10400781.643518519,90,0x20003a48,14920,TelemetryTask,"[14920, 536908656, 200, 0]"
187442,10400824.0,92,0x20003a48,14920,UartTxTask,"[14920, 3758096384, 20, 1]"
187447,10401561.097222222,92,0x200080a0,32928,UartTxTask,"[32928, 3758096384, 0, 1]"
187452,10410781.814814815,90,0x20003a48,14920,TelemetryTask,"[14920, 536908656, 200, 0]"
187456,10410824.726851853,92,0x20003a48,14920,UartTxTask,"[14920, 3758096384, 20, 1]"
187461,10411561.606481481,92,0x200080a0,32928,UartTxTask,"[32928, 3758096384, 0, 1]"
187466,10420781.560185185,90,0x20003a48,14920,TelemetryTask,"[14920, 536908656, 200, 0]"
187470,10420824.888888888,92,0x20003a48,14920,UartTxTask,"[14920, 3758096384, 20, 1]"
187475,10421561.814814815,92,0x200080a0,32928,UartTxTask,"[32928, 3758096384, 0, 1]"
187480,10430782.171296297,90,0x20003a48,14920,TelemetryTask,"[14920, 536908656, 200, 0]"
187484,10430825.282407407,92,0x20003a48,14920,UartTxTask,"[14920, 3758096384, 20, 1]"
187489,10431562.236111112,92,0x200080a0,32928,UartTxTask,"[32928, 3758096384, 0, 1]"
187494,10440781.125,90,0x20003a48,14920,TelemetryTask,"[14920, 536908656, 200, 0]"
187498,10440824.310185185,92,0x20003a48,14920,UartTxTask,"[14920, 3758096384, 20, 1]"
187503,10441560.402777778,92,0x200080a0,32928,UartTxTask,"[32928, 3758096384, 0, 1]"
187508,10450782.824074075,90,0x20003a48,14920,TelemetryTask,"[14920, 536908656, 200, 0]"
187512,10450825.74074074,92,0x20003a48,14920,UartTxTask,"[14920, 3758096384, 20, 1]"
187517,10451563.004629629,92,0x200080a0,32928,UartTxTask,"[32928, 3758096384, 0, 1]"
187522,10460781.550925925,90,0x20003a48,14920,TelemetryTask,"[14920, 536908656, 200, 0]"
187526,10460824.217592593,92,0x20003a48,14920,UartTxTask,"[14920, 3758096384, 20, 1]"
187531,10461561.435185185,92,0x200080a0,32928,UartTxTask,"[32928, 3758096384, 0, 1]"
187536,10470781.875,90,0x20003a48,14920,TelemetryTask,"[14920, 536908656, 200, 0]"
187540,10470825.435185185,92,0x20003a48,14920,UartTxTask,"[14920, 3758096384, 20, 1]"
187545,10471561.875,92,0x200080a0,32928,UartTxTask,"[32928, 3758096384, 0, 1]"
187550,10480782.245370371,90,0x20003a48,14920,TelemetryTask,"[14920, 536908656, 200, 0]"
187554,10480825.245370371,92,0x20003a48,14920,UartTxTask,"[14920, 3758096384, 20, 1]"
187559,10481561.601851853,92,0x200080a0,32928,UartTxTask,"[32928, 3758096384, 0, 1]"
187564,10490781.773148147,90,0x20003a48,14920,TelemetryTask,"[14920, 536908656, 200, 0]"
187568,10490825.333333334,92,0x20003a48,14920,UartTxTask,"[14920, 3758096384, 20, 1]"
187573,10491562.171296297,92,0x200080a0,32928,UartTxTask,"[32928, 3758096384, 0, 1]"
187578,10500780.768518519,90,0x20003a48,14920,TelemetryTask,"[14920, 536908656, 200, 0]"
187582,10500823.662037037,92,0x20003a48,14920,UartTxTask,"[14920, 3758096384, 20, 1]"
187587,10501560.337962963,92,0x200080a0,32928,UartTxTask,"[32928, 3758096384, 0, 1]"
187592,10510781.967592593,90,0x20003a48,14920,TelemetryTask,"[14920, 536908656, 200, 0]"
187596,10510825.050925925,92,0x20003a48,14920,UartTxTask,"[14920, 3758096384, 20, 1]"
187601,10511562.314814815,92,0x200080a0,32928,UartTxTask,"[32928, 3758096384, 0, 1]"
187606,10520782.194444444,90,0x20003a48,14920,TelemetryTask,"[14920, 536908656, 200, 0]"
187610,10520825.078703703,92,0x20003a48,14920,UartTxTask,"[14920, 3758096384, 20, 1]"
187615,10521562.064814815,92,0x200080a0,32928,UartTxTask,"[32928, 3758096384, 0, 1]"
187620,10530781.194444444,90,0x20003a48,14920,TelemetryTask,"[14920, 536908656, 200, 0]"
187624,10530824.199074075,92,0x20003a48,14920,UartTxTask,"[14920, 3758096384, 20, 1]"
187629,10531561.606481481,92,0x200080a0,32928,UartTxTask,"[32928, 3758096384, 0, 1]"
187634,10540781.143518519,90,0x20003a48,14920,TelemetryTask,"[14920, 536908656, 200, 0]"
187638,10540824.5,92,0x20003a48,14920,UartTxTask,"[14920, 3758096384, 20, 1]"
187643,10541561.629629629,92,0x200080a0,32928,UartTxTask,"[32928, 3758096384, 0, 1]"
187648,10550782.092592593,90,0x20003a48,14920,TelemetryTask,"[14920, 536908656, 200, 0]"
187652,10550824.768518519,92,0x20003a48,14920,UartTxTask,"[14920, 3758096384, 20, 1]"
187657,10551561.675925925,92,0x200080a0,32928,UartTxTask,"[32928, 3758096384, 0, 1]"
187662,10560780.282407407,90,0x20003a48,14920,TelemetryTask,"[14920, 536908656, 200, 0]"
187666,10560823.449074075,92,0x20003a48,14920,UartTxTask,"[14920, 3758096384, 20, 1]"
187671,10561560.523148147,92,0x200080a0,32928,UartTxTask,"[32928, 3758096384, 0, 1]"
187676,10570781.305555556,90,0x20003a48,14920,TelemetryTask,"[14920, 536908656, 200, 0]"
187680,10570824.523148147,92,0x20003a48,14920,UartTxTask,"[14920, 3758096384, 20, 1]"
187685,10571561.893518519,92,0x200080a0,32928,UartTxTask,"[32928, 3758096384, 0, 1]"
187690,10580782.120370371,90,0x20003a48,14920,TelemetryTask,"[14920, 536908656, 200, 0]"
187694,10580825.504629629,92,0x20003a48,14920,UartTxTask,"[14920, 3758096384, 20, 1]"
187699,10581562.231481481,92,0x200080a0,32928,UartTxTask,"[32928, 3758096384, 0, 1]"
187704,10590780.995370371,90,0x20003a48,14920,TelemetryTask,"[14920, 536908656, 200, 0]"
187708,10590824.087962963,92,0x20003a48,14920,UartTxTask,"[14920, 3758096384, 20, 1]"
187713,10591561.416666666,92,0x200080a0,32928,UartTxTask,"[32928, 3758096384, 0, 1]"
187718,10600781.532407407,90,0x20003a48,14920,TelemetryTask,"[14920, 536908656, 200, 0]"
187722,10600824.194444444,92,0x20003a48,14920,UartTxTask,"[14920, 3758096384, 20, 1]"
187727,10601561.203703703,92,0x200080a0,32928,UartTxTask,"[32928, 3758096384, 0, 1]"
187732,10610781.273148147,90,0x20003a48,14920,TelemetryTask,"[14920, 536908656, 200, 0]"
187736,10610824.652777778,92,0x20003a48,14920,UartTxTask,"[14920, 3758096384, 20, 1]"
187741,10611561.175925925,92,0x200080a0,32928,UartTxTask,"[32928, 3758096384, 0, 1]"
187746,10620781.111111112,90,0x20003a48,14920,TelemetryTask,"[14920, 536908656, 200, 0]"
187750,10620824.120370371,92,0x20003a48,14920,UartTxTask,"[14920, 3758096384, 20, 1]"
187755,10621561.013888888,92,0x200080a0,32928,UartTxTask,"[32928, 3758096384, 0, 1]"
187760,10630781.99074074,90,0x20003a48,14920,TelemetryTask,"[14920, 536908656, 200, 0]"
187764,10630824.796296297,92,0x20003a48,14920,UartTxTask,"[14920, 3758096384, 20, 1]"
187769,10631561.810185185,92,0x200080a0,32928,UartTxTask,"[32928, 3758096384, 0, 1]"
187774,10640781.407407407,90,0x20003a48,14920,TelemetryTask,"[14920, 536908656, 200, 0]"
187778,10640825.416666666,92,0x20003a48,14920,UartTxTask,"[14920, 3758096384, 20, 1]"
187783,10641562.902777778,92,0x200080a0,32928,UartTxTask,"[32928, 3758096384, 0, 1]"
187788,10650781.777777778,90,0x20003a48,14920,TelemetryTask,"[14920, 536908656, 200, 0]"
187792,10650824.995370371,92,0x20003a48,14920,UartTxTask,"[14920, 3758096384, 20, 1]"
187797,10651562.38425926,92,0x200080a0,32928,UartTxTask,"[32928, 3758096384, 0, 1]"
187802,10660780.847222222,90,0x20003a48,14920,TelemetryTask,"[14920, 536908656, 200, 0]"
187806,10660824.083333334,92,0x20003a48,14920,UartTxTask,"[14920, 3758096384, 20, 1]"
187811,10661561.5,92,0x200080a0,32928,UartTxTask,"[32928, 3758096384, 0, 1]"
187816,10670781.162037037,90,0x20003a48,14920,TelemetryTask,"[14920, 536908656, 200, 0]"
187820,10670823.833333334,92,0x20003a48,14920,UartTxTask,"[14920, 3758096384, 20, 1]"
187825,10671560.972222222,92,0x200080a0,32928,UartTxTask,"[32928, 3758096384, 0, 1]"
187830,10680781.013888888,90,0x20003a48,14920,TelemetryTask,"[14920, 536908656, 200, 0]"
187834,10680824.449074075,92,0x20003a48,14920,UartTxTask,"[14920, 3758096384, 20, 1]"
187839,10681561.680555556,92,0x200080a0,32928,UartTxTask,"[32928, 3758096384, 0, 1]"
187844,10690781.254629629,90,0x20003a48,14920,TelemetryTask,"[14920, 536908656, 200, 0]"
187848,10690824.203703703,92,0x20003a48,14920,UartTxTask,"[14920, 3758096384, 20, 1]"
187853,10691561.546296297,92,0x200080a0,32928,UartTxTask,"[32928, 3758096384, 0, 1]"
187858,10700781.49074074,90,0x20003a48,14920,TelemetryTask,"[14920, 536908656, 200, 0]"
187862,10700824.495370371,92,0x20003a48,14920,UartTxTask,"[14920, 3758096384, 20, 1]"
187867,10701562.152777778,92,0x200080a0,32928,UartTxTask,"[32928, 3758096384, 0, 1]"
187872,10710781.203703703,90,0x20003a48,14920,TelemetryTask,"[14920, 536908656, 200, 0]"
187876,10710824.314814815,92,0x20003a48,14920,UartTxTask,"[14920, 3758096384, 20, 1]"
187881,10711560.828703703,92,0x200080a0,32928,UartTxTask,"[32928, 3758096384, 0, 1]"
187886,10720780.967592593,90,0x20003a48,14920,TelemetryTask,"[14920, 536908656, 200, 0]"
187890,10720824.273148147,92,0x20003a48,14920,UartTxTask,"[14920, 3758096384, 20, 1]"
187895,10721561.597222222,92,0x200080a0,32928,UartTxTask,"[32928, 3758096384, 0, 1]"
187900,10730782.263888888,90,0x20003a48,14920,TelemetryTask,"[14920, 536908656, 200, 0]"
187904,10730825.819444444,92,0x20003a48,14920,UartTxTask,"[14920, 3758096384, 20, 1]"
187909,10731563.319444444,92,0x200080a0,32928,UartTxTask,"[32928, 3758096384, 0, 1]"
187914,10740782.101851853,90,0x20003a48,14920,TelemetryTask,"[14920, 536908656, 200, 0]"
187918,10740825.217592593,92,0x20003a48,14920,UartTxTask,"[14920, 3758096384, 20, 1]"
187923,10741562.287037037,92,0x200080a0,32928,UartTxTask,"[32928, 3758096384, 0, 1]"
187928,10750781.36574074,90,0x20003a48,14920,TelemetryTask,"[14920, 536908656, 200, 0]"
187932,10750824.833333334,92,0x20003a48,14920,UartTxTask,"[14920, 3758096384, 20, 1]"
187937,10751562.083333334,92,0x200080a0,32928,UartTxTask,"[32928, 3758096384, 0, 1]"
187942,10760781.24074074,90,0x20003a48,14920,TelemetryTask,"[14920, 536908656, 200, 0]"
187946,10760823.986111112,92,0x20003a48,14920,UartTxTask,"[14920, 3758096384, 20, 1]"
187950,10761487.870370371,96,0x20003970,14704,ISR#56,"[14704, 537198440]"
187954,10761525.560185185,92,0x20003970,14704,ButtonTask,"[14704, 3758096384, 4294967295, 1]"
187956,10761640.902777778,90,0x20003a48,14920,ButtonTask,"[14920, 536906932, 200, 0]"
187959,10761683.86574074,92,0x200080a0,32928,UartTxTask,"[32928, 3758096384, 0, 1]"
187960,10761692.38425926,92,0x20003a48,14920,UartTxTask,"[14920, 3758096384, 20, 1]"
187965,10762427.388888888,92,0x200080a0,32928,UartTxTask,"[32928, 3758096384, 0, 1]"
187970,10770781.875,90,0x20003a48,14920,TelemetryTask,"[14920, 536908656, 200, 0]"
187974,10770824.898148147,92,0x20003a48,14920,UartTxTask,"[14920, 3758096384, 20, 1]"
187979,10771562.037037037,92,0x200080a0,32928,UartTxTask,"[32928, 3758096384, 0, 1]"
187984,10780781.694444444,90,0x20003a48,14920,TelemetryTask,"[14920, 536908656, 200, 0]"
187988,10780825.138888888,92,0x20003a48,14920,UartTxTask,"[14920, 3758096384, 20, 1]"
187993,10781562.180555556,92,0x200080a0,32928,UartTxTask,"[32928, 3758096384, 0, 1]"
187998,10790781.722222222,90,0x20003a48,14920,TelemetryTask,"[14920, 536908656, 200, 0]"
188002,10790825.120370371,92,0x20003a48,14920,UartTxTask,"[14920, 3758096384, 20, 1]"
188007,10791562.064814815,92,0x200080a0,32928,UartTxTask,"[32928, 3758096384, 0, 1]"
188012,10800781.763888888,90,0x20003a48,14920,TelemetryTask,"[14920, 536908656, 200, 0]"
188016,10800825.00925926,92,0x20003a48,14920,UartTxTask,"[14920, 3758096384, 20, 1]"
188021,10801561.805555556,92,0x200080a0,32928,UartTxTask,"[32928, 3758096384, 0, 1]"
188026,10810781.925925925,90,0x20003a48,14920,TelemetryTask,"[14920, 536908656, 200, 0]"
188030,10810824.532407407,92,0x20003a48,14920,UartTxTask,"[14920, 3758096384, 20, 1]"
188035,10811562.0,92,0x200080a0,32928,UartTxTask,"[32928, 3758096384, 0, 1]"
188040,10820782.120370371,90,0x20003a48,14920,TelemetryTask,"[14920, 536908656, 200, 0]"
188044,10820825.023148147,92,0x20003a48,14920,UartTxTask,"[14920, 3758096384, 20, 1]"
188049,10821562.560185185,92,0x200080a0,32928,UartTxTask,"[32928, 3758096384, 0, 1]"
188054,10830781.791666666,90,0x20003a48,14920,TelemetryTask,"[14920, 536908656, 200, 0]"
188058,10830825.36574074,92,0x20003a48,14920,UartTxTask,"[14920, 3758096384, 20, 1]"
188063,10831561.898148147,92,0x200080a0,32928,UartTxTask,"[32928, 3758096384, 0, 1]"
188068,10840782.699074075,90,0x20003a48,14920,TelemetryTask,"[14920, 536908656, 200, 0]"
188072,10840825.208333334,92,0x20003a48,14920,UartTxTask,"[14920, 3758096384, 20, 1]"
188077,10841562.296296297,92,0x200080a0,32928,UartTxTask,"[32928, 3758096384, 0, 1]"
188082,10850781.268518519,90,0x20003a48,14920,TelemetryTask,"[14920, 536908656, 200, 0]"
188086,10850824.00925926,92,0x20003a48,14920,UartTxTask,"[14920, 3758096384, 20, 1]"
188091,10851561.143518519,92,0x200080a0,32928,UartTxTask,"[32928, 3758096384, 0, 1]"
188096,10860781.222222222,90,0x20003a48,14920,TelemetryTask,"[14920, 536908656, 200, 0]"
188100,10860824.055555556,92,0x20003a48,14920,UartTxTask,"[14920, 3758096384, 20, 1]"
188105,10861560.796296297,92,0x200080a0,32928,UartTxTask,"[32928, 3758096384, 0, 1]"
188110,10870782.472222222,90,0x20003a48,14920,TelemetryTask,"[14920, 536908656, 200, 0]"
188114,10870825.462962963,92,0x20003a48,14920,UartTxTask,"[14920, 3758096384, 20, 1]"
188119,10871562.453703703,92,0x200080a0,32928,UartTxTask,"[32928, 3758096384, 0, 1]"
188124,10880781.916666666,90,0x20003a48,14920,TelemetryTask,"[14920, 536908656, 200, 0]"
188128,10880824.666666666,92,0x20003a48,14920,UartTxTask,"[14920, 3758096384, 20, 1]"
188133,10881561.319444444,92,0x200080a0,32928,UartTxTask,"[32928, 3758096384, 0, 1]"
188138,10890782.541666666,90,0x20003a48,14920,TelemetryTask,"[14920, 536908656, 200, 0]"
188142,10890826.268518519,92,0x20003a48,14920,UartTxTask,"[14920, 3758096384, 20, 1]"
188147,10891564.171296297,92,0x200080a0,32928,UartTxTask,"[32928, 3758096384, 0, 1]"
188152,10900781.532407407,90,0x20003a48,14920,TelemetryTask,"[14920, 536908656, 200, 0]"
188156,10900824.611111112,92,0x20003a48,14920,UartTxTask,"[14920, 3758096384, 20, 1]"
188161,10901561.912037037,92,0x200080a0,32928,UartTxTask,"[32928, 3758096384, 0, 1]"
188166,10910781.592592593,90,0x20003a48,14920,TelemetryTask,"[14920, 536908656, 200, 0]"
188170,10910825.060185185,92,0x20003a48,14920,UartTxTask,"[14920, 3758096384, 20, 1]"
188175,10911561.703703703,92,0x200080a0,32928,UartTxTask,"[32928, 3758096384, 0, 1]"
188180,10920781.592592593,90,0x20003a48,14920,TelemetryTask,"[14920, 536908656, 200, 0]"
188184,10920824.708333334,92,0x20003a48,14920,UartTxTask,"[14920, 3758096384, 20, 1]"
188189,10921561.481481481,92,0x200080a0,32928,UartTxTask,"[32928, 3758096384, 0, 1]"
188194,10930781.25925926,90,0x20003a48,14920,TelemetryTask,"[14920, 536908656, 200, 0]"
188198,10930824.685185185,92,0x20003a48,14920,UartTxTask,"[14920, 3758096384, 20, 1]"
188203,10931561.791666666,92,0x200080a0,32928,UartTxTask,"[32928, 3758096384, 0, 1]"
188208,10940781.527777778,90,0x20003a48,14920,TelemetryTask,"[14920, 536908656, 200, 0]"
188212,10940824.638888888,92,0x20003a48,14920,UartTxTask,"[14920, 3758096384, 20, 1]"
188217,10941561.49074074,92,0x200080a0,32928,UartTxTask,"[32928, 3758096384, 0, 1]"
188222,10950781.620370371,90,0x20003a48,14920,TelemetryTask,"[14920, 536908656, 200, 0]"
188226,10950825.041666666,92,0x20003a48,14920,UartTxTask,"[14920, 3758096384, 20, 1]"
188231,10951562.00925926,92,0x200080a0,32928,UartTxTask,"[32928, 3758096384, 0, 1]"
188235,10955344.550925925,96,0x20003970,14704,ISR#56,"[14704, 537198440]"
188239,10955379.847222222,92,0x20003970,14704,ButtonTask,"[14704, 3758096384, 4294967295, 1]"
188240,10955481.430555556,90,0x20003a48,14920,ButtonTask,"[14920, 536906932, 200, 0]"
188244,10955527.046296297,92,0x20003a48,14920,UartTxTask,"[14920, 3758096384, 20, 1]"
188249,10956261.953703703,92,0x200080a0,32928,UartTxTask,"[32928, 3758096384, 0, 1]"
188254,10960780.861111112,90,0x20003a48,14920,TelemetryTask,"[14920, 536908656, 200, 0]"
188258,10960823.828703703,92,0x20003a48,14920,UartTxTask,"[14920, 3758096384, 20, 1]"
188263,10961561.564814815,92,0x200080a0,32928,UartTxTask,"[32928, 3758096384, 0, 1]"
188268,10970781.217592593,90,0x20003a48,14920,TelemetryTask,"[14920, 536908656, 200, 0]"
188272,10970824.111111112,92,0x20003a48,14920,UartTxTask,"[14920, 3758096384, 20, 1]"
188277,10971560.86574074,92,0x200080a0,32928,UartTxTask,"[32928, 3758096384, 0, 1]"
188282,10980781.393518519,90,0x20003a48,14920,TelemetryTask,"[14920, 536908656, 200, 0]"
188286,10980824.574074075,92,0x20003a48,14920,UartTxTask,"[14920, 3758096384, 20, 1]"
188291,10981562.120370371,92,0x200080a0,32928,UartTxTask,"[32928, 3758096384, 0, 1]"
188296,10990781.879629629,90,0x20003a48,14920,TelemetryTask,"[14920, 536908656, 200, 0]"
188300,10990824.819444444,92,0x20003a48,14920,UartTxTask,"[14920, 3758096384, 20, 1]"
188305,10991562.38425926,92,0x200080a0,32928,UartTxTask,"[32928, 3758096384, 0, 1]"
188310,11000780.629629629,90,0x20003a48,14920,TelemetryTask,"[14920, 536908656, 200, 0]"
188314,11000824.277777778,92,0x20003a48,14920,UartTxTask,"[14920, 3758096384, 20, 1]"
188319,11001561.944444444,92,0x200080a0,32928,UartTxTask,"[32928, 3758096384, 0, 1]"
188324,11010781.532407407,90,0x20003a48,14920,TelemetryTask,"[14920, 536908656, 200, 0]"
188328,11010824.5,92,0x20003a48,14920,UartTxTask,"[14920, 3758096384, 20, 1]"
188333,11011561.087962963,92,0x200080a0,32928,UartTxTask,"[32928, 3758096384, 0, 1]"
188338,11020782.185185185,90,0x20003a48,14920,TelemetryTask,"[14920, 536908656, 200, 0]"
188342,11020825.263888888,92,0x20003a48,14920,UartTxTask,"[14920, 3758096384, 20, 1]"
188347,11021562.620370371,92,0x200080a0,32928,UartTxTask,"[32928, 3758096384, 0, 1]"
188352,11030781.935185185,90,0x20003a48,14920,TelemetryTask,"[14920, 536908656, 200, 0]"
188356,11030826.037037037,92,0x20003a48,14920,UartTxTask,"[14920, 3758096384, 20, 1]"
188361,11031562.833333334,92,0x200080a0,32928,UartTxTask,"[32928, 3758096384, 0, 1]"
188366,11040781.324074075,90,0x20003a48,14920,TelemetryTask,"[14920, 536908656, 200, 0]"
188370,11040824.180555556,92,0x20003a48,14920,UartTxTask,"[14920, 3758096384, 20, 1]"
188375,11041560.685185185,92,0x200080a0,32928,UartTxTask,"[32928, 3758096384, 0, 1]"
188380,11050782.162037037,90,0x20003a48,14920,TelemetryTask,"[14920, 536908656, 200, 0]"
188384,11050825.337962963,92,0x20003a48,14920,UartTxTask,"[14920, 3758096384, 20, 1]"
188389,11051562.379629629,92,0x200080a0,32928,UartTxTask,"[32928, 3758096384, 0, 1]"
188394,11060781.689814815,90,0x20003a48,14920,TelemetryTask,"[14920, 536908656, 200, 0]"
188398,11060825.351851853,92,0x20003a48,14920,UartTxTask,"[14920, 3758096384, 20, 1]"
188403,11061562.736111112,92,0x200080a0,32928,UartTxTask,"[32928, 3758096384, 0, 1]"
188408,11070782.101851853,90,0x20003a48,14920,TelemetryTask,"[14920, 536908656, 200, 0]"
188412,11070824.407407407,92,0x20003a48,14920,UartTxTask,"[14920, 3758096384, 20, 1]"
188417,11071560.893518519,92,0x200080a0,32928,UartTxTask,"[32928, 3758096384, 0, 1]"
188422,11080782.0,90,0x20003a48,14920,TelemetryTask,"[14920, 536908656, 200, 0]"
188426,11080824.129629629,92,0x20003a48,14920,UartTxTask,"[14920, 3758096384, 20, 1]"
188431,11081561.004629629,92,0x200080a0,32928,UartTxTask,"[32928, 3758096384, 0, 1]"
188436,11090781.453703703,90,0x20003a48,14920,TelemetryTask,"[14920, 536908656, 200, 0]"
188440,11090824.810185185,92,0x20003a48,14920,UartTxTask,"[14920, 3758096384, 20, 1]"
188445,11091562.138888888,92,0x200080a0,32928,UartTxTask,"[32928, 3758096384, 0, 1]"
188450,11100780.902777778,90,0x20003a48,14920,TelemetryTask,"[14920, 536908656, 200, 0]"
188454,11100824.25925926,92,0x20003a48,14920,UartTxTask,"[14920, 3758096384, 20, 1]"
188459,11101561.694444444,92,0x200080a0,32928,UartTxTask,"[32928, 3758096384, 0, 1]"
188464,11110781.092592593,90,0x20003a48,14920,TelemetryTask,"[14920, 536908656, 200, 0]"
188468,11110824.449074075,92,0x20003a48,14920,UartTxTask,"[14920, 3758096384, 20, 1]"
188473,11111561.444444444,92,0x200080a0,32928,UartTxTask,"[32928, 3758096384, 0, 1]"
188478,11120780.574074075,90,0x20003a48,14920,TelemetryTask,"[14920, 536908656, 200, 0]"
188482,11120823.814814815,92,0x20003a48,14920,UartTxTask,"[14920, 3758096384, 20, 1]"
188487,11121560.75,92,0x200080a0,32928,UartTxTask,"[32928, 3758096384, 0, 1]"
188491,11122270.810185185,96,0x20003970,14704,ISR#56,"[14704, 537198440]"
188495,11122305.546296297,92,0x20003970,14704,ButtonTask,"[14704, 3758096384, 4294967295, 1]"
188496,11122406.606481481,90,0x20003a48,14920,ButtonTask,"[14920, 536906932, 200, 0]"
188500,11122452.657407407,92,0x20003a48,14920,UartTxTask,"[14920, 3758096384, 20, 1]"
188505,11123187.972222222,92,0x200080a0,32928,UartTxTask,"[32928, 3758096384, 0, 1]"
188510,11130781.63425926,90,0x20003a48,14920,TelemetryTask,"[14920, 536908656, 200, 0]"
188514,11130824.643518519,92,0x20003a48,14920,UartTxTask,"[14920, 3758096384, 20, 1]"
188519,11131561.486111112,92,0x200080a0,32928,UartTxTask,"[32928, 3758096384, 0, 1]"
188524,11140782.564814815,90,0x20003a48,14920,TelemetryTask,"[14920, 536908656, 200, 0]"
188528,11140825.337962963,92,0x20003a48,14920,UartTxTask,"[14920, 3758096384, 20, 1]"
188533,11141562.754629629,92,0x200080a0,32928,UartTxTask,"[32928, 3758096384, 0, 1]"
188538,11150781.574074075,90,0x20003a48,14920,TelemetryTask,"[14920, 536908656, 200, 0]"
188542,11150824.574074075,92,0x20003a48,14920,UartTxTask,"[14920, 3758096384, 20, 1]"
188547,11151561.643518519,92,0x200080a0,32928,UartTxTask,"[32928, 3758096384, 0, 1]"
188552,11160781.300925925,90,0x20003a48,14920,TelemetryTask,"[14920, 536908656, 200, 0]"
188556,11160824.25,92,0x20003a48,14920,UartTxTask,"[14920, 3758096384, 20, 1]"
188561,11161560.652777778,92,0x200080a0,32928,UartTxTask,"[32928, 3758096384, 0, 1]"
188566,11170780.930555556,90,0x20003a48,14920,TelemetryTask,"[14920, 536908656, 200, 0]"
188570,11170823.662037037,92,0x20003a48,14920,UartTxTask,"[14920, 3758096384, 20, 1]"
188575,11171560.412037037,92,0x200080a0,32928,UartTxTask,"[32928, 3758096384, 0, 1]"
188580,11180781.467592593,90,0x20003a48,14920,TelemetryTask,"[14920, 536908656, 200, 0]"
188584,11180823.981481481,92,0x20003a48,14920,UartTxTask,"[14920, 3758096384, 20, 1]"
188589,11181560.435185185,92,0x200080a0,32928,UartTxTask,"[32928, 3758096384, 0, 1]"
188594,11190782.462962963,90,0x20003a48,14920,TelemetryTask,"[14920, 536908656, 200, 0]"
188598,11190825.449074075,92,0x20003a48,14920,UartTxTask,"[14920, 3758096384, 20, 1]"
188603,11191562.578703703,92,0x200080a0,32928,UartTxTask,"[32928, 3758096384, 0, 1]"
188608,11200781.13425926,90,0x20003a48,14920,TelemetryTask,"[14920, 536908656, 200, 0]"
188612,11200824.930555556,92,0x20003a48,14920,UartTxTask,"[14920, 3758096384, 20, 1]"
188617,11201561.88425926,92,0x200080a0,32928,UartTxTask,"[32928, 3758096384, 0, 1]"
188622,11210780.879629629,90,0x20003a48,14920,TelemetryTask,"[14920, 536908656, 200, 0]"
188626,11210823.879629629,92,0x20003a48,14920,UartTxTask,"[14920, 3758096384, 20, 1]"
188631,11211561.004629629,92,0x200080a0,32928,UartTxTask,"[32928, 3758096384, 0, 1]"
188636,11220781.472222222,90,0x20003a48,14920,TelemetryTask,"[14920, 536908656, 200, 0]"
188640,11220824.319444444,92,0x20003a48,14920,UartTxTask,"[14920, 3758096384, 20, 1]"
188645,11221561.666666666,92,0x200080a0,32928,UartTxTask,"[32928, 3758096384, 0, 1]"
188650,11230781.976851853,90,0x20003a48,14920,TelemetryTask,"[14920, 536908656, 200, 0]"
188654,11230825.287037037,92,0x20003a48,14920,UartTxTask,"[14920, 3758096384, 20, 1]"
188659,11231562.754629629,92,0x200080a0,32928,UartTxTask,"[32928, 3758096384, 0, 1]"
188664,11240781.949074075,90,0x20003a48,14920,TelemetryTask,"[14920, 536908656, 200, 0]"
188668,11240825.560185185,92,0x20003a48,14920,UartTxTask,"[14920, 3758096384, 20, 1]"
188673,11241562.611111112,92,0x200080a0,32928,UartTxTask,"[32928, 3758096384, 0, 1]"
188678,11250781.694444444,90,0x20003a48,14920,TelemetryTask,"[14920, 536908656, 200, 0]"
188682,11250825.083333334,92,0x20003a48,14920,UartTxTask,"[14920, 3758096384, 20, 1]"
188687,11251561.476851853,92,0x200080a0,32928,UartTxTask,"[32928, 3758096384, 0, 1]"
188692,11260781.143518519,90,0x20003a48,14920,TelemetryTask,"[14920, 536908656, 200, 0]"
188696,11260824.347222222,92,0x20003a48,14920,UartTxTask,"[14920, 3758096384, 20, 1]"
188701,11261561.388888888,92,0x200080a0,32928,UartTxTask,"[32928, 3758096384, 0, 1]"
188707,11270465.550925925,96,0x20003970,14704,ISR#56,"[14704, 537198440]"
188710,11270843.5,90,0x20003a48,14920,TelemetryTask,"[14920, 536908656, 200, 0]"
188714,11270884.685185185,92,0x20003970,14704,ButtonTask,"[14704, 3758096384, 4294967295, 1]"
188715,11270976.787037037,90,0x20003a48,14920,ButtonTask,"[14920, 536906932, 200, 0]"
188718,11271030.666666666,92,0x20003a48,14920,UartTxTask,"[14920, 3758096384, 20, 1]"
188723,11271764.972222222,92,0x200080a0,32928,UartTxTask,"[32928, 3758096384, 0, 1]"
188724,11271773.282407407,92,0x20003a48,14920,UartTxTask,"[14920, 3758096384, 20, 1]"
188729,11272511.837962963,92,0x200080a0,32928,UartTxTask,"[32928, 3758096384, 0, 1]"
188734,11280781.791666666,90,0x20003a48,14920,TelemetryTask,"[14920, 536908656, 200, 0]"
188738,11280824.597222222,92,0x20003a48,14920,UartTxTask,"[14920, 3758096384, 20, 1]"
188743,11281561.36574074,92,0x200080a0,32928,UartTxTask,"[32928, 3758096384, 0, 1]"
188748,11290781.833333334,90,0x20003a48,14920,TelemetryTask,"[14920, 536908656, 200, 0]"
188752,11290824.550925925,92,0x20003a48,14920,UartTxTask,"[14920, 3758096384, 20, 1]"
188757,11291561.574074075,92,0x200080a0,32928,UartTxTask,"[32928, 3758096384, 0, 1]"
188762,11300781.38425926,90,0x20003a48,14920,TelemetryTask,"[14920, 536908656, 200, 0]"
188766,11300824.027777778,92,0x20003a48,14920,UartTxTask,"[14920, 3758096384, 20, 1]"
188771,11301560.898148147,92,0x200080a0,32928,UartTxTask,"[32928, 3758096384, 0, 1]"
188776,11310781.61574074,90,0x20003a48,14920,TelemetryTask,"[14920, 536908656, 200, 0]"
188780,11310825.38425926,92,0x20003a48,14920,UartTxTask,"[14920, 3758096384, 20, 1]"
188785,11311562.24074074,92,0x200080a0,32928,UartTxTask,"[32928, 3758096384, 0, 1]"
188790,11320781.171296297,90,0x20003a48,14920,TelemetryTask,"[14920, 536908656, 200, 0]"
188794,11320823.828703703,92,0x20003a48,14920,UartTxTask,"[14920, 3758096384, 20, 1]"
188799,11321561.546296297,92,0x200080a0,32928,UartTxTask,"[32928, 3758096384, 0, 1]"
188804,11330782.717592593,90,0x20003a48,14920,TelemetryTask,"[14920, 536908656, 200, 0]"
188808,11330825.504629629,92,0x20003a48,14920,UartTxTask,"[14920, 3758096384, 20, 1]"
188813,11331562.199074075,92,0x200080a0,32928,UartTxTask,"[32928, 3758096384, 0, 1]"
188818,11340781.412037037,90,0x20003a48,14920,TelemetryTask,"[14920, 536908656, 200, 0]"
188822,11340824.231481481,92,0x20003a48,14920,UartTxTask,"[14920, 3758096384, 20, 1]"
188827,11341561.287037037,92,0x200080a0,32928,UartTxTask,"[32928, 3758096384, 0, 1]"
188832,11350781.291666666,90,0x20003a48,14920,TelemetryTask,"[14920, 536908656, 200, 0]"
188836,11350824.541666666,92,0x20003a48,14920,UartTxTask,"[14920, 3758096384, 20, 1]"
188841,11351560.986111112,92,0x200080a0,32928,UartTxTask,"[32928, 3758096384, 0, 1]"
188846,11360782.13425926,90,0x20003a48,14920,TelemetryTask,"[14920, 536908656, 200, 0]"
188850,11360825.38425926,92,0x20003a48,14920,UartTxTask,"[14920, 3758096384, 20, 1]"
188855,11361562.319444444,92,0x200080a0,32928,UartTxTask,"[32928, 3758096384, 0, 1]"
188860,11370780.324074075,90,0x20003a48,14920,TelemetryTask,"[14920, 536908656, 200, 0]"
188864,11370823.976851853,92,0x20003a48,14920,UartTxTask,"[14920, 3758096384, 20, 1]"
188869,11371561.106481481,92,0x200080a0,32928,UartTxTask,"[32928, 3758096384, 0, 1]"
188874,11380781.092592593,90,0x20003a48,14920,TelemetryTask,"[14920, 536908656, 200, 0]"
188878,11380824.212962963,92,0x20003a48,14920,UartTxTask,"[14920, 3758096384, 20, 1]"
188883,11381561.203703703,92,0x200080a0,32928,UartTxTask,"[32928, 3758096384, 0, 1]"
188888,11390781.569444444,90,0x20003a48,14920,TelemetryTask,"[14920, 536908656, 200, 0]"
188892,11390824.527777778,92,0x20003a48,14920,UartTxTask,"[14920, 3758096384, 20, 1]"
188897,11391561.310185185,92,0x200080a0,32928,UartTxTask,"[32928, 3758096384, 0, 1]"
188902,11400781.675925925,90,0x20003a48,14920,TelemetryTask,"[14920, 536908656, 200, 0]"
188906,11400825.263888888,92,0x20003a48,14920,UartTxTask,"[14920, 3758096384, 20, 1]"
188911,11401562.722222222,92,0x200080a0,32928,UartTxTask,"[32928, 3758096384, 0, 1]"
188916,11410781.087962963,90,0x20003a48,14920,TelemetryTask,"[14920, 536908656, 200, 0]"
188920,11410823.731481481,92,0x20003a48,14920,UartTxTask,"[14920, 3758096384, 20, 1]"
188925,11411560.569444444,92,0x200080a0,32928,UartTxTask,"[32928, 3758096384, 0, 1]"
188930,11420781.046296297,90,0x20003a48,14920,TelemetryTask,"[14920, 536908656, 200, 0]"
188934,11420824.722222222,92,0x20003a48,14920,UartTxTask,"[14920, 3758096384, 20, 1]"
188939,11421561.833333334,92,0x200080a0,32928,UartTxTask,"[32928, 3758096384, 0, 1]"
188943,11424464.583333334,96,0x20003970,14704,ISR#56,"[14704, 537198440]"
188947,11424499.74074074,92,0x20003970,14704,ButtonTask,"[14704, 3758096384, 4294967295, 1]"
188948,11424600.694444444,90,0x20003a48,14920,ButtonTask,"[14920, 536906932, 200, 0]"
188952,11424648.833333334,92,0x20003a48,14920,UartTxTask,"[14920, 3758096384, 20, 1]"
188957,11425384.171296297,92,0x200080a0,32928,UartTxTask,"[32928, 3758096384, 0, 1]"
188962,11430781.393518519,90,0x20003a48,14920,TelemetryTask,"[14920, 536908656, 200, 0]"
188966,11430824.268518519,92,0x20003a48,14920,UartTxTask,"[14920, 3758096384, 20, 1]"
188971,11431561.657407407,92,0x200080a0,32928,UartTxTask,"[32928, 3758096384, 0, 1]"
188976,11440782.25,90,0x20003a48,14920,TelemetryTask,"[14920, 536908656, 200, 0]"
188980,11440825.912037037,92,0x20003a48,14920,UartTxTask,"[14920, 3758096384, 20, 1]"
188985,11441562.453703703,92,0x200080a0,32928,UartTxTask,"[32928, 3758096384, 0, 1]"
188990,11450781.111111112,90,0x20003a48,14920,TelemetryTask,"[14920, 536908656, 200, 0]"
188994,11450824.550925925,92,0x20003a48,14920,UartTxTask,"[14920, 3758096384, 20, 1]"
188999,11451561.523148147,92,0x200080a0,32928,UartTxTask,"[32928, 3758096384, 0, 1]"
189004,11460782.736111112,90,0x20003a48,14920,TelemetryTask,"[14920, 536908656, 200, 0]"
189008,11460826.430555556,92,0x20003a48,14920,UartTxTask,"[14920, 3758096384, 20, 1]"
189013,11461563.319444444,92,0x200080a0,32928,UartTxTask,"[32928, 3758096384, 0, 1]"
189018,11470781.402777778,90,0x20003a48,14920,TelemetryTask,"[14920, 536908656, 200, 0]"
189022,11470824.736111112,92,0x20003a48,14920,UartTxTask,"[14920, 3758096384, 20, 1]"
189027,11471561.513888888,92,0x200080a0,32928,UartTxTask,"[32928, 3758096384, 0, 1]"
189032,11480781.518518519,90,0x20003a48,14920,TelemetryTask,"[14920, 536908656, 200, 0]"
189036,11480823.796296297,92,0x20003a48,14920,UartTxTask,"[14920, 3758096384, 20, 1]"
189041,11481560.916666666,92,0x200080a0,32928,UartTxTask,"[32928, 3758096384, 0, 1]"
189046,11490782.425925925,90,0x20003a48,14920,TelemetryTask,"[14920, 536908656, 200, 0]"
189050,11490826.0,92,0x20003a48,14920,UartTxTask,"[14920, 3758096384, 20, 1]"
189055,11491562.939814815,92,0x200080a0,32928,UartTxTask,"[32928, 3758096384, 0, 1]"
189060,11500781.907407407,90,0x20003a48,14920,TelemetryTask,"[14920, 536908656, 200, 0]"
189064,11500825.111111112,92,0x20003a48,14920,UartTxTask,"[14920, 3758096384, 20, 1]"
189069,11501562.662037037,92,0x200080a0,32928,UartTxTask,"[32928, 3758096384, 0, 1]"
189074,11510781.722222222,90,0x20003a48,14920,TelemetryTask,"[14920, 536908656, 200, 0]"
189078,11510824.532407407,92,0x20003a48,14920,UartTxTask,"[14920, 3758096384, 20, 1]"
189083,11511561.629629629,92,0x200080a0,32928,UartTxTask,"[32928, 3758096384, 0, 1]"
189088,11520783.162037037,90,0x20003a48,14920,TelemetryTask,"[14920, 536908656, 200, 0]"
189092,11520826.152777778,92,0x20003a48,14920,UartTxTask,"[14920, 3758096384, 20, 1]"
189097,11521563.24074074,92,0x200080a0,32928,UartTxTask,"[32928, 3758096384, 0, 1]"
189102,11530782.476851853,90,0x20003a48,14920,TelemetryTask,"[14920, 536908656, 200, 0]"
189106,11530825.833333334,92,0x20003a48,14920,UartTxTask,"[14920, 3758096384, 20, 1]"
189111,11531562.629629629,92,0x200080a0,32928,UartTxTask,"[32928, 3758096384, 0, 1]"
189116,11540782.032407407,90,0x20003a48,14920,TelemetryTask,"[14920, 536908656, 200, 0]"
189120,11540826.208333334,92,0x20003a48,14920,UartTxTask,"[14920, 3758096384, 20, 1]"
189125,11541563.25,92,0x200080a0,32928,UartTxTask,"[32928, 3758096384, 0, 1]"
189130,11550780.731481481,90,0x20003a48,14920,TelemetryTask,"[14920, 536908656, 200, 0]"
189134,11550823.629629629,92,0x20003a48,14920,UartTxTask,"[14920, 3758096384, 20, 1]"
189139,11551560.314814815,92,0x200080a0,32928,UartTxTask,"[32928, 3758096384, 0, 1]"
189144,11560781.768518519,90,0x20003a48,14920,TelemetryTask,"[14920, 536908656, 200, 0]"
189148,11560824.837962963,92,0x20003a48,14920,UartTxTask,"[14920, 3758096384, 20, 1]"
189153,11561561.296296297,92,0x200080a0,32928,UartTxTask,"[32928, 3758096384, 0, 1]"
189158,11570781.495370371,90,0x20003a48,14920,TelemetryTask,"[14920, 536908656, 200, 0]"
189162,11570824.925925925,92,0x20003a48,14920,UartTxTask,"[14920, 3758096384, 20, 1]"
189167,11571561.754629629,92,0x200080a0,32928,UartTxTask,"[32928, 3758096384, 0, 1]"
189171,11576350.796296297,96,0x20003970,14704,ISR#56,"[14704, 537198440]"
189175,11576386.069444444,92,0x20003970,14704,ButtonTask,"[14704, 3758096384, 4294967295, 1]"
189176,11576486.842592593,90,0x20003a48,14920,ButtonTask,"[14920, 536906932, 200, 0]"
189180,11576532.958333334,92,0x20003a48,14920,UartTxTask,"[14920, 3758096384, 20, 1]"
189185,11577268.023148147,92,0x200080a0,32928,UartTxTask,"[32928, 3758096384, 0, 1]"
189190,11580781.935185185,90,0x20003a48,14920,TelemetryTask,"[14920, 536908656, 200, 0]"
189194,11580825.013888888,92,0x20003a48,14920,UartTxTask,"[14920, 3758096384, 20, 1]"
189199,11581561.61574074,92,0x200080a0,32928,UartTxTask,"[32928, 3758096384, 0, 1]"
189204,11590782.13425926,90,0x20003a48,14920,TelemetryTask,"[14920, 536908656, 200, 0]"
189208,11590825.175925925,92,0x20003a48,14920,UartTxTask,"[14920, 3758096384, 20, 1]"
189213,11591562.097222222,92,0x200080a0,32928,UartTxTask,"[32928, 3758096384, 0, 1]"
189218,11600781.879629629,90,0x20003a48,14920,TelemetryTask,"[14920, 536908656, 200, 0]"
189222,11600825.175925925,92,0x20003a48,14920,UartTxTask,"[14920, 3758096384, 20, 1]"
189227,11601562.300925925,92,0x200080a0,32928,UartTxTask,"[32928, 3758096384, 0, 1]"
189232,11610781.041666666,90,0x20003a48,14920,TelemetryTask,"[14920, 536908656, 200, 0]"
189236,11610824.36574074,92,0x20003a48,14920,UartTxTask,"[14920, 3758096384, 20, 1]"
189241,11611561.754629629,92,0x200080a0,32928,UartTxTask,"[32928, 3758096384, 0, 1]"
189246,11620780.314814815,90,0x20003a48,14920,TelemetryTask,"[14920, 536908656, 200, 0]"
189250,11620823.226851853,92,0x20003a48,14920,UartTxTask,"[14920, 3758096384, 20, 1]"
189255,11621560.074074075,92,0x200080a0,32928,UartTxTask,"[32928, 3758096384, 0, 1]"
189260,11630782.351851853,90,0x20003a48,14920,TelemetryTask,"[14920, 536908656, 200, 0]"
189264,11630825.055555556,92,0x20003a48,14920,UartTxTask,"[14920, 3758096384, 20, 1]"
189269,11631562.074074075,92,0x200080a0,32928,UartTxTask,"[32928, 3758096384, 0, 1]"
189274,11640781.231481481,90,0x20003a48,14920,TelemetryTask,"[14920, 536908656, 200, 0]"
189278,11640824.087962963,92,0x20003a48,14920,UartTxTask,"[14920, 3758096384, 20, 1]"
189283,11641560.847222222,92,0x200080a0,32928,UartTxTask,"[32928, 3758096384, 0, 1]"
189288,11650781.574074075,90,0x20003a48,14920,TelemetryTask,"[14920, 536908656, 200, 0]"
189292,11650824.416666666,92,0x20003a48,14920,UartTxTask,"[14920, 3758096384, 20, 1]"
189297,11651561.074074075,92,0x200080a0,32928,UartTxTask,"[32928, 3758096384, 0, 1]"
189302,11660780.930555556,90,0x20003a48,14920,TelemetryTask,"[14920, 536908656, 200, 0]"
189306,11660823.921296297,92,0x20003a48,14920,UartTxTask,"[14920, 3758096384, 20, 1]"
189311,11661560.976851853,92,0x200080a0,32928,UartTxTask,"[32928, 3758096384, 0, 1]"
189316,11670782.0,90,0x20003a48,14920,TelemetryTask,"[14920, 536908656, 200, 0]"
189320,11670824.726851853,92,0x20003a48,14920,UartTxTask,"[14920, 3758096384, 20, 1]"
189325,11671561.787037037,92,0x200080a0,32928,UartTxTask,"[32928, 3758096384, 0, 1]"
189330,11680781.930555556,90,0x20003a48,14920,TelemetryTask,"[14920, 536908656, 200, 0]"
189334,11680824.870370371,92,0x20003a48,14920,UartTxTask,"[14920, 3758096384, 20, 1]"
189339,11681561.671296297,92,0x200080a0,32928,UartTxTask,"[32928, 3758096384, 0, 1]"
189344,11690781.555555556,90,0x20003a48,14920,TelemetryTask,"[14920, 536908656, 200, 0]"
189348,11690824.379629629,92,0x20003a48,14920,UartTxTask,"[14920, 3758096384, 20, 1]"
189353,11691561.421296297,92,0x200080a0,32928,UartTxTask,"[32928, 3758096384, 0, 1]"
189358,11700781.273148147,90,0x20003a48,14920,TelemetryTask,"[14920, 536908656, 200, 0]"
189362,11700824.523148147,92,0x20003a48,14920,UartTxTask,"[14920, 3758096384, 20, 1]"
189367,11701561.736111112,92,0x200080a0,32928,UartTxTask,"[32928, 3758096384, 0, 1]"
189372,11710782.125,90,0x20003a48,14920,TelemetryTask,"[14920, 536908656, 200, 0]"
189376,11710825.064814815,92,0x20003a48,14920,UartTxTask,"[14920, 3758096384, 20, 1]"
189381,11711562.597222222,92,0x200080a0,32928,UartTxTask,"[32928, 3758096384, 0, 1]"
189386,11720781.375,90,0x20003a48,14920,TelemetryTask,"[14920, 536908656, 200, 0]"
189390,11720824.25925926,92,0x20003a48,14920,UartTxTask,"[14920, 3758096384, 20, 1]"
189395,11721561.337962963,92,0x200080a0,32928,UartTxTask,"[32928, 3758096384, 0, 1]"
189400,11730781.328703703,90,0x20003a48,14920,TelemetryTask,"[14920, 536908656, 200, 0]"
189404,11730824.962962963,92,0x20003a48,14920,UartTxTask,"[14920, 3758096384, 20, 1]"
189409,11731561.828703703,92,0x200080a0,32928,UartTxTask,"[32928, 3758096384, 0, 1]"
189415,11739583.527777778,96,0x20003970,14704,ISR#56,"[14704, 537198440]"
189418,11740844.351851853,90,0x20003a48,14920,TelemetryTask,"[14920, 536908656, 200, 0]"
189422,11740885.782407407,92,0x20003970,14704,ButtonTask,"[14704, 3758096384, 4294967295, 1]"
189423,11740978.625,90,0x20003a48,14920,ButtonTask,"[14920, 536906932, 200, 0]"
189426,11741032.504629629,92,0x20003a48,14920,UartTxTask,"[14920, 3758096384, 20, 1]"
189431,11741766.648148147,92,0x200080a0,32928,UartTxTask,"[32928, 3758096384, 0, 1]"
189432,11741775.476851853,92,0x20003a48,14920,UartTxTask,"[14920, 3758096384, 20, 1]"
189437,11742513.550925925,92,0x200080a0,32928,UartTxTask,"[32928, 3758096384, 0, 1]"
189442,11750780.888888888,90,0x20003a48,14920,TelemetryTask,"[14920, 536908656, 200, 0]"
189446,11750823.870370371,92,0x20003a48,14920,UartTxTask,"[14920, 3758096384, 20, 1]"
189451,11751560.38425926,92,0x200080a0,32928,UartTxTask,"[32928, 3758096384, 0, 1]"
189456,11760780.226851853,90,0x20003a48,14920,TelemetryTask,"[14920, 536908656, 200, 0]"
189460,11760823.138888888,92,0x20003a48,14920,UartTxTask,"[14920, 3758096384, 20, 1]"
189465,11761560.24074074,92,0x200080a0,32928,UartTxTask,"[32928, 3758096384, 0, 1]"
189470,11770781.337962963,90,0x20003a48,14920,TelemetryTask,"[14920, 536908656, 200, 0]"
189474,11770824.754629629,92,0x20003a48,14920,UartTxTask,"[14920, 3758096384, 20, 1]"
189479,11771562.069444444,92,0x200080a0,32928,UartTxTask,"[32928, 3758096384, 0, 1]"
189484,11780781.569444444,90,0x20003a48,14920,TelemetryTask,"[14920, 536908656, 200, 0]"
189488,11780824.370370371,92,0x20003a48,14920,UartTxTask,"[14920, 3758096384, 20, 1]"
189493,11781561.421296297,92,0x200080a0,32928,UartTxTask,"[32928, 3758096384, 0, 1]"
189498,11790780.995370371,90,0x20003a48,14920,TelemetryTask,"[14920, 536908656, 200, 0]"
189502,11790824.273148147,92,0x20003a48,14920,UartTxTask,"[14920, 3758096384, 20, 1]"
189507,11791561.0,92,0x200080a0,32928,UartTxTask,"[32928, 3758096384, 0, 1]"
189512,11800782.11574074,90,0x20003a48,14920,TelemetryTask,"[14920, 536908656, 200, 0]"
189516,11800825.546296297,92,0x20003a48,14920,UartTxTask,"[14920, 3758096384, 20, 1]"
189521,11801562.870370371,92,0x200080a0,32928,UartTxTask,"[32928, 3758096384, 0, 1]"
189526,11810784.546296297,90,0x20003a48,14920,TelemetryTask,"[14920, 536908656, 200, 0]"
189530,11810828.152777778,92,0x20003a48,14920,UartTxTask,"[14920, 3758096384, 20, 1]"
189535,11811565.143518519,92,0x200080a0,32928,UartTxTask,"[32928, 3758096384, 0, 1]"
189540,11820781.324074075,90,0x20003a48,14920,TelemetryTask,"[14920, 536908656, 200, 0]"
189544,11820825.129629629,92,0x20003a48,14920,UartTxTask,"[14920, 3758096384, 20, 1]"
189549,11821562.152777778,92,0x200080a0,32928,UartTxTask,"[32928, 3758096384, 0, 1]"
189554,11830781.287037037,90,0x20003a48,14920,TelemetryTask,"[14920, 536908656, 200, 0]"
189558,11830824.416666666,92,0x20003a48,14920,UartTxTask,"[14920, 3758096384, 20, 1]"
189563,11831561.435185185,92,0x200080a0,32928,UartTxTask,"[32928, 3758096384, 0, 1]"
189568,11840781.476851853,90,0x20003a48,14920,TelemetryTask,"[14920, 536908656, 200, 0]"
189572,11840824.25,92,0x20003a48,14920,UartTxTask,"[14920, 3758096384, 20, 1]"
189577,11841561.208333334,92,0x200080a0,32928,UartTxTask,"[32928, 3758096384, 0, 1]"
189582,11850781.944444444,90,0x20003a48,14920,TelemetryTask,"[14920, 536908656, 200, 0]"
189586,11850825.162037037,92,0x20003a48,14920,UartTxTask,"[14920, 3758096384, 20, 1]"
189591,11851562.425925925,92,0x200080a0,32928,UartTxTask,"[32928, 3758096384, 0, 1]"
189596,11860781.694444444,90,0x20003a48,14920,TelemetryTask,"[14920, 536908656, 200, 0]"
189600,11860824.166666666,92,0x20003a48,14920,UartTxTask,"[14920, 3758096384, 20, 1]"
189605,11861560.546296297,92,0x200080a0,32928,UartTxTask,"[32928, 3758096384, 0, 1]"
189610,11870780.921296297,90,0x20003a48,14920,TelemetryTask,"[14920, 536908656, 200, 0]"
189614,11870824.245370371,92,0x20003a48,14920,UartTxTask,"[14920, 3758096384, 20, 1]"
189619,11871561.125,92,0x200080a0,32928,UartTxTask,"[32928, 3758096384, 0, 1]"
189624,11880781.699074075,90,0x20003a48,14920,TelemetryTask,"[14920, 536908656, 200, 0]"
189628,11880824.810185185,92,0x20003a48,14920,UartTxTask,"[14920, 3758096384, 20, 1]"
189633,11881562.138888888,92,0x200080a0,32928,UartTxTask,"[32928, 3758096384, 0, 1]"
189638,11890780.38425926,90,0x20003a48,14920,TelemetryTask,"[14920, 536908656, 200, 0]"
189642,11890823.939814815,92,0x20003a48,14920,UartTxTask,"[14920, 3758096384, 20, 1]"
189647,11891561.111111112,92,0x200080a0,32928,UartTxTask,"[32928, 3758096384, 0, 1]"
189652,11900780.217592593,90,0x20003a48,14920,TelemetryTask,"[14920, 536908656, 200, 0]"
189656,11900823.064814815,92,0x20003a48,14920,UartTxTask,"[14920, 3758096384, 20, 1]"
189661,11901559.63425926,92,0x200080a0,32928,UartTxTask,"[32928, 3758096384, 0, 1]"
189665,11905003.833333334,96,0x20003970,14704,ISR#56,"[14704, 537198440]"
189669,11905039.111111112,92,0x20003970,14704,ButtonTask,"[14704, 3758096384, 4294967295, 1]"
189670,11905142.333333334,90,0x20003a48,14920,ButtonTask,"[14920, 536906932, 200, 0]"
189674,11905188.407407407,92,0x20003a48,14920,UartTxTask,"[14920, 3758096384, 20, 1]"
189679,11905923.00925926,92,0x200080a0,32928,UartTxTask,"[32928, 3758096384, 0, 1]"
189684,11910781.393518519,90,0x20003a48,14920,TelemetryTask,"[14920, 536908656, 200, 0]"
189688,11910824.050925925,92,0x20003a48,14920,UartTxTask,"[14920, 3758096384, 20, 1]"
189693,11911561.064814815,92,0x200080a0,32928,UartTxTask,"[32928, 3758096384, 0, 1]"
189698,11920781.907407407,90,0x20003a48,14920,TelemetryTask,"[14920, 536908656, 200, 0]"
189702,11920824.902777778,92,0x20003a48,14920,UartTxTask,"[14920, 3758096384, 20, 1]"
189707,11921561.967592593,92,0x200080a0,32928,UartTxTask,"[32928, 3758096384, 0, 1]"
189712,11930781.143518519,90,0x20003a48,14920,TelemetryTask,"[14920, 536908656, 200, 0]"
189716,11930824.138888888,92,0x20003a48,14920,UartTxTask,"[14920, 3758096384, 20, 1]"
189721,11931560.907407407,92,0x200080a0,32928,UartTxTask,"[32928, 3758096384, 0, 1]"
189726,11940781.560185185,90,0x20003a48,14920,TelemetryTask,"[14920, 536908656, 200, 0]"
189730,11940824.370370371,92,0x20003a48,14920,UartTxTask,"[14920, 3758096384, 20, 1]"
189735,11941561.814814815,92,0x200080a0,32928,UartTxTask,"[32928, 3758096384, 0, 1]"
189740,11950781.435185185,90,0x20003a48,14920,TelemetryTask,"[14920, 536908656, 200, 0]"
189744,11950824.175925925,92,0x20003a48,14920,UartTxTask,"[14920, 3758096384, 20, 1]"
189749,11951561.36574074,92,0x200080a0,32928,UartTxTask,"[32928, 3758096384, 0, 1]"
189754,11960781.138888888,90,0x20003a48,14920,TelemetryTask,"[14920, 536908656, 200, 0]"
189758,11960824.935185185,92,0x20003a48,14920,UartTxTask,"[14920, 3758096384, 20, 1]"
189763,11961562.060185185,92,0x200080a0,32928,UartTxTask,"[32928, 3758096384, 0, 1]"
189768,11970781.939814815,90,0x20003a48,14920,TelemetryTask,"[14920, 536908656, 200, 0]"
189772,11970825.425925925,92,0x20003a48,14920,UartTxTask,"[14920, 3758096384, 20, 1]"
189777,11971562.439814815,92,0x200080a0,32928,UartTxTask,"[32928, 3758096384, 0, 1]"
189782,11980781.337962963,90,0x20003a48,14920,TelemetryTask,"[14920, 536908656, 200, 0]"
189786,11980823.898148147,92,0x20003a48,14920,UartTxTask,"[14920, 3758096384, 20, 1]"
189791,11981560.925925925,92,0x200080a0,32928,UartTxTask,"[32928, 3758096384, 0, 1]"
189796,11990781.699074075,90,0x20003a48,14920,TelemetryTask,"[14920, 536908656, 200, 0]"
189800,11990824.699074075,92,0x20003a48,14920,UartTxTask,"[14920, 3758096384, 20, 1]"
189805,11991561.870370371,92,0x200080a0,32928,UartTxTask,"[32928, 3758096384, 0, 1]"
189810,12000781.773148147,90,0x20003a48,14920,TelemetryTask,"[14920, 536908656, 200, 0]"
189814,12000824.935185185,92,0x20003a48,14920,UartTxTask,"[14920, 3758096384, 20, 1]"
189819,12001561.583333334,92,0x200080a0,32928,UartTxTask,"[32928, 3758096384, 0, 1]"
189824,12010780.995370371,90,0x20003a48,14920,TelemetryTask,"[14920, 536908656, 200, 0]"
189828,12010824.36574074,92,0x20003a48,14920,UartTxTask,"[14920, 3758096384, 20, 1]"
189833,12011561.606481481,92,0x200080a0,32928,UartTxTask,"[32928, 3758096384, 0, 1]"
189838,12020780.88425926,90,0x20003a48,14920,TelemetryTask,"[14920, 536908656, 200, 0]"
189842,12020824.601851853,92,0x20003a48,14920,UartTxTask,"[14920, 3758096384, 20, 1]"
189847,12021561.930555556,92,0x200080a0,32928,UartTxTask,"[32928, 3758096384, 0, 1]"
189852,12030781.902777778,90,0x20003a48,14920,TelemetryTask,"[14920, 536908656, 200, 0]"
189856,12030824.662037037,92,0x20003a48,14920,UartTxTask,"[14920, 3758096384, 20, 1]"
189861,12031561.148148147,92,0x200080a0,32928,UartTxTask,"[32928, 3758096384, 0, 1]"
189866,12040781.111111112,90,0x20003a48,14920,TelemetryTask,"[14920, 536908656, 200, 0]"
189870,12040824.106481481,92,0x20003a48,14920,UartTxTask,"[14920, 3758096384, 20, 1]"
189875,12041561.388888888,92,0x200080a0,32928,UartTxTask,"[32928, 3758096384, 0, 1]"
189880,12050781.583333334,90,0x20003a48,14920,TelemetryTask,"[14920, 536908656, 200, 0]"
189884,12050824.125,92,0x20003a48,14920,UartTxTask,"[14920, 3758096384, 20, 1]"
189889,12051561.689814815,92,0x200080a0,32928,UartTxTask,"[32928, 3758096384, 0, 1]"
189894,12060781.148148147,90,0x20003a48,14920,TelemetryTask,"[14920, 536908656, 200, 0]"
189898,12060823.939814815,92,0x20003a48,14920,UartTxTask,"[14920, 3758096384, 20, 1]"
189903,12061560.74074074,92,0x200080a0,32928,UartTxTask,"[32928, 3758096384, 0, 1]"
189908,12070780.912037037,90,0x20003a48,14920,TelemetryTask,"[14920, 536908656, 200, 0]"
189912,12070823.958333334,92,0x20003a48,14920,UartTxTask,"[14920, 3758096384, 20, 1]"
189917,12071560.86574074,92,0x200080a0,32928,UartTxTask,"[32928, 3758096384, 0, 1]"
189922,12080781.097222222,90,0x20003a48,14920,TelemetryTask,"[14920, 536908656, 200, 0]"
189926,12080824.712962963,92,0x20003a48,14920,UartTxTask,"[14920, 3758096384, 20, 1]"
189931,12081561.745370371,92,0x200080a0,32928,UartTxTask,"[32928, 3758096384, 0, 1]"
189936,12090781.004629629,90,0x20003a48,14920,TelemetryTask,"[14920, 536908656, 200, 0]"
189940,12090823.824074075,92,0x20003a48,14920,UartTxTask,"[14920, 3758096384, 20, 1]"
189945,12091560.439814815,92,0x200080a0,32928,UartTxTask,"[32928, 3758096384, 0, 1]"
189950,12100782.356481481,90,0x20003a48,14920,TelemetryTask,"[14920, 536908656, 200, 0]"
189954,12100825.453703703,92,0x20003a48,14920,UartTxTask,"[14920, 3758096384, 20, 1]"
189959,12101562.453703703,92,0x200080a0,32928,UartTxTask,"[32928, 3758096384, 0, 1]"
189964,12110782.226851853,90,0x20003a48,14920,TelemetryTask,"[14920, 536908656, 200, 0]"
189968,12110825.388888888,92,0x20003a48,14920,UartTxTask,"[14920, 3758096384, 20, 1]"
189973,12111561.944444444,92,0x200080a0,32928,UartTxTask,"[32928, 3758096384, 0, 1]"
189978,12120780.601851853,90,0x20003a48,14920,TelemetryTask,"[14920, 536908656, 200, 0]"
189982,12120823.486111112,92,0x20003a48,14920,UartTxTask,"[14920, 3758096384, 20, 1]"
189987,12121560.245370371,92,0x200080a0,32928,UartTxTask,"[32928, 3758096384, 0, 1]"
189992,12130781.981481481,90,0x20003a48,14920,TelemetryTask,"[14920, 536908656, 200, 0]"
189996,12130824.912037037,92,0x20003a48,14920,UartTxTask,"[14920, 3758096384, 20, 1]"
190001,12131562.481481481,92,0x200080a0,32928,UartTxTask,"[32928, 3758096384, 0, 1]"
190006,12140781.805555556,90,0x20003a48,14920,TelemetryTask,"[14920, 536908656, 200, 0]"
190010,12140825.189814815,92,0x20003a48,14920,UartTxTask,"[14920, 3758096384, 20, 1]"
190015,12141562.398148147,92,0x200080a0,32928,UartTxTask,"[32928, 3758096384, 0, 1]"
190020,12150781.680555556,90,0x20003a48,14920,TelemetryTask,"[14920, 536908656, 200, 0]"
190024,12150825.018518519,92,0x20003a48,14920,UartTxTask,"[14920, 3758096384, 20, 1]"
190029,12151561.879629629,92,0x200080a0,32928,UartTxTask,"[32928, 3758096384, 0, 1]"
190034,12160781.194444444,90,0x20003a48,14920,TelemetryTask,"[14920, 536908656, 200, 0]"
190038,12160824.731481481,92,0x20003a48,14920,UartTxTask,"[14920, 3758096384, 20, 1]"
190043,12161562.037037037,92,0x200080a0,32928,UartTxTask,"[32928, 3758096384, 0, 1]"
190048,12170781.606481481,90,0x20003a48,14920,TelemetryTask,"[14920, 536908656, 200, 0]"
190052,12170824.435185185,92,0x20003a48,14920,UartTxTask,"[14920, 3758096384, 20, 1]"
190057,12171560.768518519,92,0x200080a0,32928,UartTxTask,"[32928, 3758096384, 0, 1]"
190062,12180780.745370371,90,0x20003a48,14920,TelemetryTask,"[14920, 536908656, 200, 0]"
190066,12180824.152777778,92,0x20003a48,14920,UartTxTask,"[14920, 3758096384, 20, 1]"
190071,12181561.379629629,92,0x200080a0,32928,UartTxTask,"[32928, 3758096384, 0, 1]"
190076,12190781.189814815,90,0x20003a48,14920,TelemetryTask,"[14920, 536908656, 200, 0]"
190080,12190823.791666666,92,0x20003a48,14920,UartTxTask,"[14920, 3758096384, 20, 1]"
190085,12191561.120370371,92,0x200080a0,32928,UartTxTask,"[32928, 3758096384, 0, 1]"
190090,12200782.310185185,90,0x20003a48,14920,TelemetryTask,"[14920, 536908656, 200, 0]"
190094,12200826.38425926,92,0x20003a48,14920,UartTxTask,"[14920, 3758096384, 20, 1]"
190099,12201562.810185185,92,0x200080a0,32928,UartTxTask,"[32928, 3758096384, 0, 1]"
190104,12210780.995370371,90,0x20003a48,14920,TelemetryTask,"[14920, 536908656, 200, 0]"
190108,12210824.50925926,92,0x20003a48,14920,UartTxTask,"[14920, 3758096384, 20, 1]"
190113,12211561.689814815,92,0x200080a0,32928,UartTxTask,"[32928, 3758096384, 0, 1]"
190118,12220781.398148147,90,0x20003a48,14920,TelemetryTask,"[14920, 536908656, 200, 0]"
190122,12220825.208333334,92,0x20003a48,14920,UartTxTask,"[14920, 3758096384, 20, 1]"
190127,12221562.166666666,92,0x200080a0,32928,UartTxTask,"[32928, 3758096384, 0, 1]"
190132,12230781.513888888,90,0x20003a48,14920,TelemetryTask,"[14920, 536908656, 200, 0]"
190136,12230825.185185185,92,0x20003a48,14920,UartTxTask,"[14920, 3758096384, 20, 1]"
190141,12231562.532407407,92,0x200080a0,32928,UartTxTask,"[32928, 3758096384, 0, 1]"
190146,12240781.916666666,90,0x20003a48,14920,TelemetryTask,"[14920, 536908656, 200, 0]"
190150,12240825.402777778,92,0x20003a48,14920,UartTxTask,"[14920, 3758096384, 20, 1]"
190155,12241562.50925926,92,0x200080a0,32928,UartTxTask,"[32928, 3758096384, 0, 1]"
190160,12250781.097222222,90,0x20003a48,14920,TelemetryTask,"[14920, 536908656, 200, 0]"
190164,12250823.953703703,92,0x20003a48,14920,UartTxTask,"[14920, 3758096384, 20, 1]"
190169,12251560.685185185,92,0x200080a0,32928,UartTxTask,"[32928, 3758096384, 0, 1]"
190174,12260781.611111112,90,0x20003a48,14920,TelemetryTask,"[14920, 536908656, 200, 0]"
190178,12260824.939814815,92,0x20003a48,14920,UartTxTask,"[14920, 3758096384, 20, 1]"
190183,12261562.592592593,92,0x200080a0,32928,UartTxTask,"[32928, 3758096384, 0, 1]"
190188,12270781.810185185,90,0x20003a48,14920,TelemetryTask,"[14920, 536908656, 200, 0]"
190192,12270825.189814815,92,0x20003a48,14920,UartTxTask,"[14920, 3758096384, 20, 1]"
190197,12271561.847222222,92,0x200080a0,32928,UartTxTask,"[32928, 3758096384, 0, 1]"
190202,12280781.351851853,90,0x20003a48,14920,TelemetryTask,"[14920, 536908656, 200, 0]"
190206,12280824.120370371,92,0x20003a48,14920,UartTxTask,"[14920, 3758096384, 20, 1]"
190211,12281560.787037037,92,0x200080a0,32928,UartTxTask,"[32928, 3758096384, 0, 1]"
190216,12290781.032407407,90,0x20003a48,14920,TelemetryTask,"[14920, 536908656, 200, 0]"
190220,12290824.847222222,92,0x20003a48,14920,UartTxTask,"[14920, 3758096384, 20, 1]"
190225,12291561.898148147,92,0x200080a0,32928,UartTxTask,"[32928, 3758096384, 0, 1]"
190230,12300781.555555556,90,0x20003a48,14920,TelemetryTask,"[14920, 536908656, 200, 0]"
190234,12300824.495370371,92,0x20003a48,14920,UartTxTask,"[14920, 3758096384, 20, 1]"
190239,12301561.416666666,92,0x200080a0,32928,UartTxTask,"[32928, 3758096384, 0, 1]"
190244,12310781.013888888,90,0x20003a48,14920,TelemetryTask,"[14920, 536908656, 200, 0]"
190248,12310823.916666666,92,0x20003a48,14920,UartTxTask,"[14920, 3758096384, 20, 1]"
190253,12311560.912037037,92,0x200080a0,32928,UartTxTask,"[32928, 3758096384, 0, 1]"
190258,12320781.263888888,90,0x20003a48,14920,TelemetryTask,"[14920, 536908656, 200, 0]"
190262,12320824.851851853,92,0x20003a48,14920,UartTxTask,"[14920, 3758096384, 20, 1]"
190267,12321561.685185185,92,0x200080a0,32928,UartTxTask,"[32928, 3758096384, 0, 1]"
190272,12330781.444444444,90,0x20003a48,14920,TelemetryTask,"[14920, 536908656, 200, 0]"
190276,12330824.231481481,92,0x20003a48,14920,UartTxTask,"[14920, 3758096384, 20, 1]"
190281,12331561.620370371,92,0x200080a0,32928,UartTxTask,"[32928, 3758096384, 0, 1]"
190286,12340781.435185185,90,0x20003a48,14920,TelemetryTask,"[14920, 536908656, 200, 0]"
190290,12340824.981481481,92,0x20003a48,14920,UartTxTask,"[14920, 3758096384, 20, 1]"
190295,12341562.00925926,92,0x200080a0,32928,UartTxTask,"[32928, 3758096384, 0, 1]"
190300,12350781.217592593,90,0x20003a48,14920,TelemetryTask,"[14920, 536908656, 200, 0]"
190304,12350824.074074075,92,0x20003a48,14920,UartTxTask,"[14920, 3758096384, 20, 1]"
190309,12351560.828703703,92,0x200080a0,32928,UartTxTask,"[32928, 3758096384, 0, 1]"
190314,12360781.138888888,90,0x20003a48,14920,TelemetryTask,"[14920, 536908656, 200, 0]"
190318,12360824.166666666,92,0x20003a48,14920,UartTxTask,"[14920, 3758096384, 20, 1]"
190323,12361561.074074075,92,0x200080a0,32928,UartTxTask,"[32928, 3758096384, 0, 1]"
190328,12370781.550925925,90,0x20003a48,14920,TelemetryTask,"[14920, 536908656, 200, 0]"
190332,12370824.638888888,92,0x20003a48,14920,UartTxTask,"[14920, 3758096384, 20, 1]"
190337,12371561.745370371,92,0x200080a0,32928,UartTxTask,"[32928, 3758096384, 0, 1]"
190342,12380781.611111112,90,0x20003a48,14920,TelemetryTask,"[14920, 536908656, 200, 0]"
190346,12380824.606481481,92,0x20003a48,14920,UartTxTask,"[14920, 3758096384, 20, 1]"
190351,12381561.430555556,92,0x200080a0,32928,UartTxTask,"[32928, 3758096384, 0, 1]"
190356,12390782.023148147,90,0x20003a48,14920,TelemetryTask,"[14920, 536908656, 200, 0]"
190360,12390824.986111112,92,0x20003a48,14920,UartTxTask,"[14920, 3758096384, 20, 1]"
190365,12391562.305555556,92,0x200080a0,32928,UartTxTask,"[32928, 3758096384, 0, 1]"
190370,12400781.680555556,90,0x20003a48,14920,TelemetryTask,"[14920, 536908656, 200, 0]"
190374,12400824.837962963,92,0x20003a48,14920,UartTxTask,"[14920, 3758096384, 20, 1]"
190379,12401561.532407407,92,0x200080a0,32928,UartTxTask,"[32928, 3758096384, 0, 1]"
190384,12410781.291666666,90,0x20003a48,14920,TelemetryTask,"[14920, 536908656, 200, 0]"
190388,12410824.407407407,92,0x20003a48,14920,UartTxTask,"[14920, 3758096384, 20, 1]"
190393,12411562.069444444,92,0x200080a0,32928,UartTxTask,"[32928, 3758096384, 0, 1]"
190398,12420781.300925925,90,0x20003a48,14920,TelemetryTask,"[14920, 536908656, 200, 0]"
190402,12420825.120370371,92,0x20003a48,14920,UartTxTask,"[14920, 3758096384, 20, 1]"
190407,12421561.976851853,92,0x200080a0,32928,UartTxTask,"[32928, 3758096384, 0, 1]"
190412,12430781.75925926,90,0x20003a48,14920,TelemetryTask,"[14920, 536908656, 200, 0]"
190416,12430824.722222222,92,0x20003a48,14920,UartTxTask,"[14920, 3758096384, 20, 1]"
190421,12431561.467592593,92,0x200080a0,32928,UartTxTask,"[32928, 3758096384, 0, 1]"
190426,12440781.425925925,90,0x20003a48,14920,TelemetryTask,"[14920, 536908656, 200, 0]"
190430,12440824.296296297,92,0x20003a48,14920,UartTxTask,"[14920, 3758096384, 20, 1]"
190435,12441561.129629629,92,0x200080a0,32928,UartTxTask,"[32928, 3758096384, 0, 1]"
190440,12450781.388888888,90,0x20003a48,14920,TelemetryTask,"[14920, 536908656, 200, 0]"
190444,12450824.263888888,92,0x20003a48,14920,UartTxTask,"[14920, 3758096384, 20, 1]"
190449,12451561.180555556,92,0x200080a0,32928,UartTxTask,"[32928, 3758096384, 0, 1]"
190454,12460781.037037037,90,0x20003a48,14920,TelemetryTask,"[14920, 536908656, 200, 0]"
190458,12460823.995370371,92,0x20003a48,14920,UartTxTask,"[14920, 3758096384, 20, 1]"
190463,12461561.087962963,92,0x200080a0,32928,UartTxTask,"[32928, 3758096384, 0, 1]"
190468,12470780.847222222,90,0x20003a48,14920,TelemetryTask,"[14920, 536908656, 200, 0]"
190472,12470824.060185185,92,0x20003a48,14920,UartTxTask,"[14920, 3758096384, 20, 1]"
190477,12471560.541666666,92,0x200080a0,32928,UartTxTask,"[32928, 3758096384, 0, 1]"
190482,12480781.791666666,90,0x20003a48,14920,TelemetryTask,"[14920, 536908656, 200, 0]"
190486,12480824.560185185,92,0x20003a48,14920,UartTxTask,"[14920, 3758096384, 20, 1]"
190491,12481561.837962963,92,0x200080a0,32928,UartTxTask,"[32928, 3758096384, 0, 1]"
190496,12490782.13425926,90,0x20003a48,14920,TelemetryTask,"[14920, 536908656, 200, 0]"
190500,12490824.976851853,92,0x20003a48,14920,UartTxTask,"[14920, 3758096384, 20, 1]"
190505,12491561.726851853,92,0x200080a0,32928,UartTxTask,"[32928, 3758096384, 0, 1]"
190510,12500781.712962963,90,0x20003a48,14920,TelemetryTask,"[14920, 536908656, 200, 0]"
190514,12500825.217592593,92,0x20003a48,14920,UartTxTask,"[14920, 3758096384, 20, 1]"
190519,12501562.763888888,92,0x200080a0,32928,UartTxTask,"[32928, 3758096384, 0, 1]"
190524,12510781.462962963,90,0x20003a48,14920,TelemetryTask,"[14920, 536908656, 200, 0]"
190528,12510824.00925926,92,0x20003a48,14920,UartTxTask,"[14920, 3758096384, 20, 1]"
190533,12511561.143518519,92,0x200080a0,32928,UartTxTask,"[32928, 3758096384, 0, 1]"
190538,12520781.578703703,90,0x20003a48,14920,TelemetryTask,"[14920, 536908656, 200, 0]"
190542,12520825.226851853,92,0x20003a48,14920,UartTxTask,"[14920, 3758096384, 20, 1]"
190547,12521562.592592593,92,0x200080a0,32928,UartTxTask,"[32928, 3758096384, 0, 1]"
190552,12530780.958333334,90,0x20003a48,14920,TelemetryTask,"[14920, 536908656, 200, 0]"
190556,12530824.152777778,92,0x20003a48,14920,UartTxTask,"[14920, 3758096384, 20, 1]"
190561,12531560.824074075,92,0x200080a0,32928,UartTxTask,"[32928, 3758096384, 0, 1]"
190566,12540781.49074074,90,0x20003a48,14920,TelemetryTask,"[14920, 536908656, 200, 0]"
190570,12540824.50925926,92,0x20003a48,14920,UartTxTask,"[14920, 3758096384, 20, 1]"
190575,12541562.018518519,92,0x200080a0,32928,UartTxTask,"[32928, 3758096384, 0, 1]"
190580,12550781.74074074,90,0x20003a48,14920,TelemetryTask,"[14920, 536908656, 200, 0]"
190584,12550824.236111112,92,0x20003a48,14920,UartTxTask,"[14920, 3758096384, 20, 1]"
190589,12551561.527777778,92,0x200080a0,32928,UartTxTask,"[32928, 3758096384, 0, 1]"
190594,12560781.467592593,90,0x20003a48,14920,TelemetryTask,"[14920, 536908656, 200, 0]"
190598,12560824.226851853,92,0x20003a48,14920,UartTxTask,"[14920, 3758096384, 20, 1]"
190603,12561561.388888888,92,0x200080a0,32928,UartTxTask,"[32928, 3758096384, 0, 1]"
190608,12570781.347222222,90,0x20003a48,14920,TelemetryTask,"[14920, 536908656, 200, 0]"
190612,12570824.347222222,92,0x20003a48,14920,UartTxTask,"[14920, 3758096384, 20, 1]"
190617,12571561.560185185,92,0x200080a0,32928,UartTxTask,"[32928, 3758096384, 0, 1]"
190622,12580781.88425926,90,0x20003a48,14920,TelemetryTask,"[14920, 536908656, 200, 0]"
190626,12580824.88425926,92,0x20003a48,14920,UartTxTask,"[14920, 3758096384, 20, 1]"
190631,12581562.060185185,92,0x200080a0,32928,UartTxTask,"[32928, 3758096384, 0, 1]"
190636,12590781.138888888,90,0x20003a48,14920,TelemetryTask,"[14920, 536908656, 200, 0]"
190640,12590824.337962963,92,0x20003a48,14920,UartTxTask,"[14920, 3758096384, 20, 1]"
190645,12591561.347222222,92,0x200080a0,32928,UartTxTask,"[32928, 3758096384, 0, 1]"
190650,12600781.810185185,90,0x20003a48,14920,TelemetryTask,"[14920, 536908656, 200, 0]"
190654,12600825.032407407,92,0x20003a48,14920,UartTxTask,"[14920, 3758096384, 20, 1]"
190659,12601561.888888888,92,0x200080a0,32928,UartTxTask,"[32928, 3758096384, 0, 1]"
190664,12610781.486111112,90,0x20003a48,14920,TelemetryTask,"[14920, 536908656, 200, 0]"
190668,12610823.967592593,92,0x20003a48,14920,UartTxTask,"[14920, 3758096384, 20, 1]"
190673,12611561.055555556,92,0x200080a0,32928,UartTxTask,"[32928, 3758096384, 0, 1]"
190678,12620781.523148147,90,0x20003a48,14920,TelemetryTask,"[14920, 536908656, 200, 0]"
190682,12620824.314814815,92,0x20003a48,14920,UartTxTask,"[14920, 3758096384, 20, 1]"
190687,12621561.643518519,92,0x200080a0,32928,UartTxTask,"[32928, 3758096384, 0, 1]"
190692,12630781.967592593,90,0x20003a48,14920,TelemetryTask,"[14920, 536908656, 200, 0]"
190696,12630824.898148147,92,0x20003a48,14920,UartTxTask,"[14920, 3758096384, 20, 1]"
190701,12631561.768518519,92,0x200080a0,32928,UartTxTask,"[32928, 3758096384, 0, 1]"
190706,12640781.851851853,90,0x20003a48,14920,TelemetryTask,"[14920, 536908656, 200, 0]"
190710,12640824.787037037,92,0x20003a48,14920,UartTxTask,"[14920, 3758096384, 20, 1]"
190715,12641561.291666666,92,0x200080a0,32928,UartTxTask,"[32928, 3758096384, 0, 1]"
190720,12650781.717592593,90,0x20003a48,14920,TelemetryTask,"[14920, 536908656, 200, 0]"
190724,12650824.555555556,92,0x20003a48,14920,UartTxTask,"[14920, 3758096384, 20, 1]"
190729,12651561.143518519,92,0x200080a0,32928,UartTxTask,"[32928, 3758096384, 0, 1]"
190734,12660781.745370371,90,0x20003a48,14920,TelemetryTask,"[14920, 536908656, 200, 0]"
190738,12660824.763888888,92,0x20003a48,14920,UartTxTask,"[14920, 3758096384, 20, 1]"
190743,12661561.902777778,92,0x200080a0,32928,UartTxTask,"[32928, 3758096384, 0, 1]"
190748,12670782.148148147,90,0x20003a48,14920,TelemetryTask,"[14920, 536908656, 200, 0]"
190752,12670825.351851853,92,0x20003a48,14920,UartTxTask,"[14920, 3758096384, 20, 1]"
190757,12671562.402777778,92,0x200080a0,32928,UartTxTask,"[32928, 3758096384, 0, 1]"
190762,12680782.523148147,90,0x20003a48,14920,TelemetryTask,"[14920, 536908656, 200, 0]"
190766,12680825.777777778,92,0x20003a48,14920,UartTxTask,"[14920, 3758096384, 20, 1]"
190771,12681562.527777778,92,0x200080a0,32928,UartTxTask,"[32928, 3758096384, 0, 1]"
190776,12690781.861111112,90,0x20003a48,14920,TelemetryTask,"[14920, 536908656, 200, 0]"
190780,12690825.087962963,92,0x20003a48,14920,UartTxTask,"[14920, 3758096384, 20, 1]"
190785,12691562.004629629,92,0x200080a0,32928,UartTxTask,"[32928, 3758096384, 0, 1]"
190790,12700782.208333334,90,0x20003a48,14920,TelemetryTask,"[14920, 536908656, 200, 0]"
190794,12700824.736111112,92,0x20003a48,14920,UartTxTask,"[14920, 3758096384, 20, 1]"
190799,12701561.518518519,92,0x200080a0,32928,UartTxTask,"[32928, 3758096384, 0, 1]"
190804,12710781.212962963,90,0x20003a48,14920,TelemetryTask,"[14920, 536908656, 200, 0]"
190808,12710824.111111112,92,0x20003a48,14920,UartTxTask,"[14920, 3758096384, 20, 1]"
190813,12711560.851851853,92,0x200080a0,32928,UartTxTask,"[32928, 3758096384, 0, 1]"
190818,12720781.768518519,90,0x20003a48,14920,TelemetryTask,"[14920, 536908656, 200, 0]"
190822,12720824.666666666,92,0x20003a48,14920,UartTxTask,"[14920, 3758096384, 20, 1]"
190827,12721561.787037037,92,0x200080a0,32928,UartTxTask,"[32928, 3758096384, 0, 1]"
190832,12730781.800925925,90,0x20003a48,14920,TelemetryTask,"[14920, 536908656, 200, 0]"
190836,12730824.986111112,92,0x20003a48,14920,UartTxTask,"[14920, 3758096384, 20, 1]"
190841,12731561.75925926,92,0x200080a0,32928,UartTxTask,"[32928, 3758096384, 0, 1]"
190846,12740780.5,90,0x20003a48,14920,TelemetryTask,"[14920, 536908656, 200, 0]"
190850,12740823.564814815,92,0x20003a48,14920,UartTxTask,"[14920, 3758096384, 20, 1]"
190855,12741560.287037037,92,0x200080a0,32928,UartTxTask,"[32928, 3758096384, 0, 1]"
190860,12750782.217592593,90,0x20003a48,14920,TelemetryTask,"[14920, 536908656, 200, 0]"
190864,12750825.148148147,92,0x20003a48,14920,UartTxTask,"[14920, 3758096384, 20, 1]"
190869,12751561.949074075,92,0x200080a0,32928,UartTxTask,"[32928, 3758096384, 0, 1]"
190874,12760781.773148147,90,0x20003a48,14920,TelemetryTask,"[14920, 536908656, 200, 0]"
190878,12760825.333333334,92,0x20003a48,14920,UartTxTask,"[14920, 3758096384, 20, 1]"
190883,12761562.680555556,92,0x200080a0,32928,UartTxTask,"[32928, 3758096384, 0, 1]"
190888,12770781.282407407,90,0x20003a48,14920,TelemetryTask,"[14920, 536908656, 200, 0]"
190892,12770824.601851853,92,0x20003a48,14920,UartTxTask,"[14920, 3758096384, 20, 1]"
190897,12771561.833333334,92,0x200080a0,32928,UartTxTask,"[32928, 3758096384, 0, 1]"
190902,12780781.921296297,90,0x20003a48,14920,TelemetryTask,"[14920, 536908656, 200, 0]"
190906,12780825.430555556,92,0x20003a48,14920,UartTxTask,"[14920, 3758096384, 20, 1]"
190911,12781562.597222222,92,0x200080a0,32928,UartTxTask,"[32928, 3758096384, 0, 1]"
190916,12790781.606481481,90,0x20003a48,14920,TelemetryTask,"[14920, 536908656, 200, 0]"
190920,12790824.592592593,92,0x20003a48,14920,UartTxTask,"[14920, 3758096384, 20, 1]"
190925,12791562.254629629,92,0x200080a0,32928,UartTxTask,"[32928, 3758096384, 0, 1]"
190930,12800781.277777778,90,0x20003a48,14920,TelemetryTask,"[14920, 536908656, 200, 0]"
190934,12800824.833333334,92,0x20003a48,14920,UartTxTask,"[14920, 3758096384, 20, 1]"
190939,12801562.101851853,92,0x200080a0,32928,UartTxTask,"[32928, 3758096384, 0, 1]"
190944,12810781.310185185,90,0x20003a48,14920,TelemetryTask,"[14920, 536908656, 200, 0]"
190948,12810824.513888888,92,0x20003a48,14920,UartTxTask,"[14920, 3758096384, 20, 1]"
190953,12811561.680555556,92,0x200080a0,32928,UartTxTask,"[32928, 3758096384, 0, 1]"
190958,12820781.481481481,90,0x20003a48,14920,TelemetryTask,"[14920, 536908656, 200, 0]"
190962,12820824.435185185,92,0x20003a48,14920,UartTxTask,"[14920, 3758096384, 20, 1]"
190967,12821561.356481481,92,0x200080a0,32928,UartTxTask,"[32928, 3758096384, 0, 1]"
190972,12830781.638888888,90,0x20003a48,14920,TelemetryTask,"[14920, 536908656, 200, 0]"
190976,12830824.541666666,92,0x20003a48,14920,UartTxTask,"[14920, 3758096384, 20, 1]"
190981,12831561.49074074,92,0x200080a0,32928,UartTxTask,"[32928, 3758096384, 0, 1]"
190986,12840781.527777778,90,0x20003a48,14920,TelemetryTask,"[14920, 536908656, 200, 0]"
190990,12840824.324074075,92,0x20003a48,14920,UartTxTask,"[14920, 3758096384, 20, 1]"
190995,12841561.180555556,92,0x200080a0,32928,UartTxTask,"[32928, 3758096384, 0, 1]"
191000,12850781.393518519,90,0x20003a48,14920,TelemetryTask,"[14920, 536908656, 200, 0]"
191004,12850824.236111112,92,0x20003a48,14920,UartTxTask,"[14920, 3758096384, 20, 1]"
191009,12851560.995370371,92,0x200080a0,32928,UartTxTask,"[32928, 3758096384, 0, 1]"
191014,12860780.625,90,0x20003a48,14920,TelemetryTask,"[14920, 536908656, 200, 0]"
191018,12860823.638888888,92,0x20003a48,14920,UartTxTask,"[14920, 3758096384, 20, 1]"
191023,12861560.152777778,92,0x200080a0,32928,UartTxTask,"[32928, 3758096384, 0, 1]"
191028,12870781.643518519,90,0x20003a48,14920,TelemetryTask,"[14920, 536908656, 200, 0]"
191032,12870824.449074075,92,0x20003a48,14920,UartTxTask,"[14920, 3758096384, 20, 1]"
191037,12871561.379629629,92,0x200080a0,32928,UartTxTask,"[32928, 3758096384, 0, 1]"
191042,12880780.856481481,90,0x20003a48,14920,TelemetryTask,"[14920, 536908656, 200, 0]"
191046,12880823.578703703,92,0x20003a48,14920,UartTxTask,"[14920, 3758096384, 20, 1]"
191051,12881560.027777778,92,0x200080a0,32928,UartTxTask,"[32928, 3758096384, 0, 1]"
191056,12890781.597222222,90,0x20003a48,14920,TelemetryTask,"[14920, 536908656, 200, 0]"
191060,12890824.625,92,0x20003a48,14920,UartTxTask,"[14920, 3758096384, 20, 1]"
191065,12891561.833333334,92,0x200080a0,32928,UartTxTask,"[32928, 3758096384, 0, 1]"
191070,12900781.75,90,0x20003a48,14920,TelemetryTask,"[14920, 536908656, 200, 0]"
191074,12900824.800925925,92,0x20003a48,14920,UartTxTask,"[14920, 3758096384, 20, 1]"
191079,12901561.541666666,92,0x200080a0,32928,UartTxTask,"[32928, 3758096384, 0, 1]"
191084,12910781.49074074,90,0x20003a48,14920,TelemetryTask,"[14920, 536908656, 200, 0]"
191088,12910824.75925926,92,0x20003a48,14920,UartTxTask,"[14920, 3758096384, 20, 1]"
191093,12911561.356481481,92,0x200080a0,32928,UartTxTask,"[32928, 3758096384, 0, 1]"
191098,12920781.893518519,90,0x20003a48,14920,TelemetryTask,"[14920, 536908656, 200, 0]"
191102,12920825.111111112,92,0x20003a48,14920,UartTxTask,"[14920, 3758096384, 20, 1]"
191107,12921562.324074075,92,0x200080a0,32928,UartTxTask,"[32928, 3758096384, 0, 1]"
191112,12930780.356481481,90,0x20003a48,14920,TelemetryTask,"[14920, 536908656, 200, 0]"
191116,12930823.680555556,92,0x20003a48,14920,UartTxTask,"[14920, 3758096384, 20, 1]"
191121,12931560.439814815,92,0x200080a0,32928,UartTxTask,"[32928, 3758096384, 0, 1]"
191126,12940781.435185185,90,0x20003a48,14920,TelemetryTask,"[14920, 536908656, 200, 0]"
191130,12940824.986111112,92,0x20003a48,14920,UartTxTask,"[14920, 3758096384, 20, 1]"
191135,12941562.074074075,92,0x200080a0,32928,UartTxTask,"[32928, 3758096384, 0, 1]"
191140,12950781.888888888,90,0x20003a48,14920,TelemetryTask,"[14920, 536908656, 200, 0]"
191144,12950825.041666666,92,0x20003a48,14920,UartTxTask,"[14920, 3758096384, 20, 1]"
191149,12951562.254629629,92,0x200080a0,32928,UartTxTask,"[32928, 3758096384, 0, 1]"
191154,12960781.703703703,90,0x20003a48,14920,TelemetryTask,"[14920, 536908656, 200, 0]"
191158,12960824.708333334,92,0x20003a48,14920,UartTxTask,"[14920, 3758096384, 20, 1]"
191163,12961561.462962963,92,0x200080a0,32928,UartTxTask,"[32928, 3758096384, 0, 1]"
191168,12970782.041666666,90,0x20003a48,14920,TelemetryTask,"[14920, 536908656, 200, 0]"
191172,12970825.13425926,92,0x20003a48,14920,UartTxTask,"[14920, 3758096384, 20, 1]"
191177,12971562.166666666,92,0x200080a0,32928,UartTxTask,"[32928, 3758096384, 0, 1]"
191182,12980782.106481481,90,0x20003a48,14920,TelemetryTask,"[14920, 536908656, 200, 0]"
191186,12980825.231481481,92,0x20003a48,14920,UartTxTask,"[14920, 3758096384, 20, 1]"
191191,12981561.976851853,92,0x200080a0,32928,UartTxTask,"[32928, 3758096384, 0, 1]"
191196,12990782.287037037,90,0x20003a48,14920,TelemetryTask,"[14920, 536908656, 200, 0]"
191200,12990825.277777778,92,0x20003a48,14920,UartTxTask,"[14920, 3758096384, 20, 1]"
191205,12991561.995370371,92,0x200080a0,32928,UartTxTask,"[32928, 3758096384, 0, 1]"
191210,13000782.087962963,90,0x20003a48,14920,TelemetryTask,"[14920, 536908656, 200, 0]"
191214,13000825.75,92,0x20003a48,14920,UartTxTask,"[14920, 3758096384, 20, 1]"
191219,13001562.449074075,92,0x200080a0,32928,UartTxTask,"[32928, 3758096384, 0, 1]"
191224,13010781.768518519,90,0x20003a48,14920,TelemetryTask,"[14920, 536908656, 200, 0]"
191228,13010824.532407407,92,0x20003a48,14920,UartTxTask,"[14920, 3758096384, 20, 1]"
191233,13011561.657407407,92,0x200080a0,32928,UartTxTask,"[32928, 3758096384, 0, 1]"
191238,13020780.675925925,90,0x20003a48,14920,TelemetryTask,"[14920, 536908656, 200, 0]"
191242,13020824.430555556,92,0x20003a48,14920,UartTxTask,"[14920, 3758096384, 20, 1]"
191247,13021561.185185185,92,0x200080a0,32928,UartTxTask,"[32928, 3758096384, 0, 1]"
191252,13030780.907407407,90,0x20003a48,14920,TelemetryTask,"[14920, 536908656, 200, 0]"
191256,13030823.74074074,92,0x20003a48,14920,UartTxTask,"[14920, 3758096384, 20, 1]"
191261,13031560.462962963,92,0x200080a0,32928,UartTxTask,"[32928, 3758096384, 0, 1]"
191266,13040780.907407407,90,0x20003a48,14920,TelemetryTask,"[14920, 536908656, 200, 0]"
191270,13040824.458333334,92,0x20003a48,14920,UartTxTask,"[14920, 3758096384, 20, 1]"
191275,13041561.458333334,92,0x200080a0,32928,UartTxTask,"[32928, 3758096384, 0, 1]"
191280,13050782.300925925,90,0x20003a48,14920,TelemetryTask,"[14920, 536908656, 200, 0]"
191284,13050825.120370371,92,0x20003a48,14920,UartTxTask,"[14920, 3758096384, 20, 1]"
191289,13051562.541666666,92,0x200080a0,32928,UartTxTask,"[32928, 3758096384, 0, 1]"
191294,13060781.083333334,90,0x20003a48,14920,TelemetryTask,"[14920, 536908656, 200, 0]"
191298,13060824.49074074,92,0x20003a48,14920,UartTxTask,"[14920, 3758096384, 20, 1]"
191303,13061561.666666666,92,0x200080a0,32928,UartTxTask,"[32928, 3758096384, 0, 1]"
191308,13070782.24074074,90,0x20003a48,14920,TelemetryTask,"[14920, 536908656, 200, 0]"
191312,13070825.379629629,92,0x20003a48,14920,UartTxTask,"[14920, 3758096384, 20, 1]"
191317,13071562.046296297,92,0x200080a0,32928,UartTxTask,"[32928, 3758096384, 0, 1]"
191322,13080780.754629629,90,0x20003a48,14920,TelemetryTask,"[14920, 536908656, 200, 0]"
191326,13080824.328703703,92,0x20003a48,14920,UartTxTask,"[14920, 3758096384, 20, 1]"
191331,13081561.379629629,92,0x200080a0,32928,UartTxTask,"[32928, 3758096384, 0, 1]"
191336,13090781.986111112,90,0x20003a48,14920,TelemetryTask,"[14920, 536908656, 200, 0]"
191340,13090824.837962963,92,0x20003a48,14920,UartTxTask,"[14920, 3758096384, 20, 1]"
191345,13091561.13425926,92,0x200080a0,32928,UartTxTask,"[32928, 3758096384, 0, 1]"
191350,13100781.050925925,90,0x20003a48,14920,TelemetryTask,"[14920, 536908656, 200, 0]"
191354,13100823.754629629,92,0x20003a48,14920,UartTxTask,"[14920, 3758096384, 20, 1]"
191359,13101560.597222222,92,0x200080a0,32928,UartTxTask,"[32928, 3758096384, 0, 1]"
191364,13110781.768518519,90,0x20003a48,14920,TelemetryTask,"[14920, 536908656, 200, 0]"
191368,13110824.435185185,92,0x20003a48,14920,UartTxTask,"[14920, 3758096384, 20, 1]"
191373,13111561.324074075,92,0x200080a0,32928,UartTxTask,"[32928, 3758096384, 0, 1]"
191378,13120781.847222222,90,0x20003a48,14920,TelemetryTask,"[14920, 536908656, 200, 0]"
191382,13120825.143518519,92,0x20003a48,14920,UartTxTask,"[14920, 3758096384, 20, 1]"
191387,13121561.986111112,92,0x200080a0,32928,UartTxTask,"[32928, 3758096384, 0, 1]"
191392,13130782.101851853,90,0x20003a48,14920,TelemetryTask,"[14920, 536908656, 200, 0]"
191396,13130824.851851853,92,0x20003a48,14920,UartTxTask,"[14920, 3758096384, 20, 1]"
191401,13131561.810185185,92,0x200080a0,32928,UartTxTask,"[32928, 3758096384, 0, 1]"
191406,13140781.333333334,90,0x20003a48,14920,TelemetryTask,"[14920, 536908656, 200, 0]"
191410,13140824.425925925,92,0x20003a48,14920,UartTxTask,"[14920, 3758096384, 20, 1]"
191415,13141561.699074075,92,0x200080a0,32928,UartTxTask,"[32928, 3758096384, 0, 1]"
191420,13150781.444444444,90,0x20003a48,14920,TelemetryTask,"[14920, 536908656, 200, 0]"
191424,13150824.833333334,92,0x20003a48,14920,UartTxTask,"[14920, 3758096384, 20, 1]"
191429,13151562.203703703,92,0x200080a0,32928,UartTxTask,"[32928, 3758096384, 0, 1]"
191434,13160780.875,90,0x20003a48,14920,TelemetryTask,"[14920, 536908656, 200, 0]"
191438,13160823.731481481,92,0x20003a48,14920,UartTxTask,"[14920, 3758096384, 20, 1]"
191443,13161560.550925925,92,0x200080a0,32928,UartTxTask,"[32928, 3758096384, 0, 1]"
191448,13170781.847222222,90,0x20003a48,14920,TelemetryTask,"[14920, 536908656, 200, 0]"
191452,13170824.814814815,92,0x20003a48,14920,UartTxTask,"[14920, 3758096384, 20, 1]"
191457,13171561.842592593,92,0x200080a0,32928,UartTxTask,"[32928, 3758096384, 0, 1]"
191462,13180781.810185185,90,0x20003a48,14920,TelemetryTask,"[14920, 536908656, 200, 0]"
191466,13180824.592592593,92,0x20003a48,14920,UartTxTask,"[14920, 3758096384, 20, 1]"
191471,13181561.648148147,92,0x200080a0,32928,UartTxTask,"[32928, 3758096384, 0, 1]"
191476,13190780.541666666,90,0x20003a48,14920,TelemetryTask,"[14920, 536908656, 200, 0]"
191480,13190823.611111112,92,0x20003a48,14920,UartTxTask,"[14920, 3758096384, 20, 1]"
191485,13191560.569444444,92,0x200080a0,32928,UartTxTask,"[32928, 3758096384, 0, 1]"
191490,13200781.518518519,90,0x20003a48,14920,TelemetryTask,"[14920, 536908656, 200, 0]"
191494,13200824.199074075,92,0x20003a48,14920,UartTxTask,"[14920, 3758096384, 20, 1]"
191499,13201560.935185185,92,0x200080a0,32928,UartTxTask,"[32928, 3758096384, 0, 1]"
191504,13210780.972222222,90,0x20003a48,14920,TelemetryTask,"[14920, 536908656, 200, 0]"
191508,13210824.351851853,92,0x20003a48,14920,UartTxTask,"[14920, 3758096384, 20, 1]"
191513,13211561.388888888,92,0x200080a0,32928,UartTxTask,"[32928, 3758096384, 0, 1]"
191518,13220781.763888888,90,0x20003a48,14920,TelemetryTask,"[14920, 536908656, 200, 0]"
191522,13220825.00925926,92,0x20003a48,14920,UartTxTask,"[14920, 3758096384, 20, 1]"
191527,13221562.629629629,92,0x200080a0,32928,UartTxTask,"[32928, 3758096384, 0, 1]"
191532,13230781.143518519,90,0x20003a48,14920,TelemetryTask,"[14920, 536908656, 200, 0]"
191536,13230824.361111112,92,0x20003a48,14920,UartTxTask,"[14920, 3758096384, 20, 1]"
191541,13231561.226851853,92,0x200080a0,32928,UartTxTask,"[32928, 3758096384, 0, 1]"
191546,13240780.939814815,90,0x20003a48,14920,TelemetryTask,"[14920, 536908656, 200, 0]"
191550,13240824.337962963,92,0x20003a48,14920,UartTxTask,"[14920, 3758096384, 20, 1]"
191555,13241561.157407407,92,0x200080a0,32928,UartTxTask,"[32928, 3758096384, 0, 1]"
191560,13250781.611111112,90,0x20003a48,14920,TelemetryTask,"[14920, 536908656, 200, 0]"
191564,13250824.560185185,92,0x20003a48,14920,UartTxTask,"[14920, 3758096384, 20, 1]"
191569,13251561.796296297,92,0x200080a0,32928,UartTxTask,"[32928, 3758096384, 0, 1]"
191574,13260781.449074075,90,0x20003a48,14920,TelemetryTask,"[14920, 536908656, 200, 0]"
191578,13260824.791666666,92,0x20003a48,14920,UartTxTask,"[14920, 3758096384, 20, 1]"
191583,13261561.810185185,92,0x200080a0,32928,UartTxTask,"[32928, 3758096384, 0, 1]"
191588,13270781.180555556,90,0x20003a48,14920,TelemetryTask,"[14920, 536908656, 200, 0]"
191592,13270824.662037037,92,0x20003a48,14920,UartTxTask,"[14920, 3758096384, 20, 1]"
191597,13271562.087962963,92,0x200080a0,32928,UartTxTask,"[32928, 3758096384, 0, 1]"
191602,13280781.625,90,0x20003a48,14920,TelemetryTask,"[14920, 536908656, 200, 0]"
191606,13280824.476851853,92,0x20003a48,14920,UartTxTask,"[14920, 3758096384, 20, 1]"
191611,13281561.597222222,92,0x200080a0,32928,UartTxTask,"[32928, 3758096384, 0, 1]"
191616,13290781.319444444,90,0x20003a48,14920,TelemetryTask,"[14920, 536908656, 200, 0]"
191620,13290824.824074075,92,0x20003a48,14920,UartTxTask,"[14920, 3758096384, 20, 1]"
191625,13291561.592592593,92,0x200080a0,32928,UartTxTask,"[32928, 3758096384, 0, 1]"
191630,13300781.472222222,90,0x20003a48,14920,TelemetryTask,"[14920, 536908656, 200, 0]"
191634,13300824.458333334,92,0x20003a48,14920,UartTxTask,"[14920, 3758096384, 20, 1]"
191639,13301561.199074075,92,0x200080a0,32928,UartTxTask,"[32928, 3758096384, 0, 1]"
191644,13310781.731481481,90,0x20003a48,14920,TelemetryTask,"[14920, 536908656, 200, 0]"
191648,13310824.916666666,92,0x20003a48,14920,UartTxTask,"[14920, 3758096384, 20, 1]"
191653,13311562.25,92,0x200080a0,32928,UartTxTask,"[32928, 3758096384, 0, 1]"
191658,13320780.791666666,90,0x20003a48,14920,TelemetryTask,"[14920, 536908656, 200, 0]"
191662,13320823.467592593,92,0x20003a48,14920,UartTxTask,"[14920, 3758096384, 20, 1]"
191667,13321559.879629629,92,0x200080a0,32928,UartTxTask,"[32928, 3758096384, 0, 1]"
191672,13330781.935185185,90,0x20003a48,14920,TelemetryTask,"[14920, 536908656, 200, 0]"
191676,13330824.36574074,92,0x20003a48,14920,UartTxTask,"[14920, 3758096384, 20, 1]"
191681,13331562.041666666,92,0x200080a0,32928,UartTxTask,"[32928, 3758096384, 0, 1]"
191686,13340782.851851853,90,0x20003a48,14920,TelemetryTask,"[14920, 536908656, 200, 0]"
191690,13340826.032407407,92,0x20003a48,14920,UartTxTask,"[14920, 3758096384, 20, 1]"
191695,13341563.00925926,92,0x200080a0,32928,UartTxTask,"[32928, 3758096384, 0, 1]"
191700,13350781.888888888,90,0x20003a48,14920,TelemetryTask,"[14920, 536908656, 200, 0]"
191704,13350824.814814815,92,0x20003a48,14920,UartTxTask,"[14920, 3758096384, 20, 1]"
191709,13351561.75925926,92,0x200080a0,32928,UartTxTask,"[32928, 3758096384, 0, 1]"
191714,13360781.791666666,90,0x20003a48,14920,TelemetryTask,"[14920, 536908656, 200, 0]"
191718,13360825.444444444,92,0x20003a48,14920,UartTxTask,"[14920, 3758096384, 20, 1]"
191723,13361562.38425926,92,0x200080a0,32928,UartTxTask,"[32928, 3758096384, 0, 1]"
191728,13370781.212962963,90,0x20003a48,14920,TelemetryTask,"[14920, 536908656, 200, 0]"
191732,13370824.773148147,92,0x20003a48,14920,UartTxTask,"[14920, 3758096384, 20, 1]"
191737,13371561.685185185,92,0x200080a0,32928,UartTxTask,"[32928, 3758096384, 0, 1]"
191742,13380781.564814815,90,0x20003a48,14920,TelemetryTask,"[14920, 536908656, 200, 0]"
191746,13380824.560185185,92,0x20003a48,14920,UartTxTask,"[14920, 3758096384, 20, 1]"
191751,13381561.944444444,92,0x200080a0,32928,UartTxTask,"[32928, 3758096384, 0, 1]"
191756,13390780.555555556,90,0x20003a48,14920,TelemetryTask,"[14920, 536908656, 200, 0]"
191760,13390823.287037037,92,0x20003a48,14920,UartTxTask,"[14920, 3758096384, 20, 1]"
191765,13391561.453703703,92,0x200080a0,32928,UartTxTask,"[32928, 3758096384, 0, 1]"
191770,13400781.657407407,90,0x20003a48,14920,TelemetryTask,"[14920, 536908656, 200, 0]"
191774,13400825.226851853,92,0x20003a48,14920,UartTxTask,"[14920, 3758096384, 20, 1]"
191779,13401561.777777778,92,0x200080a0,32928,UartTxTask,"[32928, 3758096384, 0, 1]"
191784,13410782.111111112,90,0x20003a48,14920,TelemetryTask,"[14920, 536908656, 200, 0]"
191788,13410825.550925925,92,0x20003a48,14920,UartTxTask,"[14920, 3758096384, 20, 1]"
191793,13411563.143518519,92,0x200080a0,32928,UartTxTask,"[32928, 3758096384, 0, 1]"
191798,13420781.430555556,90,0x20003a48,14920,TelemetryTask,"[14920, 536908656, 200, 0]"
191802,13420824.569444444,92,0x20003a48,14920,UartTxTask,"[14920, 3758096384, 20, 1]"
191807,13421561.347222222,92,0x200080a0,32928,UartTxTask,"[32928, 3758096384, 0, 1]"
191812,13430781.935185185,90,0x20003a48,14920,TelemetryTask,"[14920, 536908656, 200, 0]"
191816,13430824.925925925,92,0x20003a48,14920,UartTxTask,"[14920, 3758096384, 20, 1]"
191821,13431561.944444444,92,0x200080a0,32928,UartTxTask,"[32928, 3758096384, 0, 1]"
191826,13440782.421296297,90,0x20003a48,14920,TelemetryTask,"[14920, 536908656, 200, 0]"
191830,13440825.069444444,92,0x20003a48,14920,UartTxTask,"[14920, 3758096384, 20, 1]"
191835,13441561.861111112,92,0x200080a0,32928,UartTxTask,"[32928, 3758096384, 0, 1]"
191840,13450781.027777778,90,0x20003a48,14920,TelemetryTask,"[14920, 536908656, 200, 0]"
191844,13450823.722222222,92,0x20003a48,14920,UartTxTask,"[14920, 3758096384, 20, 1]"
191849,13451561.203703703,92,0x200080a0,32928,UartTxTask,"[32928, 3758096384, 0, 1]"
191854,13460781.106481481,90,0x20003a48,14920,TelemetryTask,"[14920, 536908656, 200, 0]"
191858,13460824.578703703,92,0x20003a48,14920,UartTxTask,"[14920, 3758096384, 20, 1]"
191863,13461561.254629629,92,0x200080a0,32928,UartTxTask,"[32928, 3758096384, 0, 1]"
191868,13470781.351851853,90,0x20003a48,14920,TelemetryTask,"[14920, 536908656, 200, 0]"
191872,13470824.078703703,92,0x20003a48,14920,UartTxTask,"[14920, 3758096384, 20, 1]"
191877,13471560.597222222,92,0x200080a0,32928,UartTxTask,"[32928, 3758096384, 0, 1]"
191882,13480781.675925925,90,0x20003a48,14920,TelemetryTask,"[14920, 536908656, 200, 0]"
191886,13480824.652777778,92,0x20003a48,14920,UartTxTask,"[14920, 3758096384, 20, 1]"
191891,13481562.069444444,92,0x200080a0,32928,UartTxTask,"[32928, 3758096384, 0, 1]"
191896,13490780.972222222,90,0x20003a48,14920,TelemetryTask,"[14920, 536908656, 200, 0]"
191900,13490823.407407407,92,0x20003a48,14920,UartTxTask,"[14920, 3758096384, 20, 1]"
191905,13491560.495370371,92,0x200080a0,32928,UartTxTask,"[32928, 3758096384, 0, 1]"
191910,13500781.972222222,90,0x20003a48,14920,TelemetryTask,"[14920, 536908656, 200, 0]"
191914,13500825.083333334,92,0x20003a48,14920,UartTxTask,"[14920, 3758096384, 20, 1]"
191919,13501562.263888888,92,0x200080a0,32928,UartTxTask,"[32928, 3758096384, 0, 1]"
191924,13510781.449074075,90,0x20003a48,14920,TelemetryTask,"[14920, 536908656, 200, 0]"
191928,13510825.032407407,92,0x20003a48,14920,UartTxTask,"[14920, 3758096384, 20, 1]"
191933,13511561.268518519,92,0x200080a0,32928,UartTxTask,"[32928, 3758096384, 0, 1]"
191938,13520780.907407407,90,0x20003a48,14920,TelemetryTask,"[14920, 536908656, 200, 0]"
191942,13520823.976851853,92,0x20003a48,14920,UartTxTask,"[14920, 3758096384, 20, 1]"
