event,time_us,id,queue,queue_id,context,args
96515,7916.726851851852,90,0x20003a48,14920,TelemetryTask,"[14920, 536908656, 200, 0]"
96519,7959.351851851852,92,0x20003a48,14920,UartTxTask,"[14920, 3758096384, 20, 1]"
96524,8696.569444444445,92,0x200080a0,32928,UartTxTask,"[32928, 3758096384, 0, 1]"
96529,17922.61111111111,90,0x20003a48,14920,TelemetryTask,"[14920, 536908656, 200, 0]"
96533,17965.62037037037,92,0x20003a48,14920,UartTxTask,"[14920, 3758096384, 20, 1]"
96538,18702.805555555555,92,0x200080a0,32928,UartTxTask,"[32928, 3758096384, 0, 1]"
96543,27922.11574074074,90,0x20003a48,14920,TelemetryTask,"[14920, 536908656, 200, 0]"
96547,27964.65740740741,92,0x20003a48,14920,UartTxTask,"[14920, 3758096384, 20, 1]"
96552,28701.62962962963,92,0x200080a0,32928,UartTxTask,"[32928, 3758096384, 0, 1]"
96557,37922.583333333336,90,0x20003a48,14920,TelemetryTask,"[14920, 536908656, 200, 0]"
96561,37965.98148148148,92,0x20003a48,14920,UartTxTask,"[14920, 3758096384, 20, 1]"
96566,38702.55092592593,92,0x200080a0,32928,UartTxTask,"[32928, 3758096384, 0, 1]"
96571,47923.63888888889,90,0x20003a48,14920,TelemetryTask,"[14920, 536908656, 200, 0]"
96575,47967.12037037037,92,0x20003a48,14920,UartTxTask,"[14920, 3758096384, 20, 1]"
96580,48704.430555555555,92,0x200080a0,32928,UartTxTask,"[32928, 3758096384, 0, 1]"
96585,57922.60648148148,90,0x20003a48,14920,TelemetryTask,"[14920, 536908656, 200, 0]"
96589,57965.916666666664,92,0x20003a48,14920,UartTxTask,"[14920, 3758096384, 20, 1]"
96594,58702.98148148148,92,0x200080a0,32928,UartTxTask,"[32928, 3758096384, 0, 1]"
96599,67921.78703703704,90,0x20003a48,14920,TelemetryTask,"[14920, 536908656, 200, 0]"
96603,67965.12037037036,92,0x20003a48,14920,UartTxTask,"[14920, 3758096384, 20, 1]"
96608,68702.23148148147,92,0x200080a0,32928,UartTxTask,"[32928, 3758096384, 0, 1]"
96613,77922.62037037036,90,0x20003a48,14920,TelemetryTask,"[14920, 536908656, 200, 0]"
96617,77965.88425925926,92,0x20003a48,14920,UartTxTask,"[14920, 3758096384, 20, 1]"
96622,78702.75925925926,92,0x200080a0,32928,UartTxTask,"[32928, 3758096384, 0, 1]"
96627,87922.30555555556,90,0x20003a48,14920,TelemetryTask,"[14920, 536908656, 200, 0]"
96631,87965.44444444444,92,0x20003a48,14920,UartTxTask,"[14920, 3758096384, 20, 1]"
96636,88702.41666666667,92,0x200080a0,32928,UartTxTask,"[32928, 3758096384, 0, 1]"
96641,97922.08796296296,90,0x20003a48,14920,TelemetryTask,"[14920, 536908656, 200, 0]"
96645,97965.4675925926,92,0x20003a48,14920,UartTxTask,"[14920, 3758096384, 20, 1]"
96650,98702.0925925926,92,0x200080a0,32928,UartTxTask,"[32928, 3758096384, 0, 1]"
96655,107922.5925925926,90,0x20003a48,14920,TelemetryTask,"[14920, 536908656, 200, 0]"
96659,107965.82407407407,92,0x20003a48,14920,UartTxTask,"[14920, 3758096384, 20, 1]"
96664,108702.45833333333,92,0x200080a0,32928,UartTxTask,"[32928, 3758096384, 0, 1]"
96669,117922.16203703704,90,0x20003a48,14920,TelemetryTask,"[14920, 536908656, 200, 0]"
96673,117965.08796296296,92,0x20003a48,14920,UartTxTask,"[14920, 3758096384, 20, 1]"
96678,118702.63888888889,92,0x200080a0,32928,UartTxTask,"[32928, 3758096384, 0, 1]"
96683,127922.75462962964,90,0x20003a48,14920,TelemetryTask,"[14920, 536908656, 200, 0]"
96687,127966.42592592593,92,0x20003a48,14920,UartTxTask,"[14920, 3758096384, 20, 1]"
96692,128703.79166666667,92,0x200080a0,32928,UartTxTask,"[32928, 3758096384, 0, 1]"
96697,137922.49537037036,90,0x20003a48,14920,TelemetryTask,"[14920, 536908656, 200, 0]"
96701,137965.55092592593,92,0x20003a48,14920,UartTxTask,"[14920, 3758096384, 20, 1]"
96706,138702.75,92,0x200080a0,32928,UartTxTask,"[32928, 3758096384, 0, 1]"
96711,147922.87962962964,90,0x20003a48,14920,TelemetryTask,"[14920, 536908656, 200, 0]"
96715,147966.0601851852,92,0x20003a48,14920,UartTxTask,"[14920, 3758096384, 20, 1]"
96720,148702.71296296295,92,0x200080a0,32928,UartTxTask,"[32928, 3758096384, 0, 1]"
96725,157922.00925925927,90,0x20003a48,14920,TelemetryTask,"[14920, 536908656, 200, 0]"
96729,157965.22685185185,92,0x20003a48,14920,UartTxTask,"[14920, 3758096384, 20, 1]"
96734,158701.66666666666,92,0x200080a0,32928,UartTxTask,"[32928, 3758096384, 0, 1]"
96739,167921.86574074073,90,0x20003a48,14920,TelemetryTask,"[14920, 536908656, 200, 0]"
96743,167965.25,92,0x20003a48,14920,UartTxTask,"[14920, 3758096384, 20, 1]"
96748,168702.69907407407,92,0x200080a0,32928,UartTxTask,"[32928, 3758096384, 0, 1]"
96753,177923.6898148148,90,0x20003a48,14920,TelemetryTask,"[14920, 536908656, 200, 0]"
96757,177966.50462962964,92,0x20003a48,14920,UartTxTask,"[14920, 3758096384, 20, 1]"
96762,178703.25925925927,92,0x200080a0,32928,UartTxTask,"[32928, 3758096384, 0, 1]"
96767,187922.63888888888,90,0x20003a48,14920,TelemetryTask,"[14920, 536908656, 200, 0]"
96771,187965.7962962963,92,0x20003a48,14920,UartTxTask,"[14920, 3758096384, 20, 1]"
96776,188702.4351851852,92,0x200080a0,32928,UartTxTask,"[32928, 3758096384, 0, 1]"
96781,197922.9814814815,90,0x20003a48,14920,TelemetryTask,"[14920, 536908656, 200, 0]"
96785,197965.84722222222,92,0x20003a48,14920,UartTxTask,"[14920, 3758096384, 20, 1]"
96790,198702.41666666666,92,0x200080a0,32928,UartTxTask,"[32928, 3758096384, 0, 1]"
96795,207921.51388888888,90,0x20003a48,14920,TelemetryTask,"[14920, 536908656, 200, 0]"
96799,207965.06944444444,92,0x20003a48,14920,UartTxTask,"[14920, 3758096384, 20, 1]"
96804,208702.1435185185,92,0x200080a0,32928,UartTxTask,"[32928, 3758096384, 0, 1]"
96809,217921.59722222222,90,0x20003a48,14920,TelemetryTask,"[14920, 536908656, 200, 0]"
96813,217964.49074074073,92,0x20003a48,14920,UartTxTask,"[14920, 3758096384, 20, 1]"
96818,218701.46296296295,92,0x200080a0,32928,UartTxTask,"[32928, 3758096384, 0, 1]"
96823,227922.22222222222,90,0x20003a48,14920,TelemetryTask,"[14920, 536908656, 200, 0]"
96827,227965.12962962964,92,0x20003a48,14920,UartTxTask,"[14920, 3758096384, 20, 1]"
96832,228701.72685185185,92,0x200080a0,32928,UartTxTask,"[32928, 3758096384, 0, 1]"
96837,237921.94444444444,90,0x20003a48,14920,TelemetryTask,"[14920, 536908656, 200, 0]"
96841,237965.39814814815,92,0x20003a48,14920,UartTxTask,"[14920, 3758096384, 20, 1]"
96846,238702.50462962964,92,0x200080a0,32928,UartTxTask,"[32928, 3758096384, 0, 1]"
96851,247922.9814814815,90,0x20003a48,14920,TelemetryTask,"[14920, 536908656, 200, 0]"
96855,247966.72222222222,92,0x20003a48,14920,UartTxTask,"[14920, 3758096384, 20, 1]"
96860,248704.15277777778,92,0x200080a0,32928,UartTxTask,"[32928, 3758096384, 0, 1]"
96865,257922.75,90,0x20003a48,14920,TelemetryTask,"[14920, 536908656, 200, 0]"
96869,257966.42592592593,92,0x20003a48,14920,UartTxTask,"[14920, 3758096384, 20, 1]"
96874,258703.25,92,0x200080a0,32928,UartTxTask,"[32928, 3758096384, 0, 1]"
96879,267922.5833333333,90,0x20003a48,14920,TelemetryTask,"[14920, 536908656, 200, 0]"
96883,267965.3703703704,92,0x20003a48,14920,UartTxTask,"[14920, 3758096384, 20, 1]"
96888,268702.11574074073,92,0x200080a0,32928,UartTxTask,"[32928, 3758096384, 0, 1]"
96893,277921.81944444444,90,0x20003a48,14920,TelemetryTask,"[14920, 536908656, 200, 0]"
96897,277965.0925925926,92,0x20003a48,14920,UartTxTask,"[14920, 3758096384, 20, 1]"
96902,278701.76851851854,92,0x200080a0,32928,UartTxTask,"[32928, 3758096384, 0, 1]"
96907,287923.4861111111,90,0x20003a48,14920,TelemetryTask,"[14920, 536908656, 200, 0]"
96911,287966.375,92,0x20003a48,14920,UartTxTask,"[14920, 3758096384, 20, 1]"
96916,288703.0833333333,92,0x200080a0,32928,UartTxTask,"[32928, 3758096384, 0, 1]"
96921,297922.38425925927,90,0x20003a48,14920,TelemetryTask,"[14920, 536908656, 200, 0]"
96925,297965.7037037037,92,0x20003a48,14920,UartTxTask,"[14920, 3758096384, 20, 1]"
96930,298703.4490740741,92,0x200080a0,32928,UartTxTask,"[32928, 3758096384, 0, 1]"
96935,307922.35648148146,90,0x20003a48,14920,TelemetryTask,"[14920, 536908656, 200, 0]"
96939,307965.7962962963,92,0x20003a48,14920,UartTxTask,"[14920, 3758096384, 20, 1]"
96944,308702.6666666667,92,0x200080a0,32928,UartTxTask,"[32928, 3758096384, 0, 1]"
96949,317922.86574074073,90,0x20003a48,14920,TelemetryTask,"[14920, 536908656, 200, 0]"
96953,317966.0462962963,92,0x20003a48,14920,UartTxTask,"[14920, 3758096384, 20, 1]"
96958,318703.56018518517,92,0x200080a0,32928,UartTxTask,"[32928, 3758096384, 0, 1]"
96963,327921.9259259259,90,0x20003a48,14920,TelemetryTask,"[14920, 536908656, 200, 0]"
96967,327964.97222222225,92,0x20003a48,14920,UartTxTask,"[14920, 3758096384, 20, 1]"
96972,328702.287037037,92,0x200080a0,32928,UartTxTask,"[32928, 3758096384, 0, 1]"
96977,337922.1759259259,90,0x20003a48,14920,TelemetryTask,"[14920, 536908656, 200, 0]"
96981,337965.14351851854,92,0x20003a48,14920,UartTxTask,"[14920, 3758096384, 20, 1]"
96986,338701.6111111111,92,0x200080a0,32928,UartTxTask,"[32928, 3758096384, 0, 1]"
96991,347922.5509259259,90,0x20003a48,14920,TelemetryTask,"[14920, 536908656, 200, 0]"
96995,347965.787037037,92,0x20003a48,14920,UartTxTask,"[14920, 3758096384, 20, 1]"
97000,348702.8287037037,92,0x200080a0,32928,UartTxTask,"[32928, 3758096384, 0, 1]"
97005,357922.93981481483,90,0x20003a48,14920,TelemetryTask,"[14920, 536908656, 200, 0]"
97009,357965.89351851854,92,0x20003a48,14920,UartTxTask,"[14920, 3758096384, 20, 1]"
97014,358702.64351851854,92,0x200080a0,32928,UartTxTask,"[32928, 3758096384, 0, 1]"
97019,367922.49074074073,90,0x20003a48,14920,TelemetryTask,"[14920, 536908656, 200, 0]"
97023,367965.5833333333,92,0x20003a48,14920,UartTxTask,"[14920, 3758096384, 20, 1]"
97028,368702.4583333333,92,0x200080a0,32928,UartTxTask,"[32928, 3758096384, 0, 1]"
97033,377923.06481481483,90,0x20003a48,14920,TelemetryTask,"[14920, 536908656, 200, 0]"
97037,377966.375,92,0x20003a48,14920,UartTxTask,"[14920, 3758096384, 20, 1]"
97042,378703.36574074073,92,0x200080a0,32928,UartTxTask,"[32928, 3758096384, 0, 1]"
97047,387922.1203703704,90,0x20003a48,14920,TelemetryTask,"[14920, 536908656, 200, 0]"
97051,387965.4537037037,92,0x20003a48,14920,UartTxTask,"[14920, 3758096384, 20, 1]"
97056,388702.25,92,0x200080a0,32928,UartTxTask,"[32928, 3758096384, 0, 1]"
97061,397922.13425925927,90,0x20003a48,14920,TelemetryTask,"[14920, 536908656, 200, 0]"
97065,397965.40277777775,92,0x20003a48,14920,UartTxTask,"[14920, 3758096384, 20, 1]"
97070,398703.1990740741,92,0x200080a0,32928,UartTxTask,"[32928, 3758096384, 0, 1]"
97075,407922.60648148146,90,0x20003a48,14920,TelemetryTask,"[14920, 536908656, 200, 0]"
97079,407965.38425925927,92,0x20003a48,14920,UartTxTask,"[14920, 3758096384, 20, 1]"
97084,408702.77314814815,92,0x200080a0,32928,UartTxTask,"[32928, 3758096384, 0, 1]"
97089,417922.5462962963,90,0x20003a48,14920,TelemetryTask,"[14920, 536908656, 200, 0]"
97093,417965.61574074073,92,0x20003a48,14920,UartTxTask,"[14920, 3758096384, 20, 1]"
97098,418702.8425925926,92,0x200080a0,32928,UartTxTask,"[32928, 3758096384, 0, 1]"
97103,427922.9259259259,90,0x20003a48,14920,TelemetryTask,"[14920, 536908656, 200, 0]"
97107,427966.06018518517,92,0x20003a48,14920,UartTxTask,"[14920, 3758096384, 20, 1]"
97112,428703.0324074074,92,0x200080a0,32928,UartTxTask,"[32928, 3758096384, 0, 1]"
97117,437921.43055555556,90,0x20003a48,14920,TelemetryTask,"[14920, 536908656, 200, 0]"
97121,437964.7962962963,92,0x20003a48,14920,UartTxTask,"[14920, 3758096384, 20, 1]"
97126,438701.712962963,92,0x200080a0,32928,UartTxTask,"[32928, 3758096384, 0, 1]"
97131,447921.5462962963,90,0x20003a48,14920,TelemetryTask,"[14920, 536908656, 200, 0]"
97135,447964.5138888889,92,0x20003a48,14920,UartTxTask,"[14920, 3758096384, 20, 1]"
97140,448701.9583333333,92,0x200080a0,32928,UartTxTask,"[32928, 3758096384, 0, 1]"
97145,457921.85648148146,90,0x20003a48,14920,TelemetryTask,"[14920, 536908656, 200, 0]"
97149,457965.2175925926,92,0x20003a48,14920,UartTxTask,"[14920, 3758096384, 20, 1]"
97154,458701.99074074073,92,0x200080a0,32928,UartTxTask,"[32928, 3758096384, 0, 1]"
97159,467922.4166666667,90,0x20003a48,14920,TelemetryTask,"[14920, 536908656, 200, 0]"
97163,467965.43981481483,92,0x20003a48,14920,UartTxTask,"[14920, 3758096384, 20, 1]"
97168,468701.84722222225,92,0x200080a0,32928,UartTxTask,"[32928, 3758096384, 0, 1]"
97173,477922.7962962963,90,0x20003a48,14920,TelemetryTask,"[14920, 536908656, 200, 0]"
97177,477965.88425925927,92,0x20003a48,14920,UartTxTask,"[14920, 3758096384, 20, 1]"
97182,478703.3888888889,92,0x200080a0,32928,UartTxTask,"[32928, 3758096384, 0, 1]"
97187,487922.3611111111,90,0x20003a48,14920,TelemetryTask,"[14920, 536908656, 200, 0]"
97191,487965.35648148146,92,0x20003a48,14920,UartTxTask,"[14920, 3758096384, 20, 1]"
97196,488702.4490740741,92,0x200080a0,32928,UartTxTask,"[32928, 3758096384, 0, 1]"
97201,497922.5,90,0x20003a48,14920,TelemetryTask,"[14920, 536908656, 200, 0]"
97205,497965.7175925926,92,0x20003a48,14920,UartTxTask,"[14920, 3758096384, 20, 1]"
97210,498702.77314814815,92,0x200080a0,32928,UartTxTask,"[32928, 3758096384, 0, 1]"
97215,507921.40277777775,90,0x20003a48,14920,TelemetryTask,"[14920, 536908656, 200, 0]"
97219,507964.14814814815,92,0x20003a48,14920,UartTxTask,"[14920, 3758096384, 20, 1]"
97224,508701.25925925927,92,0x200080a0,32928,UartTxTask,"[32928, 3758096384, 0, 1]"
97229,517921.75925925927,90,0x20003a48,14920,TelemetryTask,"[14920, 536908656, 200, 0]"
97233,517965.02777777775,92,0x20003a48,14920,UartTxTask,"[14920, 3758096384, 20, 1]"
97238,518702.4074074074,92,0x200080a0,32928,UartTxTask,"[32928, 3758096384, 0, 1]"
97243,527922.5370370371,90,0x20003a48,14920,TelemetryTask,"[14920, 536908656, 200, 0]"
97247,527966.2453703703,92,0x20003a48,14920,UartTxTask,"[14920, 3758096384, 20, 1]"
97252,528703.2361111111,92,0x200080a0,32928,UartTxTask,"[32928, 3758096384, 0, 1]"
97257,537923.0185185185,90,0x20003a48,14920,TelemetryTask,"[14920, 536908656, 200, 0]"
97261,537965.8287037037,92,0x20003a48,14920,UartTxTask,"[14920, 3758096384, 20, 1]"
97266,538703.1342592592,92,0x200080a0,32928,UartTxTask,"[32928, 3758096384, 0, 1]"
97271,547921.824074074,90,0x20003a48,14920,TelemetryTask,"[14920, 536908656, 200, 0]"
97275,547965.3055555555,92,0x20003a48,14920,UartTxTask,"[14920, 3758096384, 20, 1]"
97280,548703.1527777778,92,0x200080a0,32928,UartTxTask,"[32928, 3758096384, 0, 1]"
97285,557921.4305555555,90,0x20003a48,14920,TelemetryTask,"[14920, 536908656, 200, 0]"
97289,557964.3472222222,92,0x20003a48,14920,UartTxTask,"[14920, 3758096384, 20, 1]"
97294,558701.6666666666,92,0x200080a0,32928,UartTxTask,"[32928, 3758096384, 0, 1]"
97299,567922.5416666666,90,0x20003a48,14920,TelemetryTask,"[14920, 536908656, 200, 0]"
97303,567965.6805555555,92,0x20003a48,14920,UartTxTask,"[14920, 3758096384, 20, 1]"
97308,568702.9398148148,92,0x200080a0,32928,UartTxTask,"[32928, 3758096384, 0, 1]"
97313,577923.2685185185,90,0x20003a48,14920,TelemetryTask,"[14920, 536908656, 200, 0]"
97317,577966.0092592592,92,0x20003a48,14920,UartTxTask,"[14920, 3758096384, 20, 1]"
97322,578703.0324074074,92,0x200080a0,32928,UartTxTask,"[32928, 3758096384, 0, 1]"
97327,587922.5231481482,90,0x20003a48,14920,TelemetryTask,"[14920, 536908656, 200, 0]"
97331,587965.6712962963,92,0x20003a48,14920,UartTxTask,"[14920, 3758096384, 20, 1]"
97336,588702.8055555555,92,0x200080a0,32928,UartTxTask,"[32928, 3758096384, 0, 1]"
97341,597921.925925926,90,0x20003a48,14920,TelemetryTask,"[14920, 536908656, 200, 0]"
97345,597965.300925926,92,0x20003a48,14920,UartTxTask,"[14920, 3758096384, 20, 1]"
97350,598702.3935185185,92,0x200080a0,32928,UartTxTask,"[32928, 3758096384, 0, 1]"
97355,607922.449074074,90,0x20003a48,14920,TelemetryTask,"[14920, 536908656, 200, 0]"
97359,607965.5694444445,92,0x20003a48,14920,UartTxTask,"[14920, 3758096384, 20, 1]"
97364,608702.3518518518,92,0x200080a0,32928,UartTxTask,"[32928, 3758096384, 0, 1]"
97369,617922.6805555555,90,0x20003a48,14920,TelemetryTask,"[14920, 536908656, 200, 0]"
97373,617965.9537037037,92,0x20003a48,14920,UartTxTask,"[14920, 3758096384, 20, 1]"
97378,618703.0,92,0x200080a0,32928,UartTxTask,"[32928, 3758096384, 0, 1]"
97383,627922.4953703703,90,0x20003a48,14920,TelemetryTask,"[14920, 536908656, 200, 0]"
97387,627965.8796296297,92,0x20003a48,14920,UartTxTask,"[14920, 3758096384, 20, 1]"
97392,628703.3148148148,92,0x200080a0,32928,UartTxTask,"[32928, 3758096384, 0, 1]"
97397,637922.2361111111,90,0x20003a48,14920,TelemetryTask,"[14920, 536908656, 200, 0]"
97401,637965.1296296297,92,0x20003a48,14920,UartTxTask,"[14920, 3758096384, 20, 1]"
97406,638702.0972222222,92,0x200080a0,32928,UartTxTask,"[32928, 3758096384, 0, 1]"
97411,647921.7222222222,90,0x20003a48,14920,TelemetryTask,"[14920, 536908656, 200, 0]"
97415,647964.4583333334,92,0x20003a48,14920,UartTxTask,"[14920, 3758096384, 20, 1]"
97420,648701.5370370371,92,0x200080a0,32928,UartTxTask,"[32928, 3758096384, 0, 1]"
97425,657921.7962962963,90,0x20003a48,14920,TelemetryTask,"[14920, 536908656, 200, 0]"
97429,657964.7407407408,92,0x20003a48,14920,UartTxTask,"[14920, 3758096384, 20, 1]"
97434,658701.800925926,92,0x200080a0,32928,UartTxTask,"[32928, 3758096384, 0, 1]"
97439,667922.8842592592,90,0x20003a48,14920,TelemetryTask,"[14920, 536908656, 200, 0]"
97443,667966.0555555555,92,0x20003a48,14920,UartTxTask,"[14920, 3758096384, 20, 1]"
97448,668702.4629629629,92,0x200080a0,32928,UartTxTask,"[32928, 3758096384, 0, 1]"
97453,677922.3703703703,90,0x20003a48,14920,TelemetryTask,"[14920, 536908656, 200, 0]"
97457,677965.7546296297,92,0x20003a48,14920,UartTxTask,"[14920, 3758096384, 20, 1]"
97462,678702.8055555555,92,0x200080a0,32928,UartTxTask,"[32928, 3758096384, 0, 1]"
97467,687922.074074074,90,0x20003a48,14920,TelemetryTask,"[14920, 536908656, 200, 0]"
97471,687965.4722222222,92,0x20003a48,14920,UartTxTask,"[14920, 3758096384, 20, 1]"
97476,688702.5787037037,92,0x200080a0,32928,UartTxTask,"[32928, 3758096384, 0, 1]"
97481,697922.074074074,90,0x20003a48,14920,TelemetryTask,"[14920, 536908656, 200, 0]"
97485,697965.1481481482,92,0x20003a48,14920,UartTxTask,"[14920, 3758096384, 20, 1]"
97490,698701.8796296297,92,0x200080a0,32928,UartTxTask,"[32928, 3758096384, 0, 1]"
97495,707922.0972222222,90,0x20003a48,14920,TelemetryTask,"[14920, 536908656, 200, 0]"
97499,707965.7962962963,92,0x20003a48,14920,UartTxTask,"[14920, 3758096384, 20, 1]"
97504,708702.1666666666,92,0x200080a0,32928,UartTxTask,"[32928, 3758096384, 0, 1]"
97509,717922.2592592592,90,0x20003a48,14920,TelemetryTask,"[14920, 536908656, 200, 0]"
97513,717964.7685185185,92,0x20003a48,14920,UartTxTask,"[14920, 3758096384, 20, 1]"
97518,718701.5601851852,92,0x200080a0,32928,UartTxTask,"[32928, 3758096384, 0, 1]"
97523,727921.7962962963,90,0x20003a48,14920,TelemetryTask,"[14920, 536908656, 200, 0]"
97527,727964.6435185185,92,0x20003a48,14920,UartTxTask,"[14920, 3758096384, 20, 1]"
97532,728702.0648148148,92,0x200080a0,32928,UartTxTask,"[32928, 3758096384, 0, 1]"
97537,737922.6574074074,90,0x20003a48,14920,TelemetryTask,"[14920, 536908656, 200, 0]"
97541,737966.2685185185,92,0x20003a48,14920,UartTxTask,"[14920, 3758096384, 20, 1]"
97546,738704.1805555555,92,0x200080a0,32928,UartTxTask,"[32928, 3758096384, 0, 1]"
97551,747922.8194444445,90,0x20003a48,14920,TelemetryTask,"[14920, 536908656, 200, 0]"
97555,747966.4351851852,92,0x20003a48,14920,UartTxTask,"[14920, 3758096384, 20, 1]"
97560,748703.2037037037,92,0x200080a0,32928,UartTxTask,"[32928, 3758096384, 0, 1]"
97565,757922.1620370371,90,0x20003a48,14920,TelemetryTask,"[14920, 536908656, 200, 0]"
97569,757965.875,92,0x20003a48,14920,UartTxTask,"[14920, 3758096384, 20, 1]"
97574,758702.824074074,92,0x200080a0,32928,UartTxTask,"[32928, 3758096384, 0, 1]"
97579,767922.5277777778,90,0x20003a48,14920,TelemetryTask,"[14920, 536908656, 200, 0]"
97583,767965.7546296297,92,0x20003a48,14920,UartTxTask,"[14920, 3758096384, 20, 1]"
97588,768702.7592592592,92,0x200080a0,32928,UartTxTask,"[32928, 3758096384, 0, 1]"
97593,777923.2268518518,90,0x20003a48,14920,TelemetryTask,"[14920, 536908656, 200, 0]"
97597,777966.6527777778,92,0x20003a48,14920,UartTxTask,"[14920, 3758096384, 20, 1]"
97602,778703.1666666666,92,0x200080a0,32928,UartTxTask,"[32928, 3758096384, 0, 1]"
97607,787922.4120370371,90,0x20003a48,14920,TelemetryTask,"[14920, 536908656, 200, 0]"
97611,787965.8842592592,92,0x20003a48,14920,UartTxTask,"[14920, 3758096384, 20, 1]"
97616,788702.9398148148,92,0x200080a0,32928,UartTxTask,"[32928, 3758096384, 0, 1]"
97621,797922.4583333334,90,0x20003a48,14920,TelemetryTask,"[14920, 536908656, 200, 0]"
97625,797965.9861111111,92,0x20003a48,14920,UartTxTask,"[14920, 3758096384, 20, 1]"
97630,798703.1435185185,92,0x200080a0,32928,UartTxTask,"[32928, 3758096384, 0, 1]"
97635,807922.3148148148,90,0x20003a48,14920,TelemetryTask,"[14920, 536908656, 200, 0]"
97639,807965.6388888889,92,0x20003a48,14920,UartTxTask,"[14920, 3758096384, 20, 1]"
97644,808702.625,92,0x200080a0,32928,UartTxTask,"[32928, 3758096384, 0, 1]"
97649,817922.175925926,90,0x20003a48,14920,TelemetryTask,"[14920, 536908656, 200, 0]"
97653,817965.300925926,92,0x20003a48,14920,UartTxTask,"[14920, 3758096384, 20, 1]"
97658,818702.6666666666,92,0x200080a0,32928,UartTxTask,"[32928, 3758096384, 0, 1]"
97663,827922.4583333334,90,0x20003a48,14920,TelemetryTask,"[14920, 536908656, 200, 0]"
97667,827966.2824074074,92,0x20003a48,14920,UartTxTask,"[14920, 3758096384, 20, 1]"
97672,828703.3101851852,92,0x200080a0,32928,UartTxTask,"[32928, 3758096384, 0, 1]"
97677,837922.1064814815,90,0x20003a48,14920,TelemetryTask,"[14920, 536908656, 200, 0]"
97681,837964.7777777778,92,0x20003a48,14920,UartTxTask,"[14920, 3758096384, 20, 1]"
97686,838702.375,92,0x200080a0,32928,UartTxTask,"[32928, 3758096384, 0, 1]"
97691,847922.6435185185,90,0x20003a48,14920,TelemetryTask,"[14920, 536908656, 200, 0]"
97695,847965.2916666666,92,0x20003a48,14920,UartTxTask,"[14920, 3758096384, 20, 1]"
97700,848702.5046296297,92,0x200080a0,32928,UartTxTask,"[32928, 3758096384, 0, 1]"
97705,857921.9583333334,90,0x20003a48,14920,TelemetryTask,"[14920, 536908656, 200, 0]"
97709,857964.9907407408,92,0x20003a48,14920,UartTxTask,"[14920, 3758096384, 20, 1]"
97714,858702.0046296297,92,0x200080a0,32928,UartTxTask,"[32928, 3758096384, 0, 1]"
97719,867922.0092592592,90,0x20003a48,14920,TelemetryTask,"[14920, 536908656, 200, 0]"
97723,867964.7916666666,92,0x20003a48,14920,UartTxTask,"[14920, 3758096384, 20, 1]"
97728,868701.5648148148,92,0x200080a0,32928,UartTxTask,"[32928, 3758096384, 0, 1]"
97733,877921.8379629629,90,0x20003a48,14920,TelemetryTask,"[14920, 536908656, 200, 0]"
97737,877965.050925926,92,0x20003a48,14920,UartTxTask,"[14920, 3758096384, 20, 1]"
97742,878702.3148148148,92,0x200080a0,32928,UartTxTask,"[32928, 3758096384, 0, 1]"
97747,887922.6296296297,90,0x20003a48,14920,TelemetryTask,"[14920, 536908656, 200, 0]"
97751,887965.3657407408,92,0x20003a48,14920,UartTxTask,"[14920, 3758096384, 20, 1]"
97756,888702.9074074074,92,0x200080a0,32928,UartTxTask,"[32928, 3758096384, 0, 1]"
97761,897922.2962962963,90,0x20003a48,14920,TelemetryTask,"[14920, 536908656, 200, 0]"
97765,897965.425925926,92,0x20003a48,14920,UartTxTask,"[14920, 3758096384, 20, 1]"
97770,898702.3379629629,92,0x200080a0,32928,UartTxTask,"[32928, 3758096384, 0, 1]"
97775,907923.5879629629,90,0x20003a48,14920,TelemetryTask,"[14920, 536908656, 200, 0]"
97779,907966.2222222222,92,0x20003a48,14920,UartTxTask,"[14920, 3758096384, 20, 1]"
97784,908703.1851851852,92,0x200080a0,32928,UartTxTask,"[32928, 3758096384, 0, 1]"
97789,917921.8888888889,90,0x20003a48,14920,TelemetryTask,"[14920, 536908656, 200, 0]"
97793,917965.5231481482,92,0x20003a48,14920,UartTxTask,"[14920, 3758096384, 20, 1]"
97798,918702.3657407408,92,0x200080a0,32928,UartTxTask,"[32928, 3758096384, 0, 1]"
97803,927921.8333333334,90,0x20003a48,14920,TelemetryTask,"[14920, 536908656, 200, 0]"
97807,927964.7731481482,92,0x20003a48,14920,UartTxTask,"[14920, 3758096384, 20, 1]"
97812,928702.1018518518,92,0x200080a0,32928,UartTxTask,"[32928, 3758096384, 0, 1]"
97817,937922.4074074074,90,0x20003a48,14920,TelemetryTask,"[14920, 536908656, 200, 0]"
97821,937964.8935185185,92,0x20003a48,14920,UartTxTask,"[14920, 3758096384, 20, 1]"
97826,938701.875,92,0x200080a0,32928,UartTxTask,"[32928, 3758096384, 0, 1]"
97831,947921.9537037037,90,0x20003a48,14920,TelemetryTask,"[14920, 536908656, 200, 0]"
97835,947965.574074074,92,0x20003a48,14920,UartTxTask,"[14920, 3758096384, 20, 1]"
97840,948702.574074074,92,0x200080a0,32928,UartTxTask,"[32928, 3758096384, 0, 1]"
97845,957923.5092592592,90,0x20003a48,14920,TelemetryTask,"[14920, 536908656, 200, 0]"
97849,957966.4212962963,92,0x20003a48,14920,UartTxTask,"[14920, 3758096384, 20, 1]"
97854,958703.1527777778,92,0x200080a0,32928,UartTxTask,"[32928, 3758096384, 0, 1]"
97859,967922.1388888889,90,0x20003a48,14920,TelemetryTask,"[14920, 536908656, 200, 0]"
97863,967964.7592592592,92,0x20003a48,14920,UartTxTask,"[14920, 3758096384, 20, 1]"
97868,968701.5324074074,92,0x200080a0,32928,UartTxTask,"[32928, 3758096384, 0, 1]"
97873,977922.0601851852,90,0x20003a48,14920,TelemetryTask,"[14920, 536908656, 200, 0]"
97877,977965.4398148148,92,0x20003a48,14920,UartTxTask,"[14920, 3758096384, 20, 1]"
97882,978702.5879629629,92,0x200080a0,32928,UartTxTask,"[32928, 3758096384, 0, 1]"
97887,987922.675925926,90,0x20003a48,14920,TelemetryTask,"[14920, 536908656, 200, 0]"
97891,987965.6018518518,92,0x20003a48,14920,UartTxTask,"[14920, 3758096384, 20, 1]"
97896,988702.5370370371,92,0x200080a0,32928,UartTxTask,"[32928, 3758096384, 0, 1]"
97901,997922.0324074074,90,0x20003a48,14920,TelemetryTask,"[14920, 536908656, 200, 0]"
97905,997964.9861111111,92,0x20003a48,14920,UartTxTask,"[14920, 3758096384, 20, 1]"
97910,998702.5046296297,92,0x200080a0,32928,UartTxTask,"[32928, 3758096384, 0, 1]"
97915,1007922.324074074,90,0x20003a48,14920,TelemetryTask,"[14920, 536908656, 200, 0]"
97919,1007965.8425925926,92,0x20003a48,14920,UartTxTask,"[14920, 3758096384, 20, 1]"
97924,1008702.925925926,92,0x200080a0,32928,UartTxTask,"[32928, 3758096384, 0, 1]"
97929,1017922.1805555555,90,0x20003a48,14920,TelemetryTask,"[14920, 536908656, 200, 0]"
97933,1017965.6574074074,92,0x20003a48,14920,UartTxTask,"[14920, 3758096384, 20, 1]"
97938,1018702.3333333334,92,0x200080a0,32928,UartTxTask,"[32928, 3758096384, 0, 1]"
97943,1027921.6296296297,90,0x20003a48,14920,TelemetryTask,"[14920, 536908656, 200, 0]"
97947,1027964.7129629629,92,0x20003a48,14920,UartTxTask,"[14920, 3758096384, 20, 1]"
97952,1028701.8518518518,92,0x200080a0,32928,UartTxTask,"[32928, 3758096384, 0, 1]"
97957,1037923.3101851852,90,0x20003a48,14920,TelemetryTask,"[14920, 536908656, 200, 0]"
97961,1037966.5555555555,92,0x20003a48,14920,UartTxTask,"[14920, 3758096384, 20, 1]"
97966,1038703.4537037037,92,0x200080a0,32928,UartTxTask,"[32928, 3758096384, 0, 1]"
97971,1047922.1388888889,90,0x20003a48,14920,TelemetryTask,"[14920, 536908656, 200, 0]"
97975,1047965.2222222222,92,0x20003a48,14920,UartTxTask,"[14920, 3758096384, 20, 1]"
97980,1048702.6898148148,92,0x200080a0,32928,UartTxTask,"[32928, 3758096384, 0, 1]"
97985,1057922.7453703703,90,0x20003a48,14920,TelemetryTask,"[14920, 536908656, 200, 0]"
97989,1057965.962962963,92,0x20003a48,14920,UartTxTask,"[14920, 3758096384, 20, 1]"
97994,1058702.537037037,92,0x200080a0,32928,UartTxTask,"[32928, 3758096384, 0, 1]"
97999,1067923.0740740742,90,0x20003a48,14920,TelemetryTask,"[14920, 536908656, 200, 0]"
98003,1067965.9953703703,92,0x20003a48,14920,UartTxTask,"[14920, 3758096384, 20, 1]"
98008,1068703.2314814816,92,0x200080a0,32928,UartTxTask,"[32928, 3758096384, 0, 1]"
98013,1077922.4305555555,90,0x20003a48,14920,TelemetryTask,"[14920, 536908656, 200, 0]"
98017,1077965.4537037036,92,0x20003a48,14920,UartTxTask,"[14920, 3758096384, 20, 1]"
98022,1078702.3101851852,92,0x200080a0,32928,UartTxTask,"[32928, 3758096384, 0, 1]"
98027,1087922.712962963,90,0x20003a48,14920,TelemetryTask,"[14920, 536908656, 200, 0]"
98031,1087965.8564814816,92,0x20003a48,14920,UartTxTask,"[14920, 3758096384, 20, 1]"
98036,1088702.75,92,0x200080a0,32928,UartTxTask,"[32928, 3758096384, 0, 1]"
98041,1097922.638888889,90,0x20003a48,14920,TelemetryTask,"[14920, 536908656, 200, 0]"
98045,1097966.1990740742,92,0x20003a48,14920,UartTxTask,"[14920, 3758096384, 20, 1]"
98050,1098702.7777777778,92,0x200080a0,32928,UartTxTask,"[32928, 3758096384, 0, 1]"
98055,1107922.1759259258,90,0x20003a48,14920,TelemetryTask,"[14920, 536908656, 200, 0]"
98059,1107965.3287037036,92,0x20003a48,14920,UartTxTask,"[14920, 3758096384, 20, 1]"
98064,1108701.986111111,92,0x200080a0,32928,UartTxTask,"[32928, 3758096384, 0, 1]"
98069,1117922.0416666667,90,0x20003a48,14920,TelemetryTask,"[14920, 536908656, 200, 0]"
98073,1117965.6851851852,92,0x20003a48,14920,UartTxTask,"[14920, 3758096384, 20, 1]"
98078,1118702.5277777778,92,0x200080a0,32928,UartTxTask,"[32928, 3758096384, 0, 1]"
98083,1127922.8009259258,90,0x20003a48,14920,TelemetryTask,"[14920, 536908656, 200, 0]"
98087,1127966.1666666667,92,0x20003a48,14920,UartTxTask,"[14920, 3758096384, 20, 1]"
98092,1128703.1435185184,92,0x200080a0,32928,UartTxTask,"[32928, 3758096384, 0, 1]"
98097,1137923.138888889,90,0x20003a48,14920,TelemetryTask,"[14920, 536908656, 200, 0]"
98101,1137966.0833333333,92,0x20003a48,14920,UartTxTask,"[14920, 3758096384, 20, 1]"
98106,1138702.5601851852,92,0x200080a0,32928,UartTxTask,"[32928, 3758096384, 0, 1]"
98111,1147922.9305555555,90,0x20003a48,14920,TelemetryTask,"[14920, 536908656, 200, 0]"
98115,1147965.7824074074,92,0x20003a48,14920,UartTxTask,"[14920, 3758096384, 20, 1]"
98120,1148702.8703703703,92,0x200080a0,32928,UartTxTask,"[32928, 3758096384, 0, 1]"
98125,1157922.1342592593,90,0x20003a48,14920,TelemetryTask,"[14920, 536908656, 200, 0]"
98129,1157964.9212962964,92,0x20003a48,14920,UartTxTask,"[14920, 3758096384, 20, 1]"
98134,1158701.787037037,92,0x200080a0,32928,UartTxTask,"[32928, 3758096384, 0, 1]"
98139,1167922.4305555555,90,0x20003a48,14920,TelemetryTask,"[14920, 536908656, 200, 0]"
98143,1167965.9074074074,92,0x20003a48,14920,UartTxTask,"[14920, 3758096384, 20, 1]"
98148,1168702.8055555555,92,0x200080a0,32928,UartTxTask,"[32928, 3758096384, 0, 1]"
98153,1177922.601851852,90,0x20003a48,14920,TelemetryTask,"[14920, 536908656, 200, 0]"
98157,1177965.7824074074,92,0x20003a48,14920,UartTxTask,"[14920, 3758096384, 20, 1]"
98162,1178702.398148148,92,0x200080a0,32928,UartTxTask,"[32928, 3758096384, 0, 1]"
98167,1187922.0185185184,90,0x20003a48,14920,TelemetryTask,"[14920, 536908656, 200, 0]"
98171,1187965.1574074074,92,0x20003a48,14920,UartTxTask,"[14920, 3758096384, 20, 1]"
98176,1188702.125,92,0x200080a0,32928,UartTxTask,"[32928, 3758096384, 0, 1]"
98181,1197923.1064814816,90,0x20003a48,14920,TelemetryTask,"[14920, 536908656, 200, 0]"
98185,1197965.9537037036,92,0x20003a48,14920,UartTxTask,"[14920, 3758096384, 20, 1]"
98190,1198703.2175925926,92,0x200080a0,32928,UartTxTask,"[32928, 3758096384, 0, 1]"
98195,1207922.7546296297,90,0x20003a48,14920,TelemetryTask,"[14920, 536908656, 200, 0]"
98199,1207965.773148148,92,0x20003a48,14920,UartTxTask,"[14920, 3758096384, 20, 1]"
98204,1208703.0833333333,92,0x200080a0,32928,UartTxTask,"[32928, 3758096384, 0, 1]"
98209,1217922.523148148,90,0x20003a48,14920,TelemetryTask,"[14920, 536908656, 200, 0]"
98213,1217965.0462962964,92,0x20003a48,14920,UartTxTask,"[14920, 3758096384, 20, 1]"
98218,1218702.138888889,92,0x200080a0,32928,UartTxTask,"[32928, 3758096384, 0, 1]"
98223,1227922.6296296297,90,0x20003a48,14920,TelemetryTask,"[14920, 536908656, 200, 0]"
98227,1227965.7962962964,92,0x20003a48,14920,UartTxTask,"[14920, 3758096384, 20, 1]"
98232,1228702.4537037036,92,0x200080a0,32928,UartTxTask,"[32928, 3758096384, 0, 1]"
98237,1237921.9722222222,90,0x20003a48,14920,TelemetryTask,"[14920, 536908656, 200, 0]"
98241,1237965.101851852,92,0x20003a48,14920,UartTxTask,"[14920, 3758096384, 20, 1]"
98246,1238702.0462962964,92,0x200080a0,32928,UartTxTask,"[32928, 3758096384, 0, 1]"
98251,1247922.5416666667,90,0x20003a48,14920,TelemetryTask,"[14920, 536908656, 200, 0]"
98255,1247966.2453703703,92,0x20003a48,14920,UartTxTask,"[14920, 3758096384, 20, 1]"
98260,1248703.1944444445,92,0x200080a0,32928,UartTxTask,"[32928, 3758096384, 0, 1]"
98265,1257922.8703703703,90,0x20003a48,14920,TelemetryTask,"[14920, 536908656, 200, 0]"
98269,1257966.3148148148,92,0x20003a48,14920,UartTxTask,"[14920, 3758096384, 20, 1]"
98274,1258703.9722222222,92,0x200080a0,32928,UartTxTask,"[32928, 3758096384, 0, 1]"
98279,1267921.3564814816,90,0x20003a48,14920,TelemetryTask,"[14920, 536908656, 200, 0]"
98283,1267964.888888889,92,0x20003a48,14920,UartTxTask,"[14920, 3758096384, 20, 1]"
98288,1268701.226851852,92,0x200080a0,32928,UartTxTask,"[32928, 3758096384, 0, 1]"
98293,1277922.6666666667,90,0x20003a48,14920,TelemetryTask,"[14920, 536908656, 200, 0]"
98297,1277966.1435185184,92,0x20003a48,14920,UartTxTask,"[14920, 3758096384, 20, 1]"
98302,1278703.287037037,92,0x200080a0,32928,UartTxTask,"[32928, 3758096384, 0, 1]"
98307,1287921.6712962964,90,0x20003a48,14920,TelemetryTask,"[14920, 536908656, 200, 0]"
98311,1287964.9166666667,92,0x20003a48,14920,UartTxTask,"[14920, 3758096384, 20, 1]"
98316,1288701.6990740742,92,0x200080a0,32928,UartTxTask,"[32928, 3758096384, 0, 1]"
98321,1297922.4398148148,90,0x20003a48,14920,TelemetryTask,"[14920, 536908656, 200, 0]"
98325,1297965.787037037,92,0x20003a48,14920,UartTxTask,"[14920, 3758096384, 20, 1]"
98330,1298702.662037037,92,0x200080a0,32928,UartTxTask,"[32928, 3758096384, 0, 1]"
98335,1307922.587962963,90,0x20003a48,14920,TelemetryTask,"[14920, 536908656, 200, 0]"
98339,1307966.1527777778,92,0x20003a48,14920,UartTxTask,"[14920, 3758096384, 20, 1]"
98344,1308703.0740740742,92,0x200080a0,32928,UartTxTask,"[32928, 3758096384, 0, 1]"
98349,1317922.7962962964,90,0x20003a48,14920,TelemetryTask,"[14920, 536908656, 200, 0]"
98353,1317965.4490740742,92,0x20003a48,14920,UartTxTask,"[14920, 3758096384, 20, 1]"
98358,1318702.1527777778,92,0x200080a0,32928,UartTxTask,"[32928, 3758096384, 0, 1]"
98363,1327922.1944444445,90,0x20003a48,14920,TelemetryTask,"[14920, 536908656, 200, 0]"
98367,1327965.7824074074,92,0x20003a48,14920,UartTxTask,"[14920, 3758096384, 20, 1]"
98372,1328702.4675925926,92,0x200080a0,32928,UartTxTask,"[32928, 3758096384, 0, 1]"
98377,1337921.7546296297,90,0x20003a48,14920,TelemetryTask,"[14920, 536908656, 200, 0]"
98381,1337965.013888889,92,0x20003a48,14920,UartTxTask,"[14920, 3758096384, 20, 1]"
98386,1338701.736111111,92,0x200080a0,32928,UartTxTask,"[32928, 3758096384, 0, 1]"
98391,1347922.2777777778,90,0x20003a48,14920,TelemetryTask,"[14920, 536908656, 200, 0]"
98395,1347965.9351851852,92,0x20003a48,14920,UartTxTask,"[14920, 3758096384, 20, 1]"
98400,1348703.111111111,92,0x200080a0,32928,UartTxTask,"[32928, 3758096384, 0, 1]"
98405,1357922.2962962964,90,0x20003a48,14920,TelemetryTask,"[14920, 536908656, 200, 0]"
98409,1357965.4953703703,92,0x20003a48,14920,UartTxTask,"[14920, 3758096384, 20, 1]"
98414,1358702.75,92,0x200080a0,32928,UartTxTask,"[32928, 3758096384, 0, 1]"
98419,1367921.837962963,90,0x20003a48,14920,TelemetryTask,"[14920, 536908656, 200, 0]"
98423,1367965.5,92,0x20003a48,14920,UartTxTask,"[14920, 3758096384, 20, 1]"
98428,1368702.9490740742,92,0x200080a0,32928,UartTxTask,"[32928, 3758096384, 0, 1]"
98433,1377921.8194444445,90,0x20003a48,14920,TelemetryTask,"[14920, 536908656, 200, 0]"
98437,1377964.398148148,92,0x20003a48,14920,UartTxTask,"[14920, 3758096384, 20, 1]"
98442,1378701.1296296297,92,0x200080a0,32928,UartTxTask,"[32928, 3758096384, 0, 1]"
98447,1387922.9212962964,90,0x20003a48,14920,TelemetryTask,"[14920, 536908656, 200, 0]"
98451,1387965.9398148148,92,0x20003a48,14920,UartTxTask,"[14920, 3758096384, 20, 1]"
98456,1388702.75,92,0x200080a0,32928,UartTxTask,"[32928, 3758096384, 0, 1]"
98461,1397921.9027777778,90,0x20003a48,14920,TelemetryTask,"[14920, 536908656, 200, 0]"
98465,1397965.3657407407,92,0x20003a48,14920,UartTxTask,"[14920, 3758096384, 20, 1]"
98470,1398702.2037037036,92,0x200080a0,32928,UartTxTask,"[32928, 3758096384, 0, 1]"
98475,1407922.648148148,90,0x20003a48,14920,TelemetryTask,"[14920, 536908656, 200, 0]"
98479,1407965.4351851852,92,0x20003a48,14920,UartTxTask,"[14920, 3758096384, 20, 1]"
98484,1408702.4305555555,92,0x200080a0,32928,UartTxTask,"[32928, 3758096384, 0, 1]"
98489,1417922.462962963,90,0x20003a48,14920,TelemetryTask,"[14920, 536908656, 200, 0]"
98493,1417965.4305555555,92,0x20003a48,14920,UartTxTask,"[14920, 3758096384, 20, 1]"
98498,1418702.3703703703,92,0x200080a0,32928,UartTxTask,"[32928, 3758096384, 0, 1]"
98503,1427922.1342592593,90,0x20003a48,14920,TelemetryTask,"[14920, 536908656, 200, 0]"
98507,1427964.851851852,92,0x20003a48,14920,UartTxTask,"[14920, 3758096384, 20, 1]"
98512,1428701.486111111,92,0x200080a0,32928,UartTxTask,"[32928, 3758096384, 0, 1]"
98517,1437921.523148148,90,0x20003a48,14920,TelemetryTask,"[14920, 536908656, 200, 0]"
98521,1437964.9537037036,92,0x20003a48,14920,UartTxTask,"[14920, 3758096384, 20, 1]"
98526,1438701.4537037036,92,0x200080a0,32928,UartTxTask,"[32928, 3758096384, 0, 1]"
98531,1447923.6851851852,90,0x20003a48,14920,TelemetryTask,"[14920, 536908656, 200, 0]"
98535,1447966.6296296297,92,0x20003a48,14920,UartTxTask,"[14920, 3758096384, 20, 1]"
98540,1448704.1203703703,92,0x200080a0,32928,UartTxTask,"[32928, 3758096384, 0, 1]"
98545,1457921.6759259258,90,0x20003a48,14920,TelemetryTask,"[14920, 536908656, 200, 0]"
98549,1457964.4166666667,92,0x20003a48,14920,UartTxTask,"[14920, 3758096384, 20, 1]"
98554,1458702.1898148148,92,0x200080a0,32928,UartTxTask,"[32928, 3758096384, 0, 1]"
98559,1467923.648148148,90,0x20003a48,14920,TelemetryTask,"[14920, 536908656, 200, 0]"
98563,1467966.9305555555,92,0x20003a48,14920,UartTxTask,"[14920, 3758096384, 20, 1]"
98568,1468703.2824074074,92,0x200080a0,32928,UartTxTask,"[32928, 3758096384, 0, 1]"
98573,1477922.1759259258,90,0x20003a48,14920,TelemetryTask,"[14920, 536908656, 200, 0]"
98577,1477965.638888889,92,0x20003a48,14920,UartTxTask,"[14920, 3758096384, 20, 1]"
98582,1478702.8287037036,92,0x200080a0,32928,UartTxTask,"[32928, 3758096384, 0, 1]"
98587,1487922.2083333333,90,0x20003a48,14920,TelemetryTask,"[14920, 536908656, 200, 0]"
98591,1487965.8240740742,92,0x20003a48,14920,UartTxTask,"[14920, 3758096384, 20, 1]"
98596,1488702.4907407407,92,0x200080a0,32928,UartTxTask,"[32928, 3758096384, 0, 1]"
98601,1497922.1064814816,90,0x20003a48,14920,TelemetryTask,"[14920, 536908656, 200, 0]"
98605,1497965.6296296297,92,0x20003a48,14920,UartTxTask,"[14920, 3758096384, 20, 1]"
98610,1498702.4398148148,92,0x200080a0,32928,UartTxTask,"[32928, 3758096384, 0, 1]"
98615,1507922.125,90,0x20003a48,14920,TelemetryTask,"[14920, 536908656, 200, 0]"
98619,1507966.0416666667,92,0x20003a48,14920,UartTxTask,"[14920, 3758096384, 20, 1]"
98624,1508703.2175925926,92,0x200080a0,32928,UartTxTask,"[32928, 3758096384, 0, 1]"
98629,1517922.8240740742,90,0x20003a48,14920,TelemetryTask,"[14920, 536908656, 200, 0]"
98633,1517967.3472222222,92,0x20003a48,14920,UartTxTask,"[14920, 3758096384, 20, 1]"
98638,1518704.5740740742,92,0x200080a0,32928,UartTxTask,"[32928, 3758096384, 0, 1]"
98643,1527922.4027777778,90,0x20003a48,14920,TelemetryTask,"[14920, 536908656, 200, 0]"
98647,1527965.6851851852,92,0x20003a48,14920,UartTxTask,"[14920, 3758096384, 20, 1]"
98652,1528702.3333333333,92,0x200080a0,32928,UartTxTask,"[32928, 3758096384, 0, 1]"
98657,1537922.3009259258,90,0x20003a48,14920,TelemetryTask,"[14920, 536908656, 200, 0]"
98661,1537965.9722222222,92,0x20003a48,14920,UartTxTask,"[14920, 3758096384, 20, 1]"
98666,1538703.1064814816,92,0x200080a0,32928,UartTxTask,"[32928, 3758096384, 0, 1]"
98671,1547922.4074074074,90,0x20003a48,14920,TelemetryTask,"[14920, 536908656, 200, 0]"
98675,1547965.5833333333,92,0x20003a48,14920,UartTxTask,"[14920, 3758096384, 20, 1]"
98680,1548702.7222222222,92,0x200080a0,32928,UartTxTask,"[32928, 3758096384, 0, 1]"
98685,1557921.486111111,90,0x20003a48,14920,TelemetryTask,"[14920, 536908656, 200, 0]"
98689,1557964.912037037,92,0x20003a48,14920,UartTxTask,"[14920, 3758096384, 20, 1]"
98694,1558702.361111111,92,0x200080a0,32928,UartTxTask,"[32928, 3758096384, 0, 1]"
98699,1567921.513888889,90,0x20003a48,14920,TelemetryTask,"[14920, 536908656, 200, 0]"
98703,1567964.9398148148,92,0x20003a48,14920,UartTxTask,"[14920, 3758096384, 20, 1]"
98708,1568701.9351851852,92,0x200080a0,32928,UartTxTask,"[32928, 3758096384, 0, 1]"
98713,1577922.361111111,90,0x20003a48,14920,TelemetryTask,"[14920, 536908656, 200, 0]"
98717,1577964.7314814816,92,0x20003a48,14920,UartTxTask,"[14920, 3758096384, 20, 1]"
98722,1578701.3333333333,92,0x200080a0,32928,UartTxTask,"[32928, 3758096384, 0, 1]"
98727,1587922.2083333333,90,0x20003a48,14920,TelemetryTask,"[14920, 536908656, 200, 0]"
98731,1587965.5046296297,92,0x20003a48,14920,UartTxTask,"[14920, 3758096384, 20, 1]"
98736,1588702.0092592593,92,0x200080a0,32928,UartTxTask,"[32928, 3758096384, 0, 1]"
98741,1597922.6712962964,90,0x20003a48,14920,TelemetryTask,"[14920, 536908656, 200, 0]"
98745,1597966.2314814816,92,0x20003a48,14920,UartTxTask,"[14920, 3758096384, 20, 1]"
98750,1598703.3101851852,92,0x200080a0,32928,UartTxTask,"[32928, 3758096384, 0, 1]"
98755,1607922.6805555555,90,0x20003a48,14920,TelemetryTask,"[14920, 536908656, 200, 0]"
98759,1607966.0416666667,92,0x20003a48,14920,UartTxTask,"[14920, 3758096384, 20, 1]"
98764,1608703.1157407407,92,0x200080a0,32928,UartTxTask,"[32928, 3758096384, 0, 1]"
98769,1617922.351851852,90,0x20003a48,14920,TelemetryTask,"[14920, 536908656, 200, 0]"
98773,1617966.0648148148,92,0x20003a48,14920,UartTxTask,"[14920, 3758096384, 20, 1]"
98778,1618703.398148148,92,0x200080a0,32928,UartTxTask,"[32928, 3758096384, 0, 1]"
98783,1627922.888888889,90,0x20003a48,14920,TelemetryTask,"[14920, 536908656, 200, 0]"
98787,1627966.3055555555,92,0x20003a48,14920,UartTxTask,"[14920, 3758096384, 20, 1]"
98792,1628703.398148148,92,0x200080a0,32928,UartTxTask,"[32928, 3758096384, 0, 1]"
98797,1637921.486111111,90,0x20003a48,14920,TelemetryTask,"[14920, 536908656, 200, 0]"
98801,1637964.4537037036,92,0x20003a48,14920,UartTxTask,"[14920, 3758096384, 20, 1]"
98806,1638701.4722222222,92,0x200080a0,32928,UartTxTask,"[32928, 3758096384, 0, 1]"
98811,1647922.2407407407,90,0x20003a48,14920,TelemetryTask,"[14920, 536908656, 200, 0]"
98815,1647965.726851852,92,0x20003a48,14920,UartTxTask,"[14920, 3758096384, 20, 1]"
98820,1648703.2083333333,92,0x200080a0,32928,UartTxTask,"[32928, 3758096384, 0, 1]"
98825,1657922.4814814816,90,0x20003a48,14920,TelemetryTask,"[14920, 536908656, 200, 0]"
98829,1657965.611111111,92,0x20003a48,14920,UartTxTask,"[14920, 3758096384, 20, 1]"
98834,1658702.0,92,0x200080a0,32928,UartTxTask,"[32928, 3758096384, 0, 1]"
98839,1667922.023148148,90,0x20003a48,14920,TelemetryTask,"[14920, 536908656, 200, 0]"
98843,1667965.3425925926,92,0x20003a48,14920,UartTxTask,"[14920, 3758096384, 20, 1]"
98848,1668702.0694444445,92,0x200080a0,32928,UartTxTask,"[32928, 3758096384, 0, 1]"
98853,1677923.1712962964,90,0x20003a48,14920,TelemetryTask,"[14920, 536908656, 200, 0]"
98857,1677966.101851852,92,0x20003a48,14920,UartTxTask,"[14920, 3758096384, 20, 1]"
98862,1678703.0833333333,92,0x200080a0,32928,UartTxTask,"[32928, 3758096384, 0, 1]"
98868,1684911.976851852,96,0x20003970,14704,ISR#56,"[14704, 537198440]"
98871,1687985.375,90,0x20003a48,14920,TelemetryTask,"[14920, 536908656, 200, 0]"
98875,1688025.9583333333,92,0x20003970,14704,ButtonTask,"[14704, 3758096384, 4294967295, 1]"
98876,1688117.9351851852,90,0x20003a48,14920,ButtonTask,"[14920, 536906932, 200, 0]"
98879,1688171.9583333333,92,0x20003a48,14920,UartTxTask,"[14920, 3758096384, 20, 1]"
98884,1688905.601851852,92,0x200080a0,32928,UartTxTask,"[32928, 3758096384, 0, 1]"
98885,1688914.523148148,92,0x20003a48,14920,UartTxTask,"[14920, 3758096384, 20, 1]"
98890,1689652.6435185184,92,0x200080a0,32928,UartTxTask,"[32928, 3758096384, 0, 1]"
98895,1697922.6944444445,90,0x20003a48,14920,TelemetryTask,"[14920, 536908656, 200, 0]"
98899,1697965.7314814816,92,0x20003a48,14920,UartTxTask,"[14920, 3758096384, 20, 1]"
98904,1698702.7546296297,92,0x200080a0,32928,UartTxTask,"[32928, 3758096384, 0, 1]"
98909,1707922.8055555555,90,0x20003a48,14920,TelemetryTask,"[14920, 536908656, 200, 0]"
98913,1707966.0972222222,92,0x20003a48,14920,UartTxTask,"[14920, 3758096384, 20, 1]"
98918,1708703.0925925926,92,0x200080a0,32928,UartTxTask,"[32928, 3758096384, 0, 1]"
98923,1717922.8101851852,90,0x20003a48,14920,TelemetryTask,"[14920, 536908656, 200, 0]"
98927,1717966.587962963,92,0x20003a48,14920,UartTxTask,"[14920, 3758096384, 20, 1]"
98932,1718703.4722222222,92,0x200080a0,32928,UartTxTask,"[32928, 3758096384, 0, 1]"
98937,1727922.3009259258,90,0x20003a48,14920,TelemetryTask,"[14920, 536908656, 200, 0]"
98941,1727965.6851851852,92,0x20003a48,14920,UartTxTask,"[14920, 3758096384, 20, 1]"
98946,1728702.7175925926,92,0x200080a0,32928,UartTxTask,"[32928, 3758096384, 0, 1]"
98951,1737922.6296296297,90,0x20003a48,14920,TelemetryTask,"[14920, 536908656, 200, 0]"
98955,1737965.9351851852,92,0x20003a48,14920,UartTxTask,"[14920, 3758096384, 20, 1]"
98960,1738703.138888889,92,0x200080a0,32928,UartTxTask,"[32928, 3758096384, 0, 1]"
98965,1747922.6990740742,90,0x20003a48,14920,TelemetryTask,"[14920, 536908656, 200, 0]"
98969,1747965.8564814816,92,0x20003a48,14920,UartTxTask,"[14920, 3758096384, 20, 1]"
98974,1748703.2777777778,92,0x200080a0,32928,UartTxTask,"[32928, 3758096384, 0, 1]"
98979,1757922.6296296297,90,0x20003a48,14920,TelemetryTask,"[14920, 536908656, 200, 0]"
98983,1757965.601851852,92,0x20003a48,14920,UartTxTask,"[14920, 3758096384, 20, 1]"
98988,1758702.3657407407,92,0x200080a0,32928,UartTxTask,"[32928, 3758096384, 0, 1]"
98993,1767923.0787037036,90,0x20003a48,14920,TelemetryTask,"[14920, 536908656, 200, 0]"
98997,1767965.7777777778,92,0x20003a48,14920,UartTxTask,"[14920, 3758096384, 20, 1]"
99002,1768703.0092592593,92,0x200080a0,32928,UartTxTask,"[32928, 3758096384, 0, 1]"
99007,1777922.4490740742,90,0x20003a48,14920,TelemetryTask,"[14920, 536908656, 200, 0]"
99011,1777965.2407407407,92,0x20003a48,14920,UartTxTask,"[14920, 3758096384, 20, 1]"
99016,1778702.2083333333,92,0x200080a0,32928,UartTxTask,"[32928, 3758096384, 0, 1]"
99021,1787922.587962963,90,0x20003a48,14920,TelemetryTask,"[14920, 536908656, 200, 0]"
99025,1787965.476851852,92,0x20003a48,14920,UartTxTask,"[14920, 3758096384, 20, 1]"
99030,1788702.625,92,0x200080a0,32928,UartTxTask,"[32928, 3758096384, 0, 1]"
99035,1797924.476851852,90,0x20003a48,14920,TelemetryTask,"[14920, 536908656, 200, 0]"
99039,1797968.087962963,92,0x20003a48,14920,UartTxTask,"[14920, 3758096384, 20, 1]"
99044,1798705.2685185184,92,0x200080a0,32928,UartTxTask,"[32928, 3758096384, 0, 1]"
99049,1807922.3842592593,90,0x20003a48,14920,TelemetryTask,"[14920, 536908656, 200, 0]"
99053,1807965.2685185184,92,0x20003a48,14920,UartTxTask,"[14920, 3758096384, 20, 1]"
99058,1808701.7453703703,92,0x200080a0,32928,UartTxTask,"[32928, 3758096384, 0, 1]"
99063,1817922.9907407407,90,0x20003a48,14920,TelemetryTask,"[14920, 536908656, 200, 0]"
99067,1817966.513888889,92,0x20003a48,14920,UartTxTask,"[14920, 3758096384, 20, 1]"
99072,1818703.388888889,92,0x200080a0,32928,UartTxTask,"[32928, 3758096384, 0, 1]"
99077,1827921.9259259258,90,0x20003a48,14920,TelemetryTask,"[14920, 536908656, 200, 0]"
99081,1827965.6527777778,92,0x20003a48,14920,UartTxTask,"[14920, 3758096384, 20, 1]"
99086,1828702.8240740742,92,0x200080a0,32928,UartTxTask,"[32928, 3758096384, 0, 1]"
99091,1837922.7175925926,90,0x20003a48,14920,TelemetryTask,"[14920, 536908656, 200, 0]"
99095,1837966.4259259258,92,0x20003a48,14920,UartTxTask,"[14920, 3758096384, 20, 1]"
99100,1838703.638888889,92,0x200080a0,32928,UartTxTask,"[32928, 3758096384, 0, 1]"
99105,1847921.9537037036,90,0x20003a48,14920,TelemetryTask,"[14920, 536908656, 200, 0]"
99109,1847964.8425925926,92,0x20003a48,14920,UartTxTask,"[14920, 3758096384, 20, 1]"
99114,1848701.5972222222,92,0x200080a0,32928,UartTxTask,"[32928, 3758096384, 0, 1]"
99119,1857921.9814814816,90,0x20003a48,14920,TelemetryTask,"[14920, 536908656, 200, 0]"
99123,1857964.4398148148,92,0x20003a48,14920,UartTxTask,"[14920, 3758096384, 20, 1]"
99128,1858701.5787037036,92,0x200080a0,32928,UartTxTask,"[32928, 3758096384, 0, 1]"
99133,1867922.3842592593,90,0x20003a48,14920,TelemetryTask,"[14920, 536908656, 200, 0]"
99137,1867965.125,92,0x20003a48,14920,UartTxTask,"[14920, 3758096384, 20, 1]"
99142,1868702.4259259258,92,0x200080a0,32928,UartTxTask,"[32928, 3758096384, 0, 1]"
99147,1877922.5833333333,90,0x20003a48,14920,TelemetryTask,"[14920, 536908656, 200, 0]"
99151,1877966.0416666667,92,0x20003a48,14920,UartTxTask,"[14920, 3758096384, 20, 1]"
99156,1878703.6990740742,92,0x200080a0,32928,UartTxTask,"[32928, 3758096384, 0, 1]"
99161,1887922.6574074074,90,0x20003a48,14920,TelemetryTask,"[14920, 536908656, 200, 0]"
99165,1887965.4398148148,92,0x20003a48,14920,UartTxTask,"[14920, 3758096384, 20, 1]"
99170,1888702.1203703703,92,0x200080a0,32928,UartTxTask,"[32928, 3758096384, 0, 1]"
99175,1897921.6203703703,90,0x20003a48,14920,TelemetryTask,"[14920, 536908656, 200, 0]"
99179,1897964.6527777778,92,0x20003a48,14920,UartTxTask,"[14920, 3758096384, 20, 1]"
99184,1898701.4953703703,92,0x200080a0,32928,UartTxTask,"[32928, 3758096384, 0, 1]"
99189,1907922.6944444445,90,0x20003a48,14920,TelemetryTask,"[14920, 536908656, 200, 0]"
99193,1907965.8194444445,92,0x20003a48,14920,UartTxTask,"[14920, 3758096384, 20, 1]"
99198,1908703.101851852,92,0x200080a0,32928,UartTxTask,"[32928, 3758096384, 0, 1]"
99203,1917923.0787037036,90,0x20003a48,14920,TelemetryTask,"[14920, 536908656, 200, 0]"
99207,1917965.763888889,92,0x20003a48,14920,UartTxTask,"[14920, 3758096384, 20, 1]"
99212,1918703.037037037,92,0x200080a0,32928,UartTxTask,"[32928, 3758096384, 0, 1]"
99217,1927922.6851851852,90,0x20003a48,14920,TelemetryTask,"[14920, 536908656, 200, 0]"
99221,1927966.1296296297,92,0x20003a48,14920,UartTxTask,"[14920, 3758096384, 20, 1]"
99226,1928702.9398148148,92,0x200080a0,32928,UartTxTask,"[32928, 3758096384, 0, 1]"
99231,1937923.2222222222,90,0x20003a48,14920,TelemetryTask,"[14920, 536908656, 200, 0]"
99235,1937966.0925925926,92,0x20003a48,14920,UartTxTask,"[14920, 3758096384, 20, 1]"
99240,1938703.3657407407,92,0x200080a0,32928,UartTxTask,"[32928, 3758096384, 0, 1]"
99245,1947923.0925925926,90,0x20003a48,14920,TelemetryTask,"[14920, 536908656, 200, 0]"
99249,1947966.3564814816,92,0x20003a48,14920,UartTxTask,"[14920, 3758096384, 20, 1]"
99254,1948703.337962963,92,0x200080a0,32928,UartTxTask,"[32928, 3758096384, 0, 1]"
99259,1957923.0462962964,90,0x20003a48,14920,TelemetryTask,"[14920, 536908656, 200, 0]"
99263,1957965.4675925926,92,0x20003a48,14920,UartTxTask,"[14920, 3758096384, 20, 1]"
99268,1958702.8657407407,92,0x200080a0,32928,UartTxTask,"[32928, 3758096384, 0, 1]"
99273,1967922.2314814816,90,0x20003a48,14920,TelemetryTask,"[14920, 536908656, 200, 0]"
99277,1967965.1574074074,92,0x20003a48,14920,UartTxTask,"[14920, 3758096384, 20, 1]"
99282,1968702.162037037,92,0x200080a0,32928,UartTxTask,"[32928, 3758096384, 0, 1]"
99287,1977923.162037037,90,0x20003a48,14920,TelemetryTask,"[14920, 536908656, 200, 0]"
99291,1977966.662037037,92,0x20003a48,14920,UartTxTask,"[14920, 3758096384, 20, 1]"
99296,1978703.3194444445,92,0x200080a0,32928,UartTxTask,"[32928, 3758096384, 0, 1]"
99301,1987922.486111111,90,0x20003a48,14920,TelemetryTask,"[14920, 536908656, 200, 0]"
99305,1987966.1712962964,92,0x20003a48,14920,UartTxTask,"[14920, 3758096384, 20, 1]"
99310,1988703.4074074074,92,0x200080a0,32928,UartTxTask,"[32928, 3758096384, 0, 1]"
99315,1997922.1851851852,90,0x20003a48,14920,TelemetryTask,"[14920, 536908656, 200, 0]"
99319,1997964.8101851852,92,0x20003a48,14920,UartTxTask,"[14920, 3758096384, 20, 1]"
99324,1998701.5416666667,92,0x200080a0,32928,UartTxTask,"[32928, 3758096384, 0, 1]"
99329,2007923.013888889,90,0x20003a48,14920,TelemetryTask,"[14920, 536908656, 200, 0]"
99333,2007966.0648148148,92,0x20003a48,14920,UartTxTask,"[14920, 3758096384, 20, 1]"
99338,2008703.1574074074,92,0x200080a0,32928,UartTxTask,"[32928, 3758096384, 0, 1]"
99343,2017922.5555555555,90,0x20003a48,14920,TelemetryTask,"[14920, 536908656, 200, 0]"
99347,2017965.1435185184,92,0x20003a48,14920,UartTxTask,"[14920, 3758096384, 20, 1]"
99352,2018701.8194444445,92,0x200080a0,32928,UartTxTask,"[32928, 3758096384, 0, 1]"
99357,2027922.7083333333,90,0x20003a48,14920,TelemetryTask,"[14920, 536908656, 200, 0]"
99361,2027965.4583333333,92,0x20003a48,14920,UartTxTask,"[14920, 3758096384, 20, 1]"
99366,2028702.4953703703,92,0x200080a0,32928,UartTxTask,"[32928, 3758096384, 0, 1]"
99371,2037923.4351851852,90,0x20003a48,14920,TelemetryTask,"[14920, 536908656, 200, 0]"
99375,2037966.5648148148,92,0x20003a48,14920,UartTxTask,"[14920, 3758096384, 20, 1]"
99380,2038703.4351851852,92,0x200080a0,32928,UartTxTask,"[32928, 3758096384, 0, 1]"
99385,2047922.4444444445,90,0x20003a48,14920,TelemetryTask,"[14920, 536908656, 200, 0]"
99389,2047966.0,92,0x20003a48,14920,UartTxTask,"[14920, 3758096384, 20, 1]"
99394,2048703.087962963,92,0x200080a0,32928,UartTxTask,"[32928, 3758096384, 0, 1]"
99399,2057923.037037037,90,0x20003a48,14920,TelemetryTask,"[14920, 536908656, 200, 0]"
99403,2057966.4166666667,92,0x20003a48,14920,UartTxTask,"[14920, 3758096384, 20, 1]"
99408,2058703.3333333333,92,0x200080a0,32928,UartTxTask,"[32928, 3758096384, 0, 1]"
99413,2067922.8287037036,90,0x20003a48,14920,TelemetryTask,"[14920, 536908656, 200, 0]"
99417,2067965.398148148,92,0x20003a48,14920,UartTxTask,"[14920, 3758096384, 20, 1]"
99422,2068702.0555555555,92,0x200080a0,32928,UartTxTask,"[32928, 3758096384, 0, 1]"
99427,2077921.9814814816,90,0x20003a48,14920,TelemetryTask,"[14920, 536908656, 200, 0]"
99431,2077965.351851852,92,0x20003a48,14920,UartTxTask,"[14920, 3758096384, 20, 1]"
99436,2078702.138888889,92,0x200080a0,32928,UartTxTask,"[32928, 3758096384, 0, 1]"
99441,2087922.0694444445,90,0x20003a48,14920,TelemetryTask,"[14920, 536908656, 200, 0]"
99445,2087965.1435185184,92,0x20003a48,14920,UartTxTask,"[14920, 3758096384, 20, 1]"
99450,2088702.087962963,92,0x200080a0,32928,UartTxTask,"[32928, 3758096384, 0, 1]"
99455,2097922.453703704,90,0x20003a48,14920,TelemetryTask,"[14920, 536908656, 200, 0]"
99459,2097965.0416666665,92,0x20003a48,14920,UartTxTask,"[14920, 3758096384, 20, 1]"
99464,2098702.060185185,92,0x200080a0,32928,UartTxTask,"[32928, 3758096384, 0, 1]"
99469,2107922.152777778,90,0x20003a48,14920,TelemetryTask,"[14920, 536908656, 200, 0]"
99473,2107965.361111111,92,0x20003a48,14920,UartTxTask,"[14920, 3758096384, 20, 1]"
99478,2108702.0833333335,92,0x200080a0,32928,UartTxTask,"[32928, 3758096384, 0, 1]"
99483,2117922.4166666665,90,0x20003a48,14920,TelemetryTask,"[14920, 536908656, 200, 0]"
99487,2117965.527777778,92,0x20003a48,14920,UartTxTask,"[14920, 3758096384, 20, 1]"
99492,2118702.5416666665,92,0x200080a0,32928,UartTxTask,"[32928, 3758096384, 0, 1]"
99497,2127922.6203703703,90,0x20003a48,14920,TelemetryTask,"[14920, 536908656, 200, 0]"
99501,2127965.2916666665,92,0x20003a48,14920,UartTxTask,"[14920, 3758096384, 20, 1]"
99506,2128702.388888889,92,0x200080a0,32928,UartTxTask,"[32928, 3758096384, 0, 1]"
99511,2137922.814814815,90,0x20003a48,14920,TelemetryTask,"[14920, 536908656, 200, 0]"
99515,2137965.861111111,92,0x20003a48,14920,UartTxTask,"[14920, 3758096384, 20, 1]"
99520,2138702.8796296297,92,0x200080a0,32928,UartTxTask,"[32928, 3758096384, 0, 1]"
99525,2147922.4907407407,90,0x20003a48,14920,TelemetryTask,"[14920, 536908656, 200, 0]"
99529,2147965.8796296297,92,0x20003a48,14920,UartTxTask,"[14920, 3758096384, 20, 1]"
99534,2148702.9953703703,92,0x200080a0,32928,UartTxTask,"[32928, 3758096384, 0, 1]"
99539,2157921.685185185,90,0x20003a48,14920,TelemetryTask,"[14920, 536908656, 200, 0]"
99543,2157965.078703704,92,0x20003a48,14920,UartTxTask,"[14920, 3758096384, 20, 1]"
99548,2158701.902777778,92,0x200080a0,32928,UartTxTask,"[32928, 3758096384, 0, 1]"
99553,2167922.449074074,90,0x20003a48,14920,TelemetryTask,"[14920, 536908656, 200, 0]"
99557,2167965.967592593,92,0x20003a48,14920,UartTxTask,"[14920, 3758096384, 20, 1]"
99562,2168702.722222222,92,0x200080a0,32928,UartTxTask,"[32928, 3758096384, 0, 1]"
99567,2177922.638888889,90,0x20003a48,14920,TelemetryTask,"[14920, 536908656, 200, 0]"
99571,2177965.9583333335,92,0x20003a48,14920,UartTxTask,"[14920, 3758096384, 20, 1]"
99576,2178702.9768518517,92,0x200080a0,32928,UartTxTask,"[32928, 3758096384, 0, 1]"
99581,2187922.342592593,90,0x20003a48,14920,TelemetryTask,"[14920, 536908656, 200, 0]"
99585,2187965.1203703703,92,0x20003a48,14920,UartTxTask,"[14920, 3758096384, 20, 1]"
99590,2188702.6481481483,92,0x200080a0,32928,UartTxTask,"[32928, 3758096384, 0, 1]"
99595,2197922.1203703703,90,0x20003a48,14920,TelemetryTask,"[14920, 536908656, 200, 0]"
99599,2197965.5092592593,92,0x20003a48,14920,UartTxTask,"[14920, 3758096384, 20, 1]"
99604,2198702.587962963,92,0x200080a0,32928,UartTxTask,"[32928, 3758096384, 0, 1]"
99609,2207921.949074074,90,0x20003a48,14920,TelemetryTask,"[14920, 536908656, 200, 0]"
99613,2207965.625,92,0x20003a48,14920,UartTxTask,"[14920, 3758096384, 20, 1]"
99618,2208702.5046296297,92,0x200080a0,32928,UartTxTask,"[32928, 3758096384, 0, 1]"
99623,2217922.675925926,90,0x20003a48,14920,TelemetryTask,"[14920, 536908656, 200, 0]"
99627,2217965.675925926,92,0x20003a48,14920,UartTxTask,"[14920, 3758096384, 20, 1]"
99632,2218702.4166666665,92,0x200080a0,32928,UartTxTask,"[32928, 3758096384, 0, 1]"
99637,2227921.800925926,90,0x20003a48,14920,TelemetryTask,"[14920, 536908656, 200, 0]"
99641,2227964.9444444445,92,0x20003a48,14920,UartTxTask,"[14920, 3758096384, 20, 1]"
99646,2228702.0,92,0x200080a0,32928,UartTxTask,"[32928, 3758096384, 0, 1]"
99651,2237923.013888889,90,0x20003a48,14920,TelemetryTask,"[14920, 536908656, 200, 0]"
99655,2237966.449074074,92,0x20003a48,14920,UartTxTask,"[14920, 3758096384, 20, 1]"
99660,2238704.092592593,92,0x200080a0,32928,UartTxTask,"[32928, 3758096384, 0, 1]"
99665,2247922.296296296,90,0x20003a48,14920,TelemetryTask,"[14920, 536908656, 200, 0]"
99669,2247965.037037037,92,0x20003a48,14920,UartTxTask,"[14920, 3758096384, 20, 1]"
99674,2248702.2268518517,92,0x200080a0,32928,UartTxTask,"[32928, 3758096384, 0, 1]"
99679,2257922.9444444445,90,0x20003a48,14920,TelemetryTask,"[14920, 536908656, 200, 0]"
99683,2257965.9583333335,92,0x20003a48,14920,UartTxTask,"[14920, 3758096384, 20, 1]"
99688,2258704.560185185,92,0x200080a0,32928,UartTxTask,"[32928, 3758096384, 0, 1]"
99693,2267923.032407407,90,0x20003a48,14920,TelemetryTask,"[14920, 536908656, 200, 0]"
99697,2267966.4305555555,92,0x20003a48,14920,UartTxTask,"[14920, 3758096384, 20, 1]"
99702,2268703.625,92,0x200080a0,32928,UartTxTask,"[32928, 3758096384, 0, 1]"
99707,2277922.0046296297,90,0x20003a48,14920,TelemetryTask,"[14920, 536908656, 200, 0]"
99711,2277964.875,92,0x20003a48,14920,UartTxTask,"[14920, 3758096384, 20, 1]"
99716,2278701.532407407,92,0x200080a0,32928,UartTxTask,"[32928, 3758096384, 0, 1]"
99721,2287923.3796296297,90,0x20003a48,14920,TelemetryTask,"[14920, 536908656, 200, 0]"
99725,2287966.717592593,92,0x20003a48,14920,UartTxTask,"[14920, 3758096384, 20, 1]"
99730,2288703.2083333335,92,0x200080a0,32928,UartTxTask,"[32928, 3758096384, 0, 1]"
99735,2297922.092592593,90,0x20003a48,14920,TelemetryTask,"[14920, 536908656, 200, 0]"
99739,2297965.1018518517,92,0x20003a48,14920,UartTxTask,"[14920, 3758096384, 20, 1]"
99744,2298702.453703704,92,0x200080a0,32928,UartTxTask,"[32928, 3758096384, 0, 1]"
99749,2307922.7731481483,90,0x20003a48,14920,TelemetryTask,"[14920, 536908656, 200, 0]"
99753,2307965.800925926,92,0x20003a48,14920,UartTxTask,"[14920, 3758096384, 20, 1]"
99758,2308702.800925926,92,0x200080a0,32928,UartTxTask,"[32928, 3758096384, 0, 1]"
99763,2317922.685185185,90,0x20003a48,14920,TelemetryTask,"[14920, 536908656, 200, 0]"
99767,2317966.1435185187,92,0x20003a48,14920,UartTxTask,"[14920, 3758096384, 20, 1]"
99772,2318702.75,92,0x200080a0,32928,UartTxTask,"[32928, 3758096384, 0, 1]"
99777,2327921.824074074,90,0x20003a48,14920,TelemetryTask,"[14920, 536908656, 200, 0]"
99781,2327964.939814815,92,0x20003a48,14920,UartTxTask,"[14920, 3758096384, 20, 1]"
99786,2328701.907407407,92,0x200080a0,32928,UartTxTask,"[32928, 3758096384, 0, 1]"
99791,2337923.0092592593,90,0x20003a48,14920,TelemetryTask,"[14920, 536908656, 200, 0]"
99795,2337966.361111111,92,0x20003a48,14920,UartTxTask,"[14920, 3758096384, 20, 1]"
99800,2338703.2314814813,92,0x200080a0,32928,UartTxTask,"[32928, 3758096384, 0, 1]"
99805,2347922.837962963,90,0x20003a48,14920,TelemetryTask,"[14920, 536908656, 200, 0]"
99809,2347966.2592592593,92,0x20003a48,14920,UartTxTask,"[14920, 3758096384, 20, 1]"
99814,2348703.546296296,92,0x200080a0,32928,UartTxTask,"[32928, 3758096384, 0, 1]"
99819,2357923.236111111,90,0x20003a48,14920,TelemetryTask,"[14920, 536908656, 200, 0]"
99823,2357966.4444444445,92,0x20003a48,14920,UartTxTask,"[14920, 3758096384, 20, 1]"
99828,2358703.435185185,92,0x200080a0,32928,UartTxTask,"[32928, 3758096384, 0, 1]"
99833,2367922.2314814813,90,0x20003a48,14920,TelemetryTask,"[14920, 536908656, 200, 0]"
99837,2367965.3935185187,92,0x20003a48,14920,UartTxTask,"[14920, 3758096384, 20, 1]"
99842,2368702.4166666665,92,0x200080a0,32928,UartTxTask,"[32928, 3758096384, 0, 1]"
99847,2377922.861111111,90,0x20003a48,14920,TelemetryTask,"[14920, 536908656, 200, 0]"
99851,2377965.472222222,92,0x20003a48,14920,UartTxTask,"[14920, 3758096384, 20, 1]"
99856,2378702.3333333335,92,0x200080a0,32928,UartTxTask,"[32928, 3758096384, 0, 1]"
99861,2387920.9953703703,90,0x20003a48,14920,TelemetryTask,"[14920, 536908656, 200, 0]"
99865,2387964.425925926,92,0x20003a48,14920,UartTxTask,"[14920, 3758096384, 20, 1]"
99870,2388701.412037037,92,0x200080a0,32928,UartTxTask,"[32928, 3758096384, 0, 1]"
99875,2397923.342592593,90,0x20003a48,14920,TelemetryTask,"[14920, 536908656, 200, 0]"
99879,2397966.125,92,0x20003a48,14920,UartTxTask,"[14920, 3758096384, 20, 1]"
99884,2398703.175925926,92,0x200080a0,32928,UartTxTask,"[32928, 3758096384, 0, 1]"
99889,2407922.1018518517,90,0x20003a48,14920,TelemetryTask,"[14920, 536908656, 200, 0]"
99893,2407964.875,92,0x20003a48,14920,UartTxTask,"[14920, 3758096384, 20, 1]"
99898,2408702.0416666665,92,0x200080a0,32928,UartTxTask,"[32928, 3758096384, 0, 1]"
99903,2417923.361111111,90,0x20003a48,14920,TelemetryTask,"[14920, 536908656, 200, 0]"
99907,2417966.1805555555,92,0x20003a48,14920,UartTxTask,"[14920, 3758096384, 20, 1]"
99912,2418703.064814815,92,0x200080a0,32928,UartTxTask,"[32928, 3758096384, 0, 1]"
99917,2427922.296296296,90,0x20003a48,14920,TelemetryTask,"[14920, 536908656, 200, 0]"
99921,2427965.3657407407,92,0x20003a48,14920,UartTxTask,"[14920, 3758096384, 20, 1]"
99926,2428702.1342592593,92,0x200080a0,32928,UartTxTask,"[32928, 3758096384, 0, 1]"
99931,2437922.953703704,90,0x20003a48,14920,TelemetryTask,"[14920, 536908656, 200, 0]"
99935,2437966.064814815,92,0x20003a48,14920,UartTxTask,"[14920, 3758096384, 20, 1]"
99939,2438174.4907407407,96,0x20003970,14704,ISR#56,"[14704, 537198440]"
99943,2438205.527777778,92,0x20003970,14704,ButtonTask,"[14704, 3758096384, 4294967295, 1]"
99944,2438295.847222222,90,0x20003a48,14920,ButtonTask,"[14920, 536906932, 200, 0]"
99949,2438696.7407407407,92,0x200080a0,32928,UartTxTask,"[32928, 3758096384, 0, 1]"
99950,2438705.337962963,92,0x20003a48,14920,UartTxTask,"[14920, 3758096384, 20, 1]"
99955,2439439.824074074,92,0x200080a0,32928,UartTxTask,"[32928, 3758096384, 0, 1]"
99960,2447922.6435185187,90,0x20003a48,14920,TelemetryTask,"[14920, 536908656, 200, 0]"
99964,2447965.6944444445,92,0x20003a48,14920,UartTxTask,"[14920, 3758096384, 20, 1]"
99969,2448702.949074074,92,0x200080a0,32928,UartTxTask,"[32928, 3758096384, 0, 1]"
99974,2457922.435185185,90,0x20003a48,14920,TelemetryTask,"[14920, 536908656, 200, 0]"
99978,2457965.5,92,0x20003a48,14920,UartTxTask,"[14920, 3758096384, 20, 1]"
99983,2458701.75,92,0x200080a0,32928,UartTxTask,"[32928, 3758096384, 0, 1]"
99988,2467922.662037037,90,0x20003a48,14920,TelemetryTask,"[14920, 536908656, 200, 0]"
99992,2467965.537037037,92,0x20003a48,14920,UartTxTask,"[14920, 3758096384, 20, 1]"
99997,2468702.296296296,92,0x200080a0,32928,UartTxTask,"[32928, 3758096384, 0, 1]"
100002,2477923.796296296,90,0x20003a48,14920,TelemetryTask,"[14920, 536908656, 200, 0]"
100006,2477966.550925926,92,0x20003a48,14920,UartTxTask,"[14920, 3758096384, 20, 1]"
100011,2478703.782407407,92,0x200080a0,32928,UartTxTask,"[32928, 3758096384, 0, 1]"
100016,2487922.467592593,90,0x20003a48,14920,TelemetryTask,"[14920, 536908656, 200, 0]"
100020,2487965.962962963,92,0x20003a48,14920,UartTxTask,"[14920, 3758096384, 20, 1]"
100025,2488703.0046296297,92,0x200080a0,32928,UartTxTask,"[32928, 3758096384, 0, 1]"
100030,2497922.421296296,90,0x20003a48,14920,TelemetryTask,"[14920, 536908656, 200, 0]"
100034,2497965.407407407,92,0x20003a48,14920,UartTxTask,"[14920, 3758096384, 20, 1]"
100039,2498702.578703704,92,0x200080a0,32928,UartTxTask,"[32928, 3758096384, 0, 1]"
100044,2507922.5416666665,90,0x20003a48,14920,TelemetryTask,"[14920, 536908656, 200, 0]"
100048,2507965.6805555555,92,0x20003a48,14920,UartTxTask,"[14920, 3758096384, 20, 1]"
100053,2508702.8333333335,92,0x200080a0,32928,UartTxTask,"[32928, 3758096384, 0, 1]"
100058,2517921.907407407,90,0x20003a48,14920,TelemetryTask,"[14920, 536908656, 200, 0]"
100062,2517965.527777778,92,0x20003a48,14920,UartTxTask,"[14920, 3758096384, 20, 1]"
100067,2518702.6064814813,92,0x200080a0,32928,UartTxTask,"[32928, 3758096384, 0, 1]"
100072,2527922.287037037,90,0x20003a48,14920,TelemetryTask,"[14920, 536908656, 200, 0]"
100076,2527965.425925926,92,0x20003a48,14920,UartTxTask,"[14920, 3758096384, 20, 1]"
100081,2528702.8194444445,92,0x200080a0,32928,UartTxTask,"[32928, 3758096384, 0, 1]"
100086,2537922.796296296,90,0x20003a48,14920,TelemetryTask,"[14920, 536908656, 200, 0]"
100090,2537966.342592593,92,0x20003a48,14920,UartTxTask,"[14920, 3758096384, 20, 1]"
100095,2538703.425925926,92,0x200080a0,32928,UartTxTask,"[32928, 3758096384, 0, 1]"
100100,2547920.3564814813,90,0x20003a48,14920,TelemetryTask,"[14920, 536908656, 200, 0]"
100104,2547963.310185185,92,0x20003a48,14920,UartTxTask,"[14920, 3758096384, 20, 1]"
100109,2548699.8564814813,92,0x200080a0,32928,UartTxTask,"[32928, 3758096384, 0, 1]"
100114,2557921.6805555555,90,0x20003a48,14920,TelemetryTask,"[14920, 536908656, 200, 0]"
100118,2557964.763888889,92,0x20003a48,14920,UartTxTask,"[14920, 3758096384, 20, 1]"
100123,2558701.800925926,92,0x200080a0,32928,UartTxTask,"[32928, 3758096384, 0, 1]"
100128,2567923.3796296297,90,0x20003a48,14920,TelemetryTask,"[14920, 536908656, 200, 0]"
100132,2567966.7314814813,92,0x20003a48,14920,UartTxTask,"[14920, 3758096384, 20, 1]"
100137,2568703.939814815,92,0x200080a0,32928,UartTxTask,"[32928, 3758096384, 0, 1]"
100142,2577922.5,90,0x20003a48,14920,TelemetryTask,"[14920, 536908656, 200, 0]"
100146,2577965.9166666665,92,0x20003a48,14920,UartTxTask,"[14920, 3758096384, 20, 1]"
100151,2578702.685185185,92,0x200080a0,32928,UartTxTask,"[32928, 3758096384, 0, 1]"
100156,2587922.9953703703,90,0x20003a48,14920,TelemetryTask,"[14920, 536908656, 200, 0]"
100160,2587966.4907407407,92,0x20003a48,14920,UartTxTask,"[14920, 3758096384, 20, 1]"
100165,2588702.837962963,92,0x200080a0,32928,UartTxTask,"[32928, 3758096384, 0, 1]"
100170,2597924.7407407407,90,0x20003a48,14920,TelemetryTask,"[14920, 536908656, 200, 0]"
100174,2597967.796296296,92,0x20003a48,14920,UartTxTask,"[14920, 3758096384, 20, 1]"
100179,2598704.347222222,92,0x200080a0,32928,UartTxTask,"[32928, 3758096384, 0, 1]"
100184,2607922.0046296297,90,0x20003a48,14920,TelemetryTask,"[14920, 536908656, 200, 0]"
100188,2607966.125,92,0x20003a48,14920,UartTxTask,"[14920, 3758096384, 20, 1]"
100193,2608702.9953703703,92,0x200080a0,32928,UartTxTask,"[32928, 3758096384, 0, 1]"
100198,2617923.064814815,90,0x20003a48,14920,TelemetryTask,"[14920, 536908656, 200, 0]"
100202,2617966.027777778,92,0x20003a48,14920,UartTxTask,"[14920, 3758096384, 20, 1]"
100207,2618703.328703704,92,0x200080a0,32928,UartTxTask,"[32928, 3758096384, 0, 1]"
100212,2627921.75,90,0x20003a48,14920,TelemetryTask,"[14920, 536908656, 200, 0]"
100216,2627965.2453703703,92,0x20003a48,14920,UartTxTask,"[14920, 3758096384, 20, 1]"
100221,2628702.5092592593,92,0x200080a0,32928,UartTxTask,"[32928, 3758096384, 0, 1]"
100226,2637922.375,90,0x20003a48,14920,TelemetryTask,"[14920, 536908656, 200, 0]"
100230,2637965.736111111,92,0x20003a48,14920,UartTxTask,"[14920, 3758096384, 20, 1]"
100235,2638703.560185185,92,0x200080a0,32928,UartTxTask,"[32928, 3758096384, 0, 1]"
100240,2647922.9166666665,90,0x20003a48,14920,TelemetryTask,"[14920, 536908656, 200, 0]"
100244,2647965.5046296297,92,0x20003a48,14920,UartTxTask,"[14920, 3758096384, 20, 1]"
100249,2648702.4166666665,92,0x200080a0,32928,UartTxTask,"[32928, 3758096384, 0, 1]"
100254,2657922.6481481483,90,0x20003a48,14920,TelemetryTask,"[14920, 536908656, 200, 0]"
100258,2657966.277777778,92,0x20003a48,14920,UartTxTask,"[14920, 3758096384, 20, 1]"
100263,2658702.6944444445,92,0x200080a0,32928,UartTxTask,"[32928, 3758096384, 0, 1]"
100268,2667921.685185185,90,0x20003a48,14920,TelemetryTask,"[14920, 536908656, 200, 0]"
100272,2667964.75,92,0x20003a48,14920,UartTxTask,"[14920, 3758096384, 20, 1]"
100277,2668701.722222222,92,0x200080a0,32928,UartTxTask,"[32928, 3758096384, 0, 1]"
100282,2677922.560185185,90,0x20003a48,14920,TelemetryTask,"[14920, 536908656, 200, 0]"
100286,2677965.6944444445,92,0x20003a48,14920,UartTxTask,"[14920, 3758096384, 20, 1]"
100291,2678702.060185185,92,0x200080a0,32928,UartTxTask,"[32928, 3758096384, 0, 1]"
100296,2687922.6944444445,90,0x20003a48,14920,TelemetryTask,"[14920, 536908656, 200, 0]"
100300,2687965.4768518517,92,0x20003a48,14920,UartTxTask,"[14920, 3758096384, 20, 1]"
100305,2688702.3796296297,92,0x200080a0,32928,UartTxTask,"[32928, 3758096384, 0, 1]"
100310,2697921.689814815,90,0x20003a48,14920,TelemetryTask,"[14920, 536908656, 200, 0]"
100314,2697964.703703704,92,0x20003a48,14920,UartTxTask,"[14920, 3758096384, 20, 1]"
100319,2698701.3518518517,92,0x200080a0,32928,UartTxTask,"[32928, 3758096384, 0, 1]"
100324,2707922.282407407,90,0x20003a48,14920,TelemetryTask,"[14920, 536908656, 200, 0]"
100328,2707965.1203703703,92,0x20003a48,14920,UartTxTask,"[14920, 3758096384, 20, 1]"
100333,2708702.4166666665,92,0x200080a0,32928,UartTxTask,"[32928, 3758096384, 0, 1]"
100338,2717921.7916666665,90,0x20003a48,14920,TelemetryTask,"[14920, 536908656, 200, 0]"
100342,2717964.7268518517,92,0x20003a48,14920,UartTxTask,"[14920, 3758096384, 20, 1]"
100347,2718701.9166666665,92,0x200080a0,32928,UartTxTask,"[32928, 3758096384, 0, 1]"
100352,2727922.402777778,90,0x20003a48,14920,TelemetryTask,"[14920, 536908656, 200, 0]"
100356,2727965.7546296297,92,0x20003a48,14920,UartTxTask,"[14920, 3758096384, 20, 1]"
100361,2728703.097222222,92,0x200080a0,32928,UartTxTask,"[32928, 3758096384, 0, 1]"
100366,2737922.787037037,90,0x20003a48,14920,TelemetryTask,"[14920, 536908656, 200, 0]"
100370,2737966.3518518517,92,0x20003a48,14920,UartTxTask,"[14920, 3758096384, 20, 1]"
100375,2738703.675925926,92,0x200080a0,32928,UartTxTask,"[32928, 3758096384, 0, 1]"
100380,2747922.699074074,90,0x20003a48,14920,TelemetryTask,"[14920, 536908656, 200, 0]"
100384,2747966.6157407407,92,0x20003a48,14920,UartTxTask,"[14920, 3758096384, 20, 1]"
100389,2748703.25,92,0x200080a0,32928,UartTxTask,"[32928, 3758096384, 0, 1]"
100394,2757922.435185185,90,0x20003a48,14920,TelemetryTask,"[14920, 536908656, 200, 0]"
100398,2757966.203703704,92,0x20003a48,14920,UartTxTask,"[14920, 3758096384, 20, 1]"
100403,2758702.6203703703,92,0x200080a0,32928,UartTxTask,"[32928, 3758096384, 0, 1]"
100408,2767922.421296296,90,0x20003a48,14920,TelemetryTask,"[14920, 536908656, 200, 0]"
100412,2767965.662037037,92,0x20003a48,14920,UartTxTask,"[14920, 3758096384, 20, 1]"
100417,2768702.6157407407,92,0x200080a0,32928,UartTxTask,"[32928, 3758096384, 0, 1]"
100422,2777922.6342592593,90,0x20003a48,14920,TelemetryTask,"[14920, 536908656, 200, 0]"
100426,2777966.087962963,92,0x20003a48,14920,UartTxTask,"[14920, 3758096384, 20, 1]"
100431,2778702.967592593,92,0x200080a0,32928,UartTxTask,"[32928, 3758096384, 0, 1]"
100436,2787922.199074074,90,0x20003a48,14920,TelemetryTask,"[14920, 536908656, 200, 0]"
100440,2787965.162037037,92,0x20003a48,14920,UartTxTask,"[14920, 3758096384, 20, 1]"
100445,2788701.375,92,0x200080a0,32928,UartTxTask,"[32928, 3758096384, 0, 1]"
100450,2797922.907407407,90,0x20003a48,14920,TelemetryTask,"[14920, 536908656, 200, 0]"
100454,2797966.175925926,92,0x20003a48,14920,UartTxTask,"[14920, 3758096384, 20, 1]"
100459,2798703.1203703703,92,0x200080a0,32928,UartTxTask,"[32928, 3758096384, 0, 1]"
100464,2807922.8518518517,90,0x20003a48,14920,TelemetryTask,"[14920, 536908656, 200, 0]"
100468,2807965.912037037,92,0x20003a48,14920,UartTxTask,"[14920, 3758096384, 20, 1]"
100473,2808702.763888889,92,0x200080a0,32928,UartTxTask,"[32928, 3758096384, 0, 1]"
100478,2817922.5416666665,90,0x20003a48,14920,TelemetryTask,"[14920, 536908656, 200, 0]"
100482,2817966.2592592593,92,0x20003a48,14920,UartTxTask,"[14920, 3758096384, 20, 1]"
100487,2818702.472222222,92,0x200080a0,32928,UartTxTask,"[32928, 3758096384, 0, 1]"
100492,2827922.3657407407,90,0x20003a48,14920,TelemetryTask,"[14920, 536908656, 200, 0]"
100496,2827965.513888889,92,0x20003a48,14920,UartTxTask,"[14920, 3758096384, 20, 1]"
100501,2828702.587962963,92,0x200080a0,32928,UartTxTask,"[32928, 3758096384, 0, 1]"
100506,2837921.685185185,90,0x20003a48,14920,TelemetryTask,"[14920, 536908656, 200, 0]"
100510,2837964.527777778,92,0x20003a48,14920,UartTxTask,"[14920, 3758096384, 20, 1]"
100515,2838701.3564814813,92,0x200080a0,32928,UartTxTask,"[32928, 3758096384, 0, 1]"
100520,2847922.175925926,90,0x20003a48,14920,TelemetryTask,"[14920, 536908656, 200, 0]"
100524,2847966.087962963,92,0x20003a48,14920,UartTxTask,"[14920, 3758096384, 20, 1]"
100529,2848703.3981481483,92,0x200080a0,32928,UartTxTask,"[32928, 3758096384, 0, 1]"
100534,2857922.9768518517,90,0x20003a48,14920,TelemetryTask,"[14920, 536908656, 200, 0]"
100538,2857966.3842592593,92,0x20003a48,14920,UartTxTask,"[14920, 3758096384, 20, 1]"
100543,2858703.8333333335,92,0x200080a0,32928,UartTxTask,"[32928, 3758096384, 0, 1]"
100548,2867922.300925926,90,0x20003a48,14920,TelemetryTask,"[14920, 536908656, 200, 0]"
100552,2867965.087962963,92,0x20003a48,14920,UartTxTask,"[14920, 3758096384, 20, 1]"
100557,2868702.212962963,92,0x200080a0,32928,UartTxTask,"[32928, 3758096384, 0, 1]"
100562,2877922.087962963,90,0x20003a48,14920,TelemetryTask,"[14920, 536908656, 200, 0]"
100566,2877964.921296296,92,0x20003a48,14920,UartTxTask,"[14920, 3758096384, 20, 1]"
100571,2878701.587962963,92,0x200080a0,32928,UartTxTask,"[32928, 3758096384, 0, 1]"
100576,2887922.4583333335,90,0x20003a48,14920,TelemetryTask,"[14920, 536908656, 200, 0]"
100580,2887965.8194444445,92,0x20003a48,14920,UartTxTask,"[14920, 3758096384, 20, 1]"
100585,2888702.722222222,92,0x200080a0,32928,UartTxTask,"[32928, 3758096384, 0, 1]"
100590,2897922.861111111,90,0x20003a48,14920,TelemetryTask,"[14920, 536908656, 200, 0]"
100594,2897965.550925926,92,0x20003a48,14920,UartTxTask,"[14920, 3758096384, 20, 1]"
100599,2898702.199074074,92,0x200080a0,32928,UartTxTask,"[32928, 3758096384, 0, 1]"
100604,2907922.402777778,90,0x20003a48,14920,TelemetryTask,"[14920, 536908656, 200, 0]"
100608,2907965.5231481483,92,0x20003a48,14920,UartTxTask,"[14920, 3758096384, 20, 1]"
100613,2908702.638888889,92,0x200080a0,32928,UartTxTask,"[32928, 3758096384, 0, 1]"
100618,2917922.347222222,90,0x20003a48,14920,TelemetryTask,"[14920, 536908656, 200, 0]"
100622,2917965.6481481483,92,0x20003a48,14920,UartTxTask,"[14920, 3758096384, 20, 1]"
100627,2918702.7731481483,92,0x200080a0,32928,UartTxTask,"[32928, 3758096384, 0, 1]"
100632,2927922.236111111,90,0x20003a48,14920,TelemetryTask,"[14920, 536908656, 200, 0]"
100636,2927965.6481481483,92,0x20003a48,14920,UartTxTask,"[14920, 3758096384, 20, 1]"
100641,2928703.425925926,92,0x200080a0,32928,UartTxTask,"[32928, 3758096384, 0, 1]"
100646,2937922.087962963,90,0x20003a48,14920,TelemetryTask,"[14920, 536908656, 200, 0]"
100650,2937965.037037037,92,0x20003a48,14920,UartTxTask,"[14920, 3758096384, 20, 1]"
100655,2938702.1064814813,92,0x200080a0,32928,UartTxTask,"[32928, 3758096384, 0, 1]"
100660,2947922.453703704,90,0x20003a48,14920,TelemetryTask,"[14920, 536908656, 200, 0]"
100664,2947966.0092592593,92,0x20003a48,14920,UartTxTask,"[14920, 3758096384, 20, 1]"
100669,2948702.777777778,92,0x200080a0,32928,UartTxTask,"[32928, 3758096384, 0, 1]"
100674,2957923.032407407,90,0x20003a48,14920,TelemetryTask,"[14920, 536908656, 200, 0]"
100678,2957966.064814815,92,0x20003a48,14920,UartTxTask,"[14920, 3758096384, 20, 1]"
100683,2958703.2916666665,92,0x200080a0,32928,UartTxTask,"[32928, 3758096384, 0, 1]"
100688,2967923.236111111,90,0x20003a48,14920,TelemetryTask,"[14920, 536908656, 200, 0]"
100692,2967966.5833333335,92,0x20003a48,14920,UartTxTask,"[14920, 3758096384, 20, 1]"
100697,2968703.671296296,92,0x200080a0,32928,UartTxTask,"[32928, 3758096384, 0, 1]"
100702,2977922.5694444445,90,0x20003a48,14920,TelemetryTask,"[14920, 536908656, 200, 0]"
100706,2977964.9907407407,92,0x20003a48,14920,UartTxTask,"[14920, 3758096384, 20, 1]"
100711,2978701.962962963,92,0x200080a0,32928,UartTxTask,"[32928, 3758096384, 0, 1]"
100716,2987922.560185185,90,0x20003a48,14920,TelemetryTask,"[14920, 536908656, 200, 0]"
100720,2987965.7685185187,92,0x20003a48,14920,UartTxTask,"[14920, 3758096384, 20, 1]"
100725,2988703.1805555555,92,0x200080a0,32928,UartTxTask,"[32928, 3758096384, 0, 1]"
100730,2997922.1296296297,90,0x20003a48,14920,TelemetryTask,"[14920, 536908656, 200, 0]"
100734,2997964.953703704,92,0x20003a48,14920,UartTxTask,"[14920, 3758096384, 20, 1]"
100739,2998702.092592593,92,0x200080a0,32928,UartTxTask,"[32928, 3758096384, 0, 1]"
100744,3007922.0231481483,90,0x20003a48,14920,TelemetryTask,"[14920, 536908656, 200, 0]"
100748,3007964.6064814813,92,0x20003a48,14920,UartTxTask,"[14920, 3758096384, 20, 1]"
100753,3008701.3564814813,92,0x200080a0,32928,UartTxTask,"[32928, 3758096384, 0, 1]"
100758,3017922.592592593,90,0x20003a48,14920,TelemetryTask,"[14920, 536908656, 200, 0]"
100762,3017965.814814815,92,0x20003a48,14920,UartTxTask,"[14920, 3758096384, 20, 1]"
100767,3018703.2731481483,92,0x200080a0,32928,UartTxTask,"[32928, 3758096384, 0, 1]"
100772,3027923.328703704,90,0x20003a48,14920,TelemetryTask,"[14920, 536908656, 200, 0]"
100776,3027966.6064814813,92,0x20003a48,14920,UartTxTask,"[14920, 3758096384, 20, 1]"
100781,3028703.578703704,92,0x200080a0,32928,UartTxTask,"[32928, 3758096384, 0, 1]"
100786,3037922.4305555555,90,0x20003a48,14920,TelemetryTask,"[14920, 536908656, 200, 0]"
100790,3037965.7453703703,92,0x20003a48,14920,UartTxTask,"[14920, 3758096384, 20, 1]"
100795,3038702.712962963,92,0x200080a0,32928,UartTxTask,"[32928, 3758096384, 0, 1]"
100800,3047923.097222222,90,0x20003a48,14920,TelemetryTask,"[14920, 536908656, 200, 0]"
100804,3047965.824074074,92,0x20003a48,14920,UartTxTask,"[14920, 3758096384, 20, 1]"
100809,3048703.2685185187,92,0x200080a0,32928,UartTxTask,"[32928, 3758096384, 0, 1]"
100814,3057922.449074074,90,0x20003a48,14920,TelemetryTask,"[14920, 536908656, 200, 0]"
100818,3057964.7685185187,92,0x20003a48,14920,UartTxTask,"[14920, 3758096384, 20, 1]"
100823,3058701.439814815,92,0x200080a0,32928,UartTxTask,"[32928, 3758096384, 0, 1]"
100828,3067921.537037037,90,0x20003a48,14920,TelemetryTask,"[14920, 536908656, 200, 0]"
100832,3067965.074074074,92,0x20003a48,14920,UartTxTask,"[14920, 3758096384, 20, 1]"
100837,3068702.0231481483,92,0x200080a0,32928,UartTxTask,"[32928, 3758096384, 0, 1]"
100842,3077923.5555555555,90,0x20003a48,14920,TelemetryTask,"[14920, 536908656, 200, 0]"
100846,3077966.5185185187,92,0x20003a48,14920,UartTxTask,"[14920, 3758096384, 20, 1]"
100851,3078703.9166666665,92,0x200080a0,32928,UartTxTask,"[32928, 3758096384, 0, 1]"
100856,3087923.092592593,90,0x20003a48,14920,TelemetryTask,"[14920, 536908656, 200, 0]"
100860,3087966.1203703703,92,0x20003a48,14920,UartTxTask,"[14920, 3758096384, 20, 1]"
100865,3088703.5092592593,92,0x200080a0,32928,UartTxTask,"[32928, 3758096384, 0, 1]"
100870,3097923.1018518517,90,0x20003a48,14920,TelemetryTask,"[14920, 536908656, 200, 0]"
100874,3097966.4444444445,92,0x20003a48,14920,UartTxTask,"[14920, 3758096384, 20, 1]"
100879,3098703.703703704,92,0x200080a0,32928,UartTxTask,"[32928, 3758096384, 0, 1]"
100884,3107922.296296296,90,0x20003a48,14920,TelemetryTask,"[14920, 536908656, 200, 0]"
100888,3107965.657407407,92,0x20003a48,14920,UartTxTask,"[14920, 3758096384, 20, 1]"
100893,3108702.162037037,92,0x200080a0,32928,UartTxTask,"[32928, 3758096384, 0, 1]"
100898,3117922.8935185187,90,0x20003a48,14920,TelemetryTask,"[14920, 536908656, 200, 0]"
100902,3117965.7546296297,92,0x20003a48,14920,UartTxTask,"[14920, 3758096384, 20, 1]"
100907,3118703.1157407407,92,0x200080a0,32928,UartTxTask,"[32928, 3758096384, 0, 1]"
100912,3127922.685185185,90,0x20003a48,14920,TelemetryTask,"[14920, 536908656, 200, 0]"
100916,3127965.462962963,92,0x20003a48,14920,UartTxTask,"[14920, 3758096384, 20, 1]"
100921,3128702.314814815,92,0x200080a0,32928,UartTxTask,"[32928, 3758096384, 0, 1]"
100926,3137922.282407407,90,0x20003a48,14920,TelemetryTask,"[14920, 536908656, 200, 0]"
100930,3137966.0,92,0x20003a48,14920,UartTxTask,"[14920, 3758096384, 20, 1]"
100935,3138703.032407407,92,0x200080a0,32928,UartTxTask,"[32928, 3758096384, 0, 1]"
100940,3147922.324074074,90,0x20003a48,14920,TelemetryTask,"[14920, 536908656, 200, 0]"
100944,3147965.361111111,92,0x20003a48,14920,UartTxTask,"[14920, 3758096384, 20, 1]"
100949,3148701.662037037,92,0x200080a0,32928,UartTxTask,"[32928, 3758096384, 0, 1]"
100954,3157922.472222222,90,0x20003a48,14920,TelemetryTask,"[14920, 536908656, 200, 0]"
100958,3157965.8194444445,92,0x20003a48,14920,UartTxTask,"[14920, 3758096384, 20, 1]"
100963,3158702.6944444445,92,0x200080a0,32928,UartTxTask,"[32928, 3758096384, 0, 1]"
100968,3167921.782407407,90,0x20003a48,14920,TelemetryTask,"[14920, 536908656, 200, 0]"
100972,3167965.3842592593,92,0x20003a48,14920,UartTxTask,"[14920, 3758096384, 20, 1]"
100977,3168702.175925926,92,0x200080a0,32928,UartTxTask,"[32928, 3758096384, 0, 1]"
100982,3177922.4166666665,90,0x20003a48,14920,TelemetryTask,"[14920, 536908656, 200, 0]"
100986,3177965.6342592593,92,0x20003a48,14920,UartTxTask,"[14920, 3758096384, 20, 1]"
100991,3178702.388888889,92,0x200080a0,32928,UartTxTask,"[32928, 3758096384, 0, 1]"
100995,3182517.4953703703,96,0x20003970,14704,ISR#56,"[14704, 537198440]"
100999,3182552.3055555555,92,0x20003970,14704,ButtonTask,"[14704, 3758096384, 4294967295, 1]"
101000,3182652.5185185187,90,0x20003a48,14920,ButtonTask,"[14920, 536906932, 200, 0]"
101004,3182698.4166666665,92,0x20003a48,14920,UartTxTask,"[14920, 3758096384, 20, 1]"
101010,3187951.902777778,90,0x20003a48,14920,TelemetryTask,"[14920, 536908656, 200, 0]"
101013,3187995.6342592593,92,0x200080a0,32928,UartTxTask,"[32928, 3758096384, 0, 1]"
101014,3188004.3333333335,92,0x20003a48,14920,UartTxTask,"[14920, 3758096384, 20, 1]"
101019,3188740.8842592593,92,0x200080a0,32928,UartTxTask,"[32928, 3758096384, 0, 1]"
101024,3197921.4907407407,90,0x20003a48,14920,TelemetryTask,"[14920, 536908656, 200, 0]"
101028,3197964.8981481483,92,0x20003a48,14920,UartTxTask,"[14920, 3758096384, 20, 1]"
101033,3198702.064814815,92,0x200080a0,32928,UartTxTask,"[32928, 3758096384, 0, 1]"
101038,3207922.199074074,90,0x20003a48,14920,TelemetryTask,"[14920, 536908656, 200, 0]"
101042,3207965.402777778,92,0x20003a48,14920,UartTxTask,"[14920, 3758096384, 20, 1]"
101047,3208702.0416666665,92,0x200080a0,32928,UartTxTask,"[32928, 3758096384, 0, 1]"
101052,3217923.328703704,90,0x20003a48,14920,TelemetryTask,"[14920, 536908656, 200, 0]"
101056,3217966.203703704,92,0x20003a48,14920,UartTxTask,"[14920, 3758096384, 20, 1]"
101061,3218703.388888889,92,0x200080a0,32928,UartTxTask,"[32928, 3758096384, 0, 1]"
101066,3227922.060185185,90,0x20003a48,14920,TelemetryTask,"[14920, 536908656, 200, 0]"
101070,3227965.3796296297,92,0x20003a48,14920,UartTxTask,"[14920, 3758096384, 20, 1]"
101075,3228702.2453703703,92,0x200080a0,32928,UartTxTask,"[32928, 3758096384, 0, 1]"
101080,3237922.342592593,90,0x20003a48,14920,TelemetryTask,"[14920, 536908656, 200, 0]"
101084,3237965.550925926,92,0x20003a48,14920,UartTxTask,"[14920, 3758096384, 20, 1]"
101089,3238702.6944444445,92,0x200080a0,32928,UartTxTask,"[32928, 3758096384, 0, 1]"
101094,3247922.685185185,90,0x20003a48,14920,TelemetryTask,"[14920, 536908656, 200, 0]"
101098,3247965.560185185,92,0x20003a48,14920,UartTxTask,"[14920, 3758096384, 20, 1]"
101103,3248702.722222222,92,0x200080a0,32928,UartTxTask,"[32928, 3758096384, 0, 1]"
101108,3257922.763888889,90,0x20003a48,14920,TelemetryTask,"[14920, 536908656, 200, 0]"
101112,3257965.527777778,92,0x20003a48,14920,UartTxTask,"[14920, 3758096384, 20, 1]"
101117,3258702.027777778,92,0x200080a0,32928,UartTxTask,"[32928, 3758096384, 0, 1]"
101122,3267921.7407407407,90,0x20003a48,14920,TelemetryTask,"[14920, 536908656, 200, 0]"
101126,3267964.310185185,92,0x20003a48,14920,UartTxTask,"[14920, 3758096384, 20, 1]"
101131,3268701.5,92,0x200080a0,32928,UartTxTask,"[32928, 3758096384, 0, 1]"
101136,3277922.837962963,90,0x20003a48,14920,TelemetryTask,"[14920, 536908656, 200, 0]"
101140,3277966.1805555555,92,0x20003a48,14920,UartTxTask,"[14920, 3758096384, 20, 1]"
101145,3278703.050925926,92,0x200080a0,32928,UartTxTask,"[32928, 3758096384, 0, 1]"
101150,3287922.587962963,90,0x20003a48,14920,TelemetryTask,"[14920, 536908656, 200, 0]"
101154,3287966.1805555555,92,0x20003a48,14920,UartTxTask,"[14920, 3758096384, 20, 1]"
101159,3288702.8657407407,92,0x200080a0,32928,UartTxTask,"[32928, 3758096384, 0, 1]"
101164,3297921.560185185,90,0x20003a48,14920,TelemetryTask,"[14920, 536908656, 200, 0]"
101168,3297965.625,92,0x20003a48,14920,UartTxTask,"[14920, 3758096384, 20, 1]"
101173,3298702.2314814813,92,0x200080a0,32928,UartTxTask,"[32928, 3758096384, 0, 1]"
101178,3307921.597222222,90,0x20003a48,14920,TelemetryTask,"[14920, 536908656, 200, 0]"
101182,3307964.5694444445,92,0x20003a48,14920,UartTxTask,"[14920, 3758096384, 20, 1]"
101187,3308701.597222222,92,0x200080a0,32928,UartTxTask,"[32928, 3758096384, 0, 1]"
101192,3317922.5694444445,90,0x20003a48,14920,TelemetryTask,"[14920, 536908656, 200, 0]"
101196,3317965.824074074,92,0x20003a48,14920,UartTxTask,"[14920, 3758096384, 20, 1]"
101201,3318702.7453703703,92,0x200080a0,32928,UartTxTask,"[32928, 3758096384, 0, 1]"
101206,3327922.3564814813,90,0x20003a48,14920,TelemetryTask,"[14920, 536908656, 200, 0]"
101210,3327965.560185185,92,0x20003a48,14920,UartTxTask,"[14920, 3758096384, 20, 1]"
101215,3328702.2453703703,92,0x200080a0,32928,UartTxTask,"[32928, 3758096384, 0, 1]"
101220,3337925.2268518517,90,0x20003a48,14920,TelemetryTask,"[14920, 536908656, 200, 0]"
101224,3337968.0555555555,92,0x20003a48,14920,UartTxTask,"[14920, 3758096384, 20, 1]"
101229,3338704.8333333335,92,0x200080a0,32928,UartTxTask,"[32928, 3758096384, 0, 1]"
101234,3347922.972222222,90,0x20003a48,14920,TelemetryTask,"[14920, 536908656, 200, 0]"
101238,3347965.8518518517,92,0x20003a48,14920,UartTxTask,"[14920, 3758096384, 20, 1]"
101243,3348702.8935185187,92,0x200080a0,32928,UartTxTask,"[32928, 3758096384, 0, 1]"
101248,3357922.592592593,90,0x20003a48,14920,TelemetryTask,"[14920, 536908656, 200, 0]"
101252,3357965.8703703703,92,0x20003a48,14920,UartTxTask,"[14920, 3758096384, 20, 1]"
101257,3358702.421296296,92,0x200080a0,32928,UartTxTask,"[32928, 3758096384, 0, 1]"
101262,3367922.402777778,90,0x20003a48,14920,TelemetryTask,"[14920, 536908656, 200, 0]"
101266,3367965.842592593,92,0x20003a48,14920,UartTxTask,"[14920, 3758096384, 20, 1]"
101271,3368703.439814815,92,0x200080a0,32928,UartTxTask,"[32928, 3758096384, 0, 1]"
101276,3377922.6157407407,90,0x20003a48,14920,TelemetryTask,"[14920, 536908656, 200, 0]"
101280,3377965.7592592593,92,0x20003a48,14920,UartTxTask,"[14920, 3758096384, 20, 1]"
101285,3378703.453703704,92,0x200080a0,32928,UartTxTask,"[32928, 3758096384, 0, 1]"
101290,3387922.5185185187,90,0x20003a48,14920,TelemetryTask,"[14920, 536908656, 200, 0]"
101294,3387965.796296296,92,0x20003a48,14920,UartTxTask,"[14920, 3758096384, 20, 1]"
101299,3388702.3981481483,92,0x200080a0,32928,UartTxTask,"[32928, 3758096384, 0, 1]"
101304,3397922.828703704,90,0x20003a48,14920,TelemetryTask,"[14920, 536908656, 200, 0]"
101308,3397965.6157407407,92,0x20003a48,14920,UartTxTask,"[14920, 3758096384, 20, 1]"
101313,3398702.4953703703,92,0x200080a0,32928,UartTxTask,"[32928, 3758096384, 0, 1]"
101318,3407921.9583333335,90,0x20003a48,14920,TelemetryTask,"[14920, 536908656, 200, 0]"
101322,3407964.6203703703,92,0x20003a48,14920,UartTxTask,"[14920, 3758096384, 20, 1]"
101327,3408702.0231481483,92,0x200080a0,32928,UartTxTask,"[32928, 3758096384, 0, 1]"
101332,3417922.421296296,90,0x20003a48,14920,TelemetryTask,"[14920, 536908656, 200, 0]"
101336,3417965.8055555555,92,0x20003a48,14920,UartTxTask,"[14920, 3758096384, 20, 1]"
101341,3418702.907407407,92,0x200080a0,32928,UartTxTask,"[32928, 3758096384, 0, 1]"
101346,3427923.027777778,90,0x20003a48,14920,TelemetryTask,"[14920, 536908656, 200, 0]"
101350,3427966.361111111,92,0x20003a48,14920,UartTxTask,"[14920, 3758096384, 20, 1]"
101355,3428703.537037037,92,0x200080a0,32928,UartTxTask,"[32928, 3758096384, 0, 1]"
101360,3437922.217592593,90,0x20003a48,14920,TelemetryTask,"[14920, 536908656, 200, 0]"
101364,3437966.263888889,92,0x20003a48,14920,UartTxTask,"[14920, 3758096384, 20, 1]"
101369,3438703.4814814813,92,0x200080a0,32928,UartTxTask,"[32928, 3758096384, 0, 1]"
101374,3447922.2592592593,90,0x20003a48,14920,TelemetryTask,"[14920, 536908656, 200, 0]"
101378,3447965.3703703703,92,0x20003a48,14920,UartTxTask,"[14920, 3758096384, 20, 1]"
101383,3448702.152777778,92,0x200080a0,32928,UartTxTask,"[32928, 3758096384, 0, 1]"
101388,3457921.9768518517,90,0x20003a48,14920,TelemetryTask,"[14920, 536908656, 200, 0]"
101392,3457965.111111111,92,0x20003a48,14920,UartTxTask,"[14920, 3758096384, 20, 1]"
101397,3458702.337962963,92,0x200080a0,32928,UartTxTask,"[32928, 3758096384, 0, 1]"
101402,3467921.8703703703,90,0x20003a48,14920,TelemetryTask,"[14920, 536908656, 200, 0]"
101406,3467964.689814815,92,0x20003a48,14920,UartTxTask,"[14920, 3758096384, 20, 1]"
101411,3468701.6342592593,92,0x200080a0,32928,UartTxTask,"[32928, 3758096384, 0, 1]"
101416,3477922.3194444445,90,0x20003a48,14920,TelemetryTask,"[14920, 536908656, 200, 0]"
101420,3477965.537037037,92,0x20003a48,14920,UartTxTask,"[14920, 3758096384, 20, 1]"
101425,3478702.236111111,92,0x200080a0,32928,UartTxTask,"[32928, 3758096384, 0, 1]"
101430,3487922.3333333335,90,0x20003a48,14920,TelemetryTask,"[14920, 536908656, 200, 0]"
101434,3487965.611111111,92,0x20003a48,14920,UartTxTask,"[14920, 3758096384, 20, 1]"
101439,3488702.6481481483,92,0x200080a0,32928,UartTxTask,"[32928, 3758096384, 0, 1]"
101444,3497921.962962963,90,0x20003a48,14920,TelemetryTask,"[14920, 536908656, 200, 0]"
101448,3497964.9907407407,92,0x20003a48,14920,UartTxTask,"[14920, 3758096384, 20, 1]"
101453,3498701.837962963,92,0x200080a0,32928,UartTxTask,"[32928, 3758096384, 0, 1]"
101458,3507921.662037037,90,0x20003a48,14920,TelemetryTask,"[14920, 536908656, 200, 0]"
101462,3507965.097222222,92,0x20003a48,14920,UartTxTask,"[14920, 3758096384, 20, 1]"
101467,3508702.1296296297,92,0x200080a0,32928,UartTxTask,"[32928, 3758096384, 0, 1]"
101472,3517922.837962963,90,0x20003a48,14920,TelemetryTask,"[14920, 536908656, 200, 0]"
101476,3517966.6203703703,92,0x20003a48,14920,UartTxTask,"[14920, 3758096384, 20, 1]"
101481,3518703.689814815,92,0x200080a0,32928,UartTxTask,"[32928, 3758096384, 0, 1]"
101486,3527923.3703703703,90,0x20003a48,14920,TelemetryTask,"[14920, 536908656, 200, 0]"
101490,3527966.1064814813,92,0x20003a48,14920,UartTxTask,"[14920, 3758096384, 20, 1]"
101495,3528702.6296296297,92,0x200080a0,32928,UartTxTask,"[32928, 3758096384, 0, 1]"
101500,3537922.5,90,0x20003a48,14920,TelemetryTask,"[14920, 536908656, 200, 0]"
101504,3537965.712962963,92,0x20003a48,14920,UartTxTask,"[14920, 3758096384, 20, 1]"
101509,3538702.9814814813,92,0x200080a0,32928,UartTxTask,"[32928, 3758096384, 0, 1]"
101514,3547922.3055555555,90,0x20003a48,14920,TelemetryTask,"[14920, 536908656, 200, 0]"
101518,3547965.0,92,0x20003a48,14920,UartTxTask,"[14920, 3758096384, 20, 1]"
101523,3548702.689814815,92,0x200080a0,32928,UartTxTask,"[32928, 3758096384, 0, 1]"
101528,3557923.1064814813,90,0x20003a48,14920,TelemetryTask,"[14920, 536908656, 200, 0]"
101532,3557966.2314814813,92,0x20003a48,14920,UartTxTask,"[14920, 3758096384, 20, 1]"
101537,3558703.032407407,92,0x200080a0,32928,UartTxTask,"[32928, 3758096384, 0, 1]"
101542,3567921.6064814813,90,0x20003a48,14920,TelemetryTask,"[14920, 536908656, 200, 0]"
101546,3567964.300925926,92,0x20003a48,14920,UartTxTask,"[14920, 3758096384, 20, 1]"
101551,3568701.537037037,92,0x200080a0,32928,UartTxTask,"[32928, 3758096384, 0, 1]"
101556,3577922.3842592593,90,0x20003a48,14920,TelemetryTask,"[14920, 536908656, 200, 0]"
101560,3577965.3796296297,92,0x20003a48,14920,UartTxTask,"[14920, 3758096384, 20, 1]"
101565,3578701.8796296297,92,0x200080a0,32928,UartTxTask,"[32928, 3758096384, 0, 1]"
101570,3587922.263888889,90,0x20003a48,14920,TelemetryTask,"[14920, 536908656, 200, 0]"
101574,3587965.1157407407,92,0x20003a48,14920,UartTxTask,"[14920, 3758096384, 20, 1]"
101579,3588701.9166666665,92,0x200080a0,32928,UartTxTask,"[32928, 3758096384, 0, 1]"
101584,3597922.199074074,90,0x20003a48,14920,TelemetryTask,"[14920, 536908656, 200, 0]"
101588,3597964.972222222,92,0x20003a48,14920,UartTxTask,"[14920, 3758096384, 20, 1]"
101593,3598702.4907407407,92,0x200080a0,32928,UartTxTask,"[32928, 3758096384, 0, 1]"
101598,3607922.6481481483,90,0x20003a48,14920,TelemetryTask,"[14920, 536908656, 200, 0]"
101602,3607965.703703704,92,0x20003a48,14920,UartTxTask,"[14920, 3758096384, 20, 1]"
101607,3608702.796296296,92,0x200080a0,32928,UartTxTask,"[32928, 3758096384, 0, 1]"
101612,3617922.657407407,90,0x20003a48,14920,TelemetryTask,"[14920, 536908656, 200, 0]"
101616,3617966.407407407,92,0x20003a48,14920,UartTxTask,"[14920, 3758096384, 20, 1]"
101621,3618703.597222222,92,0x200080a0,32928,UartTxTask,"[32928, 3758096384, 0, 1]"
101626,3627922.6435185187,90,0x20003a48,14920,TelemetryTask,"[14920, 536908656, 200, 0]"
101630,3627966.1481481483,92,0x20003a48,14920,UartTxTask,"[14920, 3758096384, 20, 1]"
101635,3628702.4814814813,92,0x200080a0,32928,UartTxTask,"[32928, 3758096384, 0, 1]"
101640,3637921.7592592593,90,0x20003a48,14920,TelemetryTask,"[14920, 536908656, 200, 0]"
101644,3637965.1435185187,92,0x20003a48,14920,UartTxTask,"[14920, 3758096384, 20, 1]"
101649,3638702.425925926,92,0x200080a0,32928,UartTxTask,"[32928, 3758096384, 0, 1]"
101654,3647922.217592593,90,0x20003a48,14920,TelemetryTask,"[14920, 536908656, 200, 0]"
101658,3647964.9814814813,92,0x20003a48,14920,UartTxTask,"[14920, 3758096384, 20, 1]"
101663,3648701.939814815,92,0x200080a0,32928,UartTxTask,"[32928, 3758096384, 0, 1]"
101668,3657921.939814815,90,0x20003a48,14920,TelemetryTask,"[14920, 536908656, 200, 0]"
101672,3657965.3935185187,92,0x20003a48,14920,UartTxTask,"[14920, 3758096384, 20, 1]"
101677,3658702.388888889,92,0x200080a0,32928,UartTxTask,"[32928, 3758096384, 0, 1]"
101682,3667922.5555555555,90,0x20003a48,14920,TelemetryTask,"[14920, 536908656, 200, 0]"
101686,3667966.125,92,0x20003a48,14920,UartTxTask,"[14920, 3758096384, 20, 1]"
101691,3668703.046296296,92,0x200080a0,32928,UartTxTask,"[32928, 3758096384, 0, 1]"
101696,3677922.5416666665,90,0x20003a48,14920,TelemetryTask,"[14920, 536908656, 200, 0]"
101700,3677965.6157407407,92,0x20003a48,14920,UartTxTask,"[14920, 3758096384, 20, 1]"
101705,3678702.921296296,92,0x200080a0,32928,UartTxTask,"[32928, 3758096384, 0, 1]"
101710,3687922.4907407407,90,0x20003a48,14920,TelemetryTask,"[14920, 536908656, 200, 0]"
101714,3687966.212962963,92,0x20003a48,14920,UartTxTask,"[14920, 3758096384, 20, 1]"
101719,3688702.8194444445,92,0x200080a0,32928,UartTxTask,"[32928, 3758096384, 0, 1]"
101724,3697922.097222222,90,0x20003a48,14920,TelemetryTask,"[14920, 536908656, 200, 0]"
101728,3697965.986111111,92,0x20003a48,14920,UartTxTask,"[14920, 3758096384, 20, 1]"
101733,3698702.8657407407,92,0x200080a0,32928,UartTxTask,"[32928, 3758096384, 0, 1]"
101738,3707922.8333333335,90,0x20003a48,14920,TelemetryTask,"[14920, 536908656, 200, 0]"
101742,3707965.6342592593,92,0x20003a48,14920,UartTxTask,"[14920, 3758096384, 20, 1]"
101747,3708702.328703704,92,0x200080a0,32928,UartTxTask,"[32928, 3758096384, 0, 1]"
101752,3717921.967592593,90,0x20003a48,14920,TelemetryTask,"[14920, 536908656, 200, 0]"
101756,3717965.050925926,92,0x20003a48,14920,UartTxTask,"[14920, 3758096384, 20, 1]"
101761,3718702.4444444445,92,0x200080a0,32928,UartTxTask,"[32928, 3758096384, 0, 1]"
101766,3727922.060185185,90,0x20003a48,14920,TelemetryTask,"[14920, 536908656, 200, 0]"
101770,3727965.486111111,92,0x20003a48,14920,UartTxTask,"[14920, 3758096384, 20, 1]"
101775,3728702.486111111,92,0x200080a0,32928,UartTxTask,"[32928, 3758096384, 0, 1]"
101780,3737922.050925926,90,0x20003a48,14920,TelemetryTask,"[14920, 536908656, 200, 0]"
101784,3737964.8935185187,92,0x20003a48,14920,UartTxTask,"[14920, 3758096384, 20, 1]"
101789,3738702.4814814813,92,0x200080a0,32928,UartTxTask,"[32928, 3758096384, 0, 1]"
101794,3747921.611111111,90,0x20003a48,14920,TelemetryTask,"[14920, 536908656, 200, 0]"
101798,3747964.6064814813,92,0x20003a48,14920,UartTxTask,"[14920, 3758096384, 20, 1]"
101803,3748701.263888889,92,0x200080a0,32928,UartTxTask,"[32928, 3758096384, 0, 1]"
101808,3757922.0,90,0x20003a48,14920,TelemetryTask,"[14920, 536908656, 200, 0]"
101812,3757965.1296296297,92,0x20003a48,14920,UartTxTask,"[14920, 3758096384, 20, 1]"
101817,3758702.453703704,92,0x200080a0,32928,UartTxTask,"[32928, 3758096384, 0, 1]"
101822,3767922.462962963,90,0x20003a48,14920,TelemetryTask,"[14920, 536908656, 200, 0]"
101826,3767965.402777778,92,0x20003a48,14920,UartTxTask,"[14920, 3758096384, 20, 1]"
101831,3768703.1203703703,92,0x200080a0,32928,UartTxTask,"[32928, 3758096384, 0, 1]"
101836,3777923.3935185187,90,0x20003a48,14920,TelemetryTask,"[14920, 536908656, 200, 0]"
101840,3777966.078703704,92,0x20003a48,14920,UartTxTask,"[14920, 3758096384, 20, 1]"
101845,3778702.9953703703,92,0x200080a0,32928,UartTxTask,"[32928, 3758096384, 0, 1]"
101850,3787923.203703704,90,0x20003a48,14920,TelemetryTask,"[14920, 536908656, 200, 0]"
101854,3787966.402777778,92,0x20003a48,14920,UartTxTask,"[14920, 3758096384, 20, 1]"
101859,3788703.6064814813,92,0x200080a0,32928,UartTxTask,"[32928, 3758096384, 0, 1]"
101864,3797922.861111111,90,0x20003a48,14920,TelemetryTask,"[14920, 536908656, 200, 0]"
101868,3797966.421296296,92,0x20003a48,14920,UartTxTask,"[14920, 3758096384, 20, 1]"
101873,3798703.8518518517,92,0x200080a0,32928,UartTxTask,"[32928, 3758096384, 0, 1]"
101878,3807922.532407407,90,0x20003a48,14920,TelemetryTask,"[14920, 536908656, 200, 0]"
101882,3807965.7546296297,92,0x20003a48,14920,UartTxTask,"[14920, 3758096384, 20, 1]"
101887,3808702.625,92,0x200080a0,32928,UartTxTask,"[32928, 3758096384, 0, 1]"
101892,3817921.8333333335,90,0x20003a48,14920,TelemetryTask,"[14920, 536908656, 200, 0]"
101896,3817965.375,92,0x20003a48,14920,UartTxTask,"[14920, 3758096384, 20, 1]"
101901,3818702.157407407,92,0x200080a0,32928,UartTxTask,"[32928, 3758096384, 0, 1]"
101906,3827922.2592592593,90,0x20003a48,14920,TelemetryTask,"[14920, 536908656, 200, 0]"
101910,3827965.699074074,92,0x20003a48,14920,UartTxTask,"[14920, 3758096384, 20, 1]"
101915,3828702.439814815,92,0x200080a0,32928,UartTxTask,"[32928, 3758096384, 0, 1]"
101920,3837922.486111111,90,0x20003a48,14920,TelemetryTask,"[14920, 536908656, 200, 0]"
101924,3837965.8518518517,92,0x20003a48,14920,UartTxTask,"[14920, 3758096384, 20, 1]"
101929,3838702.412037037,92,0x200080a0,32928,UartTxTask,"[32928, 3758096384, 0, 1]"
101934,3847922.796296296,90,0x20003a48,14920,TelemetryTask,"[14920, 536908656, 200, 0]"
101938,3847965.712962963,92,0x20003a48,14920,UartTxTask,"[14920, 3758096384, 20, 1]"
101943,3848702.472222222,92,0x200080a0,32928,UartTxTask,"[32928, 3758096384, 0, 1]"
101948,3857922.671296296,90,0x20003a48,14920,TelemetryTask,"[14920, 536908656, 200, 0]"
101952,3857965.796296296,92,0x20003a48,14920,UartTxTask,"[14920, 3758096384, 20, 1]"
101957,3858702.5046296297,92,0x200080a0,32928,UartTxTask,"[32928, 3758096384, 0, 1]"
101962,3867922.282407407,90,0x20003a48,14920,TelemetryTask,"[14920, 536908656, 200, 0]"
101966,3867965.699074074,92,0x20003a48,14920,UartTxTask,"[14920, 3758096384, 20, 1]"
101971,3868702.962962963,92,0x200080a0,32928,UartTxTask,"[32928, 3758096384, 0, 1]"
101976,3877921.8703703703,90,0x20003a48,14920,TelemetryTask,"[14920, 536908656, 200, 0]"
101980,3877965.0046296297,92,0x20003a48,14920,UartTxTask,"[14920, 3758096384, 20, 1]"
101985,3878702.703703704,92,0x200080a0,32928,UartTxTask,"[32928, 3758096384, 0, 1]"
101990,3887921.638888889,90,0x20003a48,14920,TelemetryTask,"[14920, 536908656, 200, 0]"
101994,3887964.8796296297,92,0x20003a48,14920,UartTxTask,"[14920, 3758096384, 20, 1]"
101999,3888701.7407407407,92,0x200080a0,32928,UartTxTask,"[32928, 3758096384, 0, 1]"
102004,3897922.810185185,90,0x20003a48,14920,TelemetryTask,"[14920, 536908656, 200, 0]"
102008,3897965.837962963,92,0x20003a48,14920,UartTxTask,"[14920, 3758096384, 20, 1]"
102013,3898702.449074074,92,0x200080a0,32928,UartTxTask,"[32928, 3758096384, 0, 1]"
102017,3902240.652777778,96,0x20003970,14704,ISR#56,"[14704, 537198440]"
102021,3902276.027777778,92,0x20003970,14704,ButtonTask,"[14704, 3758096384, 4294967295, 1]"
102022,3902376.8842592593,90,0x20003a48,14920,ButtonTask,"[14920, 536906932, 200, 0]"
102026,3902422.032407407,92,0x20003a48,14920,UartTxTask,"[14920, 3758096384, 20, 1]"
102032,3907936.9444444445,90,0x20003a48,14920,TelemetryTask,"[14920, 536908656, 200, 0]"
102035,3907980.6666666665,92,0x200080a0,32928,UartTxTask,"[32928, 3758096384, 0, 1]"
102036,3907989.236111111,92,0x20003a48,14920,UartTxTask,"[14920, 3758096384, 20, 1]"
102041,3908725.546296296,92,0x200080a0,32928,UartTxTask,"[32928, 3758096384, 0, 1]"
102046,3917922.949074074,90,0x20003a48,14920,TelemetryTask,"[14920, 536908656, 200, 0]"
102050,3917966.1203703703,92,0x20003a48,14920,UartTxTask,"[14920, 3758096384, 20, 1]"
102055,3918703.3564814813,92,0x200080a0,32928,UartTxTask,"[32928, 3758096384, 0, 1]"
102060,3927921.689814815,90,0x20003a48,14920,TelemetryTask,"[14920, 536908656, 200, 0]"
102064,3927964.513888889,92,0x20003a48,14920,UartTxTask,"[14920, 3758096384, 20, 1]"
102069,3928702.092592593,92,0x200080a0,32928,UartTxTask,"[32928, 3758096384, 0, 1]"
102074,3937921.8518518517,90,0x20003a48,14920,TelemetryTask,"[14920, 536908656, 200, 0]"
102078,3937965.6296296297,92,0x20003a48,14920,UartTxTask,"[14920, 3758096384, 20, 1]"
102083,3938702.074074074,92,0x200080a0,32928,UartTxTask,"[32928, 3758096384, 0, 1]"
102088,3947921.75,90,0x20003a48,14920,TelemetryTask,"[14920, 536908656, 200, 0]"
102092,3947964.800925926,92,0x20003a48,14920,UartTxTask,"[14920, 3758096384, 20, 1]"
102097,3948701.546296296,92,0x200080a0,32928,UartTxTask,"[32928, 3758096384, 0, 1]"
102102,3957922.2268518517,90,0x20003a48,14920,TelemetryTask,"[14920, 536908656, 200, 0]"
102106,3957965.842592593,92,0x20003a48,14920,UartTxTask,"[14920, 3758096384, 20, 1]"
102111,3958702.6481481483,92,0x200080a0,32928,UartTxTask,"[32928, 3758096384, 0, 1]"
102116,3967921.953703704,90,0x20003a48,14920,TelemetryTask,"[14920, 536908656, 200, 0]"
102120,3967965.527777778,92,0x20003a48,14920,UartTxTask,"[14920, 3758096384, 20, 1]"
102125,3968702.3842592593,92,0x200080a0,32928,UartTxTask,"[32928, 3758096384, 0, 1]"
102130,3977922.388888889,90,0x20003a48,14920,TelemetryTask,"[14920, 536908656, 200, 0]"
102134,3977964.9953703703,92,0x20003a48,14920,UartTxTask,"[14920, 3758096384, 20, 1]"
102139,3978701.888888889,92,0x200080a0,32928,UartTxTask,"[32928, 3758096384, 0, 1]"
102144,3987921.657407407,90,0x20003a48,14920,TelemetryTask,"[14920, 536908656, 200, 0]"
102148,3987964.712962963,92,0x20003a48,14920,UartTxTask,"[14920, 3758096384, 20, 1]"
102153,3988702.2546296297,92,0x200080a0,32928,UartTxTask,"[32928, 3758096384, 0, 1]"
102158,3997922.625,90,0x20003a48,14920,TelemetryTask,"[14920, 536908656, 200, 0]"
102162,3997965.9583333335,92,0x20003a48,14920,UartTxTask,"[14920, 3758096384, 20, 1]"
102167,3998702.810185185,92,0x200080a0,32928,UartTxTask,"[32928, 3758096384, 0, 1]"
102172,4007922.814814815,90,0x20003a48,14920,TelemetryTask,"[14920, 536908656, 200, 0]"
102176,4007966.074074074,92,0x20003a48,14920,UartTxTask,"[14920, 3758096384, 20, 1]"
102181,4008702.921296296,92,0x200080a0,32928,UartTxTask,"[32928, 3758096384, 0, 1]"
102186,4017921.7407407407,90,0x20003a48,14920,TelemetryTask,"[14920, 536908656, 200, 0]"
102190,4017964.8055555555,92,0x20003a48,14920,UartTxTask,"[14920, 3758096384, 20, 1]"
102195,4018702.5416666665,92,0x200080a0,32928,UartTxTask,"[32928, 3758096384, 0, 1]"
102200,4027922.0,90,0x20003a48,14920,TelemetryTask,"[14920, 536908656, 200, 0]"
102204,4027964.787037037,92,0x20003a48,14920,UartTxTask,"[14920, 3758096384, 20, 1]"
102209,4028702.212962963,92,0x200080a0,32928,UartTxTask,"[32928, 3758096384, 0, 1]"
102214,4037922.087962963,90,0x20003a48,14920,TelemetryTask,"[14920, 536908656, 200, 0]"
102218,4037965.9444444445,92,0x20003a48,14920,UartTxTask,"[14920, 3758096384, 20, 1]"
102223,4038703.111111111,92,0x200080a0,32928,UartTxTask,"[32928, 3758096384, 0, 1]"
102228,4047921.652777778,90,0x20003a48,14920,TelemetryTask,"[14920, 536908656, 200, 0]"
102232,4047964.796296296,92,0x20003a48,14920,UartTxTask,"[14920, 3758096384, 20, 1]"
102237,4048702.152777778,92,0x200080a0,32928,UartTxTask,"[32928, 3758096384, 0, 1]"
102242,4057924.925925926,90,0x20003a48,14920,TelemetryTask,"[14920, 536908656, 200, 0]"
102246,4057968.092592593,92,0x20003a48,14920,UartTxTask,"[14920, 3758096384, 20, 1]"
102251,4058704.925925926,92,0x200080a0,32928,UartTxTask,"[32928, 3758096384, 0, 1]"
102256,4067923.125,90,0x20003a48,14920,TelemetryTask,"[14920, 536908656, 200, 0]"
102260,4067966.5,92,0x20003a48,14920,UartTxTask,"[14920, 3758096384, 20, 1]"
102265,4068703.3055555555,92,0x200080a0,32928,UartTxTask,"[32928, 3758096384, 0, 1]"
102270,4077922.699074074,90,0x20003a48,14920,TelemetryTask,"[14920, 536908656, 200, 0]"
102274,4077965.9444444445,92,0x20003a48,14920,UartTxTask,"[14920, 3758096384, 20, 1]"
102279,4078703.0555555555,92,0x200080a0,32928,UartTxTask,"[32928, 3758096384, 0, 1]"
102284,4087921.6157407407,90,0x20003a48,14920,TelemetryTask,"[14920, 536908656, 200, 0]"
102288,4087964.837962963,92,0x20003a48,14920,UartTxTask,"[14920, 3758096384, 20, 1]"
102293,4088701.5092592593,92,0x200080a0,32928,UartTxTask,"[32928, 3758096384, 0, 1]"
102298,4097922.4166666665,90,0x20003a48,14920,TelemetryTask,"[14920, 536908656, 200, 0]"
102302,4097965.212962963,92,0x20003a48,14920,UartTxTask,"[14920, 3758096384, 20, 1]"
102307,4098701.907407407,92,0x200080a0,32928,UartTxTask,"[32928, 3758096384, 0, 1]"
102312,4107921.6944444445,90,0x20003a48,14920,TelemetryTask,"[14920, 536908656, 200, 0]"
102316,4107964.7268518517,92,0x20003a48,14920,UartTxTask,"[14920, 3758096384, 20, 1]"
102321,4108701.5092592593,92,0x200080a0,32928,UartTxTask,"[32928, 3758096384, 0, 1]"
102326,4117922.064814815,90,0x20003a48,14920,TelemetryTask,"[14920, 536908656, 200, 0]"
102330,4117965.75,92,0x20003a48,14920,UartTxTask,"[14920, 3758096384, 20, 1]"
102335,4118702.421296296,92,0x200080a0,32928,UartTxTask,"[32928, 3758096384, 0, 1]"
102340,4127921.8796296297,90,0x20003a48,14920,TelemetryTask,"[14920, 536908656, 200, 0]"
102344,4127965.1342592593,92,0x20003a48,14920,UartTxTask,"[14920, 3758096384, 20, 1]"
102349,4128702.574074074,92,0x200080a0,32928,UartTxTask,"[32928, 3758096384, 0, 1]"
102354,4137921.328703704,90,0x20003a48,14920,TelemetryTask,"[14920, 536908656, 200, 0]"
102358,4137964.060185185,92,0x20003a48,14920,UartTxTask,"[14920, 3758096384, 20, 1]"
102363,4138700.4953703703,92,0x200080a0,32928,UartTxTask,"[32928, 3758096384, 0, 1]"
102368,4147922.6342592593,90,0x20003a48,14920,TelemetryTask,"[14920, 536908656, 200, 0]"
102372,4147965.912037037,92,0x20003a48,14920,UartTxTask,"[14920, 3758096384, 20, 1]"
102377,4148703.171296296,92,0x200080a0,32928,UartTxTask,"[32928, 3758096384, 0, 1]"
102382,4157922.375,90,0x20003a48,14920,TelemetryTask,"[14920, 536908656, 200, 0]"
102386,4157965.671296296,92,0x20003a48,14920,UartTxTask,"[14920, 3758096384, 20, 1]"
102391,4158702.810185185,92,0x200080a0,32928,UartTxTask,"[32928, 3758096384, 0, 1]"
102396,4167921.953703704,90,0x20003a48,14920,TelemetryTask,"[14920, 536908656, 200, 0]"
102400,4167965.1157407407,92,0x20003a48,14920,UartTxTask,"[14920, 3758096384, 20, 1]"
102405,4168702.800925926,92,0x200080a0,32928,UartTxTask,"[32928, 3758096384, 0, 1]"
102410,4177922.5185185187,90,0x20003a48,14920,TelemetryTask,"[14920, 536908656, 200, 0]"
102414,4177965.800925926,92,0x20003a48,14920,UartTxTask,"[14920, 3758096384, 20, 1]"
102419,4178702.467592593,92,0x200080a0,32928,UartTxTask,"[32928, 3758096384, 0, 1]"
102424,4187923.3657407407,90,0x20003a48,14920,TelemetryTask,"[14920, 536908656, 200, 0]"
102428,4187966.703703704,92,0x20003a48,14920,UartTxTask,"[14920, 3758096384, 20, 1]"
102433,4188703.875,92,0x200080a0,32928,UartTxTask,"[32928, 3758096384, 0, 1]"
102438,4197923.175925926,90,0x20003a48,14920,TelemetryTask,"[14920, 536908656, 200, 0]"
102442,4197966.273148148,92,0x20003a48,14920,UartTxTask,"[14920, 3758096384, 20, 1]"
102447,4198703.824074074,92,0x200080a0,32928,UartTxTask,"[32928, 3758096384, 0, 1]"
102452,4207922.064814814,90,0x20003a48,14920,TelemetryTask,"[14920, 536908656, 200, 0]"
102456,4207966.226851852,92,0x20003a48,14920,UartTxTask,"[14920, 3758096384, 20, 1]"
102461,4208703.861111111,92,0x200080a0,32928,UartTxTask,"[32928, 3758096384, 0, 1]"
102466,4217921.958333333,90,0x20003a48,14920,TelemetryTask,"[14920, 536908656, 200, 0]"
102470,4217964.421296297,92,0x20003a48,14920,UartTxTask,"[14920, 3758096384, 20, 1]"
102475,4218701.157407408,92,0x200080a0,32928,UartTxTask,"[32928, 3758096384, 0, 1]"
102480,4227922.023148148,90,0x20003a48,14920,TelemetryTask,"[14920, 536908656, 200, 0]"
102484,4227964.888888889,92,0x20003a48,14920,UartTxTask,"[14920, 3758096384, 20, 1]"
102489,4228701.902777778,92,0x200080a0,32928,UartTxTask,"[32928, 3758096384, 0, 1]"
102494,4237922.671296297,90,0x20003a48,14920,TelemetryTask,"[14920, 536908656, 200, 0]"
102498,4237966.041666667,92,0x20003a48,14920,UartTxTask,"[14920, 3758096384, 20, 1]"
102503,4238703.212962963,92,0x200080a0,32928,UartTxTask,"[32928, 3758096384, 0, 1]"
102508,4247922.898148148,90,0x20003a48,14920,TelemetryTask,"[14920, 536908656, 200, 0]"
102512,4247966.361111111,92,0x20003a48,14920,UartTxTask,"[14920, 3758096384, 20, 1]"
102517,4248703.560185186,92,0x200080a0,32928,UartTxTask,"[32928, 3758096384, 0, 1]"
102522,4257922.342592592,90,0x20003a48,14920,TelemetryTask,"[14920, 536908656, 200, 0]"
102526,4257965.314814814,92,0x20003a48,14920,UartTxTask,"[14920, 3758096384, 20, 1]"
102531,4258702.083333333,92,0x200080a0,32928,UartTxTask,"[32928, 3758096384, 0, 1]"
102536,4267922.449074074,90,0x20003a48,14920,TelemetryTask,"[14920, 536908656, 200, 0]"
102540,4267965.759259259,92,0x20003a48,14920,UartTxTask,"[14920, 3758096384, 20, 1]"
102545,4268702.699074074,92,0x200080a0,32928,UartTxTask,"[32928, 3758096384, 0, 1]"
102550,4277922.824074074,90,0x20003a48,14920,TelemetryTask,"[14920, 536908656, 200, 0]"
102554,4277966.935185186,92,0x20003a48,14920,UartTxTask,"[14920, 3758096384, 20, 1]"
102559,4278704.328703703,92,0x200080a0,32928,UartTxTask,"[32928, 3758096384, 0, 1]"
102564,4287922.375,90,0x20003a48,14920,TelemetryTask,"[14920, 536908656, 200, 0]"
102568,4287965.101851852,92,0x20003a48,14920,UartTxTask,"[14920, 3758096384, 20, 1]"
102573,4288702.578703703,92,0x200080a0,32928,UartTxTask,"[32928, 3758096384, 0, 1]"
102578,4297923.194444444,90,0x20003a48,14920,TelemetryTask,"[14920, 536908656, 200, 0]"
102582,4297966.851851852,92,0x20003a48,14920,UartTxTask,"[14920, 3758096384, 20, 1]"
102587,4298704.00462963,92,0x200080a0,32928,UartTxTask,"[32928, 3758096384, 0, 1]"
102592,4307922.0,90,0x20003a48,14920,TelemetryTask,"[14920, 536908656, 200, 0]"
102596,4307965.467592592,92,0x20003a48,14920,UartTxTask,"[14920, 3758096384, 20, 1]"
102601,4308702.509259259,92,0x200080a0,32928,UartTxTask,"[32928, 3758096384, 0, 1]"
102606,4317922.092592592,90,0x20003a48,14920,TelemetryTask,"[14920, 536908656, 200, 0]"
102610,4317964.435185186,92,0x20003a48,14920,UartTxTask,"[14920, 3758096384, 20, 1]"
102615,4318701.49537037,92,0x200080a0,32928,UartTxTask,"[32928, 3758096384, 0, 1]"
102620,4327922.296296297,90,0x20003a48,14920,TelemetryTask,"[14920, 536908656, 200, 0]"
102624,4327965.212962963,92,0x20003a48,14920,UartTxTask,"[14920, 3758096384, 20, 1]"
102629,4328702.587962963,92,0x200080a0,32928,UartTxTask,"[32928, 3758096384, 0, 1]"
102634,4337923.143518519,90,0x20003a48,14920,TelemetryTask,"[14920, 536908656, 200, 0]"
102638,4337966.444444444,92,0x20003a48,14920,UartTxTask,"[14920, 3758096384, 20, 1]"
102643,4338703.37037037,92,0x200080a0,32928,UartTxTask,"[32928, 3758096384, 0, 1]"
102648,4347922.055555556,90,0x20003a48,14920,TelemetryTask,"[14920, 536908656, 200, 0]"
102652,4347965.00462963,92,0x20003a48,14920,UartTxTask,"[14920, 3758096384, 20, 1]"
102657,4348701.958333333,92,0x200080a0,32928,UartTxTask,"[32928, 3758096384, 0, 1]"
102662,4357922.791666667,90,0x20003a48,14920,TelemetryTask,"[14920, 536908656, 200, 0]"
102666,4357965.847222222,92,0x20003a48,14920,UartTxTask,"[14920, 3758096384, 20, 1]"
102671,4358703.199074074,92,0x200080a0,32928,UartTxTask,"[32928, 3758096384, 0, 1]"
102676,4367922.759259259,90,0x20003a48,14920,TelemetryTask,"[14920, 536908656, 200, 0]"
102680,4367965.805555556,92,0x20003a48,14920,UartTxTask,"[14920, 3758096384, 20, 1]"
102685,4368703.037037037,92,0x200080a0,32928,UartTxTask,"[32928, 3758096384, 0, 1]"
102690,4377922.328703703,90,0x20003a48,14920,TelemetryTask,"[14920, 536908656, 200, 0]"
102694,4377965.296296297,92,0x20003a48,14920,UartTxTask,"[14920, 3758096384, 20, 1]"
102699,4378702.180555556,92,0x200080a0,32928,UartTxTask,"[32928, 3758096384, 0, 1]"
102704,4387922.689814814,90,0x20003a48,14920,TelemetryTask,"[14920, 536908656, 200, 0]"
102708,4387966.037037037,92,0x20003a48,14920,UartTxTask,"[14920, 3758096384, 20, 1]"
102713,4388703.625,92,0x200080a0,32928,UartTxTask,"[32928, 3758096384, 0, 1]"
102718,4397923.217592592,90,0x20003a48,14920,TelemetryTask,"[14920, 536908656, 200, 0]"
102722,4397966.578703703,92,0x20003a48,14920,UartTxTask,"[14920, 3758096384, 20, 1]"
102727,4398703.699074074,92,0x200080a0,32928,UartTxTask,"[32928, 3758096384, 0, 1]"
102732,4407923.111111111,90,0x20003a48,14920,TelemetryTask,"[14920, 536908656, 200, 0]"
102736,4407966.064814814,92,0x20003a48,14920,UartTxTask,"[14920, 3758096384, 20, 1]"
102741,4408703.037037037,92,0x200080a0,32928,UartTxTask,"[32928, 3758096384, 0, 1]"
102746,4417923.342592592,90,0x20003a48,14920,TelemetryTask,"[14920, 536908656, 200, 0]"
102750,4417966.828703703,92,0x20003a48,14920,UartTxTask,"[14920, 3758096384, 20, 1]"
102755,4418704.009259259,92,0x200080a0,32928,UartTxTask,"[32928, 3758096384, 0, 1]"
102760,4427921.976851852,90,0x20003a48,14920,TelemetryTask,"[14920, 536908656, 200, 0]"
102764,4427965.12037037,92,0x20003a48,14920,UartTxTask,"[14920, 3758096384, 20, 1]"
102769,4428702.060185186,92,0x200080a0,32928,UartTxTask,"[32928, 3758096384, 0, 1]"
102774,4437921.62962963,90,0x20003a48,14920,TelemetryTask,"[14920, 536908656, 200, 0]"
102778,4437964.712962963,92,0x20003a48,14920,UartTxTask,"[14920, 3758096384, 20, 1]"
102783,4438701.703703703,92,0x200080a0,32928,UartTxTask,"[32928, 3758096384, 0, 1]"
102788,4447921.976851852,90,0x20003a48,14920,TelemetryTask,"[14920, 536908656, 200, 0]"
102792,4447964.828703703,92,0x20003a48,14920,UartTxTask,"[14920, 3758096384, 20, 1]"
102797,4448702.222222222,92,0x200080a0,32928,UartTxTask,"[32928, 3758096384, 0, 1]"
102802,4457923.310185186,90,0x20003a48,14920,TelemetryTask,"[14920, 536908656, 200, 0]"
102806,4457966.787037037,92,0x20003a48,14920,UartTxTask,"[14920, 3758096384, 20, 1]"
102811,4458703.694444444,92,0x200080a0,32928,UartTxTask,"[32928, 3758096384, 0, 1]"
102816,4467922.236111111,90,0x20003a48,14920,TelemetryTask,"[14920, 536908656, 200, 0]"
102820,4467965.430555556,92,0x20003a48,14920,UartTxTask,"[14920, 3758096384, 20, 1]"
102825,4468702.518518519,92,0x200080a0,32928,UartTxTask,"[32928, 3758096384, 0, 1]"
102830,4477922.916666667,90,0x20003a48,14920,TelemetryTask,"[14920, 536908656, 200, 0]"
102834,4477966.490740741,92,0x20003a48,14920,UartTxTask,"[14920, 3758096384, 20, 1]"
102839,4478703.518518519,92,0x200080a0,32928,UartTxTask,"[32928, 3758096384, 0, 1]"
102844,4487922.509259259,90,0x20003a48,14920,TelemetryTask,"[14920, 536908656, 200, 0]"
102848,4487965.574074074,92,0x20003a48,14920,UartTxTask,"[14920, 3758096384, 20, 1]"
102853,4488702.546296297,92,0x200080a0,32928,UartTxTask,"[32928, 3758096384, 0, 1]"
102858,4497922.300925926,90,0x20003a48,14920,TelemetryTask,"[14920, 536908656, 200, 0]"
102862,4497965.583333333,92,0x20003a48,14920,UartTxTask,"[14920, 3758096384, 20, 1]"
102867,4498702.203703703,92,0x200080a0,32928,UartTxTask,"[32928, 3758096384, 0, 1]"
102872,4507923.125,90,0x20003a48,14920,TelemetryTask,"[14920, 536908656, 200, 0]"
102876,4507966.402777778,92,0x20003a48,14920,UartTxTask,"[14920, 3758096384, 20, 1]"
102881,4508703.125,92,0x200080a0,32928,UartTxTask,"[32928, 3758096384, 0, 1]"
102886,4517922.726851852,90,0x20003a48,14920,TelemetryTask,"[14920, 536908656, 200, 0]"
102890,4517966.064814814,92,0x20003a48,14920,UartTxTask,"[14920, 3758096384, 20, 1]"
102895,4518703.796296297,92,0x200080a0,32928,UartTxTask,"[32928, 3758096384, 0, 1]"
102900,4527922.518518519,90,0x20003a48,14920,TelemetryTask,"[14920, 536908656, 200, 0]"
102904,4527966.037037037,92,0x20003a48,14920,UartTxTask,"[14920, 3758096384, 20, 1]"
102909,4528702.212962963,92,0x200080a0,32928,UartTxTask,"[32928, 3758096384, 0, 1]"
102914,4537922.467592592,90,0x20003a48,14920,TelemetryTask,"[14920, 536908656, 200, 0]"
102918,4537965.222222222,92,0x20003a48,14920,UartTxTask,"[14920, 3758096384, 20, 1]"
102923,4538702.509259259,92,0x200080a0,32928,UartTxTask,"[32928, 3758096384, 0, 1]"
102928,4547922.847222222,90,0x20003a48,14920,TelemetryTask,"[14920, 536908656, 200, 0]"
102932,4547966.388888889,92,0x20003a48,14920,UartTxTask,"[14920, 3758096384, 20, 1]"
102937,4548703.467592592,92,0x200080a0,32928,UartTxTask,"[32928, 3758096384, 0, 1]"
102942,4557922.87962963,90,0x20003a48,14920,TelemetryTask,"[14920, 536908656, 200, 0]"
102946,4557966.166666667,92,0x20003a48,14920,UartTxTask,"[14920, 3758096384, 20, 1]"
102951,4558703.259259259,92,0x200080a0,32928,UartTxTask,"[32928, 3758096384, 0, 1]"
102956,4567921.898148148,90,0x20003a48,14920,TelemetryTask,"[14920, 536908656, 200, 0]"
102960,4567965.101851852,92,0x20003a48,14920,UartTxTask,"[14920, 3758096384, 20, 1]"
102965,4568702.328703703,92,0x200080a0,32928,UartTxTask,"[32928, 3758096384, 0, 1]"
102970,4577922.759259259,90,0x20003a48,14920,TelemetryTask,"[14920, 536908656, 200, 0]"
102974,4577965.634259259,92,0x20003a48,14920,UartTxTask,"[14920, 3758096384, 20, 1]"
102979,4578702.606481481,92,0x200080a0,32928,UartTxTask,"[32928, 3758096384, 0, 1]"
102984,4587922.814814814,90,0x20003a48,14920,TelemetryTask,"[14920, 536908656, 200, 0]"
102988,4587965.115740741,92,0x20003a48,14920,UartTxTask,"[14920, 3758096384, 20, 1]"
102993,4588701.981481481,92,0x200080a0,32928,UartTxTask,"[32928, 3758096384, 0, 1]"
102998,4597922.856481481,90,0x20003a48,14920,TelemetryTask,"[14920, 536908656, 200, 0]"
103002,4597965.680555556,92,0x20003a48,14920,UartTxTask,"[14920, 3758096384, 20, 1]"
103007,4598702.759259259,92,0x200080a0,32928,UartTxTask,"[32928, 3758096384, 0, 1]"
103012,4607923.12037037,90,0x20003a48,14920,TelemetryTask,"[14920, 536908656, 200, 0]"
103016,4607966.199074074,92,0x20003a48,14920,UartTxTask,"[14920, 3758096384, 20, 1]"
103021,4608703.759259259,92,0x200080a0,32928,UartTxTask,"[32928, 3758096384, 0, 1]"
103026,4617922.171296297,90,0x20003a48,14920,TelemetryTask,"[14920, 536908656, 200, 0]"
103030,4617965.018518519,92,0x20003a48,14920,UartTxTask,"[14920, 3758096384, 20, 1]"
103035,4618702.416666667,92,0x200080a0,32928,UartTxTask,"[32928, 3758096384, 0, 1]"
103040,4627921.990740741,90,0x20003a48,14920,TelemetryTask,"[14920, 536908656, 200, 0]"
103044,4627964.930555556,92,0x20003a48,14920,UartTxTask,"[14920, 3758096384, 20, 1]"
103049,4628702.449074074,92,0x200080a0,32928,UartTxTask,"[32928, 3758096384, 0, 1]"
103054,4637922.375,90,0x20003a48,14920,TelemetryTask,"[14920, 536908656, 200, 0]"
103058,4637965.574074074,92,0x20003a48,14920,UartTxTask,"[14920, 3758096384, 20, 1]"
103063,4638703.083333333,92,0x200080a0,32928,UartTxTask,"[32928, 3758096384, 0, 1]"
103068,4647922.060185186,90,0x20003a48,14920,TelemetryTask,"[14920, 536908656, 200, 0]"
103072,4647965.013888889,92,0x20003a48,14920,UartTxTask,"[14920, 3758096384, 20, 1]"
103077,4648702.300925926,92,0x200080a0,32928,UartTxTask,"[32928, 3758096384, 0, 1]"
103082,4657922.662037037,90,0x20003a48,14920,TelemetryTask,"[14920, 536908656, 200, 0]"
103086,4657965.75462963,92,0x20003a48,14920,UartTxTask,"[14920, 3758096384, 20, 1]"
103091,4658702.615740741,92,0x200080a0,32928,UartTxTask,"[32928, 3758096384, 0, 1]"
103096,4667922.009259259,90,0x20003a48,14920,TelemetryTask,"[14920, 536908656, 200, 0]"
103100,4667964.430555556,92,0x20003a48,14920,UartTxTask,"[14920, 3758096384, 20, 1]"
103105,4668700.856481481,92,0x200080a0,32928,UartTxTask,"[32928, 3758096384, 0, 1]"
103110,4677923.277777778,90,0x20003a48,14920,TelemetryTask,"[14920, 536908656, 200, 0]"
103114,4677966.305555556,92,0x20003a48,14920,UartTxTask,"[14920, 3758096384, 20, 1]"
103119,4678703.12037037,92,0x200080a0,32928,UartTxTask,"[32928, 3758096384, 0, 1]"
103124,4687922.777777778,90,0x20003a48,14920,TelemetryTask,"[14920, 536908656, 200, 0]"
103128,4687966.180555556,92,0x20003a48,14920,UartTxTask,"[14920, 3758096384, 20, 1]"
103133,4688702.865740741,92,0x200080a0,32928,UartTxTask,"[32928, 3758096384, 0, 1]"
103138,4697922.0,90,0x20003a48,14920,TelemetryTask,"[14920, 536908656, 200, 0]"
103142,4697965.171296297,92,0x20003a48,14920,UartTxTask,"[14920, 3758096384, 20, 1]"
103147,4698701.638888889,92,0x200080a0,32928,UartTxTask,"[32928, 3758096384, 0, 1]"
103152,4707922.217592592,90,0x20003a48,14920,TelemetryTask,"[14920, 536908656, 200, 0]"
103156,4707965.652777778,92,0x20003a48,14920,UartTxTask,"[14920, 3758096384, 20, 1]"
103161,4708702.513888889,92,0x200080a0,32928,UartTxTask,"[32928, 3758096384, 0, 1]"
103167,4714283.134259259,96,0x20003970,14704,ISR#56,"[14704, 537198440]"
103170,4717984.99537037,90,0x20003a48,14920,TelemetryTask,"[14920, 536908656, 200, 0]"
103174,4718026.268518519,92,0x20003970,14704,ButtonTask,"[14704, 3758096384, 4294967295, 1]"
103175,4718119.101851852,90,0x20003a48,14920,ButtonTask,"[14920, 536906932, 200, 0]"
103178,4718172.680555556,92,0x20003a48,14920,UartTxTask,"[14920, 3758096384, 20, 1]"
103183,4718906.194444444,92,0x200080a0,32928,UartTxTask,"[32928, 3758096384, 0, 1]"
103184,4718914.930555556,92,0x20003a48,14920,UartTxTask,"[14920, 3758096384, 20, 1]"
103189,4719653.037037037,92,0x200080a0,32928,UartTxTask,"[32928, 3758096384, 0, 1]"
103194,4727921.986111111,90,0x20003a48,14920,TelemetryTask,"[14920, 536908656, 200, 0]"
103198,4727965.185185186,92,0x20003a48,14920,UartTxTask,"[14920, 3758096384, 20, 1]"
103203,4728701.87962963,92,0x200080a0,32928,UartTxTask,"[32928, 3758096384, 0, 1]"
103208,4737922.069444444,90,0x20003a48,14920,TelemetryTask,"[14920, 536908656, 200, 0]"
103212,4737965.268518519,92,0x20003a48,14920,UartTxTask,"[14920, 3758096384, 20, 1]"
103217,4738702.430555556,92,0x200080a0,32928,UartTxTask,"[32928, 3758096384, 0, 1]"
103222,4747922.50462963,90,0x20003a48,14920,TelemetryTask,"[14920, 536908656, 200, 0]"
103226,4747965.805555556,92,0x20003a48,14920,UartTxTask,"[14920, 3758096384, 20, 1]"
103231,4748702.703703703,92,0x200080a0,32928,UartTxTask,"[32928, 3758096384, 0, 1]"
103236,4757922.12962963,90,0x20003a48,14920,TelemetryTask,"[14920, 536908656, 200, 0]"
103240,4757965.555555556,92,0x20003a48,14920,UartTxTask,"[14920, 3758096384, 20, 1]"
103245,4758702.240740741,92,0x200080a0,32928,UartTxTask,"[32928, 3758096384, 0, 1]"
103250,4767923.101851852,90,0x20003a48,14920,TelemetryTask,"[14920, 536908656, 200, 0]"
103254,4767966.430555556,92,0x20003a48,14920,UartTxTask,"[14920, 3758096384, 20, 1]"
103259,4768703.532407408,92,0x200080a0,32928,UartTxTask,"[32928, 3758096384, 0, 1]"
103264,4777922.935185186,90,0x20003a48,14920,TelemetryTask,"[14920, 536908656, 200, 0]"
103268,4777965.976851852,92,0x20003a48,14920,UartTxTask,"[14920, 3758096384, 20, 1]"
103273,4778702.537037037,92,0x200080a0,32928,UartTxTask,"[32928, 3758096384, 0, 1]"
103278,4787922.814814814,90,0x20003a48,14920,TelemetryTask,"[14920, 536908656, 200, 0]"
103282,4787966.462962963,92,0x20003a48,14920,UartTxTask,"[14920, 3758096384, 20, 1]"
103287,4788703.476851852,92,0x200080a0,32928,UartTxTask,"[32928, 3758096384, 0, 1]"
103292,4797923.194444444,90,0x20003a48,14920,TelemetryTask,"[14920, 536908656, 200, 0]"
103296,4797966.217592592,92,0x20003a48,14920,UartTxTask,"[14920, 3758096384, 20, 1]"
103301,4798703.430555556,92,0x200080a0,32928,UartTxTask,"[32928, 3758096384, 0, 1]"
103306,4807922.25462963,90,0x20003a48,14920,TelemetryTask,"[14920, 536908656, 200, 0]"
103310,4807965.398148148,92,0x20003a48,14920,UartTxTask,"[14920, 3758096384, 20, 1]"
103315,4808702.018518519,92,0x200080a0,32928,UartTxTask,"[32928, 3758096384, 0, 1]"
103320,4817922.671296297,90,0x20003a48,14920,TelemetryTask,"[14920, 536908656, 200, 0]"
103324,4817965.462962963,92,0x20003a48,14920,UartTxTask,"[14920, 3758096384, 20, 1]"
103329,4818702.564814814,92,0x200080a0,32928,UartTxTask,"[32928, 3758096384, 0, 1]"
103334,4827923.731481481,90,0x20003a48,14920,TelemetryTask,"[14920, 536908656, 200, 0]"
103338,4827967.175925926,92,0x20003a48,14920,UartTxTask,"[14920, 3758096384, 20, 1]"
103343,4828703.782407408,92,0x200080a0,32928,UartTxTask,"[32928, 3758096384, 0, 1]"
103348,4837922.356481481,90,0x20003a48,14920,TelemetryTask,"[14920, 536908656, 200, 0]"
103352,4837965.703703703,92,0x20003a48,14920,UartTxTask,"[14920, 3758096384, 20, 1]"
103357,4838703.143518519,92,0x200080a0,32928,UartTxTask,"[32928, 3758096384, 0, 1]"
103362,4847922.537037037,90,0x20003a48,14920,TelemetryTask,"[14920, 536908656, 200, 0]"
103366,4847965.837962963,92,0x20003a48,14920,UartTxTask,"[14920, 3758096384, 20, 1]"
103371,4848703.023148148,92,0x200080a0,32928,UartTxTask,"[32928, 3758096384, 0, 1]"
103376,4857922.171296297,90,0x20003a48,14920,TelemetryTask,"[14920, 536908656, 200, 0]"
103380,4857965.212962963,92,0x20003a48,14920,UartTxTask,"[14920, 3758096384, 20, 1]"
103385,4858701.893518519,92,0x200080a0,32928,UartTxTask,"[32928, 3758096384, 0, 1]"
103390,4867924.300925926,90,0x20003a48,14920,TelemetryTask,"[14920, 536908656, 200, 0]"
103394,4867967.523148148,92,0x20003a48,14920,UartTxTask,"[14920, 3758096384, 20, 1]"
103399,4868704.523148148,92,0x200080a0,32928,UartTxTask,"[32928, 3758096384, 0, 1]"
103404,4877921.25462963,90,0x20003a48,14920,TelemetryTask,"[14920, 536908656, 200, 0]"
103408,4877964.768518519,92,0x20003a48,14920,UartTxTask,"[14920, 3758096384, 20, 1]"
103413,4878701.532407408,92,0x200080a0,32928,UartTxTask,"[32928, 3758096384, 0, 1]"
103418,4887922.814814814,90,0x20003a48,14920,TelemetryTask,"[14920, 536908656, 200, 0]"
103422,4887966.222222222,92,0x20003a48,14920,UartTxTask,"[14920, 3758096384, 20, 1]"
103427,4888703.458333333,92,0x200080a0,32928,UartTxTask,"[32928, 3758096384, 0, 1]"
103432,4897923.37962963,90,0x20003a48,14920,TelemetryTask,"[14920, 536908656, 200, 0]"
103436,4897966.444444444,92,0x20003a48,14920,UartTxTask,"[14920, 3758096384, 20, 1]"
103441,4898703.722222222,92,0x200080a0,32928,UartTxTask,"[32928, 3758096384, 0, 1]"
103446,4907923.351851852,90,0x20003a48,14920,TelemetryTask,"[14920, 536908656, 200, 0]"
103450,4907966.203703703,92,0x20003a48,14920,UartTxTask,"[14920, 3758096384, 20, 1]"
103455,4908703.25,92,0x200080a0,32928,UartTxTask,"[32928, 3758096384, 0, 1]"
103460,4917922.101851852,90,0x20003a48,14920,TelemetryTask,"[14920, 536908656, 200, 0]"
103464,4917965.296296297,92,0x20003a48,14920,UartTxTask,"[14920, 3758096384, 20, 1]"
103469,4918702.527777778,92,0x200080a0,32928,UartTxTask,"[32928, 3758096384, 0, 1]"
103474,4927922.24537037,90,0x20003a48,14920,TelemetryTask,"[14920, 536908656, 200, 0]"
103478,4927965.25,92,0x20003a48,14920,UartTxTask,"[14920, 3758096384, 20, 1]"
103483,4928702.013888889,92,0x200080a0,32928,UartTxTask,"[32928, 3758096384, 0, 1]"
103488,4937922.291666667,90,0x20003a48,14920,TelemetryTask,"[14920, 536908656, 200, 0]"
103492,4937965.361111111,92,0x20003a48,14920,UartTxTask,"[14920, 3758096384, 20, 1]"
103497,4938702.421296297,92,0x200080a0,32928,UartTxTask,"[32928, 3758096384, 0, 1]"
103502,4947922.486111111,90,0x20003a48,14920,TelemetryTask,"[14920, 536908656, 200, 0]"
103506,4947965.791666667,92,0x20003a48,14920,UartTxTask,"[14920, 3758096384, 20, 1]"
103511,4948702.453703703,92,0x200080a0,32928,UartTxTask,"[32928, 3758096384, 0, 1]"
103516,4957921.898148148,90,0x20003a48,14920,TelemetryTask,"[14920, 536908656, 200, 0]"
103520,4957964.962962963,92,0x20003a48,14920,UartTxTask,"[14920, 3758096384, 20, 1]"
103525,4958702.356481481,92,0x200080a0,32928,UartTxTask,"[32928, 3758096384, 0, 1]"
103530,4967922.986111111,90,0x20003a48,14920,TelemetryTask,"[14920, 536908656, 200, 0]"
103534,4967966.462962963,92,0x20003a48,14920,UartTxTask,"[14920, 3758096384, 20, 1]"
103539,4968703.291666667,92,0x200080a0,32928,UartTxTask,"[32928, 3758096384, 0, 1]"
103544,4977922.856481481,90,0x20003a48,14920,TelemetryTask,"[14920, 536908656, 200, 0]"
103548,4977965.671296297,92,0x20003a48,14920,UartTxTask,"[14920, 3758096384, 20, 1]"
103553,4978702.416666667,92,0x200080a0,32928,UartTxTask,"[32928, 3758096384, 0, 1]"
103558,4987921.685185186,90,0x20003a48,14920,TelemetryTask,"[14920, 536908656, 200, 0]"
103562,4987965.25,92,0x20003a48,14920,UartTxTask,"[14920, 3758096384, 20, 1]"
103567,4988702.25,92,0x200080a0,32928,UartTxTask,"[32928, 3758096384, 0, 1]"
103572,4997921.787037037,90,0x20003a48,14920,TelemetryTask,"[14920, 536908656, 200, 0]"
103576,4997965.115740741,92,0x20003a48,14920,UartTxTask,"[14920, 3758096384, 20, 1]"
103581,4998701.884259259,92,0x200080a0,32928,UartTxTask,"[32928, 3758096384, 0, 1]"
103586,5007922.37962963,90,0x20003a48,14920,TelemetryTask,"[14920, 536908656, 200, 0]"
103590,5007965.527777778,92,0x20003a48,14920,UartTxTask,"[14920, 3758096384, 20, 1]"
103595,5008702.481481481,92,0x200080a0,32928,UartTxTask,"[32928, 3758096384, 0, 1]"
103600,5017921.981481481,90,0x20003a48,14920,TelemetryTask,"[14920, 536908656, 200, 0]"
103604,5017964.972222222,92,0x20003a48,14920,UartTxTask,"[14920, 3758096384, 20, 1]"
103609,5018702.268518519,92,0x200080a0,32928,UartTxTask,"[32928, 3758096384, 0, 1]"
103614,5027922.291666667,90,0x20003a48,14920,TelemetryTask,"[14920, 536908656, 200, 0]"
103618,5027965.601851852,92,0x20003a48,14920,UartTxTask,"[14920, 3758096384, 20, 1]"
103623,5028702.819444444,92,0x200080a0,32928,UartTxTask,"[32928, 3758096384, 0, 1]"
103628,5037922.032407408,90,0x20003a48,14920,TelemetryTask,"[14920, 536908656, 200, 0]"
103632,5037965.268518519,92,0x20003a48,14920,UartTxTask,"[14920, 3758096384, 20, 1]"
103637,5038702.657407408,92,0x200080a0,32928,UartTxTask,"[32928, 3758096384, 0, 1]"
103642,5047922.87962963,90,0x20003a48,14920,TelemetryTask,"[14920, 536908656, 200, 0]"
103646,5047965.99537037,92,0x20003a48,14920,UartTxTask,"[14920, 3758096384, 20, 1]"
103651,5048703.305555556,92,0x200080a0,32928,UartTxTask,"[32928, 3758096384, 0, 1]"
103656,5057922.615740741,90,0x20003a48,14920,TelemetryTask,"[14920, 536908656, 200, 0]"
103660,5057966.537037037,92,0x20003a48,14920,UartTxTask,"[14920, 3758096384, 20, 1]"
103665,5058703.532407408,92,0x200080a0,32928,UartTxTask,"[32928, 3758096384, 0, 1]"
103670,5067923.023148148,90,0x20003a48,14920,TelemetryTask,"[14920, 536908656, 200, 0]"
103674,5067965.953703703,92,0x20003a48,14920,UartTxTask,"[14920, 3758096384, 20, 1]"
103679,5068703.143518519,92,0x200080a0,32928,UartTxTask,"[32928, 3758096384, 0, 1]"
103684,5077922.388888889,90,0x20003a48,14920,TelemetryTask,"[14920, 536908656, 200, 0]"
103688,5077965.481481481,92,0x20003a48,14920,UartTxTask,"[14920, 3758096384, 20, 1]"
103693,5078702.800925926,92,0x200080a0,32928,UartTxTask,"[32928, 3758096384, 0, 1]"
103698,5087922.569444444,90,0x20003a48,14920,TelemetryTask,"[14920, 536908656, 200, 0]"
103702,5087965.62037037,92,0x20003a48,14920,UartTxTask,"[14920, 3758096384, 20, 1]"
103707,5088702.615740741,92,0x200080a0,32928,UartTxTask,"[32928, 3758096384, 0, 1]"
103712,5097921.99537037,90,0x20003a48,14920,TelemetryTask,"[14920, 536908656, 200, 0]"
103716,5097965.157407408,92,0x20003a48,14920,UartTxTask,"[14920, 3758096384, 20, 1]"
103721,5098702.310185186,92,0x200080a0,32928,UartTxTask,"[32928, 3758096384, 0, 1]"
103726,5107922.736111111,90,0x20003a48,14920,TelemetryTask,"[14920, 536908656, 200, 0]"
103730,5107965.888888889,92,0x20003a48,14920,UartTxTask,"[14920, 3758096384, 20, 1]"
103735,5108702.814814814,92,0x200080a0,32928,UartTxTask,"[32928, 3758096384, 0, 1]"
103740,5117922.740740741,90,0x20003a48,14920,TelemetryTask,"[14920, 536908656, 200, 0]"
103744,5117965.587962963,92,0x20003a48,14920,UartTxTask,"[14920, 3758096384, 20, 1]"
103749,5118702.513888889,92,0x200080a0,32928,UartTxTask,"[32928, 3758096384, 0, 1]"
103754,5127922.041666667,90,0x20003a48,14920,TelemetryTask,"[14920, 536908656, 200, 0]"
103758,5127965.12962963,92,0x20003a48,14920,UartTxTask,"[14920, 3758096384, 20, 1]"
103763,5128702.472222222,92,0x200080a0,32928,UartTxTask,"[32928, 3758096384, 0, 1]"
103768,5137922.611111111,90,0x20003a48,14920,TelemetryTask,"[14920, 536908656, 200, 0]"
103772,5137965.50462963,92,0x20003a48,14920,UartTxTask,"[14920, 3758096384, 20, 1]"
103777,5138702.898148148,92,0x200080a0,32928,UartTxTask,"[32928, 3758096384, 0, 1]"
103782,5147922.5,90,0x20003a48,14920,TelemetryTask,"[14920, 536908656, 200, 0]"
103786,5147964.819444444,92,0x20003a48,14920,UartTxTask,"[14920, 3758096384, 20, 1]"
103791,5148702.430555556,92,0x200080a0,32928,UartTxTask,"[32928, 3758096384, 0, 1]"
103796,5157923.837962963,90,0x20003a48,14920,TelemetryTask,"[14920, 536908656, 200, 0]"
103800,5157967.217592592,92,0x20003a48,14920,UartTxTask,"[14920, 3758096384, 20, 1]"
103805,5158704.092592592,92,0x200080a0,32928,UartTxTask,"[32928, 3758096384, 0, 1]"
103810,5167922.412037037,90,0x20003a48,14920,TelemetryTask,"[14920, 536908656, 200, 0]"
103814,5167966.087962963,92,0x20003a48,14920,UartTxTask,"[14920, 3758096384, 20, 1]"
103819,5168702.486111111,92,0x200080a0,32928,UartTxTask,"[32928, 3758096384, 0, 1]"
103824,5177922.671296297,90,0x20003a48,14920,TelemetryTask,"[14920, 536908656, 200, 0]"
103828,5177965.972222222,92,0x20003a48,14920,UartTxTask,"[14920, 3758096384, 20, 1]"
103833,5178703.12962963,92,0x200080a0,32928,UartTxTask,"[32928, 3758096384, 0, 1]"
103838,5187922.134259259,90,0x20003a48,14920,TelemetryTask,"[14920, 536908656, 200, 0]"
103842,5187965.074074074,92,0x20003a48,14920,UartTxTask,"[14920, 3758096384, 20, 1]"
103847,5188701.587962963,92,0x200080a0,32928,UartTxTask,"[32928, 3758096384, 0, 1]"
103852,5197922.689814814,90,0x20003a48,14920,TelemetryTask,"[14920, 536908656, 200, 0]"
103856,5197965.875,92,0x20003a48,14920,UartTxTask,"[14920, 3758096384, 20, 1]"
103861,5198703.060185186,92,0x200080a0,32928,UartTxTask,"[32928, 3758096384, 0, 1]"
103866,5207922.652777778,90,0x20003a48,14920,TelemetryTask,"[14920, 536908656, 200, 0]"
103870,5207966.282407408,92,0x20003a48,14920,UartTxTask,"[14920, 3758096384, 20, 1]"
103875,5208703.421296297,92,0x200080a0,32928,UartTxTask,"[32928, 3758096384, 0, 1]"
103880,5217922.444444444,90,0x20003a48,14920,TelemetryTask,"[14920, 536908656, 200, 0]"
103884,5217965.601851852,92,0x20003a48,14920,UartTxTask,"[14920, 3758096384, 20, 1]"
103889,5218703.12962963,92,0x200080a0,32928,UartTxTask,"[32928, 3758096384, 0, 1]"
103894,5227921.759259259,90,0x20003a48,14920,TelemetryTask,"[14920, 536908656, 200, 0]"
103898,5227964.62962963,92,0x20003a48,14920,UartTxTask,"[14920, 3758096384, 20, 1]"
103903,5228701.87037037,92,0x200080a0,32928,UartTxTask,"[32928, 3758096384, 0, 1]"
103908,5237921.824074074,90,0x20003a48,14920,TelemetryTask,"[14920, 536908656, 200, 0]"
103912,5237965.185185186,92,0x20003a48,14920,UartTxTask,"[14920, 3758096384, 20, 1]"
103917,5238702.421296297,92,0x200080a0,32928,UartTxTask,"[32928, 3758096384, 0, 1]"
103922,5247922.796296297,90,0x20003a48,14920,TelemetryTask,"[14920, 536908656, 200, 0]"
103926,5247965.944444444,92,0x20003a48,14920,UartTxTask,"[14920, 3758096384, 20, 1]"
103931,5248703.310185186,92,0x200080a0,32928,UartTxTask,"[32928, 3758096384, 0, 1]"
103936,5257922.342592592,90,0x20003a48,14920,TelemetryTask,"[14920, 536908656, 200, 0]"
103940,5257965.634259259,92,0x20003a48,14920,UartTxTask,"[14920, 3758096384, 20, 1]"
103945,5258702.671296297,92,0x200080a0,32928,UartTxTask,"[32928, 3758096384, 0, 1]"
103950,5267922.537037037,90,0x20003a48,14920,TelemetryTask,"[14920, 536908656, 200, 0]"
103954,5267965.199074074,92,0x20003a48,14920,UartTxTask,"[14920, 3758096384, 20, 1]"
103959,5268702.513888889,92,0x200080a0,32928,UartTxTask,"[32928, 3758096384, 0, 1]"
103964,5277922.601851852,90,0x20003a48,14920,TelemetryTask,"[14920, 536908656, 200, 0]"
103968,5277965.981481481,92,0x20003a48,14920,UartTxTask,"[14920, 3758096384, 20, 1]"
103973,5278702.740740741,92,0x200080a0,32928,UartTxTask,"[32928, 3758096384, 0, 1]"
103978,5287922.467592592,90,0x20003a48,14920,TelemetryTask,"[14920, 536908656, 200, 0]"
103982,5287965.203703703,92,0x20003a48,14920,UartTxTask,"[14920, 3758096384, 20, 1]"
103987,5288702.037037037,92,0x200080a0,32928,UartTxTask,"[32928, 3758096384, 0, 1]"
103992,5297923.662037037,90,0x20003a48,14920,TelemetryTask,"[14920, 536908656, 200, 0]"
103996,5297966.157407408,92,0x20003a48,14920,UartTxTask,"[14920, 3758096384, 20, 1]"
104001,5298703.273148148,92,0x200080a0,32928,UartTxTask,"[32928, 3758096384, 0, 1]"
104006,5307921.490740741,90,0x20003a48,14920,TelemetryTask,"[14920, 536908656, 200, 0]"
104010,5307964.680555556,92,0x20003a48,14920,UartTxTask,"[14920, 3758096384, 20, 1]"
104015,5308701.541666667,92,0x200080a0,32928,UartTxTask,"[32928, 3758096384, 0, 1]"
104020,5317921.25,90,0x20003a48,14920,TelemetryTask,"[14920, 536908656, 200, 0]"
104024,5317964.236111111,92,0x20003a48,14920,UartTxTask,"[14920, 3758096384, 20, 1]"
104029,5318701.472222222,92,0x200080a0,32928,UartTxTask,"[32928, 3758096384, 0, 1]"
104034,5327922.99537037,90,0x20003a48,14920,TelemetryTask,"[14920, 536908656, 200, 0]"
104038,5327966.361111111,92,0x20003a48,14920,UartTxTask,"[14920, 3758096384, 20, 1]"
104043,5328703.421296297,92,0x200080a0,32928,UartTxTask,"[32928, 3758096384, 0, 1]"
104048,5337921.625,90,0x20003a48,14920,TelemetryTask,"[14920, 536908656, 200, 0]"
104052,5337964.564814814,92,0x20003a48,14920,UartTxTask,"[14920, 3758096384, 20, 1]"
104057,5338701.240740741,92,0x200080a0,32928,UartTxTask,"[32928, 3758096384, 0, 1]"
104062,5347921.694444444,90,0x20003a48,14920,TelemetryTask,"[14920, 536908656, 200, 0]"
104066,5347964.462962963,92,0x20003a48,14920,UartTxTask,"[14920, 3758096384, 20, 1]"
104071,5348701.453703703,92,0x200080a0,32928,UartTxTask,"[32928, 3758096384, 0, 1]"
104076,5357922.12962963,90,0x20003a48,14920,TelemetryTask,"[14920, 536908656, 200, 0]"
104080,5357965.458333333,92,0x20003a48,14920,UartTxTask,"[14920, 3758096384, 20, 1]"
104085,5358702.685185186,92,0x200080a0,32928,UartTxTask,"[32928, 3758096384, 0, 1]"
104090,5367922.208333333,90,0x20003a48,14920,TelemetryTask,"[14920, 536908656, 200, 0]"
104094,5367965.356481481,92,0x20003a48,14920,UartTxTask,"[14920, 3758096384, 20, 1]"
104099,5368702.671296297,92,0x200080a0,32928,UartTxTask,"[32928, 3758096384, 0, 1]"
104104,5377922.74537037,90,0x20003a48,14920,TelemetryTask,"[14920, 536908656, 200, 0]"
104108,5377966.074074074,92,0x20003a48,14920,UartTxTask,"[14920, 3758096384, 20, 1]"
104113,5378702.685185186,92,0x200080a0,32928,UartTxTask,"[32928, 3758096384, 0, 1]"
104118,5387922.810185186,90,0x20003a48,14920,TelemetryTask,"[14920, 536908656, 200, 0]"
104122,5387966.435185186,92,0x20003a48,14920,UartTxTask,"[14920, 3758096384, 20, 1]"
104127,5388703.657407408,92,0x200080a0,32928,UartTxTask,"[32928, 3758096384, 0, 1]"
104132,5397921.842592592,90,0x20003a48,14920,TelemetryTask,"[14920, 536908656, 200, 0]"
104136,5397965.412037037,92,0x20003a48,14920,UartTxTask,"[14920, 3758096384, 20, 1]"
104141,5398702.634259259,92,0x200080a0,32928,UartTxTask,"[32928, 3758096384, 0, 1]"
104146,5407921.138888889,90,0x20003a48,14920,TelemetryTask,"[14920, 536908656, 200, 0]"
104150,5407964.328703703,92,0x20003a48,14920,UartTxTask,"[14920, 3758096384, 20, 1]"
104155,5408701.361111111,92,0x200080a0,32928,UartTxTask,"[32928, 3758096384, 0, 1]"
104160,5417922.217592592,90,0x20003a48,14920,TelemetryTask,"[14920, 536908656, 200, 0]"
104164,5417965.384259259,92,0x20003a48,14920,UartTxTask,"[14920, 3758096384, 20, 1]"
104169,5418702.416666667,92,0x200080a0,32928,UartTxTask,"[32928, 3758096384, 0, 1]"
104174,5427922.638888889,90,0x20003a48,14920,TelemetryTask,"[14920, 536908656, 200, 0]"
104178,5427966.027777778,92,0x20003a48,14920,UartTxTask,"[14920, 3758096384, 20, 1]"
104183,5428702.814814814,92,0x200080a0,32928,UartTxTask,"[32928, 3758096384, 0, 1]"
104188,5437922.509259259,90,0x20003a48,14920,TelemetryTask,"[14920, 536908656, 200, 0]"
104192,5437965.773148148,92,0x20003a48,14920,UartTxTask,"[14920, 3758096384, 20, 1]"
104197,5438701.986111111,92,0x200080a0,32928,UartTxTask,"[32928, 3758096384, 0, 1]"
104202,5447923.097222222,90,0x20003a48,14920,TelemetryTask,"[14920, 536908656, 200, 0]"
104206,5447966.384259259,92,0x20003a48,14920,UartTxTask,"[14920, 3758096384, 20, 1]"
104211,5448703.319444444,92,0x200080a0,32928,UartTxTask,"[32928, 3758096384, 0, 1]"
104216,5457923.726851852,90,0x20003a48,14920,TelemetryTask,"[14920, 536908656, 200, 0]"
104220,5457966.824074074,92,0x20003a48,14920,UartTxTask,"[14920, 3758096384, 20, 1]"
104225,5458704.513888889,92,0x200080a0,32928,UartTxTask,"[32928, 3758096384, 0, 1]"
104230,5467922.083333333,90,0x20003a48,14920,TelemetryTask,"[14920, 536908656, 200, 0]"
104234,5467965.486111111,92,0x20003a48,14920,UartTxTask,"[14920, 3758096384, 20, 1]"
104239,5468702.310185186,92,0x200080a0,32928,UartTxTask,"[32928, 3758096384, 0, 1]"
104244,5477923.046296297,90,0x20003a48,14920,TelemetryTask,"[14920, 536908656, 200, 0]"
104248,5477965.824074074,92,0x20003a48,14920,UartTxTask,"[14920, 3758096384, 20, 1]"
104253,5478703.12037037,92,0x200080a0,32928,UartTxTask,"[32928, 3758096384, 0, 1]"
104259,5486547.013888889,96,0x20003970,14704,ISR#56,"[14704, 537198440]"
104262,5487984.5,90,0x20003a48,14920,TelemetryTask,"[14920, 536908656, 200, 0]"
104266,5488025.064814814,92,0x20003970,14704,ButtonTask,"[14704, 3758096384, 4294967295, 1]"
104267,5488116.898148148,90,0x20003a48,14920,ButtonTask,"[14920, 536906932, 200, 0]"
104270,5488170.759259259,92,0x20003a48,14920,UartTxTask,"[14920, 3758096384, 20, 1]"
104275,5488904.722222222,92,0x200080a0,32928,UartTxTask,"[32928, 3758096384, 0, 1]"
104276,5488913.037037037,92,0x20003a48,14920,UartTxTask,"[14920, 3758096384, 20, 1]"
104281,5489650.944444444,92,0x200080a0,32928,UartTxTask,"[32928, 3758096384, 0, 1]"
104286,5497921.768518519,90,0x20003a48,14920,TelemetryTask,"[14920, 536908656, 200, 0]"
104290,5497965.398148148,92,0x20003a48,14920,UartTxTask,"[14920, 3758096384, 20, 1]"
104295,5498701.962962963,92,0x200080a0,32928,UartTxTask,"[32928, 3758096384, 0, 1]"
104300,5507922.75,90,0x20003a48,14920,TelemetryTask,"[14920, 536908656, 200, 0]"
104304,5507965.782407408,92,0x20003a48,14920,UartTxTask,"[14920, 3758096384, 20, 1]"
104309,5508702.925925926,92,0x200080a0,32928,UartTxTask,"[32928, 3758096384, 0, 1]"
104314,5517922.662037037,90,0x20003a48,14920,TelemetryTask,"[14920, 536908656, 200, 0]"
104318,5517965.481481481,92,0x20003a48,14920,UartTxTask,"[14920, 3758096384, 20, 1]"
104323,5518702.847222222,92,0x200080a0,32928,UartTxTask,"[32928, 3758096384, 0, 1]"
104328,5527922.560185186,90,0x20003a48,14920,TelemetryTask,"[14920, 536908656, 200, 0]"
104332,5527965.486111111,92,0x20003a48,14920,UartTxTask,"[14920, 3758096384, 20, 1]"
104337,5528702.222222222,92,0x200080a0,32928,UartTxTask,"[32928, 3758096384, 0, 1]"
104342,5537921.916666667,90,0x20003a48,14920,TelemetryTask,"[14920, 536908656, 200, 0]"
104346,5537965.421296297,92,0x20003a48,14920,UartTxTask,"[14920, 3758096384, 20, 1]"
104351,5538702.648148148,92,0x200080a0,32928,UartTxTask,"[32928, 3758096384, 0, 1]"
104356,5547921.925925926,90,0x20003a48,14920,TelemetryTask,"[14920, 536908656, 200, 0]"
104360,5547964.925925926,92,0x20003a48,14920,UartTxTask,"[14920, 3758096384, 20, 1]"
104365,5548701.712962963,92,0x200080a0,32928,UartTxTask,"[32928, 3758096384, 0, 1]"
104370,5557923.027777778,90,0x20003a48,14920,TelemetryTask,"[14920, 536908656, 200, 0]"
104374,5557966.287037037,92,0x20003a48,14920,UartTxTask,"[14920, 3758096384, 20, 1]"
104379,5558703.555555556,92,0x200080a0,32928,UartTxTask,"[32928, 3758096384, 0, 1]"
104384,5567922.384259259,90,0x20003a48,14920,TelemetryTask,"[14920, 536908656, 200, 0]"
104388,5567965.703703703,92,0x20003a48,14920,UartTxTask,"[14920, 3758096384, 20, 1]"
104393,5568702.833333333,92,0x200080a0,32928,UartTxTask,"[32928, 3758096384, 0, 1]"
104398,5577923.106481481,90,0x20003a48,14920,TelemetryTask,"[14920, 536908656, 200, 0]"
104402,5577966.00462963,92,0x20003a48,14920,UartTxTask,"[14920, 3758096384, 20, 1]"
104407,5578702.800925926,92,0x200080a0,32928,UartTxTask,"[32928, 3758096384, 0, 1]"
104412,5587922.833333333,90,0x20003a48,14920,TelemetryTask,"[14920, 536908656, 200, 0]"
104416,5587966.356481481,92,0x20003a48,14920,UartTxTask,"[14920, 3758096384, 20, 1]"
104421,5588703.157407408,92,0x200080a0,32928,UartTxTask,"[32928, 3758096384, 0, 1]"
104426,5597923.166666667,90,0x20003a48,14920,TelemetryTask,"[14920, 536908656, 200, 0]"
104430,5597966.12962963,92,0x20003a48,14920,UartTxTask,"[14920, 3758096384, 20, 1]"
104435,5598703.592592592,92,0x200080a0,32928,UartTxTask,"[32928, 3758096384, 0, 1]"
104440,5607921.976851852,90,0x20003a48,14920,TelemetryTask,"[14920, 536908656, 200, 0]"
104444,5607964.921296297,92,0x20003a48,14920,UartTxTask,"[14920, 3758096384, 20, 1]"
104449,5608702.361111111,92,0x200080a0,32928,UartTxTask,"[32928, 3758096384, 0, 1]"
104454,5617925.569444444,90,0x20003a48,14920,TelemetryTask,"[14920, 536908656, 200, 0]"
104458,5617968.546296297,92,0x20003a48,14920,UartTxTask,"[14920, 3758096384, 20, 1]"
104463,5618705.472222222,92,0x200080a0,32928,UartTxTask,"[32928, 3758096384, 0, 1]"
104468,5627922.018518519,90,0x20003a48,14920,TelemetryTask,"[14920, 536908656, 200, 0]"
104472,5627964.958333333,92,0x20003a48,14920,UartTxTask,"[14920, 3758096384, 20, 1]"
104477,5628701.953703703,92,0x200080a0,32928,UartTxTask,"[32928, 3758096384, 0, 1]"
104482,5637922.717592592,90,0x20003a48,14920,TelemetryTask,"[14920, 536908656, 200, 0]"
104486,5637966.439814814,92,0x20003a48,14920,UartTxTask,"[14920, 3758096384, 20, 1]"
104491,5638703.296296297,92,0x200080a0,32928,UartTxTask,"[32928, 3758096384, 0, 1]"
104496,5647922.069444444,90,0x20003a48,14920,TelemetryTask,"[14920, 536908656, 200, 0]"
104500,5647965.796296297,92,0x20003a48,14920,UartTxTask,"[14920, 3758096384, 20, 1]"
104505,5648702.402777778,92,0x200080a0,32928,UartTxTask,"[32928, 3758096384, 0, 1]"
104510,5657922.560185186,90,0x20003a48,14920,TelemetryTask,"[14920, 536908656, 200, 0]"
104514,5657965.87037037,92,0x20003a48,14920,UartTxTask,"[14920, 3758096384, 20, 1]"
104519,5658703.273148148,92,0x200080a0,32928,UartTxTask,"[32928, 3758096384, 0, 1]"
104524,5667922.430555556,90,0x20003a48,14920,TelemetryTask,"[14920, 536908656, 200, 0]"
104528,5667965.074074074,92,0x20003a48,14920,UartTxTask,"[14920, 3758096384, 20, 1]"
104533,5668702.337962963,92,0x200080a0,32928,UartTxTask,"[32928, 3758096384, 0, 1]"
104538,5677922.666666667,90,0x20003a48,14920,TelemetryTask,"[14920, 536908656, 200, 0]"
104542,5677965.680555556,92,0x20003a48,14920,UartTxTask,"[14920, 3758096384, 20, 1]"
104547,5678702.75,92,0x200080a0,32928,UartTxTask,"[32928, 3758096384, 0, 1]"
104552,5687922.708333333,90,0x20003a48,14920,TelemetryTask,"[14920, 536908656, 200, 0]"
104556,5687965.912037037,92,0x20003a48,14920,UartTxTask,"[14920, 3758096384, 20, 1]"
104561,5688703.050925926,92,0x200080a0,32928,UartTxTask,"[32928, 3758096384, 0, 1]"
104565,5689896.569444444,96,0x20003970,14704,ISR#56,"[14704, 537198440]"
104569,5689931.25,92,0x20003970,14704,ButtonTask,"[14704, 3758096384, 4294967295, 1]"
104570,5690031.884259259,90,0x20003a48,14920,ButtonTask,"[14920, 536906932, 200, 0]"
104574,5690077.402777778,92,0x20003a48,14920,UartTxTask,"[14920, 3758096384, 20, 1]"
104579,5690812.476851852,92,0x200080a0,32928,UartTxTask,"[32928, 3758096384, 0, 1]"
104584,5697922.699074074,90,0x20003a48,14920,TelemetryTask,"[14920, 536908656, 200, 0]"
104588,5697965.800925926,92,0x20003a48,14920,UartTxTask,"[14920, 3758096384, 20, 1]"
104593,5698702.921296297,92,0x200080a0,32928,UartTxTask,"[32928, 3758096384, 0, 1]"
104598,5707923.287037037,90,0x20003a48,14920,TelemetryTask,"[14920, 536908656, 200, 0]"
104602,5707966.597222222,92,0x20003a48,14920,UartTxTask,"[14920, 3758096384, 20, 1]"
104607,5708703.888888889,92,0x200080a0,32928,UartTxTask,"[32928, 3758096384, 0, 1]"
104612,5717922.143518519,90,0x20003a48,14920,TelemetryTask,"[14920, 536908656, 200, 0]"
104616,5717965.143518519,92,0x20003a48,14920,UartTxTask,"[14920, 3758096384, 20, 1]"
104621,5718702.115740741,92,0x200080a0,32928,UartTxTask,"[32928, 3758096384, 0, 1]"
104626,5727922.759259259,90,0x20003a48,14920,TelemetryTask,"[14920, 536908656, 200, 0]"
104630,5727965.712962963,92,0x20003a48,14920,UartTxTask,"[14920, 3758096384, 20, 1]"
104635,5728702.25462963,92,0x200080a0,32928,UartTxTask,"[32928, 3758096384, 0, 1]"
104640,5737922.527777778,90,0x20003a48,14920,TelemetryTask,"[14920, 536908656, 200, 0]"
104644,5737966.199074074,92,0x20003a48,14920,UartTxTask,"[14920, 3758096384, 20, 1]"
104649,5738703.736111111,92,0x200080a0,32928,UartTxTask,"[32928, 3758096384, 0, 1]"
104654,5747923.0,90,0x20003a48,14920,TelemetryTask,"[14920, 536908656, 200, 0]"
104658,5747965.62962963,92,0x20003a48,14920,UartTxTask,"[14920, 3758096384, 20, 1]"
104663,5748702.592592592,92,0x200080a0,32928,UartTxTask,"[32928, 3758096384, 0, 1]"
104668,5757922.481481481,90,0x20003a48,14920,TelemetryTask,"[14920, 536908656, 200, 0]"
104672,5757966.0,92,0x20003a48,14920,UartTxTask,"[14920, 3758096384, 20, 1]"
104677,5758702.824074074,92,0x200080a0,32928,UartTxTask,"[32928, 3758096384, 0, 1]"
104682,5767922.833333333,90,0x20003a48,14920,TelemetryTask,"[14920, 536908656, 200, 0]"
104686,5767966.425925926,92,0x20003a48,14920,UartTxTask,"[14920, 3758096384, 20, 1]"
104691,5768703.638888889,92,0x200080a0,32928,UartTxTask,"[32928, 3758096384, 0, 1]"
104696,5777924.819444444,90,0x20003a48,14920,TelemetryTask,"[14920, 536908656, 200, 0]"
104700,5777967.634259259,92,0x20003a48,14920,UartTxTask,"[14920, 3758096384, 20, 1]"
104705,5778704.606481481,92,0x200080a0,32928,UartTxTask,"[32928, 3758096384, 0, 1]"
104710,5787922.157407408,90,0x20003a48,14920,TelemetryTask,"[14920, 536908656, 200, 0]"
104714,5787965.416666667,92,0x20003a48,14920,UartTxTask,"[14920, 3758096384, 20, 1]"
104719,5788702.365740741,92,0x200080a0,32928,UartTxTask,"[32928, 3758096384, 0, 1]"
104724,5797923.189814814,90,0x20003a48,14920,TelemetryTask,"[14920, 536908656, 200, 0]"
104728,5797966.768518519,92,0x20003a48,14920,UartTxTask,"[14920, 3758096384, 20, 1]"
104733,5798703.810185186,92,0x200080a0,32928,UartTxTask,"[32928, 3758096384, 0, 1]"
104738,5807922.606481481,90,0x20003a48,14920,TelemetryTask,"[14920, 536908656, 200, 0]"
104742,5807966.074074074,92,0x20003a48,14920,UartTxTask,"[14920, 3758096384, 20, 1]"
104747,5808702.532407408,92,0x200080a0,32928,UartTxTask,"[32928, 3758096384, 0, 1]"
104752,5817922.083333333,90,0x20003a48,14920,TelemetryTask,"[14920, 536908656, 200, 0]"
104756,5817965.666666667,92,0x20003a48,14920,UartTxTask,"[14920, 3758096384, 20, 1]"
104761,5818702.078703703,92,0x200080a0,32928,UartTxTask,"[32928, 3758096384, 0, 1]"
104766,5827921.689814814,90,0x20003a48,14920,TelemetryTask,"[14920, 536908656, 200, 0]"
104770,5827964.699074074,92,0x20003a48,14920,UartTxTask,"[14920, 3758096384, 20, 1]"
104775,5828701.791666667,92,0x200080a0,32928,UartTxTask,"[32928, 3758096384, 0, 1]"
104780,5837922.787037037,90,0x20003a48,14920,TelemetryTask,"[14920, 536908656, 200, 0]"
104784,5837965.342592592,92,0x20003a48,14920,UartTxTask,"[14920, 3758096384, 20, 1]"
104789,5838702.680555556,92,0x200080a0,32928,UartTxTask,"[32928, 3758096384, 0, 1]"
104794,5847922.055555556,90,0x20003a48,14920,TelemetryTask,"[14920, 536908656, 200, 0]"
104798,5847964.851851852,92,0x20003a48,14920,UartTxTask,"[14920, 3758096384, 20, 1]"
104803,5848701.305555556,92,0x200080a0,32928,UartTxTask,"[32928, 3758096384, 0, 1]"
104808,5857922.763888889,90,0x20003a48,14920,TelemetryTask,"[14920, 536908656, 200, 0]"
104812,5857966.402777778,92,0x20003a48,14920,UartTxTask,"[14920, 3758096384, 20, 1]"
104817,5858703.398148148,92,0x200080a0,32928,UartTxTask,"[32928, 3758096384, 0, 1]"
104823,5864743.837962963,96,0x20003970,14704,ISR#56,"[14704, 537198440]"
104826,5867985.574074074,90,0x20003a48,14920,TelemetryTask,"[14920, 536908656, 200, 0]"
104830,5868027.333333333,92,0x20003970,14704,ButtonTask,"[14704, 3758096384, 4294967295, 1]"
104831,5868119.217592592,90,0x20003a48,14920,ButtonTask,"[14920, 536906932, 200, 0]"
104834,5868173.402777778,92,0x20003a48,14920,UartTxTask,"[14920, 3758096384, 20, 1]"
104839,5868907.027777778,92,0x200080a0,32928,UartTxTask,"[32928, 3758096384, 0, 1]"
104840,5868915.958333333,92,0x20003a48,14920,UartTxTask,"[14920, 3758096384, 20, 1]"
104845,5869653.902777778,92,0x200080a0,32928,UartTxTask,"[32928, 3758096384, 0, 1]"
104850,5877922.486111111,90,0x20003a48,14920,TelemetryTask,"[14920, 536908656, 200, 0]"
104854,5877966.046296297,92,0x20003a48,14920,UartTxTask,"[14920, 3758096384, 20, 1]"
104859,5878702.777777778,92,0x200080a0,32928,UartTxTask,"[32928, 3758096384, 0, 1]"
104864,5887921.800925926,90,0x20003a48,14920,TelemetryTask,"[14920, 536908656, 200, 0]"
104868,5887965.273148148,92,0x20003a48,14920,UartTxTask,"[14920, 3758096384, 20, 1]"
104873,5888702.064814814,92,0x200080a0,32928,UartTxTask,"[32928, 3758096384, 0, 1]"
104878,5897922.708333333,90,0x20003a48,14920,TelemetryTask,"[14920, 536908656, 200, 0]"
104882,5897966.425925926,92,0x20003a48,14920,UartTxTask,"[14920, 3758096384, 20, 1]"
104887,5898703.773148148,92,0x200080a0,32928,UartTxTask,"[32928, 3758096384, 0, 1]"
104892,5907922.458333333,90,0x20003a48,14920,TelemetryTask,"[14920, 536908656, 200, 0]"
104896,5907965.638888889,92,0x20003a48,14920,UartTxTask,"[14920, 3758096384, 20, 1]"
104901,5908702.509259259,92,0x200080a0,32928,UartTxTask,"[32928, 3758096384, 0, 1]"
104906,5917922.444444444,90,0x20003a48,14920,TelemetryTask,"[14920, 536908656, 200, 0]"
104910,5917966.087962963,92,0x20003a48,14920,UartTxTask,"[14920, 3758096384, 20, 1]"
104915,5918703.287037037,92,0x200080a0,32928,UartTxTask,"[32928, 3758096384, 0, 1]"
104920,5927922.388888889,90,0x20003a48,14920,TelemetryTask,"[14920, 536908656, 200, 0]"
104924,5927965.726851852,92,0x20003a48,14920,UartTxTask,"[14920, 3758096384, 20, 1]"
104929,5928702.986111111,92,0x200080a0,32928,UartTxTask,"[32928, 3758096384, 0, 1]"
104934,5937923.097222222,90,0x20003a48,14920,TelemetryTask,"[14920, 536908656, 200, 0]"
104938,5937967.060185186,92,0x20003a48,14920,UartTxTask,"[14920, 3758096384, 20, 1]"
104943,5938703.893518519,92,0x200080a0,32928,UartTxTask,"[32928, 3758096384, 0, 1]"
104948,5947922.902777778,90,0x20003a48,14920,TelemetryTask,"[14920, 536908656, 200, 0]"
104952,5947966.796296297,92,0x20003a48,14920,UartTxTask,"[14920, 3758096384, 20, 1]"
104957,5948703.768518519,92,0x200080a0,32928,UartTxTask,"[32928, 3758096384, 0, 1]"
104962,5957923.018518519,90,0x20003a48,14920,TelemetryTask,"[14920, 536908656, 200, 0]"
104966,5957966.773148148,92,0x20003a48,14920,UartTxTask,"[14920, 3758096384, 20, 1]"
104971,5958703.476851852,92,0x200080a0,32928,UartTxTask,"[32928, 3758096384, 0, 1]"
104976,5967923.092592592,90,0x20003a48,14920,TelemetryTask,"[14920, 536908656, 200, 0]"
104980,5967966.555555556,92,0x20003a48,14920,UartTxTask,"[14920, 3758096384, 20, 1]"
104985,5968703.865740741,92,0x200080a0,32928,UartTxTask,"[32928, 3758096384, 0, 1]"
104990,5977922.055555556,90,0x20003a48,14920,TelemetryTask,"[14920, 536908656, 200, 0]"
104994,5977965.185185186,92,0x20003a48,14920,UartTxTask,"[14920, 3758096384, 20, 1]"
104999,5978702.805555556,92,0x200080a0,32928,UartTxTask,"[32928, 3758096384, 0, 1]"
105004,5987922.023148148,90,0x20003a48,14920,TelemetryTask,"[14920, 536908656, 200, 0]"
105008,5987965.726851852,92,0x20003a48,14920,UartTxTask,"[14920, 3758096384, 20, 1]"
105013,5988702.717592592,92,0x200080a0,32928,UartTxTask,"[32928, 3758096384, 0, 1]"
105018,5997922.587962963,90,0x20003a48,14920,TelemetryTask,"[14920, 536908656, 200, 0]"
105022,5997966.009259259,92,0x20003a48,14920,UartTxTask,"[14920, 3758096384, 20, 1]"
105027,5998703.407407408,92,0x200080a0,32928,UartTxTask,"[32928, 3758096384, 0, 1]"
105032,6007922.231481481,90,0x20003a48,14920,TelemetryTask,"[14920, 536908656, 200, 0]"
105036,6007965.606481481,92,0x20003a48,14920,UartTxTask,"[14920, 3758096384, 20, 1]"
105041,6008701.99537037,92,0x200080a0,32928,UartTxTask,"[32928, 3758096384, 0, 1]"
105045,6008793.365740741,96,0x20003970,14704,ISR#56,"[14704, 537198440]"
105049,6008822.101851852,92,0x20003970,14704,ButtonTask,"[14704, 3758096384, 4294967295, 1]"
105050,6008914.472222222,90,0x20003a48,14920,ButtonTask,"[14920, 536906932, 200, 0]"
105054,6008959.953703703,92,0x20003a48,14920,UartTxTask,"[14920, 3758096384, 20, 1]"
105059,6009694.842592592,92,0x200080a0,32928,UartTxTask,"[32928, 3758096384, 0, 1]"
105064,6017922.578703703,90,0x20003a48,14920,TelemetryTask,"[14920, 536908656, 200, 0]"
105068,6017965.759259259,92,0x20003a48,14920,UartTxTask,"[14920, 3758096384, 20, 1]"
105073,6018702.50462963,92,0x200080a0,32928,UartTxTask,"[32928, 3758096384, 0, 1]"
105078,6027922.560185186,90,0x20003a48,14920,TelemetryTask,"[14920, 536908656, 200, 0]"
105082,6027965.425925926,92,0x20003a48,14920,UartTxTask,"[14920, 3758096384, 20, 1]"
105087,6028701.990740741,92,0x200080a0,32928,UartTxTask,"[32928, 3758096384, 0, 1]"
105092,6037923.365740741,90,0x20003a48,14920,TelemetryTask,"[14920, 536908656, 200, 0]"
105096,6037966.569444444,92,0x20003a48,14920,UartTxTask,"[14920, 3758096384, 20, 1]"
105101,6038703.837962963,92,0x200080a0,32928,UartTxTask,"[32928, 3758096384, 0, 1]"
105106,6047922.060185186,90,0x20003a48,14920,TelemetryTask,"[14920, 536908656, 200, 0]"
105110,6047965.087962963,92,0x20003a48,14920,UartTxTask,"[14920, 3758096384, 20, 1]"
105115,6048702.013888889,92,0x200080a0,32928,UartTxTask,"[32928, 3758096384, 0, 1]"
105120,6057922.25462963,90,0x20003a48,14920,TelemetryTask,"[14920, 536908656, 200, 0]"
105124,6057965.796296297,92,0x20003a48,14920,UartTxTask,"[14920, 3758096384, 20, 1]"
105129,6058702.791666667,92,0x200080a0,32928,UartTxTask,"[32928, 3758096384, 0, 1]"
105134,6067922.49537037,90,0x20003a48,14920,TelemetryTask,"[14920, 536908656, 200, 0]"
105138,6067965.731481481,92,0x20003a48,14920,UartTxTask,"[14920, 3758096384, 20, 1]"
105143,6068703.111111111,92,0x200080a0,32928,UartTxTask,"[32928, 3758096384, 0, 1]"
105148,6077922.305555556,90,0x20003a48,14920,TelemetryTask,"[14920, 536908656, 200, 0]"
105152,6077965.671296297,92,0x20003a48,14920,UartTxTask,"[14920, 3758096384, 20, 1]"
105157,6078702.828703703,92,0x200080a0,32928,UartTxTask,"[32928, 3758096384, 0, 1]"
105162,6087922.388888889,90,0x20003a48,14920,TelemetryTask,"[14920, 536908656, 200, 0]"
105166,6087965.74537037,92,0x20003a48,14920,UartTxTask,"[14920, 3758096384, 20, 1]"
105171,6088702.555555556,92,0x200080a0,32928,UartTxTask,"[32928, 3758096384, 0, 1]"
105176,6097921.949074074,90,0x20003a48,14920,TelemetryTask,"[14920, 536908656, 200, 0]"
105180,6097965.953703703,92,0x20003a48,14920,UartTxTask,"[14920, 3758096384, 20, 1]"
105185,6098702.856481481,92,0x200080a0,32928,UartTxTask,"[32928, 3758096384, 0, 1]"
105190,6107922.041666667,90,0x20003a48,14920,TelemetryTask,"[14920, 536908656, 200, 0]"
105194,6107965.347222222,92,0x20003a48,14920,UartTxTask,"[14920, 3758096384, 20, 1]"
105199,6108702.333333333,92,0x200080a0,32928,UartTxTask,"[32928, 3758096384, 0, 1]"
105204,6117921.805555556,90,0x20003a48,14920,TelemetryTask,"[14920, 536908656, 200, 0]"
105208,6117964.555555556,92,0x20003a48,14920,UartTxTask,"[14920, 3758096384, 20, 1]"
105213,6118701.74537037,92,0x200080a0,32928,UartTxTask,"[32928, 3758096384, 0, 1]"
105218,6127922.689814814,90,0x20003a48,14920,TelemetryTask,"[14920, 536908656, 200, 0]"
105222,6127966.671296297,92,0x20003a48,14920,UartTxTask,"[14920, 3758096384, 20, 1]"
105227,6128703.736111111,92,0x200080a0,32928,UartTxTask,"[32928, 3758096384, 0, 1]"
105232,6137922.907407408,90,0x20003a48,14920,TelemetryTask,"[14920, 536908656, 200, 0]"
105236,6137965.416666667,92,0x20003a48,14920,UartTxTask,"[14920, 3758096384, 20, 1]"
105241,6138702.203703703,92,0x200080a0,32928,UartTxTask,"[32928, 3758096384, 0, 1]"
105246,6147922.449074074,90,0x20003a48,14920,TelemetryTask,"[14920, 536908656, 200, 0]"
105250,6147965.791666667,92,0x20003a48,14920,UartTxTask,"[14920, 3758096384, 20, 1]"
105255,6148702.935185186,92,0x200080a0,32928,UartTxTask,"[32928, 3758096384, 0, 1]"
105260,6157922.736111111,90,0x20003a48,14920,TelemetryTask,"[14920, 536908656, 200, 0]"
105264,6157966.236111111,92,0x20003a48,14920,UartTxTask,"[14920, 3758096384, 20, 1]"
105269,6158703.064814814,92,0x200080a0,32928,UartTxTask,"[32928, 3758096384, 0, 1]"
105275,6164533.944444444,96,0x20003970,14704,ISR#56,"[14704, 537198440]"
105278,6167984.74537037,90,0x20003a48,14920,TelemetryTask,"[14920, 536908656, 200, 0]"
105282,6168026.24537037,92,0x20003970,14704,ButtonTask,"[14704, 3758096384, 4294967295, 1]"
105283,6168118.398148148,90,0x20003a48,14920,ButtonTask,"[14920, 536906932, 200, 0]"
105286,6168172.800925926,92,0x20003a48,14920,UartTxTask,"[14920, 3758096384, 20, 1]"
105291,6168906.722222222,92,0x200080a0,32928,UartTxTask,"[32928, 3758096384, 0, 1]"
105292,6168915.097222222,92,0x20003a48,14920,UartTxTask,"[14920, 3758096384, 20, 1]"
105297,6169653.305555556,92,0x200080a0,32928,UartTxTask,"[32928, 3758096384, 0, 1]"
105302,6177921.662037037,90,0x20003a48,14920,TelemetryTask,"[14920, 536908656, 200, 0]"
105306,6177964.449074074,92,0x20003a48,14920,UartTxTask,"[14920, 3758096384, 20, 1]"
105311,6178701.726851852,92,0x200080a0,32928,UartTxTask,"[32928, 3758096384, 0, 1]"
105316,6187921.833333333,90,0x20003a48,14920,TelemetryTask,"[14920, 536908656, 200, 0]"
105320,6187965.12037037,92,0x20003a48,14920,UartTxTask,"[14920, 3758096384, 20, 1]"
105325,6188701.763888889,92,0x200080a0,32928,UartTxTask,"[32928, 3758096384, 0, 1]"
105330,6197923.62037037,90,0x20003a48,14920,TelemetryTask,"[14920, 536908656, 200, 0]"
105334,6197966.939814814,92,0x20003a48,14920,UartTxTask,"[14920, 3758096384, 20, 1]"
105339,6198703.958333333,92,0x200080a0,32928,UartTxTask,"[32928, 3758096384, 0, 1]"
105344,6207922.393518519,90,0x20003a48,14920,TelemetryTask,"[14920, 536908656, 200, 0]"
105348,6207965.643518519,92,0x20003a48,14920,UartTxTask,"[14920, 3758096384, 20, 1]"
105353,6208702.578703703,92,0x200080a0,32928,UartTxTask,"[32928, 3758096384, 0, 1]"
105358,6217922.546296297,90,0x20003a48,14920,TelemetryTask,"[14920, 536908656, 200, 0]"
105362,6217965.888888889,92,0x20003a48,14920,UartTxTask,"[14920, 3758096384, 20, 1]"
105367,6218702.560185186,92,0x200080a0,32928,UartTxTask,"[32928, 3758096384, 0, 1]"
105372,6227922.00462963,90,0x20003a48,14920,TelemetryTask,"[14920, 536908656, 200, 0]"
105376,6227965.236111111,92,0x20003a48,14920,UartTxTask,"[14920, 3758096384, 20, 1]"
105381,6228702.231481481,92,0x200080a0,32928,UartTxTask,"[32928, 3758096384, 0, 1]"
105386,6237925.402777778,90,0x20003a48,14920,TelemetryTask,"[14920, 536908656, 200, 0]"
105390,6237968.277777778,92,0x20003a48,14920,UartTxTask,"[14920, 3758096384, 20, 1]"
105395,6238705.319444444,92,0x200080a0,32928,UartTxTask,"[32928, 3758096384, 0, 1]"
105400,6247922.907407408,90,0x20003a48,14920,TelemetryTask,"[14920, 536908656, 200, 0]"
105404,6247966.032407408,92,0x20003a48,14920,UartTxTask,"[14920, 3758096384, 20, 1]"
105409,6248703.12037037,92,0x200080a0,32928,UartTxTask,"[32928, 3758096384, 0, 1]"
105414,6257922.611111111,90,0x20003a48,14920,TelemetryTask,"[14920, 536908656, 200, 0]"
105418,6257965.666666667,92,0x20003a48,14920,UartTxTask,"[14920, 3758096384, 20, 1]"
105423,6258702.592592592,92,0x200080a0,32928,UartTxTask,"[32928, 3758096384, 0, 1]"
105428,6267922.324074074,90,0x20003a48,14920,TelemetryTask,"[14920, 536908656, 200, 0]"
105432,6267965.74537037,92,0x20003a48,14920,UartTxTask,"[14920, 3758096384, 20, 1]"
105437,6268702.949074074,92,0x200080a0,32928,UartTxTask,"[32928, 3758096384, 0, 1]"
105442,6277923.143518519,90,0x20003a48,14920,TelemetryTask,"[14920, 536908656, 200, 0]"
105446,6277966.476851852,92,0x20003a48,14920,UartTxTask,"[14920, 3758096384, 20, 1]"
105451,6278703.425925926,92,0x200080a0,32928,UartTxTask,"[32928, 3758096384, 0, 1]"
105456,6287921.824074074,90,0x20003a48,14920,TelemetryTask,"[14920, 536908656, 200, 0]"
105460,6287964.824074074,92,0x20003a48,14920,UartTxTask,"[14920, 3758096384, 20, 1]"
105465,6288701.930555556,92,0x200080a0,32928,UartTxTask,"[32928, 3758096384, 0, 1]"
105470,6297922.166666667,90,0x20003a48,14920,TelemetryTask,"[14920, 536908656, 200, 0]"
105474,6297964.782407408,92,0x20003a48,14920,UartTxTask,"[14920, 3758096384, 20, 1]"
105479,6298702.037037037,92,0x200080a0,32928,UartTxTask,"[32928, 3758096384, 0, 1]"
105484,6307922.351851852,90,0x20003a48,14920,TelemetryTask,"[14920, 536908656, 200, 0]"
105488,6307965.842592592,92,0x20003a48,14920,UartTxTask,"[14920, 3758096384, 20, 1]"
105493,6308703.180555556,92,0x200080a0,32928,UartTxTask,"[32928, 3758096384, 0, 1]"
105498,6317922.421296297,90,0x20003a48,14920,TelemetryTask,"[14920, 536908656, 200, 0]"
105502,6317965.939814814,92,0x20003a48,14920,UartTxTask,"[14920, 3758096384, 20, 1]"
105507,6318703.365740741,92,0x200080a0,32928,UartTxTask,"[32928, 3758096384, 0, 1]"
105512,6327922.199074074,90,0x20003a48,14920,TelemetryTask,"[14920, 536908656, 200, 0]"
105516,6327965.777777778,92,0x20003a48,14920,UartTxTask,"[14920, 3758096384, 20, 1]"
105521,6328703.060185186,92,0x200080a0,32928,UartTxTask,"[32928, 3758096384, 0, 1]"
105527,6335059.296296297,96,0x20003970,14704,ISR#56,"[14704, 537198440]"
105530,6337986.444444444,90,0x20003a48,14920,TelemetryTask,"[14920, 536908656, 200, 0]"
105534,6338027.023148148,92,0x20003970,14704,ButtonTask,"[14704, 3758096384, 4294967295, 1]"
105535,6338119.402777778,90,0x20003a48,14920,ButtonTask,"[14920, 536906932, 200, 0]"
105538,6338172.638888889,92,0x20003a48,14920,UartTxTask,"[14920, 3758096384, 20, 1]"
105543,6338907.300925926,92,0x200080a0,32928,UartTxTask,"[32928, 3758096384, 0, 1]"
105544,6338916.12962963,92,0x20003a48,14920,UartTxTask,"[14920, 3758096384, 20, 1]"
105549,6339653.861111111,92,0x200080a0,32928,UartTxTask,"[32928, 3758096384, 0, 1]"
105554,6347923.064814814,90,0x20003a48,14920,TelemetryTask,"[14920, 536908656, 200, 0]"
105558,6347966.0,92,0x20003a48,14920,UartTxTask,"[14920, 3758096384, 20, 1]"
105563,6348703.342592592,92,0x200080a0,32928,UartTxTask,"[32928, 3758096384, 0, 1]"
105568,6357922.425925926,90,0x20003a48,14920,TelemetryTask,"[14920, 536908656, 200, 0]"
105572,6357965.157407408,92,0x20003a48,14920,UartTxTask,"[14920, 3758096384, 20, 1]"
105577,6358702.555555556,92,0x200080a0,32928,UartTxTask,"[32928, 3758096384, 0, 1]"
105582,6367922.388888889,90,0x20003a48,14920,TelemetryTask,"[14920, 536908656, 200, 0]"
105586,6367965.481481481,92,0x20003a48,14920,UartTxTask,"[14920, 3758096384, 20, 1]"
105591,6368702.699074074,92,0x200080a0,32928,UartTxTask,"[32928, 3758096384, 0, 1]"
105596,6377922.759259259,90,0x20003a48,14920,TelemetryTask,"[14920, 536908656, 200, 0]"
105600,6377965.902777778,92,0x20003a48,14920,UartTxTask,"[14920, 3758096384, 20, 1]"
105605,6378702.759259259,92,0x200080a0,32928,UartTxTask,"[32928, 3758096384, 0, 1]"
105610,6387923.055555556,90,0x20003a48,14920,TelemetryTask,"[14920, 536908656, 200, 0]"
105614,6387965.708333333,92,0x20003a48,14920,UartTxTask,"[14920, 3758096384, 20, 1]"
105619,6388702.814814814,92,0x200080a0,32928,UartTxTask,"[32928, 3758096384, 0, 1]"
105624,6397922.546296297,90,0x20003a48,14920,TelemetryTask,"[14920, 536908656, 200, 0]"
105628,6397965.865740741,92,0x20003a48,14920,UartTxTask,"[14920, 3758096384, 20, 1]"
105633,6398703.018518519,92,0x200080a0,32928,UartTxTask,"[32928, 3758096384, 0, 1]"
105638,6407922.819444444,90,0x20003a48,14920,TelemetryTask,"[14920, 536908656, 200, 0]"
105642,6407965.861111111,92,0x20003a48,14920,UartTxTask,"[14920, 3758096384, 20, 1]"
105647,6408702.875,92,0x200080a0,32928,UartTxTask,"[32928, 3758096384, 0, 1]"
105652,6417924.875,90,0x20003a48,14920,TelemetryTask,"[14920, 536908656, 200, 0]"
105656,6417968.324074074,92,0x20003a48,14920,UartTxTask,"[14920, 3758096384, 20, 1]"
105661,6418705.513888889,92,0x200080a0,32928,UartTxTask,"[32928, 3758096384, 0, 1]"
105666,6427921.898148148,90,0x20003a48,14920,TelemetryTask,"[14920, 536908656, 200, 0]"
105670,6427964.935185186,92,0x20003a48,14920,UartTxTask,"[14920, 3758096384, 20, 1]"
105675,6428702.384259259,92,0x200080a0,32928,UartTxTask,"[32928, 3758096384, 0, 1]"
105680,6437922.458333333,90,0x20003a48,14920,TelemetryTask,"[14920, 536908656, 200, 0]"
105684,6437965.930555556,92,0x20003a48,14920,UartTxTask,"[14920, 3758096384, 20, 1]"
105689,6438702.611111111,92,0x200080a0,32928,UartTxTask,"[32928, 3758096384, 0, 1]"
105694,6447922.041666667,90,0x20003a48,14920,TelemetryTask,"[14920, 536908656, 200, 0]"
105698,6447964.740740741,92,0x20003a48,14920,UartTxTask,"[14920, 3758096384, 20, 1]"
105703,6448701.675925926,92,0x200080a0,32928,UartTxTask,"[32928, 3758096384, 0, 1]"
105708,6457922.328703703,90,0x20003a48,14920,TelemetryTask,"[14920, 536908656, 200, 0]"
105712,6457964.907407408,92,0x20003a48,14920,UartTxTask,"[14920, 3758096384, 20, 1]"
105717,6458702.592592592,92,0x200080a0,32928,UartTxTask,"[32928, 3758096384, 0, 1]"
105722,6467923.078703703,90,0x20003a48,14920,TelemetryTask,"[14920, 536908656, 200, 0]"
105726,6467966.074074074,92,0x20003a48,14920,UartTxTask,"[14920, 3758096384, 20, 1]"
105731,6468702.398148148,92,0x200080a0,32928,UartTxTask,"[32928, 3758096384, 0, 1]"
105736,6477922.12962963,90,0x20003a48,14920,TelemetryTask,"[14920, 536908656, 200, 0]"
105740,6477965.055555556,92,0x20003a48,14920,UartTxTask,"[14920, 3758096384, 20, 1]"
105745,6478701.587962963,92,0x200080a0,32928,UartTxTask,"[32928, 3758096384, 0, 1]"
105750,6487921.944444444,90,0x20003a48,14920,TelemetryTask,"[14920, 536908656, 200, 0]"
105754,6487965.152777778,92,0x20003a48,14920,UartTxTask,"[14920, 3758096384, 20, 1]"
105759,6488702.097222222,92,0x200080a0,32928,UartTxTask,"[32928, 3758096384, 0, 1]"
105764,6497923.148148148,90,0x20003a48,14920,TelemetryTask,"[14920, 536908656, 200, 0]"
105768,6497965.976851852,92,0x20003a48,14920,UartTxTask,"[14920, 3758096384, 20, 1]"
105773,6498703.046296297,92,0x200080a0,32928,UartTxTask,"[32928, 3758096384, 0, 1]"
105778,6507921.731481481,90,0x20003a48,14920,TelemetryTask,"[14920, 536908656, 200, 0]"
105782,6507964.425925926,92,0x20003a48,14920,UartTxTask,"[14920, 3758096384, 20, 1]"
105787,6508701.027777778,92,0x200080a0,32928,UartTxTask,"[32928, 3758096384, 0, 1]"
105792,6517922.365740741,90,0x20003a48,14920,TelemetryTask,"[14920, 536908656, 200, 0]"
105796,6517965.333333333,92,0x20003a48,14920,UartTxTask,"[14920, 3758096384, 20, 1]"
105801,6518702.625,92,0x200080a0,32928,UartTxTask,"[32928, 3758096384, 0, 1]"
105806,6527922.101851852,90,0x20003a48,14920,TelemetryTask,"[14920, 536908656, 200, 0]"
105810,6527965.5,92,0x20003a48,14920,UartTxTask,"[14920, 3758096384, 20, 1]"
105815,6528702.361111111,92,0x200080a0,32928,UartTxTask,"[32928, 3758096384, 0, 1]"
105820,6537922.467592592,90,0x20003a48,14920,TelemetryTask,"[14920, 536908656, 200, 0]"
105824,6537966.194444444,92,0x20003a48,14920,UartTxTask,"[14920, 3758096384, 20, 1]"
105829,6538702.847222222,92,0x200080a0,32928,UartTxTask,"[32928, 3758096384, 0, 1]"
105834,6547921.842592592,90,0x20003a48,14920,TelemetryTask,"[14920, 536908656, 200, 0]"
105838,6547965.064814814,92,0x20003a48,14920,UartTxTask,"[14920, 3758096384, 20, 1]"
105843,6548702.611111111,92,0x200080a0,32928,UartTxTask,"[32928, 3758096384, 0, 1]"
105848,6557922.222222222,90,0x20003a48,14920,TelemetryTask,"[14920, 536908656, 200, 0]"
105852,6557965.763888889,92,0x20003a48,14920,UartTxTask,"[14920, 3758096384, 20, 1]"
105857,6558703.060185186,92,0x200080a0,32928,UartTxTask,"[32928, 3758096384, 0, 1]"
105862,6567922.606481481,90,0x20003a48,14920,TelemetryTask,"[14920, 536908656, 200, 0]"
105866,6567965.592592592,92,0x20003a48,14920,UartTxTask,"[14920, 3758096384, 20, 1]"
105871,6568703.143518519,92,0x200080a0,32928,UartTxTask,"[32928, 3758096384, 0, 1]"
105876,6577922.375,90,0x20003a48,14920,TelemetryTask,"[14920, 536908656, 200, 0]"
105880,6577965.560185186,92,0x20003a48,14920,UartTxTask,"[14920, 3758096384, 20, 1]"
105885,6578701.99537037,92,0x200080a0,32928,UartTxTask,"[32928, 3758096384, 0, 1]"
105890,6587922.606481481,90,0x20003a48,14920,TelemetryTask,"[14920, 536908656, 200, 0]"
105894,6587966.115740741,92,0x20003a48,14920,UartTxTask,"[14920, 3758096384, 20, 1]"
105899,6588703.486111111,92,0x200080a0,32928,UartTxTask,"[32928, 3758096384, 0, 1]"
105904,6597921.949074074,90,0x20003a48,14920,TelemetryTask,"[14920, 536908656, 200, 0]"
105908,6597965.430555556,92,0x20003a48,14920,UartTxTask,"[14920, 3758096384, 20, 1]"
105913,6598702.347222222,92,0x200080a0,32928,UartTxTask,"[32928, 3758096384, 0, 1]"
105918,6607922.574074074,90,0x20003a48,14920,TelemetryTask,"[14920, 536908656, 200, 0]"
105922,6607964.99537037,92,0x20003a48,14920,UartTxTask,"[14920, 3758096384, 20, 1]"
105927,6608701.888888889,92,0x200080a0,32928,UartTxTask,"[32928, 3758096384, 0, 1]"
105932,6617921.976851852,90,0x20003a48,14920,TelemetryTask,"[14920, 536908656, 200, 0]"
105936,6617964.601851852,92,0x20003a48,14920,UartTxTask,"[14920, 3758096384, 20, 1]"
105941,6618701.597222222,92,0x200080a0,32928,UartTxTask,"[32928, 3758096384, 0, 1]"
105946,6627922.416666667,90,0x20003a48,14920,TelemetryTask,"[14920, 536908656, 200, 0]"
105950,6627965.773148148,92,0x20003a48,14920,UartTxTask,"[14920, 3758096384, 20, 1]"
105955,6628702.800925926,92,0x200080a0,32928,UartTxTask,"[32928, 3758096384, 0, 1]"
105960,6637922.444444444,90,0x20003a48,14920,TelemetryTask,"[14920, 536908656, 200, 0]"
105964,6637965.763888889,92,0x20003a48,14920,UartTxTask,"[14920, 3758096384, 20, 1]"
105969,6638703.041666667,92,0x200080a0,32928,UartTxTask,"[32928, 3758096384, 0, 1]"
105974,6647922.087962963,90,0x20003a48,14920,TelemetryTask,"[14920, 536908656, 200, 0]"
105978,6647965.680555556,92,0x20003a48,14920,UartTxTask,"[14920, 3758096384, 20, 1]"
105983,6648702.097222222,92,0x200080a0,32928,UartTxTask,"[32928, 3758096384, 0, 1]"
105988,6657922.337962963,90,0x20003a48,14920,TelemetryTask,"[14920, 536908656, 200, 0]"
105992,6657965.069444444,92,0x20003a48,14920,UartTxTask,"[14920, 3758096384, 20, 1]"
105997,6658701.791666667,92,0x200080a0,32928,UartTxTask,"[32928, 3758096384, 0, 1]"
106002,6667922.856481481,90,0x20003a48,14920,TelemetryTask,"[14920, 536908656, 200, 0]"
106006,6667966.425925926,92,0x20003a48,14920,UartTxTask,"[14920, 3758096384, 20, 1]"
106011,6668703.574074074,92,0x200080a0,32928,UartTxTask,"[32928, 3758096384, 0, 1]"
106016,6677922.087962963,90,0x20003a48,14920,TelemetryTask,"[14920, 536908656, 200, 0]"
106020,6677965.328703703,92,0x20003a48,14920,UartTxTask,"[14920, 3758096384, 20, 1]"
106025,6678702.430555556,92,0x200080a0,32928,UartTxTask,"[32928, 3758096384, 0, 1]"
106030,6687922.217592592,90,0x20003a48,14920,TelemetryTask,"[14920, 536908656, 200, 0]"
106034,6687964.777777778,92,0x20003a48,14920,UartTxTask,"[14920, 3758096384, 20, 1]"
106039,6688702.597222222,92,0x200080a0,32928,UartTxTask,"[32928, 3758096384, 0, 1]"
106044,6697921.564814814,90,0x20003a48,14920,TelemetryTask,"[14920, 536908656, 200, 0]"
106048,6697964.328703703,92,0x20003a48,14920,UartTxTask,"[14920, 3758096384, 20, 1]"
106053,6698701.226851852,92,0x200080a0,32928,UartTxTask,"[32928, 3758096384, 0, 1]"
106058,6707922.296296297,90,0x20003a48,14920,TelemetryTask,"[14920, 536908656, 200, 0]"
106062,6707965.800925926,92,0x20003a48,14920,UartTxTask,"[14920, 3758096384, 20, 1]"
106067,6708702.865740741,92,0x200080a0,32928,UartTxTask,"[32928, 3758096384, 0, 1]"
106072,6717923.231481481,90,0x20003a48,14920,TelemetryTask,"[14920, 536908656, 200, 0]"
106076,6717966.393518519,92,0x20003a48,14920,UartTxTask,"[14920, 3758096384, 20, 1]"
106081,6718703.597222222,92,0x200080a0,32928,UartTxTask,"[32928, 3758096384, 0, 1]"
106086,6727922.731481481,90,0x20003a48,14920,TelemetryTask,"[14920, 536908656, 200, 0]"
106090,6727965.74537037,92,0x20003a48,14920,UartTxTask,"[14920, 3758096384, 20, 1]"
106095,6728702.87962963,92,0x200080a0,32928,UartTxTask,"[32928, 3758096384, 0, 1]"
106100,6737922.175925926,90,0x20003a48,14920,TelemetryTask,"[14920, 536908656, 200, 0]"
106104,6737965.759259259,92,0x20003a48,14920,UartTxTask,"[14920, 3758096384, 20, 1]"
106109,6738702.592592592,92,0x200080a0,32928,UartTxTask,"[32928, 3758096384, 0, 1]"
106114,6747922.217592592,90,0x20003a48,14920,TelemetryTask,"[14920, 536908656, 200, 0]"
106118,6747965.699074074,92,0x20003a48,14920,UartTxTask,"[14920, 3758096384, 20, 1]"
106123,6748702.800925926,92,0x200080a0,32928,UartTxTask,"[32928, 3758096384, 0, 1]"
106128,6757922.481481481,90,0x20003a48,14920,TelemetryTask,"[14920, 536908656, 200, 0]"
106132,6757965.800925926,92,0x20003a48,14920,UartTxTask,"[14920, 3758096384, 20, 1]"
106137,6758702.944444444,92,0x200080a0,32928,UartTxTask,"[32928, 3758096384, 0, 1]"
106142,6767921.736111111,90,0x20003a48,14920,TelemetryTask,"[14920, 536908656, 200, 0]"
106146,6767964.791666667,92,0x20003a48,14920,UartTxTask,"[14920, 3758096384, 20, 1]"
106151,6768701.398148148,92,0x200080a0,32928,UartTxTask,"[32928, 3758096384, 0, 1]"
106156,6777921.828703703,90,0x20003a48,14920,TelemetryTask,"[14920, 536908656, 200, 0]"
106160,6777964.87962963,92,0x20003a48,14920,UartTxTask,"[14920, 3758096384, 20, 1]"
106165,6778701.356481481,92,0x200080a0,32928,UartTxTask,"[32928, 3758096384, 0, 1]"
106170,6787921.708333333,90,0x20003a48,14920,TelemetryTask,"[14920, 536908656, 200, 0]"
106174,6787965.00462963,92,0x20003a48,14920,UartTxTask,"[14920, 3758096384, 20, 1]"
106179,6788702.416666667,92,0x200080a0,32928,UartTxTask,"[32928, 3758096384, 0, 1]"
106184,6797922.203703703,90,0x20003a48,14920,TelemetryTask,"[14920, 536908656, 200, 0]"
106188,6797965.208333333,92,0x20003a48,14920,UartTxTask,"[14920, 3758096384, 20, 1]"
106193,6798701.768518519,92,0x200080a0,32928,UartTxTask,"[32928, 3758096384, 0, 1]"
106198,6807922.037037037,90,0x20003a48,14920,TelemetryTask,"[14920, 536908656, 200, 0]"
106202,6807965.074074074,92,0x20003a48,14920,UartTxTask,"[14920, 3758096384, 20, 1]"
106207,6808702.300925926,92,0x200080a0,32928,UartTxTask,"[32928, 3758096384, 0, 1]"
106212,6817922.703703703,90,0x20003a48,14920,TelemetryTask,"[14920, 536908656, 200, 0]"
106216,6817965.99537037,92,0x20003a48,14920,UartTxTask,"[14920, 3758096384, 20, 1]"
106221,6818703.421296297,92,0x200080a0,32928,UartTxTask,"[32928, 3758096384, 0, 1]"
106226,6827922.347222222,90,0x20003a48,14920,TelemetryTask,"[14920, 536908656, 200, 0]"
106230,6827965.185185186,92,0x20003a48,14920,UartTxTask,"[14920, 3758096384, 20, 1]"
106235,6828702.356481481,92,0x200080a0,32928,UartTxTask,"[32928, 3758096384, 0, 1]"
106240,6837922.180555556,90,0x20003a48,14920,TelemetryTask,"[14920, 536908656, 200, 0]"
106244,6837965.537037037,92,0x20003a48,14920,UartTxTask,"[14920, 3758096384, 20, 1]"
106249,6838702.578703703,92,0x200080a0,32928,UartTxTask,"[32928, 3758096384, 0, 1]"
106254,6847923.773148148,90,0x20003a48,14920,TelemetryTask,"[14920, 536908656, 200, 0]"
106258,6847967.199074074,92,0x20003a48,14920,UartTxTask,"[14920, 3758096384, 20, 1]"
106263,6848704.37962963,92,0x200080a0,32928,UartTxTask,"[32928, 3758096384, 0, 1]"
106268,6857922.115740741,90,0x20003a48,14920,TelemetryTask,"[14920, 536908656, 200, 0]"
106272,6857965.921296297,92,0x20003a48,14920,UartTxTask,"[14920, 3758096384, 20, 1]"
106277,6858702.597222222,92,0x200080a0,32928,UartTxTask,"[32928, 3758096384, 0, 1]"
106282,6867922.217592592,90,0x20003a48,14920,TelemetryTask,"[14920, 536908656, 200, 0]"
106286,6867965.837962963,92,0x20003a48,14920,UartTxTask,"[14920, 3758096384, 20, 1]"
106291,6868702.819444444,92,0x200080a0,32928,UartTxTask,"[32928, 3758096384, 0, 1]"
106296,6877922.824074074,90,0x20003a48,14920,TelemetryTask,"[14920, 536908656, 200, 0]"
106300,6877966.046296297,92,0x20003a48,14920,UartTxTask,"[14920, 3758096384, 20, 1]"
106305,6878703.092592592,92,0x200080a0,32928,UartTxTask,"[32928, 3758096384, 0, 1]"
106310,6887922.555555556,90,0x20003a48,14920,TelemetryTask,"[14920, 536908656, 200, 0]"
106314,6887965.685185186,92,0x20003a48,14920,UartTxTask,"[14920, 3758096384, 20, 1]"
106319,6888702.694444444,92,0x200080a0,32928,UartTxTask,"[32928, 3758096384, 0, 1]"
106324,6897922.226851852,90,0x20003a48,14920,TelemetryTask,"[14920, 536908656, 200, 0]"
106328,6897966.175925926,92,0x20003a48,14920,UartTxTask,"[14920, 3758096384, 20, 1]"
106333,6898703.111111111,92,0x200080a0,32928,UartTxTask,"[32928, 3758096384, 0, 1]"
106338,6907921.907407408,90,0x20003a48,14920,TelemetryTask,"[14920, 536908656, 200, 0]"
106342,6907964.712962963,92,0x20003a48,14920,UartTxTask,"[14920, 3758096384, 20, 1]"
106347,6908701.300925926,92,0x200080a0,32928,UartTxTask,"[32928, 3758096384, 0, 1]"
106352,6917921.787037037,90,0x20003a48,14920,TelemetryTask,"[14920, 536908656, 200, 0]"
106356,6917965.092592592,92,0x20003a48,14920,UartTxTask,"[14920, 3758096384, 20, 1]"
106361,6918702.083333333,92,0x200080a0,32928,UartTxTask,"[32928, 3758096384, 0, 1]"
106366,6927922.115740741,90,0x20003a48,14920,TelemetryTask,"[14920, 536908656, 200, 0]"
106370,6927964.925925926,92,0x20003a48,14920,UartTxTask,"[14920, 3758096384, 20, 1]"
106375,6928701.921296297,92,0x200080a0,32928,UartTxTask,"[32928, 3758096384, 0, 1]"
106380,6937922.819444444,90,0x20003a48,14920,TelemetryTask,"[14920, 536908656, 200, 0]"
106384,6937965.75,92,0x20003a48,14920,UartTxTask,"[14920, 3758096384, 20, 1]"
106389,6938702.740740741,92,0x200080a0,32928,UartTxTask,"[32928, 3758096384, 0, 1]"
106394,6947922.162037037,90,0x20003a48,14920,TelemetryTask,"[14920, 536908656, 200, 0]"
106398,6947965.773148148,92,0x20003a48,14920,UartTxTask,"[14920, 3758096384, 20, 1]"
106403,6948702.240740741,92,0x200080a0,32928,UartTxTask,"[32928, 3758096384, 0, 1]"
106408,6957922.384259259,90,0x20003a48,14920,TelemetryTask,"[14920, 536908656, 200, 0]"
106412,6957965.986111111,92,0x20003a48,14920,UartTxTask,"[14920, 3758096384, 20, 1]"
106417,6958703.592592592,92,0x200080a0,32928,UartTxTask,"[32928, 3758096384, 0, 1]"
106422,6967922.208333333,90,0x20003a48,14920,TelemetryTask,"[14920, 536908656, 200, 0]"
106426,6967965.615740741,92,0x20003a48,14920,UartTxTask,"[14920, 3758096384, 20, 1]"
106431,6968702.236111111,92,0x200080a0,32928,UartTxTask,"[32928, 3758096384, 0, 1]"
106436,6977922.222222222,90,0x20003a48,14920,TelemetryTask,"[14920, 536908656, 200, 0]"
106440,6977965.805555556,92,0x20003a48,14920,UartTxTask,"[14920, 3758096384, 20, 1]"
106445,6978702.611111111,92,0x200080a0,32928,UartTxTask,"[32928, 3758096384, 0, 1]"
106450,6987922.476851852,90,0x20003a48,14920,TelemetryTask,"[14920, 536908656, 200, 0]"
106454,6987965.865740741,92,0x20003a48,14920,UartTxTask,"[14920, 3758096384, 20, 1]"
106459,6988703.055555556,92,0x200080a0,32928,UartTxTask,"[32928, 3758096384, 0, 1]"
106464,6997922.319444444,90,0x20003a48,14920,TelemetryTask,"[14920, 536908656, 200, 0]"
106468,6997965.449074074,92,0x20003a48,14920,UartTxTask,"[14920, 3758096384, 20, 1]"
106473,6998702.527777778,92,0x200080a0,32928,UartTxTask,"[32928, 3758096384, 0, 1]"
106478,7007922.222222222,90,0x20003a48,14920,TelemetryTask,"[14920, 536908656, 200, 0]"
106482,7007965.37962963,92,0x20003a48,14920,UartTxTask,"[14920, 3758096384, 20, 1]"
106487,7008701.967592592,92,0x200080a0,32928,UartTxTask,"[32928, 3758096384, 0, 1]"
106492,7017922.606481481,90,0x20003a48,14920,TelemetryTask,"[14920, 536908656, 200, 0]"
106496,7017966.314814814,92,0x20003a48,14920,UartTxTask,"[14920, 3758096384, 20, 1]"
106501,7018703.166666667,92,0x200080a0,32928,UartTxTask,"[32928, 3758096384, 0, 1]"
106506,7027922.513888889,90,0x20003a48,14920,TelemetryTask,"[14920, 536908656, 200, 0]"
106510,7027966.106481481,92,0x20003a48,14920,UartTxTask,"[14920, 3758096384, 20, 1]"
106515,7028703.175925926,92,0x200080a0,32928,UartTxTask,"[32928, 3758096384, 0, 1]"
106520,7037922.300925926,90,0x20003a48,14920,TelemetryTask,"[14920, 536908656, 200, 0]"
106524,7037966.199074074,92,0x20003a48,14920,UartTxTask,"[14920, 3758096384, 20, 1]"
106529,7038703.444444444,92,0x200080a0,32928,UartTxTask,"[32928, 3758096384, 0, 1]"
106534,7047922.856481481,90,0x20003a48,14920,TelemetryTask,"[14920, 536908656, 200, 0]"
106538,7047966.074074074,92,0x20003a48,14920,UartTxTask,"[14920, 3758096384, 20, 1]"
106543,7048702.893518519,92,0x200080a0,32928,UartTxTask,"[32928, 3758096384, 0, 1]"
106548,7057922.226851852,90,0x20003a48,14920,TelemetryTask,"[14920, 536908656, 200, 0]"
106552,7057965.296296297,92,0x20003a48,14920,UartTxTask,"[14920, 3758096384, 20, 1]"
106557,7058702.287037037,92,0x200080a0,32928,UartTxTask,"[32928, 3758096384, 0, 1]"
106562,7067922.564814814,90,0x20003a48,14920,TelemetryTask,"[14920, 536908656, 200, 0]"
106566,7067965.898148148,92,0x20003a48,14920,UartTxTask,"[14920, 3758096384, 20, 1]"
106571,7068703.481481481,92,0x200080a0,32928,UartTxTask,"[32928, 3758096384, 0, 1]"
106576,7077922.736111111,90,0x20003a48,14920,TelemetryTask,"[14920, 536908656, 200, 0]"
106580,7077965.601851852,92,0x20003a48,14920,UartTxTask,"[14920, 3758096384, 20, 1]"
106585,7078702.689814814,92,0x200080a0,32928,UartTxTask,"[32928, 3758096384, 0, 1]"
106590,7087921.791666667,90,0x20003a48,14920,TelemetryTask,"[14920, 536908656, 200, 0]"
106594,7087965.268518519,92,0x20003a48,14920,UartTxTask,"[14920, 3758096384, 20, 1]"
106599,7088701.712962963,92,0x200080a0,32928,UartTxTask,"[32928, 3758096384, 0, 1]"
106604,7097923.462962963,90,0x20003a48,14920,TelemetryTask,"[14920, 536908656, 200, 0]"
106608,7097967.328703703,92,0x20003a48,14920,UartTxTask,"[14920, 3758096384, 20, 1]"
106613,7098704.074074074,92,0x200080a0,32928,UartTxTask,"[32928, 3758096384, 0, 1]"
106618,7107922.361111111,90,0x20003a48,14920,TelemetryTask,"[14920, 536908656, 200, 0]"
106622,7107965.657407408,92,0x20003a48,14920,UartTxTask,"[14920, 3758096384, 20, 1]"
106627,7108702.657407408,92,0x200080a0,32928,UartTxTask,"[32928, 3758096384, 0, 1]"
106632,7117922.546296297,90,0x20003a48,14920,TelemetryTask,"[14920, 536908656, 200, 0]"
106636,7117966.037037037,92,0x20003a48,14920,UartTxTask,"[14920, 3758096384, 20, 1]"
106641,7118703.162037037,92,0x200080a0,32928,UartTxTask,"[32928, 3758096384, 0, 1]"
106646,7127922.560185186,90,0x20003a48,14920,TelemetryTask,"[14920, 536908656, 200, 0]"
106650,7127965.49537037,92,0x20003a48,14920,UartTxTask,"[14920, 3758096384, 20, 1]"
106655,7128702.74537037,92,0x200080a0,32928,UartTxTask,"[32928, 3758096384, 0, 1]"
106660,7137921.638888889,90,0x20003a48,14920,TelemetryTask,"[14920, 536908656, 200, 0]"
106664,7137965.199074074,92,0x20003a48,14920,UartTxTask,"[14920, 3758096384, 20, 1]"
106669,7138702.226851852,92,0x200080a0,32928,UartTxTask,"[32928, 3758096384, 0, 1]"
106674,7147922.75,90,0x20003a48,14920,TelemetryTask,"[14920, 536908656, 200, 0]"
106678,7147965.912037037,92,0x20003a48,14920,UartTxTask,"[14920, 3758096384, 20, 1]"
106683,7148702.560185186,92,0x200080a0,32928,UartTxTask,"[32928, 3758096384, 0, 1]"
106688,7157922.606481481,90,0x20003a48,14920,TelemetryTask,"[14920, 536908656, 200, 0]"
106692,7157965.476851852,92,0x20003a48,14920,UartTxTask,"[14920, 3758096384, 20, 1]"
106697,7158702.361111111,92,0x200080a0,32928,UartTxTask,"[32928, 3758096384, 0, 1]"
106702,7167921.847222222,90,0x20003a48,14920,TelemetryTask,"[14920, 536908656, 200, 0]"
106706,7167965.009259259,92,0x20003a48,14920,UartTxTask,"[14920, 3758096384, 20, 1]"
106711,7168701.944444444,92,0x200080a0,32928,UartTxTask,"[32928, 3758096384, 0, 1]"
106716,7177921.847222222,90,0x20003a48,14920,TelemetryTask,"[14920, 536908656, 200, 0]"
106720,7177964.800925926,92,0x20003a48,14920,UartTxTask,"[14920, 3758096384, 20, 1]"
106725,7178701.203703703,92,0x200080a0,32928,UartTxTask,"[32928, 3758096384, 0, 1]"
106730,7187922.972222222,90,0x20003a48,14920,TelemetryTask,"[14920, 536908656, 200, 0]"
106734,7187966.259259259,92,0x20003a48,14920,UartTxTask,"[14920, 3758096384, 20, 1]"
106739,7188703.796296297,92,0x200080a0,32928,UartTxTask,"[32928, 3758096384, 0, 1]"
106744,7197922.412037037,90,0x20003a48,14920,TelemetryTask,"[14920, 536908656, 200, 0]"
106748,7197965.569444444,92,0x20003a48,14920,UartTxTask,"[14920, 3758096384, 20, 1]"
106753,7198702.569444444,92,0x200080a0,32928,UartTxTask,"[32928, 3758096384, 0, 1]"
106758,7207922.601851852,90,0x20003a48,14920,TelemetryTask,"[14920, 536908656, 200, 0]"
106762,7207966.231481481,92,0x20003a48,14920,UartTxTask,"[14920, 3758096384, 20, 1]"
106767,7208703.199074074,92,0x200080a0,32928,UartTxTask,"[32928, 3758096384, 0, 1]"
106772,7217921.884259259,90,0x20003a48,14920,TelemetryTask,"[14920, 536908656, 200, 0]"
106776,7217965.013888889,92,0x20003a48,14920,UartTxTask,"[14920, 3758096384, 20, 1]"
106781,7218701.902777778,92,0x200080a0,32928,UartTxTask,"[32928, 3758096384, 0, 1]"
106786,7227922.648148148,90,0x20003a48,14920,TelemetryTask,"[14920, 536908656, 200, 0]"
106790,7227965.921296297,92,0x20003a48,14920,UartTxTask,"[14920, 3758096384, 20, 1]"
106795,7228703.037037037,92,0x200080a0,32928,UartTxTask,"[32928, 3758096384, 0, 1]"
106800,7237922.412037037,90,0x20003a48,14920,TelemetryTask,"[14920, 536908656, 200, 0]"
106804,7237965.314814814,92,0x20003a48,14920,UartTxTask,"[14920, 3758096384, 20, 1]"
106809,7238702.328703703,92,0x200080a0,32928,UartTxTask,"[32928, 3758096384, 0, 1]"
106814,7247922.851851852,90,0x20003a48,14920,TelemetryTask,"[14920, 536908656, 200, 0]"
106818,7247965.777777778,92,0x20003a48,14920,UartTxTask,"[14920, 3758096384, 20, 1]"
106823,7248702.925925926,92,0x200080a0,32928,UartTxTask,"[32928, 3758096384, 0, 1]"
106828,7257922.578703703,90,0x20003a48,14920,TelemetryTask,"[14920, 536908656, 200, 0]"
106832,7257964.824074074,92,0x20003a48,14920,UartTxTask,"[14920, 3758096384, 20, 1]"
106837,7258701.398148148,92,0x200080a0,32928,UartTxTask,"[32928, 3758096384, 0, 1]"
106842,7267922.328703703,90,0x20003a48,14920,TelemetryTask,"[14920, 536908656, 200, 0]"
106846,7267964.939814814,92,0x20003a48,14920,UartTxTask,"[14920, 3758096384, 20, 1]"
106851,7268702.458333333,92,0x200080a0,32928,UartTxTask,"[32928, 3758096384, 0, 1]"
106856,7277922.606481481,90,0x20003a48,14920,TelemetryTask,"[14920, 536908656, 200, 0]"
106860,7277965.685185186,92,0x20003a48,14920,UartTxTask,"[14920, 3758096384, 20, 1]"
106865,7278702.523148148,92,0x200080a0,32928,UartTxTask,"[32928, 3758096384, 0, 1]"
106870,7287921.625,90,0x20003a48,14920,TelemetryTask,"[14920, 536908656, 200, 0]"
106874,7287964.236111111,92,0x20003a48,14920,UartTxTask,"[14920, 3758096384, 20, 1]"
106879,7288701.740740741,92,0x200080a0,32928,UartTxTask,"[32928, 3758096384, 0, 1]"
106884,7297922.416666667,90,0x20003a48,14920,TelemetryTask,"[14920, 536908656, 200, 0]"
106888,7297965.143518519,92,0x20003a48,14920,UartTxTask,"[14920, 3758096384, 20, 1]"
106893,7298702.282407408,92,0x200080a0,32928,UartTxTask,"[32928, 3758096384, 0, 1]"
106898,7307921.930555556,90,0x20003a48,14920,TelemetryTask,"[14920, 536908656, 200, 0]"
106902,7307965.5,92,0x20003a48,14920,UartTxTask,"[14920, 3758096384, 20, 1]"
106907,7308702.972222222,92,0x200080a0,32928,UartTxTask,"[32928, 3758096384, 0, 1]"
106912,7317922.194444444,90,0x20003a48,14920,TelemetryTask,"[14920, 536908656, 200, 0]"
106916,7317965.050925926,92,0x20003a48,14920,UartTxTask,"[14920, 3758096384, 20, 1]"
106921,7318701.740740741,92,0x200080a0,32928,UartTxTask,"[32928, 3758096384, 0, 1]"
106926,7327922.712962963,90,0x20003a48,14920,TelemetryTask,"[14920, 536908656, 200, 0]"
106930,7327966.064814814,92,0x20003a48,14920,UartTxTask,"[14920, 3758096384, 20, 1]"
106935,7328703.115740741,92,0x200080a0,32928,UartTxTask,"[32928, 3758096384, 0, 1]"
106940,7337922.351851852,90,0x20003a48,14920,TelemetryTask,"[14920, 536908656, 200, 0]"
106944,7337965.361111111,92,0x20003a48,14920,UartTxTask,"[14920, 3758096384, 20, 1]"
106949,7338701.847222222,92,0x200080a0,32928,UartTxTask,"[32928, 3758096384, 0, 1]"
106954,7347923.324074074,90,0x20003a48,14920,TelemetryTask,"[14920, 536908656, 200, 0]"
106958,7347966.601851852,92,0x20003a48,14920,UartTxTask,"[14920, 3758096384, 20, 1]"
106963,7348704.490740741,92,0x200080a0,32928,UartTxTask,"[32928, 3758096384, 0, 1]"
106968,7357922.532407408,90,0x20003a48,14920,TelemetryTask,"[14920, 536908656, 200, 0]"
106972,7357966.013888889,92,0x20003a48,14920,UartTxTask,"[14920, 3758096384, 20, 1]"
106977,7358702.50462963,92,0x200080a0,32928,UartTxTask,"[32928, 3758096384, 0, 1]"
106982,7367923.074074074,90,0x20003a48,14920,TelemetryTask,"[14920, 536908656, 200, 0]"
106986,7367966.856481481,92,0x20003a48,14920,UartTxTask,"[14920, 3758096384, 20, 1]"
106991,7368703.958333333,92,0x200080a0,32928,UartTxTask,"[32928, 3758096384, 0, 1]"
106996,7377921.532407408,90,0x20003a48,14920,TelemetryTask,"[14920, 536908656, 200, 0]"
107000,7377965.481481481,92,0x20003a48,14920,UartTxTask,"[14920, 3758096384, 20, 1]"
107005,7378702.509259259,92,0x200080a0,32928,UartTxTask,"[32928, 3758096384, 0, 1]"
107010,7387922.587962963,90,0x20003a48,14920,TelemetryTask,"[14920, 536908656, 200, 0]"
107014,7387965.930555556,92,0x20003a48,14920,UartTxTask,"[14920, 3758096384, 20, 1]"
107019,7388702.5,92,0x200080a0,32928,UartTxTask,"[32928, 3758096384, 0, 1]"
107024,7397922.615740741,90,0x20003a48,14920,TelemetryTask,"[14920, 536908656, 200, 0]"
107028,7397965.421296297,92,0x20003a48,14920,UartTxTask,"[14920, 3758096384, 20, 1]"
107033,7398702.337962963,92,0x200080a0,32928,UartTxTask,"[32928, 3758096384, 0, 1]"
107038,7407922.643518519,90,0x20003a48,14920,TelemetryTask,"[14920, 536908656, 200, 0]"
107042,7407966.5,92,0x20003a48,14920,UartTxTask,"[14920, 3758096384, 20, 1]"
107047,7408703.263888889,92,0x200080a0,32928,UartTxTask,"[32928, 3758096384, 0, 1]"
107052,7417922.888888889,90,0x20003a48,14920,TelemetryTask,"[14920, 536908656, 200, 0]"
107056,7417966.319444444,92,0x20003a48,14920,UartTxTask,"[14920, 3758096384, 20, 1]"
107061,7418702.962962963,92,0x200080a0,32928,UartTxTask,"[32928, 3758096384, 0, 1]"
107066,7427922.722222222,90,0x20003a48,14920,TelemetryTask,"[14920, 536908656, 200, 0]"
107070,7427965.365740741,92,0x20003a48,14920,UartTxTask,"[14920, 3758096384, 20, 1]"
107075,7428702.263888889,92,0x200080a0,32928,UartTxTask,"[32928, 3758096384, 0, 1]"
107080,7437922.921296297,90,0x20003a48,14920,TelemetryTask,"[14920, 536908656, 200, 0]"
107084,7437966.74537037,92,0x20003a48,14920,UartTxTask,"[14920, 3758096384, 20, 1]"
107089,7438703.324074074,92,0x200080a0,32928,UartTxTask,"[32928, 3758096384, 0, 1]"
107094,7447921.49537037,90,0x20003a48,14920,TelemetryTask,"[14920, 536908656, 200, 0]"
107098,7447964.828703703,92,0x20003a48,14920,UartTxTask,"[14920, 3758096384, 20, 1]"
107103,7448701.421296297,92,0x200080a0,32928,UartTxTask,"[32928, 3758096384, 0, 1]"
107108,7457922.365740741,90,0x20003a48,14920,TelemetryTask,"[14920, 536908656, 200, 0]"
107112,7457965.657407408,92,0x20003a48,14920,UartTxTask,"[14920, 3758096384, 20, 1]"
107117,7458702.643518519,92,0x200080a0,32928,UartTxTask,"[32928, 3758096384, 0, 1]"
107122,7467921.717592592,90,0x20003a48,14920,TelemetryTask,"[14920, 536908656, 200, 0]"
107126,7467965.171296297,92,0x20003a48,14920,UartTxTask,"[14920, 3758096384, 20, 1]"
107131,7468702.222222222,92,0x200080a0,32928,UartTxTask,"[32928, 3758096384, 0, 1]"
107136,7477922.851851852,90,0x20003a48,14920,TelemetryTask,"[14920, 536908656, 200, 0]"
107140,7477966.37037037,92,0x20003a48,14920,UartTxTask,"[14920, 3758096384, 20, 1]"
107145,7478703.356481481,92,0x200080a0,32928,UartTxTask,"[32928, 3758096384, 0, 1]"
107150,7487921.490740741,90,0x20003a48,14920,TelemetryTask,"[14920, 536908656, 200, 0]"
107154,7487965.277777778,92,0x20003a48,14920,UartTxTask,"[14920, 3758096384, 20, 1]"
107159,7488702.819444444,92,0x200080a0,32928,UartTxTask,"[32928, 3758096384, 0, 1]"
107164,7497922.37962963,90,0x20003a48,14920,TelemetryTask,"[14920, 536908656, 200, 0]"
107168,7497965.217592592,92,0x20003a48,14920,UartTxTask,"[14920, 3758096384, 20, 1]"
107173,7498701.731481481,92,0x200080a0,32928,UartTxTask,"[32928, 3758096384, 0, 1]"
107178,7507921.949074074,90,0x20003a48,14920,TelemetryTask,"[14920, 536908656, 200, 0]"
107182,7507965.064814814,92,0x20003a48,14920,UartTxTask,"[14920, 3758096384, 20, 1]"
107187,7508702.134259259,92,0x200080a0,32928,UartTxTask,"[32928, 3758096384, 0, 1]"
107192,7517922.865740741,90,0x20003a48,14920,TelemetryTask,"[14920, 536908656, 200, 0]"
107196,7517965.842592592,92,0x20003a48,14920,UartTxTask,"[14920, 3758096384, 20, 1]"
107201,7518702.50462963,92,0x200080a0,32928,UartTxTask,"[32928, 3758096384, 0, 1]"
107206,7527922.013888889,90,0x20003a48,14920,TelemetryTask,"[14920, 536908656, 200, 0]"
107210,7527965.5,92,0x20003a48,14920,UartTxTask,"[14920, 3758096384, 20, 1]"
107215,7528702.101851852,92,0x200080a0,32928,UartTxTask,"[32928, 3758096384, 0, 1]"
107220,7537922.259259259,90,0x20003a48,14920,TelemetryTask,"[14920, 536908656, 200, 0]"
107224,7537965.736111111,92,0x20003a48,14920,UartTxTask,"[14920, 3758096384, 20, 1]"
107229,7538702.662037037,92,0x200080a0,32928,UartTxTask,"[32928, 3758096384, 0, 1]"
107234,7547923.037037037,90,0x20003a48,14920,TelemetryTask,"[14920, 536908656, 200, 0]"
107238,7547965.981481481,92,0x20003a48,14920,UartTxTask,"[14920, 3758096384, 20, 1]"
107243,7548702.847222222,92,0x200080a0,32928,UartTxTask,"[32928, 3758096384, 0, 1]"
107248,7557921.078703703,90,0x20003a48,14920,TelemetryTask,"[14920, 536908656, 200, 0]"
107252,7557964.759259259,92,0x20003a48,14920,UartTxTask,"[14920, 3758096384, 20, 1]"
107257,7558701.444444444,92,0x200080a0,32928,UartTxTask,"[32928, 3758096384, 0, 1]"
107262,7567922.601851852,90,0x20003a48,14920,TelemetryTask,"[14920, 536908656, 200, 0]"
107266,7567966.24537037,92,0x20003a48,14920,UartTxTask,"[14920, 3758096384, 20, 1]"
107271,7568703.009259259,92,0x200080a0,32928,UartTxTask,"[32928, 3758096384, 0, 1]"
107276,7577922.74537037,90,0x20003a48,14920,TelemetryTask,"[14920, 536908656, 200, 0]"
107280,7577966.171296297,92,0x20003a48,14920,UartTxTask,"[14920, 3758096384, 20, 1]"
107285,7578702.916666667,92,0x200080a0,32928,UartTxTask,"[32928, 3758096384, 0, 1]"
107290,7587922.314814814,90,0x20003a48,14920,TelemetryTask,"[14920, 536908656, 200, 0]"
107294,7587965.115740741,92,0x20003a48,14920,UartTxTask,"[14920, 3758096384, 20, 1]"
107299,7588702.208333333,92,0x200080a0,32928,UartTxTask,"[32928, 3758096384, 0, 1]"
107304,7597922.925925926,90,0x20003a48,14920,TelemetryTask,"[14920, 536908656, 200, 0]"
107308,7597965.953703703,92,0x20003a48,14920,UartTxTask,"[14920, 3758096384, 20, 1]"
107313,7598702.439814814,92,0x200080a0,32928,UartTxTask,"[32928, 3758096384, 0, 1]"
107318,7607922.412037037,90,0x20003a48,14920,TelemetryTask,"[14920, 536908656, 200, 0]"
107322,7607965.439814814,92,0x20003a48,14920,UartTxTask,"[14920, 3758096384, 20, 1]"
107327,7608702.180555556,92,0x200080a0,32928,UartTxTask,"[32928, 3758096384, 0, 1]"
107332,7617923.189814814,90,0x20003a48,14920,TelemetryTask,"[14920, 536908656, 200, 0]"
107336,7617966.361111111,92,0x20003a48,14920,UartTxTask,"[14920, 3758096384, 20, 1]"
107341,7618703.509259259,92,0x200080a0,32928,UartTxTask,"[32928, 3758096384, 0, 1]"
107346,7627922.208333333,90,0x20003a48,14920,TelemetryTask,"[14920, 536908656, 200, 0]"
107350,7627965.055555556,92,0x20003a48,14920,UartTxTask,"[14920, 3758096384, 20, 1]"
107355,7628701.87037037,92,0x200080a0,32928,UartTxTask,"[32928, 3758096384, 0, 1]"
107360,7637922.148148148,90,0x20003a48,14920,TelemetryTask,"[14920, 536908656, 200, 0]"
107364,7637965.263888889,92,0x20003a48,14920,UartTxTask,"[14920, 3758096384, 20, 1]"
107369,7638702.476851852,92,0x200080a0,32928,UartTxTask,"[32928, 3758096384, 0, 1]"
107374,7647922.444444444,90,0x20003a48,14920,TelemetryTask,"[14920, 536908656, 200, 0]"
107378,7647965.75462963,92,0x20003a48,14920,UartTxTask,"[14920, 3758096384, 20, 1]"
107383,7648703.032407408,92,0x200080a0,32928,UartTxTask,"[32928, 3758096384, 0, 1]"
107388,7657921.888888889,90,0x20003a48,14920,TelemetryTask,"[14920, 536908656, 200, 0]"
107392,7657964.537037037,92,0x20003a48,14920,UartTxTask,"[14920, 3758096384, 20, 1]"
107397,7658701.75,92,0x200080a0,32928,UartTxTask,"[32928, 3758096384, 0, 1]"
107402,7667922.027777778,90,0x20003a48,14920,TelemetryTask,"[14920, 536908656, 200, 0]"
107406,7667965.236111111,92,0x20003a48,14920,UartTxTask,"[14920, 3758096384, 20, 1]"
107411,7668702.152777778,92,0x200080a0,32928,UartTxTask,"[32928, 3758096384, 0, 1]"
107416,7677922.662037037,90,0x20003a48,14920,TelemetryTask,"[14920, 536908656, 200, 0]"
107420,7677966.125,92,0x20003a48,14920,UartTxTask,"[14920, 3758096384, 20, 1]"
107425,7678703.328703703,92,0x200080a0,32928,UartTxTask,"[32928, 3758096384, 0, 1]"
107430,7687922.75462963,90,0x20003a48,14920,TelemetryTask,"[14920, 536908656, 200, 0]"
107434,7687966.305555556,92,0x20003a48,14920,UartTxTask,"[14920, 3758096384, 20, 1]"
107439,7688703.490740741,92,0x200080a0,32928,UartTxTask,"[32928, 3758096384, 0, 1]"
107444,7697922.101851852,90,0x20003a48,14920,TelemetryTask,"[14920, 536908656, 200, 0]"
107448,7697965.402777778,92,0x20003a48,14920,UartTxTask,"[14920, 3758096384, 20, 1]"
107453,7698702.032407408,92,0x200080a0,32928,UartTxTask,"[32928, 3758096384, 0, 1]"
107458,7707921.810185186,90,0x20003a48,14920,TelemetryTask,"[14920, 536908656, 200, 0]"
107462,7707965.087962963,92,0x20003a48,14920,UartTxTask,"[14920, 3758096384, 20, 1]"
107467,7708702.611111111,92,0x200080a0,32928,UartTxTask,"[32928, 3758096384, 0, 1]"
107472,7717923.347222222,90,0x20003a48,14920,TelemetryTask,"[14920, 536908656, 200, 0]"
107476,7717966.236111111,92,0x20003a48,14920,UartTxTask,"[14920, 3758096384, 20, 1]"
107481,7718702.972222222,92,0x200080a0,32928,UartTxTask,"[32928, 3758096384, 0, 1]"
107486,7727922.439814814,90,0x20003a48,14920,TelemetryTask,"[14920, 536908656, 200, 0]"
107490,7727966.092592592,92,0x20003a48,14920,UartTxTask,"[14920, 3758096384, 20, 1]"
107495,7728703.777777778,92,0x200080a0,32928,UartTxTask,"[32928, 3758096384, 0, 1]"
107500,7737923.402777778,90,0x20003a48,14920,TelemetryTask,"[14920, 536908656, 200, 0]"
107504,7737966.833333333,92,0x20003a48,14920,UartTxTask,"[14920, 3758096384, 20, 1]"
107509,7738703.587962963,92,0x200080a0,32928,UartTxTask,"[32928, 3758096384, 0, 1]"
107514,7747923.407407408,90,0x20003a48,14920,TelemetryTask,"[14920, 536908656, 200, 0]"
107518,7747966.824074074,92,0x20003a48,14920,UartTxTask,"[14920, 3758096384, 20, 1]"
107523,7748703.481481481,92,0x200080a0,32928,UartTxTask,"[32928, 3758096384, 0, 1]"
107528,7757923.282407408,90,0x20003a48,14920,TelemetryTask,"[14920, 536908656, 200, 0]"
107532,7757966.018518519,92,0x20003a48,14920,UartTxTask,"[14920, 3758096384, 20, 1]"
107537,7758703.180555556,92,0x200080a0,32928,UartTxTask,"[32928, 3758096384, 0, 1]"
107542,7767922.388888889,90,0x20003a48,14920,TelemetryTask,"[14920, 536908656, 200, 0]"
107546,7767964.787037037,92,0x20003a48,14920,UartTxTask,"[14920, 3758096384, 20, 1]"
107551,7768702.157407408,92,0x200080a0,32928,UartTxTask,"[32928, 3758096384, 0, 1]"
107557,7776882.375,96,0x20003970,14704,ISR#56,"[14704, 537198440]"
107560,7777984.967592592,90,0x20003a48,14920,TelemetryTask,"[14920, 536908656, 200, 0]"
107564,7778026.138888889,92,0x20003970,14704,ButtonTask,"[14704, 3758096384, 4294967295, 1]"
107565,7778118.106481481,90,0x20003a48,14920,ButtonTask,"[14920, 536906932, 200, 0]"
107568,7778171.615740741,92,0x20003a48,14920,UartTxTask,"[14920, 3758096384, 20, 1]"
107573,7778905.328703703,92,0x200080a0,32928,UartTxTask,"[32928, 3758096384, 0, 1]"
107574,7778913.939814814,92,0x20003a48,14920,UartTxTask,"[14920, 3758096384, 20, 1]"
107579,7779652.0,92,0x200080a0,32928,UartTxTask,"[32928, 3758096384, 0, 1]"
107584,7787922.819444444,90,0x20003a48,14920,TelemetryTask,"[14920, 536908656, 200, 0]"
107588,7787966.587962963,92,0x20003a48,14920,UartTxTask,"[14920, 3758096384, 20, 1]"
107593,7788703.842592592,92,0x200080a0,32928,UartTxTask,"[32928, 3758096384, 0, 1]"
107598,7797922.476851852,90,0x20003a48,14920,TelemetryTask,"[14920, 536908656, 200, 0]"
107602,7797965.902777778,92,0x20003a48,14920,UartTxTask,"[14920, 3758096384, 20, 1]"
107607,7798702.953703703,92,0x200080a0,32928,UartTxTask,"[32928, 3758096384, 0, 1]"
107612,7807922.398148148,90,0x20003a48,14920,TelemetryTask,"[14920, 536908656, 200, 0]"
107616,7807965.319444444,92,0x20003a48,14920,UartTxTask,"[14920, 3758096384, 20, 1]"
107621,7808702.569444444,92,0x200080a0,32928,UartTxTask,"[32928, 3758096384, 0, 1]"
107626,7817922.564814814,90,0x20003a48,14920,TelemetryTask,"[14920, 536908656, 200, 0]"
107630,7817965.564814814,92,0x20003a48,14920,UartTxTask,"[14920, 3758096384, 20, 1]"
107635,7818702.416666667,92,0x200080a0,32928,UartTxTask,"[32928, 3758096384, 0, 1]"
107640,7827922.842592592,90,0x20003a48,14920,TelemetryTask,"[14920, 536908656, 200, 0]"
107644,7827965.935185186,92,0x20003a48,14920,UartTxTask,"[14920, 3758096384, 20, 1]"
107649,7828702.583333333,92,0x200080a0,32928,UartTxTask,"[32928, 3758096384, 0, 1]"
107654,7837922.361111111,90,0x20003a48,14920,TelemetryTask,"[14920, 536908656, 200, 0]"
107658,7837964.907407408,92,0x20003a48,14920,UartTxTask,"[14920, 3758096384, 20, 1]"
107663,7838701.902777778,92,0x200080a0,32928,UartTxTask,"[32928, 3758096384, 0, 1]"
107668,7847923.444444444,90,0x20003a48,14920,TelemetryTask,"[14920, 536908656, 200, 0]"
107672,7847966.907407408,92,0x20003a48,14920,UartTxTask,"[14920, 3758096384, 20, 1]"
107677,7848703.833333333,92,0x200080a0,32928,UartTxTask,"[32928, 3758096384, 0, 1]"
107682,7857922.967592592,90,0x20003a48,14920,TelemetryTask,"[14920, 536908656, 200, 0]"
107686,7857966.435185186,92,0x20003a48,14920,UartTxTask,"[14920, 3758096384, 20, 1]"
107691,7858703.50462963,92,0x200080a0,32928,UartTxTask,"[32928, 3758096384, 0, 1]"
107696,7867921.944444444,90,0x20003a48,14920,TelemetryTask,"[14920, 536908656, 200, 0]"
107700,7867964.722222222,92,0x20003a48,14920,UartTxTask,"[14920, 3758096384, 20, 1]"
107705,7868701.365740741,92,0x200080a0,32928,UartTxTask,"[32928, 3758096384, 0, 1]"
107710,7877924.523148148,90,0x20003a48,14920,TelemetryTask,"[14920, 536908656, 200, 0]"
107714,7877967.546296297,92,0x20003a48,14920,UartTxTask,"[14920, 3758096384, 20, 1]"
107719,7878704.055555556,92,0x200080a0,32928,UartTxTask,"[32928, 3758096384, 0, 1]"
107724,7887922.800925926,90,0x20003a48,14920,TelemetryTask,"[14920, 536908656, 200, 0]"
107728,7887965.532407408,92,0x20003a48,14920,UartTxTask,"[14920, 3758096384, 20, 1]"
107733,7888702.416666667,92,0x200080a0,32928,UartTxTask,"[32928, 3758096384, 0, 1]"
107738,7897922.490740741,90,0x20003a48,14920,TelemetryTask,"[14920, 536908656, 200, 0]"
107742,7897965.537037037,92,0x20003a48,14920,UartTxTask,"[14920, 3758096384, 20, 1]"
107747,7898702.62962963,92,0x200080a0,32928,UartTxTask,"[32928, 3758096384, 0, 1]"
107752,7907922.601851852,90,0x20003a48,14920,TelemetryTask,"[14920, 536908656, 200, 0]"
107756,7907965.388888889,92,0x20003a48,14920,UartTxTask,"[14920, 3758096384, 20, 1]"
107761,7908702.703703703,92,0x200080a0,32928,UartTxTask,"[32928, 3758096384, 0, 1]"
107766,7917923.296296297,90,0x20003a48,14920,TelemetryTask,"[14920, 536908656, 200, 0]"
107770,7917965.898148148,92,0x20003a48,14920,UartTxTask,"[14920, 3758096384, 20, 1]"
107775,7918702.532407408,92,0x200080a0,32928,UartTxTask,"[32928, 3758096384, 0, 1]"
107780,7927921.675925926,90,0x20003a48,14920,TelemetryTask,"[14920, 536908656, 200, 0]"
107784,7927964.62037037,92,0x20003a48,14920,UartTxTask,"[14920, 3758096384, 20, 1]"
107789,7928701.986111111,92,0x200080a0,32928,UartTxTask,"[32928, 3758096384, 0, 1]"
107794,7937922.967592592,90,0x20003a48,14920,TelemetryTask,"[14920, 536908656, 200, 0]"
107798,7937966.680555556,92,0x20003a48,14920,UartTxTask,"[14920, 3758096384, 20, 1]"
107803,7938704.226851852,92,0x200080a0,32928,UartTxTask,"[32928, 3758096384, 0, 1]"
107807,7941084.032407408,96,0x20003970,14704,ISR#56,"[14704, 537198440]"
107811,7941119.162037037,92,0x20003970,14704,ButtonTask,"[14704, 3758096384, 4294967295, 1]"
107812,7941222.865740741,90,0x20003a48,14920,ButtonTask,"[14920, 536906932, 200, 0]"
107816,7941268.731481481,92,0x20003a48,14920,UartTxTask,"[14920, 3758096384, 20, 1]"
107821,7942003.819444444,92,0x200080a0,32928,UartTxTask,"[32928, 3758096384, 0, 1]"
107826,7947922.759259259,90,0x20003a48,14920,TelemetryTask,"[14920, 536908656, 200, 0]"
107830,7947966.0,92,0x20003a48,14920,UartTxTask,"[14920, 3758096384, 20, 1]"
107835,7948703.069444444,92,0x200080a0,32928,UartTxTask,"[32928, 3758096384, 0, 1]"
107840,7957921.587962963,90,0x20003a48,14920,TelemetryTask,"[14920, 536908656, 200, 0]"
107844,7957964.398148148,92,0x20003a48,14920,UartTxTask,"[14920, 3758096384, 20, 1]"
107849,7958701.527777778,92,0x200080a0,32928,UartTxTask,"[32928, 3758096384, 0, 1]"
107854,7967922.662037037,90,0x20003a48,14920,TelemetryTask,"[14920, 536908656, 200, 0]"
107858,7967965.888888889,92,0x20003a48,14920,UartTxTask,"[14920, 3758096384, 20, 1]"
107863,7968702.467592592,92,0x200080a0,32928,UartTxTask,"[32928, 3758096384, 0, 1]"
107868,7977922.513888889,90,0x20003a48,14920,TelemetryTask,"[14920, 536908656, 200, 0]"
107872,7977965.462962963,92,0x20003a48,14920,UartTxTask,"[14920, 3758096384, 20, 1]"
107877,7978702.0,92,0x200080a0,32928,UartTxTask,"[32928, 3758096384, 0, 1]"
107882,7987922.615740741,90,0x20003a48,14920,TelemetryTask,"[14920, 536908656, 200, 0]"
107886,7987965.916666667,92,0x20003a48,14920,UartTxTask,"[14920, 3758096384, 20, 1]"
107891,7988702.865740741,92,0x200080a0,32928,UartTxTask,"[32928, 3758096384, 0, 1]"
107896,7997922.097222222,90,0x20003a48,14920,TelemetryTask,"[14920, 536908656, 200, 0]"
107900,7997965.759259259,92,0x20003a48,14920,UartTxTask,"[14920, 3758096384, 20, 1]"
107905,7998702.412037037,92,0x200080a0,32928,UartTxTask,"[32928, 3758096384, 0, 1]"
107910,8007923.472222222,90,0x20003a48,14920,TelemetryTask,"[14920, 536908656, 200, 0]"
107914,8007966.037037037,92,0x20003a48,14920,UartTxTask,"[14920, 3758096384, 20, 1]"
107919,8008703.125,92,0x200080a0,32928,UartTxTask,"[32928, 3758096384, 0, 1]"
107924,8017922.287037037,90,0x20003a48,14920,TelemetryTask,"[14920, 536908656, 200, 0]"
107928,8017965.018518519,92,0x20003a48,14920,UartTxTask,"[14920, 3758096384, 20, 1]"
107933,8018701.787037037,92,0x200080a0,32928,UartTxTask,"[32928, 3758096384, 0, 1]"
107938,8027923.407407408,90,0x20003a48,14920,TelemetryTask,"[14920, 536908656, 200, 0]"
107942,8027966.518518519,92,0x20003a48,14920,UartTxTask,"[14920, 3758096384, 20, 1]"
107947,8028703.388888889,92,0x200080a0,32928,UartTxTask,"[32928, 3758096384, 0, 1]"
107952,8037923.430555556,90,0x20003a48,14920,TelemetryTask,"[14920, 536908656, 200, 0]"
107956,8037967.166666667,92,0x20003a48,14920,UartTxTask,"[14920, 3758096384, 20, 1]"
107961,8038704.583333333,92,0x200080a0,32928,UartTxTask,"[32928, 3758096384, 0, 1]"
107966,8047922.916666667,90,0x20003a48,14920,TelemetryTask,"[14920, 536908656, 200, 0]"
107970,8047966.467592592,92,0x20003a48,14920,UartTxTask,"[14920, 3758096384, 20, 1]"
107975,8048703.652777778,92,0x200080a0,32928,UartTxTask,"[32928, 3758096384, 0, 1]"
107980,8057926.013888889,90,0x20003a48,14920,TelemetryTask,"[14920, 536908656, 200, 0]"
107984,8057968.791666667,92,0x20003a48,14920,UartTxTask,"[14920, 3758096384, 20, 1]"
107989,8058705.5,92,0x200080a0,32928,UartTxTask,"[32928, 3758096384, 0, 1]"
107994,8067923.328703703,90,0x20003a48,14920,TelemetryTask,"[14920, 536908656, 200, 0]"
107998,8067966.75,92,0x20003a48,14920,UartTxTask,"[14920, 3758096384, 20, 1]"
108003,8068704.041666667,92,0x200080a0,32928,UartTxTask,"[32928, 3758096384, 0, 1]"
108008,8077922.268518519,90,0x20003a48,14920,TelemetryTask,"[14920, 536908656, 200, 0]"
108012,8077965.351851852,92,0x20003a48,14920,UartTxTask,"[14920, 3758096384, 20, 1]"
108017,8078702.25462963,92,0x200080a0,32928,UartTxTask,"[32928, 3758096384, 0, 1]"
108022,8087922.634259259,90,0x20003a48,14920,TelemetryTask,"[14920, 536908656, 200, 0]"
108026,8087965.143518519,92,0x20003a48,14920,UartTxTask,"[14920, 3758096384, 20, 1]"
108031,8088702.347222222,92,0x200080a0,32928,UartTxTask,"[32928, 3758096384, 0, 1]"
108036,8097922.148148148,90,0x20003a48,14920,TelemetryTask,"[14920, 536908656, 200, 0]"
108040,8097965.171296297,92,0x20003a48,14920,UartTxTask,"[14920, 3758096384, 20, 1]"
108045,8098702.074074074,92,0x200080a0,32928,UartTxTask,"[32928, 3758096384, 0, 1]"
108050,8107922.939814814,90,0x20003a48,14920,TelemetryTask,"[14920, 536908656, 200, 0]"
108054,8107966.013888889,92,0x20003a48,14920,UartTxTask,"[14920, 3758096384, 20, 1]"
108059,8108702.694444444,92,0x200080a0,32928,UartTxTask,"[32928, 3758096384, 0, 1]"
108064,8117922.064814814,90,0x20003a48,14920,TelemetryTask,"[14920, 536908656, 200, 0]"
108068,8117965.837962963,92,0x20003a48,14920,UartTxTask,"[14920, 3758096384, 20, 1]"
108073,8118702.662037037,92,0x200080a0,32928,UartTxTask,"[32928, 3758096384, 0, 1]"
108078,8127922.537037037,90,0x20003a48,14920,TelemetryTask,"[14920, 536908656, 200, 0]"
108082,8127965.680555556,92,0x20003a48,14920,UartTxTask,"[14920, 3758096384, 20, 1]"
108087,8128702.412037037,92,0x200080a0,32928,UartTxTask,"[32928, 3758096384, 0, 1]"
108092,8137923.259259259,90,0x20003a48,14920,TelemetryTask,"[14920, 536908656, 200, 0]"
108096,8137966.648148148,92,0x20003a48,14920,UartTxTask,"[14920, 3758096384, 20, 1]"
108101,8138703.513888889,92,0x200080a0,32928,UartTxTask,"[32928, 3758096384, 0, 1]"
108106,8147921.828703703,90,0x20003a48,14920,TelemetryTask,"[14920, 536908656, 200, 0]"
108110,8147964.763888889,92,0x20003a48,14920,UartTxTask,"[14920, 3758096384, 20, 1]"
108115,8148701.439814814,92,0x200080a0,32928,UartTxTask,"[32928, 3758096384, 0, 1]"
108120,8157923.689814814,90,0x20003a48,14920,TelemetryTask,"[14920, 536908656, 200, 0]"
108124,8157966.671296297,92,0x20003a48,14920,UartTxTask,"[14920, 3758096384, 20, 1]"
108129,8158703.912037037,92,0x200080a0,32928,UartTxTask,"[32928, 3758096384, 0, 1]"
108134,8167922.231481481,90,0x20003a48,14920,TelemetryTask,"[14920, 536908656, 200, 0]"
108138,8167965.680555556,92,0x20003a48,14920,UartTxTask,"[14920, 3758096384, 20, 1]"
108143,8168703.157407408,92,0x200080a0,32928,UartTxTask,"[32928, 3758096384, 0, 1]"
108148,8177923.060185186,90,0x20003a48,14920,TelemetryTask,"[14920, 536908656, 200, 0]"
108152,8177966.430555556,92,0x20003a48,14920,UartTxTask,"[14920, 3758096384, 20, 1]"
108157,8178703.689814814,92,0x200080a0,32928,UartTxTask,"[32928, 3758096384, 0, 1]"
108162,8187923.097222222,90,0x20003a48,14920,TelemetryTask,"[14920, 536908656, 200, 0]"
108166,8187966.638888889,92,0x20003a48,14920,UartTxTask,"[14920, 3758096384, 20, 1]"
108171,8188704.416666667,92,0x200080a0,32928,UartTxTask,"[32928, 3758096384, 0, 1]"
108176,8197922.402777778,90,0x20003a48,14920,TelemetryTask,"[14920, 536908656, 200, 0]"
108180,8197965.583333333,92,0x20003a48,14920,UartTxTask,"[14920, 3758096384, 20, 1]"
108185,8198702.226851852,92,0x200080a0,32928,UartTxTask,"[32928, 3758096384, 0, 1]"
108190,8207923.356481481,90,0x20003a48,14920,TelemetryTask,"[14920, 536908656, 200, 0]"
108194,8207966.597222222,92,0x20003a48,14920,UartTxTask,"[14920, 3758096384, 20, 1]"
108199,8208703.939814814,92,0x200080a0,32928,UartTxTask,"[32928, 3758096384, 0, 1]"
108204,8217922.828703703,90,0x20003a48,14920,TelemetryTask,"[14920, 536908656, 200, 0]"
108208,8217965.699074074,92,0x20003a48,14920,UartTxTask,"[14920, 3758096384, 20, 1]"
108213,8218702.046296297,92,0x200080a0,32928,UartTxTask,"[32928, 3758096384, 0, 1]"
108218,8227923.453703703,90,0x20003a48,14920,TelemetryTask,"[14920, 536908656, 200, 0]"
108222,8227967.194444444,92,0x20003a48,14920,UartTxTask,"[14920, 3758096384, 20, 1]"
108227,8228703.912037037,92,0x200080a0,32928,UartTxTask,"[32928, 3758096384, 0, 1]"
108232,8237922.097222222,90,0x20003a48,14920,TelemetryTask,"[14920, 536908656, 200, 0]"
108236,8237965.013888889,92,0x20003a48,14920,UartTxTask,"[14920, 3758096384, 20, 1]"
108241,8238701.800925926,92,0x200080a0,32928,UartTxTask,"[32928, 3758096384, 0, 1]"
108246,8247922.740740741,90,0x20003a48,14920,TelemetryTask,"[14920, 536908656, 200, 0]"
108250,8247965.75462963,92,0x20003a48,14920,UartTxTask,"[14920, 3758096384, 20, 1]"
108255,8248702.99537037,92,0x200080a0,32928,UartTxTask,"[32928, 3758096384, 0, 1]"
108260,8257922.643518519,90,0x20003a48,14920,TelemetryTask,"[14920, 536908656, 200, 0]"
108264,8257965.74537037,92,0x20003a48,14920,UartTxTask,"[14920, 3758096384, 20, 1]"
108269,8258703.236111111,92,0x200080a0,32928,UartTxTask,"[32928, 3758096384, 0, 1]"
108274,8267922.666666667,90,0x20003a48,14920,TelemetryTask,"[14920, 536908656, 200, 0]"
108278,8267965.833333333,92,0x20003a48,14920,UartTxTask,"[14920, 3758096384, 20, 1]"
108283,8268703.615740741,92,0x200080a0,32928,UartTxTask,"[32928, 3758096384, 0, 1]"
108288,8277922.796296297,90,0x20003a48,14920,TelemetryTask,"[14920, 536908656, 200, 0]"
108292,8277965.837962963,92,0x20003a48,14920,UartTxTask,"[14920, 3758096384, 20, 1]"
108297,8278702.685185186,92,0x200080a0,32928,UartTxTask,"[32928, 3758096384, 0, 1]"
108302,8287923.185185186,90,0x20003a48,14920,TelemetryTask,"[14920, 536908656, 200, 0]"
108306,8287965.791666667,92,0x20003a48,14920,UartTxTask,"[14920, 3758096384, 20, 1]"
108311,8288702.509259259,92,0x200080a0,32928,UartTxTask,"[32928, 3758096384, 0, 1]"
108316,8297924.023148148,90,0x20003a48,14920,TelemetryTask,"[14920, 536908656, 200, 0]"
108320,8297967.046296297,92,0x20003a48,14920,UartTxTask,"[14920, 3758096384, 20, 1]"
108325,8298704.310185186,92,0x200080a0,32928,UartTxTask,"[32928, 3758096384, 0, 1]"
108330,8307923.583333333,90,0x20003a48,14920,TelemetryTask,"[14920, 536908656, 200, 0]"
108334,8307966.625,92,0x20003a48,14920,UartTxTask,"[14920, 3758096384, 20, 1]"
108339,8308703.638888889,92,0x200080a0,32928,UartTxTask,"[32928, 3758096384, 0, 1]"
108344,8317922.592592592,90,0x20003a48,14920,TelemetryTask,"[14920, 536908656, 200, 0]"
108348,8317965.523148148,92,0x20003a48,14920,UartTxTask,"[14920, 3758096384, 20, 1]"
108353,8318702.24537037,92,0x200080a0,32928,UartTxTask,"[32928, 3758096384, 0, 1]"
108358,8327922.532407408,90,0x20003a48,14920,TelemetryTask,"[14920, 536908656, 200, 0]"
108362,8327965.462962963,92,0x20003a48,14920,UartTxTask,"[14920, 3758096384, 20, 1]"
108367,8328702.5,92,0x200080a0,32928,UartTxTask,"[32928, 3758096384, 0, 1]"
108372,8337922.259259259,90,0x20003a48,14920,TelemetryTask,"[14920, 536908656, 200, 0]"
108376,8337965.282407408,92,0x20003a48,14920,UartTxTask,"[14920, 3758096384, 20, 1]"
108381,8338702.509259259,92,0x200080a0,32928,UartTxTask,"[32928, 3758096384, 0, 1]"
108386,8347923.0,90,0x20003a48,14920,TelemetryTask,"[14920, 536908656, 200, 0]"
108390,8347966.486111111,92,0x20003a48,14920,UartTxTask,"[14920, 3758096384, 20, 1]"
108395,8348703.407407408,92,0x200080a0,32928,UartTxTask,"[32928, 3758096384, 0, 1]"
108400,8357921.939814814,90,0x20003a48,14920,TelemetryTask,"[14920, 536908656, 200, 0]"
108404,8357965.421296297,92,0x20003a48,14920,UartTxTask,"[14920, 3758096384, 20, 1]"
108409,8358702.601851852,92,0x200080a0,32928,UartTxTask,"[32928, 3758096384, 0, 1]"
108414,8367922.888888889,90,0x20003a48,14920,TelemetryTask,"[14920, 536908656, 200, 0]"
108418,8367966.069444444,92,0x20003a48,14920,UartTxTask,"[14920, 3758096384, 20, 1]"
108423,8368702.888888889,92,0x200080a0,32928,UartTxTask,"[32928, 3758096384, 0, 1]"
108428,8377922.518518519,90,0x20003a48,14920,TelemetryTask,"[14920, 536908656, 200, 0]"
108432,8377965.958333333,92,0x20003a48,14920,UartTxTask,"[14920, 3758096384, 20, 1]"
108437,8378702.833333333,92,0x200080a0,32928,UartTxTask,"[32928, 3758096384, 0, 1]"
108442,8387923.203703703,90,0x20003a48,14920,TelemetryTask,"[14920, 536908656, 200, 0]"
108446,8387965.902777778,92,0x20003a48,14920,UartTxTask,"[14920, 3758096384, 20, 1]"
108451,8388702.861111112,92,0x200080a0,32928,UartTxTask,"[32928, 3758096384, 0, 1]"
108456,8397922.148148147,90,0x20003a48,14920,TelemetryTask,"[14920, 536908656, 200, 0]"
108460,8397964.986111112,92,0x20003a48,14920,UartTxTask,"[14920, 3758096384, 20, 1]"
108465,8398701.75925926,92,0x200080a0,32928,UartTxTask,"[32928, 3758096384, 0, 1]"
108470,8407923.379629629,90,0x20003a48,14920,TelemetryTask,"[14920, 536908656, 200, 0]"
108474,8407966.291666666,92,0x20003a48,14920,UartTxTask,"[14920, 3758096384, 20, 1]"
108479,8408703.189814815,92,0x200080a0,32928,UartTxTask,"[32928, 3758096384, 0, 1]"
108484,8417922.736111112,90,0x20003a48,14920,TelemetryTask,"[14920, 536908656, 200, 0]"
108488,8417965.222222222,92,0x20003a48,14920,UartTxTask,"[14920, 3758096384, 20, 1]"
108493,8418702.097222222,92,0x200080a0,32928,UartTxTask,"[32928, 3758096384, 0, 1]"
108498,8427923.388888888,90,0x20003a48,14920,TelemetryTask,"[14920, 536908656, 200, 0]"
108502,8427966.291666666,92,0x20003a48,14920,UartTxTask,"[14920, 3758096384, 20, 1]"
108507,8428703.606481481,92,0x200080a0,32928,UartTxTask,"[32928, 3758096384, 0, 1]"
108512,8437923.513888888,90,0x20003a48,14920,TelemetryTask,"[14920, 536908656, 200, 0]"
108516,8437966.86574074,92,0x20003a48,14920,UartTxTask,"[14920, 3758096384, 20, 1]"
108521,8438703.912037037,92,0x200080a0,32928,UartTxTask,"[32928, 3758096384, 0, 1]"
108526,8447923.013888888,90,0x20003a48,14920,TelemetryTask,"[14920, 536908656, 200, 0]"
108530,8447965.921296297,92,0x20003a48,14920,UartTxTask,"[14920, 3758096384, 20, 1]"
108535,8448702.777777778,92,0x200080a0,32928,UartTxTask,"[32928, 3758096384, 0, 1]"
108540,8457922.898148147,90,0x20003a48,14920,TelemetryTask,"[14920, 536908656, 200, 0]"
108544,8457966.236111112,92,0x20003a48,14920,UartTxTask,"[14920, 3758096384, 20, 1]"
108549,8458702.916666666,92,0x200080a0,32928,UartTxTask,"[32928, 3758096384, 0, 1]"
108554,8467923.407407407,90,0x20003a48,14920,TelemetryTask,"[14920, 536908656, 200, 0]"
108558,8467966.773148147,92,0x20003a48,14920,UartTxTask,"[14920, 3758096384, 20, 1]"
108563,8468703.967592593,92,0x200080a0,32928,UartTxTask,"[32928, 3758096384, 0, 1]"
108568,8477922.083333334,90,0x20003a48,14920,TelemetryTask,"[14920, 536908656, 200, 0]"
108572,8477965.393518519,92,0x20003a48,14920,UartTxTask,"[14920, 3758096384, 20, 1]"
108577,8478702.888888888,92,0x200080a0,32928,UartTxTask,"[32928, 3758096384, 0, 1]"
108582,8487922.652777778,90,0x20003a48,14920,TelemetryTask,"[14920, 536908656, 200, 0]"
108586,8487965.504629629,92,0x20003a48,14920,UartTxTask,"[14920, 3758096384, 20, 1]"
108591,8488702.226851853,92,0x200080a0,32928,UartTxTask,"[32928, 3758096384, 0, 1]"
108596,8497923.537037037,90,0x20003a48,14920,TelemetryTask,"[14920, 536908656, 200, 0]"
108600,8497966.453703703,92,0x20003a48,14920,UartTxTask,"[14920, 3758096384, 20, 1]"
108605,8498703.972222222,92,0x200080a0,32928,UartTxTask,"[32928, 3758096384, 0, 1]"
108610,8507922.75,90,0x20003a48,14920,TelemetryTask,"[14920, 536908656, 200, 0]"
108614,8507965.574074075,92,0x20003a48,14920,UartTxTask,"[14920, 3758096384, 20, 1]"
108619,8508702.486111112,92,0x200080a0,32928,UartTxTask,"[32928, 3758096384, 0, 1]"
108624,8517922.652777778,90,0x20003a48,14920,TelemetryTask,"[14920, 536908656, 200, 0]"
108628,8517965.847222222,92,0x20003a48,14920,UartTxTask,"[14920, 3758096384, 20, 1]"
108633,8518702.703703703,92,0x200080a0,32928,UartTxTask,"[32928, 3758096384, 0, 1]"
108638,8527922.685185185,90,0x20003a48,14920,TelemetryTask,"[14920, 536908656, 200, 0]"
108642,8527965.328703703,92,0x20003a48,14920,UartTxTask,"[14920, 3758096384, 20, 1]"
108647,8528702.550925925,92,0x200080a0,32928,UartTxTask,"[32928, 3758096384, 0, 1]"
108652,8537921.754629629,90,0x20003a48,14920,TelemetryTask,"[14920, 536908656, 200, 0]"
108656,8537964.902777778,92,0x20003a48,14920,UartTxTask,"[14920, 3758096384, 20, 1]"
108661,8538701.99074074,92,0x200080a0,32928,UartTxTask,"[32928, 3758096384, 0, 1]"
108666,8547921.907407407,90,0x20003a48,14920,TelemetryTask,"[14920, 536908656, 200, 0]"
108670,8547964.569444444,92,0x20003a48,14920,UartTxTask,"[14920, 3758096384, 20, 1]"
108675,8548701.773148147,92,0x200080a0,32928,UartTxTask,"[32928, 3758096384, 0, 1]"
108680,8557923.657407407,90,0x20003a48,14920,TelemetryTask,"[14920, 536908656, 200, 0]"
108684,8557966.402777778,92,0x20003a48,14920,UartTxTask,"[14920, 3758096384, 20, 1]"
108689,8558703.555555556,92,0x200080a0,32928,UartTxTask,"[32928, 3758096384, 0, 1]"
108694,8567923.208333334,90,0x20003a48,14920,TelemetryTask,"[14920, 536908656, 200, 0]"
108698,8567966.486111112,92,0x20003a48,14920,UartTxTask,"[14920, 3758096384, 20, 1]"
108703,8568703.703703703,92,0x200080a0,32928,UartTxTask,"[32928, 3758096384, 0, 1]"
108708,8577922.268518519,90,0x20003a48,14920,TelemetryTask,"[14920, 536908656, 200, 0]"
108712,8577965.5,92,0x20003a48,14920,UartTxTask,"[14920, 3758096384, 20, 1]"
108717,8578702.379629629,92,0x200080a0,32928,UartTxTask,"[32928, 3758096384, 0, 1]"
108722,8587921.583333334,90,0x20003a48,14920,TelemetryTask,"[14920, 536908656, 200, 0]"
108726,8587965.212962963,92,0x20003a48,14920,UartTxTask,"[14920, 3758096384, 20, 1]"
108731,8588702.138888888,92,0x200080a0,32928,UartTxTask,"[32928, 3758096384, 0, 1]"
108736,8597923.5,90,0x20003a48,14920,TelemetryTask,"[14920, 536908656, 200, 0]"
108740,8597966.847222222,92,0x20003a48,14920,UartTxTask,"[14920, 3758096384, 20, 1]"
108745,8598703.833333334,92,0x200080a0,32928,UartTxTask,"[32928, 3758096384, 0, 1]"
108750,8607922.425925925,90,0x20003a48,14920,TelemetryTask,"[14920, 536908656, 200, 0]"
108754,8607965.782407407,92,0x20003a48,14920,UartTxTask,"[14920, 3758096384, 20, 1]"
108759,8608702.398148147,92,0x200080a0,32928,UartTxTask,"[32928, 3758096384, 0, 1]"
108764,8617922.504629629,90,0x20003a48,14920,TelemetryTask,"[14920, 536908656, 200, 0]"
108768,8617965.069444444,92,0x20003a48,14920,UartTxTask,"[14920, 3758096384, 20, 1]"
108773,8618702.254629629,92,0x200080a0,32928,UartTxTask,"[32928, 3758096384, 0, 1]"
108778,8627921.898148147,90,0x20003a48,14920,TelemetryTask,"[14920, 536908656, 200, 0]"
108782,8627965.861111112,92,0x20003a48,14920,UartTxTask,"[14920, 3758096384, 20, 1]"
108787,8628702.962962963,92,0x200080a0,32928,UartTxTask,"[32928, 3758096384, 0, 1]"
108792,8637922.398148147,90,0x20003a48,14920,TelemetryTask,"[14920, 536908656, 200, 0]"
108796,8637965.356481481,92,0x20003a48,14920,UartTxTask,"[14920, 3758096384, 20, 1]"
108801,8638703.00925926,92,0x200080a0,32928,UartTxTask,"[32928, 3758096384, 0, 1]"
108806,8647922.828703703,90,0x20003a48,14920,TelemetryTask,"[14920, 536908656, 200, 0]"
108810,8647966.199074075,92,0x20003a48,14920,UartTxTask,"[14920, 3758096384, 20, 1]"
108815,8648703.055555556,92,0x200080a0,32928,UartTxTask,"[32928, 3758096384, 0, 1]"
108820,8657922.046296297,90,0x20003a48,14920,TelemetryTask,"[14920, 536908656, 200, 0]"
108824,8657965.583333334,92,0x20003a48,14920,UartTxTask,"[14920, 3758096384, 20, 1]"
108829,8658702.912037037,92,0x200080a0,32928,UartTxTask,"[32928, 3758096384, 0, 1]"
108834,8667922.319444444,90,0x20003a48,14920,TelemetryTask,"[14920, 536908656, 200, 0]"
108838,8667965.310185185,92,0x20003a48,14920,UartTxTask,"[14920, 3758096384, 20, 1]"
108843,8668702.231481481,92,0x200080a0,32928,UartTxTask,"[32928, 3758096384, 0, 1]"
108848,8677922.300925925,90,0x20003a48,14920,TelemetryTask,"[14920, 536908656, 200, 0]"
108852,8677965.027777778,92,0x20003a48,14920,UartTxTask,"[14920, 3758096384, 20, 1]"
108857,8678702.171296297,92,0x200080a0,32928,UartTxTask,"[32928, 3758096384, 0, 1]"
108862,8687923.236111112,90,0x20003a48,14920,TelemetryTask,"[14920, 536908656, 200, 0]"
108866,8687966.268518519,92,0x20003a48,14920,UartTxTask,"[14920, 3758096384, 20, 1]"
108871,8688703.347222222,92,0x200080a0,32928,UartTxTask,"[32928, 3758096384, 0, 1]"
108876,8697922.143518519,90,0x20003a48,14920,TelemetryTask,"[14920, 536908656, 200, 0]"
108880,8697965.625,92,0x20003a48,14920,UartTxTask,"[14920, 3758096384, 20, 1]"
108885,8698702.398148147,92,0x200080a0,32928,UartTxTask,"[32928, 3758096384, 0, 1]"
108890,8707922.324074075,90,0x20003a48,14920,TelemetryTask,"[14920, 536908656, 200, 0]"
108894,8707965.916666666,92,0x20003a48,14920,UartTxTask,"[14920, 3758096384, 20, 1]"
108899,8708702.671296297,92,0x200080a0,32928,UartTxTask,"[32928, 3758096384, 0, 1]"
108904,8717922.88425926,90,0x20003a48,14920,TelemetryTask,"[14920, 536908656, 200, 0]"
108908,8717966.245370371,92,0x20003a48,14920,UartTxTask,"[14920, 3758096384, 20, 1]"
108913,8718703.481481481,92,0x200080a0,32928,UartTxTask,"[32928, 3758096384, 0, 1]"
108918,8727922.782407407,90,0x20003a48,14920,TelemetryTask,"[14920, 536908656, 200, 0]"
108922,8727966.606481481,92,0x20003a48,14920,UartTxTask,"[14920, 3758096384, 20, 1]"
108927,8728703.351851853,92,0x200080a0,32928,UartTxTask,"[32928, 3758096384, 0, 1]"
108932,8737923.546296297,90,0x20003a48,14920,TelemetryTask,"[14920, 536908656, 200, 0]"
108936,8737966.601851853,92,0x20003a48,14920,UartTxTask,"[14920, 3758096384, 20, 1]"
108941,8738703.513888888,92,0x200080a0,32928,UartTxTask,"[32928, 3758096384, 0, 1]"
108946,8747921.861111112,90,0x20003a48,14920,TelemetryTask,"[14920, 536908656, 200, 0]"
108950,8747965.027777778,92,0x20003a48,14920,UartTxTask,"[14920, 3758096384, 20, 1]"
108955,8748702.157407407,92,0x200080a0,32928,UartTxTask,"[32928, 3758096384, 0, 1]"
108960,8757922.981481481,90,0x20003a48,14920,TelemetryTask,"[14920, 536908656, 200, 0]"
108964,8757966.125,92,0x20003a48,14920,UartTxTask,"[14920, 3758096384, 20, 1]"
108969,8758703.157407407,92,0x200080a0,32928,UartTxTask,"[32928, 3758096384, 0, 1]"
108974,8767923.050925925,90,0x20003a48,14920,TelemetryTask,"[14920, 536908656, 200, 0]"
108978,8767965.731481481,92,0x20003a48,14920,UartTxTask,"[14920, 3758096384, 20, 1]"
108983,8768703.041666666,92,0x200080a0,32928,UartTxTask,"[32928, 3758096384, 0, 1]"
108988,8777922.75,90,0x20003a48,14920,TelemetryTask,"[14920, 536908656, 200, 0]"
108992,8777966.041666666,92,0x20003a48,14920,UartTxTask,"[14920, 3758096384, 20, 1]"
108997,8778702.620370371,92,0x200080a0,32928,UartTxTask,"[32928, 3758096384, 0, 1]"
109002,8787922.620370371,90,0x20003a48,14920,TelemetryTask,"[14920, 536908656, 200, 0]"
109006,8787966.125,92,0x20003a48,14920,UartTxTask,"[14920, 3758096384, 20, 1]"
109011,8788703.263888888,92,0x200080a0,32928,UartTxTask,"[32928, 3758096384, 0, 1]"
109016,8797922.675925925,90,0x20003a48,14920,TelemetryTask,"[14920, 536908656, 200, 0]"
109020,8797965.546296297,92,0x20003a48,14920,UartTxTask,"[14920, 3758096384, 20, 1]"
109025,8798703.055555556,92,0x200080a0,32928,UartTxTask,"[32928, 3758096384, 0, 1]"
109030,8807922.754629629,90,0x20003a48,14920,TelemetryTask,"[14920, 536908656, 200, 0]"
109034,8807965.870370371,92,0x20003a48,14920,UartTxTask,"[14920, 3758096384, 20, 1]"
109039,8808703.125,92,0x200080a0,32928,UartTxTask,"[32928, 3758096384, 0, 1]"
109044,8817922.916666666,90,0x20003a48,14920,TelemetryTask,"[14920, 536908656, 200, 0]"
109048,8817966.208333334,92,0x20003a48,14920,UartTxTask,"[14920, 3758096384, 20, 1]"
109053,8818702.870370371,92,0x200080a0,32928,UartTxTask,"[32928, 3758096384, 0, 1]"
109058,8827922.958333334,90,0x20003a48,14920,TelemetryTask,"[14920, 536908656, 200, 0]"
109062,8827965.870370371,92,0x20003a48,14920,UartTxTask,"[14920, 3758096384, 20, 1]"
109067,8828702.527777778,92,0x200080a0,32928,UartTxTask,"[32928, 3758096384, 0, 1]"
109072,8837922.087962963,90,0x20003a48,14920,TelemetryTask,"[14920, 536908656, 200, 0]"
109076,8837965.50925926,92,0x20003a48,14920,UartTxTask,"[14920, 3758096384, 20, 1]"
109081,8838702.430555556,92,0x200080a0,32928,UartTxTask,"[32928, 3758096384, 0, 1]"
109086,8847922.814814815,90,0x20003a48,14920,TelemetryTask,"[14920, 536908656, 200, 0]"
109090,8847965.689814815,92,0x20003a48,14920,UartTxTask,"[14920, 3758096384, 20, 1]"
109095,8848702.824074075,92,0x200080a0,32928,UartTxTask,"[32928, 3758096384, 0, 1]"
109100,8857923.662037037,90,0x20003a48,14920,TelemetryTask,"[14920, 536908656, 200, 0]"
109104,8857966.342592593,92,0x20003a48,14920,UartTxTask,"[14920, 3758096384, 20, 1]"
109109,8858703.023148147,92,0x200080a0,32928,UartTxTask,"[32928, 3758096384, 0, 1]"
109114,8867923.402777778,90,0x20003a48,14920,TelemetryTask,"[14920, 536908656, 200, 0]"
109118,8867966.61574074,92,0x20003a48,14920,UartTxTask,"[14920, 3758096384, 20, 1]"
109123,8868703.458333334,92,0x200080a0,32928,UartTxTask,"[32928, 3758096384, 0, 1]"
109128,8877922.671296297,90,0x20003a48,14920,TelemetryTask,"[14920, 536908656, 200, 0]"
109132,8877965.763888888,92,0x20003a48,14920,UartTxTask,"[14920, 3758096384, 20, 1]"
109137,8878702.648148147,92,0x200080a0,32928,UartTxTask,"[32928, 3758096384, 0, 1]"
109142,8887922.643518519,90,0x20003a48,14920,TelemetryTask,"[14920, 536908656, 200, 0]"
109146,8887965.564814815,92,0x20003a48,14920,UartTxTask,"[14920, 3758096384, 20, 1]"
109151,8888702.689814815,92,0x200080a0,32928,UartTxTask,"[32928, 3758096384, 0, 1]"
109156,8897922.171296297,90,0x20003a48,14920,TelemetryTask,"[14920, 536908656, 200, 0]"
109160,8897965.861111112,92,0x20003a48,14920,UartTxTask,"[14920, 3758096384, 20, 1]"
109165,8898702.643518519,92,0x200080a0,32928,UartTxTask,"[32928, 3758096384, 0, 1]"
109170,8907923.046296297,90,0x20003a48,14920,TelemetryTask,"[14920, 536908656, 200, 0]"
109174,8907965.907407407,92,0x20003a48,14920,UartTxTask,"[14920, 3758096384, 20, 1]"
109179,8908703.324074075,92,0x200080a0,32928,UartTxTask,"[32928, 3758096384, 0, 1]"
109184,8917922.342592593,90,0x20003a48,14920,TelemetryTask,"[14920, 536908656, 200, 0]"
109188,8917966.324074075,92,0x20003a48,14920,UartTxTask,"[14920, 3758096384, 20, 1]"
109193,8918703.245370371,92,0x200080a0,32928,UartTxTask,"[32928, 3758096384, 0, 1]"
109198,8927922.439814815,90,0x20003a48,14920,TelemetryTask,"[14920, 536908656, 200, 0]"
109202,8927965.462962963,92,0x20003a48,14920,UartTxTask,"[14920, 3758096384, 20, 1]"
109207,8928702.25,92,0x200080a0,32928,UartTxTask,"[32928, 3758096384, 0, 1]"
109212,8937923.268518519,90,0x20003a48,14920,TelemetryTask,"[14920, 536908656, 200, 0]"
109216,8937966.125,92,0x20003a48,14920,UartTxTask,"[14920, 3758096384, 20, 1]"
109221,8938703.00925926,92,0x200080a0,32928,UartTxTask,"[32928, 3758096384, 0, 1]"
109226,8947922.462962963,90,0x20003a48,14920,TelemetryTask,"[14920, 536908656, 200, 0]"
109230,8947965.648148147,92,0x20003a48,14920,UartTxTask,"[14920, 3758096384, 20, 1]"
109235,8948702.347222222,92,0x200080a0,32928,UartTxTask,"[32928, 3758096384, 0, 1]"
109240,8957922.578703703,90,0x20003a48,14920,TelemetryTask,"[14920, 536908656, 200, 0]"
109244,8957965.986111112,92,0x20003a48,14920,UartTxTask,"[14920, 3758096384, 20, 1]"
109249,8958703.018518519,92,0x200080a0,32928,UartTxTask,"[32928, 3758096384, 0, 1]"
109254,8967922.629629629,90,0x20003a48,14920,TelemetryTask,"[14920, 536908656, 200, 0]"
109258,8967965.546296297,92,0x20003a48,14920,UartTxTask,"[14920, 3758096384, 20, 1]"
109263,8968702.814814815,92,0x200080a0,32928,UartTxTask,"[32928, 3758096384, 0, 1]"
109268,8977922.541666666,90,0x20003a48,14920,TelemetryTask,"[14920, 536908656, 200, 0]"
109272,8977965.449074075,92,0x20003a48,14920,UartTxTask,"[14920, 3758096384, 20, 1]"
109277,8978702.597222222,92,0x200080a0,32928,UartTxTask,"[32928, 3758096384, 0, 1]"
109282,8987922.222222222,90,0x20003a48,14920,TelemetryTask,"[14920, 536908656, 200, 0]"
109286,8987965.481481481,92,0x20003a48,14920,UartTxTask,"[14920, 3758096384, 20, 1]"
109291,8988702.439814815,92,0x200080a0,32928,UartTxTask,"[32928, 3758096384, 0, 1]"
109296,8997923.342592593,90,0x20003a48,14920,TelemetryTask,"[14920, 536908656, 200, 0]"
109300,8997966.412037037,92,0x20003a48,14920,UartTxTask,"[14920, 3758096384, 20, 1]"
109305,8998703.046296297,92,0x200080a0,32928,UartTxTask,"[32928, 3758096384, 0, 1]"
109310,9007923.587962963,90,0x20003a48,14920,TelemetryTask,"[14920, 536908656, 200, 0]"
109314,9007966.439814815,92,0x20003a48,14920,UartTxTask,"[14920, 3758096384, 20, 1]"
109319,9008703.282407407,92,0x200080a0,32928,UartTxTask,"[32928, 3758096384, 0, 1]"
109324,9017922.013888888,90,0x20003a48,14920,TelemetryTask,"[14920, 536908656, 200, 0]"
109328,9017964.935185185,92,0x20003a48,14920,UartTxTask,"[14920, 3758096384, 20, 1]"
109333,9018701.569444444,92,0x200080a0,32928,UartTxTask,"[32928, 3758096384, 0, 1]"
109338,9027922.453703703,90,0x20003a48,14920,TelemetryTask,"[14920, 536908656, 200, 0]"
109342,9027965.472222222,92,0x20003a48,14920,UartTxTask,"[14920, 3758096384, 20, 1]"
109347,9028702.837962963,92,0x200080a0,32928,UartTxTask,"[32928, 3758096384, 0, 1]"
109352,9037922.949074075,90,0x20003a48,14920,TelemetryTask,"[14920, 536908656, 200, 0]"
109356,9037966.425925925,92,0x20003a48,14920,UartTxTask,"[14920, 3758096384, 20, 1]"
109361,9038703.611111112,92,0x200080a0,32928,UartTxTask,"[32928, 3758096384, 0, 1]"
109366,9047922.912037037,90,0x20003a48,14920,TelemetryTask,"[14920, 536908656, 200, 0]"
109370,9047966.263888888,92,0x20003a48,14920,UartTxTask,"[14920, 3758096384, 20, 1]"
109375,9048703.370370371,92,0x200080a0,32928,UartTxTask,"[32928, 3758096384, 0, 1]"
109380,9057921.986111112,90,0x20003a48,14920,TelemetryTask,"[14920, 536908656, 200, 0]"
109384,9057964.435185185,92,0x20003a48,14920,UartTxTask,"[14920, 3758096384, 20, 1]"
109389,9058701.527777778,92,0x200080a0,32928,UartTxTask,"[32928, 3758096384, 0, 1]"
109394,9067922.231481481,90,0x20003a48,14920,TelemetryTask,"[14920, 536908656, 200, 0]"
109398,9067965.976851853,92,0x20003a48,14920,UartTxTask,"[14920, 3758096384, 20, 1]"
109403,9068702.685185185,92,0x200080a0,32928,UartTxTask,"[32928, 3758096384, 0, 1]"
109408,9077922.63425926,90,0x20003a48,14920,TelemetryTask,"[14920, 536908656, 200, 0]"
109412,9077965.88425926,92,0x20003a48,14920,UartTxTask,"[14920, 3758096384, 20, 1]"
109417,9078702.49074074,92,0x200080a0,32928,UartTxTask,"[32928, 3758096384, 0, 1]"
109422,9087923.11574074,90,0x20003a48,14920,TelemetryTask,"[14920, 536908656, 200, 0]"
109426,9087965.486111112,92,0x20003a48,14920,UartTxTask,"[14920, 3758096384, 20, 1]"
109431,9088702.25925926,92,0x200080a0,32928,UartTxTask,"[32928, 3758096384, 0, 1]"
109436,9097921.953703703,90,0x20003a48,14920,TelemetryTask,"[14920, 536908656, 200, 0]"
109440,9097965.078703703,92,0x20003a48,14920,UartTxTask,"[14920, 3758096384, 20, 1]"
109445,9098702.597222222,92,0x200080a0,32928,UartTxTask,"[32928, 3758096384, 0, 1]"
109450,9107922.370370371,90,0x20003a48,14920,TelemetryTask,"[14920, 536908656, 200, 0]"
109454,9107965.643518519,92,0x20003a48,14920,UartTxTask,"[14920, 3758096384, 20, 1]"
109459,9108702.652777778,92,0x200080a0,32928,UartTxTask,"[32928, 3758096384, 0, 1]"
109464,9117921.773148147,90,0x20003a48,14920,TelemetryTask,"[14920, 536908656, 200, 0]"
109468,9117964.88425926,92,0x20003a48,14920,UartTxTask,"[14920, 3758096384, 20, 1]"
109473,9118701.592592593,92,0x200080a0,32928,UartTxTask,"[32928, 3758096384, 0, 1]"
109478,9127922.675925925,90,0x20003a48,14920,TelemetryTask,"[14920, 536908656, 200, 0]"
109482,9127965.86574074,92,0x20003a48,14920,UartTxTask,"[14920, 3758096384, 20, 1]"
109487,9128702.902777778,92,0x200080a0,32928,UartTxTask,"[32928, 3758096384, 0, 1]"
109492,9137923.625,90,0x20003a48,14920,TelemetryTask,"[14920, 536908656, 200, 0]"
109496,9137966.680555556,92,0x20003a48,14920,UartTxTask,"[14920, 3758096384, 20, 1]"
109501,9138703.61574074,92,0x200080a0,32928,UartTxTask,"[32928, 3758096384, 0, 1]"
109506,9147922.291666666,90,0x20003a48,14920,TelemetryTask,"[14920, 536908656, 200, 0]"
109510,9147965.601851853,92,0x20003a48,14920,UartTxTask,"[14920, 3758096384, 20, 1]"
109515,9148702.648148147,92,0x200080a0,32928,UartTxTask,"[32928, 3758096384, 0, 1]"
109520,9157922.898148147,90,0x20003a48,14920,TelemetryTask,"[14920, 536908656, 200, 0]"
109524,9157965.893518519,92,0x20003a48,14920,UartTxTask,"[14920, 3758096384, 20, 1]"
109529,9158702.708333334,92,0x200080a0,32928,UartTxTask,"[32928, 3758096384, 0, 1]"
109534,9167923.004629629,90,0x20003a48,14920,TelemetryTask,"[14920, 536908656, 200, 0]"
109538,9167966.037037037,92,0x20003a48,14920,UartTxTask,"[14920, 3758096384, 20, 1]"
109543,9168702.907407407,92,0x200080a0,32928,UartTxTask,"[32928, 3758096384, 0, 1]"
109545,9168729.194444444,96,0x20003970,14704,ISR#56,"[14704, 537198440]"
109550,9168787.541666666,92,0x20003970,14704,ButtonTask,"[14704, 3758096384, 4294967295, 1]"
109551,9168877.689814815,90,0x20003a48,14920,ButtonTask,"[14920, 536906932, 200, 0]"
109555,9168923.879629629,92,0x20003a48,14920,UartTxTask,"[14920, 3758096384, 20, 1]"
109560,9169658.805555556,92,0x200080a0,32928,UartTxTask,"[32928, 3758096384, 0, 1]"
109565,9177923.324074075,90,0x20003a48,14920,TelemetryTask,"[14920, 536908656, 200, 0]"
109569,9177966.282407407,92,0x20003a48,14920,UartTxTask,"[14920, 3758096384, 20, 1]"
109574,9178703.407407407,92,0x200080a0,32928,UartTxTask,"[32928, 3758096384, 0, 1]"
109579,9187922.564814815,90,0x20003a48,14920,TelemetryTask,"[14920, 536908656, 200, 0]"
109583,9187964.995370371,92,0x20003a48,14920,UartTxTask,"[14920, 3758096384, 20, 1]"
109588,9188701.597222222,92,0x200080a0,32928,UartTxTask,"[32928, 3758096384, 0, 1]"
109593,9197922.666666666,90,0x20003a48,14920,TelemetryTask,"[14920, 536908656, 200, 0]"
109597,9197966.046296297,92,0x20003a48,14920,UartTxTask,"[14920, 3758096384, 20, 1]"
109602,9198702.925925925,92,0x200080a0,32928,UartTxTask,"[32928, 3758096384, 0, 1]"
109607,9207921.370370371,90,0x20003a48,14920,TelemetryTask,"[14920, 536908656, 200, 0]"
109611,9207964.773148147,92,0x20003a48,14920,UartTxTask,"[14920, 3758096384, 20, 1]"
109616,9208702.245370371,92,0x200080a0,32928,UartTxTask,"[32928, 3758096384, 0, 1]"
109621,9217922.925925925,90,0x20003a48,14920,TelemetryTask,"[14920, 536908656, 200, 0]"
109625,9217966.800925925,92,0x20003a48,14920,UartTxTask,"[14920, 3758096384, 20, 1]"
109630,9218703.967592593,92,0x200080a0,32928,UartTxTask,"[32928, 3758096384, 0, 1]"
109635,9227922.638888888,90,0x20003a48,14920,TelemetryTask,"[14920, 536908656, 200, 0]"
109639,9227965.699074075,92,0x20003a48,14920,UartTxTask,"[14920, 3758096384, 20, 1]"
109644,9228702.564814815,92,0x200080a0,32928,UartTxTask,"[32928, 3758096384, 0, 1]"
109649,9237922.375,90,0x20003a48,14920,TelemetryTask,"[14920, 536908656, 200, 0]"
109653,9237965.449074075,92,0x20003a48,14920,UartTxTask,"[14920, 3758096384, 20, 1]"
109658,9238702.402777778,92,0x200080a0,32928,UartTxTask,"[32928, 3758096384, 0, 1]"
109663,9247922.851851853,90,0x20003a48,14920,TelemetryTask,"[14920, 536908656, 200, 0]"
109667,9247965.342592593,92,0x20003a48,14920,UartTxTask,"[14920, 3758096384, 20, 1]"
109672,9248702.087962963,92,0x200080a0,32928,UartTxTask,"[32928, 3758096384, 0, 1]"
109677,9257922.333333334,90,0x20003a48,14920,TelemetryTask,"[14920, 536908656, 200, 0]"
109681,9257965.754629629,92,0x20003a48,14920,UartTxTask,"[14920, 3758096384, 20, 1]"
109686,9258703.069444444,92,0x200080a0,32928,UartTxTask,"[32928, 3758096384, 0, 1]"
109691,9267924.425925925,90,0x20003a48,14920,TelemetryTask,"[14920, 536908656, 200, 0]"
109695,9267967.092592593,92,0x20003a48,14920,UartTxTask,"[14920, 3758096384, 20, 1]"
109700,9268703.870370371,92,0x200080a0,32928,UartTxTask,"[32928, 3758096384, 0, 1]"
109705,9277921.592592593,90,0x20003a48,14920,TelemetryTask,"[14920, 536908656, 200, 0]"
109709,9277965.166666666,92,0x20003a48,14920,UartTxTask,"[14920, 3758096384, 20, 1]"
109714,9278702.555555556,92,0x200080a0,32928,UartTxTask,"[32928, 3758096384, 0, 1]"
109719,9287923.685185185,90,0x20003a48,14920,TelemetryTask,"[14920, 536908656, 200, 0]"
109723,9287966.152777778,92,0x20003a48,14920,UartTxTask,"[14920, 3758096384, 20, 1]"
109728,9288703.222222222,92,0x200080a0,32928,UartTxTask,"[32928, 3758096384, 0, 1]"
109733,9297923.226851853,90,0x20003a48,14920,TelemetryTask,"[14920, 536908656, 200, 0]"
109737,9297966.736111112,92,0x20003a48,14920,UartTxTask,"[14920, 3758096384, 20, 1]"
109742,9298703.699074075,92,0x200080a0,32928,UartTxTask,"[32928, 3758096384, 0, 1]"
109747,9307922.726851853,90,0x20003a48,14920,TelemetryTask,"[14920, 536908656, 200, 0]"
109751,9307965.861111112,92,0x20003a48,14920,UartTxTask,"[14920, 3758096384, 20, 1]"
109756,9308702.824074075,92,0x200080a0,32928,UartTxTask,"[32928, 3758096384, 0, 1]"
109761,9317922.916666666,90,0x20003a48,14920,TelemetryTask,"[14920, 536908656, 200, 0]"
109765,9317966.425925925,92,0x20003a48,14920,UartTxTask,"[14920, 3758096384, 20, 1]"
109770,9318703.162037037,92,0x200080a0,32928,UartTxTask,"[32928, 3758096384, 0, 1]"
109775,9327921.699074075,90,0x20003a48,14920,TelemetryTask,"[14920, 536908656, 200, 0]"
109779,9327965.333333334,92,0x20003a48,14920,UartTxTask,"[14920, 3758096384, 20, 1]"
109784,9328702.375,92,0x200080a0,32928,UartTxTask,"[32928, 3758096384, 0, 1]"
109789,9337922.953703703,90,0x20003a48,14920,TelemetryTask,"[14920, 536908656, 200, 0]"
109793,9337965.74074074,92,0x20003a48,14920,UartTxTask,"[14920, 3758096384, 20, 1]"
109798,9338702.421296297,92,0x200080a0,32928,UartTxTask,"[32928, 3758096384, 0, 1]"
109803,9347922.101851853,90,0x20003a48,14920,TelemetryTask,"[14920, 536908656, 200, 0]"
109807,9347965.592592593,92,0x20003a48,14920,UartTxTask,"[14920, 3758096384, 20, 1]"
109812,9348702.833333334,92,0x200080a0,32928,UartTxTask,"[32928, 3758096384, 0, 1]"
109816,9350003.111111112,96,0x20003970,14704,ISR#56,"[14704, 537198440]"
109820,9350038.00925926,92,0x20003970,14704,ButtonTask,"[14704, 3758096384, 4294967295, 1]"
109821,9350138.601851853,90,0x20003a48,14920,ButtonTask,"[14920, 536906932, 200, 0]"
109825,9350187.069444444,92,0x20003a48,14920,UartTxTask,"[14920, 3758096384, 20, 1]"
109830,9350922.055555556,92,0x200080a0,32928,UartTxTask,"[32928, 3758096384, 0, 1]"
109835,9357922.148148147,90,0x20003a48,14920,TelemetryTask,"[14920, 536908656, 200, 0]"
109839,9357966.097222222,92,0x20003a48,14920,UartTxTask,"[14920, 3758096384, 20, 1]"
109844,9358703.027777778,92,0x200080a0,32928,UartTxTask,"[32928, 3758096384, 0, 1]"
109849,9367921.657407407,90,0x20003a48,14920,TelemetryTask,"[14920, 536908656, 200, 0]"
109853,9367964.523148147,92,0x20003a48,14920,UartTxTask,"[14920, 3758096384, 20, 1]"
109858,9368701.38425926,92,0x200080a0,32928,UartTxTask,"[32928, 3758096384, 0, 1]"
109863,9377923.347222222,90,0x20003a48,14920,TelemetryTask,"[14920, 536908656, 200, 0]"
109867,9377966.25,92,0x20003a48,14920,UartTxTask,"[14920, 3758096384, 20, 1]"
109872,9378703.546296297,92,0x200080a0,32928,UartTxTask,"[32928, 3758096384, 0, 1]"
109877,9387922.833333334,90,0x20003a48,14920,TelemetryTask,"[14920, 536908656, 200, 0]"
109881,9387966.328703703,92,0x20003a48,14920,UartTxTask,"[14920, 3758096384, 20, 1]"
109886,9388703.472222222,92,0x200080a0,32928,UartTxTask,"[32928, 3758096384, 0, 1]"
109891,9397923.097222222,90,0x20003a48,14920,TelemetryTask,"[14920, 536908656, 200, 0]"
109895,9397965.805555556,92,0x20003a48,14920,UartTxTask,"[14920, 3758096384, 20, 1]"
109900,9398702.578703703,92,0x200080a0,32928,UartTxTask,"[32928, 3758096384, 0, 1]"
109905,9407922.430555556,90,0x20003a48,14920,TelemetryTask,"[14920, 536908656, 200, 0]"
109909,9407965.236111112,92,0x20003a48,14920,UartTxTask,"[14920, 3758096384, 20, 1]"
109914,9408702.208333334,92,0x200080a0,32928,UartTxTask,"[32928, 3758096384, 0, 1]"
109919,9417922.527777778,90,0x20003a48,14920,TelemetryTask,"[14920, 536908656, 200, 0]"
109923,9417965.699074075,92,0x20003a48,14920,UartTxTask,"[14920, 3758096384, 20, 1]"
109928,9418702.194444444,92,0x200080a0,32928,UartTxTask,"[32928, 3758096384, 0, 1]"
109933,9427921.824074075,90,0x20003a48,14920,TelemetryTask,"[14920, 536908656, 200, 0]"
109937,9427964.675925925,92,0x20003a48,14920,UartTxTask,"[14920, 3758096384, 20, 1]"
109942,9428701.763888888,92,0x200080a0,32928,UartTxTask,"[32928, 3758096384, 0, 1]"
109947,9437923.324074075,90,0x20003a48,14920,TelemetryTask,"[14920, 536908656, 200, 0]"
109951,9437966.467592593,92,0x20003a48,14920,UartTxTask,"[14920, 3758096384, 20, 1]"
109956,9438703.430555556,92,0x200080a0,32928,UartTxTask,"[32928, 3758096384, 0, 1]"
109961,9447922.75,90,0x20003a48,14920,TelemetryTask,"[14920, 536908656, 200, 0]"
109965,9447966.152777778,92,0x20003a48,14920,UartTxTask,"[14920, 3758096384, 20, 1]"
109970,9448703.481481481,92,0x200080a0,32928,UartTxTask,"[32928, 3758096384, 0, 1]"
109975,9457923.287037037,90,0x20003a48,14920,TelemetryTask,"[14920, 536908656, 200, 0]"
109979,9457966.550925925,92,0x20003a48,14920,UartTxTask,"[14920, 3758096384, 20, 1]"
109984,9458703.5,92,0x200080a0,32928,UartTxTask,"[32928, 3758096384, 0, 1]"
109989,9467921.921296297,90,0x20003a48,14920,TelemetryTask,"[14920, 536908656, 200, 0]"
109993,9467965.620370371,92,0x20003a48,14920,UartTxTask,"[14920, 3758096384, 20, 1]"
109998,9468702.25,92,0x200080a0,32928,UartTxTask,"[32928, 3758096384, 0, 1]"
110003,9477923.245370371,90,0x20003a48,14920,TelemetryTask,"[14920, 536908656, 200, 0]"
110007,9477966.324074075,92,0x20003a48,14920,UartTxTask,"[14920, 3758096384, 20, 1]"
110012,9478702.958333334,92,0x200080a0,32928,UartTxTask,"[32928, 3758096384, 0, 1]"
110017,9487922.962962963,90,0x20003a48,14920,TelemetryTask,"[14920, 536908656, 200, 0]"
110021,9487966.254629629,92,0x20003a48,14920,UartTxTask,"[14920, 3758096384, 20, 1]"
110026,9488703.546296297,92,0x200080a0,32928,UartTxTask,"[32928, 3758096384, 0, 1]"
110031,9497923.111111112,90,0x20003a48,14920,TelemetryTask,"[14920, 536908656, 200, 0]"
110035,9497966.212962963,92,0x20003a48,14920,UartTxTask,"[14920, 3758096384, 20, 1]"
110040,9498703.111111112,92,0x200080a0,32928,UartTxTask,"[32928, 3758096384, 0, 1]"
110045,9507922.425925925,90,0x20003a48,14920,TelemetryTask,"[14920, 536908656, 200, 0]"
110049,9507965.254629629,92,0x20003a48,14920,UartTxTask,"[14920, 3758096384, 20, 1]"
110054,9508702.5,92,0x200080a0,32928,UartTxTask,"[32928, 3758096384, 0, 1]"
110059,9517922.717592593,90,0x20003a48,14920,TelemetryTask,"[14920, 536908656, 200, 0]"
110063,9517965.532407407,92,0x20003a48,14920,UartTxTask,"[14920, 3758096384, 20, 1]"
110068,9518702.444444444,92,0x200080a0,32928,UartTxTask,"[32928, 3758096384, 0, 1]"
110073,9527922.824074075,90,0x20003a48,14920,TelemetryTask,"[14920, 536908656, 200, 0]"
110077,9527966.444444444,92,0x20003a48,14920,UartTxTask,"[14920, 3758096384, 20, 1]"
110082,9528703.61574074,92,0x200080a0,32928,UartTxTask,"[32928, 3758096384, 0, 1]"
110087,9537922.523148147,90,0x20003a48,14920,TelemetryTask,"[14920, 536908656, 200, 0]"
110091,9537966.013888888,92,0x20003a48,14920,UartTxTask,"[14920, 3758096384, 20, 1]"
110096,9538702.379629629,92,0x200080a0,32928,UartTxTask,"[32928, 3758096384, 0, 1]"
110101,9547923.236111112,90,0x20003a48,14920,TelemetryTask,"[14920, 536908656, 200, 0]"
110105,9547966.412037037,92,0x20003a48,14920,UartTxTask,"[14920, 3758096384, 20, 1]"
110110,9548703.379629629,92,0x200080a0,32928,UartTxTask,"[32928, 3758096384, 0, 1]"
110115,9557922.541666666,90,0x20003a48,14920,TelemetryTask,"[14920, 536908656, 200, 0]"
110119,9557965.592592593,92,0x20003a48,14920,UartTxTask,"[14920, 3758096384, 20, 1]"
110124,9558702.986111112,92,0x200080a0,32928,UartTxTask,"[32928, 3758096384, 0, 1]"
110129,9567923.175925925,90,0x20003a48,14920,TelemetryTask,"[14920, 536908656, 200, 0]"
110133,9567966.995370371,92,0x20003a48,14920,UartTxTask,"[14920, 3758096384, 20, 1]"
110138,9568703.981481481,92,0x200080a0,32928,UartTxTask,"[32928, 3758096384, 0, 1]"
110143,9577923.013888888,90,0x20003a48,14920,TelemetryTask,"[14920, 536908656, 200, 0]"
110147,9577966.412037037,92,0x20003a48,14920,UartTxTask,"[14920, 3758096384, 20, 1]"
110152,9578703.064814815,92,0x200080a0,32928,UartTxTask,"[32928, 3758096384, 0, 1]"
110157,9587922.805555556,90,0x20003a48,14920,TelemetryTask,"[14920, 536908656, 200, 0]"
110161,9587966.129629629,92,0x20003a48,14920,UartTxTask,"[14920, 3758096384, 20, 1]"
110166,9588703.208333334,92,0x200080a0,32928,UartTxTask,"[32928, 3758096384, 0, 1]"
110171,9597923.333333334,90,0x20003a48,14920,TelemetryTask,"[14920, 536908656, 200, 0]"
110175,9597966.657407407,92,0x20003a48,14920,UartTxTask,"[14920, 3758096384, 20, 1]"
110180,9598704.231481481,92,0x200080a0,32928,UartTxTask,"[32928, 3758096384, 0, 1]"
110185,9607923.38425926,90,0x20003a48,14920,TelemetryTask,"[14920, 536908656, 200, 0]"
110189,9607966.361111112,92,0x20003a48,14920,UartTxTask,"[14920, 3758096384, 20, 1]"
110194,9608703.217592593,92,0x200080a0,32928,UartTxTask,"[32928, 3758096384, 0, 1]"
110199,9617923.574074075,90,0x20003a48,14920,TelemetryTask,"[14920, 536908656, 200, 0]"
110203,9617966.38425926,92,0x20003a48,14920,UartTxTask,"[14920, 3758096384, 20, 1]"
110208,9618703.314814815,92,0x200080a0,32928,UartTxTask,"[32928, 3758096384, 0, 1]"
110213,9627922.370370371,90,0x20003a48,14920,TelemetryTask,"[14920, 536908656, 200, 0]"
110217,9627965.467592593,92,0x20003a48,14920,UartTxTask,"[14920, 3758096384, 20, 1]"
110222,9628702.754629629,92,0x200080a0,32928,UartTxTask,"[32928, 3758096384, 0, 1]"
110227,9637921.88425926,90,0x20003a48,14920,TelemetryTask,"[14920, 536908656, 200, 0]"
110231,9637965.347222222,92,0x20003a48,14920,UartTxTask,"[14920, 3758096384, 20, 1]"
110236,9638702.36574074,92,0x200080a0,32928,UartTxTask,"[32928, 3758096384, 0, 1]"
110241,9647923.842592593,90,0x20003a48,14920,TelemetryTask,"[14920, 536908656, 200, 0]"
110245,9647966.851851853,92,0x20003a48,14920,UartTxTask,"[14920, 3758096384, 20, 1]"
110250,9648703.518518519,92,0x200080a0,32928,UartTxTask,"[32928, 3758096384, 0, 1]"
110255,9657922.361111112,90,0x20003a48,14920,TelemetryTask,"[14920, 536908656, 200, 0]"
110259,9657966.106481481,92,0x20003a48,14920,UartTxTask,"[14920, 3758096384, 20, 1]"
110264,9658703.425925925,92,0x200080a0,32928,UartTxTask,"[32928, 3758096384, 0, 1]"
110269,9667923.125,90,0x20003a48,14920,TelemetryTask,"[14920, 536908656, 200, 0]"
110273,9667966.268518519,92,0x20003a48,14920,UartTxTask,"[14920, 3758096384, 20, 1]"
110278,9668702.902777778,92,0x200080a0,32928,UartTxTask,"[32928, 3758096384, 0, 1]"
110283,9677923.037037037,90,0x20003a48,14920,TelemetryTask,"[14920, 536908656, 200, 0]"
110287,9677966.041666666,92,0x20003a48,14920,UartTxTask,"[14920, 3758096384, 20, 1]"
110292,9678703.101851853,92,0x200080a0,32928,UartTxTask,"[32928, 3758096384, 0, 1]"
110297,9687922.217592593,90,0x20003a48,14920,TelemetryTask,"[14920, 536908656, 200, 0]"
110301,9687965.435185185,92,0x20003a48,14920,UartTxTask,"[14920, 3758096384, 20, 1]"
110306,9688702.657407407,92,0x200080a0,32928,UartTxTask,"[32928, 3758096384, 0, 1]"
110311,9697922.416666666,90,0x20003a48,14920,TelemetryTask,"[14920, 536908656, 200, 0]"
110315,9697965.226851853,92,0x20003a48,14920,UartTxTask,"[14920, 3758096384, 20, 1]"
110320,9698702.273148147,92,0x200080a0,32928,UartTxTask,"[32928, 3758096384, 0, 1]"
110325,9707923.185185185,90,0x20003a48,14920,TelemetryTask,"[14920, 536908656, 200, 0]"
110329,9707965.833333334,92,0x20003a48,14920,UartTxTask,"[14920, 3758096384, 20, 1]"
110334,9708702.819444444,92,0x200080a0,32928,UartTxTask,"[32928, 3758096384, 0, 1]"
110339,9717922.736111112,90,0x20003a48,14920,TelemetryTask,"[14920, 536908656, 200, 0]"
110343,9717965.754629629,92,0x20003a48,14920,UartTxTask,"[14920, 3758096384, 20, 1]"
110348,9718703.111111112,92,0x200080a0,32928,UartTxTask,"[32928, 3758096384, 0, 1]"
110353,9727922.074074075,90,0x20003a48,14920,TelemetryTask,"[14920, 536908656, 200, 0]"
110357,9727965.574074075,92,0x20003a48,14920,UartTxTask,"[14920, 3758096384, 20, 1]"
110362,9728702.361111112,92,0x200080a0,32928,UartTxTask,"[32928, 3758096384, 0, 1]"
110367,9737922.930555556,90,0x20003a48,14920,TelemetryTask,"[14920, 536908656, 200, 0]"
110371,9737966.254629629,92,0x20003a48,14920,UartTxTask,"[14920, 3758096384, 20, 1]"
110376,9738702.847222222,92,0x200080a0,32928,UartTxTask,"[32928, 3758096384, 0, 1]"
110381,9747922.402777778,90,0x20003a48,14920,TelemetryTask,"[14920, 536908656, 200, 0]"
110385,9747965.86574074,92,0x20003a48,14920,UartTxTask,"[14920, 3758096384, 20, 1]"
110390,9748702.814814815,92,0x200080a0,32928,UartTxTask,"[32928, 3758096384, 0, 1]"
110395,9757923.421296297,90,0x20003a48,14920,TelemetryTask,"[14920, 536908656, 200, 0]"
110399,9757966.583333334,92,0x20003a48,14920,UartTxTask,"[14920, 3758096384, 20, 1]"
110404,9758703.11574074,92,0x200080a0,32928,UartTxTask,"[32928, 3758096384, 0, 1]"
110409,9767922.773148147,90,0x20003a48,14920,TelemetryTask,"[14920, 536908656, 200, 0]"
110413,9767965.481481481,92,0x20003a48,14920,UartTxTask,"[14920, 3758096384, 20, 1]"
110418,9768702.152777778,92,0x200080a0,32928,UartTxTask,"[32928, 3758096384, 0, 1]"
110423,9777922.143518519,90,0x20003a48,14920,TelemetryTask,"[14920, 536908656, 200, 0]"
110427,9777965.291666666,92,0x20003a48,14920,UartTxTask,"[14920, 3758096384, 20, 1]"
110432,9778702.601851853,92,0x200080a0,32928,UartTxTask,"[32928, 3758096384, 0, 1]"
110437,9787922.675925925,90,0x20003a48,14920,TelemetryTask,"[14920, 536908656, 200, 0]"
110441,9787965.439814815,92,0x20003a48,14920,UartTxTask,"[14920, 3758096384, 20, 1]"
110446,9788702.518518519,92,0x200080a0,32928,UartTxTask,"[32928, 3758096384, 0, 1]"
110451,9797922.754629629,90,0x20003a48,14920,TelemetryTask,"[14920, 536908656, 200, 0]"
110455,9797965.305555556,92,0x20003a48,14920,UartTxTask,"[14920, 3758096384, 20, 1]"
110460,9798702.087962963,92,0x200080a0,32928,UartTxTask,"[32928, 3758096384, 0, 1]"
110465,9807922.5,90,0x20003a48,14920,TelemetryTask,"[14920, 536908656, 200, 0]"
110469,9807965.703703703,92,0x20003a48,14920,UartTxTask,"[14920, 3758096384, 20, 1]"
110474,9808702.828703703,92,0x200080a0,32928,UartTxTask,"[32928, 3758096384, 0, 1]"
110479,9817923.263888888,90,0x20003a48,14920,TelemetryTask,"[14920, 536908656, 200, 0]"
110483,9817966.782407407,92,0x20003a48,14920,UartTxTask,"[14920, 3758096384, 20, 1]"
110488,9818703.856481481,92,0x200080a0,32928,UartTxTask,"[32928, 3758096384, 0, 1]"
110493,9827922.685185185,90,0x20003a48,14920,TelemetryTask,"[14920, 536908656, 200, 0]"
110497,9827966.11574074,92,0x20003a48,14920,UartTxTask,"[14920, 3758096384, 20, 1]"
110502,9828702.63425926,92,0x200080a0,32928,UartTxTask,"[32928, 3758096384, 0, 1]"
110507,9837922.851851853,90,0x20003a48,14920,TelemetryTask,"[14920, 536908656, 200, 0]"
110511,9837965.296296297,92,0x20003a48,14920,UartTxTask,"[14920, 3758096384, 20, 1]"
110516,9838702.203703703,92,0x200080a0,32928,UartTxTask,"[32928, 3758096384, 0, 1]"
110521,9847922.597222222,90,0x20003a48,14920,TelemetryTask,"[14920, 536908656, 200, 0]"
110525,9847965.75,92,0x20003a48,14920,UartTxTask,"[14920, 3758096384, 20, 1]"
110530,9848702.902777778,92,0x200080a0,32928,UartTxTask,"[32928, 3758096384, 0, 1]"
110535,9857922.745370371,90,0x20003a48,14920,TelemetryTask,"[14920, 536908656, 200, 0]"
110539,9857965.810185185,92,0x20003a48,14920,UartTxTask,"[14920, 3758096384, 20, 1]"
110544,9858702.574074075,92,0x200080a0,32928,UartTxTask,"[32928, 3758096384, 0, 1]"
110549,9867922.898148147,90,0x20003a48,14920,TelemetryTask,"[14920, 536908656, 200, 0]"
110553,9867965.791666666,92,0x20003a48,14920,UartTxTask,"[14920, 3758096384, 20, 1]"
110558,9868702.379629629,92,0x200080a0,32928,UartTxTask,"[32928, 3758096384, 0, 1]"
110563,9877923.689814815,90,0x20003a48,14920,TelemetryTask,"[14920, 536908656, 200, 0]"
110567,9877966.574074075,92,0x20003a48,14920,UartTxTask,"[14920, 3758096384, 20, 1]"
110572,9878703.63425926,92,0x200080a0,32928,UartTxTask,"[32928, 3758096384, 0, 1]"
110577,9887922.513888888,90,0x20003a48,14920,TelemetryTask,"[14920, 536908656, 200, 0]"
110581,9887965.643518519,92,0x20003a48,14920,UartTxTask,"[14920, 3758096384, 20, 1]"
110586,9888702.611111112,92,0x200080a0,32928,UartTxTask,"[32928, 3758096384, 0, 1]"
110591,9897922.518518519,90,0x20003a48,14920,TelemetryTask,"[14920, 536908656, 200, 0]"
110595,9897965.930555556,92,0x20003a48,14920,UartTxTask,"[14920, 3758096384, 20, 1]"
110600,9898703.097222222,92,0x200080a0,32928,UartTxTask,"[32928, 3758096384, 0, 1]"
110605,9907923.291666666,90,0x20003a48,14920,TelemetryTask,"[14920, 536908656, 200, 0]"
110609,9907966.208333334,92,0x20003a48,14920,UartTxTask,"[14920, 3758096384, 20, 1]"
110614,9908703.175925925,92,0x200080a0,32928,UartTxTask,"[32928, 3758096384, 0, 1]"
110619,9917922.921296297,90,0x20003a48,14920,TelemetryTask,"[14920, 536908656, 200, 0]"
110623,9917966.523148147,92,0x20003a48,14920,UartTxTask,"[14920, 3758096384, 20, 1]"
110628,9918703.421296297,92,0x200080a0,32928,UartTxTask,"[32928, 3758096384, 0, 1]"
110633,9927923.037037037,90,0x20003a48,14920,TelemetryTask,"[14920, 536908656, 200, 0]"
110637,9927965.88425926,92,0x20003a48,14920,UartTxTask,"[14920, 3758096384, 20, 1]"
110642,9928703.351851853,92,0x200080a0,32928,UartTxTask,"[32928, 3758096384, 0, 1]"
110647,9937922.537037037,90,0x20003a48,14920,TelemetryTask,"[14920, 536908656, 200, 0]"
110651,9937965.277777778,92,0x20003a48,14920,UartTxTask,"[14920, 3758096384, 20, 1]"
110656,9938702.060185185,92,0x200080a0,32928,UartTxTask,"[32928, 3758096384, 0, 1]"
110661,9947923.61574074,90,0x20003a48,14920,TelemetryTask,"[14920, 536908656, 200, 0]"
110665,9947966.986111112,92,0x20003a48,14920,UartTxTask,"[14920, 3758096384, 20, 1]"
110670,9948704.532407407,92,0x200080a0,32928,UartTxTask,"[32928, 3758096384, 0, 1]"
110675,9957922.476851853,90,0x20003a48,14920,TelemetryTask,"[14920, 536908656, 200, 0]"
110679,9957965.476851853,92,0x20003a48,14920,UartTxTask,"[14920, 3758096384, 20, 1]"
110684,9958702.300925925,92,0x200080a0,32928,UartTxTask,"[32928, 3758096384, 0, 1]"
110689,9967922.99074074,90,0x20003a48,14920,TelemetryTask,"[14920, 536908656, 200, 0]"
110693,9967966.194444444,92,0x20003a48,14920,UartTxTask,"[14920, 3758096384, 20, 1]"
110698,9968702.935185185,92,0x200080a0,32928,UartTxTask,"[32928, 3758096384, 0, 1]"
110703,9977922.574074075,90,0x20003a48,14920,TelemetryTask,"[14920, 536908656, 200, 0]"
110707,9977965.231481481,92,0x20003a48,14920,UartTxTask,"[14920, 3758096384, 20, 1]"
110712,9978702.63425926,92,0x200080a0,32928,UartTxTask,"[32928, 3758096384, 0, 1]"
110717,9987923.11574074,90,0x20003a48,14920,TelemetryTask,"[14920, 536908656, 200, 0]"
110721,9987966.00925926,92,0x20003a48,14920,UartTxTask,"[14920, 3758096384, 20, 1]"
110726,9988703.425925925,92,0x200080a0,32928,UartTxTask,"[32928, 3758096384, 0, 1]"
110731,9997922.273148147,90,0x20003a48,14920,TelemetryTask,"[14920, 536908656, 200, 0]"
110735,9997965.50925926,92,0x20003a48,14920,UartTxTask,"[14920, 3758096384, 20, 1]"
110740,9998702.50925926,92,0x200080a0,32928,UartTxTask,"[32928, 3758096384, 0, 1]"
110745,10007922.481481481,90,0x20003a48,14920,TelemetryTask,"[14920, 536908656, 200, 0]"
110749,10007965.481481481,92,0x20003a48,14920,UartTxTask,"[14920, 3758096384, 20, 1]"
110754,10008702.361111112,92,0x200080a0,32928,UartTxTask,"[32928, 3758096384, 0, 1]"
110759,10017923.032407407,90,0x20003a48,14920,TelemetryTask,"[14920, 536908656, 200, 0]"
110763,10017965.912037037,92,0x20003a48,14920,UartTxTask,"[14920, 3758096384, 20, 1]"
110768,10018702.574074075,92,0x200080a0,32928,UartTxTask,"[32928, 3758096384, 0, 1]"
110773,10027921.726851853,90,0x20003a48,14920,TelemetryTask,"[14920, 536908656, 200, 0]"
110777,10027965.648148147,92,0x20003a48,14920,UartTxTask,"[14920, 3758096384, 20, 1]"
110782,10028702.555555556,92,0x200080a0,32928,UartTxTask,"[32928, 3758096384, 0, 1]"
110787,10037922.88425926,90,0x20003a48,14920,TelemetryTask,"[14920, 536908656, 200, 0]"
110791,10037966.083333334,92,0x20003a48,14920,UartTxTask,"[14920, 3758096384, 20, 1]"
110796,10038702.75,92,0x200080a0,32928,UartTxTask,"[32928, 3758096384, 0, 1]"
110801,10047922.625,90,0x20003a48,14920,TelemetryTask,"[14920, 536908656, 200, 0]"
110805,10047965.550925925,92,0x20003a48,14920,UartTxTask,"[14920, 3758096384, 20, 1]"
110810,10048702.120370371,92,0x200080a0,32928,UartTxTask,"[32928, 3758096384, 0, 1]"
110815,10057922.476851853,90,0x20003a48,14920,TelemetryTask,"[14920, 536908656, 200, 0]"
110819,10057965.458333334,92,0x20003a48,14920,UartTxTask,"[14920, 3758096384, 20, 1]"
110824,10058702.699074075,92,0x200080a0,32928,UartTxTask,"[32928, 3758096384, 0, 1]"
110829,10067923.004629629,90,0x20003a48,14920,TelemetryTask,"[14920, 536908656, 200, 0]"
110833,10067966.592592593,92,0x20003a48,14920,UartTxTask,"[14920, 3758096384, 20, 1]"
110838,10068703.36574074,92,0x200080a0,32928,UartTxTask,"[32928, 3758096384, 0, 1]"
110843,10077923.49074074,90,0x20003a48,14920,TelemetryTask,"[14920, 536908656, 200, 0]"
110847,10077967.300925925,92,0x20003a48,14920,UartTxTask,"[14920, 3758096384, 20, 1]"
110852,10078704.050925925,92,0x200080a0,32928,UartTxTask,"[32928, 3758096384, 0, 1]"
110857,10087922.120370371,90,0x20003a48,14920,TelemetryTask,"[14920, 536908656, 200, 0]"
110861,10087966.231481481,92,0x20003a48,14920,UartTxTask,"[14920, 3758096384, 20, 1]"
110866,10088702.893518519,92,0x200080a0,32928,UartTxTask,"[32928, 3758096384, 0, 1]"
110871,10097922.361111112,90,0x20003a48,14920,TelemetryTask,"[14920, 536908656, 200, 0]"
110875,10097965.745370371,92,0x20003a48,14920,UartTxTask,"[14920, 3758096384, 20, 1]"
110880,10098703.333333334,92,0x200080a0,32928,UartTxTask,"[32928, 3758096384, 0, 1]"
110885,10107922.583333334,90,0x20003a48,14920,TelemetryTask,"[14920, 536908656, 200, 0]"
110889,10107965.824074075,92,0x20003a48,14920,UartTxTask,"[14920, 3758096384, 20, 1]"
110894,10108702.800925925,92,0x200080a0,32928,UartTxTask,"[32928, 3758096384, 0, 1]"
110899,10117922.958333334,90,0x20003a48,14920,TelemetryTask,"[14920, 536908656, 200, 0]"
110903,10117965.578703703,92,0x20003a48,14920,UartTxTask,"[14920, 3758096384, 20, 1]"
110908,10118702.578703703,92,0x200080a0,32928,UartTxTask,"[32928, 3758096384, 0, 1]"
110913,10127922.652777778,90,0x20003a48,14920,TelemetryTask,"[14920, 536908656, 200, 0]"
110917,10127965.38425926,92,0x20003a48,14920,UartTxTask,"[14920, 3758096384, 20, 1]"
110922,10128702.25925926,92,0x200080a0,32928,UartTxTask,"[32928, 3758096384, 0, 1]"
110927,10137922.157407407,90,0x20003a48,14920,TelemetryTask,"[14920, 536908656, 200, 0]"
110931,10137964.958333334,92,0x20003a48,14920,UartTxTask,"[14920, 3758096384, 20, 1]"
110936,10138701.532407407,92,0x200080a0,32928,UartTxTask,"[32928, 3758096384, 0, 1]"
110941,10147923.356481481,90,0x20003a48,14920,TelemetryTask,"[14920, 536908656, 200, 0]"
110945,10147966.037037037,92,0x20003a48,14920,UartTxTask,"[14920, 3758096384, 20, 1]"
110950,10148702.875,92,0x200080a0,32928,UartTxTask,"[32928, 3758096384, 0, 1]"
110955,10157922.092592593,90,0x20003a48,14920,TelemetryTask,"[14920, 536908656, 200, 0]"
110959,10157965.236111112,92,0x20003a48,14920,UartTxTask,"[14920, 3758096384, 20, 1]"
110964,10158702.361111112,92,0x200080a0,32928,UartTxTask,"[32928, 3758096384, 0, 1]"
110969,10167924.111111112,90,0x20003a48,14920,TelemetryTask,"[14920, 536908656, 200, 0]"
110973,10167966.555555556,92,0x20003a48,14920,UartTxTask,"[14920, 3758096384, 20, 1]"
110978,10168703.407407407,92,0x200080a0,32928,UartTxTask,"[32928, 3758096384, 0, 1]"
110983,10177922.708333334,90,0x20003a48,14920,TelemetryTask,"[14920, 536908656, 200, 0]"
110987,10177965.527777778,92,0x20003a48,14920,UartTxTask,"[14920, 3758096384, 20, 1]"
110992,10178702.194444444,92,0x200080a0,32928,UartTxTask,"[32928, 3758096384, 0, 1]"
110997,10187922.324074075,90,0x20003a48,14920,TelemetryTask,"[14920, 536908656, 200, 0]"
111001,10187965.726851853,92,0x20003a48,14920,UartTxTask,"[14920, 3758096384, 20, 1]"
111006,10188702.38425926,92,0x200080a0,32928,UartTxTask,"[32928, 3758096384, 0, 1]"
111011,10197922.810185185,90,0x20003a48,14920,TelemetryTask,"[14920, 536908656, 200, 0]"
111015,10197966.00925926,92,0x20003a48,14920,UartTxTask,"[14920, 3758096384, 20, 1]"
111020,10198702.986111112,92,0x200080a0,32928,UartTxTask,"[32928, 3758096384, 0, 1]"
111025,10207922.662037037,90,0x20003a48,14920,TelemetryTask,"[14920, 536908656, 200, 0]"
111029,10207966.347222222,92,0x20003a48,14920,UartTxTask,"[14920, 3758096384, 20, 1]"
111034,10208703.953703703,92,0x200080a0,32928,UartTxTask,"[32928, 3758096384, 0, 1]"
111039,10217922.342592593,90,0x20003a48,14920,TelemetryTask,"[14920, 536908656, 200, 0]"
111043,10217965.143518519,92,0x20003a48,14920,UartTxTask,"[14920, 3758096384, 20, 1]"
111048,10218702.226851853,92,0x200080a0,32928,UartTxTask,"[32928, 3758096384, 0, 1]"
111053,10227922.527777778,90,0x20003a48,14920,TelemetryTask,"[14920, 536908656, 200, 0]"
111057,10227965.36574074,92,0x20003a48,14920,UartTxTask,"[14920, 3758096384, 20, 1]"
111062,10228701.916666666,92,0x200080a0,32928,UartTxTask,"[32928, 3758096384, 0, 1]"
111067,10237923.356481481,90,0x20003a48,14920,TelemetryTask,"[14920, 536908656, 200, 0]"
111071,10237966.097222222,92,0x20003a48,14920,UartTxTask,"[14920, 3758096384, 20, 1]"
111076,10238703.203703703,92,0x200080a0,32928,UartTxTask,"[32928, 3758096384, 0, 1]"
111081,10247922.814814815,90,0x20003a48,14920,TelemetryTask,"[14920, 536908656, 200, 0]"
111085,10247966.245370371,92,0x20003a48,14920,UartTxTask,"[14920, 3758096384, 20, 1]"
111090,10248703.611111112,92,0x200080a0,32928,UartTxTask,"[32928, 3758096384, 0, 1]"
111095,10257923.125,90,0x20003a48,14920,TelemetryTask,"[14920, 536908656, 200, 0]"
111099,10257965.689814815,92,0x20003a48,14920,UartTxTask,"[14920, 3758096384, 20, 1]"
111104,10258702.38425926,92,0x200080a0,32928,UartTxTask,"[32928, 3758096384, 0, 1]"
111108,10261574.217592593,96,0x20003970,14704,ISR#56,"[14704, 537198440]"
111112,10261608.745370371,92,0x20003970,14704,ButtonTask,"[14704, 3758096384, 4294967295, 1]"
111113,10261711.310185185,90,0x20003a48,14920,ButtonTask,"[14920, 536906932, 200, 0]"
111117,10261757.0,92,0x20003a48,14920,UartTxTask,"[14920, 3758096384, 20, 1]"
111122,10262492.444444444,92,0x200080a0,32928,UartTxTask,"[32928, 3758096384, 0, 1]"
111127,10267917.861111112,90,0x20003a48,14920,TelemetryTask,"[14920, 536908656, 200, 0]"
111131,10267961.402777778,92,0x20003a48,14920,UartTxTask,"[14920, 3758096384, 20, 1]"
111136,10268698.291666666,92,0x200080a0,32928,UartTxTask,"[32928, 3758096384, 0, 1]"
111141,10277921.652777778,90,0x20003a48,14920,TelemetryTask,"[14920, 536908656, 200, 0]"
111145,10277964.958333334,92,0x20003a48,14920,UartTxTask,"[14920, 3758096384, 20, 1]"
111150,10278701.564814815,92,0x200080a0,32928,UartTxTask,"[32928, 3758096384, 0, 1]"
111155,10287921.949074075,90,0x20003a48,14920,TelemetryTask,"[14920, 536908656, 200, 0]"
111159,10287965.564814815,92,0x20003a48,14920,UartTxTask,"[14920, 3758096384, 20, 1]"
111164,10288702.99074074,92,0x200080a0,32928,UartTxTask,"[32928, 3758096384, 0, 1]"
111169,10297922.796296297,90,0x20003a48,14920,TelemetryTask,"[14920, 536908656, 200, 0]"
111173,10297965.810185185,92,0x20003a48,14920,UartTxTask,"[14920, 3758096384, 20, 1]"
111178,10298702.967592593,92,0x200080a0,32928,UartTxTask,"[32928, 3758096384, 0, 1]"
111183,10307922.814814815,90,0x20003a48,14920,TelemetryTask,"[14920, 536908656, 200, 0]"
111187,10307966.162037037,92,0x20003a48,14920,UartTxTask,"[14920, 3758096384, 20, 1]"
111192,10308703.189814815,92,0x200080a0,32928,UartTxTask,"[32928, 3758096384, 0, 1]"
111197,10317922.337962963,90,0x20003a48,14920,TelemetryTask,"[14920, 536908656, 200, 0]"
111201,10317965.712962963,92,0x20003a48,14920,UartTxTask,"[14920, 3758096384, 20, 1]"
111206,10318702.75,92,0x200080a0,32928,UartTxTask,"[32928, 3758096384, 0, 1]"
111211,10327922.671296297,90,0x20003a48,14920,TelemetryTask,"[14920, 536908656, 200, 0]"
111215,10327966.083333334,92,0x20003a48,14920,UartTxTask,"[14920, 3758096384, 20, 1]"
111220,10328703.180555556,92,0x200080a0,32928,UartTxTask,"[32928, 3758096384, 0, 1]"
111225,10337922.5,90,0x20003a48,14920,TelemetryTask,"[14920, 536908656, 200, 0]"
111229,10337965.245370371,92,0x20003a48,14920,UartTxTask,"[14920, 3758096384, 20, 1]"
111234,10338702.462962963,92,0x200080a0,32928,UartTxTask,"[32928, 3758096384, 0, 1]"
111239,10347922.587962963,90,0x20003a48,14920,TelemetryTask,"[14920, 536908656, 200, 0]"
111243,10347965.898148147,92,0x20003a48,14920,UartTxTask,"[14920, 3758096384, 20, 1]"
111248,10348703.254629629,92,0x200080a0,32928,UartTxTask,"[32928, 3758096384, 0, 1]"
111253,10357922.666666666,90,0x20003a48,14920,TelemetryTask,"[14920, 536908656, 200, 0]"
111257,10357965.962962963,92,0x20003a48,14920,UartTxTask,"[14920, 3758096384, 20, 1]"
111262,10358703.004629629,92,0x200080a0,32928,UartTxTask,"[32928, 3758096384, 0, 1]"
111267,10367923.018518519,90,0x20003a48,14920,TelemetryTask,"[14920, 536908656, 200, 0]"
111271,10367965.847222222,92,0x20003a48,14920,UartTxTask,"[14920, 3758096384, 20, 1]"
111276,10368703.541666666,92,0x200080a0,32928,UartTxTask,"[32928, 3758096384, 0, 1]"
111281,10377922.291666666,90,0x20003a48,14920,TelemetryTask,"[14920, 536908656, 200, 0]"
111285,10377965.435185185,92,0x20003a48,14920,UartTxTask,"[14920, 3758096384, 20, 1]"
111290,10378702.064814815,92,0x200080a0,32928,UartTxTask,"[32928, 3758096384, 0, 1]"
111295,10387924.013888888,90,0x20003a48,14920,TelemetryTask,"[14920, 536908656, 200, 0]"
111299,10387967.129629629,92,0x20003a48,14920,UartTxTask,"[14920, 3758096384, 20, 1]"
111304,10388703.777777778,92,0x200080a0,32928,UartTxTask,"[32928, 3758096384, 0, 1]"
111309,10397922.046296297,90,0x20003a48,14920,TelemetryTask,"[14920, 536908656, 200, 0]"
111313,10397964.805555556,92,0x20003a48,14920,UartTxTask,"[14920, 3758096384, 20, 1]"
111318,10398701.851851853,92,0x200080a0,32928,UartTxTask,"[32928, 3758096384, 0, 1]"
111323,10407922.879629629,90,0x20003a48,14920,TelemetryTask,"[14920, 536908656, 200, 0]"
111327,10407965.976851853,92,0x20003a48,14920,UartTxTask,"[14920, 3758096384, 20, 1]"
111332,10408703.180555556,92,0x200080a0,32928,UartTxTask,"[32928, 3758096384, 0, 1]"
111337,10417923.13425926,90,0x20003a48,14920,TelemetryTask,"[14920, 536908656, 200, 0]"
111341,10417965.819444444,92,0x20003a48,14920,UartTxTask,"[14920, 3758096384, 20, 1]"
111346,10418702.833333334,92,0x200080a0,32928,UartTxTask,"[32928, 3758096384, 0, 1]"
111351,10427922.069444444,90,0x20003a48,14920,TelemetryTask,"[14920, 536908656, 200, 0]"
111355,10427965.337962963,92,0x20003a48,14920,UartTxTask,"[14920, 3758096384, 20, 1]"
111360,10428702.537037037,92,0x200080a0,32928,UartTxTask,"[32928, 3758096384, 0, 1]"
111365,10437922.564814815,90,0x20003a48,14920,TelemetryTask,"[14920, 536908656, 200, 0]"
111369,10437965.393518519,92,0x20003a48,14920,UartTxTask,"[14920, 3758096384, 20, 1]"
111374,10438702.296296297,92,0x200080a0,32928,UartTxTask,"[32928, 3758096384, 0, 1]"
111379,10447922.138888888,90,0x20003a48,14920,TelemetryTask,"[14920, 536908656, 200, 0]"
111383,10447965.328703703,92,0x20003a48,14920,UartTxTask,"[14920, 3758096384, 20, 1]"
111388,10448702.407407407,92,0x200080a0,32928,UartTxTask,"[32928, 3758096384, 0, 1]"
111393,10457922.587962963,90,0x20003a48,14920,TelemetryTask,"[14920, 536908656, 200, 0]"
111397,10457965.837962963,92,0x20003a48,14920,UartTxTask,"[14920, 3758096384, 20, 1]"
111402,10458702.63425926,92,0x200080a0,32928,UartTxTask,"[32928, 3758096384, 0, 1]"
111407,10467922.768518519,90,0x20003a48,14920,TelemetryTask,"[14920, 536908656, 200, 0]"
111411,10467965.675925925,92,0x20003a48,14920,UartTxTask,"[14920, 3758096384, 20, 1]"
111416,10468702.277777778,92,0x200080a0,32928,UartTxTask,"[32928, 3758096384, 0, 1]"
111421,10477923.185185185,90,0x20003a48,14920,TelemetryTask,"[14920, 536908656, 200, 0]"
111425,10477966.38425926,92,0x20003a48,14920,UartTxTask,"[14920, 3758096384, 20, 1]"
111430,10478703.11574074,92,0x200080a0,32928,UartTxTask,"[32928, 3758096384, 0, 1]"
111435,10487923.504629629,90,0x20003a48,14920,TelemetryTask,"[14920, 536908656, 200, 0]"
111439,10487967.356481481,92,0x20003a48,14920,UartTxTask,"[14920, 3758096384, 20, 1]"
111444,10488704.041666666,92,0x200080a0,32928,UartTxTask,"[32928, 3758096384, 0, 1]"
111449,10497922.916666666,90,0x20003a48,14920,TelemetryTask,"[14920, 536908656, 200, 0]"
111453,10497965.555555556,92,0x20003a48,14920,UartTxTask,"[14920, 3758096384, 20, 1]"
111458,10498702.305555556,92,0x200080a0,32928,UartTxTask,"[32928, 3758096384, 0, 1]"
111463,10507922.222222222,90,0x20003a48,14920,TelemetryTask,"[14920, 536908656, 200, 0]"
111467,10507965.606481481,92,0x20003a48,14920,UartTxTask,"[14920, 3758096384, 20, 1]"
111472,10508702.745370371,92,0x200080a0,32928,UartTxTask,"[32928, 3758096384, 0, 1]"
111477,10517921.986111112,90,0x20003a48,14920,TelemetryTask,"[14920, 536908656, 200, 0]"
111481,10517965.75,92,0x20003a48,14920,UartTxTask,"[14920, 3758096384, 20, 1]"
111486,10518702.652777778,92,0x200080a0,32928,UartTxTask,"[32928, 3758096384, 0, 1]"
111491,10527922.347222222,90,0x20003a48,14920,TelemetryTask,"[14920, 536908656, 200, 0]"
111495,10527965.24074074,92,0x20003a48,14920,UartTxTask,"[14920, 3758096384, 20, 1]"
111500,10528702.097222222,92,0x200080a0,32928,UartTxTask,"[32928, 3758096384, 0, 1]"
111505,10537921.370370371,90,0x20003a48,14920,TelemetryTask,"[14920, 536908656, 200, 0]"
111509,10537964.662037037,92,0x20003a48,14920,UartTxTask,"[14920, 3758096384, 20, 1]"
111514,10538701.745370371,92,0x200080a0,32928,UartTxTask,"[32928, 3758096384, 0, 1]"
111519,10547922.152777778,90,0x20003a48,14920,TelemetryTask,"[14920, 536908656, 200, 0]"
111523,10547965.277777778,92,0x20003a48,14920,UartTxTask,"[14920, 3758096384, 20, 1]"
111528,10548702.754629629,92,0x200080a0,32928,UartTxTask,"[32928, 3758096384, 0, 1]"
111533,10557921.99074074,90,0x20003a48,14920,TelemetryTask,"[14920, 536908656, 200, 0]"
111537,10557965.546296297,92,0x20003a48,14920,UartTxTask,"[14920, 3758096384, 20, 1]"
111542,10558702.861111112,92,0x200080a0,32928,UartTxTask,"[32928, 3758096384, 0, 1]"
111547,10567922.842592593,90,0x20003a48,14920,TelemetryTask,"[14920, 536908656, 200, 0]"
111551,10567966.481481481,92,0x20003a48,14920,UartTxTask,"[14920, 3758096384, 20, 1]"
111556,10568703.087962963,92,0x200080a0,32928,UartTxTask,"[32928, 3758096384, 0, 1]"
111561,10577923.171296297,90,0x20003a48,14920,TelemetryTask,"[14920, 536908656, 200, 0]"
111565,10577966.305555556,92,0x20003a48,14920,UartTxTask,"[14920, 3758096384, 20, 1]"
111570,10578703.277777778,92,0x200080a0,32928,UartTxTask,"[32928, 3758096384, 0, 1]"
111575,10587923.25925926,90,0x20003a48,14920,TelemetryTask,"[14920, 536908656, 200, 0]"
111579,10587966.083333334,92,0x20003a48,14920,UartTxTask,"[14920, 3758096384, 20, 1]"
111584,10588703.157407407,92,0x200080a0,32928,UartTxTask,"[32928, 3758096384, 0, 1]"
111589,10597922.5,90,0x20003a48,14920,TelemetryTask,"[14920, 536908656, 200, 0]"
111593,10597966.120370371,92,0x20003a48,14920,UartTxTask,"[14920, 3758096384, 20, 1]"
111598,10598702.972222222,92,0x200080a0,32928,UartTxTask,"[32928, 3758096384, 0, 1]"
111603,10607922.222222222,90,0x20003a48,14920,TelemetryTask,"[14920, 536908656, 200, 0]"
111607,10607965.462962963,92,0x20003a48,14920,UartTxTask,"[14920, 3758096384, 20, 1]"
111612,10608702.532407407,92,0x200080a0,32928,UartTxTask,"[32928, 3758096384, 0, 1]"
111617,10617922.314814815,90,0x20003a48,14920,TelemetryTask,"[14920, 536908656, 200, 0]"
111621,10617965.481481481,92,0x20003a48,14920,UartTxTask,"[14920, 3758096384, 20, 1]"
111626,10618702.587962963,92,0x200080a0,32928,UartTxTask,"[32928, 3758096384, 0, 1]"
111631,10627922.856481481,90,0x20003a48,14920,TelemetryTask,"[14920, 536908656, 200, 0]"
111635,10627966.38425926,92,0x20003a48,14920,UartTxTask,"[14920, 3758096384, 20, 1]"
111640,10628703.708333334,92,0x200080a0,32928,UartTxTask,"[32928, 3758096384, 0, 1]"
111645,10637922.777777778,90,0x20003a48,14920,TelemetryTask,"[14920, 536908656, 200, 0]"
111649,10637966.138888888,92,0x20003a48,14920,UartTxTask,"[14920, 3758096384, 20, 1]"
111654,10638703.416666666,92,0x200080a0,32928,UartTxTask,"[32928, 3758096384, 0, 1]"
111659,10647923.004629629,90,0x20003a48,14920,TelemetryTask,"[14920, 536908656, 200, 0]"
111663,10647966.263888888,92,0x20003a48,14920,UartTxTask,"[14920, 3758096384, 20, 1]"
111668,10648703.467592593,92,0x200080a0,32928,UartTxTask,"[32928, 3758096384, 0, 1]"
111673,10657922.296296297,90,0x20003a48,14920,TelemetryTask,"[14920, 536908656, 200, 0]"
111677,10657965.875,92,0x20003a48,14920,UartTxTask,"[14920, 3758096384, 20, 1]"
111682,10658702.898148147,92,0x200080a0,32928,UartTxTask,"[32928, 3758096384, 0, 1]"
111687,10667923.518518519,90,0x20003a48,14920,TelemetryTask,"[14920, 536908656, 200, 0]"
111691,10667966.231481481,92,0x20003a48,14920,UartTxTask,"[14920, 3758096384, 20, 1]"
111696,10668703.472222222,92,0x200080a0,32928,UartTxTask,"[32928, 3758096384, 0, 1]"
111701,10677922.625,90,0x20003a48,14920,TelemetryTask,"[14920, 536908656, 200, 0]"
111705,10677965.555555556,92,0x20003a48,14920,UartTxTask,"[14920, 3758096384, 20, 1]"
111710,10678702.018518519,92,0x200080a0,32928,UartTxTask,"[32928, 3758096384, 0, 1]"
111715,10687922.277777778,90,0x20003a48,14920,TelemetryTask,"[14920, 536908656, 200, 0]"
111719,10687965.856481481,92,0x20003a48,14920,UartTxTask,"[14920, 3758096384, 20, 1]"
111724,10688702.481481481,92,0x200080a0,32928,UartTxTask,"[32928, 3758096384, 0, 1]"
111729,10697922.800925925,90,0x20003a48,14920,TelemetryTask,"[14920, 536908656, 200, 0]"
111733,10697965.574074075,92,0x20003a48,14920,UartTxTask,"[14920, 3758096384, 20, 1]"
111738,10698702.5,92,0x200080a0,32928,UartTxTask,"[32928, 3758096384, 0, 1]"
111743,10707922.212962963,90,0x20003a48,14920,TelemetryTask,"[14920, 536908656, 200, 0]"
111747,10707964.981481481,92,0x20003a48,14920,UartTxTask,"[14920, 3758096384, 20, 1]"
111752,10708702.069444444,92,0x200080a0,32928,UartTxTask,"[32928, 3758096384, 0, 1]"
111757,10717922.527777778,90,0x20003a48,14920,TelemetryTask,"[14920, 536908656, 200, 0]"
111761,10717965.717592593,92,0x20003a48,14920,UartTxTask,"[14920, 3758096384, 20, 1]"
111766,10718702.879629629,92,0x200080a0,32928,UartTxTask,"[32928, 3758096384, 0, 1]"
111771,10727922.032407407,90,0x20003a48,14920,TelemetryTask,"[14920, 536908656, 200, 0]"
111775,10727965.569444444,92,0x20003a48,14920,UartTxTask,"[14920, 3758096384, 20, 1]"
111780,10728702.958333334,92,0x200080a0,32928,UartTxTask,"[32928, 3758096384, 0, 1]"
111785,10737922.976851853,90,0x20003a48,14920,TelemetryTask,"[14920, 536908656, 200, 0]"
111789,10737966.050925925,92,0x20003a48,14920,UartTxTask,"[14920, 3758096384, 20, 1]"
111794,10738702.638888888,92,0x200080a0,32928,UartTxTask,"[32928, 3758096384, 0, 1]"
111799,10747922.50925926,90,0x20003a48,14920,TelemetryTask,"[14920, 536908656, 200, 0]"
111803,10747965.986111112,92,0x20003a48,14920,UartTxTask,"[14920, 3758096384, 20, 1]"
111808,10748703.097222222,92,0x200080a0,32928,UartTxTask,"[32928, 3758096384, 0, 1]"
111813,10757922.555555556,90,0x20003a48,14920,TelemetryTask,"[14920, 536908656, 200, 0]"
111817,10757965.412037037,92,0x20003a48,14920,UartTxTask,"[14920, 3758096384, 20, 1]"
111822,10758702.523148147,92,0x200080a0,32928,UartTxTask,"[32928, 3758096384, 0, 1]"
111827,10767922.583333334,90,0x20003a48,14920,TelemetryTask,"[14920, 536908656, 200, 0]"
111831,10767965.717592593,92,0x20003a48,14920,UartTxTask,"[14920, 3758096384, 20, 1]"
111836,10768702.444444444,92,0x200080a0,32928,UartTxTask,"[32928, 3758096384, 0, 1]"
111841,10777922.907407407,90,0x20003a48,14920,TelemetryTask,"[14920, 536908656, 200, 0]"
111845,10777965.504629629,92,0x20003a48,14920,UartTxTask,"[14920, 3758096384, 20, 1]"
111850,10778702.722222222,92,0x200080a0,32928,UartTxTask,"[32928, 3758096384, 0, 1]"
111855,10787923.171296297,90,0x20003a48,14920,TelemetryTask,"[14920, 536908656, 200, 0]"
111859,10787966.481481481,92,0x20003a48,14920,UartTxTask,"[14920, 3758096384, 20, 1]"
111864,10788703.537037037,92,0x200080a0,32928,UartTxTask,"[32928, 3758096384, 0, 1]"
111869,10797922.333333334,90,0x20003a48,14920,TelemetryTask,"[14920, 536908656, 200, 0]"
111873,10797965.476851853,92,0x20003a48,14920,UartTxTask,"[14920, 3758096384, 20, 1]"
111878,10798702.671296297,92,0x200080a0,32928,UartTxTask,"[32928, 3758096384, 0, 1]"
111883,10807922.870370371,90,0x20003a48,14920,TelemetryTask,"[14920, 536908656, 200, 0]"
111887,10807965.666666666,92,0x20003a48,14920,UartTxTask,"[14920, 3758096384, 20, 1]"
111892,10808702.495370371,92,0x200080a0,32928,UartTxTask,"[32928, 3758096384, 0, 1]"
111897,10817922.287037037,90,0x20003a48,14920,TelemetryTask,"[14920, 536908656, 200, 0]"
111901,10817965.537037037,92,0x20003a48,14920,UartTxTask,"[14920, 3758096384, 20, 1]"
111906,10818703.166666666,92,0x200080a0,32928,UartTxTask,"[32928, 3758096384, 0, 1]"
111911,10827922.444444444,90,0x20003a48,14920,TelemetryTask,"[14920, 536908656, 200, 0]"
111915,10827965.38425926,92,0x20003a48,14920,UartTxTask,"[14920, 3758096384, 20, 1]"
111920,10828702.393518519,92,0x200080a0,32928,UartTxTask,"[32928, 3758096384, 0, 1]"
111925,10837922.393518519,90,0x20003a48,14920,TelemetryTask,"[14920, 536908656, 200, 0]"
111929,10837965.361111112,92,0x20003a48,14920,UartTxTask,"[14920, 3758096384, 20, 1]"
111934,10838702.435185185,92,0x200080a0,32928,UartTxTask,"[32928, 3758096384, 0, 1]"
111939,10847923.597222222,90,0x20003a48,14920,TelemetryTask,"[14920, 536908656, 200, 0]"
111943,10847966.402777778,92,0x20003a48,14920,UartTxTask,"[14920, 3758096384, 20, 1]"
111948,10848703.00925926,92,0x200080a0,32928,UartTxTask,"[32928, 3758096384, 0, 1]"
111953,10857922.513888888,90,0x20003a48,14920,TelemetryTask,"[14920, 536908656, 200, 0]"
111957,10857966.0,92,0x20003a48,14920,UartTxTask,"[14920, 3758096384, 20, 1]"
111962,10858703.023148147,92,0x200080a0,32928,UartTxTask,"[32928, 3758096384, 0, 1]"
111967,10867924.055555556,90,0x20003a48,14920,TelemetryTask,"[14920, 536908656, 200, 0]"
111971,10867966.652777778,92,0x20003a48,14920,UartTxTask,"[14920, 3758096384, 20, 1]"
111976,10868703.611111112,92,0x200080a0,32928,UartTxTask,"[32928, 3758096384, 0, 1]"
111981,10877922.208333334,90,0x20003a48,14920,TelemetryTask,"[14920, 536908656, 200, 0]"
111985,10877965.356481481,92,0x20003a48,14920,UartTxTask,"[14920, 3758096384, 20, 1]"
111990,10878702.449074075,92,0x200080a0,32928,UartTxTask,"[32928, 3758096384, 0, 1]"
111995,10887922.680555556,90,0x20003a48,14920,TelemetryTask,"[14920, 536908656, 200, 0]"
111999,10887965.861111112,92,0x20003a48,14920,UartTxTask,"[14920, 3758096384, 20, 1]"
112004,10888702.856481481,92,0x200080a0,32928,UartTxTask,"[32928, 3758096384, 0, 1]"
112009,10897922.75925926,90,0x20003a48,14920,TelemetryTask,"[14920, 536908656, 200, 0]"
112013,10897965.199074075,92,0x20003a48,14920,UartTxTask,"[14920, 3758096384, 20, 1]"
112018,10898702.50925926,92,0x200080a0,32928,UartTxTask,"[32928, 3758096384, 0, 1]"
112023,10907922.847222222,90,0x20003a48,14920,TelemetryTask,"[14920, 536908656, 200, 0]"
112027,10907965.782407407,92,0x20003a48,14920,UartTxTask,"[14920, 3758096384, 20, 1]"
112032,10908702.902777778,92,0x200080a0,32928,UartTxTask,"[32928, 3758096384, 0, 1]"
112037,10917922.902777778,90,0x20003a48,14920,TelemetryTask,"[14920, 536908656, 200, 0]"
112041,10917965.805555556,92,0x20003a48,14920,UartTxTask,"[14920, 3758096384, 20, 1]"
112046,10918703.004629629,92,0x200080a0,32928,UartTxTask,"[32928, 3758096384, 0, 1]"
112051,10927923.152777778,90,0x20003a48,14920,TelemetryTask,"[14920, 536908656, 200, 0]"
112055,10927966.125,92,0x20003a48,14920,UartTxTask,"[14920, 3758096384, 20, 1]"
112060,10928703.287037037,92,0x200080a0,32928,UartTxTask,"[32928, 3758096384, 0, 1]"
112065,10937923.296296297,90,0x20003a48,14920,TelemetryTask,"[14920, 536908656, 200, 0]"
112069,10937966.212962963,92,0x20003a48,14920,UartTxTask,"[14920, 3758096384, 20, 1]"
112074,10938702.796296297,92,0x200080a0,32928,UartTxTask,"[32928, 3758096384, 0, 1]"
112079,10947922.273148147,90,0x20003a48,14920,TelemetryTask,"[14920, 536908656, 200, 0]"
112083,10947965.379629629,92,0x20003a48,14920,UartTxTask,"[14920, 3758096384, 20, 1]"
112088,10948702.453703703,92,0x200080a0,32928,UartTxTask,"[32928, 3758096384, 0, 1]"
112093,10957922.851851853,90,0x20003a48,14920,TelemetryTask,"[14920, 536908656, 200, 0]"
112097,10957966.361111112,92,0x20003a48,14920,UartTxTask,"[14920, 3758096384, 20, 1]"
112102,10958703.393518519,92,0x200080a0,32928,UartTxTask,"[32928, 3758096384, 0, 1]"
112107,10967922.560185185,90,0x20003a48,14920,TelemetryTask,"[14920, 536908656, 200, 0]"
112111,10967966.282407407,92,0x20003a48,14920,UartTxTask,"[14920, 3758096384, 20, 1]"
112116,10968703.032407407,92,0x200080a0,32928,UartTxTask,"[32928, 3758096384, 0, 1]"
112121,10977922.768518519,90,0x20003a48,14920,TelemetryTask,"[14920, 536908656, 200, 0]"
112125,10977965.537037037,92,0x20003a48,14920,UartTxTask,"[14920, 3758096384, 20, 1]"
112130,10978702.00925926,92,0x200080a0,32928,UartTxTask,"[32928, 3758096384, 0, 1]"
112135,10987922.564814815,90,0x20003a48,14920,TelemetryTask,"[14920, 536908656, 200, 0]"
112139,10987965.944444444,92,0x20003a48,14920,UartTxTask,"[14920, 3758096384, 20, 1]"
112144,10988702.513888888,92,0x200080a0,32928,UartTxTask,"[32928, 3758096384, 0, 1]"
112149,10997923.800925925,90,0x20003a48,14920,TelemetryTask,"[14920, 536908656, 200, 0]"
112153,10997966.736111112,92,0x20003a48,14920,UartTxTask,"[14920, 3758096384, 20, 1]"
112158,10998703.837962963,92,0x200080a0,32928,UartTxTask,"[32928, 3758096384, 0, 1]"
112163,11007922.777777778,90,0x20003a48,14920,TelemetryTask,"[14920, 536908656, 200, 0]"
112167,11007965.657407407,92,0x20003a48,14920,UartTxTask,"[14920, 3758096384, 20, 1]"
112172,11008703.171296297,92,0x200080a0,32928,UartTxTask,"[32928, 3758096384, 0, 1]"
112177,11017922.773148147,90,0x20003a48,14920,TelemetryTask,"[14920, 536908656, 200, 0]"
112181,11017966.379629629,92,0x20003a48,14920,UartTxTask,"[14920, 3758096384, 20, 1]"
112186,11018703.472222222,92,0x200080a0,32928,UartTxTask,"[32928, 3758096384, 0, 1]"
112191,11027922.138888888,90,0x20003a48,14920,TelemetryTask,"[14920, 536908656, 200, 0]"
112195,11027965.25925926,92,0x20003a48,14920,UartTxTask,"[14920, 3758096384, 20, 1]"
112200,11028702.449074075,92,0x200080a0,32928,UartTxTask,"[32928, 3758096384, 0, 1]"
112205,11037923.078703703,90,0x20003a48,14920,TelemetryTask,"[14920, 536908656, 200, 0]"
112209,11037966.157407407,92,0x20003a48,14920,UartTxTask,"[14920, 3758096384, 20, 1]"
112214,11038703.282407407,92,0x200080a0,32928,UartTxTask,"[32928, 3758096384, 0, 1]"
112219,11047922.986111112,90,0x20003a48,14920,TelemetryTask,"[14920, 536908656, 200, 0]"
112223,11047966.152777778,92,0x20003a48,14920,UartTxTask,"[14920, 3758096384, 20, 1]"
112228,11048702.574074075,92,0x200080a0,32928,UartTxTask,"[32928, 3758096384, 0, 1]"
112233,11057922.245370371,90,0x20003a48,14920,TelemetryTask,"[14920, 536908656, 200, 0]"
112237,11057965.898148147,92,0x20003a48,14920,UartTxTask,"[14920, 3758096384, 20, 1]"
112242,11058702.935185185,92,0x200080a0,32928,UartTxTask,"[32928, 3758096384, 0, 1]"
112247,11067922.708333334,90,0x20003a48,14920,TelemetryTask,"[14920, 536908656, 200, 0]"
112251,11067965.666666666,92,0x20003a48,14920,UartTxTask,"[14920, 3758096384, 20, 1]"
112256,11068702.921296297,92,0x200080a0,32928,UartTxTask,"[32928, 3758096384, 0, 1]"
112261,11077922.61574074,90,0x20003a48,14920,TelemetryTask,"[14920, 536908656, 200, 0]"
112265,11077965.773148147,92,0x20003a48,14920,UartTxTask,"[14920, 3758096384, 20, 1]"
112270,11078702.810185185,92,0x200080a0,32928,UartTxTask,"[32928, 3758096384, 0, 1]"
112275,11087923.407407407,90,0x20003a48,14920,TelemetryTask,"[14920, 536908656, 200, 0]"
112279,11087966.416666666,92,0x20003a48,14920,UartTxTask,"[14920, 3758096384, 20, 1]"
112284,11088703.476851853,92,0x200080a0,32928,UartTxTask,"[32928, 3758096384, 0, 1]"
112289,11097922.101851853,90,0x20003a48,14920,TelemetryTask,"[14920, 536908656, 200, 0]"
112293,11097964.782407407,92,0x20003a48,14920,UartTxTask,"[14920, 3758096384, 20, 1]"
112298,11098701.666666666,92,0x200080a0,32928,UartTxTask,"[32928, 3758096384, 0, 1]"
112303,11107922.439814815,90,0x20003a48,14920,TelemetryTask,"[14920, 536908656, 200, 0]"
112307,11107966.032407407,92,0x20003a48,14920,UartTxTask,"[14920, 3758096384, 20, 1]"
112312,11108703.212962963,92,0x200080a0,32928,UartTxTask,"[32928, 3758096384, 0, 1]"
112317,11117923.041666666,90,0x20003a48,14920,TelemetryTask,"[14920, 536908656, 200, 0]"
112321,11117965.967592593,92,0x20003a48,14920,UartTxTask,"[14920, 3758096384, 20, 1]"
112326,11118703.180555556,92,0x200080a0,32928,UartTxTask,"[32928, 3758096384, 0, 1]"
112331,11127922.708333334,90,0x20003a48,14920,TelemetryTask,"[14920, 536908656, 200, 0]"
112335,11127965.958333334,92,0x20003a48,14920,UartTxTask,"[14920, 3758096384, 20, 1]"
112340,11128702.379629629,92,0x200080a0,32928,UartTxTask,"[32928, 3758096384, 0, 1]"
112345,11137923.291666666,90,0x20003a48,14920,TelemetryTask,"[14920, 536908656, 200, 0]"
112349,11137966.63425926,92,0x20003a48,14920,UartTxTask,"[14920, 3758096384, 20, 1]"
112354,11138704.13425926,92,0x200080a0,32928,UartTxTask,"[32928, 3758096384, 0, 1]"
112359,11147922.925925925,90,0x20003a48,14920,TelemetryTask,"[14920, 536908656, 200, 0]"
112363,11147965.754629629,92,0x20003a48,14920,UartTxTask,"[14920, 3758096384, 20, 1]"
112368,11148702.402777778,92,0x200080a0,32928,UartTxTask,"[32928, 3758096384, 0, 1]"
112373,11157923.189814815,90,0x20003a48,14920,TelemetryTask,"[14920, 536908656, 200, 0]"
112377,11157966.949074075,92,0x20003a48,14920,UartTxTask,"[14920, 3758096384, 20, 1]"
112382,11158704.61574074,92,0x200080a0,32928,UartTxTask,"[32928, 3758096384, 0, 1]"
112387,11167923.699074075,90,0x20003a48,14920,TelemetryTask,"[14920, 536908656, 200, 0]"
112391,11167966.796296297,92,0x20003a48,14920,UartTxTask,"[14920, 3758096384, 20, 1]"
112396,11168703.930555556,92,0x200080a0,32928,UartTxTask,"[32928, 3758096384, 0, 1]"
112401,11177922.99074074,90,0x20003a48,14920,TelemetryTask,"[14920, 536908656, 200, 0]"
112405,11177966.430555556,92,0x20003a48,14920,UartTxTask,"[14920, 3758096384, 20, 1]"
112410,11178703.495370371,92,0x200080a0,32928,UartTxTask,"[32928, 3758096384, 0, 1]"
112415,11187921.430555556,90,0x20003a48,14920,TelemetryTask,"[14920, 536908656, 200, 0]"
112419,11187964.231481481,92,0x20003a48,14920,UartTxTask,"[14920, 3758096384, 20, 1]"
112424,11188701.245370371,92,0x200080a0,32928,UartTxTask,"[32928, 3758096384, 0, 1]"
112429,11197924.24074074,90,0x20003a48,14920,TelemetryTask,"[14920, 536908656, 200, 0]"
112433,11197967.319444444,92,0x20003a48,14920,UartTxTask,"[14920, 3758096384, 20, 1]"
112438,11198704.083333334,92,0x200080a0,32928,UartTxTask,"[32928, 3758096384, 0, 1]"
112443,11207922.078703703,90,0x20003a48,14920,TelemetryTask,"[14920, 536908656, 200, 0]"
112447,11207965.236111112,92,0x20003a48,14920,UartTxTask,"[14920, 3758096384, 20, 1]"
112452,11208702.273148147,92,0x200080a0,32928,UartTxTask,"[32928, 3758096384, 0, 1]"
112457,11217923.379629629,90,0x20003a48,14920,TelemetryTask,"[14920, 536908656, 200, 0]"
112461,11217966.416666666,92,0x20003a48,14920,UartTxTask,"[14920, 3758096384, 20, 1]"
112466,11218703.083333334,92,0x200080a0,32928,UartTxTask,"[32928, 3758096384, 0, 1]"
112471,11227923.189814815,90,0x20003a48,14920,TelemetryTask,"[14920, 536908656, 200, 0]"
112475,11227966.24074074,92,0x20003a48,14920,UartTxTask,"[14920, 3758096384, 20, 1]"
112480,11228703.388888888,92,0x200080a0,32928,UartTxTask,"[32928, 3758096384, 0, 1]"
112485,11237922.643518519,90,0x20003a48,14920,TelemetryTask,"[14920, 536908656, 200, 0]"
112489,11237965.782407407,92,0x20003a48,14920,UartTxTask,"[14920, 3758096384, 20, 1]"
112494,11238702.708333334,92,0x200080a0,32928,UartTxTask,"[32928, 3758096384, 0, 1]"
112499,11247922.226851853,90,0x20003a48,14920,TelemetryTask,"[14920, 536908656, 200, 0]"
112503,11247965.601851853,92,0x20003a48,14920,UartTxTask,"[14920, 3758096384, 20, 1]"
112508,11248702.25925926,92,0x200080a0,32928,UartTxTask,"[32928, 3758096384, 0, 1]"
112513,11257923.101851853,90,0x20003a48,14920,TelemetryTask,"[14920, 536908656, 200, 0]"
112517,11257966.370370371,92,0x20003a48,14920,UartTxTask,"[14920, 3758096384, 20, 1]"
112522,11258703.236111112,92,0x200080a0,32928,UartTxTask,"[32928, 3758096384, 0, 1]"
112527,11267923.504629629,90,0x20003a48,14920,TelemetryTask,"[14920, 536908656, 200, 0]"
112531,11267966.824074075,92,0x20003a48,14920,UartTxTask,"[14920, 3758096384, 20, 1]"
112536,11268703.916666666,92,0x200080a0,32928,UartTxTask,"[32928, 3758096384, 0, 1]"
112541,11277922.888888888,90,0x20003a48,14920,TelemetryTask,"[14920, 536908656, 200, 0]"
112545,11277966.273148147,92,0x20003a48,14920,UartTxTask,"[14920, 3758096384, 20, 1]"
112550,11278703.370370371,92,0x200080a0,32928,UartTxTask,"[32928, 3758096384, 0, 1]"
112555,11287922.981481481,90,0x20003a48,14920,TelemetryTask,"[14920, 536908656, 200, 0]"
112559,11287966.291666666,92,0x20003a48,14920,UartTxTask,"[14920, 3758096384, 20, 1]"
112564,11288703.069444444,92,0x200080a0,32928,UartTxTask,"[32928, 3758096384, 0, 1]"
112569,11297922.726851853,90,0x20003a48,14920,TelemetryTask,"[14920, 536908656, 200, 0]"
112573,11297966.11574074,92,0x20003a48,14920,UartTxTask,"[14920, 3758096384, 20, 1]"
112578,11298702.555555556,92,0x200080a0,32928,UartTxTask,"[32928, 3758096384, 0, 1]"
112583,11307920.986111112,90,0x20003a48,14920,TelemetryTask,"[14920, 536908656, 200, 0]"
112587,11307963.824074075,92,0x20003a48,14920,UartTxTask,"[14920, 3758096384, 20, 1]"
112592,11308701.0,92,0x200080a0,32928,UartTxTask,"[32928, 3758096384, 0, 1]"
112597,11317923.291666666,90,0x20003a48,14920,TelemetryTask,"[14920, 536908656, 200, 0]"
112601,11317966.476851853,92,0x20003a48,14920,UartTxTask,"[14920, 3758096384, 20, 1]"
112606,11318703.513888888,92,0x200080a0,32928,UartTxTask,"[32928, 3758096384, 0, 1]"
112611,11327922.935185185,90,0x20003a48,14920,TelemetryTask,"[14920, 536908656, 200, 0]"
112615,11327966.745370371,92,0x20003a48,14920,UartTxTask,"[14920, 3758096384, 20, 1]"
112620,11328703.578703703,92,0x200080a0,32928,UartTxTask,"[32928, 3758096384, 0, 1]"
112625,11337922.796296297,90,0x20003a48,14920,TelemetryTask,"[14920, 536908656, 200, 0]"
112629,11337966.268518519,92,0x20003a48,14920,UartTxTask,"[14920, 3758096384, 20, 1]"
112634,11338703.638888888,92,0x200080a0,32928,UartTxTask,"[32928, 3758096384, 0, 1]"
112639,11347923.245370371,90,0x20003a48,14920,TelemetryTask,"[14920, 536908656, 200, 0]"
112643,11347966.074074075,92,0x20003a48,14920,UartTxTask,"[14920, 3758096384, 20, 1]"
112648,11348702.263888888,92,0x200080a0,32928,UartTxTask,"[32928, 3758096384, 0, 1]"
112653,11357922.976851853,90,0x20003a48,14920,TelemetryTask,"[14920, 536908656, 200, 0]"
112657,11357966.611111112,92,0x20003a48,14920,UartTxTask,"[14920, 3758096384, 20, 1]"
112662,11358703.407407407,92,0x200080a0,32928,UartTxTask,"[32928, 3758096384, 0, 1]"
112667,11367924.407407407,90,0x20003a48,14920,TelemetryTask,"[14920, 536908656, 200, 0]"
112671,11367966.962962963,92,0x20003a48,14920,UartTxTask,"[14920, 3758096384, 20, 1]"
112676,11368703.981481481,92,0x200080a0,32928,UartTxTask,"[32928, 3758096384, 0, 1]"
112681,11377922.833333334,90,0x20003a48,14920,TelemetryTask,"[14920, 536908656, 200, 0]"
112685,11377966.296296297,92,0x20003a48,14920,UartTxTask,"[14920, 3758096384, 20, 1]"
112690,11378702.875,92,0x200080a0,32928,UartTxTask,"[32928, 3758096384, 0, 1]"
112695,11387922.898148147,90,0x20003a48,14920,TelemetryTask,"[14920, 536908656, 200, 0]"
112699,11387966.222222222,92,0x20003a48,14920,UartTxTask,"[14920, 3758096384, 20, 1]"
112704,11388703.148148147,92,0x200080a0,32928,UartTxTask,"[32928, 3758096384, 0, 1]"
112709,11397922.925925925,90,0x20003a48,14920,TelemetryTask,"[14920, 536908656, 200, 0]"
112713,11397966.087962963,92,0x20003a48,14920,UartTxTask,"[14920, 3758096384, 20, 1]"
112718,11398702.754629629,92,0x200080a0,32928,UartTxTask,"[32928, 3758096384, 0, 1]"
112723,11407923.055555556,90,0x20003a48,14920,TelemetryTask,"[14920, 536908656, 200, 0]"
112727,11407965.75925926,92,0x20003a48,14920,UartTxTask,"[14920, 3758096384, 20, 1]"
112732,11408702.828703703,92,0x200080a0,32928,UartTxTask,"[32928, 3758096384, 0, 1]"
112737,11417923.550925925,90,0x20003a48,14920,TelemetryTask,"[14920, 536908656, 200, 0]"
112741,11417966.689814815,92,0x20003a48,14920,UartTxTask,"[14920, 3758096384, 20, 1]"
112746,11418704.199074075,92,0x200080a0,32928,UartTxTask,"[32928, 3758096384, 0, 1]"
112751,11427923.75925926,90,0x20003a48,14920,TelemetryTask,"[14920, 536908656, 200, 0]"
112755,11427967.097222222,92,0x20003a48,14920,UartTxTask,"[14920, 3758096384, 20, 1]"
112760,11428703.888888888,92,0x200080a0,32928,UartTxTask,"[32928, 3758096384, 0, 1]"
112765,11437922.870370371,90,0x20003a48,14920,TelemetryTask,"[14920, 536908656, 200, 0]"
112769,11437966.513888888,92,0x20003a48,14920,UartTxTask,"[14920, 3758096384, 20, 1]"
112774,11438703.61574074,92,0x200080a0,32928,UartTxTask,"[32928, 3758096384, 0, 1]"
112779,11447923.032407407,90,0x20003a48,14920,TelemetryTask,"[14920, 536908656, 200, 0]"
112783,11447965.851851853,92,0x20003a48,14920,UartTxTask,"[14920, 3758096384, 20, 1]"
112788,11448703.430555556,92,0x200080a0,32928,UartTxTask,"[32928, 3758096384, 0, 1]"
112793,11457922.291666666,90,0x20003a48,14920,TelemetryTask,"[14920, 536908656, 200, 0]"
112797,11457965.078703703,92,0x20003a48,14920,UartTxTask,"[14920, 3758096384, 20, 1]"
112802,11458701.435185185,92,0x200080a0,32928,UartTxTask,"[32928, 3758096384, 0, 1]"
112807,11467922.361111112,90,0x20003a48,14920,TelemetryTask,"[14920, 536908656, 200, 0]"
112811,11467965.5,92,0x20003a48,14920,UartTxTask,"[14920, 3758096384, 20, 1]"
112816,11468702.449074075,92,0x200080a0,32928,UartTxTask,"[32928, 3758096384, 0, 1]"
112821,11477922.726851853,90,0x20003a48,14920,TelemetryTask,"[14920, 536908656, 200, 0]"
112825,11477966.046296297,92,0x20003a48,14920,UartTxTask,"[14920, 3758096384, 20, 1]"
112830,11478703.101851853,92,0x200080a0,32928,UartTxTask,"[32928, 3758096384, 0, 1]"
112835,11487923.291666666,90,0x20003a48,14920,TelemetryTask,"[14920, 536908656, 200, 0]"
112839,11487966.305555556,92,0x20003a48,14920,UartTxTask,"[14920, 3758096384, 20, 1]"
112844,11488703.356481481,92,0x200080a0,32928,UartTxTask,"[32928, 3758096384, 0, 1]"
112849,11497923.212962963,90,0x20003a48,14920,TelemetryTask,"[14920, 536908656, 200, 0]"
112853,11497966.513888888,92,0x20003a48,14920,UartTxTask,"[14920, 3758096384, 20, 1]"
112858,11498703.375,92,0x200080a0,32928,UartTxTask,"[32928, 3758096384, 0, 1]"
112863,11507923.597222222,90,0x20003a48,14920,TelemetryTask,"[14920, 536908656, 200, 0]"
112867,11507966.180555556,92,0x20003a48,14920,UartTxTask,"[14920, 3758096384, 20, 1]"
112872,11508703.38425926,92,0x200080a0,32928,UartTxTask,"[32928, 3758096384, 0, 1]"
112877,11517922.305555556,90,0x20003a48,14920,TelemetryTask,"[14920, 536908656, 200, 0]"
112881,11517965.569444444,92,0x20003a48,14920,UartTxTask,"[14920, 3758096384, 20, 1]"
112886,11518702.875,92,0x200080a0,32928,UartTxTask,"[32928, 3758096384, 0, 1]"
112891,11527922.25925926,90,0x20003a48,14920,TelemetryTask,"[14920, 536908656, 200, 0]"
112895,11527965.88425926,92,0x20003a48,14920,UartTxTask,"[14920, 3758096384, 20, 1]"
112900,11528702.555555556,92,0x200080a0,32928,UartTxTask,"[32928, 3758096384, 0, 1]"
112905,11537922.527777778,90,0x20003a48,14920,TelemetryTask,"[14920, 536908656, 200, 0]"
112909,11537965.38425926,92,0x20003a48,14920,UartTxTask,"[14920, 3758096384, 20, 1]"
112914,11538702.606481481,92,0x200080a0,32928,UartTxTask,"[32928, 3758096384, 0, 1]"
112919,11547922.083333334,90,0x20003a48,14920,TelemetryTask,"[14920, 536908656, 200, 0]"
112923,11547964.972222222,92,0x20003a48,14920,UartTxTask,"[14920, 3758096384, 20, 1]"
112928,11548701.819444444,92,0x200080a0,32928,UartTxTask,"[32928, 3758096384, 0, 1]"
112933,11557922.375,90,0x20003a48,14920,TelemetryTask,"[14920, 536908656, 200, 0]"
112937,11557965.435185185,92,0x20003a48,14920,UartTxTask,"[14920, 3758096384, 20, 1]"
112942,11558702.25925926,92,0x200080a0,32928,UartTxTask,"[32928, 3758096384, 0, 1]"
112947,11567921.888888888,90,0x20003a48,14920,TelemetryTask,"[14920, 536908656, 200, 0]"
112951,11567964.171296297,92,0x20003a48,14920,UartTxTask,"[14920, 3758096384, 20, 1]"
112956,11568700.680555556,92,0x200080a0,32928,UartTxTask,"[32928, 3758096384, 0, 1]"
112961,11577922.828703703,90,0x20003a48,14920,TelemetryTask,"[14920, 536908656, 200, 0]"
112965,11577965.337962963,92,0x20003a48,14920,UartTxTask,"[14920, 3758096384, 20, 1]"
112970,11578702.449074075,92,0x200080a0,32928,UartTxTask,"[32928, 3758096384, 0, 1]"
112975,11587922.092592593,90,0x20003a48,14920,TelemetryTask,"[14920, 536908656, 200, 0]"
112979,11587965.435185185,92,0x20003a48,14920,UartTxTask,"[14920, 3758096384, 20, 1]"
112984,11588702.25,92,0x200080a0,32928,UartTxTask,"[32928, 3758096384, 0, 1]"
112989,11597923.319444444,90,0x20003a48,14920,TelemetryTask,"[14920, 536908656, 200, 0]"
112993,11597966.689814815,92,0x20003a48,14920,UartTxTask,"[14920, 3758096384, 20, 1]"
112998,11598702.75925926,92,0x200080a0,32928,UartTxTask,"[32928, 3758096384, 0, 1]"
113003,11607922.824074075,90,0x20003a48,14920,TelemetryTask,"[14920, 536908656, 200, 0]"
113007,11607965.717592593,92,0x20003a48,14920,UartTxTask,"[14920, 3758096384, 20, 1]"
113012,11608702.967592593,92,0x200080a0,32928,UartTxTask,"[32928, 3758096384, 0, 1]"
113017,11617923.111111112,90,0x20003a48,14920,TelemetryTask,"[14920, 536908656, 200, 0]"
113021,11617966.291666666,92,0x20003a48,14920,UartTxTask,"[14920, 3758096384, 20, 1]"
113026,11618703.592592593,92,0x200080a0,32928,UartTxTask,"[32928, 3758096384, 0, 1]"
113031,11627922.175925925,90,0x20003a48,14920,TelemetryTask,"[14920, 536908656, 200, 0]"
113035,11627964.837962963,92,0x20003a48,14920,UartTxTask,"[14920, 3758096384, 20, 1]"
113040,11628701.921296297,92,0x200080a0,32928,UartTxTask,"[32928, 3758096384, 0, 1]"
113045,11637922.25925926,90,0x20003a48,14920,TelemetryTask,"[14920, 536908656, 200, 0]"
113049,11637965.291666666,92,0x20003a48,14920,UartTxTask,"[14920, 3758096384, 20, 1]"
113054,11638702.38425926,92,0x200080a0,32928,UartTxTask,"[32928, 3758096384, 0, 1]"
113059,11647922.944444444,90,0x20003a48,14920,TelemetryTask,"[14920, 536908656, 200, 0]"
113063,11647965.916666666,92,0x20003a48,14920,UartTxTask,"[14920, 3758096384, 20, 1]"
113068,11648702.629629629,92,0x200080a0,32928,UartTxTask,"[32928, 3758096384, 0, 1]"
113073,11657922.981481481,90,0x20003a48,14920,TelemetryTask,"[14920, 536908656, 200, 0]"
113077,11657966.254629629,92,0x20003a48,14920,UartTxTask,"[14920, 3758096384, 20, 1]"
113082,11658703.25,92,0x200080a0,32928,UartTxTask,"[32928, 3758096384, 0, 1]"
113087,11667923.407407407,90,0x20003a48,14920,TelemetryTask,"[14920, 536908656, 200, 0]"
113091,11667966.638888888,92,0x20003a48,14920,UartTxTask,"[14920, 3758096384, 20, 1]"
113096,11668703.194444444,92,0x200080a0,32928,UartTxTask,"[32928, 3758096384, 0, 1]"
113101,11677923.050925925,90,0x20003a48,14920,TelemetryTask,"[14920, 536908656, 200, 0]"
113105,11677966.083333334,92,0x20003a48,14920,UartTxTask,"[14920, 3758096384, 20, 1]"
113110,11678703.203703703,92,0x200080a0,32928,UartTxTask,"[32928, 3758096384, 0, 1]"
113115,11687922.643518519,90,0x20003a48,14920,TelemetryTask,"[14920, 536908656, 200, 0]"
113119,11687965.86574074,92,0x20003a48,14920,UartTxTask,"[14920, 3758096384, 20, 1]"
113124,11688703.106481481,92,0x200080a0,32928,UartTxTask,"[32928, 3758096384, 0, 1]"
113129,11697922.685185185,90,0x20003a48,14920,TelemetryTask,"[14920, 536908656, 200, 0]"
113133,11697965.814814815,92,0x20003a48,14920,UartTxTask,"[14920, 3758096384, 20, 1]"
113138,11698703.055555556,92,0x200080a0,32928,UartTxTask,"[32928, 3758096384, 0, 1]"
113143,11707923.449074075,90,0x20003a48,14920,TelemetryTask,"[14920, 536908656, 200, 0]"
113147,11707967.078703703,92,0x20003a48,14920,UartTxTask,"[14920, 3758096384, 20, 1]"
113152,11708704.083333334,92,0x200080a0,32928,UartTxTask,"[32928, 3758096384, 0, 1]"
113157,11717922.958333334,90,0x20003a48,14920,TelemetryTask,"[14920, 536908656, 200, 0]"
113161,11717966.074074075,92,0x20003a48,14920,UartTxTask,"[14920, 3758096384, 20, 1]"
113166,11718703.412037037,92,0x200080a0,32928,UartTxTask,"[32928, 3758096384, 0, 1]"
113171,11727923.680555556,90,0x20003a48,14920,TelemetryTask,"[14920, 536908656, 200, 0]"
113175,11727966.458333334,92,0x20003a48,14920,UartTxTask,"[14920, 3758096384, 20, 1]"
113180,11728703.296296297,92,0x200080a0,32928,UartTxTask,"[32928, 3758096384, 0, 1]"
113185,11737922.277777778,90,0x20003a48,14920,TelemetryTask,"[14920, 536908656, 200, 0]"
113189,11737965.212962963,92,0x20003a48,14920,UartTxTask,"[14920, 3758096384, 20, 1]"
113194,11738702.49074074,92,0x200080a0,32928,UartTxTask,"[32928, 3758096384, 0, 1]"
113199,11747922.898148147,90,0x20003a48,14920,TelemetryTask,"[14920, 536908656, 200, 0]"
113203,11747965.861111112,92,0x20003a48,14920,UartTxTask,"[14920, 3758096384, 20, 1]"
113208,11748702.726851853,92,0x200080a0,32928,UartTxTask,"[32928, 3758096384, 0, 1]"
113213,11757922.74074074,90,0x20003a48,14920,TelemetryTask,"[14920, 536908656, 200, 0]"
113217,11757966.032407407,92,0x20003a48,14920,UartTxTask,"[14920, 3758096384, 20, 1]"
113222,11758703.370370371,92,0x200080a0,32928,UartTxTask,"[32928, 3758096384, 0, 1]"
113227,11767921.796296297,90,0x20003a48,14920,TelemetryTask,"[14920, 536908656, 200, 0]"
113231,11767965.643518519,92,0x20003a48,14920,UartTxTask,"[14920, 3758096384, 20, 1]"
113236,11768702.550925925,92,0x200080a0,32928,UartTxTask,"[32928, 3758096384, 0, 1]"
113241,11777922.574074075,90,0x20003a48,14920,TelemetryTask,"[14920, 536908656, 200, 0]"
113245,11777965.180555556,92,0x20003a48,14920,UartTxTask,"[14920, 3758096384, 20, 1]"
113250,11778702.254629629,92,0x200080a0,32928,UartTxTask,"[32928, 3758096384, 0, 1]"
113255,11787923.199074075,90,0x20003a48,14920,TelemetryTask,"[14920, 536908656, 200, 0]"
113259,11787966.129629629,92,0x20003a48,14920,UartTxTask,"[14920, 3758096384, 20, 1]"
113264,11788702.879629629,92,0x200080a0,32928,UartTxTask,"[32928, 3758096384, 0, 1]"
113269,11797922.324074075,90,0x20003a48,14920,TelemetryTask,"[14920, 536908656, 200, 0]"
113273,11797965.99074074,92,0x20003a48,14920,UartTxTask,"[14920, 3758096384, 20, 1]"
113278,11798703.064814815,92,0x200080a0,32928,UartTxTask,"[32928, 3758096384, 0, 1]"
113283,11807923.824074075,90,0x20003a48,14920,TelemetryTask,"[14920, 536908656, 200, 0]"
113287,11807966.88425926,92,0x20003a48,14920,UartTxTask,"[14920, 3758096384, 20, 1]"
113292,11808703.351851853,92,0x200080a0,32928,UartTxTask,"[32928, 3758096384, 0, 1]"
113297,11817923.361111112,90,0x20003a48,14920,TelemetryTask,"[14920, 536908656, 200, 0]"
113301,11817967.476851853,92,0x20003a48,14920,UartTxTask,"[14920, 3758096384, 20, 1]"
113306,11818704.560185185,92,0x200080a0,32928,UartTxTask,"[32928, 3758096384, 0, 1]"
113311,11827922.430555556,90,0x20003a48,14920,TelemetryTask,"[14920, 536908656, 200, 0]"
113315,11827966.194444444,92,0x20003a48,14920,UartTxTask,"[14920, 3758096384, 20, 1]"
113320,11828703.268518519,92,0x200080a0,32928,UartTxTask,"[32928, 3758096384, 0, 1]"
113325,11837922.462962963,90,0x20003a48,14920,TelemetryTask,"[14920, 536908656, 200, 0]"
113329,11837965.25925926,92,0x20003a48,14920,UartTxTask,"[14920, 3758096384, 20, 1]"
113334,11838701.74074074,92,0x200080a0,32928,UartTxTask,"[32928, 3758096384, 0, 1]"
113339,11847922.504629629,90,0x20003a48,14920,TelemetryTask,"[14920, 536908656, 200, 0]"
113343,11847965.796296297,92,0x20003a48,14920,UartTxTask,"[14920, 3758096384, 20, 1]"
113348,11848703.046296297,92,0x200080a0,32928,UartTxTask,"[32928, 3758096384, 0, 1]"
113353,11857922.097222222,90,0x20003a48,14920,TelemetryTask,"[14920, 536908656, 200, 0]"
113357,11857965.185185185,92,0x20003a48,14920,UartTxTask,"[14920, 3758096384, 20, 1]"
113362,11858702.337962963,92,0x200080a0,32928,UartTxTask,"[32928, 3758096384, 0, 1]"
113367,11867923.439814815,90,0x20003a48,14920,TelemetryTask,"[14920, 536908656, 200, 0]"
113371,11867966.398148147,92,0x20003a48,14920,UartTxTask,"[14920, 3758096384, 20, 1]"
113376,11868703.828703703,92,0x200080a0,32928,UartTxTask,"[32928, 3758096384, 0, 1]"
113381,11877922.625,90,0x20003a48,14920,TelemetryTask,"[14920, 536908656, 200, 0]"
113385,11877965.782407407,92,0x20003a48,14920,UartTxTask,"[14920, 3758096384, 20, 1]"
113390,11878702.680555556,92,0x200080a0,32928,UartTxTask,"[32928, 3758096384, 0, 1]"
113395,11887923.935185185,90,0x20003a48,14920,TelemetryTask,"[14920, 536908656, 200, 0]"
113399,11887967.921296297,92,0x20003a48,14920,UartTxTask,"[14920, 3758096384, 20, 1]"
113404,11888704.611111112,92,0x200080a0,32928,UartTxTask,"[32928, 3758096384, 0, 1]"
113409,11897922.393518519,90,0x20003a48,14920,TelemetryTask,"[14920, 536908656, 200, 0]"
113413,11897965.912037037,92,0x20003a48,14920,UartTxTask,"[14920, 3758096384, 20, 1]"
113418,11898703.287037037,92,0x200080a0,32928,UartTxTask,"[32928, 3758096384, 0, 1]"
113423,11907923.837962963,90,0x20003a48,14920,TelemetryTask,"[14920, 536908656, 200, 0]"
113427,11907967.88425926,92,0x20003a48,14920,UartTxTask,"[14920, 3758096384, 20, 1]"
113432,11908704.472222222,92,0x200080a0,32928,UartTxTask,"[32928, 3758096384, 0, 1]"
113437,11917921.824074075,90,0x20003a48,14920,TelemetryTask,"[14920, 536908656, 200, 0]"
113441,11917965.013888888,92,0x20003a48,14920,UartTxTask,"[14920, 3758096384, 20, 1]"
113446,11918701.861111112,92,0x200080a0,32928,UartTxTask,"[32928, 3758096384, 0, 1]"
113451,11927922.930555556,90,0x20003a48,14920,TelemetryTask,"[14920, 536908656, 200, 0]"
113455,11927966.555555556,92,0x20003a48,14920,UartTxTask,"[14920, 3758096384, 20, 1]"
113460,11928703.722222222,92,0x200080a0,32928,UartTxTask,"[32928, 3758096384, 0, 1]"
113465,11937923.046296297,90,0x20003a48,14920,TelemetryTask,"[14920, 536908656, 200, 0]"
113469,11937966.13425926,92,0x20003a48,14920,UartTxTask,"[14920, 3758096384, 20, 1]"
113474,11938702.972222222,92,0x200080a0,32928,UartTxTask,"[32928, 3758096384, 0, 1]"
113479,11947923.143518519,90,0x20003a48,14920,TelemetryTask,"[14920, 536908656, 200, 0]"
113483,11947965.462962963,92,0x20003a48,14920,UartTxTask,"[14920, 3758096384, 20, 1]"
113488,11948702.25,92,0x200080a0,32928,UartTxTask,"[32928, 3758096384, 0, 1]"
113493,11957922.074074075,90,0x20003a48,14920,TelemetryTask,"[14920, 536908656, 200, 0]"
113497,11957964.708333334,92,0x20003a48,14920,UartTxTask,"[14920, 3758096384, 20, 1]"
113502,11958702.120370371,92,0x200080a0,32928,UartTxTask,"[32928, 3758096384, 0, 1]"
113507,11967923.148148147,90,0x20003a48,14920,TelemetryTask,"[14920, 536908656, 200, 0]"
113511,11967966.083333334,92,0x20003a48,14920,UartTxTask,"[14920, 3758096384, 20, 1]"
113516,11968702.893518519,92,0x200080a0,32928,UartTxTask,"[32928, 3758096384, 0, 1]"
113521,11977924.652777778,90,0x20003a48,14920,TelemetryTask,"[14920, 536908656, 200, 0]"
113525,11977967.546296297,92,0x20003a48,14920,UartTxTask,"[14920, 3758096384, 20, 1]"
113530,11978704.310185185,92,0x200080a0,32928,UartTxTask,"[32928, 3758096384, 0, 1]"
113535,11987923.24074074,90,0x20003a48,14920,TelemetryTask,"[14920, 536908656, 200, 0]"
113539,11987966.226851853,92,0x20003a48,14920,UartTxTask,"[14920, 3758096384, 20, 1]"
113544,11988703.847222222,92,0x200080a0,32928,UartTxTask,"[32928, 3758096384, 0, 1]"
113549,11997923.060185185,90,0x20003a48,14920,TelemetryTask,"[14920, 536908656, 200, 0]"
113553,11997966.162037037,92,0x20003a48,14920,UartTxTask,"[14920, 3758096384, 20, 1]"
113558,11998702.986111112,92,0x200080a0,32928,UartTxTask,"[32928, 3758096384, 0, 1]"
113563,12007923.597222222,90,0x20003a48,14920,TelemetryTask,"[14920, 536908656, 200, 0]"
113567,12007966.879629629,92,0x20003a48,14920,UartTxTask,"[14920, 3758096384, 20, 1]"
113572,12008703.75925926,92,0x200080a0,32928,UartTxTask,"[32928, 3758096384, 0, 1]"
113577,12017922.875,90,0x20003a48,14920,TelemetryTask,"[14920, 536908656, 200, 0]"
113581,12017966.171296297,92,0x20003a48,14920,UartTxTask,"[14920, 3758096384, 20, 1]"
113586,12018702.708333334,92,0x200080a0,32928,UartTxTask,"[32928, 3758096384, 0, 1]"
113591,12027922.060185185,90,0x20003a48,14920,TelemetryTask,"[14920, 536908656, 200, 0]"
113595,12027965.074074075,92,0x20003a48,14920,UartTxTask,"[14920, 3758096384, 20, 1]"
113600,12028701.976851853,92,0x200080a0,32928,UartTxTask,"[32928, 3758096384, 0, 1]"
113605,12037923.25,90,0x20003a48,14920,TelemetryTask,"[14920, 536908656, 200, 0]"
113609,12037966.689814815,92,0x20003a48,14920,UartTxTask,"[14920, 3758096384, 20, 1]"
113614,12038703.097222222,92,0x200080a0,32928,UartTxTask,"[32928, 3758096384, 0, 1]"
113619,12047923.148148147,90,0x20003a48,14920,TelemetryTask,"[14920, 536908656, 200, 0]"
113623,12047966.425925925,92,0x20003a48,14920,UartTxTask,"[14920, 3758096384, 20, 1]"
113628,12048704.138888888,92,0x200080a0,32928,UartTxTask,"[32928, 3758096384, 0, 1]"
113633,12057922.819444444,90,0x20003a48,14920,TelemetryTask,"[14920, 536908656, 200, 0]"
113637,12057965.675925925,92,0x20003a48,14920,UartTxTask,"[14920, 3758096384, 20, 1]"
113642,12058703.027777778,92,0x200080a0,32928,UartTxTask,"[32928, 3758096384, 0, 1]"
113647,12067922.550925925,90,0x20003a48,14920,TelemetryTask,"[14920, 536908656, 200, 0]"
113651,12067966.305555556,92,0x20003a48,14920,UartTxTask,"[14920, 3758096384, 20, 1]"
113656,12068703.847222222,92,0x200080a0,32928,UartTxTask,"[32928, 3758096384, 0, 1]"
113661,12077921.856481481,90,0x20003a48,14920,TelemetryTask,"[14920, 536908656, 200, 0]"
113665,12077965.277777778,92,0x20003a48,14920,UartTxTask,"[14920, 3758096384, 20, 1]"
113670,12078702.074074075,92,0x200080a0,32928,UartTxTask,"[32928, 3758096384, 0, 1]"
