block_event,ready_event,block_us,ready_us,duration_us,initial_snapshot
96508,96516,277.212962962963,7929.430555555556,7652.217592592592,True
96520,96522,7979.87037037037,8670.069444444445,690.199074074074,False
96525,96530,8714.037037037036,17935.421296296296,9221.38425925926,False
96534,96536,17986.430555555555,18676.46759259259,690.0370370370371,False
96539,96544,18720.046296296296,27934.666666666668,9214.62037037037,False
96548,96550,27984.90740740741,28675.050925925927,690.1435185185185,False
96553,96558,28719.319444444445,37935.40740740741,9216.087962962964,False
96562,96564,37986.444444444445,38676.59259259259,690.1481481481482,False
96567,96572,38719.791666666664,47936.37962962963,9216.587962962964,False
96576,96578,47987.49537037037,48677.85648148148,690.3611111111111,False
96581,96586,48722.02777777778,57935.48148148148,9213.453703703704,False
96590,96592,57986.333333333336,58676.73148148148,690.3981481481482,False
96595,96600,58720.43981481482,67934.47222222222,9214.032407407407,False
96604,96606,67985.5,68675.76851851853,690.2685185185185,False
96609,96614,68719.86574074074,77935.46296296296,9215.597222222223,False
96618,96620,77985.98148148147,78676.3425925926,690.3611111111111,False
96623,96628,78720.66203703704,87935.36111111111,9214.699074074075,False
96632,96634,87985.85648148147,88675.83796296296,689.9814814814815,False
96637,96642,88719.56944444444,97935.0324074074,9215.462962962964,False
96646,96648,97985.83796296296,98675.88425925926,690.0462962962963,False
96651,96656,98718.97685185185,107935.38425925926,9216.407407407407,False
96660,96662,107986.2824074074,108676.26388888889,689.9814814814815,False
96665,96670,108719.8425925926,117934.91203703704,9215.069444444445,False
96674,96676,117985.43981481482,118675.85185185185,690.4120370370371,False
96679,96684,118719.9074074074,127935.81481481482,9215.907407407407,False
96688,96690,127987.06481481482,128677.62962962964,690.5648148148148,False
96693,96698,128721.375,137935.2037037037,9213.828703703704,False
96702,96704,137986.2962962963,138676.27314814815,689.9768518518518,False
96707,96712,138720.05555555556,147935.53240740742,9215.476851851852,False
96716,96718,147986.46759259258,148676.33796296295,689.8703703703703,False
96721,96726,148720.41666666666,157934.71296296295,9214.296296296296,False
96730,96732,157985.68055555556,158675.52777777778,689.8472222222222,False
96735,96740,158718.74074074073,167934.625,9215.88425925926,False
96744,96746,167985.84259259258,168676.2962962963,690.4537037037037,False
96749,96754,168719.87037037036,177936.25,9216.37962962963,False
96758,96760,177986.69444444444,178676.91203703705,690.2175925925926,False
96763,96768,178720.69907407407,187935.32407407407,9214.625,False
96772,96774,187985.87962962964,188676.28703703705,690.4074074074074,False
96777,96782,188719.96296296295,197935.7314814815,9215.768518518518,False
96786,96788,197986.03240740742,198676.1435185185,690.1111111111111,False
96791,96796,198720.1064814815,207934.34722222222,9214.24074074074,False
96800,96802,207985.53703703705,208675.7037037037,690.1666666666666,False
96805,96810,208719.5787037037,217934.2962962963,9214.717592592593,False
96814,96816,217985.11111111112,218675.2314814815,690.1203703703703,False
96819,96824,218718.33796296295,227935.02314814815,9216.685185185184,False
96828,96830,227985.2037037037,228675.34259259258,690.1388888888889,False
96833,96838,228719.02777777778,237934.89814814815,9215.87037037037,False
96842,96844,237985.90740740742,238676.0601851852,690.1527777777778,False
96847,96852,238720.08333333334,247935.84722222222,9215.763888888889,False
96856,96858,247987.21759259258,248677.65277777778,690.4351851851852,False
96861,96866,248721.19907407407,257935.58796296295,9214.388888888889,False
96870,96872,257987.1851851852,258677.02777777778,689.8425925925926,False
96875,96880,258721.0601851852,267935.4953703704,9214.435185185184,False
96884,96886,267986.0046296296,268676.0,689.9953703703703,False
96889,96894,268719.06018518517,277934.5787037037,9215.518518518518,False
96898,96900,277985.2916666667,278675.64814814815,690.3564814814815,False
96903,96908,278718.8333333333,287936.0324074074,9217.199074074075,False
96912,96914,287987.087962963,288676.712962963,689.625,False
96917,96922,288719.99074074073,297935.1388888889,9215.148148148148,False
96926,96928,297986.38425925927,298676.6990740741,690.3148148148148,False
96931,96936,298720.6574074074,307935.0833333333,9214.425925925925,False
96940,96942,307986.18981481483,308676.537037037,690.3472222222222,False
96945,96950,308720.2638888889,317935.47685185185,9215.212962962964,False
96954,96956,317986.3703703704,318676.912037037,690.5416666666666,False
96959,96964,318721.09722222225,327934.61574074073,9213.518518518518,False
96968,96970,327985.1666666667,328675.68981481483,690.5231481481482,False
96973,96978,328719.4583333333,337935.0138888889,9215.555555555555,False
96982,96984,337985.6388888889,338675.4861111111,689.8472222222222,False
96987,96992,338718.8796296296,347935.412037037,9216.532407407407,False
96996,96998,347986.1388888889,348676.47685185185,690.3379629629629,False
97001,97006,348719.9537037037,357935.625,9215.671296296296,False
97010,97012,357986.3611111111,358676.75925925927,690.3981481481482,False
97015,97020,358719.9074074074,367935.2916666667,9215.38425925926,False
97024,97026,367985.875,368676.1388888889,690.2638888888889,False
97029,97034,368719.49074074073,377935.9953703704,9216.50462962963,False
97038,97040,377986.4583333333,378676.85648148146,690.3981481481482,False
97043,97048,378720.85648148146,387935.0740740741,9214.217592592593,False
97052,97054,387985.8333333333,388675.6388888889,689.8055555555555,False
97057,97062,388719.40277777775,397934.8888888889,9215.486111111111,False
97066,97068,397986.47222222225,398676.39351851854,689.9212962962963,False
97071,97076,398720.3287037037,407935.39351851854,9215.064814814816,False
97080,97082,407985.6388888889,408676.3703703704,690.7314814814815,False
97085,97090,408719.98148148146,417935.1712962963,9215.189814814816,False
97094,97096,417986.1203703704,418676.4861111111,690.3657407407408,False
97099,97104,418720.35648148146,427935.77777777775,9215.421296296296,False
97108,97110,427986.68518518517,428676.4166666667,689.7314814814815,False
97113,97118,428720.06481481483,437934.4490740741,9214.38425925926,False
97122,97124,437984.9675925926,438675.1990740741,690.2314814814815,False
97127,97132,438719.2453703704,447934.1759259259,9214.930555555555,False
97136,97138,447985.19444444444,448675.4953703704,690.300925925926,False
97141,97146,448719.34722222225,457934.60648148146,9215.25925925926,False
97150,97152,457985.4212962963,458675.8611111111,690.4398148148148,False
97155,97160,458719.5787037037,467935.1990740741,9215.62037037037,False
97164,97166,467986.3009259259,468675.85648148146,689.5555555555555,False
97169,97174,468718.75925925927,477935.59722222225,9216.837962962964,False
97178,97180,477986.3333333333,478676.60648148146,690.2731481481482,False
97183,97188,478720.7824074074,487934.99074074073,9214.208333333334,False
97192,97194,487985.63425925927,488676.0138888889,690.3796296296297,False
97197,97202,488719.81018518517,497935.2083333333,9215.398148148148,False
97206,97208,497986.38425925927,498676.4861111111,690.1018518518518,False
97211,97216,498719.7453703704,507934.06018518517,9214.314814814816,False
97220,97222,507984.9074074074,508674.587962963,689.6805555555555,False
97225,97230,508718.43981481483,517934.4537037037,9216.013888888889,False
97234,97236,517985.47685185185,518675.77777777775,690.300925925926,False
97239,97244,518719.787037037,527935.3425925926,9215.555555555555,False
97248,97250,527986.8379629629,528677.0231481482,690.1851851851852,False
97253,97258,528720.4629629629,537935.6527777778,9215.189814814816,False
97262,97264,537986.4120370371,538676.5462962963,690.1342592592592,False
97267,97272,538720.4166666666,547934.9629629629,9214.546296296296,False
97276,97278,547985.8935185185,548676.0925925926,690.199074074074,False
97281,97286,548720.9351851852,557934.1898148148,9213.25462962963,False
97290,97292,557984.7083333334,558675.1018518518,690.3935185185185,False
97295,97300,558718.9722222222,567935.1620370371,9216.189814814816,False
97304,97306,567986.3379629629,568676.4629629629,690.125,False
97309,97314,568720.1666666666,577935.9351851852,9215.768518518518,False
97318,97320,577986.199074074,578676.4583333334,690.2592592592592,False
97323,97328,578720.550925926,587935.25,9214.699074074075,False
97332,97334,587986.6111111111,588676.1527777778,689.5416666666666,False
97337,97342,588720.3287037037,597934.7222222222,9214.393518518518,False
97346,97348,597985.7037037037,598675.8148148148,690.1111111111111,False
97351,97356,598719.7546296297,607935.1342592592,9215.37962962963,False
97360,97362,607985.8101851852,608676.0787037037,690.2685185185185,False
97365,97370,608719.7962962963,617935.5,9215.703703703704,False
97374,97376,617986.2731481482,618676.7222222222,690.449074074074,False
97379,97384,618720.4629629629,627935.2314814815,9214.768518518518,False
97388,97390,627986.1898148148,628676.7361111111,690.5462962962963,False
97393,97398,628720.9398148148,637934.800925926,9213.861111111111,False
97402,97404,637985.2407407408,638675.6851851852,690.4444444444445,False
97407,97412,638719.4444444445,647934.5972222222,9215.152777777777,False
97416,97418,647984.8379629629,648674.9861111111,690.1481481481482,False
97421,97426,648718.6388888889,657934.4027777778,9215.763888888889,False
97430,97432,657984.9120370371,658675.175925926,690.2638888888889,False
97435,97440,658719.4675925926,667935.5879629629,9216.12037037037,False
97444,97446,667986.5416666666,668676.4907407408,689.949074074074,False
97449,97454,668719.7638888889,677935.2777777778,9215.513888888889,False
97458,97460,677986.2268518518,678676.1805555555,689.9537037037037,False
97463,97468,678720.175925926,687934.9444444445,9214.768518518518,False
97472,97474,687986.4351851852,688676.3564814815,689.9212962962963,False
97477,97482,688719.8148148148,697934.875,9215.060185185184,False
97486,97488,697985.8148148148,698675.8194444445,690.0046296296297,False
97491,97496,698719.2685185185,707935.324074074,9216.055555555555,False
97500,97502,707986.3518518518,708676.3333333334,689.9814814814815,False
97505,97510,708719.6388888889,717935.1944444445,9215.555555555555,False
97514,97516,717985.2962962963,718675.25,689.9537037037037,False
97519,97524,718719.3842592592,727934.3888888889,9215.00462962963,False
97528,97530,727984.6805555555,728675.2962962963,690.6157407407408,False
97533,97538,728719.550925926,737935.4675925926,9215.916666666666,False
97542,97544,737986.875,738676.7175925926,689.8425925925926,False
97547,97552,738720.9537037037,747935.8888888889,9214.935185185184,False
97556,97558,747986.8981481482,748677.0972222222,690.199074074074,False
97561,97566,748720.1018518518,757935.2638888889,9215.162037037036,False
97570,97572,757986.1944444445,758676.449074074,690.2546296296297,False
97575,97580,758720.3425925926,767935.2638888889,9214.921296296296,False
97584,97586,767986.25,768676.5648148148,690.3148148148148,False
97589,97594,768720.3472222222,777936.050925926,9215.703703703704,False
97598,97600,777986.7870370371,778676.8425925926,690.0555555555555,False
97603,97608,778720.7731481482,787935.1898148148,9214.416666666666,False
97612,97614,787986.574074074,788676.5092592592,689.9351851851852,False
97617,97622,788720.4305555555,797935.3657407408,9214.935185185184,False
97626,97628,797986.1944444445,798676.8333333334,690.6388888888889,False
97631,97636,798720.5046296297,807935.1157407408,9214.611111111111,False
97640,97642,807985.8935185185,808676.1481481482,690.2546296296297,False
97645,97650,808719.9722222222,817934.8981481482,9214.925925925925,False
97654,97656,817985.9120370371,818676.2685185185,690.3564814814815,False
97659,97664,818719.8148148148,827935.3564814815,9215.541666666666,False
97668,97670,827986.9305555555,828676.8287037037,689.8981481481482,False
97673,97678,828720.3703703703,837934.7546296297,9214.38425925926,False
97682,97684,837985.6111111111,838675.6111111111,690.0,False
97687,97692,838719.5092592592,847935.2175925926,9215.708333333334,False
97696,97698,847985.7592592592,848675.9583333334,690.199074074074,False
97701,97706,848719.5972222222,857934.7083333334,9215.111111111111,False
97710,97712,857985.2916666666,858675.5555555555,690.2638888888889,False
97715,97720,858719.4537037037,867934.7962962963,9215.342592592593,False
97724,97726,867985.1527777778,868675.3425925926,690.1898148148148,False
97729,97734,868718.8981481482,877934.7731481482,9215.875,False
97738,97740,877985.7407407408,878675.6944444445,689.9537037037037,False
97743,97748,878719.5370370371,887935.3425925926,9215.805555555555,False
97752,97754,887986.0462962963,888676.2916666666,690.2453703703703,False
97757,97762,888720.175925926,897935.3425925926,9215.166666666666,False
97766,97768,897986.1342592592,898675.9537037037,689.8194444444445,False
97771,97776,898719.9398148148,907936.1342592592,9216.194444444445,False
97780,97782,907986.4722222222,908676.8333333334,690.3611111111111,False
97785,97790,908720.2546296297,917934.75,9214.49537037037,False
97794,97796,917985.9537037037,918676.0555555555,690.1018518518518,False
97799,97804,918719.8379629629,927934.4768518518,9214.638888888889,False
97808,97810,927985.0601851852,928675.4768518518,690.4166666666666,False
97813,97818,928719.324074074,937934.9814814815,9215.657407407407,False
97822,97824,937985.7361111111,938675.5324074074,689.7962962962963,False
97827,97832,938719.4861111111,947934.7962962963,9215.310185185184,False
97836,97838,947985.9907407408,948676.0462962963,690.0555555555555,False
97841,97846,948720.0416666666,957936.1064814815,9216.064814814816,False
97850,97852,957986.75,958676.9027777778,690.1527777777778,False
97855,97860,958720.0,967934.9629629629,9214.962962962964,False
97864,97866,967985.2037037037,968675.3194444445,690.1157407407408,False
97869,97874,968719.0972222222,977934.7731481482,9215.675925925925,False
97878,97880,977985.7916666666,978676.0555555555,690.2638888888889,False
97883,97888,978719.5555555555,987935.4629629629,9215.907407407407,False
97892,97894,987985.9120370371,988676.5092592592,690.5972222222222,False
97897,97902,988719.3935185185,997934.675925926,9215.282407407407,False
97906,97908,997985.6527777778,998675.75,690.0972222222222,False
97911,97916,998719.5648148148,1007935.2824074074,9215.717592592593,False
97920,97922,1007986.3194444445,1008676.425925926,690.1064814814815,False
97925,97930,1008720.2083333334,1017935.0231481482,9214.814814814816,False
97934,97936,1017985.8379629629,1018676.2592592592,690.4212962962963,False
97939,97944,1018719.3287037037,1027934.4537037037,9215.125,False
97948,97950,1027985.0231481482,1028674.9953703703,689.9722222222222,False
97953,97958,1028719.1851851852,1037936.1111111111,9216.925925925925,False
97962,97964,1037987.4907407408,1038677.4675925926,689.9768518518518,False
97967,97972,1038720.7453703703,1047935.2638888889,9214.518518518518,False
97976,97978,1047985.7870370371,1048675.8055555555,690.0185185185185,False
97981,97986,1048720.0833333333,1057935.5324074074,9215.449074074075,False
97990,97992,1057986.226851852,1058676.523148148,690.2962962962963,False
97995,98000,1058719.9490740742,1067935.8935185184,9215.944444444445,False
98004,98006,1067986.1851851852,1068676.4444444445,690.2592592592592,False
98009,98014,1068720.3472222222,1077935.2453703703,9214.898148148148,False
98018,98020,1077985.986111111,1078675.8101851852,689.824074074074,False
98023,98028,1078720.0277777778,1087935.6574074074,9215.62962962963,False
98032,98034,1087986.263888889,1088676.4074074074,690.1435185185185,False
98037,98042,1088720.162037037,1097935.5648148148,9215.402777777777,False
98046,98048,1097986.7222222222,1098676.6805555555,689.9583333333334,False
98051,98056,1098719.976851852,1107935.0694444445,9215.092592592593,False
98060,98062,1107985.5509259258,1108675.9722222222,690.4212962962963,False
98065,98070,1108719.4953703703,1117934.9398148148,9215.444444444445,False
98074,98076,1117986.0092592593,1118676.101851852,690.0925925925926,False
98079,98084,1118720.273148148,1127935.5092592593,9215.236111111111,False
98088,98090,1127986.6527777778,1128677.212962963,690.5601851851852,False
98093,98098,1128720.7824074074,1137935.9027777778,9215.12037037037,False
98102,98104,1137986.4074074074,1138676.5925925926,690.1851851851852,False
98107,98112,1138719.763888889,1147935.5925925926,9215.828703703704,False
98116,98118,1147986.3009259258,1148676.6296296297,690.3287037037037,False
98121,98126,1148720.3657407407,1157934.875,9214.50925925926,False
98130,98132,1157985.4675925926,1158675.5277777778,690.0601851851852,False
98135,98140,1158719.0787037036,1167935.287037037,9216.208333333334,False
98144,98146,1167986.5324074074,1168676.476851852,689.9444444444445,False
98149,98154,1168720.4814814816,1177935.1064814816,9214.625,False
98158,98160,1177986.0462962964,1178676.0416666667,689.9953703703703,False
98163,98168,1178719.5,1187934.9814814816,9215.481481481482,False
98172,98174,1187985.6990740742,1188675.7453703703,690.0462962962963,False
98177,98182,1188719.5925925926,1197935.9583333333,9216.36574074074,False
98186,98188,1197986.8333333333,1198676.875,690.0416666666666,False
98191,98196,1198720.3101851852,1207935.6574074074,9215.347222222223,False
98200,98202,1207986.0601851852,1208676.523148148,690.4629629629629,False
98205,98210,1208720.3425925926,1217935.2592592593,9214.916666666666,False
98214,98216,1217985.5046296297,1218675.4305555555,689.925925925926,False
98219,98224,1218719.412037037,1227935.2453703703,9215.833333333334,False
98228,98230,1227986.0648148148,1228676.3703703703,690.3055555555555,False
98233,98238,1228720.0046296297,1237935.0787037036,9215.074074074075,False
98242,98244,1237985.1851851852,1238675.7546296297,690.5694444444445,False
98247,98252,1238718.7546296297,1247935.4583333333,9216.703703703704,False
98256,98258,1247986.9398148148,1248676.875,689.9351851851852,False
98261,98266,1248720.1898148148,1257935.7037037036,9215.513888888889,False
98270,98272,1257987.0277777778,1258677.138888889,690.1111111111111,False
98275,98280,1258721.4259259258,1267934.1157407407,9212.689814814816,False
98284,98286,1267984.9259259258,1268675.1296296297,690.2037037037037,False
98289,98294,1268718.4953703703,1277935.6805555555,9217.185185185184,False
98298,98300,1277986.587962963,1278676.9953703703,690.4074074074074,False
98303,98308,1278720.4814814816,1287934.4675925926,9213.986111111111,False
98312,98314,1287985.4953703703,1288675.3240740742,689.8287037037037,False
98317,98322,1288719.0462962964,1297935.111111111,9216.064814814816,False
98326,98328,1297986.3287037036,1298676.2685185184,689.9398148148148,False
98331,98336,1298719.9212962964,1307935.5648148148,9215.643518518518,False
98340,98342,1307986.351851852,1308676.7962962964,690.4444444444445,False
98345,98350,1308720.1435185184,1317935.2314814816,9215.087962962964,False
98354,98356,1317986.101851852,1318675.8796296297,689.7777777777778,False
98359,98364,1318719.4583333333,1327934.9907407407,9215.532407407407,False
98368,98370,1327986.0925925926,1328676.2546296297,690.1620370370371,False
98373,98378,1328719.8703703703,1337934.4953703703,9214.625,False
98382,98384,1337985.2962962964,1338675.5925925926,690.2962962962963,False
98387,98392,1338718.3148148148,1347935.236111111,9216.921296296296,False
98396,98398,1347986.4814814816,1348676.7407407407,690.2592592592592,False
98401,98406,1348720.263888889,1357934.8101851852,9214.546296296296,False
98410,98412,1357985.5833333333,1358676.1759259258,690.5925925925926,False
98415,98420,1358720.0046296297,1367934.962962963,9214.958333333334,False
98424,98426,1367986.263888889,1368676.3240740742,690.0601851851852,False
98429,98434,1368720.337962963,1377934.3009259258,9213.962962962964,False
98438,98440,1377984.7685185184,1378674.837962963,690.0694444444445,False
98443,98448,1378717.8703703703,1387935.7083333333,9217.837962962964,False
98452,98454,1387986.5972222222,1388676.513888889,689.9166666666666,False
98457,98462,1388720.4212962964,1397935.0092592593,9214.587962962964,False
98466,98468,1397985.5277777778,1398675.9027777778,690.375,False
98471,98476,1398719.351851852,1407935.3009259258,9215.949074074075,False
98480,98482,1407986.1898148148,1408676.1851851852,689.9953703703703,False
98485,98490,1408719.7037037036,1417935.4259259258,9215.722222222223,False
98494,98496,1417985.8148148148,1418675.8796296297,690.0648148148148,False
98499,98504,1418719.388888889,1427934.875,9215.486111111111,False
98508,98510,1427985.1574074074,1428675.2314814816,690.074074074074,False
98513,98518,1428718.787037037,1437934.3148148148,9215.527777777777,False
98522,98524,1437985.3101851852,1438675.462962963,690.1527777777778,False
98527,98532,1438718.513888889,1447936.3055555555,9217.791666666666,False
98536,98538,1447987.1805555555,1448677.4166666667,690.2361111111111,False
98541,98546,1448721.5046296297,1457934.3935185184,9212.888888888889,False
98550,98552,1457985.0925925926,1458675.513888889,690.4212962962963,False
98555,98560,1458719.4814814816,1467936.3703703703,9216.888888888889,False
98564,98566,1467987.0324074074,1468677.4351851852,690.4027777777778,False
98569,98574,1468720.6805555555,1477935.0601851852,9214.37962962963,False
98578,98580,1477985.9027777778,1478676.111111111,690.2083333333334,False
98583,98588,1478719.9027777778,1487935.111111111,9215.208333333334,False
98592,98594,1487986.148148148,1488676.361111111,690.2129629629629,False
98597,98602,1488719.787037037,1497934.8148148148,9215.027777777777,False
98606,98608,1497985.9537037036,1498676.2037037036,690.25,False
98611,98616,1498720.0462962964,1507935.587962963,9215.541666666666,False
98620,98622,1507986.787037037,1508676.9814814816,690.1944444444445,False
98625,98630,1508720.2916666667,1517935.6527777778,9215.361111111111,False
98634,98636,1517987.6805555555,1518678.2407407407,690.5601851851852,False
98639,98644,1518721.8240740742,1527934.962962963,9213.138888888889,False
98648,98650,1527985.9814814816,1528675.976851852,689.9953703703703,False
98653,98658,1528719.736111111,1537935.337962963,9215.601851851852,False
98662,98664,1537986.5,1538676.726851852,690.2268518518518,False
98667,98672,1538720.638888889,1547935.5787037036,9214.939814814816,False
98676,98678,1547985.8333333333,1548676.125,690.2916666666666,False
98681,98686,1548720.101851852,1557934.3703703703,9214.268518518518,False
98690,98692,1557985.212962963,1558675.9444444445,690.7314814814815,False
98695,98700,1558719.7453703703,1567934.5972222222,9214.851851851852,False
98704,98706,1567985.6759259258,1568675.4490740742,689.7731481481482,False
98709,98714,1568719.351851852,1577935.0,9215.648148148148,False
98718,98720,1577985.236111111,1578675.037037037,689.800925925926,False
98723,98728,1578718.25,1587935.2453703703,9216.99537037037,False
98732,98734,1587985.9814814816,1588676.0787037036,690.0972222222222,False
98737,98742,1588719.462962963,1597935.3472222222,9215.88425925926,False
98746,98748,1597986.7824074074,1598677.0601851852,690.2777777777778,False
98751,98756,1598720.3101851852,1607935.375,9215.064814814816,False
98760,98762,1607986.7314814816,1608676.962962963,690.2314814814815,False
98765,98770,1608720.6296296297,1617935.337962963,9214.708333333334,False
98774,98776,1617986.4351851852,1618676.9351851852,690.5,False
98779,98784,1618720.4490740742,1627935.7592592593,9215.310185185184,False
98788,98790,1627986.712962963,1628677.101851852,690.3888888888889,False
98793,98798,1628720.5925925926,1637934.226851852,9213.63425925926,False
98802,98804,1637984.6851851852,1638675.0185185184,690.3333333333334,False
98807,98812,1638719.1805555555,1647935.226851852,9216.046296296296,False
98816,98818,1647986.1157407407,1648676.6759259258,690.5601851851852,False
98821,98826,1648720.462962963,1657935.2824074074,9214.819444444445,False
98830,98832,1657985.9398148148,1658676.148148148,690.2083333333334,False
98835,98840,1658719.263888889,1667934.8472222222,9215.583333333334,False
98844,98846,1667985.625,1668675.7916666667,690.1666666666666,False
98849,98854,1668719.486111111,1677935.8425925926,9216.356481481482,False
98858,98860,1677986.5185185184,1678676.736111111,690.2175925925926,False
98863,98872,1678720.111111111,1687998.0509259258,9277.939814814816,False
98880,98882,1688195.1296296297,1688885.263888889,690.1342592592592,False
98886,98888,1688934.976851852,1689624.9259259258,689.949074074074,False
98891,98896,1689667.3055555555,1697935.3657407407,8268.060185185184,False
98900,98902,1697986.013888889,1698676.7222222222,690.7083333333334,False
98905,98910,1698719.9351851852,1707935.7962962964,9215.861111111111,False
98914,98916,1707986.7685185184,1708676.5925925926,689.824074074074,False
98919,98924,1708720.2083333333,1717935.6805555555,9215.472222222223,False
98928,98930,1717986.9722222222,1718677.087962963,690.1157407407408,False
98933,98938,1718721.2685185184,1727935.0324074074,9213.763888888889,False
98942,98944,1727986.1296296297,1728676.3564814816,690.2268518518518,False
98947,98952,1728720.2314814816,1737935.3194444445,9215.087962962964,False
98956,98958,1737986.601851852,1738676.7824074074,690.1805555555555,False
98961,98966,1738720.75,1747935.4814814816,9214.731481481482,False
98970,98972,1747986.1759259258,1748676.648148148,690.4722222222222,False
98975,98980,1748720.4351851852,1757935.5787037036,9215.143518518518,False
98984,98986,1757985.8425925926,1758675.9583333333,690.1157407407408,False
98989,98994,1758720.0555555555,1767935.7824074074,9215.726851851852,False
98998,99000,1767986.3101851852,1768676.4675925926,690.1574074074074,False
99003,99008,1768720.0555555555,1777935.0,9214.944444444445,False
99012,99014,1777985.6157407407,1778675.7314814816,690.1157407407408,False
99017,99022,1778719.6064814816,1787935.2962962964,9215.689814814816,False
99026,99028,1787985.6527777778,1788676.0,690.3472222222222,False
99031,99036,1788719.6712962964,1797937.3055555555,9217.63425925926,False
99040,99042,1797988.8564814816,1798678.9305555555,690.074074074074,False
99045,99050,1798722.6990740742,1807934.976851852,9212.277777777777,False
99054,99056,1807985.4351851852,1808675.4583333333,690.0231481481482,False
99059,99064,1808719.0601851852,1817935.7222222222,9216.662037037036,False
99068,99070,1817986.6064814816,1818677.0648148148,690.4583333333334,False
99073,99078,1818721.023148148,1827934.6527777778,9213.62962962963,False
99082,99084,1827986.1898148148,1828676.4166666667,690.2268518518518,False
99087,99092,1828719.7222222222,1837935.5787037036,9215.856481481482,False
99096,99098,1837987.3842592593,1838677.3333333333,689.949074074074,False
99101,99106,1838720.8194444445,1847934.3796296297,9213.560185185184,False
99110,99112,1847985.2777777778,1848675.1574074074,689.8796296296297,False
99115,99120,1848719.0972222222,1857934.625,9215.527777777777,False
99124,99126,1857985.226851852,1858675.3240740742,690.0972222222222,False
99129,99134,1858718.8194444445,1867934.986111111,9216.166666666666,False
99138,99140,1867985.337962963,1868675.976851852,690.6388888888889,False
99143,99148,1868719.8101851852,1877935.462962963,9215.652777777777,False
99152,99154,1877986.7222222222,1878676.9537037036,690.2314814814815,False
99157,99162,1878721.1296296297,1887935.273148148,9214.143518518518,False
99166,99168,1887985.9583333333,1888675.9583333333,690.0,False
99171,99176,1888719.2685185184,1897934.4722222222,9215.203703703704,False
99180,99182,1897984.787037037,1898675.0509259258,690.2638888888889,False
99185,99190,1898718.9490740742,1907935.5462962964,9216.597222222223,False
99194,99196,1907986.7546296297,1908676.9074074074,690.1527777777778,False
99199,99204,1908720.2083333333,1917935.648148148,9215.439814814816,False
99208,99210,1917986.0416666667,1918676.6759259258,690.6342592592592,False
99213,99218,1918720.5324074074,1927935.662037037,9215.12962962963,False
99222,99224,1927986.2037037036,1928676.5601851852,690.3564814814815,False
99227,99232,1928720.351851852,1937935.8055555555,9215.453703703704,False
99236,99238,1937986.5740740742,1938676.9537037036,690.3796296296297,False
99241,99246,1938721.0046296297,1947935.875,9214.87037037037,False
99250,99252,1947986.6296296297,1948676.9166666667,690.2870370370371,False
99255,99260,1948720.3333333333,1957935.5694444445,9215.236111111111,False
99264,99266,1957985.8842592593,1958676.273148148,690.3888888888889,False
99269,99274,1958720.0324074074,1967935.1064814816,9215.074074074075,False
99278,99280,1967985.6712962964,1968675.8657407407,690.1944444444445,False
99283,99288,1968719.3472222222,1977935.7453703703,9216.398148148148,False
99292,99294,1977987.1712962964,1978677.1157407407,689.9444444444445,False
99297,99302,1978720.6435185184,1987935.3333333333,9214.689814814816,False
99306,99308,1987987.0925925926,1988676.8703703703,689.7777777777778,False
99311,99316,1988720.476851852,1997934.75,9214.273148148148,False
99320,99322,1997985.0833333333,1998675.5092592593,690.425925925926,False
99325,99330,1998718.6296296297,2007935.8055555555,9217.175925925925,False
99334,99336,2007986.611111111,2008676.587962963,689.9768518518518,False
99339,99344,2008720.3703703703,2017935.1851851852,9214.814814814816,False
99348,99350,2017985.587962963,2018675.6435185184,690.0555555555555,False
99353,99358,2018718.9027777778,2027935.5555555555,9216.652777777777,False
99362,99364,2027986.0601851852,2028676.1435185184,690.0833333333334,False
99367,99372,2028719.7314814816,2037936.1203703703,9216.388888888889,False
99376,99378,2037986.898148148,2038677.2083333333,690.3101851851852,False
99381,99386,2038720.4722222222,2047935.2824074074,9214.810185185184,False
99390,99392,2047986.537037037,2048676.7916666667,690.2546296296297,False
99395,99400,2048720.3657407407,2057935.638888889,9215.273148148148,False
99404,99406,2057986.6805555555,2058677.125,690.4444444444445,False
99409,99414,2058720.5925925926,2067935.587962963,9214.99537037037,False
99418,99420,2067985.6157407407,2068675.8425925926,690.2268518518518,False
99423,99428,2068719.388888889,2077934.8472222222,9215.458333333334,False
99432,99434,2077985.7546296297,2078675.976851852,690.2222222222222,False
99437,99442,2078719.513888889,2087934.8194444445,9215.305555555555,False
99446,99448,2087985.5972222222,2088675.712962963,690.1157407407408,False
99451,99456,2088719.1574074074,2097935.046296296,9215.888888888889,False
99460,99462,2097985.800925926,2098675.662037037,689.8611111111111,False
99465,99470,2098719.652777778,2107935.060185185,9215.407407407407,False
99474,99476,2107985.777777778,2108675.9768518517,690.199074074074,False
99479,99484,2108719.800925926,2117935.111111111,9215.310185185184,False
99488,99490,2117985.75,2118676.0416666665,690.2916666666666,False
99493,99498,2118719.9166666665,2127935.3703703703,9215.453703703704,False
99502,99504,2127985.3518518517,2128675.722222222,690.3703703703703,False
99507,99512,2128719.6342592593,2137935.462962963,9215.828703703704,False
99516,99518,2137986.4768518517,2138676.4953703703,690.0185185185185,False
99521,99526,2138720.467592593,2147935.5046296297,9215.037037037036,False
99530,99532,2147986.2685185187,2148676.662037037,690.3935185185185,False
99535,99540,2148720.611111111,2157934.4953703703,9213.88425925926,False
99544,99546,2157985.513888889,2158675.6018518517,690.0879629629629,False
99549,99554,2158719.486111111,2167935.3333333335,9215.847222222223,False
99558,99560,2167986.638888889,2168676.402777778,689.7638888888889,False
99563,99568,2168719.671296296,2177935.236111111,9215.564814814816,False
99572,99574,2177986.425925926,2178676.592592593,690.1666666666666,False
99577,99582,2178720.6064814813,2187934.9444444445,9214.337962962964,False
99586,99588,2187985.328703704,2188675.7916666665,690.4629629629629,False
99591,99596,2188720.282407407,2197934.949074074,9214.666666666666,False
99600,99602,2197985.8055555555,2198676.2268518517,690.4212962962963,False
99605,99610,2198719.8564814813,2207934.7731481483,9214.916666666666,False
99614,99616,2207986.4305555555,2208676.347222222,689.9166666666666,False
99619,99624,2208719.935185185,2217935.532407407,9215.597222222223,False
99628,99630,2217986.222222222,2218676.342592593,690.1203703703703,False
99633,99638,2218719.6805555555,2227934.5092592593,9214.828703703704,False
99642,99644,2227985.2685185187,2228675.2731481483,690.0046296296297,False
99647,99652,2228719.5555555555,2237935.6805555555,9216.125,False
99656,99658,2237987.203703704,2238677.342592593,690.1388888888889,False
99661,99666,2238721.578703704,2247934.824074074,9213.24537037037,False
99670,99672,2247985.157407407,2248675.75,690.5925925925926,False
99675,99680,2248719.8055555555,2257935.564814815,9215.75925925926,False
99684,99686,2257987.087962963,2258676.8518518517,689.7638888888889,False
99689,99694,2258721.4583333335,2267935.8842592593,9214.425925925925,False
99698,99700,2267987.1666666665,2268677.1018518517,689.9351851851852,False
99703,99708,2268721.263888889,2277934.907407407,9213.643518518518,False
99712,99714,2277985.347222222,2278675.3842592593,690.0370370370371,False
99717,99722,2278718.652777778,2287936.1018518517,9217.449074074075,False
99726,99728,2287986.842592593,2288677.1203703703,690.2777777777778,False
99731,99736,2288720.1296296297,2297934.712962963,9214.583333333334,False
99740,99742,2297985.574074074,2298675.9444444445,690.3703703703703,False
99745,99750,2298719.175925926,2307935.3657407407,9216.189814814816,False
99754,99756,2307985.777777778,2308676.1064814813,690.3287037037037,False
99759,99764,2308720.064814815,2317935.722222222,9215.657407407407,False
99768,99770,2317986.550925926,2318676.5694444445,690.0185185185185,False
99773,99778,2318720.3657407407,2327934.564814815,9214.199074074075,False
99782,99784,2327985.175925926,2328675.578703704,690.4027777777778,False
99787,99792,2328719.0185185187,2337935.587962963,9216.569444444445,False
99796,99798,2337986.8518518517,2338677.1435185187,690.2916666666666,False
99801,99806,2338720.842592593,2347935.532407407,9214.689814814816,False
99810,99812,2347986.657407407,2348677.064814815,690.4074074074074,False
99815,99820,2348720.7083333335,2357935.8796296297,9215.171296296296,False
99824,99826,2357986.8981481483,2358677.1342592593,690.2361111111111,False
99829,99834,2358721.1157407407,2367935.0092592593,9213.893518518518,False
99838,99840,2367985.6157407407,2368675.9583333335,690.3425925925926,False
99843,99848,2368719.736111111,2377935.3518518517,9215.61574074074,False
99852,99854,2377985.967592593,2378676.2083333335,690.2407407407408,False
99857,99862,2378719.75,2387933.7314814813,9213.981481481482,False
99866,99868,2387984.675925926,2388674.875,690.199074074074,False
99871,99876,2388718.6203703703,2397936.310185185,9217.689814814816,False
99880,99882,2397986.671296296,2398676.7268518517,690.0555555555555,False
99885,99890,2398720.2083333335,2407934.7685185187,9214.560185185184,False
99894,99896,2407985.3564814813,2408675.722222222,690.3657407407408,False
99899,99904,2408719.3518518517,2417935.8981481483,9216.546296296296,False
99908,99910,2417986.532407407,2418676.782407407,690.25,False
99913,99918,2418720.847222222,2427935.2268518517,9214.37962962963,False
99922,99924,2427985.962962963,2428675.8518518517,689.8888888888889,False
99927,99932,2428719.300925926,2437935.8194444445,9216.518518518518,False
99936,99947,2437986.314814815,2438676.4907407407,690.175925925926,False
99951,99953,2438725.412037037,2439415.4953703703,690.0833333333334,False
99956,99961,2439454.203703704,2447935.3518518517,8481.148148148148,False
99965,99967,2447986.078703704,2448676.1064814813,690.0277777777778,False
99970,99975,2448720.3518518517,2457935.2685185187,9214.916666666666,False
99979,99981,2457985.467592593,2458675.8657407407,690.3981481481482,False
99984,99989,2458719.4305555555,2467935.203703704,9215.773148148148,False
99993,99995,2467985.8935185187,2468675.967592593,690.074074074074,False
99998,100003,2468719.888888889,2477936.6157407407,9216.726851851852,False
100007,100009,2477987.032407407,2478677.199074074,690.1666666666666,False
100012,100017,2478720.8981481483,2487935.2685185187,9214.37037037037,False
100021,100023,2487986.486111111,2488676.6481481483,690.1620370370371,False
100026,100031,2488720.611111111,2497935.0833333335,9214.472222222223,False
100035,100037,2497985.703703704,2498676.1064814813,690.4027777777778,False
100040,100045,2498720.078703704,2507935.337962963,9215.25925925926,False
100049,100051,2507985.875,2508676.5231481483,690.6481481481482,False
100054,100059,2508720.222222222,2517934.6064814813,9214.38425925926,False
100063,100065,2517985.949074074,2518676.337962963,690.3888888888889,False
100068,100073,2518719.449074074,2527935.1944444445,9215.74537037037,False
100077,100079,2527985.796296296,2528676.157407407,690.3611111111111,False
100082,100087,2528720.574074074,2537935.5185185187,9214.944444444445,False
100091,100093,2537986.8935185187,2538676.875,689.9814814814815,False
100096,100101,2538721.0185185187,2547933.0833333335,9212.064814814816,False
100105,100107,2547983.3333333335,2548673.828703704,690.4953703703703,False
100110,100115,2548717.1805555555,2557934.361111111,9217.180555555555,False
100119,100121,2557984.9768518517,2558675.171296296,690.1944444444445,False
100124,100129,2558719.407407407,2567936.111111111,9216.703703703704,False
100133,100135,2567987.375,2568677.574074074,690.199074074074,False
100138,100143,2568721.388888889,2577935.3981481483,9214.00925925926,False
100147,100149,2577986.3796296297,2578676.592592593,690.2129629629629,False
100152,100157,2578719.5231481483,2587936.0046296297,9216.481481481482,False
100161,100163,2587986.657407407,2588676.8842592593,690.2268518518518,False
100166,100171,2588720.1342592593,2597937.5833333335,9217.449074074075,False
100175,100177,2597988.2453703703,2598678.013888889,689.7685185185185,False
100180,100185,2598721.7083333335,2607934.939814815,9213.231481481482,False
100189,100191,2607986.564814815,2608676.625,690.0601851851852,False
100194,100199,2608719.8333333335,2617936.0092592593,9216.175925925925,False
100203,100205,2617986.337962963,2618676.9953703703,690.6574074074074,False
100208,100213,2618720.796296296,2627934.787037037,9213.99074074074,False
100217,100219,2627985.439814815,2628675.685185185,690.2453703703703,False
100222,100227,2628719.3518518517,2637935.421296296,9216.069444444445,False
100231,100233,2637986.527777778,2638676.574074074,690.0462962962963,False
100236,100241,2638721.189814815,2647935.527777778,9214.337962962964,False
100245,100247,2647986.0694444445,2648675.875,689.8055555555555,False
100250,100255,2648719.9166666665,2657935.675925926,9215.75925925926,False
100259,100261,2657986.361111111,2658676.6157407407,690.2546296296297,False
100264,100269,2658720.328703704,2667934.4166666665,9214.087962962964,False
100273,100275,2667985.4444444445,2668675.6342592593,690.1898148148148,False
100278,100283,2668719.074074074,2677935.5185185187,9216.444444444445,False
100287,100289,2677986.125,2678676.236111111,690.1111111111111,False
100292,100297,2678719.157407407,2687935.564814815,9216.407407407407,False
100301,100303,2687985.9907407407,2688675.902777778,689.9120370370371,False
100306,100311,2688719.777777778,2697934.388888889,9214.611111111111,False
100315,100317,2697985.185185185,2698675.1435185187,689.9583333333334,False
100320,100325,2698718.4907407407,2707934.847222222,9216.356481481482,False
100329,100331,2707985.3842592593,2708675.722222222,690.3379629629629,False
100334,100339,2708719.3981481483,2717934.6018518517,9215.203703703704,False
100343,100345,2717985.472222222,2718675.4814814813,690.0092592592592,False
100348,100353,2718719.277777778,2727935.4583333335,9216.180555555555,False
100357,100359,2727985.7916666665,2728676.625,690.8333333333334,False
100362,100367,2728720.3518518517,2737935.560185185,9215.208333333334,False
100371,100373,2737986.7546296297,2738677.157407407,690.4027777777778,False
100376,100381,2738721.1805555555,2747935.560185185,9214.37962962963,False
100385,100387,2747987.189814815,2748676.939814815,689.75,False
100390,100395,2748720.611111111,2757935.277777778,9214.666666666666,False
100399,100401,2757986.699074074,2758676.560185185,689.8611111111111,False
100404,100409,2758720.111111111,2767935.0833333335,9214.972222222223,False
100413,100415,2767986.375,2768675.9814814813,689.6064814814815,False
100418,100423,2768719.8842592593,2777935.361111111,9215.476851851852,False
100427,100429,2777986.337962963,2778676.796296296,690.4583333333334,False
100432,100437,2778720.3842592593,2787934.8518518517,9214.467592592593,False
100441,100443,2787985.564814815,2788675.4814814813,689.9166666666666,False
100446,100451,2788718.189814815,2797935.662037037,9217.472222222223,False
100455,100457,2797986.935185185,2798676.717592593,689.7824074074074,False
100460,100465,2798720.703703704,2807935.486111111,9214.782407407407,False
100469,100471,2807986.236111111,2808676.4305555555,690.1944444444445,False
100474,100479,2808720.0046296297,2817935.402777778,9215.398148148148,False
100483,100485,2817986.425925926,2818676.3194444445,689.8935185185185,False
100488,100493,2818719.972222222,2827935.296296296,9215.324074074075,False
100497,100499,2827985.8981481483,2828676.222222222,690.324074074074,False
100502,100507,2828720.1018518517,2837934.407407407,9214.305555555555,False
100511,100513,2837984.8935185187,2838675.1342592593,690.2407407407408,False
100516,100521,2838718.7916666665,2847934.902777778,9216.111111111111,False
100525,100527,2847986.7083333335,2848676.953703704,690.2453703703703,False
100530,100535,2848720.9444444445,2857935.907407407,9214.962962962964,False
100539,100541,2857986.953703704,2858677.347222222,690.3935185185185,False
100544,100549,2858720.9953703703,2867935.087962963,9214.092592592593,False
100553,100555,2867985.560185185,2868675.8796296297,690.3194444444445,False
100558,100563,2868719.592592593,2877934.736111111,9215.143518518518,False
100567,100569,2877985.217592593,2878675.25,690.0324074074074,False
100572,100577,2878719.2685185187,2887935.2083333335,9215.939814814816,False
100581,100583,2887986.1666666665,2888676.171296296,690.0046296296297,False
100586,100591,2888719.953703704,2897935.4166666665,9215.462962962964,False
100595,100597,2897985.777777778,2898675.8796296297,690.1018518518518,False
100600,100605,2898719.2546296297,2907935.412037037,9216.157407407407,False
100609,100611,2907985.638888889,2908675.9814814813,690.3425925925926,False
100614,100619,2908719.972222222,2917935.050925926,9215.078703703704,False
100623,100625,2917986.0833333335,2918676.375,690.2916666666666,False
100628,100633,2918720.138888889,2927935.212962963,9215.074074074075,False
100637,100639,2927986.185185185,2928676.587962963,690.4027777777778,False
100642,100647,2928720.2685185187,2937934.837962963,9214.569444444445,False
100651,100653,2937985.5046296297,2938675.5046296297,690.0,False
100656,100661,2938719.486111111,2947935.152777778,9215.666666666666,False
100665,100667,2947986.546296296,2948676.5046296297,689.9583333333334,False
100670,100675,2948719.5833333335,2957935.800925926,9216.217592592593,False
100679,100681,2957986.5555555555,2958676.689814815,690.1342592592592,False
100684,100689,2958720.6296296297,2967935.9814814813,9215.351851851852,False
100693,100695,2967986.652777778,2968676.986111111,690.3333333333334,False
100698,100703,2968720.7453703703,2977935.2083333335,9214.462962962964,False
100707,100709,2977985.361111111,2978675.421296296,690.0601851851852,False
100712,100717,2978718.9305555555,2987935.4583333335,9216.527777777777,False
100721,100723,2987986.449074074,2988676.587962963,690.1388888888889,False
100726,100731,2988720.6157407407,2997934.847222222,9214.231481481482,False
100735,100737,2997985.652777778,2998675.4814814813,689.8287037037037,False
100740,100745,2998719.287037037,3007934.8333333335,9215.546296296296,False
100749,100751,3007985.1203703703,3008675.1018518517,689.9814814814815,False
100754,100759,3008718.824074074,3017935.5416666665,9216.717592592593,False
100763,100765,3017986.402777778,3018676.421296296,690.0185185185185,False
100768,100773,3018720.842592593,3027936.0092592593,9215.166666666666,False
100777,100779,3027986.662037037,3028677.2592592593,690.5972222222222,False
100782,100787,3028720.361111111,3037935.375,9215.013888888889,False
100791,100793,3037986.5694444445,3038676.597222222,690.0277777777778,False
100796,100801,3038719.7592592593,3047935.939814815,9216.180555555555,False
100805,100807,3047986.402777778,3048676.8194444445,690.4166666666666,False
100810,100815,3048720.5231481483,3057935.1481481483,9214.625,False
100819,100821,3057985.078703704,3058675.2453703703,690.1666666666666,False
100824,100829,3058718.717592593,3067934.453703704,9215.736111111111,False
100833,100835,3067985.435185185,3068675.7546296297,690.3194444444445,False
100838,100843,3068719.527777778,3077936.1944444445,9216.666666666666,False
100847,100849,3077987.25,3078677.162037037,689.9120370370371,False
100852,100857,3078721.5046296297,3087935.787037037,9214.282407407407,False
100861,100863,3087986.527777778,3088676.949074074,690.4212962962963,False
100866,100871,3088721.1296296297,3097935.824074074,9214.694444444445,False
100875,100877,3097987.0833333335,3098677.087962963,690.0046296296297,False
100880,100885,3098721.050925926,3107934.8657407407,9213.814814814816,False
100889,100891,3107985.912037037,3108676.1018518517,690.1898148148148,False
100894,100899,3108719.546296296,3117935.638888889,9216.092592592593,False
100903,100905,3117985.875,3118676.5555555555,690.6805555555555,False
100908,100913,3118719.8518518517,3127935.4583333335,9215.606481481482,False
100917,100919,3127985.9814814813,3128676.1944444445,690.2129629629629,False
100922,100927,3128719.162037037,3137934.949074074,9215.787037037036,False
100931,100933,3137986.6944444445,3138677.0,690.3055555555555,False
100936,100941,3138720.6435185187,3147934.9907407407,9214.347222222223,False
100945,100947,3147985.611111111,3148675.787037037,690.175925925926,False
100950,100955,3148719.328703704,3157935.3703703703,9216.041666666666,False
100959,100961,3157986.277777778,3158676.217592593,689.9398148148148,False
100964,100969,3158719.8333333335,3167934.6064814813,9214.773148148148,False
100973,100975,3167985.837962963,3168675.972222222,690.1342592592592,False
100978,100983,3168719.6666666665,3177935.2314814813,9215.564814814816,False
100987,100989,3177986.092592593,3178676.2083333335,690.1157407407408,False
100992,101001,3178719.467592593,3182660.4305555555,3940.962962962963,False
101005,101009,3182718.6666666665,3183408.828703704,690.1620370370371,False
101015,101017,3188024.1666666665,3188714.263888889,690.0972222222222,False
101020,101025,3188758.277777778,3197934.175925926,9175.898148148148,False
101029,101031,3197985.347222222,3198675.560185185,690.2129629629629,False
101034,101039,3198719.1342592593,3207935.013888889,9215.87962962963,False
101043,101045,3207985.824074074,3208675.712962963,689.8888888888889,False
101048,101053,3208719.597222222,3217936.1435185187,9216.546296296296,False
101057,101059,3217986.282407407,3218676.8981481483,690.6157407407408,False
101062,101067,3218720.962962963,3227934.8703703703,9213.907407407407,False
101071,101073,3227985.939814815,3228675.8703703703,689.9305555555555,False
101076,101081,3228719.4953703703,3237935.0416666665,9215.546296296296,False
101085,101087,3237986.25,3238676.3796296297,690.1296296296297,False
101090,101095,3238719.8935185187,3247935.564814815,9215.671296296296,False
101099,101101,3247986.175925926,3248676.375,690.199074074074,False
101104,101109,3248720.097222222,3257935.3564814813,9215.25925925926,False
101113,101115,3257985.861111111,3258676.0092592593,690.1481481481482,False
101118,101123,3258719.222222222,3267934.675925926,9215.453703703704,False
101127,101129,3267985.111111111,3268675.1064814813,689.9953703703703,False
101132,101137,3268718.717592593,3277935.550925926,9216.833333333334,False
101141,101143,3277986.138888889,3278676.6481481483,690.5092592592592,False
101146,101151,3278720.1018518517,3287935.421296296,9215.319444444445,False
101155,101157,3287986.6203703703,3288676.8981481483,690.2777777777778,False
101160,101165,3288720.171296296,3297934.5185185187,9214.347222222223,False
101169,101171,3297985.925925926,3298676.0046296297,690.0787037037037,False
101174,101179,3298719.578703704,3307934.2731481483,9214.694444444445,False
101183,101185,3307985.138888889,3308675.152777778,690.0138888888889,False
101188,101193,3308718.837962963,3317935.486111111,9216.648148148148,False
101197,101199,3317986.2314814813,3318676.3981481483,690.1666666666666,False
101202,101207,3318720.2916666665,3327934.9907407407,9214.699074074075,False
101211,101213,3327985.8842592593,3328675.921296296,690.0370370370371,False
101216,101221,3328719.657407407,3337937.9305555555,9218.273148148148,False
101225,101227,3337988.5,3338678.550925926,690.050925925926,False
101230,101235,3338722.421296296,3347935.842592593,9213.421296296296,False
101239,101241,3347986.6018518517,3348676.6064814813,690.0046296296297,False
101244,101249,3348719.8194444445,3357935.2546296297,9215.435185185184,False
101253,101255,3357986.328703704,3358676.2268518517,689.8981481481482,False
101258,101263,3358719.722222222,3367935.162037037,9215.439814814816,False
101267,101269,3367986.175925926,3368676.546296296,690.3703703703703,False
101272,101277,3368720.8333333335,3377935.3518518517,9214.518518518518,False
101281,101283,3377986.472222222,3378676.6296296297,690.1574074074074,False
101286,101291,3378720.8842592593,3387935.578703704,9214.694444444445,False
101295,101297,3387985.972222222,3388676.337962963,690.3657407407408,False
101300,101305,3388719.8842592593,3397935.763888889,9215.87962962963,False
101309,101311,3397985.787037037,3398676.453703704,690.6666666666666,False
101314,101319,3398720.1342592593,3407934.550925926,9214.416666666666,False
101323,101325,3407985.0555555555,3408675.3564814813,690.300925925926,False
101328,101333,3408719.3935185187,3417935.574074074,9216.180555555555,False
101337,101339,3417985.9907407407,3418676.546296296,690.5555555555555,False
101342,101347,3418720.0092592593,3427935.796296296,9215.787037037036,False
101351,101353,3427986.824074074,3428677.1296296297,690.3055555555555,False
101356,101361,3428720.9907407407,3437935.2083333335,9214.217592592593,False
101365,101367,3437986.7407407407,3438676.6805555555,689.9398148148148,False
101370,101375,3438721.162037037,3447935.1018518517,9213.939814814816,False
101379,101381,3447986.092592593,3448675.824074074,689.7314814814815,False
101384,101389,3448719.611111111,3457934.902777778,9215.291666666666,False
101393,101395,3457985.4953703703,3458675.800925926,690.3055555555555,False
101398,101403,3458719.736111111,3467934.3564814813,9214.62037037037,False
101407,101409,3467984.875,3468675.342592593,690.4675925925926,False
101412,101417,3468719.1018518517,3477934.9768518517,9215.875,False
101421,101423,3477985.828703704,3478676.0185185187,690.1898148148148,False
101426,101431,3478719.925925926,3487935.1435185187,9215.217592592593,False
101435,101437,3487985.888888889,3488676.3796296297,690.4907407407408,False
101440,101445,3488720.046296296,3497934.546296296,9214.5,False
101449,101451,3497985.5092592593,3498675.486111111,689.9768518518518,False
101454,101459,3498718.8564814813,3507934.675925926,9215.819444444445,False
101463,101465,3507985.3981481483,3508675.4953703703,690.0972222222222,False
101468,101473,3508719.1805555555,3517935.689814815,9216.50925925926,False
101477,101479,3517987.263888889,3518677.277777778,690.0138888888889,False
101482,101487,3518721.0231481483,3527936.074074074,9215.050925925925,False
101491,101493,3527986.8194444445,3528676.7314814813,689.9120370370371,False
101496,101501,3528719.962962963,3537935.6018518517,9215.638888888889,False
101505,101507,3537986.1944444445,3538676.5833333335,690.3888888888889,False
101510,101515,3538720.0092592593,3547934.939814815,9214.930555555555,False
101519,101521,3547985.282407407,3548675.689814815,690.4074074074074,False
101524,101529,3548720.032407407,3557935.9907407407,9215.958333333334,False
101533,101535,3557986.967592593,3558676.7685185187,689.800925925926,False
101538,101543,3558720.064814815,3567934.203703704,9214.138888888889,False
101547,101549,3567984.662037037,3568674.935185185,690.2731481481482,False
101552,101557,3568718.800925926,3577934.962962963,9216.162037037036,False
101561,101563,3577985.8518518517,3578675.8194444445,689.9675925925926,False
101566,101571,3578719.060185185,3587935.125,9216.064814814816,False
101575,101577,3587985.560185185,3588675.7407407407,690.1805555555555,False
101580,101585,3588718.796296296,3597934.7685185187,9215.972222222223,False
101589,101591,3597985.611111111,3598675.712962963,690.1018518518518,False
101594,101599,3598719.675925926,3607935.486111111,9215.810185185184,False
101603,101605,3607985.912037037,3608676.2546296297,690.3425925925926,False
101608,101613,3608720.125,3617935.564814815,9215.439814814816,False
101617,101619,3617987.2407407407,3618677.310185185,690.0694444444445,False
101622,101627,3618720.8333333335,3627935.5555555555,9214.722222222223,False
101631,101633,3627986.550925926,3628676.4814814813,689.9305555555555,False
101636,101641,3628719.5694444445,3637934.6944444445,9215.125,False
101645,101647,3637985.7546296297,3638676.032407407,690.2777777777778,False
101650,101655,3638719.828703704,3647935.1018518517,9215.273148148148,False
101659,101661,3647985.425925926,3648675.4768518517,690.050925925926,False
101664,101669,3648719.3055555555,3657935.027777778,9215.722222222223,False
101673,101675,3657985.6666666665,3658675.685185185,690.0185185185185,False
101678,101683,3658719.699074074,3667935.4768518517,9215.777777777777,False
101687,101689,3667986.597222222,3668676.722222222,690.125,False
101692,101697,3668720.1435185187,3677935.2268518517,9215.083333333334,False
101701,101703,3677985.972222222,3678676.412037037,690.4398148148148,False
101706,101711,3678720.486111111,3687935.449074074,9214.962962962964,False
101715,101717,3687986.8518518517,3688676.939814815,690.0879629629629,False
101720,101725,3688720.25,3697934.9814814813,9214.731481481482,False
101729,101731,3697986.7685185187,3698676.611111111,689.8425925925926,False
101734,101739,3698720.0,3707935.1944444445,9215.194444444445,False
101743,101745,3707986.185185185,3708676.222222222,690.0370370370371,False
101748,101753,3708719.2916666665,3717934.814814815,9215.523148148148,False
101757,101759,3717985.2083333335,3718675.782407407,690.574074074074,False
101762,101767,3718719.842592593,3727934.902777778,9215.060185185184,False
101771,101773,3727986.1481481483,3728676.2685185187,690.1203703703703,False
101776,101781,3728719.7453703703,3737934.578703704,9214.833333333334,False
101785,101787,3737985.347222222,3738675.2592592593,689.9120370370371,False
101790,101795,3738719.8564814813,3747934.6203703703,9214.763888888889,False
101799,101801,3747985.0185185187,3748674.907407407,689.8888888888889,False
101804,101809,3748718.4907407407,3757934.837962963,9216.347222222223,False
101813,101815,3757985.921296296,3758675.9814814813,690.0601851851852,False
101818,101823,3758719.703703704,3767935.472222222,9215.768518518518,False
101827,101829,3767986.3703703703,3768676.467592593,690.0972222222222,False
101832,101837,3768720.3842592593,3777936.189814815,9215.805555555555,False
101841,101843,3777986.75,3778676.6944444445,689.9444444444445,False
101846,101851,3778719.972222222,3787935.7731481483,9215.800925925925,False
101855,101857,3787986.9166666665,3788676.9953703703,690.0787037037037,False
101860,101865,3788720.800925926,3797935.6342592593,9214.833333333334,False
101869,101871,3797986.8055555555,3798677.287037037,690.4814814814815,False
101874,101879,3798721.2731481483,3807935.199074074,9213.925925925925,False
101883,101885,3807986.3703703703,3808676.282407407,689.9120370370371,False
101888,101893,3808720.074074074,3817934.712962963,9214.638888888889,False
101897,101899,3817985.935185185,3818675.8657407407,689.9305555555555,False
101902,101907,3818719.777777778,3827934.949074074,9215.171296296296,False
101911,101913,3827986.0092592593,3828676.189814815,690.1805555555555,False
101916,101921,3828719.537037037,3837935.347222222,9215.810185185184,False
101925,101927,3837986.1481481483,3838676.189814815,690.0416666666666,False
101930,101935,3838719.6018518517,3847935.6157407407,9216.013888888889,False
101939,101941,3847986.074074074,3848676.3194444445,690.2453703703703,False
101944,101949,3848719.962962963,3857935.421296296,9215.458333333334,False
101953,101955,3857986.388888889,3858676.3518518517,689.9629629629629,False
101958,101963,3858719.592592593,3867934.949074074,9215.356481481482,False
101967,101969,3867985.9814814813,3868676.282407407,690.300925925926,False
101972,101977,3868720.439814815,3877934.5694444445,9214.12962962963,False
101981,101983,3877985.314814815,3878676.0231481483,690.7083333333334,False
101986,101991,3878720.046296296,3887934.587962963,9214.541666666666,False
101995,101997,3887985.6805555555,3888675.8564814813,690.175925925926,False
102000,102005,3888718.824074074,3897935.578703704,9216.75462962963,False
102009,102011,3897986.1203703703,3898676.296296296,690.175925925926,False
102014,102023,3898719.388888889,3902384.7592592593,3665.3703703703704,False
102027,102031,3902442.171296296,3903132.546296296,690.375,False
102037,102039,3908009.1157407407,3908699.328703704,690.2129629629629,False
102042,102047,3908742.8518518517,3917935.7731481483,9192.921296296296,False
102051,102053,3917986.217592593,3918676.9814814813,690.7638888888889,False
102056,102061,3918720.592592593,3927934.328703704,9213.736111111111,False
102065,102067,3927985.032407407,3928675.361111111,690.3287037037037,False
102070,102075,3928719.472222222,3937934.7685185187,9215.296296296296,False
102079,102081,3937985.8981481483,3938676.1018518517,690.2037037037037,False
102084,102089,3938719.125,3947934.550925926,9215.425925925925,False
102093,102095,3947985.5555555555,3948675.342592593,689.7870370370371,False
102098,102103,3948719.1481481483,3957935.1064814813,9215.958333333334,False
102107,102109,3957986.5833333335,3958676.375,689.7916666666666,False
102112,102117,3958719.722222222,3967934.787037037,9215.064814814816,False
102121,102123,3967985.8518518517,3968675.953703704,690.1018518518518,False
102126,102131,3968719.310185185,3977935.060185185,9215.75,False
102135,102137,3977985.314814815,3978675.7916666665,690.4768518518518,False
102140,102145,3978719.1342592593,3987934.449074074,9215.314814814816,False
102149,102151,3987985.287037037,3988675.4305555555,690.1435185185185,False
102154,102159,3988719.7592592593,3997935.527777778,9215.768518518518,False
102163,102165,3997986.611111111,3998676.6064814813,689.9953703703703,False
102168,102173,3998719.6203703703,4007935.625,9216.00462962963,False
102177,102179,4007986.125,4008676.546296296,690.4212962962963,False
102182,102187,4008719.527777778,4017934.675925926,9215.148148148148,False
102191,102193,4017985.1435185187,4018675.685185185,690.5416666666666,False
102196,102201,4018720.1018518517,4027934.578703704,9214.476851851852,False
102205,102207,4027985.2592592593,4028675.574074074,690.3148148148148,False
102210,102215,4028719.5092592593,4037935.097222222,9215.587962962964,False
102219,102221,4037986.4444444445,4038676.6064814813,690.1620370370371,False
102224,102229,4038720.439814815,4047934.537037037,9214.097222222223,False
102233,102235,4047985.277777778,4048675.4953703703,690.2175925925926,False
102238,102243,4048719.402777778,4057937.671296296,9218.268518518518,False
102247,102249,4057988.736111111,4058678.5694444445,689.8333333333334,False
102252,102257,4058722.189814815,4067935.7314814813,9213.541666666666,False
102261,102263,4067986.689814815,4068677.217592593,690.5277777777778,False
102266,102271,4068720.638888889,4077935.4166666665,9214.777777777777,False
102275,102277,4077986.199074074,4078676.3657407407,690.1666666666666,False
102280,102285,4078720.6203703703,4087934.342592593,9213.722222222223,False
102289,102291,4087985.1435185187,4088675.375,690.2314814814815,False
102294,102299,4088718.828703704,4097935.175925926,9216.347222222223,False
102303,102305,4097985.9166666665,4098675.6666666665,689.75,False
102308,102313,4098719.1666666665,4107934.5694444445,9215.402777777777,False
102317,102319,4107985.171296296,4108675.486111111,690.3148148148148,False
102322,102327,4108718.953703704,4117935.0555555555,9216.101851851852,False
102331,102333,4117986.3981481483,4118676.3518518517,689.9537037037037,False
102336,102341,4118719.717592593,4127934.7314814813,9215.013888888889,False
102345,102347,4127985.7314814813,4128675.810185185,690.0787037037037,False
102350,102355,4128720.3703703703,4137933.9166666665,9213.546296296296,False
102359,102361,4137984.1157407407,4138674.449074074,690.3333333333334,False
102364,102369,4138717.6018518517,4147935.550925926,9217.949074074075,False
102373,102375,4147986.2916666665,4148676.657407407,690.3657407407408,False
102378,102383,4148720.5416666665,4157935.078703704,9214.537037037036,False
102387,102389,4157986.421296296,4158676.472222222,690.050925925926,False
102392,102397,4158720.097222222,4167934.7407407407,9214.643518518518,False
102401,102403,4167986.203703704,4168676.152777778,689.949074074074,False
102406,102411,4168720.560185185,4177935.236111111,9214.675925925925,False
102415,102417,4177986.2916666665,4178676.337962963,690.0462962962963,False
102420,102425,4178719.6944444445,4187936.203703704,9216.50925925926,False
102429,102431,4187987.3796296297,4188677.4583333335,690.0787037037037,False
102434,102439,4188721.361111111,4197936.083333333,9214.722222222223,False
102443,102445,4197986.699074074,4198677.180555556,690.4814814814815,False
102448,102453,4198721.143518519,4207934.925925926,9213.782407407407,False
102457,102459,4207986.828703703,4208677.296296297,690.4675925925926,False
102462,102467,4208720.685185186,4217934.787037037,9214.101851851852,False
102471,102473,4217985.537037037,4218675.333333333,689.7962962962963,False
102476,102481,4218718.444444444,4227934.75462963,9216.310185185184,False
102485,102487,4227985.231481481,4228675.708333333,690.4768518518518,False
102490,102495,4228719.217592592,4237935.541666667,9216.324074074075,False
102499,102501,4237986.509259259,4238676.888888889,690.3796296296297,False
102504,102509,4238720.412037037,4247935.828703703,9215.416666666666,False
102513,102515,4247987.194444444,4248677.023148148,689.8287037037037,False
102518,102523,4248721.134259259,4257934.972222222,9213.837962962964,False
102527,102529,4257985.726851852,4258675.856481481,690.1296296296297,False
102532,102537,4258719.412037037,4267935.259259259,9215.847222222223,False
102541,102543,4267986.606481481,4268676.342592592,689.7361111111111,False
102546,102551,4268719.962962963,4277935.666666667,9215.703703703704,False
102555,102557,4277987.62037037,4278677.967592592,690.3472222222222,False
102560,102565,4278721.611111111,4287935.037037037,9213.425925925925,False
102569,102571,4287985.592592592,4288675.847222222,690.2546296296297,False
102574,102579,4288720.125,4297936.060185186,9215.935185185184,False
102583,102585,4297987.199074074,4298677.444444444,690.2453703703703,False
102588,102593,4298721.032407408,4307934.708333333,9213.675925925925,False
102597,102599,4307985.736111111,4308676.064814814,690.3287037037037,False
102602,102607,4308719.953703703,4317934.75,9214.796296296296,False
102611,102613,4317984.962962963,4318674.930555556,689.9675925925926,False
102616,102621,4318718.814814814,4327934.680555556,9215.86574074074,False
102625,102627,4327986.199074074,4328676.087962963,689.8888888888889,False
102630,102635,4328719.541666667,4337935.791666667,9216.25,False
102639,102641,4337987.143518519,4338677.152777778,690.0092592592592,False
102644,102649,4338720.569444444,4347934.791666667,9214.222222222223,False
102653,102655,4347985.365740741,4348675.810185186,690.4444444444445,False
102658,102663,4348719.560185186,4357935.486111111,9215.925925925925,False
102667,102669,4357986.490740741,4358676.791666667,690.300925925926,False
102672,102677,4358720.657407408,4367935.37037037,9214.712962962964,False
102681,102683,4367986.324074074,4368676.449074074,690.125,False
102686,102691,4368720.384259259,4377935.143518519,9214.75925925926,False
102695,102697,4377985.935185186,4378675.916666667,689.9814814814815,False
102700,102705,4378719.259259259,4387935.606481481,9216.347222222223,False
102709,102711,4387986.949074074,4388677.157407408,690.2083333333334,False
102714,102719,4388720.837962963,4397935.888888889,9215.050925925925,False
102723,102725,4397987.277777778,4398677.476851852,690.199074074074,False
102728,102733,4398720.939814814,4407935.856481481,9214.916666666666,False
102737,102739,4407986.611111111,4408676.763888889,690.1527777777778,False
102742,102747,4408720.291666667,4417936.361111111,9216.069444444445,False
102751,102753,4417987.384259259,4418677.643518519,690.2592592592592,False
102756,102761,4418721.416666667,4427934.657407408,9213.24074074074,False
102765,102767,4427985.393518519,4428675.453703703,690.0601851851852,False
102770,102775,4428719.421296297,4437934.337962963,9214.916666666666,False
102779,102781,4437984.990740741,4438675.550925926,690.5601851851852,False
102784,102789,4438718.699074074,4447934.555555556,9215.856481481482,False
102793,102795,4447985.652777778,4448675.837962963,690.1851851851852,False
102798,102803,4448719.532407408,4457936.217592592,9216.685185185184,False
102807,102809,4457987.416666667,4458677.671296297,690.2546296296297,False
102812,102817,4458720.782407408,4467934.736111111,9213.953703703704,False
102821,102823,4467985.893518519,4468676.25462963,690.3611111111111,False
102826,102831,4468719.814814814,4477935.865740741,9216.050925925925,False
102835,102837,4477987.0,4478677.287037037,690.2870370370371,False
102840,102845,4478720.101851852,4487935.240740741,9215.138888888889,False
102849,102851,4487985.856481481,4488676.291666667,690.4351851851852,False
102854,102859,4488719.949074074,4497934.958333333,9215.00925925926,False
102863,102865,4497986.087962963,4498676.069444444,689.9814814814815,False
102868,102873,4498719.935185186,4507936.087962963,9216.152777777777,False
102877,102879,4507986.740740741,4508676.981481481,690.2407407407408,False
102882,102887,4508720.12962963,4517935.564814814,9215.435185185184,False
102891,102893,4517986.791666667,4518677.152777778,690.3611111111111,False
102896,102901,4518721.143518519,4527935.236111111,9214.092592592593,False
102905,102907,4527986.125,4528676.282407408,690.1574074074074,False
102910,102915,4528719.828703703,4537935.416666667,9215.587962962964,False
102919,102921,4537985.634259259,4538675.842592592,690.2083333333334,False
102924,102929,4538720.032407408,4547935.722222222,9215.689814814816,False
102933,102935,4547987.027777778,4548677.189814814,690.1620370370371,False
102938,102943,4548720.791666667,4557935.578703703,9214.787037037036,False
102947,102949,4557986.375,4558676.652777778,690.2777777777778,False
102952,102957,4558720.726851852,4567934.699074074,9213.972222222223,False
102961,102963,4567985.842592592,4568675.930555556,690.0879629629629,False
102966,102971,4568719.722222222,4577935.314814814,9215.592592592593,False
102975,102977,4577986.268518519,4578676.092592592,689.824074074074,False
102980,102985,4578719.875,4587935.439814814,9215.564814814816,False
102989,102991,4587985.439814814,4588675.574074074,690.1342592592592,False
102994,102999,4588719.273148148,4597935.560185186,9216.287037037036,False
103003,103005,4597986.199074074,4598676.12037037,689.9212962962963,False
103008,103013,4598720.351851852,4607935.740740741,9215.388888888889,False
103017,103019,4607986.606481481,4608676.726851852,690.1203703703703,False
103022,103027,4608720.962962963,4617934.824074074,9213.861111111111,False
103031,103033,4617985.537037037,4618675.958333333,690.4212962962963,False
103036,103041,4618719.740740741,4627934.634259259,9214.893518518518,False
103045,103047,4627985.277777778,4628675.731481481,690.4537037037037,False
103050,103055,4628720.185185186,4637935.37962963,9215.194444444445,False
103059,103061,4637986.027777778,4638676.472222222,690.4444444444445,False
103064,103069,4638720.513888889,4647934.75,9214.236111111111,False
103073,103075,4647985.518518519,4648675.726851852,690.2083333333334,False
103078,103083,4648719.37037037,4657935.555555556,9216.185185185184,False
103087,103089,4657986.162037037,4658676.273148148,690.1111111111111,False
103092,103097,4658719.643518519,4667934.296296297,9214.652777777777,False
103101,103103,4667984.865740741,4668674.740740741,689.875,False
103106,103111,4668717.898148148,4677935.787037037,9217.888888888889,False
103115,103117,4677986.805555556,4678676.75462963,689.949074074074,False
103120,103125,4678720.546296297,4687935.592592592,9215.046296296296,False
103129,103131,4687986.148148148,4688676.583333333,690.4351851851852,False
103134,103139,4688720.00462963,4697934.958333333,9214.953703703704,False
103143,103145,4697985.569444444,4698675.574074074,690.0046296296297,False
103148,103153,4698718.611111111,4707935.013888889,9216.402777777777,False
103157,103159,4707986.513888889,4708676.388888889,689.875,False
103162,103171,4708719.884259259,4717997.759259259,9277.875,False
103179,103181,4718195.884259259,4718885.712962963,689.8287037037037,False
103185,103187,4718935.263888889,4719625.328703703,690.0648148148148,False
103190,103195,4719667.574074074,4727934.856481481,8267.282407407407,False
103199,103201,4727985.722222222,4728675.703703703,689.9814814814815,False
103204,103209,4728719.25,4737934.787037037,9215.537037037036,False
103213,103215,4737986.032407408,4738675.935185186,689.9027777777778,False
103218,103223,4738719.657407408,4747935.578703703,9215.921296296296,False
103227,103229,4747986.439814814,4748676.412037037,689.9722222222222,False
103232,103237,4748719.842592592,4757934.787037037,9214.944444444445,False
103241,103243,4757985.708333333,4758675.921296297,690.2129629629629,False
103246,103251,4758719.203703703,4767935.939814814,9216.736111111111,False
103255,103257,4767986.773148148,4768677.087962963,690.3148148148148,False
103260,103265,4768721.194444444,4777935.648148148,9214.453703703704,False
103269,103271,4777986.671296297,4778676.564814814,689.8935185185185,False
103274,103279,4778719.481481481,4787935.657407408,9216.175925925925,False
103283,103285,4787986.782407408,4788676.953703703,690.1712962962963,False
103288,103293,4788720.986111111,4797935.638888889,9214.652777777777,False
103297,103299,4797986.578703703,4798676.976851852,690.3981481481482,False
103302,103307,4798721.027777778,4807935.009259259,9213.981481481482,False
103311,103313,4807985.625,4808675.842592592,690.2175925925926,False
103316,103321,4808719.356481481,4817935.217592592,9215.861111111111,False
103325,103327,4817985.921296297,4818676.337962963,690.4166666666666,False
103330,103335,4818719.74537037,4827936.384259259,9216.638888888889,False
103339,103341,4827987.587962963,4828677.592592592,690.0046296296297,False
103344,103349,4828720.898148148,4837935.273148148,9214.375,False
103353,103355,4837986.180555556,4838676.412037037,690.2314814814815,False
103358,103363,4838720.898148148,4847935.430555556,9214.532407407407,False
103367,103369,4847986.384259259,4848676.675925926,690.2916666666666,False
103372,103377,4848720.37037037,4857935.018518519,9214.648148148148,False
103381,103383,4857985.240740741,4858675.62037037,690.3796296296297,False
103386,103391,4858719.643518519,4867937.046296297,9217.402777777777,False
103395,103397,4867988.25462963,4868677.967592592,689.7129629629629,False
103400,103405,4868721.768518519,4877934.055555556,9212.287037037036,False
103409,103411,4877985.064814814,4878675.444444444,690.3796296296297,False
103414,103419,4878718.717592592,4887935.532407408,9216.814814814816,False
103423,103425,4887986.675925926,4888676.837962963,690.1620370370371,False
103428,103433,4888721.037037037,4897936.138888889,9215.101851851852,False
103437,103439,4897987.037037037,4898677.402777778,690.3657407407408,False
103442,103447,4898720.74537037,4907935.893518519,9215.148148148148,False
103451,103453,4907986.50462963,4908677.097222222,690.5925925925926,False
103456,103461,4908720.453703703,4917935.092592592,9214.638888888889,False
103465,103467,4917986.337962963,4918675.99537037,689.6574074074074,False
103470,103475,4918719.791666667,4927934.810185186,9215.018518518518,False
103479,103481,4927986.152777778,4928675.875,689.7222222222222,False
103484,103489,4928719.152777778,4937934.833333333,9215.680555555555,False
103493,103495,4937986.009259259,4938676.25462963,690.2453703703703,False
103498,103503,4938719.814814814,4947935.574074074,9215.75925925926,False
103507,103509,4947985.972222222,4948676.25,690.2777777777778,False
103512,103517,4948719.930555556,4957934.638888889,9214.708333333334,False
103521,103523,4957985.277777778,4958675.481481481,690.2037037037037,False
103526,103531,4958719.861111111,4967935.74537037,9215.88425925926,False
103535,103537,4967986.481481481,4968677.074074074,690.5925925925926,False
103540,103545,4968720.990740741,4977935.490740741,9214.5,False
103549,103551,4977985.824074074,4978676.111111111,690.2870370370371,False
103554,103559,4978720.111111111,4987934.458333333,9214.347222222223,False
103563,103565,4987985.689814814,4988676.023148148,690.3333333333334,False
103568,103573,4988719.643518519,4997934.768518519,9215.125,False
103577,103579,4997985.231481481,4998675.384259259,690.1527777777778,False
103582,103587,4998719.324074074,5007935.152777778,9215.828703703704,False
103591,103593,5007985.865740741,5008676.078703703,690.2129629629629,False
103596,103601,5008719.777777778,5017934.648148148,9214.87037037037,False
103605,103607,5017985.189814814,5018675.768518519,690.5787037037037,False
103610,103615,5018719.990740741,5027935.259259259,9215.268518518518,False
103619,103621,5027986.175925926,5028676.606481481,690.4305555555555,False
103624,103629,5028720.263888889,5037935.055555556,9214.791666666666,False
103633,103635,5037985.537037037,5038676.101851852,690.5648148148148,False
103638,103643,5038719.722222222,5047935.486111111,9215.763888888889,False
103647,103649,5047986.407407408,5048676.717592592,690.3101851851852,False
103652,103657,5048720.587962963,5057935.74537037,9215.157407407407,False
103661,103663,5057986.87037037,5058677.361111111,690.4907407407408,False
103666,103671,5058720.657407408,5067935.606481481,9214.949074074075,False
103675,103677,5067986.768518519,5068676.819444444,690.050925925926,False
103680,103685,5068720.50462963,5077935.37037037,9214.86574074074,False
103689,103691,5077986.092592592,5078676.231481481,690.1388888888889,False
103694,103699,5078720.087962963,5087935.199074074,9215.111111111111,False
103703,103705,5087985.847222222,5088676.375,690.5277777777778,False
103708,103713,5088719.921296297,5097934.800925926,9214.87962962963,False
103717,103719,5097985.87037037,5098675.865740741,689.9953703703703,False
103722,103727,5098719.648148148,5107935.50462963,9215.856481481482,False
103731,103733,5107986.328703703,5108676.578703703,690.25,False
103736,103741,5108720.268518519,5117935.263888889,9214.99537037037,False
103745,103747,5117985.865740741,5118675.967592592,690.1018518518518,False
103750,103755,5118720.101851852,5127935.069444444,9214.967592592593,False
103759,103761,5127985.930555556,5128675.935185186,690.0046296296297,False
103764,103769,5128719.800925926,5137935.157407408,9215.356481481482,False
103773,103775,5137985.796296297,5138676.319444444,690.5231481481482,False
103778,103783,5138720.226851852,5147935.310185186,9215.083333333334,False
103787,103789,5147985.472222222,5148675.722222222,690.25,False
103792,103797,5148719.625,5157936.421296297,9216.796296296296,False
103801,103803,5157987.810185186,5158678.092592592,690.2824074074074,False
103806,103811,5158721.458333333,5167935.412037037,9213.953703703704,False
103815,103817,5167986.472222222,5168676.550925926,690.0787037037037,False
103820,103825,5168719.513888889,5177935.439814814,9215.925925925925,False
103829,103831,5177986.699074074,5178676.763888889,690.0648148148148,False
103834,103839,5178720.680555556,5187934.800925926,9214.12037037037,False
103843,103845,5187985.467592592,5188675.435185186,689.9675925925926,False
103848,103853,5188719.027777778,5197935.532407408,9216.50462962963,False
103857,103859,5197986.37962963,5198676.555555556,690.175925925926,False
103862,103867,5198719.861111111,5207935.268518519,9215.407407407407,False
103871,103873,5207986.972222222,5208676.888888889,689.9166666666666,False
103876,103881,5208720.981481481,5217935.268518519,9214.287037037036,False
103885,103887,5217986.143518519,5218676.467592592,690.324074074074,False
103890,103895,5218720.111111111,5227934.365740741,9214.25462962963,False
103899,103901,5227985.300925926,5228675.606481481,690.3055555555555,False
103904,103909,5228719.212962963,5237934.842592592,9215.62962962963,False
103913,103915,5237985.601851852,5238675.768518519,690.1666666666666,False
103918,103923,5238719.75462963,5247935.75,9215.99537037037,False
103927,103929,5247986.458333333,5248676.800925926,690.3425925925926,False
103932,103937,5248720.12037037,5257935.185185186,9215.064814814816,False
103941,103943,5257986.134259259,5258676.342592592,690.2083333333334,False
103946,103951,5258719.800925926,5267935.324074074,9215.523148148148,False
103955,103957,5267985.37037037,5268675.865740741,690.4953703703703,False
103960,103965,5268719.578703703,5277935.310185186,9215.731481481482,False
103969,103971,5277986.689814814,5278676.490740741,689.800925925926,False
103974,103979,5278720.027777778,5287935.074074074,9215.046296296296,False
103983,103985,5287985.861111111,5288675.916666667,690.0555555555555,False
103988,103993,5288719.384259259,5297936.231481481,9216.847222222223,False
103997,103999,5297986.662037037,5298676.592592592,689.9305555555555,False
104002,104007,5298720.398148148,5307934.361111111,9213.962962962964,False
104011,104013,5307984.87037037,5308675.263888889,690.3935185185185,False
104016,104021,5308718.777777778,5317934.291666667,9215.513888888889,False
104025,104027,5317984.791666667,5318675.143518519,690.3518518518518,False
104030,104035,5318718.898148148,5327935.800925926,9216.902777777777,False
104039,104041,5327986.685185186,5328676.763888889,690.0787037037037,False
104044,104049,5328720.5,5337934.342592592,9213.842592592593,False
104053,104055,5337984.884259259,5338675.194444444,690.3101851851852,False
104058,104063,5338718.425925926,5347934.597222222,9216.171296296296,False
104067,104069,5347984.462962963,5348674.782407408,690.3194444444445,False
104072,104077,5348718.782407408,5357935.115740741,9216.333333333334,False
104081,104083,5357985.569444444,5358676.189814814,690.6203703703703,False
104086,104091,5358720.240740741,5367935.013888889,9214.773148148148,False
104095,104097,5367986.351851852,5368676.5,690.1481481481482,False
104100,104105,5368719.740740741,5377935.513888889,9215.773148148148,False
104109,104111,5377986.50462963,5378676.324074074,689.8194444444445,False
104114,104119,5378719.606481481,5387935.699074074,9216.092592592593,False
104123,104125,5387987.287037037,5388677.337962963,690.050925925926,False
104128,104133,5388720.185185186,5397934.851851852,9214.666666666666,False
104137,104139,5397985.712962963,5398676.231481481,690.5185185185185,False
104142,104147,5398719.731481481,5407934.12037037,9214.388888888889,False
104151,104153,5407984.75,5408674.787037037,690.0370370370371,False
104156,104161,5408718.638888889,5417935.060185186,9216.421296296296,False
104165,104167,5417985.763888889,5418675.916666667,690.1527777777778,False
104170,104175,5418719.583333333,5427935.5,9215.916666666666,False
104179,104181,5427986.592592592,5428676.458333333,689.8657407407408,False
104184,104189,5428720.115740741,5437935.513888889,9215.398148148148,False
104193,104195,5437986.217592592,5438676.138888889,689.9212962962963,False
104198,104203,5438719.398148148,5447935.759259259,9216.361111111111,False
104207,104209,5447986.763888889,5448677.115740741,690.3518518518518,False
104212,104217,5448720.550925926,5457936.509259259,9215.958333333334,False
104221,104223,5457987.921296297,5458677.902777778,689.9814814814815,False
104226,104231,5458721.953703703,5467934.925925926,9212.972222222223,False
104235,104237,5467985.824074074,5468676.074074074,690.25,False
104240,104245,5468719.472222222,5477935.814814814,9216.342592592593,False
104249,104251,5477986.300925926,5478676.560185186,690.2592592592592,False
104254,104263,5478720.310185186,5487996.800925926,9276.49074074074,False
104271,104273,5488194.157407408,5488884.12962963,689.9722222222222,False
104277,104279,5488932.694444444,5489623.263888889,690.5694444444445,False
104282,104287,5489665.634259259,5497934.546296297,8268.912037037036,False
104291,104293,5497985.967592592,5498676.00462963,690.0370370370371,False
104296,104301,5498719.486111111,5507935.375,9215.888888888889,False
104305,104307,5507986.222222222,5508676.671296297,690.449074074074,False
104310,104315,5508720.199074074,5517935.384259259,9215.185185185184,False
104319,104321,5517985.833333333,5518676.041666667,690.2083333333334,False
104324,104329,5518720.337962963,5527935.49537037,9215.157407407407,False
104333,104335,5527985.773148148,5528675.912037037,690.1388888888889,False
104338,104343,5528719.282407408,5537934.791666667,9215.50925925926,False
104347,104349,5537985.884259259,5538676.282407408,690.3981481481482,False
104352,104357,5538720.37037037,5547934.541666667,9214.171296296296,False
104361,104363,5547985.555555556,5548675.541666667,689.9861111111111,False
104366,104371,5548718.648148148,5557935.800925926,9217.152777777777,False
104375,104377,5557987.314814814,5558677.060185186,689.7453703703703,False
104380,104385,5558720.935185186,5567935.208333333,9214.273148148148,False
104389,104391,5567986.453703703,5568676.476851852,690.0231481481482,False
104394,104399,5568719.527777778,5577935.861111111,9216.333333333334,False
104403,104405,5577986.319444444,5578676.537037037,690.2175925925926,False
104408,104413,5578719.990740741,5587935.699074074,9215.708333333334,False
104417,104419,5587986.731481481,5588676.842592592,690.1111111111111,False
104422,104427,5588720.875,5597936.023148148,9215.148148148148,False
104431,104433,5597986.537037037,5598676.944444444,690.4074074074074,False
104436,104441,5598720.740740741,5607934.694444444,9213.953703703704,False
104445,104447,5607985.365740741,5608675.638888889,690.2731481481482,False
104450,104455,5608719.458333333,5617938.069444444,9218.611111111111,False
104459,104461,5617989.199074074,5618679.152777778,689.9537037037037,False
104464,104469,5618723.013888889,5627934.694444444,9211.680555555555,False
104473,104475,5627985.157407408,5628675.407407408,690.25,False
104478,104483,5628719.0,5637935.648148148,9216.648148148148,False
104487,104489,5637986.638888889,5638677.180555556,690.5416666666666,False
104492,104497,5638720.921296297,5647935.009259259,9214.087962962964,False
104501,104503,5647986.597222222,5648676.444444444,689.8472222222222,False
104506,104511,5648719.851851852,5657935.185185186,9215.333333333334,False
104515,104517,5657986.50462963,5658676.712962963,690.2083333333334,False
104520,104525,5658720.736111111,5667935.25462963,9214.518518518518,False
104529,104531,5667985.62037037,5668675.606481481,689.9861111111111,False
104534,104539,5668719.449074074,5677935.412037037,9215.962962962964,False
104543,104545,5677986.064814814,5678676.587962963,690.5231481481482,False
104548,104553,5678720.041666667,5687935.425925926,9215.38425925926,False
104557,104559,5687986.388888889,5688676.587962963,690.199074074074,False
104562,104571,5688720.402777778,5690039.837962963,1319.4351851851852,False
104575,104577,5690097.819444444,5690788.092592592,690.2731481481482,False
104580,104585,5690827.055555556,5697935.347222222,7108.291666666667,False
104589,104591,5697986.226851852,5698676.37962963,690.1527777777778,False
104594,104599,5698720.305555556,5707936.236111111,9215.930555555555,False
104603,104605,5707986.814814814,5708677.236111111,690.4212962962963,False
104608,104613,5708720.953703703,5717934.652777778,9213.699074074075,False
104617,104619,5717985.578703703,5718675.643518519,690.0648148148148,False
104622,104627,5718719.055555556,5727935.291666667,9216.236111111111,False
104631,104633,5727985.893518519,5728676.078703703,690.1851851851852,False
104636,104641,5728719.634259259,5737935.537037037,9215.902777777777,False
104645,104647,5737986.907407408,5738677.148148148,690.2407407407408,False
104650,104655,5738721.439814814,5747935.458333333,9214.018518518518,False
104659,104661,5747986.018518519,5748676.189814814,690.1712962962963,False
104664,104669,5748719.712962963,5757935.513888889,9215.800925925925,False
104673,104675,5757985.967592592,5758676.37962963,690.4120370370371,False
104678,104683,5758719.949074074,5767935.703703703,9215.75462962963,False
104687,104689,5767987.101851852,5768677.143518519,690.0416666666666,False
104692,104697,5768720.958333333,5777937.097222222,9216.138888888889,False
104701,104703,5777987.699074074,5778678.12962963,690.4305555555555,False
104706,104711,5778722.361111111,5787934.912037037,9212.550925925925,False
104715,104717,5787985.976851852,5788676.106481481,690.1296296296297,False
104720,104725,5788719.981481481,5797936.023148148,9216.041666666666,False
104729,104731,5797987.018518519,5798677.49537037,690.4768518518518,False
104734,104739,5798720.962962963,5807935.226851852,9214.263888888889,False
104743,104745,5807986.25462963,5808676.393518519,690.1388888888889,False
104748,104753,5808720.337962963,5817934.912037037,9214.574074074075,False
104757,104759,5817986.143518519,5818676.347222222,690.2037037037037,False
104762,104767,5818719.569444444,5827934.333333333,9214.763888888889,False
104771,104773,5827985.273148148,5828675.402777778,690.1296296296297,False
104776,104781,5828719.259259259,5837935.365740741,9216.106481481482,False
104785,104787,5837985.759259259,5838675.685185186,689.925925925926,False
104790,104795,5838720.259259259,5847934.953703703,9214.694444444445,False
104799,104801,5847985.685185186,5848675.393518519,689.7083333333334,False
104804,104809,5848718.587962963,5857935.763888889,9217.175925925925,False
104813,104815,5857986.842592592,5858677.25462963,690.4120370370371,False
104818,104827,5858719.99537037,5867998.375,9278.37962962963,False
104835,104837,5868196.648148148,5868886.75462963,690.1064814814815,False
104841,104843,5868936.143518519,5869626.324074074,690.1805555555555,False
104846,104851,5869668.736111111,5877935.217592592,8266.481481481482,False
104855,104857,5877986.648148148,5878676.685185186,690.0370370370371,False
104860,104865,5878719.805555556,5887934.851851852,9215.046296296296,False
104869,104871,5887985.736111111,5888675.976851852,690.2407407407408,False
104874,104879,5888719.208333333,5897935.625,9216.416666666666,False
104883,104885,5897986.666666667,5898676.851851852,690.1851851851852,False
104888,104893,5898720.888888889,5907935.263888889,9214.375,False
104897,104899,5907985.953703703,5908676.143518519,690.1898148148148,False
104902,104907,5908720.060185186,5917935.25,9215.189814814816,False
104911,104913,5917987.162037037,5918677.101851852,689.9398148148148,False
104916,104921,5918720.726851852,5927935.393518519,9214.666666666666,False
104925,104927,5927986.203703703,5928676.587962963,690.3842592592592,False
104930,104935,5928720.236111111,5937935.875,9215.638888888889,False
104939,104941,5937987.685185186,5938677.824074074,690.1388888888889,False
104944,104949,5938720.990740741,5947935.865740741,9214.875,False
104953,104955,5947987.351851852,5948677.203703703,689.8518518518518,False
104958,104963,5948720.99537037,5957935.717592592,9214.722222222223,False
104967,104969,5957987.240740741,5958677.009259259,689.7685185185185,False
104972,104977,5958720.75,5967936.083333333,9215.333333333334,False
104981,104983,5967987.282407408,5968677.412037037,690.1296296296297,False
104986,104991,5968721.212962963,5977934.851851852,9213.638888888889,False
104995,104997,5977986.023148148,5978676.259259259,690.2361111111111,False
105000,105005,5978720.199074074,5987934.912037037,9214.712962962964,False
105009,105011,5987985.828703703,5988676.282407408,690.4537037037037,False
105014,105019,5988719.958333333,5997935.449074074,9215.49074074074,False
105023,105025,5997986.388888889,5998676.671296297,690.2824074074074,False
105028,105033,5998721.064814814,6007935.074074074,9214.00925925926,False
105037,105039,6007985.958333333,6008675.833333333,689.875,False
105042,105051,6008719.62037037,6008922.222222222,202.60185185185185,False
105055,105057,6008980.138888889,6009670.462962963,690.324074074074,False
105060,105065,6009708.935185186,6017935.37962963,8226.444444444445,False
105069,105071,6017985.967592592,6018676.296296297,690.3287037037037,False
105074,105079,6018719.949074074,6027935.106481481,9215.157407407407,False
105083,105085,6027985.708333333,6028675.810185186,690.1018518518518,False
105088,105093,6028719.37962963,6037936.259259259,9216.87962962963,False
105097,105099,6037987.018518519,6038677.115740741,690.0972222222222,False
105102,105107,6038721.087962963,6047935.097222222,9214.00925925926,False
105111,105113,6047985.458333333,6048675.814814814,690.3564814814815,False
105116,105121,6048719.398148148,6057935.236111111,9215.837962962964,False
105125,105127,6057986.273148148,6058676.555555556,690.2824074074074,False
105130,105135,6058720.273148148,6067935.310185186,9215.037037037036,False
105139,105141,6067986.222222222,6068676.657407408,690.4351851851852,False
105144,105149,6068723.310185186,6077935.125,9211.814814814816,False
105153,105155,6077986.032407408,6078676.25462963,690.2222222222222,False
105158,105163,6078720.12962963,6087935.347222222,9215.217592592593,False
105167,105169,6087986.291666667,6088676.347222222,690.0555555555555,False
105172,105177,6088720.018518519,6097934.685185186,9214.666666666666,False
105181,105183,6097986.657407408,6098676.569444444,689.9120370370371,False
105186,105191,6098720.222222222,6107934.694444444,9214.472222222223,False
105195,105197,6107985.912037037,6108675.953703703,690.0416666666666,False
105200,105205,6108720.097222222,6117934.351851852,9214.25462962963,False
105209,105211,6117985.013888889,6118675.287037037,690.2731481481482,False
105214,105219,6118719.115740741,6127935.574074074,9216.458333333334,False
105223,105225,6127987.268518519,6128677.425925926,690.1574074074074,False
105228,105233,6128721.337962963,6137935.490740741,9214.152777777777,False
105237,105239,6137986.115740741,6138675.87962963,689.7638888888889,False
105242,105247,6138719.453703703,6147935.305555556,9215.851851851852,False
105251,105253,6147986.175925926,6148676.375,690.199074074074,False
105256,105261,6148720.365740741,6157935.481481481,9215.11574074074,False
105265,105267,6157986.574074074,6158676.625,690.050925925926,False
105270,105279,6158720.138888889,6167997.37037037,9277.231481481482,False
105287,105289,6168196.337962963,6168886.416666667,690.0787037037037,False
105293,105295,6168935.0,6169625.5,690.5,False
105298,105303,6169667.902777778,6177934.361111111,8266.458333333334,False
105307,105309,6177985.050925926,6178675.277777778,690.2268518518518,False
105312,105317,6178718.990740741,6187934.847222222,9215.856481481482,False
105321,105323,6187985.208333333,6188675.689814814,690.4814814814815,False
105326,105331,6188718.87037037,6197936.597222222,9217.726851851852,False
105335,105337,6197987.453703703,6198677.643518519,690.1898148148148,False
105340,105345,6198721.101851852,6207935.069444444,9213.967592592593,False
105349,105351,6207985.916666667,6208676.189814814,690.2731481481482,False
105354,105359,6208720.148148148,6217935.449074074,9215.300925925925,False
105363,105365,6217986.337962963,6218676.222222222,689.8842592592592,False
105368,105373,6218719.625,6227934.773148148,9215.148148148148,False
105377,105379,6227985.634259259,6228675.925925926,690.2916666666666,False
105382,105387,6228719.356481481,6237937.916666667,9218.560185185184,False
105391,105393,6237988.972222222,6238678.740740741,689.7685185185185,False
105396,105401,6238722.675925926,6247935.736111111,9213.060185185184,False
105405,105407,6247986.87962963,6248676.777777778,689.8981481481482,False
105410,105415,6248720.527777778,6257935.518518519,9214.99074074074,False
105419,105421,6257986.402777778,6258676.277777778,689.875,False
105424,105429,6258719.736111111,6267935.393518519,9215.657407407407,False
105433,105435,6267986.25462963,6268676.273148148,690.0185185185185,False
105438,105443,6268720.546296297,6277936.087962963,9215.541666666666,False
105447,105449,6277987.25,6278677.319444444,690.0694444444445,False
105452,105457,6278720.333333333,6287934.736111111,9214.402777777777,False
105461,105463,6287985.458333333,6288675.425925926,689.9675925925926,False
105466,105471,6288719.0,6297934.768518519,9215.768518518518,False
105475,105477,6297985.208333333,6298675.740740741,690.5324074074074,False
105480,105485,6298719.319444444,6307935.060185186,9215.74074074074,False
105489,105491,6307986.078703703,6308676.513888889,690.4351851851852,False
105494,105499,6308720.75462963,6317935.12962963,9214.375,False
105503,105505,6317986.847222222,6318676.555555556,689.7083333333334,False
105508,105513,6318720.986111111,6327935.050925926,9214.064814814816,False
105517,105519,6327986.356481481,6328676.532407408,690.175925925926,False
105522,105531,6328720.199074074,6337999.226851852,9279.027777777777,False
105539,105541,6338196.032407408,6338886.435185186,690.4027777777778,False
105545,105547,6338936.078703703,6339626.5,690.4212962962963,False
105550,105555,6339668.037037037,6347935.916666667,8267.87962962963,False
105559,105561,6347986.333333333,6348676.819444444,690.4861111111111,False
105564,105569,6348720.740740741,6357935.018518519,9214.277777777777,False
105573,105575,6357985.564814814,6358675.722222222,690.1574074074074,False
105578,105583,6358719.717592592,6367935.222222222,9215.50462962963,False
105587,105589,6367985.712962963,6368675.981481481,690.2685185185185,False
105592,105597,6368720.078703703,6377935.537037037,9215.458333333334,False
105601,105603,6377986.458333333,6378676.712962963,690.2546296296297,False
105606,105611,6378720.018518519,6387935.777777778,9215.75925925926,False
105615,105617,6387986.421296297,6388676.541666667,690.1203703703703,False
105620,105625,6388720.125,6397935.453703703,9215.328703703704,False
105629,105631,6397986.421296297,6398676.527777778,690.1064814814815,False
105634,105639,6398720.328703703,6407935.513888889,9215.185185185184,False
105643,105645,6407986.148148148,6408676.560185186,690.4120370370371,False
105648,105653,6408720.532407408,6417937.791666667,9217.25925925926,False
105657,105659,6417988.805555556,6418679.046296297,690.2407407407408,False
105662,105667,6418722.541666667,6427934.606481481,9212.064814814816,False
105671,105673,6427985.578703703,6428675.731481481,690.1527777777778,False
105676,105681,6428719.865740741,6437935.328703703,9215.462962962964,False
105685,105687,6437986.111111111,6438676.268518519,690.1574074074074,False
105690,105695,6438720.078703703,6447934.925925926,9214.847222222223,False
105699,105701,6447985.199074074,6448675.546296297,690.3472222222222,False
105704,105709,6448719.106481481,6457935.064814814,9215.958333333334,False
105713,105715,6457985.25462963,6458675.773148148,690.5185185185185,False
105718,105723,6458720.337962963,6467935.773148148,9215.435185185184,False
105727,105729,6467986.050925926,6468676.305555556,690.2546296296297,False
105732,105737,6468719.805555556,6477934.824074074,9215.018518518518,False
105741,105743,6477985.439814814,6478675.324074074,689.8842592592592,False
105746,105751,6478719.24537037,6487934.675925926,9215.430555555555,False
105755,105757,6487985.574074074,6488675.759259259,690.1851851851852,False
105760,105765,6488719.564814814,6497935.712962963,9216.148148148148,False
105769,105771,6497986.175925926,6498676.523148148,690.3472222222222,False
105774,105779,6498720.310185186,6507934.449074074,9214.138888888889,False
105783,105785,6507984.62962963,6508674.986111111,690.3564814814815,False
105788,105793,6508718.731481481,6517935.115740741,9216.38425925926,False
105797,105799,6517985.712962963,6518675.837962963,690.125,False
105802,105807,6518720.393518519,6527934.884259259,9214.49074074074,False
105811,105813,6527985.875,6528675.861111111,689.9861111111111,False
105816,105821,6528719.643518519,6537935.541666667,9215.898148148148,False
105825,105827,6537986.675925926,6538676.819444444,690.1435185185185,False
105830,105835,6538720.236111111,6547934.606481481,9214.37037037037,False
105839,105841,6547985.75462963,6548676.152777778,690.3981481481482,False
105844,105849,6548719.425925926,6557935.25462963,9215.828703703704,False
105853,105855,6557986.324074074,6558676.560185186,690.2361111111111,False
105858,105863,6558720.449074074,6567935.425925926,9214.976851851852,False
105867,105869,6567985.930555556,6568676.5,690.5694444444445,False
105872,105877,6568720.222222222,6577935.087962963,9214.86574074074,False
105881,105883,6577985.625,6578675.865740741,690.2407407407408,False
105886,105891,6578719.333333333,6587935.532407408,9216.199074074075,False
105895,105897,6587986.398148148,6588676.925925926,690.5277777777778,False
105900,105905,6588720.611111111,6597934.949074074,9214.337962962964,False
105909,105911,6597985.810185186,6598675.814814814,690.0046296296297,False
105914,105919,6598719.837962963,6607935.273148148,9215.435185185184,False
105923,105925,6607985.680555556,6608675.472222222,689.7916666666666,False
105928,105933,6608719.384259259,6617934.708333333,9215.324074074075,False
105937,105939,6617985.111111111,6618675.236111111,690.125,False
105942,105947,6618719.263888889,6627934.949074074,9215.685185185184,False
105951,105953,6627986.194444444,6628676.212962963,690.0185185185185,False
105956,105961,6628720.212962963,6637935.291666667,9215.078703703704,False
105965,105967,6637986.152777778,6638676.444444444,690.2916666666666,False
105970,105975,6638720.699074074,6647934.935185186,9214.236111111111,False
105979,105981,6647985.819444444,6648675.949074074,690.1296296296297,False
105984,105989,6648719.430555556,6657935.078703703,9215.648148148148,False
105993,105995,6657985.430555556,6658675.574074074,690.1435185185185,False
105998,106003,6658719.324074074,6667935.634259259,9216.310185185184,False
106007,106009,6667986.75,6668677.087962963,690.3379629629629,False
106012,106017,6668720.884259259,6677934.763888889,9213.87962962963,False
106021,106023,6677986.046296297,6678675.824074074,689.7777777777778,False
106026,106031,6678720.064814814,6687934.787037037,9214.722222222223,False
106035,106037,6687985.50462963,6688675.615740741,690.1111111111111,False
106040,106045,6688720.291666667,6697934.078703703,9213.787037037036,False
106049,106051,6697984.680555556,6698674.62037037,689.9398148148148,False
106054,106059,6698718.472222222,6707934.893518519,9216.421296296296,False
106063,106065,6707985.972222222,6708676.490740741,690.5185185185185,False
106068,106073,6708720.481481481,6717936.046296297,9215.564814814816,False
106077,106079,6717986.768518519,6718677.083333333,690.3148148148148,False
106082,106087,6718720.907407408,6727935.5,9214.592592592593,False
106091,106093,6727986.125,6728676.282407408,690.1574074074074,False
106096,106101,6728719.847222222,6737935.013888889,9215.166666666666,False
106105,106107,6737986.263888889,6738676.143518519,689.8796296296297,False
106110,106115,6738720.0,6747935.199074074,9215.199074074075,False
106119,106121,6747985.967592592,6748676.222222222,690.2546296296297,False
106124,106129,6748720.032407408,6757935.467592592,9215.435185185184,False
106133,106135,6757986.648148148,6758676.407407408,689.7592592592592,False
106138,106143,6758720.527777778,6767934.435185186,9213.907407407407,False
106147,106149,6767985.060185186,6768675.148148148,690.0879629629629,False
106152,106157,6768718.680555556,6777934.305555556,9215.625,False
106161,106163,6777985.078703703,6778675.24537037,690.1666666666666,False
106166,106171,6778718.638888889,6787934.472222222,9215.833333333334,False
106175,106177,6787985.611111111,6788675.921296297,690.3101851851852,False
106180,106185,6788719.337962963,6797934.944444444,9215.606481481482,False
106189,106191,6797985.703703703,6798675.75,690.0462962962963,False
106194,106199,6798719.402777778,6807934.800925926,9215.398148148148,False
106203,106205,6807985.342592592,6808675.981481481,690.6388888888889,False
106208,106213,6808719.902777778,6817935.662037037,9215.75925925926,False
106217,106219,6817986.740740741,6818676.939814814,690.199074074074,False
106222,106227,6818720.851851852,6827935.027777778,9214.175925925925,False
106231,106233,6827985.712962963,6828675.907407408,690.1944444444445,False
106236,106241,6828720.074074074,6837935.018518519,9214.944444444445,False
106245,106247,6837985.819444444,6838675.907407408,690.0879629629629,False
106250,106255,6838720.069444444,6847936.787037037,9216.717592592593,False
106259,106261,6847987.592592592,6848677.699074074,690.1064814814815,False
106264,106269,6848722.222222222,6857934.916666667,9212.694444444445,False
106273,106275,6857986.208333333,6858676.268518519,690.0601851851852,False
106278,106283,6858719.824074074,6867935.24537037,9215.421296296296,False
106287,106289,6867986.305555556,6868676.787037037,690.4814814814815,False
106292,106297,6868720.314814814,6877935.819444444,9215.50462962963,False
106301,106303,6877986.884259259,6878676.847222222,689.9629629629629,False
106306,106311,6878720.606481481,6887935.375,9214.768518518518,False
106315,106317,6887986.12962963,6888676.560185186,690.4305555555555,False
106320,106325,6888720.287037037,6897935.0,9214.712962962964,False
106329,106331,6897986.935185186,6898676.916666667,689.9814814814815,False
106334,106339,6898720.930555556,6907934.865740741,9213.935185185184,False
106343,106345,6907985.291666667,6908675.342592592,690.050925925926,False
106348,106353,6908718.25462963,6917934.726851852,9216.472222222223,False
106357,106359,6917985.680555556,6918675.74537037,690.0648148148148,False
106362,106367,6918719.875,6927934.800925926,9214.925925925925,False
106371,106373,6927985.208333333,6928675.541666667,690.3333333333334,False
106376,106381,6928719.152777778,6937935.601851852,9216.449074074075,False
106385,106387,6937986.060185186,6938676.203703703,690.1435185185185,False
106390,106395,6938720.111111111,6947934.837962963,9214.726851851852,False
106399,106401,6947986.606481481,6948676.310185186,689.7037037037037,False
106404,106409,6948719.490740741,6957935.300925926,9215.810185185184,False
106413,106415,6957986.87037037,6958676.972222222,690.1018518518518,False
106418,106423,6958721.111111111,6967934.990740741,9213.87962962963,False
106427,106429,6967986.310185186,6968676.217592592,689.9074074074074,False
106432,106437,6968719.638888889,6977935.00462963,9215.36574074074,False
106441,106443,6977985.888888889,6978676.25,690.3611111111111,False
106446,106451,6978719.898148148,6987935.449074074,9215.550925925925,False
106455,106457,6987986.00462963,6988676.611111111,690.6064814814815,False
106460,106465,6988720.388888889,6997934.87962963,9214.49074074074,False
106469,106471,6997985.740740741,6998675.921296297,690.1805555555555,False
106474,106479,6998720.166666667,7007935.0,9214.833333333334,False
106483,106485,7007986.060185186,7008675.736111111,689.675925925926,False
106488,106493,7008719.287037037,7017935.796296297,9216.50925925926,False
106497,106499,7017986.902777778,7018676.967592592,690.0648148148148,False
106502,106507,7018720.430555556,7027935.481481481,9215.050925925925,False
106511,106513,7027986.541666667,7028676.587962963,690.0462962962963,False
106516,106521,7028720.300925926,7037935.162037037,9214.861111111111,False
106525,106527,7037986.62962963,7038677.050925926,690.4212962962963,False
106530,106535,7038720.782407408,7047935.782407408,9215.0,False
106539,106541,7047986.787037037,7048676.694444444,689.9074074074074,False
106544,106549,7048720.236111111,7057934.893518519,9214.657407407407,False
106553,106555,7057986.12962963,7058676.00462963,689.875,False
106558,106563,7058719.634259259,7067935.625,9215.99074074074,False
106567,106569,7067986.074074074,7068676.685185186,690.6111111111111,False
106572,106577,7068720.819444444,7077935.388888889,9214.569444444445,False
106581,106583,7077985.981481481,7078676.435185186,690.4537037037037,False
106586,106591,7078720.018518519,7087934.763888889,9214.74537037037,False
106595,106597,7087985.601851852,7088675.87037037,690.2685185185185,False
106600,106605,7088719.148148148,7097936.282407408,9217.13425925926,False
106609,106611,7097987.523148148,7098678.212962963,690.6898148148148,False
106614,106619,7098721.527777778,7107935.101851852,9213.574074074075,False
106623,106625,7107986.199074074,7108676.490740741,690.2916666666666,False
106628,106633,7108719.62962963,7117935.652777778,9216.023148148148,False
106637,106639,7117986.231481481,7118676.722222222,690.4907407407408,False
106642,106647,7118720.601851852,7127935.407407408,9214.805555555555,False
106651,106653,7127986.444444444,7128676.643518519,690.199074074074,False
106656,106661,7128720.458333333,7137934.421296297,9213.962962962964,False
106665,106667,7137985.398148148,7138675.888888889,690.4907407407408,False
106670,106675,7138719.518518519,7147935.652777778,9216.13425925926,False
106679,106681,7147986.402777778,7148676.351851852,689.949074074074,False
106684,106689,7148719.800925926,7157935.212962963,9215.412037037036,False
106693,106695,7157985.782407408,7158676.212962963,690.4305555555555,False
106698,106703,7158719.958333333,7167934.611111111,9214.652777777777,False
106707,106709,7167985.314814814,7168675.328703703,690.0138888888889,False
106712,106717,7168719.208333333,7177934.671296297,9215.462962962964,False
106721,106723,7177984.967592592,7178675.087962963,690.1203703703703,False
106726,106731,7178718.541666667,7187935.722222222,9217.180555555555,False
106735,106737,7187987.009259259,7188677.115740741,690.1064814814815,False
106740,106745,7188720.837962963,7197935.203703703,9214.36574074074,False
106749,106751,7197985.990740741,7198676.25,690.2592592592592,False
106754,106759,7198719.986111111,7207935.712962963,9215.726851851852,False
106763,106765,7207986.768518519,7208676.907407408,690.1388888888889,False
106768,106773,7208720.680555556,7217934.37037037,9213.689814814816,False
106777,106779,7217985.282407408,7218675.402777778,690.1203703703703,False
106782,106787,7218719.199074074,7227935.541666667,9216.342592592593,False
106791,106793,7227986.291666667,7228676.513888889,690.2222222222222,False
106796,106801,7228720.347222222,7237935.199074074,9214.851851851852,False
106805,106807,7237985.796296297,7238675.893518519,690.0972222222222,False
106810,106815,7238719.541666667,7247935.731481481,9216.189814814816,False
106819,106821,7247986.217592592,7248676.476851852,690.2592592592592,False
106824,106829,7248719.981481481,7257935.138888889,9215.157407407407,False
106833,106835,7257985.277777778,7258675.333333333,690.0555555555555,False
106838,106843,7258718.430555556,7267934.935185186,9216.50462962963,False
106847,106849,7267985.240740741,7268675.569444444,690.3287037037037,False
106852,106857,7268719.685185186,7277935.226851852,9215.541666666666,False
106861,106863,7277986.055555556,7278676.268518519,690.2129629629629,False
106866,106871,7278720.078703703,7287934.337962963,9214.25925925926,False
106875,106877,7287984.666666667,7288675.143518519,690.4768518518518,False
106880,106885,7288719.046296297,7297934.981481481,9215.935185185184,False
106889,106891,7297985.356481481,7298675.560185186,690.2037037037037,False
106894,106899,7298719.555555556,7307934.851851852,9215.296296296296,False
106903,106905,7307986.092592592,7308676.074074074,689.9814814814815,False
106908,106913,7308720.175925926,7317934.856481481,9214.680555555555,False
106917,106919,7317985.699074074,7318675.592592592,689.8935185185185,False
106922,106927,7318719.009259259,7327935.532407408,9216.523148148148,False
106931,106933,7327986.712962963,7328676.759259259,690.0462962962963,False
106936,106941,7328720.263888889,7337935.12962963,9214.86574074074,False
106945,106947,7337985.564814814,7338675.939814814,690.375,False
106950,106955,7338719.74537037,7347936.175925926,9216.430555555555,False
106959,106961,7347987.180555556,7348677.578703703,690.3981481481482,False
106964,106969,7348721.949074074,7357935.296296297,9213.347222222223,False
106973,106975,7357986.157407408,7358676.546296297,690.3888888888889,False
106978,106983,7358720.069444444,7367935.981481481,9215.912037037036,False
106987,106989,7367987.240740741,7368677.550925926,690.3101851851852,False
106992,106997,7368720.893518519,7377934.305555556,9213.412037037036,False
107001,107003,7377986.37962963,7378676.569444444,690.1898148148148,False
107006,107011,7378719.842592592,7387935.606481481,9215.763888888889,False
107015,107017,7387986.152777778,7388676.416666667,690.2638888888889,False
107020,107025,7388719.597222222,7397935.217592592,9215.62037037037,False
107029,107031,7397985.833333333,7398676.189814814,690.3564814814815,False
107034,107039,7398719.078703703,7407935.837962963,9216.75925925926,False
107043,107045,7407986.824074074,7408677.342592592,690.5185185185185,False
107048,107053,7408720.699074074,7417935.75462963,9215.055555555555,False
107057,107059,7417986.574074074,7418676.935185186,690.3611111111111,False
107062,107067,7418719.847222222,7427935.407407408,9215.560185185184,False
107071,107073,7427985.925925926,7428675.935185186,690.0092592592592,False
107076,107081,7428719.578703703,7437936.078703703,9216.5,False
107085,107087,7437987.231481481,7438677.115740741,689.8842592592592,False
107090,107095,7438720.194444444,7447934.314814814,9214.12037037037,False
107099,107101,7447984.814814814,7448675.106481481,690.2916666666666,False
107104,107109,7448718.638888889,7457935.162037037,9216.523148148148,False
107113,107115,7457985.99537037,7458676.208333333,690.2129629629629,False
107118,107123,7458720.166666667,7467934.356481481,9214.189814814816,False
107127,107129,7467985.5,7468675.837962963,690.3379629629629,False
107132,107137,7468719.375,7477935.865740741,9216.49074074074,False
107141,107143,7477986.944444444,7478676.898148148,689.9537037037037,False
107146,107151,7478720.921296297,7487934.231481481,9213.310185185184,False
107155,107157,7487985.842592592,7488676.041666667,690.199074074074,False
107160,107165,7488720.032407408,7497935.12962963,9215.097222222223,False
107169,107171,7497985.148148148,7498675.449074074,690.300925925926,False
107174,107179,7498719.25,7507934.662037037,9215.412037037036,False
107183,107185,7507985.37037037,7508675.763888889,690.3935185185185,False
107188,107193,7508719.5,7517935.421296297,9215.921296296296,False
107197,107199,7517985.916666667,7518676.106481481,690.1898148148148,False
107202,107207,7518719.634259259,7527934.740740741,9215.106481481482,False
107211,107213,7527985.583333333,7528675.949074074,690.3657407407408,False
107216,107221,7528719.606481481,7537935.212962963,9215.606481481482,False
107225,107227,7537985.99537037,7538676.263888889,690.2685185185185,False
107230,107235,7538719.578703703,7547935.606481481,9216.027777777777,False
107239,107241,7547986.490740741,7548676.351851852,689.8611111111111,False
107244,107249,7548720.189814814,7557933.810185186,9213.62037037037,False
107253,107255,7557985.49537037,7558675.291666667,689.7962962962963,False
107258,107263,7558719.00462963,7567935.430555556,9216.425925925925,False
107267,107269,7567986.972222222,7568676.703703703,689.7314814814815,False
107272,107277,7568720.351851852,7577935.365740741,9215.013888888889,False
107281,107283,7577986.24537037,7578676.430555556,690.1851851851852,False
107286,107291,7578720.180555556,7587934.907407408,9214.726851851852,False
107295,107297,7587985.287037037,7588675.856481481,690.5694444444445,False
107300,107305,7588719.337962963,7597935.791666667,9216.453703703704,False
107309,107311,7597986.564814814,7598676.458333333,689.8935185185185,False
107314,107319,7598719.930555556,7607935.143518519,9215.212962962964,False
107323,107325,7607985.601851852,7608675.962962963,690.3611111111111,False
107328,107333,7608719.597222222,7617935.916666667,9216.319444444445,False
107337,107339,7617986.652777778,7618677.013888889,690.3611111111111,False
107342,107347,7618720.912037037,7627934.856481481,9213.944444444445,False
107351,107353,7627985.388888889,7628675.472222222,690.0833333333334,False
107356,107361,7628719.0,7637934.680555556,9215.680555555555,False
107365,107367,7637985.541666667,7638675.953703703,690.4120370370371,False
107370,107375,7638720.00462963,7647935.324074074,9215.319444444445,False
107379,107381,7647986.203703703,7648676.226851852,690.0231481481482,False
107384,107389,7648720.467592592,7657934.555555556,9214.087962962964,False
107393,107395,7657985.212962963,7658675.324074074,690.1111111111111,False
107398,107403,7658718.875,7667934.703703703,9215.828703703704,False
107407,107409,7667985.643518519,7668675.671296297,690.0277777777778,False
107412,107417,7668719.634259259,7677935.296296297,9215.662037037036,False
107421,107423,7677986.583333333,7678676.907407408,690.324074074074,False
107426,107431,7678720.782407408,7687935.884259259,9215.101851851852,False
107435,107437,7687986.842592592,7688677.185185186,690.3425925925926,False
107440,107445,7688720.888888889,7697935.060185186,9214.171296296296,False
107449,107451,7697985.865740741,7698675.787037037,689.9212962962963,False
107454,107459,7698719.351851852,7707934.615740741,9215.263888888889,False
107463,107465,7707985.685185186,7708676.00462963,690.3194444444445,False
107468,107473,7708720.037037037,7717936.060185186,9216.023148148148,False
107477,107479,7717986.657407408,7718676.648148148,689.9907407407408,False
107482,107487,7718720.435185186,7727935.449074074,9215.013888888889,False
107491,107493,7727986.902777778,7728677.180555556,690.2777777777778,False
107496,107501,7728721.175925926,7737935.967592592,9214.791666666666,False
107505,107507,7737986.986111111,7738677.319444444,690.3333333333334,False
107510,107515,7738720.74537037,7747936.351851852,9215.606481481482,False
107519,107521,7747987.092592592,7748677.398148148,690.3055555555555,False
107524,107529,7748720.805555556,7757936.060185186,9215.25462962963,False
107533,107535,7757986.796296297,7758677.013888889,690.2175925925926,False
107538,107543,7758720.180555556,7767934.962962963,9214.782407407407,False
107547,107549,7767985.393518519,7768675.532407408,690.1388888888889,False
107552,107561,7768719.375,7777997.712962963,9278.337962962964,False
107569,107571,7778194.930555556,7778884.615740741,689.6851851851852,False
107575,107577,7778933.902777778,7779623.990740741,690.0879629629629,False
107580,107585,7779666.546296297,7787935.990740741,8269.444444444445,False
107589,107591,7787986.800925926,7788677.300925926,690.5,False
107594,107599,7788721.699074074,7797935.115740741,9213.416666666666,False
107603,107605,7797986.833333333,7798676.615740741,689.7824074074074,False
107608,107613,7798720.453703703,7807934.851851852,9214.398148148148,False
107617,107619,7807985.856481481,7808676.319444444,690.4629629629629,False
107622,107627,7808720.143518519,7817935.375,9215.231481481482,False
107631,107633,7817985.981481481,7818676.222222222,690.2407407407408,False
107636,107641,7818720.041666667,7827935.592592592,9215.550925925925,False
107645,107647,7827986.259259259,7828676.467592592,690.2083333333334,False
107650,107655,7828719.893518519,7837935.087962963,9215.194444444445,False
107659,107661,7837985.541666667,7838675.847222222,690.3055555555555,False
107664,107669,7838719.277777778,7847936.180555556,9216.902777777777,False
107673,107675,7847987.189814814,7848677.319444444,690.1296296296297,False
107678,107683,7848721.087962963,7857935.435185186,9214.347222222223,False
107687,107689,7857986.800925926,7858677.185185186,690.3842592592592,False
107692,107697,7858721.185185186,7867934.611111111,9213.425925925925,False
107701,107703,7867985.143518519,7868675.25,690.1064814814815,False
107706,107711,7868718.481481481,7877937.351851852,9218.87037037037,False
107715,107717,7877987.722222222,7878677.898148148,690.175925925926,False
107720,107725,7878721.189814814,7887935.49537037,9214.305555555555,False
107729,107731,7887985.930555556,7888676.171296297,690.2407407407408,False
107734,107739,7888719.833333333,7897935.277777778,9215.444444444445,False
107743,107745,7897986.143518519,7898676.541666667,690.3981481481482,False
107748,107753,7898719.768518519,7907935.180555556,9215.412037037036,False
107757,107759,7907985.601851852,7908676.078703703,690.4768518518518,False
107762,107767,7908719.416666667,7917935.814814814,9216.398148148148,False
107771,107773,7917986.189814814,7918676.328703703,690.1388888888889,False
107776,107781,7918719.976851852,7927934.333333333,9214.356481481482,False
107785,107787,7927985.388888889,7928675.439814814,690.050925925926,False
107790,107795,7928719.49537037,7937935.740740741,9216.24537037037,False
107799,107801,7937987.768518519,7938677.476851852,689.7083333333334,False
107804,107813,7938721.740740741,7941230.935185186,2509.1944444444443,False
107817,107819,7941289.148148148,7941979.25462963,690.1064814814815,False
107822,107827,7942018.060185186,7947935.50462963,5917.444444444444,False
107831,107833,7947986.532407408,7948676.87962963,690.3472222222222,False
107836,107841,7948720.87962963,7957934.319444444,9213.439814814816,False
107845,107847,7957984.763888889,7958674.893518519,690.1296296296297,False
107850,107855,7958718.398148148,7967935.337962963,9216.939814814816,False
107859,107861,7967986.24537037,7968676.259259259,690.0138888888889,False
107864,107869,7968719.560185186,7977935.263888889,9215.703703703704,False
107873,107875,7977985.717592592,7978675.888888889,690.1712962962963,False
107878,107883,7978719.606481481,7987935.453703703,9215.847222222223,False
107887,107889,7987986.615740741,7988676.671296297,690.0555555555555,False
107892,107897,7988719.907407408,7997934.958333333,9215.050925925925,False
107901,107903,7997986.384259259,7998676.296296297,689.9120370370371,False
107906,107911,7998719.763888889,8007935.916666667,9216.152777777777,False
107915,107917,8007986.564814814,8008676.62037037,690.0555555555555,False
107920,107925,8008720.671296297,8017934.916666667,9214.24537037037,False
107929,107931,8017985.212962963,8018675.699074074,690.4861111111111,False
107934,107939,8018718.305555556,8027936.268518519,9217.962962962964,False
107943,107945,8027987.444444444,8028677.092592592,689.6481481481482,False
107948,107953,8028720.902777778,8037936.49537037,9215.592592592593,False
107957,107959,8037987.935185186,8038678.328703703,690.3935185185185,False
107962,107967,8038721.75,8047935.634259259,9213.88425925926,False
107971,107973,8047986.717592592,8048677.152777778,690.4351851851852,False
107976,107981,8048721.078703703,8057938.564814814,9217.486111111111,False
107985,107987,8057989.259259259,8058679.24537037,689.9861111111111,False
107990,107995,8058722.87962963,8067936.162037037,9213.282407407407,False
107999,108001,8067987.162037037,8068677.587962963,690.425925925926,False
108004,108009,8068720.962962963,8077935.009259259,9214.046296296296,False
108013,108015,8077985.615740741,8078675.708333333,690.0925925925926,False
108018,108023,8078719.453703703,8087935.365740741,9215.912037037036,False
108027,108029,8087985.467592592,8088675.611111111,690.1435185185185,False
108032,108037,8088719.685185186,8097934.935185186,9215.25,False
108041,108043,8097985.449074074,8098675.824074074,690.375,False
108046,108051,8098719.486111111,8107935.685185186,9216.199074074075,False
108055,108057,8107986.212962963,8108676.50462963,690.2916666666666,False
108060,108065,8108720.097222222,8117935.134259259,9215.037037037036,False
108069,108071,8117986.175925926,8118676.62037037,690.4444444444445,False
108074,108079,8118720.435185186,8127935.37962963,9214.944444444445,False
108083,108085,8127985.930555556,8128676.064814814,690.1342592592592,False
108088,108093,8128719.666666667,8137936.175925926,9216.50925925926,False
108097,108099,8137987.134259259,8138677.180555556,690.0462962962963,False
108102,108107,8138721.083333333,8147934.662037037,9213.578703703704,False
108111,108113,8147985.148148148,8148675.208333333,690.0601851851852,False
108116,108121,8148718.75462963,8157936.347222222,9217.592592592593,False
108125,108127,8157987.125,8158677.449074074,690.324074074074,False
108130,108135,8158721.365740741,8167934.953703703,9213.587962962964,False
108139,108141,8167986.055555556,8168676.421296297,690.3657407407408,False
108144,108149,8168720.592592592,8177935.597222222,9215.00462962963,False
108153,108155,8177986.837962963,8178677.314814814,690.4768518518518,False
108158,108163,8178721.055555556,8187935.851851852,9214.796296296296,False
108167,108169,8187987.555555556,8188677.662037037,690.1064814814815,False
108172,108177,8188722.037037037,8197935.259259259,9213.222222222223,False
108181,108183,8197985.847222222,8198676.342592592,690.4953703703703,False
108186,108191,8198719.310185186,8207936.180555556,9216.87037037037,False
108195,108197,8207987.291666667,8208677.472222222,690.1805555555555,False
108200,108205,8208720.912037037,8217935.597222222,9214.685185185184,False
108209,108211,8217985.824074074,8218676.134259259,690.3101851851852,False
108214,108219,8218719.328703703,8227936.324074074,9216.99537037037,False
108223,108225,8227987.453703703,8228677.990740741,690.5370370370371,False
108228,108233,8228721.476851852,8237934.791666667,9213.314814814816,False
108237,108239,8237985.148148148,8238675.365740741,690.2175925925926,False
108242,108247,8238718.981481481,8247935.481481481,9216.5,False
108251,108253,8247986.00462963,8248676.592592592,690.5879629629629,False
108256,108261,8248720.300925926,8257935.282407408,9214.981481481482,False
108265,108267,8257986.282407408,8258676.425925926,690.1435185185185,False
108270,108275,8258720.490740741,8267935.37037037,9214.87962962963,False
108279,108281,8267986.680555556,8268676.824074074,690.1435185185185,False
108284,108289,8268720.75,8277935.726851852,9214.976851851852,False
108293,108295,8277985.851851852,8278676.175925926,690.324074074074,False
108298,108303,8278719.699074074,8287935.444444444,9215.74537037037,False
108307,108309,8287986.078703703,8288676.106481481,690.0277777777778,False
108312,108317,8288719.537037037,8297936.731481481,9217.194444444445,False
108321,108323,8297987.523148148,8298677.837962963,690.3148148148148,False
108326,108331,8298721.689814814,8307936.314814814,9214.625,False
108335,108337,8307987.412037037,8308677.324074074,689.9120370370371,False
108340,108345,8308720.990740741,8317935.412037037,9214.421296296296,False
108349,108351,8317985.888888889,8318676.157407408,690.2685185185185,False
108354,108359,8318719.421296297,8327935.203703703,9215.782407407407,False
108363,108365,8327985.935185186,8328675.99537037,690.0601851851852,False
108368,108373,8328719.861111111,8337935.018518519,9215.157407407407,False
108377,108379,8337985.740740741,8338675.837962963,690.0972222222222,False
108382,108387,8338719.949074074,8347935.828703703,9215.87962962963,False
108391,108393,8347987.175925926,8348677.125,689.949074074074,False
108396,108401,8348720.569444444,8357934.861111111,9214.291666666666,False
108405,108407,8357985.902777778,8358676.013888889,690.1111111111111,False
108410,108415,8358719.888888889,8367935.652777778,9215.763888888889,False
108419,108421,8367986.856481481,8368676.518518519,689.6620370370371,False
108424,108429,8368719.777777778,8377935.430555556,9215.652777777777,False
108433,108435,8377986.203703703,8378676.625,690.4212962962963,False
108438,108443,8378720.342592592,8387935.925925926,9215.583333333334,False
108447,108449,8387986.222222222,8388676.592592593,690.3703703703703,False
108452,108457,8388720.101851853,8397934.898148147,9214.796296296296,False
108461,108463,8397985.268518519,8398675.773148147,690.5046296296297,False
108466,108471,8398719.092592593,8407936.111111112,9217.018518518518,False
108475,108477,8407986.981481481,8408676.708333334,689.7268518518518,False
108480,108485,8408720.902777778,8417935.129629629,9214.226851851852,False
108489,108491,8417985.648148147,8418675.893518519,690.2453703703703,False
108494,108499,8418719.398148147,8427936.111111112,9216.712962962964,False
108503,108505,8427986.875,8428676.879629629,690.0046296296297,False
108508,108513,8428720.870370371,8437936.375,9215.50462962963,False
108517,108519,8437987.189814815,8438677.398148147,690.2083333333334,False
108522,108527,8438721.041666666,8447935.86574074,9214.824074074075,False
108531,108533,8447986.305555556,8448676.310185185,690.0046296296297,False
108536,108541,8448719.958333334,8457935.851851853,9215.893518518518,False
108545,108547,8457986.458333334,8458676.703703703,690.2453703703703,False
108550,108555,8458720.129629629,8467936.282407407,9216.152777777777,False
108559,108561,8467987.212962963,8468677.467592593,690.2546296296297,False
108564,108569,8468721.398148147,8477934.824074075,9213.425925925925,False
108573,108575,8477985.995370371,8478676.226851853,690.2314814814815,False
108578,108583,8478719.773148147,8487935.50925926,9215.736111111111,False
108587,108589,8487985.800925925,8488675.893518519,690.0925925925926,False
108592,108597,8488719.541666666,8497936.064814815,9216.523148148148,False
108601,108603,8497986.902777778,8498677.138888888,690.2361111111111,False
108606,108611,8498721.388888888,8507935.467592593,9214.078703703704,False
108615,108617,8507986.046296297,8508676.328703703,690.2824074074074,False
108620,108625,8508720.138888888,8517935.523148147,9215.38425925926,False
108629,108631,8517986.046296297,8518676.449074075,690.4027777777778,False
108634,108639,8518720.342592593,8527935.106481481,9214.763888888889,False
108643,108645,8527985.99074074,8528676.027777778,690.0370370370371,False
108648,108653,8528719.662037037,8537934.467592593,9214.805555555555,False
108657,108659,8537985.449074075,8538675.601851853,690.1527777777778,False
108662,108667,8538719.379629629,8547934.550925925,9215.171296296296,False
108671,108673,8547985.356481481,8548675.513888888,690.1574074074074,False
108676,108681,8548718.833333334,8557936.291666666,9217.458333333334,False
108685,108687,8557987.101851853,8558677.25925926,690.1574074074074,False
108690,108695,8558720.550925925,8567936.060185185,9215.50925925926,False
108699,108701,8567987.041666666,8568677.370370371,690.3287037037037,False
108704,108709,8568721.041666666,8577934.870370371,9213.828703703704,False
108713,108715,8577986.0,8578676.060185185,690.0601851851852,False
108718,108723,8578719.722222222,8587934.467592593,9214.74537037037,False
108727,108729,8587985.652777778,8588676.046296297,690.3935185185185,False
108732,108737,8588719.254629629,8597936.504629629,9217.25,False
108741,108743,8597987.541666666,8598677.254629629,689.7129629629629,False
108746,108751,8598721.106481481,8607935.449074075,9214.342592592593,False
108755,108757,8607986.199074075,8608676.236111112,690.0370370370371,False
108760,108765,8608719.453703703,8617934.995370371,9215.541666666666,False
108769,108771,8617985.194444444,8618675.842592593,690.6481481481482,False
108774,108779,8618719.282407407,8627935.027777778,9215.74537037037,False
108783,108785,8627986.222222222,8628676.819444444,690.5972222222222,False
108788,108793,8628720.129629629,8637935.189814815,9215.060185185184,False
108797,108799,8637985.611111112,8638676.129629629,690.5185185185185,False
108802,108807,8638720.180555556,8647935.703703703,9215.523148148148,False
108811,108813,8647986.300925925,8648676.578703703,690.2777777777778,False
108816,108821,8648720.055555556,8657934.962962963,9214.907407407407,False
108825,108827,8657985.944444444,8658676.208333334,690.2638888888889,False
108830,108835,8658720.476851853,8667935.25925926,9214.782407407407,False
108839,108841,8667985.763888888,8668675.88425926,690.1203703703703,False
108844,108849,8668719.486111112,8677934.856481481,9215.37037037037,False
108853,108855,8677985.458333334,8678675.694444444,690.2361111111111,False
108858,108863,8678719.601851853,8687936.138888888,9216.537037037036,False
108867,108869,8687986.717592593,8688676.902777778,690.1851851851852,False
108872,108877,8688720.601851853,8697934.847222222,9214.24537037037,False
108881,108883,8697986.175925925,8698676.328703703,690.1527777777778,False
108886,108891,8698719.916666666,8707935.569444444,9215.652777777777,False
108895,108897,8707986.375,8708676.523148147,690.1481481481482,False
108900,108905,8708719.777777778,8717935.745370371,9215.967592592593,False
108909,108911,8717986.504629629,8718676.879629629,690.375,False
108914,108919,8718720.773148147,8727935.907407407,9215.13425925926,False
108923,108925,8727987.194444444,8728677.171296297,689.9768518518518,False
108928,108933,8728720.777777778,8737936.305555556,9215.527777777777,False
108937,108939,8737986.643518519,8738677.38425926,690.7407407407408,False
108942,108947,8738720.666666666,8747934.699074075,9214.032407407407,False
108951,108953,8747985.995370371,8748675.782407407,689.7870370370371,False
108956,108961,8748719.398148147,8757935.810185185,9216.412037037036,False
108965,108967,8757986.643518519,8758676.745370371,690.1018518518518,False
108970,108975,8758720.657407407,8767935.671296297,9215.013888888889,False
108979,108981,8767986.527777778,8768676.662037037,690.1342592592592,False
108984,108989,8768720.597222222,8777935.430555556,9214.833333333334,False
108993,108995,8777986.5,8778676.625,690.125,False
108998,109003,8778719.731481481,8787935.625,9215.893518518518,False
109007,109009,8787986.810185185,8788676.75,689.9398148148148,False
109012,109017,8788720.097222222,8797935.49074074,9215.393518518518,False
109021,109023,8797986.138888888,8798676.412037037,690.2731481481482,False
109026,109031,8798720.847222222,8807935.61574074,9214.768518518518,False
109035,109037,8807986.305555556,8808676.703703703,690.3981481481482,False
109040,109045,8808719.662037037,8817935.796296297,9216.13425925926,False
109049,109051,8817986.99074074,8818676.703703703,689.7129629629629,False
109054,109059,8818720.430555556,8827935.689814815,9215.25925925926,False
109063,109065,8827986.680555556,8828676.731481481,690.050925925926,False
109068,109073,8828719.722222222,8837934.944444444,9215.222222222223,False
109077,109079,8837985.972222222,8838676.388888888,690.4166666666666,False
109082,109087,8838719.592592593,8847935.50925926,9215.916666666666,False
109091,109093,8847986.351851853,8848676.060185185,689.7083333333334,False
109096,109101,8848719.986111112,8857936.319444444,9216.333333333334,False
109105,109107,8857986.814814815,8858677.148148147,690.3333333333334,False
109110,109115,8858720.069444444,8867936.097222222,9216.027777777777,False
109119,109121,8867986.611111112,8868677.203703703,690.5925925925926,False
109124,109129,8868721.041666666,8877935.25,9214.208333333334,False
109133,109135,8877986.314814815,8878676.300925925,689.9861111111111,False
109138,109143,8878719.888888888,8887935.472222222,9215.583333333334,False
109147,109149,8887985.837962963,8888676.282407407,690.4444444444445,False
109152,109157,8888720.097222222,8897935.388888888,9215.291666666666,False
109161,109163,8897986.212962963,8898676.412037037,690.199074074074,False
109166,109171,8898720.046296297,8907935.717592593,9215.671296296296,False
109175,109177,8907986.342592593,8908676.708333334,690.3657407407408,False
109180,109185,8908720.976851853,8917935.412037037,9214.435185185184,False
109189,109191,8917986.768518519,8918676.856481481,690.0879629629629,False
109194,109199,8918720.541666666,8927935.152777778,9214.611111111111,False
109203,109205,8927985.657407407,8928675.777777778,690.1203703703703,False
109208,109213,8928719.467592593,8937935.787037037,9216.319444444445,False
109217,109219,8937986.935185185,8938676.893518519,689.9583333333334,False
109222,109227,8938720.444444444,8947935.203703703,9214.75925925926,False
109231,109233,8947986.305555556,8948676.143518519,689.8379629629629,False
109236,109241,8948719.597222222,8957935.50925926,9215.912037037036,False
109245,109247,8957986.476851853,8958676.708333334,690.2314814814815,False
109250,109255,8958719.902777778,8967935.231481481,9215.328703703704,False
109259,109261,8967986.138888888,8968676.36574074,690.2268518518518,False
109264,109269,8968720.305555556,8977935.217592593,9214.912037037036,False
109273,109275,8977985.731481481,8978676.152777778,690.4212962962963,False
109278,109283,8978719.930555556,8987935.055555556,9215.125,False
109287,109289,8987986.125,8988676.222222222,690.0972222222222,False
109292,109297,8988719.953703703,8997936.023148147,9216.069444444445,False
109301,109303,8997987.263888888,8998677.046296297,689.7824074074074,False
109306,109311,8998720.25,9007936.254629629,9216.00462962963,False
109315,109317,9007987.148148147,9008677.148148147,690.0,False
109320,109325,9008720.541666666,9017934.935185185,9214.393518518518,False
109329,109331,9017985.208333334,9018675.375,690.1666666666666,False
109334,109339,9018718.86574074,9027935.060185185,9216.194444444445,False
109343,109345,9027985.652777778,9028676.328703703,690.675925925926,False
109348,109353,9028720.361111112,9037935.953703703,9215.592592592593,False
109357,109359,9037987.018518519,9038677.25925926,690.2407407407408,False
109362,109367,9038720.518518519,9047935.986111112,9215.467592592593,False
109371,109373,9047986.74074074,9048676.773148147,690.0324074074074,False
109376,109381,9048721.074074075,9057934.532407407,9213.458333333334,False
109385,109387,9057984.907407407,9058674.88425926,689.9768518518518,False
109390,109395,9058718.648148147,9067935.143518519,9216.49537037037,False
109399,109401,9067986.138888888,9068676.513888888,690.375,False
109404,109409,9068720.055555556,9077935.481481481,9215.425925925925,False
109413,109415,9077986.430555556,9078676.412037037,689.9814814814815,False
109418,109423,9078719.61574074,9087935.791666666,9216.175925925925,False
109427,109429,9087985.967592593,9088676.125,690.1574074074074,False
109432,109437,9088719.787037037,9097934.86574074,9215.078703703704,False
109441,109443,9097985.925925925,9098675.930555556,690.0046296296297,False
109446,109451,9098720.375,9107935.013888888,9214.638888888889,False
109455,109457,9107986.013888888,9108676.046296297,690.0324074074074,False
109460,109465,9108720.018518519,9117934.648148147,9214.62962962963,False
109469,109471,9117985.263888888,9118675.504629629,690.2407407407408,False
109474,109479,9118718.430555556,9127935.481481481,9217.050925925925,False
109483,109485,9127986.245370371,9128676.574074075,690.3287037037037,False
109488,109493,9128720.61574074,9137936.194444444,9215.578703703704,False
109497,109499,9137987.101851853,9138677.351851853,690.25,False
109502,109507,9138721.166666666,9147935.060185185,9213.893518518518,False
109511,109513,9147985.898148147,9148676.217592593,690.3194444444445,False
109516,109521,9148719.791666666,9157935.50925926,9215.717592592593,False
109525,109527,9157986.018518519,9158676.263888888,690.2453703703703,False
109530,109535,9158720.263888888,9167935.726851853,9215.462962962964,False
109539,109541,9167986.356481481,9168676.5,690.1435185185185,False
109547,109552,9168750.402777778,9168885.425925925,135.02314814814815,False
109556,109558,9168944.00925926,9169634.435185185,690.425925925926,False
109561,109566,9169673.055555556,9177935.976851853,8262.921296296296,False
109570,109572,9177986.902777778,9178677.11574074,690.2129629629629,False
109575,109580,9178720.805555556,9187934.944444444,9214.138888888889,False
109584,109586,9187985.24074074,9188675.587962963,690.3472222222222,False
109589,109594,9188718.583333334,9197935.486111112,9216.902777777777,False
109598,109600,9197986.453703703,9198676.513888888,690.0601851851852,False
109603,109608,9198720.194444444,9207934.231481481,9214.037037037036,False
109612,109614,9207985.194444444,9208675.63425926,690.4398148148148,False
109617,109622,9208719.699074075,9217935.75,9216.050925925925,False
109626,109628,9217987.523148147,9218677.712962963,690.1898148148148,False
109631,109636,9218721.129629629,9227935.231481481,9214.101851851852,False
109640,109642,9227985.875,9228676.13425926,690.2592592592592,False
109645,109650,9228719.773148147,9237935.166666666,9215.393518518518,False
109654,109656,9237985.898148147,9238675.773148147,689.875,False
109659,109664,9238719.629629629,9247935.472222222,9215.842592592593,False
109668,109670,9247985.75925926,9248675.671296297,689.9120370370371,False
109673,109678,9248719.393518519,9257935.36574074,9215.972222222223,False
109682,109684,9257986.439814815,9258676.569444444,690.1296296296297,False
109687,109692,9258720.513888888,9267937.037037037,9216.523148148148,False
109696,109698,9267987.078703703,9268677.50925926,690.4305555555555,False
109701,109706,9268721.194444444,9277934.717592593,9213.523148148148,False
109710,109712,9277985.606481481,9278675.986111112,690.3796296296297,False
109715,109720,9278719.555555556,9287936.398148147,9216.842592592593,False
109724,109726,9287986.444444444,9288677.041666666,690.5972222222222,False
109729,109734,9288720.342592593,9297936.254629629,9215.912037037036,False
109738,109740,9297987.38425926,9298677.555555556,690.1712962962963,False
109743,109748,9298721.162037037,9307935.444444444,9214.282407407407,False
109752,109754,9307986.199074075,9308676.657407407,690.4583333333334,False
109757,109762,9308720.097222222,9317935.754629629,9215.657407407407,False
109766,109768,9317987.226851853,9318677.087962963,689.8611111111111,False
109771,109776,9318720.574074075,9327934.662037037,9214.087962962964,False
109780,109782,9327985.731481481,9328675.944444444,690.2129629629629,False
109785,109790,9328719.560185185,9337935.611111112,9216.050925925925,False
109794,109796,9337986.282407407,9338676.430555556,690.1481481481482,False
109799,109804,9338719.638888888,9347934.967592593,9215.328703703704,False
109808,109810,9347986.074074075,9348676.300925925,690.2268518518518,False
109813,109822,9348719.810185185,9350146.657407407,1426.8472222222222,False
109826,109828,9350207.305555556,9350897.685185185,690.3796296296297,False
109831,109836,9350936.324074075,9357934.99074074,6998.666666666667,False
109840,109842,9357986.398148147,9358676.569444444,690.1712962962963,False
109845,109850,9358720.351851853,9367934.199074075,9213.847222222223,False
109854,109856,9367984.88425926,9368675.078703703,690.1944444444445,False
109859,109864,9368718.504629629,9377936.083333334,9217.578703703704,False
109868,109870,9377986.671296297,9378677.199074075,690.5277777777778,False
109873,109878,9378720.782407407,9387935.768518519,9214.986111111111,False
109882,109884,9387986.796296297,9388676.944444444,690.1481481481482,False
109887,109892,9388720.768518519,9397935.726851853,9214.958333333334,False
109896,109898,9397986.199074075,9398676.38425926,690.1851851851852,False
109901,109906,9398719.787037037,9407935.282407407,9215.49537037037,False
109910,109912,9407985.99074074,9408675.944444444,689.9537037037037,False
109915,109920,9408719.449074075,9417935.513888888,9216.064814814816,False
109924,109926,9417986.486111112,9418676.138888888,689.6527777777778,False
109929,109934,9418719.421296297,9427934.555555556,9215.13425925926,False
109938,109940,9427985.5,9428675.388888888,689.8888888888889,False
109943,109948,9428719.212962963,9437936.11574074,9216.902777777777,False
109952,109954,9437986.671296297,9438677.078703703,690.4074074074074,False
109957,109962,9438720.546296297,9447935.587962963,9215.041666666666,False
109966,109968,9447986.828703703,9448677.050925925,690.2222222222222,False
109971,109976,9448720.657407407,9457936.050925925,9215.393518518518,False
109980,109982,9457986.972222222,9458677.194444444,690.2222222222222,False
109985,109990,9458720.925925925,9467934.754629629,9213.828703703704,False
109994,109996,9467985.837962963,9468676.050925925,690.2129629629629,False
109999,110004,9468719.870370371,9477935.796296297,9215.925925925925,False
110008,110010,9477986.574074075,9478676.851851853,690.2777777777778,False
110013,110018,9478720.38425926,9487935.722222222,9215.337962962964,False
110022,110024,9487986.75925926,9488676.74074074,689.9814814814815,False
110027,110032,9488720.361111112,9497935.703703703,9215.342592592593,False
110036,110038,9497986.5,9498676.796296297,690.2962962962963,False
110041,110046,9498720.629629629,9507934.847222222,9214.217592592593,False
110050,110052,9507985.49074074,9508675.88425926,690.3935185185185,False
110055,110060,9508719.569444444,9517935.398148147,9215.828703703704,False
110064,110066,9517985.75925926,9518675.949074075,690.1898148148148,False
110069,110074,9518720.032407407,9527935.666666666,9215.63425925926,False
110078,110080,9527986.861111112,9528677.018518519,690.1574074074074,False
110083,110088,9528720.657407407,9537935.24074074,9214.583333333334,False
110092,110094,9537986.393518519,9538676.25,689.8564814814815,False
110097,110102,9538719.203703703,9547935.870370371,9216.666666666666,False
110106,110108,9547986.476851853,9548676.671296297,690.1944444444445,False
110111,110116,9548720.435185185,9557935.351851853,9214.916666666666,False
110120,110122,9557986.324074075,9558676.388888888,690.0648148148148,False
110125,110130,9558719.976851853,9567936.277777778,9216.300925925925,False
110134,110136,9567987.671296297,9568677.699074075,690.0277777777778,False
110139,110144,9568721.060185185,9577935.666666666,9214.606481481482,False
110148,110150,9577986.736111112,9578677.092592593,690.3564814814815,False
110153,110158,9578720.129629629,9587935.625,9215.49537037037,False
110162,110164,9587986.203703703,9588676.925925925,690.7222222222222,False
110167,110172,9588720.453703703,9597936.38425926,9215.930555555555,False
110176,110178,9597986.925925925,9598677.569444444,690.6435185185185,False
110181,110186,9598721.254629629,9607936.050925925,9214.796296296296,False
110190,110192,9607986.717592593,9608677.060185185,690.3425925925926,False
110195,110200,9608720.550925925,9617936.148148147,9215.597222222223,False
110204,110206,9617986.861111112,9618676.796296297,689.9351851851852,False
110209,110214,9618720.564814815,9627935.078703703,9214.513888888889,False
110218,110220,9627986.217592593,9628676.087962963,689.8703703703703,False
110223,110228,9628719.875,9637934.712962963,9214.837962962964,False
110232,110234,9637985.912037037,9638675.717592593,689.8055555555555,False
110237,110242,9638719.763888888,9647936.439814815,9216.675925925925,False
110246,110248,9647987.296296297,9648677.347222222,690.050925925926,False
110251,110256,9648720.99074074,9657935.337962963,9214.347222222223,False
110260,110262,9657986.625,9658676.939814815,690.3148148148148,False
110265,110270,9658720.722222222,9667935.898148147,9215.175925925925,False
110274,110276,9667986.689814815,9668676.805555556,690.1157407407408,False
110279,110284,9668719.791666666,9677935.768518519,9215.976851851852,False
110288,110290,9677986.402777778,9678676.671296297,690.2685185185185,False
110293,110298,9678720.560185185,9687935.11574074,9214.555555555555,False
110302,110304,9687985.800925925,9688675.981481481,690.1805555555555,False
110307,110312,9688719.935185185,9697935.060185185,9215.125,False
110316,110318,9697985.407407407,9698676.041666666,690.6342592592592,False
110321,110326,9698719.962962963,9707935.63425926,9215.671296296296,False
110330,110332,9707986.120370371,9708676.282407407,690.1620370370371,False
110335,110340,9708720.217592593,9717935.277777778,9215.060185185184,False
110344,110346,9717986.38425926,9718676.518518519,690.1342592592592,False
110349,110354,9718720.194444444,9727935.199074075,9215.00462962963,False
110358,110360,9727986.129629629,9728676.041666666,689.9120370370371,False
110363,110368,9728719.685185185,9737935.694444444,9216.00925925926,False
110372,110374,9737986.574074075,9738676.652777778,690.0787037037037,False
110377,110382,9738719.754629629,9747935.273148147,9215.518518518518,False
110386,110388,9747986.412037037,9748676.63425926,690.2222222222222,False
110391,110396,9748719.962962963,9757936.328703703,9216.36574074074,False
110400,110402,9757986.99074074,9758677.074074075,690.0833333333334,False
110405,110410,9758720.712962963,9767935.504629629,9214.791666666666,False
110414,110416,9767985.907407407,9768675.875,689.9675925925926,False
110419,110424,9768719.560185185,9777934.768518519,9215.208333333334,False
110428,110430,9777985.629629629,9778675.837962963,690.2083333333334,False
110433,110438,9778719.962962963,9787935.314814815,9215.351851851852,False
110442,110444,9787986.041666666,9788675.967592593,689.925925925926,False
110447,110452,9788719.773148147,9797935.541666666,9215.768518518518,False
110456,110458,9797985.787037037,9798675.88425926,690.0972222222222,False
110461,110466,9798719.564814815,9807935.263888888,9215.699074074075,False
110470,110472,9807986.439814815,9808676.199074075,689.7592592592592,False
110475,110480,9808720.379629629,9817936.106481481,9215.726851851852,False
110484,110486,9817987.064814815,9818677.245370371,690.1805555555555,False
110489,110494,9818721.337962963,9827935.648148147,9214.310185185184,False
110498,110500,9827986.467592593,9828676.796296297,690.3287037037037,False
110503,110508,9828719.851851853,9837935.574074075,9215.722222222223,False
110512,110514,9837985.819444444,9838675.768518519,689.949074074074,False
110517,110522,9838719.578703703,9847935.61574074,9216.037037037036,False
110526,110528,9847986.092592593,9848676.467592593,690.375,False
110531,110536,9848720.097222222,9857935.337962963,9215.24074074074,False
110540,110542,9857985.763888888,9858676.157407407,690.3935185185185,False
110545,110550,9858719.782407407,9867935.63425926,9215.851851851852,False
110554,110556,9867986.027777778,9868676.486111112,690.4583333333334,False
110559,110564,9868719.685185185,9877936.49074074,9216.805555555555,False
110568,110570,9877986.962962963,9878677.166666666,690.2037037037037,False
110573,110578,9878720.74074074,9887934.898148147,9214.157407407407,False
110582,110584,9887985.907407407,9888675.995370371,690.0879629629629,False
110587,110592,9888719.703703703,9897935.361111112,9215.657407407407,False
110596,110598,9897986.314814815,9898676.773148147,690.4583333333334,False
110601,110606,9898720.296296297,9907935.796296297,9215.5,False
110610,110612,9907986.138888888,9908676.768518519,690.6296296296297,False
110615,110620,9908720.199074075,9917935.819444444,9215.62037037037,False
110624,110626,9917986.754629629,9918677.046296297,690.2916666666666,False
110629,110634,9918721.064814815,9927935.578703703,9214.513888888889,False
110638,110640,9927986.601851853,9928676.893518519,690.2916666666666,False
110643,110648,9928720.648148147,9937935.041666666,9214.393518518518,False
110652,110654,9937985.439814815,9938675.893518519,690.4537037037037,False
110657,110662,9938719.305555556,9947936.476851853,9217.171296296296,False
110666,110668,9947987.476851853,9948677.754629629,690.2777777777778,False
110671,110676,9948722.013888888,9957935.018518519,9213.00462962963,False
110680,110682,9957985.907407407,9958676.175925925,690.2685185185185,False
110685,110690,9958719.88425926,9967935.787037037,9215.902777777777,False
110694,110696,9967986.870370371,9968676.976851853,690.1064814814815,False
110699,110704,9968719.810185185,9977935.291666666,9215.481481481482,False
110708,110710,9977985.629629629,9978676.305555556,690.675925925926,False
110713,110718,9978720.157407407,9987935.763888888,9215.606481481482,False
110722,110724,9987986.819444444,9988676.699074075,689.8796296296297,False
110727,110732,9988720.638888888,9997934.986111112,9214.347222222223,False
110736,110738,9997985.902777778,9998676.064814815,690.1620370370371,False
110741,110746,9998720.13425926,10007935.092592593,9214.958333333334,False
110750,110752,10007985.638888888,10008676.328703703,690.6898148148148,False
110755,110760,10008719.925925925,10017935.560185185,9215.63425925926,False
110764,110766,10017985.986111112,10018676.574074075,690.5879629629629,False
110769,110774,10018719.689814815,10027934.662037037,9214.972222222223,False
110778,110780,10027986.310185185,10028676.421296297,690.1111111111111,False
110783,110788,10028719.921296297,10037936.078703703,9216.157407407407,False
110792,110794,10037986.472222222,10038676.555555556,690.0833333333334,False
110797,110802,10038719.652777778,10047935.263888888,9215.611111111111,False
110806,110808,10047986.046296297,10048676.203703703,690.1574074074074,False
110811,110816,10048719.527777778,10057935.166666666,9215.638888888889,False
110820,110822,10057985.958333334,10058676.337962963,690.3796296296297,False
110825,110830,10058720.060185185,10067935.768518519,9215.708333333334,False
110834,110836,10067986.888888888,10068677.319444444,690.4305555555555,False
110839,110844,10068720.606481481,10077936.444444444,9215.837962962964,False
110848,110850,10077987.939814815,10078677.782407407,689.8425925925926,False
110853,110858,10078721.578703703,10087934.962962963,9213.38425925926,False
110862,110864,10087986.916666666,10088676.99074074,690.074074074074,False
110867,110872,10088719.912037037,10097935.254629629,9215.342592592593,False
110876,110878,10097986.291666666,10098676.88425926,690.5925925925926,False
110881,110886,10098720.810185185,10107935.287037037,9214.476851851852,False
110890,110892,10107986.282407407,10108676.319444444,690.0370370370371,False
110895,110900,10108720.333333334,10117935.532407407,9215.199074074075,False
110904,110906,10117985.768518519,10118676.032407407,690.2638888888889,False
110909,110914,10118719.898148147,10127935.25925926,9215.361111111111,False
110918,110920,10127985.708333334,10128675.662037037,689.9537037037037,False
110923,110928,10128719.421296297,10137935.078703703,9215.657407407407,False
110932,110934,10137985.597222222,10138675.356481481,689.7592592592592,False
110937,110942,10138719.152777778,10147936.13425926,9216.981481481482,False
110946,110948,10147986.736111112,10148676.606481481,689.8703703703703,False
110951,110956,10148720.074074075,10157934.694444444,9214.62037037037,False
110960,110962,10157985.412037037,10158675.569444444,690.1574074074074,False
110965,110970,10158719.953703703,10167936.439814815,9216.486111111111,False
110974,110976,10167987.074074075,10168677.013888888,689.9398148148148,False
110979,110984,10168721.0,10177935.328703703,9214.328703703704,False
110988,110990,10177985.944444444,10178675.851851853,689.9074074074074,False
110993,110998,10178719.453703703,10187935.347222222,9215.893518518518,False
111002,111004,10187986.379629629,10188676.199074075,689.8194444444445,False
111007,111012,10188719.212962963,10197935.652777778,9216.439814814816,False
111016,111018,10197986.537037037,10198676.726851853,690.1898148148148,False
111021,111026,10198720.25925926,10207935.587962963,9215.328703703704,False
111030,111032,10207986.856481481,10208677.189814815,690.3333333333334,False
111035,111040,10208721.861111112,10217935.222222222,9213.361111111111,False
111044,111046,10217986.055555556,10218675.935185185,689.8796296296297,False
111049,111054,10218719.560185185,10227935.319444444,9215.75925925926,False
111058,111060,10227986.041666666,10228675.777777778,689.7361111111111,False
111063,111068,10228719.342592593,10237936.185185185,9216.842592592593,False
111072,111074,10237986.185185185,10238676.671296297,690.4861111111111,False
111077,111082,10238720.532407407,10247935.606481481,9215.074074074075,False
111086,111088,10247986.953703703,10248677.087962963,690.1342592592592,False
111091,111096,10248720.560185185,10257935.777777778,9215.217592592593,False
111100,111102,10257985.898148147,10258675.967592593,690.0694444444445,False
111105,111114,10258719.273148147,10261719.166666666,2999.8935185185187,False
111118,111120,10261779.171296297,10262468.129629629,688.9583333333334,False
111123,111128,10262506.458333334,10267930.402777778,5423.944444444444,False
111132,111134,10267981.870370371,10268671.763888888,689.8935185185185,False
111137,111142,10268715.773148147,10277934.50925926,9218.736111111111,False
111146,111148,10277985.180555556,10278675.25,690.0694444444445,False
111151,111156,10278718.907407407,10287934.879629629,9215.972222222223,False
111160,111162,10287986.268518519,10288676.504629629,690.2361111111111,False
111165,111170,10288720.532407407,10297935.393518519,9214.861111111111,False
111174,111176,10297986.171296297,10298676.449074075,690.2777777777778,False
111179,111184,10298720.569444444,10307935.666666666,9215.097222222223,False
111188,111190,10307986.532407407,10308676.847222222,690.3148148148148,False
111193,111198,10308720.324074075,10317935.351851853,9215.027777777777,False
111202,111204,10317986.064814815,10318676.087962963,690.0231481481482,False
111207,111212,10318719.967592593,10327935.712962963,9215.74537037037,False
111216,111218,10327986.583333334,10328676.995370371,690.4120370370371,False
111221,111226,10328720.75,10337935.527777778,9214.777777777777,False
111230,111232,10337985.662037037,10338676.152777778,690.4907407407408,False
111235,111240,10338719.638888888,10347935.398148147,9215.75925925926,False
111244,111246,10347986.574074075,10348676.773148147,690.199074074074,False
111249,111254,10348720.199074075,10357935.398148147,9215.199074074075,False
111258,111260,10357986.296296297,10358676.61574074,690.3194444444445,False
111263,111268,10358720.347222222,10367935.546296297,9215.199074074075,False
111272,111274,10367986.541666666,10368676.810185185,690.2685185185185,False
111277,111282,10368721.060185185,10377935.143518519,9214.083333333334,False
111286,111288,10377985.787037037,10378675.847222222,690.0601851851852,False
111291,111296,10378719.263888888,10387936.86574074,9217.601851851852,False
111300,111302,10387987.703703703,10388677.550925925,689.8472222222222,False
111305,111310,10388721.282407407,10397934.671296297,9213.388888888889,False
111314,111316,10397985.379629629,10398675.532407407,690.1527777777778,False
111319,111324,10398719.041666666,10407935.833333334,9216.791666666666,False
111328,111330,10407986.972222222,10408676.847222222,689.875,False
111333,111338,10408720.351851853,10417935.777777778,9215.425925925925,False
111342,111344,10417986.49074074,10418676.643518519,690.1527777777778,False
111347,111352,10418719.958333334,10427934.833333334,9214.875,False
111356,111358,10427985.777777778,10428676.050925925,690.2731481481482,False
111361,111366,10428719.680555556,10437935.273148147,9215.592592592593,False
111370,111372,10437986.11574074,10438676.203703703,690.0879629629629,False
111375,111380,10438719.217592593,10447934.921296297,9215.703703703704,False
111384,111386,10447985.694444444,10448675.916666666,690.2222222222222,False
111389,111394,10448719.606481481,10457935.435185185,9215.828703703704,False
111398,111400,10457986.333333334,10458676.245370371,689.9120370370371,False
111403,111408,10458720.217592593,10467935.467592593,9215.25,False
111412,111414,10467985.791666666,10468676.055555556,690.2638888888889,False
111417,111422,10468719.86574074,10477935.86574074,9216.0,False
111426,111428,10477987.162037037,10478676.962962963,689.800925925926,False
111431,111436,10478720.611111112,10487936.458333334,9215.847222222223,False
111440,111442,10487987.824074075,10488678.064814815,690.2407407407408,False
111445,111450,10488721.777777778,10497935.921296297,9214.143518518518,False
111454,111456,10497986.342592593,10498676.337962963,689.9953703703703,False
111459,111464,10498720.208333334,10507934.930555556,9214.722222222223,False
111468,111470,10507986.106481481,10508676.277777778,690.1712962962963,False
111473,111478,10508720.324074075,10517935.041666666,9214.717592592593,False
111482,111484,10517986.268518519,10518676.25,689.9814814814815,False
111487,111492,10518720.254629629,10527935.194444444,9214.939814814816,False
111496,111498,10527985.875,10528675.851851853,689.9768518518518,False
111501,111506,10528719.50925926,10537934.13425926,9214.625,False
111510,111512,10537984.976851853,10538675.148148147,690.1712962962963,False
111515,111520,10538718.662037037,10547934.875,9216.212962962964,False
111524,111526,10547986.037037037,10548675.819444444,689.7824074074074,False
111529,111534,10548720.050925925,10557935.023148147,9214.972222222223,False
111538,111540,10557986.287037037,10558676.300925925,690.0138888888889,False
111543,111548,10558720.296296297,10567935.541666666,9215.24537037037,False
111552,111554,10567986.861111112,10568676.861111112,690.0,False
111557,111562,10568720.560185185,10577936.004629629,9215.444444444445,False
111566,111568,10577986.967592593,10578677.203703703,690.2361111111111,False
111571,111576,10578720.129629629,10587935.935185185,9215.805555555555,False
111580,111582,10587986.777777778,10588676.777777778,690.0,False
111585,111590,10588720.851851853,10597935.305555556,9214.453703703704,False
111594,111596,10597986.388888888,10598676.458333334,690.0694444444445,False
111599,111604,10598720.550925925,10607934.879629629,9214.328703703704,False
111608,111610,10607986.018518519,10608676.00925926,689.9907407407408,False
111613,111618,10608719.981481481,10617935.13425926,9215.152777777777,False
111622,111624,10617986.166666666,10618676.097222222,689.9305555555555,False
111627,111632,10618719.541666666,10627935.652777778,9216.111111111111,False
111636,111638,10627986.814814815,10628677.046296297,690.2314814814815,False
111641,111646,10628721.111111112,10637935.722222222,9214.611111111111,False
111650,111652,10637986.782407407,10638676.930555556,690.1481481481482,False
111655,111660,10638720.523148147,10647935.578703703,9215.055555555555,False
111664,111666,10647986.648148147,10648676.847222222,690.199074074074,False
111669,111674,10648720.569444444,10657935.217592593,9214.648148148148,False
111678,111680,10657986.601851853,10658676.601851853,690.0,False
111683,111688,10658720.472222222,10667936.231481481,9215.75925925926,False
111692,111694,10667986.504629629,10668676.88425926,690.3796296296297,False
111697,111702,10668720.99074074,10677935.439814815,9214.449074074075,False
111706,111708,10677985.481481481,10678676.027777778,690.5462962962963,False
111711,111716,10678719.375,10687935.416666666,9216.041666666666,False
111720,111722,10687986.393518519,10688676.467592593,690.074074074074,False
111725,111730,10688719.856481481,10697935.38425926,9215.527777777777,False
111734,111736,10697986.296296297,10698676.449074075,690.1527777777778,False
111739,111744,10698719.972222222,10707934.99074074,9215.018518518518,False
111748,111750,10707985.273148147,10708675.462962963,690.1898148148148,False
111753,111758,10708719.064814815,10717935.388888888,9216.324074074075,False
111762,111764,10717986.180555556,10718676.476851853,690.2962962962963,False
111767,111772,10718720.745370371,10727935.101851853,9214.356481481482,False
111776,111778,10727985.583333334,10728676.013888888,690.4305555555555,False
111781,111786,10728720.495370371,10737935.74074074,9215.24537037037,False
111790,111792,10737986.444444444,10738676.430555556,689.9861111111111,False
111795,111800,10738719.916666666,10747935.643518519,9215.726851851852,False
111804,111806,10747986.49074074,10748676.763888888,690.2731481481482,False
111809,111814,10748720.435185185,10757935.273148147,9214.837962962964,False
111818,111820,10757985.675925925,10758675.916666666,690.2407407407408,False
111823,111828,10758719.606481481,10767935.333333334,9215.726851851852,False
111832,111834,10767986.13425926,10768676.61574074,690.4814814814815,False
111837,111842,10768719.828703703,10777935.449074075,9215.62037037037,False
111846,111848,10777985.629629629,10778676.166666666,690.5370370370371,False
111851,111856,10778720.425925925,10787936.138888888,9215.712962962964,False
111860,111862,10787987.092592593,10788677.189814815,690.0972222222222,False
111865,111870,10788720.907407407,10797935.152777778,9214.24537037037,False
111874,111876,10797985.768518519,10798676.263888888,690.4953703703703,False
111879,111884,10798720.083333334,10807935.453703703,9215.37037037037,False
111888,111890,10807985.606481481,10808676.268518519,690.6620370370371,False
111893,111898,10808719.875,10817935.120370371,9215.24537037037,False
111902,111904,10817986.254629629,10818676.273148147,690.0185185185185,False
111907,111912,10818720.731481481,10827935.25925926,9214.527777777777,False
111916,111918,10827985.601851853,10828675.958333334,690.3564814814815,False
111921,111926,10828719.476851853,10837935.004629629,9215.527777777777,False
111930,111932,10837985.467592593,10838676.097222222,690.6296296296297,False
111935,111940,10838720.032407407,10847936.236111112,9216.203703703704,False
111944,111946,10847986.675925925,10848676.666666666,689.9907407407408,False
111949,111954,10848720.712962963,10857935.226851853,9214.513888888889,False
111958,111960,10857986.236111112,10858676.38425926,690.1481481481482,False
111963,111968,10858720.708333334,10867936.824074075,9216.11574074074,False
111972,111974,10867987.291666666,10868677.518518519,690.2268518518518,False
111977,111982,10868720.74074074,10877934.949074075,9214.208333333334,False
111986,111988,10877985.518518519,10878675.962962963,690.4444444444445,False
111991,111996,10878719.944444444,10887935.425925925,9215.481481481482,False
112000,112002,10887986.064814815,10888676.462962963,690.3981481481482,False
112005,112010,10888720.472222222,10897935.527777778,9215.055555555555,False
112014,112016,10897985.944444444,10898675.953703703,690.0092592592592,False
112019,112024,10898719.694444444,10907935.574074075,9215.87962962963,False
112028,112030,10907986.379629629,10908676.24074074,689.8611111111111,False
112033,112038,10908720.074074075,10917935.546296297,9215.472222222223,False
112042,112044,10917986.314814815,10918676.273148147,689.9583333333334,False
112047,112052,10918720.546296297,10927936.037037037,9215.49074074074,False
112056,112058,10927986.407407407,10928676.972222222,690.5648148148148,False
112061,112066,10928720.518518519,10937936.078703703,9215.560185185184,False
112070,112072,10937986.689814815,10938676.722222222,690.0324074074074,False
112075,112080,10938719.967592593,10947935.152777778,9215.185185185184,False
112084,112086,10947985.773148147,10948676.037037037,690.2638888888889,False
112089,112094,10948719.657407407,10957935.824074075,9216.166666666666,False
112098,112100,10957987.013888888,10958676.981481481,689.9675925925926,False
112103,112108,10958720.935185185,10967935.652777778,9214.717592592593,False
112112,112114,10967986.902777778,10968676.851851853,689.949074074074,False
112117,112122,10968720.629629629,10977935.38425926,9214.75462962963,False
112126,112128,10977985.777777778,10978676.125,690.3472222222222,False
112131,112136,10978719.546296297,10987935.569444444,9216.023148148148,False
112140,112142,10987986.291666666,10988676.481481481,690.1898148148148,False
112145,112150,10988719.912037037,10997936.50925926,9216.597222222223,False
112154,112156,10997987.38425926,10998677.277777778,689.8935185185185,False
112159,112164,10998721.254629629,11007935.694444444,9214.439814814816,False
112168,112170,11007986.13425926,11008676.314814815,690.1805555555555,False
112173,112178,11008720.782407407,11017935.907407407,9215.125,False
112182,112184,11017986.972222222,11018676.888888888,689.9166666666666,False
112187,112192,11018720.907407407,11027934.949074075,9214.041666666666,False
112196,112198,11027985.939814815,11028675.912037037,689.9722222222222,False
112201,112206,11028719.49074074,11037935.995370371,9216.50462962963,False
112210,112212,11037986.537037037,11038676.828703703,690.2916666666666,False
112215,112220,11038720.61574074,11047935.907407407,9215.291666666666,False
112224,112226,11047986.583333334,11048676.523148147,689.9398148148148,False
112229,112234,11048720.152777778,11057935.296296297,9215.143518518518,False
112238,112240,11057986.189814815,11058676.662037037,690.4722222222222,False
112243,112248,11058720.407407407,11067935.527777778,9215.12037037037,False
112252,112254,11067986.023148147,11068676.495370371,690.4722222222222,False
112257,112262,11068719.962962963,11077935.351851853,9215.388888888889,False
112266,112268,11077986.060185185,11078676.393518519,690.3333333333334,False
112271,112276,11078719.99074074,11087936.425925925,9216.435185185184,False
112280,112282,11087986.791666666,11088677.310185185,690.5185185185185,False
112285,112290,11088721.148148147,11097934.777777778,9213.62962962963,False
112294,112296,11097985.36574074,11098675.5,690.1342592592592,False
112299,112304,11098718.856481481,11107935.157407407,9216.300925925925,False
112308,112310,11107986.657407407,11108676.583333334,689.925925925926,False
112313,112318,11108720.351851853,11117935.606481481,9215.25462962963,False
112322,112324,11117986.518518519,11118676.782407407,690.2638888888889,False
112327,112332,11118720.564814815,11127935.439814815,9214.875,False
112336,112338,11127986.217592593,11128676.486111112,690.2685185185185,False
112341,112346,11128720.037037037,11137936.185185185,9216.148148148148,False
112350,112352,11137987.0,11138677.398148147,690.3981481481482,False
112355,112360,11138721.041666666,11147935.643518519,9214.601851851852,False
112364,112366,11147986.046296297,11148676.407407407,690.3611111111111,False
112369,112374,11148719.986111112,11157936.25,9216.263888888889,False
112378,112380,11157987.226851853,11158677.75,690.5231481481482,False
112383,112388,11158721.75925926,11167936.513888888,9214.75462962963,False
112392,112394,11167987.324074075,11168677.5,690.175925925926,False
112397,112402,11168720.986111112,11177935.787037037,9214.800925925925,False
112406,112408,11177987.101851853,11178677.333333334,690.2314814814815,False
112411,112416,11178720.625,11187934.25,9213.625,False
112420,112422,11187984.5,11188674.972222222,690.4722222222222,False
112425,112430,11188718.782407407,11197936.861111112,9218.078703703704,False
112434,112436,11197987.638888888,11198677.930555556,690.2916666666666,False
112439,112444,11198721.236111112,11207934.962962963,9213.726851851852,False
112448,112450,11207985.564814815,11208676.046296297,690.4814814814815,False
112453,112458,11208719.893518519,11217936.263888888,9216.37037037037,False
112462,112464,11217986.347222222,11218676.773148147,690.425925925926,False
112467,112472,11218720.273148147,11227936.064814815,9215.791666666666,False
112476,112478,11227986.652777778,11228677.222222222,690.5694444444445,False
112481,112486,11228720.675925925,11237935.421296297,9214.74537037037,False
112490,112492,11237986.310185185,11238676.375,690.0648148148148,False
112495,112500,11238720.0,11247935.032407407,9215.032407407407,False
112504,112506,11247985.824074075,11248676.092592593,690.2685185185185,False
112509,112514,11248719.745370371,11257935.842592593,9216.097222222223,False
112518,112520,11257987.092592593,11258676.819444444,689.7268518518518,False
112523,112528,11258720.370370371,11267936.083333334,9215.712962962964,False
112532,112534,11267987.004629629,11268677.587962963,690.5833333333334,False
112537,112542,11268721.162037037,11277935.61574074,9214.453703703704,False
112546,112548,11277986.893518519,11278676.958333334,690.0648148148148,False
112551,112556,11278720.648148147,11287935.782407407,9215.13425925926,False
112560,112562,11287987.13425926,11288676.851851853,689.7175925925926,False
112565,112570,11288720.435185185,11297935.25,9214.814814814816,False
112574,112576,11297986.254629629,11298676.458333334,690.2037037037037,False
112579,112584,11298720.236111112,11307933.495370371,9213.25925925926,False
112588,112590,11307984.444444444,11308674.467592593,690.0231481481482,False
112593,112598,11308718.101851853,11317936.379629629,9218.277777777777,False
112602,112604,11317986.694444444,11318677.212962963,690.5185185185185,False
112607,112612,11318721.069444444,11327935.870370371,9214.800925925925,False
112616,112618,11327987.532407407,11328677.375,689.8425925925926,False
112621,112626,11328720.671296297,11337935.592592593,9214.921296296296,False
112630,112632,11337986.504629629,11338677.023148147,690.5185185185185,False
112635,112640,11338721.138888888,11347936.064814815,9214.925925925925,False
112644,112646,11347986.472222222,11348676.337962963,689.8657407407408,False
112649,112654,11348719.810185185,11357935.837962963,9216.027777777777,False
112658,112660,11357986.995370371,11358677.013888888,690.0185185185185,False
112663,112668,11358720.736111112,11367937.097222222,9216.361111111111,False
112672,112674,11367987.444444444,11368677.425925925,689.9814814814815,False
112677,112682,11368721.337962963,11377935.592592593,9214.25462962963,False
112686,112688,11377986.564814815,11378676.773148147,690.2083333333334,False
112691,112696,11378720.50925926,11387935.717592593,9215.208333333334,False
112700,112702,11387986.763888888,11388676.907407407,690.1435185185185,False
112705,112710,11388720.453703703,11397935.782407407,9215.328703703704,False
112714,112716,11397986.375,11398676.351851853,689.9768518518518,False
112719,112724,11398719.222222222,11407935.75,9216.527777777777,False
112728,112730,11407986.24074074,11408676.106481481,689.8657407407408,False
112733,112738,11408719.861111112,11417936.185185185,9216.324074074075,False
112742,112744,11417987.157407407,11418677.097222222,689.9398148148148,False
112747,112752,11418722.00925926,11427936.481481481,9214.472222222223,False
112756,112758,11427987.319444444,11428677.652777778,690.3333333333334,False
112761,112766,11428721.421296297,11437935.722222222,9214.300925925925,False
112770,112772,11437987.041666666,11438677.430555556,690.3888888888889,False
112775,112780,11438721.231481481,11447935.828703703,9214.597222222223,False
112784,112786,11447986.462962963,11448676.768518519,690.3055555555555,False
112789,112794,11448720.86574074,11457934.875,9214.00925925926,False
112798,112800,11457985.305555556,11458675.546296297,690.2407407407408,False
112803,112808,11458719.074074075,11467935.203703703,9216.12962962963,False
112812,112814,11467986.203703703,11468676.166666666,689.9629629629629,False
112817,112822,11468719.5,11477935.560185185,9216.060185185184,False
112826,112828,11477987.074074075,11478676.962962963,689.8888888888889,False
112831,112836,11478720.319444444,11487936.143518519,9215.824074074075,False
112840,112842,11487986.523148147,11488676.893518519,690.3703703703703,False
112845,112850,11488720.939814815,11497936.138888888,9215.199074074075,False
112854,112856,11497987.027777778,11498677.0,689.9722222222222,False
112859,112864,11498720.833333334,11507936.162037037,9215.328703703704,False
112868,112870,11507986.388888888,11508677.175925925,690.7870370370371,False
112873,112878,11508720.88425926,11517935.148148147,9214.263888888889,False
112882,112884,11517986.032407407,11518676.449074075,690.4166666666666,False
112887,112892,11518720.217592593,11527935.476851853,9215.25925925926,False
112896,112898,11527986.231481481,11528676.25,690.0185185185185,False
112901,112906,11528719.652777778,11537935.282407407,9215.62962962963,False
112910,112912,11537985.981481481,11538676.171296297,690.1898148148148,False
112915,112920,11538719.574074075,11547934.870370371,9215.296296296296,False
112924,112926,11547985.064814815,11548675.643518519,690.5787037037037,False
112929,112934,11548719.481481481,11557935.185185185,9215.703703703704,False
112938,112940,11557985.907407407,11558675.879629629,689.9722222222222,False
112943,112948,11558719.518518519,11567934.462962963,9214.944444444445,False
112952,112954,11567984.38425926,11568674.550925925,690.1666666666666,False
112957,112962,11568718.152777778,11577935.462962963,9217.310185185184,False
112966,112968,11577985.726851853,11578676.050925925,690.324074074074,False
112971,112976,11578719.916666666,11587934.712962963,9214.796296296296,False
112980,112982,11587986.129629629,11588676.004629629,689.875,False
112985,112990,11588719.435185185,11597936.175925925,9216.74074074074,False
112994,112996,11597987.222222222,11598677.125,689.9027777777778,False
112999,113004,11598719.995370371,11607935.393518519,9215.398148148148,False
113008,113010,11607986.282407407,11608676.722222222,690.4398148148148,False
113013,113018,11608720.36574074,11617935.870370371,9215.50462962963,False
113022,113024,11617986.601851853,11618676.74074074,690.1388888888889,False
113027,113032,11618720.768518519,11627934.986111112,9214.217592592593,False
113036,113038,11627985.129629629,11628675.708333334,690.5787037037037,False
113041,113046,11628719.523148147,11637935.24074074,9215.717592592593,False
113050,113052,11637986.13425926,11638675.773148147,689.6388888888889,False
113055,113060,11638719.907407407,11647935.893518519,9215.986111111111,False
113064,113066,11647986.291666666,11648676.435185185,690.1435185185185,False
113069,113074,11648720.060185185,11657935.814814815,9215.75462962963,False
113078,113080,11657986.370370371,11658676.74074074,690.3703703703703,False
113083,113088,11658720.412037037,11667936.199074075,9215.787037037036,False
113092,113094,11667987.439814815,11668677.356481481,689.9166666666666,False
113097,113102,11668720.36574074,11677935.708333334,9215.342592592593,False
113106,113108,11677986.63425926,11678676.791666666,690.1574074074074,False
113111,113116,11678720.5,11687935.393518519,9214.893518518518,False
113120,113122,11687986.148148147,11688676.731481481,690.5833333333334,False
113125,113130,11688720.458333334,11697935.495370371,9215.037037037036,False
113134,113136,11697986.217592593,11698676.379629629,690.1620370370371,False
113139,113144,11698719.851851853,11707936.185185185,9216.333333333334,False
113148,113150,11707987.351851853,11708677.851851853,690.5,False
113153,113158,11708721.25,11717935.597222222,9214.347222222223,False
113162,113164,11717986.412037037,11718676.754629629,690.3425925925926,False
113167,113172,11718720.25,11727936.25,9216.0,False
113176,113178,11727987.25925926,11728677.222222222,689.9629629629629,False
113181,113186,11728720.449074075,11737935.106481481,9214.657407407407,False
113190,113192,11737985.893518519,11738675.967592593,690.074074074074,False
113195,113200,11738719.791666666,11747935.643518519,9215.851851851852,False
113204,113206,11747986.046296297,11748676.476851853,690.4305555555555,False
113209,113214,11748720.49074074,11757935.574074075,9215.083333333334,False
113218,113220,11757986.138888888,11758676.662037037,690.5231481481482,False
113223,113228,11758720.74074074,11767934.782407407,9214.041666666666,False
113232,113234,11767986.333333334,11768676.36574074,690.0324074074074,False
113237,113242,11768719.870370371,11777935.175925925,9215.305555555555,False
113246,113248,11777985.532407407,11778676.092592593,690.5601851851852,False
113251,113256,11778719.560185185,11787935.74074074,9216.180555555555,False
113260,113262,11787986.361111112,11788676.63425926,690.2731481481482,False
113265,113270,11788720.231481481,11797935.310185185,9215.078703703704,False
113274,113276,11797986.402777778,11798676.638888888,690.2361111111111,False
113279,113284,11798719.745370371,11807936.597222222,9216.851851851852,False
113288,113290,11807987.101851853,11808677.537037037,690.4351851851852,False
113293,113298,11808720.597222222,11817936.208333334,9215.611111111111,False
113302,113304,11817988.078703703,11818678.097222222,690.0185185185185,False
113307,113312,11818721.995370371,11827935.5,9213.50462962963,False
113316,113318,11827986.476851853,11828676.606481481,690.1296296296297,False
113321,113326,11828720.611111112,11837935.171296297,9214.560185185184,False
113330,113332,11837985.722222222,11838675.666666666,689.9444444444445,False
113335,113340,11838719.00925926,11847935.50925926,9216.5,False
113344,113346,11847986.046296297,11848676.592592593,690.5462962962963,False
113349,113354,11848720.527777778,11857934.810185185,9214.282407407407,False
113358,113360,11857985.800925925,11858676.023148147,690.2222222222222,False
113363,113368,11858719.398148147,11867936.25,9216.851851851852,False
113372,113374,11867986.925925925,11868677.245370371,690.3194444444445,False
113377,113382,11868721.208333334,11877935.212962963,9214.00462962963,False
113386,113388,11877986.504629629,11878676.453703703,689.949074074074,False
113391,113396,11878719.402777778,11887936.814814815,9217.412037037036,False
113400,113402,11887988.324074075,11888678.458333334,690.1342592592592,False
113405,113410,11888722.101851853,11897935.476851853,9213.375,False
113414,113416,11897986.425925925,11898676.861111112,690.4351851851852,False
113419,113424,11898720.851851853,11907936.828703703,9215.976851851852,False
113428,113430,11907988.518518519,11908678.430555556,689.9120370370371,False
113433,113438,11908722.175925925,11917934.555555556,9212.37962962963,False
113442,113444,11917985.638888888,11918675.407407407,689.7685185185185,False
113447,113452,11918719.861111112,11927935.699074075,9215.837962962964,False
113456,113458,11927987.231481481,11928677.231481481,690.0,False
113461,113466,11928721.064814815,11937935.800925925,9214.736111111111,False
113470,113472,11937986.791666666,11938676.888888888,690.0972222222222,False
113475,113480,11938720.495370371,11947935.912037037,9215.416666666666,False
113484,113486,11947985.949074075,11948676.046296297,690.0972222222222,False
113489,113494,11948719.847222222,11957934.620370371,9214.773148148148,False
113498,113500,11957985.023148147,11958675.388888888,690.3657407407408,False
113503,113508,11958719.296296297,11967935.726851853,9216.430555555555,False
113512,113514,11967986.712962963,11968676.462962963,689.75,False
113517,113522,11968720.120370371,11977937.379629629,9217.25925925926,False
113526,113528,11977987.731481481,11978677.745370371,690.0138888888889,False
113531,113536,11978721.393518519,11987936.064814815,9214.671296296296,False
113540,113542,11987986.958333334,11988677.379629629,690.4212962962963,False
113545,113550,11988721.291666666,11997935.870370371,9214.578703703704,False
113554,113556,11997986.416666666,11998676.546296297,690.1296296296297,False
113559,113564,11998720.467592593,12007936.578703703,9216.111111111111,False
113568,113570,12007987.199074075,12008677.398148147,690.199074074074,False
113573,113578,12008720.944444444,12017935.722222222,9214.777777777777,False
113582,113584,12017986.347222222,12018676.439814815,690.0925925925926,False
113587,113592,12018719.587962963,12027934.805555556,9215.217592592593,False
113596,113598,12027985.472222222,12028675.421296297,689.949074074074,False
113601,113606,12028719.541666666,12037936.046296297,9216.50462962963,False
113610,113612,12037987.032407407,12038677.148148147,690.1157407407408,False
113615,113620,12038720.601851853,12047935.981481481,9215.37962962963,False
113624,113626,12047987.375,12048677.513888888,690.1388888888889,False
113629,113634,12048721.453703703,12057935.523148147,9214.069444444445,False
113638,113640,12057986.180555556,12058676.254629629,690.074074074074,False
113643,113648,12058720.726851853,12067935.425925925,9214.699074074075,False
113652,113654,12067986.675925925,12068676.930555556,690.2546296296297,False
113657,113662,12068721.171296297,12077934.796296297,9213.625,False
113666,113668,12077985.768518519,12078676.092592593,690.324074074074,False
