task,ready_event,run_event,ready_us,run_us,wait_us,visible_context_us
TelemetryTask,96513,96514,2773.4768518518517,2781.7731481481483,8.296296296296296,{'Idle': 8.296296296296296}
UartTxTask,96516,96518,7929.430555555556,7951.273148148148,21.84259259259259,{'TelemetryTask': 21.84259259259259}
UartTxTask,96522,96523,8670.069444444445,8684.805555555555,14.73611111111111,{'Idle': 14.736111111108956}
TelemetryTask,96527,96528,12773.189814814816,12787.347222222223,14.157407407407407,{'Idle': 14.157407407407407}
UartTxTask,96530,96532,17935.421296296296,17957.199074074073,21.77777777777778,{'TelemetryTask': 21.77777777777778}
UartTxTask,96536,96537,18676.46759259259,18691.11111111111,14.643518518518519,{'Idle': 14.643518518518519}
TelemetryTask,96541,96542,22773.324074074073,22787.48611111111,14.162037037037036,{'Idle': 14.162037037037036}
UartTxTask,96544,96546,27934.666666666668,27956.689814814814,22.02314814814815,{'TelemetryTask': 22.023148148148145}
UartTxTask,96550,96551,28675.050925925927,28689.90740740741,14.856481481481481,{'Idle': 14.856481481481481}
TelemetryTask,96555,96556,32773.40277777778,32787.37037037037,13.967592592592593,{'Idle': 13.96759259258828}
UartTxTask,96558,96560,37935.40740740741,37957.680555555555,22.27314814814815,{'TelemetryTask': 22.27314814814815}
UartTxTask,96564,96565,38676.59259259259,38691.17592592593,14.583333333333334,{'Idle': 14.583333333333334}
TelemetryTask,96569,96570,42773.476851851854,42787.99074074074,14.51388888888889,{'Idle': 14.51388888888889}
UartTxTask,96572,96574,47936.37962962963,47958.92592592593,22.546296296296298,{'TelemetryTask': 22.546296296296298}
UartTxTask,96578,96579,48677.85648148148,48692.851851851854,14.99537037037037,{'Idle': 14.99537037037037}
TelemetryTask,96583,96584,52773.458333333336,52787.42592592593,13.967592592592593,{'Idle': 13.967592592592593}
UartTxTask,96586,96588,57935.48148148148,57957.726851851854,22.24537037037037,{'TelemetryTask': 22.24537037037037}
UartTxTask,96592,96593,58676.73148148148,58691.4537037037,14.722222222222221,{'Idle': 14.722222222222221}
TelemetryTask,96597,96598,62773.42592592593,62787.726851851854,14.300925925925926,{'Idle': 14.300925925925926}
UartTxTask,96600,96602,67934.47222222222,67956.75462962964,22.28240740740741,"{'TelemetryTask': 22.282407407407405, 'UartTxTask': 8.623357172365541e-12}"
UartTxTask,96606,96607,68675.76851851853,68690.45370370371,14.685185185185185,{'Idle': 14.685185185176563}
TelemetryTask,96611,96612,72773.39814814815,72787.0925925926,13.694444444444445,"{'Idle': 13.694444444444445, 'TelemetryTask': 8.623357172365541e-12}"
UartTxTask,96614,96616,77935.46296296296,77957.61574074074,22.15277777777778,{'TelemetryTask': 22.15277777777778}
UartTxTask,96620,96621,78676.3425925926,78691.07870370371,14.73611111111111,{'Idle': 14.73611111111111}
TelemetryTask,96625,96626,82773.4675925926,82787.45370370371,13.98611111111111,{'Idle': 13.98611111111111}
UartTxTask,96628,96630,87935.36111111111,87957.47222222222,22.11111111111111,{'TelemetryTask': 22.11111111111111}
UartTxTask,96634,96635,88675.83796296296,88690.68981481482,14.851851851851851,{'Idle': 14.851851851851851}
TelemetryTask,96639,96640,92773.34722222222,92787.31018518518,13.962962962962964,{'Idle': 13.962962962962964}
UartTxTask,96642,96644,97935.0324074074,97957.27777777778,22.24537037037037,{'TelemetryTask': 22.24537037037037}
UartTxTask,96648,96649,98675.88425925926,98690.45370370371,14.569444444444445,{'Idle': 14.569444444444445}
TelemetryTask,96653,96654,102773.50925925926,102787.63888888889,14.12962962962963,{'Idle': 14.12962962962963}
UartTxTask,96656,96658,107935.38425925926,107957.25462962964,21.87037037037037,{'TelemetryTask': 21.87037037037037}
UartTxTask,96662,96663,108676.26388888889,108690.7175925926,14.453703703703704,{'Idle': 14.453703703703704}
TelemetryTask,96667,96668,112773.375,112787.32407407407,13.949074074074074,{'Idle': 13.949074074074074}
UartTxTask,96670,96672,117934.91203703704,117956.875,21.962962962962962,{'TelemetryTask': 21.962962962962962}
UartTxTask,96676,96677,118675.85185185185,118690.76388888889,14.912037037037036,{'Idle': 14.912037037037036}
TelemetryTask,96681,96682,122773.37037037036,122787.30555555556,13.935185185185185,{'Idle': 13.935185185185185}
UartTxTask,96684,96686,127935.81481481482,127958.12962962964,22.314814814814813,{'TelemetryTask': 22.314814814814817}
UartTxTask,96690,96691,128677.62962962964,128692.23148148147,14.601851851851851,{'Idle': 14.601851851851851}
TelemetryTask,96695,96696,132773.49537037036,132787.49074074073,13.99537037037037,{'Idle': 13.995370370353124}
UartTxTask,96698,96700,137935.2037037037,137957.25462962964,22.050925925925927,{'TelemetryTask': 22.050925925925924}
UartTxTask,96704,96705,138676.27314814815,138690.87962962964,14.606481481481481,{'Idle': 14.606481481481481}
TelemetryTask,96709,96710,142773.39814814815,142787.29166666666,13.893518518518519,{'Idle': 13.893518518501272}
UartTxTask,96712,96714,147935.53240740742,147957.77314814815,22.24074074074074,{'TelemetryTask': 22.24074074074074}
UartTxTask,96718,96719,148676.33796296295,148691.22222222222,14.88425925925926,{'Idle': 14.884259259276506}
TelemetryTask,96723,96724,152773.41203703705,152787.3564814815,13.944444444444445,{'Idle': 13.944444444427198}
UartTxTask,96726,96728,157934.71296296295,157956.90277777778,22.189814814814813,{'TelemetryTask': 22.189814814814817}
UartTxTask,96732,96733,158675.52777777778,158690.38888888888,14.86111111111111,{'Idle': 14.86111111111111}
TelemetryTask,96737,96738,162773.21296296295,162787.3287037037,14.11574074074074,{'Idle': 14.11574074074074}
UartTxTask,96740,96742,167934.625,167956.65740740742,22.03240740740741,{'TelemetryTask': 22.032407407407405}
UartTxTask,96746,96747,168676.2962962963,168691.08796296295,14.791666666666666,{'Idle': 14.791666666666666}
TelemetryTask,96751,96752,172773.35185185185,172787.50462962964,14.152777777777779,{'Idle': 14.152777777777779}
UartTxTask,96754,96756,177936.25,177958.31944444444,22.069444444444443,{'TelemetryTask': 22.069444444444443}
UartTxTask,96760,96761,178676.91203703705,178691.41666666666,14.50462962962963,{'Idle': 14.50462962962963}
TelemetryTask,96765,96766,182773.38425925927,182787.52777777778,14.143518518518519,{'Idle': 14.143518518518519}
UartTxTask,96768,96770,187935.32407407407,187957.47222222222,22.14814814814815,{'TelemetryTask': 22.148148148148145}
UartTxTask,96774,96775,188676.28703703705,188690.94444444444,14.657407407407407,{'Idle': 14.657407407407407}
TelemetryTask,96779,96780,192773.38425925927,192787.5462962963,14.162037037037036,{'Idle': 14.162037037037036}
UartTxTask,96782,96784,197935.7314814815,197957.625,21.89351851851852,{'TelemetryTask': 21.89351851851852}
UartTxTask,96788,96789,198676.1435185185,198690.8101851852,14.666666666666666,{'Idle': 14.666666666666666}
TelemetryTask,96793,96794,202773.47222222222,202787.59259259258,14.12037037037037,{'Idle': 14.12037037037037}
UartTxTask,96796,96798,207934.34722222222,207956.49537037036,22.14814814814815,{'TelemetryTask': 22.148148148148145}
UartTxTask,96802,96803,208675.7037037037,208690.52777777778,14.824074074074074,{'Idle': 14.824074074074074}
TelemetryTask,96807,96808,212773.30092592593,212786.96759259258,13.666666666666666,{'Idle': 13.666666666666666}
UartTxTask,96810,96812,217934.2962962963,217956.30555555556,22.00925925925926,{'TelemetryTask': 22.00925925925926}
UartTxTask,96816,96817,218675.2314814815,218689.80555555556,14.574074074074074,{'Idle': 14.574074074074074}
TelemetryTask,96821,96822,222773.4351851852,222787.20833333334,13.773148148148149,{'Idle': 13.773148148148149}
UartTxTask,96824,96826,227935.02314814815,227956.9212962963,21.89814814814815,{'TelemetryTask': 21.898148148148145}
UartTxTask,96830,96831,228675.34259259258,228690.05555555556,14.712962962962964,{'Idle': 14.712962962962964}
TelemetryTask,96835,96836,232773.3935185185,232787.31944444444,13.925925925925926,{'Idle': 13.925925925925926}
UartTxTask,96838,96840,237934.89814814815,237957.24537037036,22.34722222222222,{'TelemetryTask': 22.34722222222222}
UartTxTask,96844,96845,238676.0601851852,238690.90740740742,14.847222222222221,{'Idle': 14.847222222222221}
TelemetryTask,96849,96850,242773.3148148148,242787.27777777778,13.962962962962964,{'Idle': 13.962962962962964}
UartTxTask,96852,96854,247935.84722222222,247958.30555555556,22.458333333333332,{'TelemetryTask': 22.458333333333336}
UartTxTask,96858,96859,248677.65277777778,248692.39814814815,14.74537037037037,{'Idle': 14.74537037037037}
TelemetryTask,96863,96864,252773.44444444444,252787.23611111112,13.791666666666666,{'Idle': 13.791666666666666}
UartTxTask,96866,96868,257935.58796296295,257958.03240740742,22.444444444444443,{'TelemetryTask': 22.444444444444443}
UartTxTask,96872,96873,258677.02777777778,258691.7037037037,14.675925925925926,{'Idle': 14.675925925925926}
TelemetryTask,96877,96878,262773.47685185185,262787.6111111111,14.13425925925926,{'Idle': 14.13425925925926}
UartTxTask,96880,96882,267935.4953703704,267957.2175925926,21.72222222222222,{'TelemetryTask': 21.72222222218773}
UartTxTask,96886,96887,268676.0,268690.6990740741,14.699074074074074,"{'Idle': 14.699074074074074, 'UartTxTask': 3.4493428689462165e-11}"
TelemetryTask,96891,96892,272773.162037037,272786.7962962963,13.63425925925926,{'Idle': 13.63425925925926}
UartTxTask,96894,96896,277934.5787037037,277956.5462962963,21.96759259259259,{'TelemetryTask': 21.96759259259259}
UartTxTask,96900,96901,278675.64814814815,278690.375,14.726851851851851,{'Idle': 14.726851851851851}
TelemetryTask,96905,96906,282773.5138888889,282787.77314814815,14.25925925925926,{'Idle': 14.25925925925926}
UartTxTask,96908,96910,287936.0324074074,287958.0046296296,21.97222222222222,{'TelemetryTask': 21.972222222187728}
UartTxTask,96914,96915,288676.712962963,288691.3888888889,14.675925925925926,{'Idle': 14.675925925925926}
TelemetryTask,96919,96920,292773.50925925927,292787.40277777775,13.893518518518519,{'Idle': 13.893518518484026}
UartTxTask,96922,96924,297935.1388888889,297957.48148148146,22.34259259259259,{'TelemetryTask': 22.3425925925581}
UartTxTask,96928,96929,298676.6990740741,298691.7546296296,15.055555555555555,{'Idle': 15.055555555486569}
TelemetryTask,96933,96934,302773.47685185185,302787.49074074073,14.01388888888889,{'Idle': 14.01388888888889}
UartTxTask,96936,96938,307935.0833333333,307957.212962963,22.12962962962963,{'TelemetryTask': 22.129629629664123}
UartTxTask,96942,96943,308676.537037037,308690.9259259259,14.38888888888889,{'Idle': 14.388888888854396}
TelemetryTask,96947,96948,312773.35648148146,312787.212962963,13.856481481481481,{'Idle': 13.856481481481481}
UartTxTask,96950,96952,317935.47685185185,317957.97685185185,22.5,{'TelemetryTask': 22.5}
UartTxTask,96956,96957,318676.912037037,318691.7361111111,14.824074074074074,{'Idle': 14.824074074074074}
TelemetryTask,96961,96962,322773.43518518517,322787.31481481483,13.87962962962963,{'Idle': 13.87962962962963}
UartTxTask,96964,96966,327934.61574074073,327956.98148148146,22.36574074074074,{'TelemetryTask': 22.36574074074074}
UartTxTask,96970,96971,328675.68981481483,328690.4861111111,14.796296296296296,{'Idle': 14.796296296296296}
TelemetryTask,96975,96976,332773.19444444444,332787.36574074073,14.171296296296296,{'Idle': 14.171296296296296}
UartTxTask,96978,96980,337935.0138888889,337956.98148148146,21.96759259259259,{'TelemetryTask': 21.967592592592595}
UartTxTask,96984,96985,338675.4861111111,338690.02314814815,14.537037037037036,{'Idle': 14.537037037037036}
TelemetryTask,96989,96990,342773.2962962963,342787.06944444444,13.773148148148149,{'Idle': 13.773148148148149}
UartTxTask,96992,96994,347935.412037037,347957.55555555556,22.14351851851852,{'TelemetryTask': 22.14351851851852}
UartTxTask,96998,96999,348676.47685185185,348691.26851851854,14.791666666666666,{'Idle': 14.791666666666666}
TelemetryTask,97003,97004,352773.462962963,352787.6296296296,14.166666666666666,{'Idle': 14.166666666666666}
UartTxTask,97006,97008,357935.625,357957.712962963,22.087962962962962,{'TelemetryTask': 22.087962962962962}
UartTxTask,97012,97013,358676.75925925927,358691.3009259259,14.541666666666666,{'Idle': 14.541666666666666}
TelemetryTask,97017,97018,362773.23148148146,362787.5,14.268518518518519,{'Idle': 14.268518518518519}
UartTxTask,97020,97022,367935.2916666667,367957.48148148146,22.189814814814813,{'TelemetryTask': 22.189814814814817}
UartTxTask,97026,97027,368676.1388888889,368690.93981481483,14.800925925925926,{'Idle': 14.800925925925926}
TelemetryTask,97031,97032,372773.4259259259,372787.47222222225,14.046296296296296,{'Idle': 14.046296296296296}
UartTxTask,97034,97036,377935.9953703704,377958.24074074073,22.24537037037037,{'TelemetryTask': 22.24537037037037}
UartTxTask,97040,97041,378676.85648148146,378691.7824074074,14.925925925925926,{'Idle': 14.925925925925926}
TelemetryTask,97045,97046,382773.27314814815,382787.26851851854,13.99537037037037,{'Idle': 13.99537037037037}
UartTxTask,97048,97050,387935.0740740741,387957.287037037,22.212962962962962,{'TelemetryTask': 22.212962962962962}
UartTxTask,97054,97055,388675.6388888889,388690.4583333333,14.819444444444445,{'Idle': 14.819444444444445}
TelemetryTask,97059,97060,392773.4675925926,392787.40277777775,13.935185185185185,{'Idle': 13.935185185185185}
UartTxTask,97062,97064,397934.8888888889,397957.1990740741,22.310185185185187,{'TelemetryTask': 22.310185185185183}
UartTxTask,97068,97069,398676.39351851854,398691.2962962963,14.902777777777779,{'Idle': 14.902777777777779}
TelemetryTask,97073,97074,402773.2824074074,402787.3287037037,14.046296296296296,{'Idle': 14.046296296296296}
UartTxTask,97076,97078,407935.39351851854,407957.44444444444,22.050925925925927,{'TelemetryTask': 22.050925925925924}
UartTxTask,97082,97083,408676.3703703704,408691.2175925926,14.847222222222221,{'Idle': 14.847222222222221}
TelemetryTask,97087,97088,412773.39351851854,412787.68518518517,14.291666666666666,{'Idle': 14.291666666666666}
UartTxTask,97090,97092,417935.1712962963,417957.162037037,21.99074074074074,{'TelemetryTask': 21.99074074074074}
UartTxTask,97096,97097,418676.4861111111,418691.1666666667,14.680555555555555,{'Idle': 14.680555555555555}
TelemetryTask,97101,97102,422773.47222222225,422787.7175925926,14.24537037037037,{'Idle': 14.24537037037037}
UartTxTask,97104,97106,427935.77777777775,427957.7962962963,22.01851851851852,{'TelemetryTask': 22.01851851851852}
UartTxTask,97110,97111,428676.4166666667,428691.3425925926,14.925925925925926,{'Idle': 14.925925925925926}
TelemetryTask,97115,97116,432773.38425925927,432787.3888888889,14.00462962962963,{'Idle': 14.00462962962963}
UartTxTask,97118,97120,437934.4490740741,437956.5787037037,22.12962962962963,{'TelemetryTask': 22.129629629629626}
UartTxTask,97124,97125,438675.1990740741,438690.1990740741,15.0,{'Idle': 15.0}
TelemetryTask,97129,97130,442773.38425925927,442787.1296296296,13.74537037037037,{'Idle': 13.74537037037037}
UartTxTask,97132,97134,447934.1759259259,447956.3425925926,22.166666666666668,{'TelemetryTask': 22.166666666666668}
UartTxTask,97138,97139,448675.4953703704,448690.3796296296,14.88425925925926,{'Idle': 14.88425925925926}
TelemetryTask,97143,97144,452773.2175925926,452787.14351851854,13.925925925925926,{'Idle': 13.925925925925926}
UartTxTask,97146,97148,457934.60648148146,457956.94444444444,22.337962962962962,{'TelemetryTask': 22.337962962962962}
UartTxTask,97152,97153,458675.8611111111,458690.4212962963,14.560185185185185,{'Idle': 14.560185185185185}
TelemetryTask,97157,97158,462773.27777777775,462787.3796296296,14.101851851851851,{'Idle': 14.101851851851851}
UartTxTask,97160,97162,467935.1990740741,467957.2962962963,22.09722222222222,{'TelemetryTask': 22.09722222222222}
UartTxTask,97166,97167,468675.85648148146,468690.59722222225,14.74074074074074,{'Idle': 14.74074074074074}
TelemetryTask,97171,97172,472773.4212962963,472787.7962962963,14.375,{'Idle': 14.375}
UartTxTask,97174,97176,477935.59722222225,477957.7453703704,22.14814814814815,{'TelemetryTask': 22.14814814814815}
UartTxTask,97180,97181,478676.60648148146,478691.72222222225,15.11574074074074,{'Idle': 15.11574074074074}
TelemetryTask,97185,97186,482773.3796296296,482787.7546296296,14.375,{'Idle': 14.375}
UartTxTask,97188,97190,487934.99074074073,487957.34722222225,22.35648148148148,{'TelemetryTask': 22.35648148148148}
UartTxTask,97194,97195,488676.0138888889,488690.9074074074,14.893518518518519,{'Idle': 14.893518518518519}
TelemetryTask,97199,97200,492773.3425925926,492787.5925925926,14.25,{'Idle': 14.25}
UartTxTask,97202,97204,497935.2083333333,497957.4953703704,22.287037037037038,{'TelemetryTask': 22.287037037037038}
UartTxTask,97208,97209,498676.4861111111,498691.23148148146,14.74537037037037,{'Idle': 14.74537037037037}
TelemetryTask,97213,97214,502773.35185185185,502787.6203703704,14.268518518518519,{'Idle': 14.268518518518519}
UartTxTask,97216,97218,507934.06018518517,507956.18981481483,22.12962962962963,{'TelemetryTask': 22.12962962962963}
UartTxTask,97222,97223,508674.587962963,508689.4537037037,14.86574074074074,{'Idle': 14.86574074074074}
TelemetryTask,97227,97228,512773.35648148146,512787.09722222225,13.74074074074074,{'Idle': 13.74074074074074}
UartTxTask,97230,97232,517934.4537037037,517956.81481481483,22.36111111111111,{'TelemetryTask': 22.361111111111114}
UartTxTask,97236,97237,518675.77777777775,518690.8009259259,15.023148148148149,{'Idle': 15.023148148148149}
TelemetryTask,97241,97242,522773.3888888889,522787.34722222225,13.958333333333334,{'Idle': 13.958333333333334}
UartTxTask,97244,97246,527935.3425925926,527957.7268518518,22.38425925925926,{'TelemetryTask': 22.384259259190273}
UartTxTask,97250,97251,528677.0231481482,528691.6296296297,14.606481481481481,{'Idle': 14.606481481412494}
TelemetryTask,97255,97256,532773.300925926,532787.3703703703,14.069444444444445,{'Idle': 14.069444444444445}
UartTxTask,97258,97260,537935.6527777778,537957.5833333334,21.930555555555557,"{'TelemetryTask': 21.930555555555557, 'UartTxTask': 6.898685737892433e-11}"
UartTxTask,97264,97265,538676.5462962963,538691.5694444445,15.023148148148149,"{'Idle': 15.023148148148149, 'UartTxTask': 6.898685737892433e-11}"
TelemetryTask,97269,97270,542773.4814814815,542787.3981481482,13.916666666666666,"{'Idle': 13.916666666666666, 'TelemetryTask': 6.898685737892433e-11}"
UartTxTask,97272,97274,547934.9629629629,547957.1620370371,22.199074074074073,"{'TelemetryTask': 22.199074074143063, 'UartTxTask': 6.898685737892433e-11}"
UartTxTask,97278,97279,548676.0925925926,548691.2314814815,15.13888888888889,{'Idle': 15.13888888888889}
TelemetryTask,97283,97284,552773.2129629629,552787.0046296297,13.791666666666666,{'Idle': 13.791666666735653}
UartTxTask,97286,97288,557934.1898148148,557956.3425925926,22.15277777777778,{'TelemetryTask': 22.15277777777778}
UartTxTask,97292,97293,558675.1018518518,558690.0,14.898148148148149,{'Idle': 14.898148148217135}
TelemetryTask,97297,97298,562773.4675925926,562787.6388888889,14.171296296296296,{'Idle': 14.171296296296296}
UartTxTask,97300,97302,567935.1620370371,567957.4444444445,22.28240740740741,"{'TelemetryTask': 22.28240740733842, 'UartTxTask': 6.898685737892433e-11}"
UartTxTask,97306,97307,568676.4629629629,568691.199074074,14.73611111111111,{'Idle': 14.736111111180097}
TelemetryTask,97311,97312,572773.4444444445,572787.4629629629,14.018518518518519,{'Idle': 14.018518518380544}
UartTxTask,97314,97316,577935.9351851852,577957.8796296297,21.944444444444443,{'TelemetryTask': 21.944444444444443}
UartTxTask,97320,97321,578676.4583333334,578691.3703703703,14.912037037037036,{'Idle': 14.91203703696805}
TelemetryTask,97325,97326,582773.3842592592,582787.2175925926,13.833333333333334,{'Idle': 13.83333333340232}
UartTxTask,97328,97330,587935.25,587957.4027777778,22.15277777777778,{'TelemetryTask': 22.15277777777778}
UartTxTask,97334,97335,588676.1527777778,588691.0972222222,14.944444444444445,{'Idle': 14.944444444444445}
TelemetryTask,97339,97340,592773.4398148148,592787.4398148148,14.0,{'Idle': 14.0}
UartTxTask,97342,97344,597934.7222222222,597957.0925925926,22.37037037037037,{'TelemetryTask': 22.370370370370374}
UartTxTask,97348,97349,598675.8148148148,598690.5277777778,14.712962962962964,{'Idle': 14.712962962962964}
TelemetryTask,97353,97354,602773.3935185185,602787.7685185185,14.375,{'Idle': 14.375}
UartTxTask,97356,97358,607935.1342592592,607957.425925926,22.291666666666668,{'TelemetryTask': 22.29166666673565}
UartTxTask,97362,97363,608676.0787037037,608690.7731481482,14.694444444444445,"{'Idle': 14.694444444444445, 'UartTxTask': 6.898685737892433e-11}"
TelemetryTask,97367,97368,612773.3657407408,612787.7453703703,14.37962962962963,{'Idle': 14.379629629560643}
UartTxTask,97370,97372,617935.5,617957.7175925926,22.21759259259259,{'TelemetryTask': 22.21759259259259}
UartTxTask,97376,97377,618676.7222222222,618691.5925925926,14.87037037037037,{'Idle': 14.87037037037037}
TelemetryTask,97381,97382,622773.3518518518,622787.3657407408,14.01388888888889,{'Idle': 14.01388888888889}
UartTxTask,97384,97386,627935.2314814815,627957.5324074074,22.300925925925927,{'TelemetryTask': 22.300925925925924}
UartTxTask,97390,97391,628676.7361111111,628691.5833333334,14.847222222222221,{'Idle': 14.847222222222221}
TelemetryTask,97395,97396,632773.3425925926,632787.5462962963,14.203703703703704,{'Idle': 14.203703703703704}
UartTxTask,97398,97400,637934.800925926,637956.699074074,21.89814814814815,{'TelemetryTask': 21.89814814814815}
UartTxTask,97404,97405,638675.6851851852,638690.3425925926,14.657407407407407,{'Idle': 14.657407407407407}
TelemetryTask,97409,97410,642773.2962962963,642787.199074074,13.902777777777779,{'Idle': 13.902777777777779}
UartTxTask,97412,97414,647934.5972222222,647956.3379629629,21.74074074074074,{'TelemetryTask': 21.74074074074074}
UartTxTask,97418,97419,648674.9861111111,648689.8981481482,14.912037037037036,{'Idle': 14.912037037037036}
TelemetryTask,97423,97424,652773.5324074074,652787.4768518518,13.944444444444445,{'Idle': 13.944444444444445}
UartTxTask,97426,97428,657934.4027777778,657956.449074074,22.046296296296298,{'TelemetryTask': 22.046296296296298}
UartTxTask,97432,97433,658675.175925926,658690.0555555555,14.87962962962963,{'Idle': 14.87962962962963}
TelemetryTask,97437,97438,662773.3796296297,662787.4120370371,14.032407407407407,{'Idle': 14.032407407407407}
UartTxTask,97440,97442,667935.5879629629,667957.7638888889,22.175925925925927,{'TelemetryTask': 22.175925925925924}
UartTxTask,97446,97447,668676.4907407408,668690.9583333334,14.467592592592593,{'Idle': 14.467592592592593}
TelemetryTask,97451,97452,672773.5231481482,672787.6157407408,14.092592592592593,{'Idle': 14.092592592592593}
UartTxTask,97454,97456,677935.2777777778,677957.3287037037,22.050925925925927,{'TelemetryTask': 22.050925925925924}
UartTxTask,97460,97461,678676.1805555555,678691.0231481482,14.842592592592593,{'Idle': 14.842592592592593}
TelemetryTask,97465,97466,682773.3425925926,682787.5092592592,14.166666666666666,{'Idle': 14.166666666666666}
UartTxTask,97468,97470,687934.9444444445,687957.1018518518,22.15740740740741,{'TelemetryTask': 22.157407407407405}
UartTxTask,97474,97475,688676.3564814815,688690.8287037037,14.472222222222221,{'Idle': 14.472222222222221}
TelemetryTask,97479,97480,692773.2592592592,692787.6435185185,14.38425925925926,{'Idle': 14.38425925925926}
UartTxTask,97482,97484,697934.875,697956.7916666666,21.916666666666668,{'TelemetryTask': 21.916666666666664}
UartTxTask,97488,97489,698675.8194444445,698690.3981481482,14.578703703703704,{'Idle': 14.578703703703704}
TelemetryTask,97493,97494,702773.3657407408,702787.1018518518,13.73611111111111,{'Idle': 13.73611111111111}
UartTxTask,97496,97498,707935.324074074,707957.6435185185,22.319444444444443,{'TelemetryTask': 22.319444444444443}
UartTxTask,97502,97503,708676.3333333334,708690.7916666666,14.458333333333334,{'Idle': 14.458333333333334}
TelemetryTask,97507,97508,712773.4907407408,712787.300925926,13.810185185185185,{'Idle': 13.810185185185185}
UartTxTask,97510,97512,717935.1944444445,717956.6388888889,21.444444444444443,{'TelemetryTask': 21.444444444444443}
UartTxTask,97516,97517,718675.25,718690.2037037037,14.953703703703704,{'Idle': 14.953703703703704}
TelemetryTask,97521,97522,722773.425925926,722787.2824074074,13.856481481481481,{'Idle': 13.856481481481481}
UartTxTask,97524,97526,727934.3888888889,727956.4861111111,22.09722222222222,{'TelemetryTask': 22.09722222222222}
UartTxTask,97530,97531,728675.2962962963,728689.9675925926,14.671296296296296,{'Idle': 14.671296296296296}
TelemetryTask,97535,97536,732773.3888888889,732787.5462962963,14.157407407407407,{'Idle': 14.157407407407407}
UartTxTask,97538,97540,737935.4675925926,737957.9305555555,22.462962962962962,{'TelemetryTask': 22.462962962962962}
UartTxTask,97544,97545,738676.7175925926,738692.4953703703,15.777777777777779,{'Idle': 15.777777777777779}
TelemetryTask,97549,97550,742773.3888888889,742787.5,14.11111111111111,{'Idle': 14.11111111111111}
UartTxTask,97552,97554,747935.8888888889,747958.2407407408,22.35185185185185,{'TelemetryTask': 22.35185185185185}
UartTxTask,97558,97559,748677.0972222222,748691.6851851852,14.587962962962964,{'Idle': 14.587962962962964}
TelemetryTask,97563,97564,752773.2731481482,752787.2361111111,13.962962962962964,{'Idle': 13.962962962962964}
UartTxTask,97566,97568,757935.2638888889,757957.5925925926,22.328703703703702,{'TelemetryTask': 22.328703703703702}
UartTxTask,97572,97573,758676.449074074,758691.0092592592,14.560185185185185,{'Idle': 14.560185185185185}
TelemetryTask,97577,97578,762773.4398148148,762787.5138888889,14.074074074074074,{'Idle': 14.074074074074074}
UartTxTask,97580,97582,767935.2638888889,767957.3425925926,22.078703703703702,{'TelemetryTask': 22.078703703703702}
UartTxTask,97586,97587,768676.5648148148,768691.1527777778,14.587962962962964,{'Idle': 14.587962962962964}
TelemetryTask,97591,97592,772773.3055555555,772787.2175925926,13.912037037037036,{'Idle': 13.912037037037036}
UartTxTask,97594,97596,777936.050925926,777958.6898148148,22.63888888888889,{'TelemetryTask': 22.63888888888889}
UartTxTask,97600,97601,778676.8425925926,778691.4675925926,14.625,{'Idle': 14.625}
TelemetryTask,97605,97606,782773.3148148148,782787.0046296297,13.689814814814815,{'Idle': 13.689814814814815}
UartTxTask,97608,97610,787935.1898148148,787957.5046296297,22.314814814814813,{'TelemetryTask': 22.314814814814817}
UartTxTask,97614,97615,788676.5092592592,788691.4027777778,14.893518518518519,{'Idle': 14.893518518518519}
TelemetryTask,97619,97620,792773.300925926,792787.425925926,14.125,{'Idle': 14.125}
UartTxTask,97622,97624,797935.3657407408,797957.9166666666,22.550925925925927,{'TelemetryTask': 22.550925925925924}
UartTxTask,97628,97629,798676.8333333334,798691.4814814815,14.648148148148149,{'Idle': 14.648148148148149}
TelemetryTask,97633,97634,802773.3379629629,802787.4212962963,14.083333333333334,{'Idle': 14.083333333333334}
UartTxTask,97636,97638,807935.1157407408,807957.3518518518,22.23611111111111,{'TelemetryTask': 22.23611111111111}
UartTxTask,97642,97643,808676.1481481482,808690.9629629629,14.814814814814815,{'Idle': 14.814814814814815}
TelemetryTask,97647,97648,812773.3981481482,812787.1527777778,13.75462962962963,{'Idle': 13.75462962962963}
UartTxTask,97650,97652,817934.8981481482,817957.0046296297,22.10648148148148,{'TelemetryTask': 22.10648148148148}
UartTxTask,97656,97657,818676.2685185185,818690.949074074,14.680555555555555,{'Idle': 14.680555555555555}
TelemetryTask,97661,97662,822773.4537037037,822787.6388888889,14.185185185185185,{'Idle': 14.185185185185185}
UartTxTask,97664,97666,827935.3564814815,827957.7453703703,22.38888888888889,{'TelemetryTask': 22.38888888888889}
UartTxTask,97670,97671,828676.8287037037,828691.7638888889,14.935185185185185,{'Idle': 14.935185185185185}
TelemetryTask,97675,97676,832773.3333333334,832787.2129629629,13.87962962962963,{'Idle': 13.87962962962963}
UartTxTask,97678,97680,837934.7546296297,837956.574074074,21.819444444444443,{'TelemetryTask': 21.819444444444443}
UartTxTask,97684,97685,838675.6111111111,838690.5092592592,14.898148148148149,{'Idle': 14.898148148148149}
TelemetryTask,97689,97690,842773.4166666666,842787.6342592592,14.217592592592593,{'Idle': 14.217592592592593}
UartTxTask,97692,97694,847935.2175925926,847957.4768518518,22.25925925925926,{'TelemetryTask': 22.25925925925926}
UartTxTask,97698,97699,848675.9583333334,848690.7962962963,14.837962962962964,{'Idle': 14.837962962962964}
TelemetryTask,97703,97704,852773.3935185185,852786.9768518518,13.583333333333334,{'Idle': 13.583333333333334}
UartTxTask,97706,97708,857934.7083333334,857956.9212962963,22.212962962962962,{'TelemetryTask': 22.212962962962962}
UartTxTask,97712,97713,858675.5555555555,858690.2175925926,14.662037037037036,{'Idle': 14.662037037037036}
TelemetryTask,97717,97718,862773.3935185185,862787.6203703703,14.226851851851851,{'Idle': 14.226851851851851}
UartTxTask,97720,97722,867934.7962962963,867956.5324074074,21.73611111111111,{'TelemetryTask': 21.73611111111111}
UartTxTask,97726,97727,868675.3425925926,868689.9953703703,14.652777777777779,{'Idle': 14.652777777777779}
TelemetryTask,97731,97732,872773.324074074,872787.3564814815,14.032407407407407,{'Idle': 14.032407407407407}
UartTxTask,97734,97736,877934.7731481482,877956.6296296297,21.85648148148148,{'TelemetryTask': 21.85648148148148}
UartTxTask,97740,97741,878675.6944444445,878690.6712962963,14.976851851851851,{'Idle': 14.976851851851851}
TelemetryTask,97745,97746,882773.5046296297,882787.3981481482,13.893518518518519,{'Idle': 13.893518518518519}
UartTxTask,97748,97750,887935.3425925926,887957.199074074,21.85648148148148,{'TelemetryTask': 21.85648148148148}
UartTxTask,97754,97755,888676.2916666666,888691.0324074074,14.74074074074074,{'Idle': 14.74074074074074}
TelemetryTask,97759,97760,892773.4814814815,892787.4444444445,13.962962962962964,{'Idle': 13.962962962962964}
UartTxTask,97762,97764,897935.3425925926,897957.449074074,22.10648148148148,{'TelemetryTask': 22.10648148148148}
UartTxTask,97768,97769,898675.9537037037,898690.7361111111,14.782407407407407,{'Idle': 14.782407407407407}
TelemetryTask,97773,97774,902773.1435185185,902787.300925926,14.157407407407407,{'Idle': 14.157407407407407}
UartTxTask,97776,97778,907936.1342592592,907958.0185185185,21.88425925925926,{'TelemetryTask': 21.88425925925926}
UartTxTask,97782,97783,908676.8333333334,908691.5787037037,14.74537037037037,{'Idle': 14.74537037037037}
TelemetryTask,97787,97788,912773.2453703703,912787.2731481482,14.027777777777779,{'Idle': 14.027777777777779}
UartTxTask,97790,97792,917934.75,917957.1666666666,22.416666666666668,{'TelemetryTask': 22.416666666666664}
UartTxTask,97796,97797,918676.0555555555,918690.8657407408,14.810185185185185,{'Idle': 14.810185185185185}
TelemetryTask,97801,97802,922773.1898148148,922787.0,13.810185185185185,{'Idle': 13.810185185185185}
UartTxTask,97804,97806,927934.4768518518,927956.4166666666,21.939814814814813,{'TelemetryTask': 21.939814814814817}
UartTxTask,97810,97811,928675.4768518518,928690.3518518518,14.875,{'Idle': 14.875}
TelemetryTask,97815,97816,932773.3657407408,932787.6064814815,14.24074074074074,{'Idle': 14.24074074074074}
UartTxTask,97818,97820,937934.9814814815,937957.0185185185,22.037037037037038,{'TelemetryTask': 22.037037037037038}
UartTxTask,97824,97825,938675.5324074074,938690.1712962963,14.63888888888889,{'Idle': 14.63888888888889}
TelemetryTask,97829,97830,942773.2916666666,942787.3888888889,14.097222222222221,{'Idle': 14.097222222222221}
UartTxTask,97832,97834,947934.7962962963,947957.3194444445,22.52314814814815,{'TelemetryTask': 22.523148148148145}
UartTxTask,97838,97839,948676.0462962963,948690.7407407408,14.694444444444445,{'Idle': 14.694444444444445}
TelemetryTask,97843,97844,952773.3518518518,952787.7962962963,14.444444444444445,{'Idle': 14.444444444444445}
UartTxTask,97846,97848,957936.1064814815,957958.074074074,21.96759259259259,{'TelemetryTask': 21.967592592592595}
UartTxTask,97852,97853,958676.9027777778,958691.5324074074,14.62962962962963,{'Idle': 14.62962962962963}
TelemetryTask,97857,97858,962773.3796296297,962787.4074074074,14.027777777777779,{'Idle': 14.027777777777779}
UartTxTask,97860,97862,967934.9629629629,967956.625,21.662037037037038,{'TelemetryTask': 21.662037037037038}
UartTxTask,97866,97867,968675.3194444445,968690.0648148148,14.74537037037037,{'Idle': 14.74537037037037}
TelemetryTask,97871,97872,972773.3518518518,972787.6018518518,14.25,{'Idle': 14.25}
UartTxTask,97874,97876,977934.7731481482,977957.0833333334,22.310185185185187,{'TelemetryTask': 22.310185185185187}
UartTxTask,97880,97881,978676.0555555555,978691.0648148148,15.00925925925926,{'Idle': 15.00925925925926}
TelemetryTask,97885,97886,982773.5138888889,982787.3888888889,13.875,{'Idle': 13.875}
UartTxTask,97888,97890,987935.4629629629,987957.4861111111,22.02314814814815,{'TelemetryTask': 22.02314814814815}
UartTxTask,97894,97895,988676.5092592592,988690.9027777778,14.393518518518519,{'Idle': 14.393518518518519}
TelemetryTask,97899,97900,992773.3981481482,992787.3564814815,13.958333333333334,{'Idle': 13.958333333333334}
UartTxTask,97902,97904,997934.675925926,997956.8472222222,22.171296296296298,{'TelemetryTask': 22.171296296296298}
UartTxTask,97908,97909,998675.75,998690.8194444445,15.069444444444445,{'Idle': 15.069444444444445}
TelemetryTask,97913,97914,1002773.4074074074,1002787.2777777778,13.87037037037037,{'Idle': 13.87037037037037}
UartTxTask,97916,97918,1007935.2824074074,1007957.4166666666,22.13425925925926,{'TelemetryTask': 22.13425925925926}
UartTxTask,97922,97923,1008676.425925926,1008691.300925926,14.875,{'Idle': 14.875}
TelemetryTask,97927,97928,1012773.3703703703,1012787.2685185185,13.898148148148149,{'Idle': 13.898148148148149}
UartTxTask,97930,97932,1017935.0231481482,1017957.3796296297,22.35648148148148,{'TelemetryTask': 22.35648148148148}
UartTxTask,97936,97937,1018676.2592592592,1018690.7407407408,14.481481481481481,{'Idle': 14.481481481481481}
TelemetryTask,97941,97942,1022773.4768518518,1022787.2453703703,13.768518518518519,{'Idle': 13.768518518518519}
UartTxTask,97944,97946,1027934.4537037037,1027956.6712962963,22.21759259259259,{'TelemetryTask': 22.21759259259259}
UartTxTask,97950,97951,1028674.9953703703,1028689.9120370371,14.916666666666666,{'Idle': 14.916666666666666}
TelemetryTask,97955,97956,1032773.3888888889,1032787.7870370371,14.398148148148149,{'Idle': 14.398148148148149}
UartTxTask,97958,97960,1037936.1111111111,1037958.3148148148,22.203703703703702,{'TelemetryTask': 22.203703703703702}
UartTxTask,97964,97965,1038677.4675925926,1038692.0231481482,14.555555555555555,{'Idle': 14.555555555555555}
TelemetryTask,97969,97970,1042773.3518518518,1042787.4305555555,14.078703703703704,{'Idle': 14.078703703703704}
UartTxTask,97972,97974,1047935.2638888889,1047956.8888888889,21.625,{'TelemetryTask': 21.625}
UartTxTask,97978,97979,1048675.8055555555,1048690.5601851852,14.75462962962963,{'Idle': 14.75462962962963}
TelemetryTask,97983,97984,1052773.3657407407,1052787.7916666667,14.425925925925926,"{'Idle': 14.425925925925926, 'TelemetryTask': 1.3797371475784866e-10}"
UartTxTask,97986,97988,1057935.5324074074,1057957.6157407407,22.083333333333332,{'TelemetryTask': 22.083333333333336}
UartTxTask,97992,97993,1058676.523148148,1058691.023148148,14.5,{'Idle': 14.5}
TelemetryTask,97997,97998,1062773.486111111,1062787.9166666667,14.430555555555555,"{'Idle': 14.430555555693529, 'TelemetryTask': 1.3797371475784866e-10}"
UartTxTask,98000,98002,1067935.8935185184,1067957.9444444445,22.050925925925927,{'TelemetryTask': 22.050925926063897}
UartTxTask,98006,98007,1068676.4444444445,1068691.412037037,14.967592592592593,{'Idle': 14.967592592592593}
TelemetryTask,98011,98012,1072773.4074074074,1072787.611111111,14.203703703703704,{'Idle': 14.20370370356573}
UartTxTask,98014,98016,1077935.2453703703,1077957.2685185184,22.02314814814815,{'TelemetryTask': 22.023148148010176}
UartTxTask,98020,98021,1078675.8101851852,1078690.6203703703,14.810185185185185,{'Idle': 14.810185185185185}
TelemetryTask,98025,98026,1082773.2962962964,1082787.3703703703,14.074074074074074,{'Idle': 14.074074073936101}
UartTxTask,98028,98030,1087935.6574074074,1087957.773148148,22.11574074074074,{'TelemetryTask': 22.11574074074074}
UartTxTask,98034,98035,1088676.4074074074,1088691.101851852,14.694444444444445,{'Idle': 14.694444444444445}
TelemetryTask,98039,98040,1092773.3472222222,1092787.476851852,14.12962962962963,{'Idle': 14.12962962962963}
UartTxTask,98042,98044,1097935.5648148148,1097957.8333333333,22.26851851851852,{'TelemetryTask': 22.268518518380546}
UartTxTask,98048,98049,1098676.6805555555,1098691.1342592593,14.453703703703704,{'Idle': 14.453703703703704}
TelemetryTask,98053,98054,1102773.4259259258,1102787.9027777778,14.476851851851851,{'Idle': 14.476851851989824}
UartTxTask,98056,98058,1107935.0694444445,1107956.861111111,21.791666666666668,{'TelemetryTask': 21.79166666652869}
UartTxTask,98062,98063,1108675.9722222222,1108690.3101851852,14.337962962962964,{'Idle': 14.337962962962964}
TelemetryTask,98067,98068,1112773.3472222222,1112787.5648148148,14.217592592592593,{'Idle': 14.217592592592593}
UartTxTask,98070,98072,1117934.9398148148,1117957.476851852,22.537037037037038,{'TelemetryTask': 22.537037037037038}
UartTxTask,98076,98077,1118676.101851852,1118690.8703703703,14.768518518518519,{'Idle': 14.768518518518519}
TelemetryTask,98081,98082,1122773.5555555555,1122787.6342592593,14.078703703703704,{'Idle': 14.078703703703704}
UartTxTask,98084,98086,1127935.5092592593,1127957.912037037,22.40277777777778,{'TelemetryTask': 22.40277777777778}
UartTxTask,98090,98091,1128677.212962963,1128691.736111111,14.523148148148149,{'Idle': 14.523148148010174}
TelemetryTask,98095,98096,1132773.5555555555,1132787.6203703703,14.064814814814815,{'Idle': 14.064814814814815}
UartTxTask,98098,98100,1137935.9027777778,1137957.9305555555,22.02777777777778,{'TelemetryTask': 22.02777777777778}
UartTxTask,98104,98105,1138676.5925925926,1138691.2037037036,14.61111111111111,{'Idle': 14.611111110973138}
TelemetryTask,98109,98110,1142773.337962963,1142787.1666666667,13.828703703703704,"{'Idle': 13.828703703703704, 'TelemetryTask': 1.3797371475784866e-10}"
UartTxTask,98112,98114,1147935.5925925926,1147957.6064814816,22.01388888888889,"{'TelemetryTask': 22.01388888888889, 'UartTxTask': 1.3797371475784866e-10}"
UartTxTask,98118,98119,1148676.6296296297,1148691.4490740742,14.819444444444445,"{'Idle': 14.819444444444445, 'UartTxTask': 1.3797371475784866e-10}"
TelemetryTask,98123,98124,1152773.2175925926,1152787.6574074074,14.439814814814815,{'Idle': 14.439814814814815}
UartTxTask,98126,98128,1157934.875,1157956.736111111,21.86111111111111,{'TelemetryTask': 21.861111110973134}
UartTxTask,98132,98133,1158675.5277777778,1158690.1157407407,14.587962962962964,{'Idle': 14.587962962962964}
TelemetryTask,98137,98138,1162773.3425925926,1162787.1898148148,13.847222222222221,{'Idle': 13.847222222222221}
UartTxTask,98140,98142,1167935.287037037,1167957.4722222222,22.185185185185187,{'TelemetryTask': 22.185185185185183}
UartTxTask,98146,98147,1168676.476851852,1168691.287037037,14.810185185185185,{'Idle': 14.810185185185185}
TelemetryTask,98151,98152,1172773.2777777778,1172787.3333333333,14.055555555555555,{'Idle': 14.055555555417582}
UartTxTask,98154,98156,1177935.1064814816,1177957.4444444445,22.337962962962962,{'TelemetryTask': 22.33796296282499}
UartTxTask,98160,98161,1178676.0416666667,1178690.8240740742,14.782407407407407,"{'Idle': 14.782407407269433, 'UartTxTask': 1.3797371475784866e-10}"
TelemetryTask,98165,98166,1182773.287037037,1182787.3842592593,14.097222222222221,{'Idle': 14.097222222222221}
UartTxTask,98168,98170,1187934.9814814816,1187956.9444444445,21.962962962962962,{'TelemetryTask': 21.96296296282499}
UartTxTask,98174,98175,1188675.7453703703,1188690.3564814816,14.61111111111111,"{'Idle': 14.61111111111111, 'UartTxTask': 1.3797371475784866e-10}"
TelemetryTask,98179,98180,1192773.3935185184,1192787.6296296297,14.23611111111111,{'Idle': 14.236111111249084}
UartTxTask,98182,98184,1197935.9583333333,1197957.6527777778,21.694444444444443,{'TelemetryTask': 21.694444444582416}
UartTxTask,98188,98189,1198676.875,1198691.638888889,14.76388888888889,"{'Idle': 14.76388888888889, 'UartTxTask': 1.3797371475784866e-10}"
TelemetryTask,98193,98194,1202773.523148148,1202787.3425925926,13.819444444444445,{'Idle': 13.819444444444445}
UartTxTask,98196,98198,1207935.6574074074,1207957.7083333333,22.050925925925927,{'TelemetryTask': 22.05092592578795}
UartTxTask,98202,98203,1208676.523148148,1208691.3935185184,14.87037037037037,{'Idle': 14.870370370232397}
TelemetryTask,98207,98208,1212773.523148148,1212787.4212962964,13.898148148148149,"{'Idle': 13.898148148148149, 'TelemetryTask': 1.3797371475784866e-10}"
UartTxTask,98210,98212,1217935.2592592593,1217957.2175925926,21.958333333333332,{'TelemetryTask': 21.958333333333336}
UartTxTask,98216,98217,1218675.4305555555,1218690.1805555555,14.75,{'Idle': 14.75}
TelemetryTask,98221,98222,1222773.2962962964,1222787.5925925926,14.296296296296296,{'Idle': 14.296296296158323}
UartTxTask,98224,98226,1227935.2453703703,1227957.712962963,22.46759259259259,{'TelemetryTask': 22.46759259259259}
UartTxTask,98230,98231,1228676.3703703703,1228691.0,14.62962962962963,{'Idle': 14.62962962962963}
TelemetryTask,98235,98236,1232773.263888889,1232787.2962962964,14.032407407407407,"{'Idle': 14.032407407269433, 'TelemetryTask': 1.3797371475784866e-10}"
UartTxTask,98238,98240,1237935.0787037036,1237957.1527777778,22.074074074074073,{'TelemetryTask': 22.074074074212046}
UartTxTask,98244,98245,1238675.7546296297,1238690.486111111,14.731481481481481,{'Idle': 14.731481481343508}
TelemetryTask,98249,98250,1242773.3148148148,1242787.486111111,14.171296296296296,{'Idle': 14.171296296296296}
UartTxTask,98252,98254,1247935.4583333333,1247957.9814814816,22.52314814814815,{'TelemetryTask': 22.523148148148145}
UartTxTask,98258,98259,1248676.875,1248691.4444444445,14.569444444444445,{'Idle': 14.569444444444445}
TelemetryTask,98263,98264,1252773.4953703703,1252787.875,14.37962962962963,{'Idle': 14.37962962962963}
UartTxTask,98266,98268,1257935.7037037036,1257958.0092592593,22.305555555555557,{'TelemetryTask': 22.305555555555557}
UartTxTask,98272,98273,1258677.138888889,1258692.023148148,14.88425925925926,{'Idle': 14.88425925925926}
TelemetryTask,98277,98278,1262773.3240740742,1262787.3055555555,13.981481481481481,{'Idle': 13.981481481481481}
UartTxTask,98280,98282,1267934.1157407407,1267956.7175925926,22.60185185185185,{'TelemetryTask': 22.60185185185185}
UartTxTask,98286,98287,1268675.1296296297,1268689.5648148148,14.435185185185185,{'Idle': 14.435185185185185}
TelemetryTask,98291,98292,1272773.4675925926,1272787.388888889,13.921296296296296,{'Idle': 13.921296296296296}
UartTxTask,98294,98296,1277935.6805555555,1277957.9537037036,22.27314814814815,{'TelemetryTask': 22.27314814814815}
UartTxTask,98300,98301,1278676.9953703703,1278691.5509259258,14.555555555555555,{'Idle': 14.555555555555555}
TelemetryTask,98305,98306,1282773.5092592593,1282787.4259259258,13.916666666666666,{'Idle': 13.916666666666666}
UartTxTask,98308,98310,1287934.4675925926,1287956.5277777778,22.060185185185187,{'TelemetryTask': 22.060185185185183}
UartTxTask,98314,98315,1288675.3240740742,1288690.1898148148,14.86574074074074,{'Idle': 14.86574074074074}
TelemetryTask,98319,98320,1292773.3703703703,1292787.2685185184,13.898148148148149,{'Idle': 13.898148148148149}
UartTxTask,98322,98324,1297935.111111111,1297957.4259259258,22.314814814814813,{'TelemetryTask': 22.314814814814817}
UartTxTask,98328,98329,1298676.2685185184,1298691.0324074074,14.76388888888889,{'Idle': 14.76388888888889}
TelemetryTask,98333,98334,1302773.5046296297,1302787.6666666667,14.162037037037036,{'Idle': 14.162037037037036}
UartTxTask,98336,98338,1307935.5648148148,1307957.8101851852,22.24537037037037,{'TelemetryTask': 22.24537037037037}
UartTxTask,98342,98343,1308676.7962962964,1308691.4490740742,14.652777777777779,{'Idle': 14.652777777777779}
TelemetryTask,98347,98348,1312773.3009259258,1312787.4583333333,14.157407407407407,{'Idle': 14.157407407407407}
UartTxTask,98350,98352,1317935.2314814816,1317957.1805555555,21.949074074074073,{'TelemetryTask': 21.949074074074076}
UartTxTask,98356,98357,1318675.8796296297,1318690.75,14.87037037037037,{'Idle': 14.87037037037037}
TelemetryTask,98361,98362,1322773.226851852,1322787.4398148148,14.212962962962964,{'Idle': 14.212962962962964}
UartTxTask,98364,98366,1327934.9907407407,1327957.5324074074,22.541666666666668,{'TelemetryTask': 22.541666666666668}
UartTxTask,98370,98371,1328676.2546296297,1328690.837962963,14.583333333333334,{'Idle': 14.583333333333334}
TelemetryTask,98375,98376,1332773.4212962964,1332787.2407407407,13.819444444444445,{'Idle': 13.819444444444445}
UartTxTask,98378,98380,1337934.4953703703,1337956.7777777778,22.28240740740741,{'TelemetryTask': 22.28240740740741}
UartTxTask,98384,98385,1338675.5925925926,1338690.138888889,14.546296296296296,{'Idle': 14.546296296296296}
TelemetryTask,98389,98390,1342773.388888889,1342787.5416666667,14.152777777777779,{'Idle': 14.152777777777779}
UartTxTask,98392,98394,1347935.236111111,1347957.8009259258,22.564814814814813,{'TelemetryTask': 22.564814814814817}
UartTxTask,98398,98399,1348676.7407407407,1348691.4814814816,14.74074074074074,{'Idle': 14.74074074074074}
TelemetryTask,98403,98404,1352773.4259259258,1352787.0462962964,13.62037037037037,{'Idle': 13.62037037037037}
UartTxTask,98406,98408,1357934.8101851852,1357957.013888889,22.203703703703702,{'TelemetryTask': 22.203703703703702}
UartTxTask,98412,98413,1358676.1759259258,1358690.9537037036,14.777777777777779,{'Idle': 14.777777777777779}
TelemetryTask,98417,98418,1362773.3425925926,1362787.3842592593,14.041666666666666,{'Idle': 14.041666666666666}
UartTxTask,98420,98422,1367934.962962963,1367957.3240740742,22.36111111111111,{'TelemetryTask': 22.36111111111111}
UartTxTask,98426,98427,1368676.3240740742,1368691.1898148148,14.86574074074074,{'Idle': 14.86574074074074}
TelemetryTask,98431,98432,1372773.3472222222,1372787.5601851852,14.212962962962964,{'Idle': 14.212962962962964}
UartTxTask,98434,98436,1377934.3009259258,1377956.3796296297,22.078703703703702,{'TelemetryTask': 22.078703703703702}
UartTxTask,98440,98441,1378674.837962963,1378689.4537037036,14.61574074074074,{'Idle': 14.61574074074074}
TelemetryTask,98445,98446,1382773.4583333333,1382787.8194444445,14.36111111111111,{'Idle': 14.36111111111111}
UartTxTask,98448,98450,1387935.7083333333,1387958.1574074074,22.449074074074073,{'TelemetryTask': 22.449074074074076}
UartTxTask,98454,98455,1388676.513888889,1388691.2824074074,14.768518518518519,{'Idle': 14.768518518518519}
TelemetryTask,98459,98460,1392773.3657407407,1392787.513888889,14.148148148148149,{'Idle': 14.148148148148149}
UartTxTask,98462,98464,1397935.0092592593,1397956.9351851852,21.925925925925927,{'TelemetryTask': 21.925925925925924}
UartTxTask,98468,98469,1398675.9027777778,1398690.388888889,14.48611111111111,{'Idle': 14.48611111111111}
TelemetryTask,98473,98474,1402773.388888889,1402787.6435185184,14.25462962962963,{'Idle': 14.25462962962963}
UartTxTask,98476,98478,1407935.3009259258,1407957.162037037,21.86111111111111,{'TelemetryTask': 21.86111111111111}
UartTxTask,98482,98483,1408676.1851851852,1408690.8472222222,14.662037037037036,{'Idle': 14.662037037037036}
TelemetryTask,98487,98488,1412773.476851852,1412787.2037037036,13.726851851851851,{'Idle': 13.726851851851851}
UartTxTask,98490,98492,1417935.4259259258,1417957.4444444445,22.01851851851852,{'TelemetryTask': 22.01851851851852}
UartTxTask,98496,98497,1418675.8796296297,1418690.5833333333,14.703703703703704,{'Idle': 14.703703703703704}
TelemetryTask,98501,98502,1422773.375,1422787.1805555555,13.805555555555555,{'Idle': 13.805555555555555}
UartTxTask,98504,98506,1427934.875,1427956.7175925926,21.84259259259259,{'TelemetryTask': 21.84259259259259}
UartTxTask,98510,98511,1428675.2314814816,1428689.7916666667,14.560185185185185,{'Idle': 14.560185185185185}
TelemetryTask,98515,98516,1432773.375,1432787.2962962964,13.921296296296296,{'Idle': 13.921296296296296}
UartTxTask,98518,98520,1437934.3148148148,1437956.6898148148,22.375,{'TelemetryTask': 22.375}
UartTxTask,98524,98525,1438675.462962963,1438690.0416666667,14.578703703703704,{'Idle': 14.578703703703704}
TelemetryTask,98529,98530,1442773.4722222222,1442787.4537037036,13.981481481481481,{'Idle': 13.981481481481481}
UartTxTask,98532,98534,1447936.3055555555,1447958.226851852,21.921296296296298,{'TelemetryTask': 21.921296296296298}
UartTxTask,98538,98539,1448677.4166666667,1448692.4259259258,15.00925925925926,{'Idle': 15.00925925925926}
TelemetryTask,98543,98544,1452773.2037037036,1452787.2314814816,14.027777777777779,{'Idle': 14.027777777777779}
UartTxTask,98546,98548,1457934.3935185184,1457956.25,21.85648148148148,{'TelemetryTask': 21.85648148148148}
UartTxTask,98552,98553,1458675.513888889,1458690.5694444445,15.055555555555555,{'Idle': 15.055555555555555}
TelemetryTask,98557,98558,1462773.3055555555,1462787.4675925926,14.162037037037036,{'Idle': 14.162037037037036}
UartTxTask,98560,98562,1467936.3703703703,1467958.6944444445,22.324074074074073,{'TelemetryTask': 22.324074074074073}
UartTxTask,98566,98567,1468677.4351851852,1468691.5925925926,14.157407407407407,{'Idle': 14.157407407407407}
TelemetryTask,98571,98572,1472773.3101851852,1472787.4027777778,14.092592592592593,{'Idle': 14.092592592592593}
UartTxTask,98574,98576,1477935.0601851852,1477957.1712962964,22.11111111111111,{'TelemetryTask': 22.11111111111111}
UartTxTask,98580,98581,1478676.111111111,1478691.101851852,14.99074074074074,{'Idle': 14.99074074074074}
TelemetryTask,98585,98586,1482773.361111111,1482787.1851851852,13.824074074074074,{'Idle': 13.824074074074074}
UartTxTask,98588,98590,1487935.111111111,1487957.5092592593,22.39814814814815,{'TelemetryTask': 22.39814814814815}
UartTxTask,98594,98595,1488676.361111111,1488690.861111111,14.5,{'Idle': 14.5}
TelemetryTask,98599,98600,1492773.3842592593,1492787.4074074074,14.023148148148149,{'Idle': 14.023148148148149}
UartTxTask,98602,98604,1497934.8148148148,1497957.4305555555,22.61574074074074,{'TelemetryTask': 22.61574074074074}
UartTxTask,98608,98609,1498676.2037037036,1498690.8796296297,14.675925925925926,{'Idle': 14.675925925925926}
TelemetryTask,98613,98614,1502773.2407407407,1502787.3009259258,14.060185185185185,{'Idle': 14.060185185185185}
UartTxTask,98616,98618,1507935.587962963,1507957.837962963,22.25,{'TelemetryTask': 22.25}
UartTxTask,98622,98623,1508676.9814814816,1508691.9074074074,14.925925925925926,{'Idle': 14.925925925925926}
TelemetryTask,98627,98628,1512773.3009259258,1512787.587962963,14.287037037037036,{'Idle': 14.287037037037036}
UartTxTask,98630,98632,1517935.6527777778,1517958.5046296297,22.85185185185185,{'TelemetryTask': 22.851851851851855}
UartTxTask,98636,98637,1518678.2407407407,1518692.875,14.63425925925926,{'Idle': 14.63425925925926}
TelemetryTask,98641,98642,1522773.4722222222,1522787.6712962964,14.199074074074074,{'Idle': 14.199074074074074}
UartTxTask,98644,98646,1527934.962962963,1527957.2175925926,22.25462962962963,{'TelemetryTask': 22.25462962962963}
UartTxTask,98650,98651,1528675.976851852,1528690.6990740742,14.722222222222221,{'Idle': 14.722222222222221}
TelemetryTask,98655,98656,1532773.1944444445,1532787.3796296297,14.185185185185185,{'Idle': 14.185185185185185}
UartTxTask,98658,98660,1537935.337962963,1537957.6574074074,22.319444444444443,{'TelemetryTask': 22.319444444444443}
UartTxTask,98664,98665,1538676.726851852,1538691.3657407407,14.63888888888889,{'Idle': 14.63888888888889}
TelemetryTask,98669,98670,1542773.1435185184,1542787.7314814816,14.587962962962964,{'Idle': 14.587962962962964}
UartTxTask,98672,98674,1547935.5787037036,1547957.5925925926,22.01388888888889,{'TelemetryTask': 22.01388888888889}
UartTxTask,98678,98679,1548676.125,1548691.0972222222,14.972222222222221,{'Idle': 14.972222222222221}
TelemetryTask,98683,98684,1552773.3796296297,1552787.1805555555,13.800925925925926,{'Idle': 13.800925925925926}
UartTxTask,98686,98688,1557934.3703703703,1557956.5601851852,22.189814814814813,{'TelemetryTask': 22.189814814814817}
UartTxTask,98692,98693,1558675.9444444445,1558690.6666666667,14.722222222222221,{'Idle': 14.722222222222221}
TelemetryTask,98697,98698,1562773.2037037036,1562787.1157407407,13.912037037037036,{'Idle': 13.912037037037036}
UartTxTask,98700,98702,1567934.5972222222,1567956.6990740742,22.10185185185185,{'TelemetryTask': 22.10185185185185}
UartTxTask,98706,98707,1568675.4490740742,1568690.4537037036,15.00462962962963,{'Idle': 15.00462962962963}
TelemetryTask,98711,98712,1572773.3425925926,1572787.4722222222,14.12962962962963,{'Idle': 14.12962962962963}
UartTxTask,98714,98716,1577935.0,1577956.9537037036,21.953703703703702,{'TelemetryTask': 21.953703703703702}
UartTxTask,98720,98721,1578675.037037037,1578689.611111111,14.574074074074074,{'Idle': 14.574074074074074}
TelemetryTask,98725,98726,1582773.2962962964,1582787.388888889,14.092592592592593,{'Idle': 14.092592592592593}
UartTxTask,98728,98730,1587935.2453703703,1587957.4305555555,22.185185185185187,{'TelemetryTask': 22.185185185185183}
UartTxTask,98734,98735,1588676.0787037036,1588690.4537037036,14.375,{'Idle': 14.375}
TelemetryTask,98739,98740,1592773.4722222222,1592787.3240740742,13.851851851851851,{'Idle': 13.851851851851851}
UartTxTask,98742,98744,1597935.3472222222,1597957.962962963,22.61574074074074,{'TelemetryTask': 22.61574074074074}
UartTxTask,98748,98749,1598677.0601851852,1598691.7222222222,14.662037037037036,{'Idle': 14.662037037037036}
TelemetryTask,98753,98754,1602773.2962962964,1602787.1296296297,13.833333333333334,{'Idle': 13.833333333333334}
UartTxTask,98756,98758,1607935.375,1607957.6712962964,22.296296296296298,{'TelemetryTask': 22.296296296296298}
UartTxTask,98762,98763,1608676.962962963,1608691.4907407407,14.527777777777779,{'Idle': 14.527777777777779}
TelemetryTask,98767,98768,1612773.388888889,1612787.111111111,13.722222222222221,{'Idle': 13.722222222222221}
UartTxTask,98770,98772,1617935.337962963,1617957.5648148148,22.22685185185185,{'TelemetryTask': 22.22685185185185}
UartTxTask,98776,98777,1618676.9351851852,1618691.7916666667,14.856481481481481,{'Idle': 14.856481481481481}
TelemetryTask,98781,98782,1622773.4212962964,1622787.9259259258,14.50462962962963,{'Idle': 14.50462962962963}
UartTxTask,98784,98786,1627935.7592592593,1627958.1203703703,22.36111111111111,{'TelemetryTask': 22.361111111111114}
UartTxTask,98790,98791,1628677.101851852,1628691.648148148,14.546296296296296,{'Idle': 14.546296296296296}
TelemetryTask,98795,98796,1632773.2222222222,1632787.162037037,13.939814814814815,{'Idle': 13.939814814814815}
UartTxTask,98798,98800,1637934.226851852,1637956.3148148148,22.087962962962962,{'TelemetryTask': 22.087962962962962}
UartTxTask,98804,98805,1638675.0185185184,1638689.712962963,14.694444444444445,{'Idle': 14.694444444444445}
TelemetryTask,98809,98810,1642773.1944444445,1642786.8935185184,13.699074074074074,{'Idle': 13.699074074074074}
UartTxTask,98812,98814,1647935.226851852,1647957.5972222222,22.37037037037037,{'TelemetryTask': 22.37037037037037}
UartTxTask,98818,98819,1648676.6759259258,1648691.3240740742,14.648148148148149,{'Idle': 14.648148148148149}
TelemetryTask,98823,98824,1652773.398148148,1652787.388888889,13.99074074074074,{'Idle': 13.99074074074074}
UartTxTask,98826,98828,1657935.2824074074,1657957.3287037036,22.046296296296298,{'TelemetryTask': 22.046296296296298}
UartTxTask,98832,98833,1658676.148148148,1658690.398148148,14.25,{'Idle': 14.25}
TelemetryTask,98837,98838,1662773.3472222222,1662787.4305555555,14.083333333333334,{'Idle': 14.083333333333334}
UartTxTask,98840,98842,1667934.8472222222,1667957.087962963,22.24074074074074,{'TelemetryTask': 22.24074074074074}
UartTxTask,98846,98847,1668675.7916666667,1668690.388888889,14.597222222222221,{'Idle': 14.597222222222221}
TelemetryTask,98851,98852,1672773.412037037,1672787.5,14.087962962962964,{'Idle': 14.087962962962964}
UartTxTask,98854,98856,1677935.8425925926,1677957.8935185184,22.050925925925927,{'TelemetryTask': 22.050925925925924}
UartTxTask,98860,98861,1678676.736111111,1678691.5787037036,14.842592592592593,{'Idle': 14.842592592592593}
TelemetryTask,98865,98866,1682773.4722222222,1682787.5972222222,14.125,{'Idle': 14.125}
ButtonTask,98869,98874,1684920.712962963,1688018.523148148,3097.810185185185,"{'ISR#56': 5.611111111111111, 'TelemetryTask': 3092.1990740740744}"
UartTxTask,98872,98878,1687998.0509259258,1688153.0185185184,154.96759259259258,"{'TelemetryTask': 20.47222222222222, 'ButtonTask': 134.49537037037038}"
UartTxTask,98882,98883,1688885.263888889,1688894.2777777778,9.01388888888889,{'Idle': 9.01388888888889}
UartTxTask,98888,98889,1689624.9259259258,1689634.1435185184,9.217592592592593,{'Idle': 9.217592592592593}
TelemetryTask,98893,98894,1692773.1342592593,1692787.0833333333,13.949074074074074,{'Idle': 13.949074074074074}
UartTxTask,98896,98898,1697935.3657407407,1697957.5972222222,22.23148148148148,{'TelemetryTask': 22.23148148148148}
UartTxTask,98902,98903,1698676.7222222222,1698690.9953703703,14.273148148148149,{'Idle': 14.273148148148149}
TelemetryTask,98907,98908,1702773.476851852,1702787.8287037036,14.351851851851851,{'Idle': 14.351851851851851}
UartTxTask,98910,98912,1707935.7962962964,1707957.9675925926,22.171296296296298,{'TelemetryTask': 22.171296296296298}
UartTxTask,98916,98917,1708676.5925925926,1708691.25,14.657407407407407,{'Idle': 14.657407407407407}
TelemetryTask,98921,98922,1712773.4305555555,1712787.6666666667,14.23611111111111,{'Idle': 14.23611111111111}
UartTxTask,98924,98926,1717935.6805555555,1717958.2083333333,22.52777777777778,{'TelemetryTask': 22.52777777777778}
UartTxTask,98930,98931,1718677.087962963,1718691.8101851852,14.722222222222221,{'Idle': 14.722222222222221}
TelemetryTask,98935,98936,1722773.5324074074,1722787.4907407407,13.958333333333334,{'Idle': 13.958333333333334}
UartTxTask,98938,98940,1727935.0324074074,1727957.4259259258,22.39351851851852,{'TelemetryTask': 22.39351851851852}
UartTxTask,98944,98945,1728676.3564814816,1728690.9722222222,14.61574074074074,{'Idle': 14.61574074074074}
TelemetryTask,98949,98950,1732773.4490740742,1732787.4444444445,13.99537037037037,{'Idle': 13.99537037037037}
UartTxTask,98952,98954,1737935.3194444445,1737957.763888889,22.444444444444443,{'TelemetryTask': 22.444444444444443}
UartTxTask,98958,98959,1738676.7824074074,1738691.3425925926,14.560185185185185,{'Idle': 14.560185185185185}
TelemetryTask,98963,98964,1742773.273148148,1742787.513888889,14.24074074074074,{'Idle': 14.24074074074074}
UartTxTask,98966,98968,1747935.4814814816,1747957.6574074074,22.175925925925927,{'TelemetryTask': 22.175925925925924}
UartTxTask,98972,98973,1748676.648148148,1748691.5092592593,14.86111111111111,{'Idle': 14.86111111111111}
TelemetryTask,98977,98978,1752773.3472222222,1752787.3935185184,14.046296296296296,{'Idle': 14.046296296296296}
UartTxTask,98980,98982,1757935.5787037036,1757957.5185185184,21.939814814814813,{'TelemetryTask': 21.939814814814817}
UartTxTask,98986,98987,1758675.9583333333,1758690.638888889,14.680555555555555,{'Idle': 14.680555555555555}
TelemetryTask,98991,98992,1762773.4259259258,1762787.75,14.324074074074074,{'Idle': 14.324074074074074}
UartTxTask,98994,98996,1767935.7824074074,1767958.037037037,22.25462962962963,{'TelemetryTask': 22.25462962962963}
UartTxTask,99000,99001,1768676.4675925926,1768691.4074074074,14.939814814814815,{'Idle': 14.939814814814815}
TelemetryTask,99005,99006,1772773.3564814816,1772787.3287037036,13.972222222222221,{'Idle': 13.972222222222221}
UartTxTask,99008,99010,1777935.0,1777957.0324074074,22.03240740740741,{'TelemetryTask': 22.032407407407405}
UartTxTask,99014,99015,1778675.7314814816,1778690.4953703703,14.76388888888889,{'Idle': 14.76388888888889}
TelemetryTask,99019,99020,1782773.263888889,1782787.486111111,14.222222222222221,{'Idle': 14.222222222222221}
UartTxTask,99022,99024,1787935.2962962964,1787957.3240740742,22.02777777777778,{'TelemetryTask': 22.02777777777778}
UartTxTask,99028,99029,1788676.0,1788690.7962962964,14.796296296296296,{'Idle': 14.796296296296296}
TelemetryTask,99033,99034,1792773.263888889,1792787.236111111,13.972222222222221,{'Idle': 13.972222222222221}
UartTxTask,99036,99038,1797937.3055555555,1797959.6064814816,22.300925925925927,{'TelemetryTask': 22.300925925925924}
UartTxTask,99042,99043,1798678.9305555555,1798693.5740740742,14.643518518518519,{'Idle': 14.643518518518519}
TelemetryTask,99047,99048,1802773.3009259258,1802787.0972222222,13.796296296296296,{'Idle': 13.796296296296296}
UartTxTask,99050,99052,1807934.976851852,1807957.1203703703,22.14351851851852,{'TelemetryTask': 22.14351851851852}
UartTxTask,99056,99057,1808675.4583333333,1808690.0462962964,14.587962962962964,{'Idle': 14.587962962962964}
TelemetryTask,99061,99062,1812773.4675925926,1812787.8935185184,14.425925925925926,{'Idle': 14.425925925925926}
UartTxTask,99064,99066,1817935.7222222222,1817958.3425925926,22.62037037037037,{'TelemetryTask': 22.62037037037037}
UartTxTask,99070,99071,1818677.0648148148,1818691.5462962964,14.481481481481481,{'Idle': 14.481481481481481}
TelemetryTask,99075,99076,1822773.3055555555,1822787.4351851852,14.12962962962963,{'Idle': 14.12962962962963}
UartTxTask,99078,99080,1827934.6527777778,1827957.287037037,22.63425925925926,{'TelemetryTask': 22.63425925925926}
UartTxTask,99084,99085,1828676.4166666667,1828691.2314814816,14.814814814814815,{'Idle': 14.814814814814815}
TelemetryTask,99089,99090,1832773.5,1832787.5740740742,14.074074074074074,{'Idle': 14.074074074074074}
UartTxTask,99092,99094,1837935.5787037036,1837957.962962963,22.38425925925926,{'TelemetryTask': 22.38425925925926}
UartTxTask,99098,99099,1838677.3333333333,1838691.875,14.541666666666666,{'Idle': 14.541666666666666}
TelemetryTask,99103,99104,1842773.462962963,1842787.4722222222,14.00925925925926,{'Idle': 14.00925925925926}
UartTxTask,99106,99108,1847934.3796296297,1847956.2962962964,21.916666666666668,{'TelemetryTask': 21.916666666666664}
UartTxTask,99112,99113,1848675.1574074074,1848689.8055555555,14.648148148148149,{'Idle': 14.648148148148149}
TelemetryTask,99117,99118,1852773.476851852,1852787.4814814816,14.00462962962963,{'Idle': 14.00462962962963}
UartTxTask,99120,99122,1857934.625,1857956.2546296297,21.62962962962963,{'TelemetryTask': 21.62962962962963}
UartTxTask,99126,99127,1858675.3240740742,1858689.9675925926,14.643518518518519,{'Idle': 14.643518518518519}
TelemetryTask,99131,99132,1862773.3657407407,1862787.1944444445,13.828703703703704,{'Idle': 13.828703703703704}
UartTxTask,99134,99136,1867934.986111111,1867957.287037037,22.300925925925927,{'TelemetryTask': 22.300925925925924}
UartTxTask,99140,99141,1868675.976851852,1868690.8425925926,14.86574074074074,{'Idle': 14.86574074074074}
TelemetryTask,99145,99146,1872773.5092592593,1872787.736111111,14.226851851851851,{'Idle': 14.226851851851851}
UartTxTask,99148,99150,1877935.462962963,1877957.837962963,22.375,{'TelemetryTask': 22.375}
UartTxTask,99154,99155,1878676.9537037036,1878692.1296296297,15.175925925925926,{'Idle': 15.175925925925926}
TelemetryTask,99159,99160,1882773.2222222222,1882787.3101851852,14.087962962962964,{'Idle': 14.087962962962964}
UartTxTask,99162,99164,1887935.273148148,1887957.263888889,21.99074074074074,{'TelemetryTask': 21.99074074074074}
UartTxTask,99168,99169,1888675.9583333333,1888690.6944444445,14.73611111111111,{'Idle': 14.73611111111111}
TelemetryTask,99173,99174,1892773.476851852,1892787.6342592593,14.157407407407407,{'Idle': 14.157407407407407}
UartTxTask,99176,99178,1897934.4722222222,1897956.5046296297,22.03240740740741,{'TelemetryTask': 22.032407407407405}
UartTxTask,99182,99183,1898675.0509259258,1898689.726851852,14.675925925925926,{'Idle': 14.675925925925926}
TelemetryTask,99187,99188,1902773.537037037,1902787.4259259258,13.88888888888889,{'Idle': 13.88888888888889}
UartTxTask,99190,99192,1907935.5462962964,1907957.3842592593,21.837962962962962,{'TelemetryTask': 21.837962962962962}
UartTxTask,99196,99197,1908676.9074074074,1908691.7592592593,14.851851851851851,{'Idle': 14.851851851851851}
TelemetryTask,99201,99202,1912773.4259259258,1912787.6944444445,14.268518518518519,{'Idle': 14.268518518518519}
UartTxTask,99204,99206,1917935.648148148,1917957.5509259258,21.90277777777778,{'TelemetryTask': 21.90277777777778}
UartTxTask,99210,99211,1918676.6759259258,1918691.2407407407,14.564814814814815,{'Idle': 14.564814814814815}
TelemetryTask,99215,99216,1922773.4398148148,1922787.486111111,14.046296296296296,{'Idle': 14.046296296296296}
UartTxTask,99218,99220,1927935.662037037,1927957.6666666667,22.00462962962963,{'TelemetryTask': 22.004629629629626}
UartTxTask,99224,99225,1928676.5601851852,1928691.4814814816,14.921296296296296,{'Idle': 14.921296296296296}
TelemetryTask,99229,99230,1932773.1944444445,1932787.5046296297,14.310185185185185,{'Idle': 14.310185185185185}
UartTxTask,99232,99234,1937935.8055555555,1937957.9351851852,22.12962962962963,{'TelemetryTask': 22.12962962962963}
UartTxTask,99238,99239,1938676.9537037036,1938691.8564814816,14.902777777777779,{'Idle': 14.902777777777779}
TelemetryTask,99243,99244,1942773.4814814816,1942787.5648148148,14.083333333333334,{'Idle': 14.083333333333334}
UartTxTask,99246,99248,1947935.875,1947957.9398148148,22.064814814814813,{'TelemetryTask': 22.064814814814817}
UartTxTask,99252,99253,1948676.9166666667,1948691.648148148,14.731481481481481,{'Idle': 14.731481481481481}
TelemetryTask,99257,99258,1952773.4444444445,1952787.8009259258,14.356481481481481,{'Idle': 14.356481481481481}
UartTxTask,99260,99262,1957935.5694444445,1957957.1851851852,21.61574074074074,{'TelemetryTask': 21.61574074074074}
UartTxTask,99266,99267,1958676.273148148,1958691.1574074074,14.88425925925926,{'Idle': 14.88425925925926}
TelemetryTask,99271,99272,1962773.3564814816,1962787.3935185184,14.037037037037036,{'Idle': 14.037037037037036}
UartTxTask,99274,99276,1967935.1064814816,1967957.0833333333,21.97685185185185,{'TelemetryTask': 21.97685185185185}
UartTxTask,99280,99281,1968675.8657407407,1968690.5925925926,14.726851851851851,{'Idle': 14.726851851851851}
TelemetryTask,99285,99286,1972773.4351851852,1972787.587962963,14.152777777777779,{'Idle': 14.152777777777779}
UartTxTask,99288,99290,1977935.7453703703,1977958.462962963,22.71759259259259,{'TelemetryTask': 22.717592592592595}
UartTxTask,99294,99295,1978677.1157407407,1978691.8333333333,14.717592592592593,{'Idle': 14.717592592592593}
TelemetryTask,99299,99300,1982773.4259259258,1982787.6527777778,14.226851851851851,{'Idle': 14.226851851851851}
UartTxTask,99302,99304,1987935.3333333333,1987957.6435185184,22.310185185185187,{'TelemetryTask': 22.310185185185183}
UartTxTask,99308,99309,1988676.8703703703,1988691.5046296297,14.63425925925926,{'Idle': 14.63425925925926}
TelemetryTask,99313,99314,1992773.3055555555,1992787.4305555555,14.125,{'Idle': 14.125}
UartTxTask,99316,99318,1997934.75,1997956.7592592593,22.00925925925926,{'TelemetryTask': 22.00925925925926}
UartTxTask,99322,99323,1998675.5092592593,1998689.9675925926,14.458333333333334,{'Idle': 14.458333333333334}
TelemetryTask,99327,99328,2002773.3425925926,2002787.6898148148,14.347222222222221,{'Idle': 14.347222222222221}
UartTxTask,99330,99332,2007935.8055555555,2007957.9907407407,22.185185185185187,{'TelemetryTask': 22.185185185185183}
UartTxTask,99336,99337,2008676.587962963,2008691.4398148148,14.851851851851851,{'Idle': 14.851851851851851}
TelemetryTask,99341,99342,2012773.4074074074,2012787.6805555555,14.273148148148149,{'Idle': 14.273148148148149}
UartTxTask,99344,99346,2017935.1851851852,2017957.2592592593,22.074074074074073,{'TelemetryTask': 22.074074074074076}
UartTxTask,99350,99351,2018675.6435185184,2018690.3425925926,14.699074074074074,{'Idle': 14.699074074074074}
TelemetryTask,99355,99356,2022773.3842592593,2022787.486111111,14.101851851851851,{'Idle': 14.101851851851851}
UartTxTask,99358,99360,2027935.5555555555,2027957.1435185184,21.587962962962962,{'TelemetryTask': 21.587962962962962}
UartTxTask,99364,99365,2028676.1435185184,2028690.8333333333,14.689814814814815,{'Idle': 14.689814814814815}
TelemetryTask,99369,99370,2032773.361111111,2032787.5694444445,14.208333333333334,{'Idle': 14.208333333333334}
UartTxTask,99372,99374,2037936.1203703703,2037958.3240740742,22.203703703703702,{'TelemetryTask': 22.203703703703702}
UartTxTask,99378,99379,2038677.2083333333,2038691.9027777778,14.694444444444445,{'Idle': 14.694444444444445}
TelemetryTask,99383,99384,2042773.3935185184,2042787.4583333333,14.064814814814815,{'Idle': 14.064814814814815}
UartTxTask,99386,99388,2047935.2824074074,2047957.6666666667,22.38425925925926,{'TelemetryTask': 22.38425925925926}
UartTxTask,99392,99393,2048676.7916666667,2048691.4722222222,14.680555555555555,{'Idle': 14.680555555555555}
TelemetryTask,99397,99398,2052773.3101851852,2052787.8240740742,14.51388888888889,{'Idle': 14.51388888888889}
UartTxTask,99400,99402,2057935.638888889,2057958.1435185184,22.50462962962963,{'TelemetryTask': 22.50462962962963}
UartTxTask,99406,99407,2058677.125,2058691.8009259258,14.675925925925926,{'Idle': 14.675925925925926}
TelemetryTask,99411,99412,2062773.4722222222,2062787.5694444445,14.097222222222221,{'Idle': 14.097222222222221}
UartTxTask,99414,99416,2067935.587962963,2067957.513888889,21.925925925925927,{'TelemetryTask': 21.925925925925924}
UartTxTask,99420,99421,2068675.8425925926,2068690.3333333333,14.49074074074074,{'Idle': 14.49074074074074}
TelemetryTask,99425,99426,2072773.3148148148,2072787.5,14.185185185185185,{'Idle': 14.185185185185185}
UartTxTask,99428,99430,2077934.8472222222,2077956.8240740742,21.97685185185185,{'TelemetryTask': 21.976851851851855}
UartTxTask,99434,99435,2078675.976851852,2078690.601851852,14.625,{'Idle': 14.625}
TelemetryTask,99439,99440,2082773.4953703703,2082787.537037037,14.041666666666666,{'Idle': 14.041666666666666}
UartTxTask,99442,99444,2087934.8194444445,2087956.912037037,22.09259259259259,{'TelemetryTask': 22.092592592592595}
UartTxTask,99448,99449,2088675.712962963,2088690.4537037036,14.74074074074074,{'Idle': 14.74074074074074}
TelemetryTask,99453,99454,2092773.3472222222,2092786.9398148148,13.592592592592593,{'Idle': 13.592592592592593}
UartTxTask,99456,99458,2097935.046296296,2097956.8981481483,21.85185185185185,"{'TelemetryTask': 21.851851851851855, 'UartTxTask': 2.759474295156973e-10}"
UartTxTask,99462,99463,2098675.662037037,2098690.3981481483,14.73611111111111,"{'Idle': 14.736111111387059, 'UartTxTask': 2.759474295156973e-10}"
TelemetryTask,99467,99468,2102773.337962963,2102787.4953703703,14.157407407407407,{'Idle': 14.15740740713146}
UartTxTask,99470,99472,2107935.060185185,2107957.157407407,22.09722222222222,{'TelemetryTask': 22.097222221946275}
UartTxTask,99476,99477,2108675.9768518517,2108690.532407407,14.555555555555555,{'Idle': 14.555555555555557}
TelemetryTask,99481,99482,2112773.375,2112787.310185185,13.935185185185185,{'Idle': 13.935185185185185}
UartTxTask,99484,99486,2117935.111111111,2117957.097222222,21.98611111111111,{'TelemetryTask': 21.986111110835164}
UartTxTask,99490,99491,2118676.0416666665,2118690.8194444445,14.777777777777779,{'Idle': 14.777777778053727}
TelemetryTask,99495,99496,2122773.439814815,2122787.2685185187,13.828703703703704,{'Idle': 13.828703703703704}
UartTxTask,99498,99500,2127935.3703703703,2127957.1018518517,21.73148148148148,{'TelemetryTask': 21.731481481205535}
UartTxTask,99504,99505,2128675.722222222,2128690.513888889,14.791666666666666,{'Idle': 14.791666666942614}
TelemetryTask,99509,99510,2132773.324074074,2132787.2546296297,13.930555555555555,{'Idle': 13.930555555555555}
UartTxTask,99512,99514,2137935.462962963,2137957.6342592593,22.171296296296298,{'TelemetryTask': 22.17129629602035}
UartTxTask,99518,99519,2138676.4953703703,2138691.2546296297,14.75925925925926,{'Idle': 14.75925925925926}
TelemetryTask,99523,99524,2142773.347222222,2142787.5092592593,14.162037037037036,{'Idle': 14.162037037312984}
UartTxTask,99526,99528,2147935.5046296297,2147957.699074074,22.194444444444443,{'TelemetryTask': 22.194444444444443}
UartTxTask,99532,99533,2148676.662037037,2148691.287037037,14.625,{'Idle': 14.625}
TelemetryTask,99537,99538,2152773.449074074,2152787.5046296297,14.055555555555555,{'Idle': 14.055555555555555}
UartTxTask,99540,99542,2157934.4953703703,2157956.9768518517,22.48148148148148,{'TelemetryTask': 22.481481481205535}
UartTxTask,99546,99547,2158675.6018518517,2158690.2592592593,14.657407407407407,{'Idle': 14.657407407683355}
TelemetryTask,99551,99552,2162773.453703704,2162787.5185185187,14.064814814814815,{'Idle': 14.064814814814815}
UartTxTask,99554,99556,2167935.3333333335,2167957.6481481483,22.314814814814813,"{'TelemetryTask': 22.31481481453887, 'UartTxTask': 2.759474295156973e-10}"
UartTxTask,99560,99561,2168676.402777778,2168691.138888889,14.73611111111111,{'Idle': 14.736111110835164}
TelemetryTask,99565,99566,2172773.1203703703,2172787.0833333335,13.962962962962964,"{'Idle': 13.962962962962964, 'TelemetryTask': 2.759474295156973e-10}"
UartTxTask,99568,99570,2177935.236111111,2177957.703703704,22.46759259259259,{'TelemetryTask': 22.46759259259259}
UartTxTask,99574,99575,2178676.592592593,2178691.157407407,14.564814814814815,{'Idle': 14.56481481426292}
TelemetryTask,99579,99580,2182773.4166666665,2182787.532407407,14.11574074074074,{'Idle': 14.115740740740742}
UartTxTask,99582,99584,2187934.9444444445,2187957.064814815,22.12037037037037,{'TelemetryTask': 22.12037037037037}
UartTxTask,99588,99589,2188675.7916666665,2188690.6805555555,14.88888888888889,{'Idle': 14.888888889164837}
TelemetryTask,99593,99594,2192773.462962963,2192787.453703704,13.99074074074074,{'Idle': 13.990740740464794}
UartTxTask,99596,99598,2197934.949074074,2197957.0833333335,22.13425925925926,"{'TelemetryTask': 22.13425925925926, 'UartTxTask': 2.759474295156973e-10}"
UartTxTask,99602,99603,2198676.2268518517,2198690.828703704,14.601851851851851,{'Idle': 14.6018518521278}
TelemetryTask,99607,99608,2202773.3333333335,2202787.3194444445,13.98611111111111,{'Idle': 13.986111110835164}
UartTxTask,99610,99612,2207934.7731481483,2207957.1666666665,22.39351851851852,{'TelemetryTask': 22.393518517966623}
UartTxTask,99616,99617,2208676.347222222,2208691.1666666665,14.819444444444445,{'Idle': 14.819444444444445}
TelemetryTask,99621,99622,2212773.361111111,2212787.2546296297,13.893518518518519,{'Idle': 13.893518518518519}
UartTxTask,99624,99626,2217935.532407407,2217957.7453703703,22.212962962962962,{'TelemetryTask': 22.212962963238912}
UartTxTask,99630,99631,2218676.342592593,2218690.7453703703,14.402777777777779,{'Idle': 14.40277777750183}
TelemetryTask,99635,99636,2222773.337962963,2222787.342592593,14.00462962962963,"{'Idle': 14.004629629353682, 'TelemetryTask': 2.759474295156973e-10}"
UartTxTask,99638,99640,2227934.5092592593,2227956.8796296297,22.37037037037037,{'TelemetryTask': 22.37037037037037}
UartTxTask,99644,99645,2228675.2731481483,2228690.060185185,14.787037037037036,{'Idle': 14.78703703676109}
TelemetryTask,99649,99650,2232773.412037037,2232787.638888889,14.226851851851851,{'Idle': 14.2268518521278}
UartTxTask,99652,99654,2237935.6805555555,2237958.0046296297,22.324074074074073,{'TelemetryTask': 22.324074074074076}
UartTxTask,99658,99659,2238677.342592593,2238692.3657407407,15.023148148148149,{'Idle': 15.0231481478722}
TelemetryTask,99663,99664,2242773.564814815,2242787.3657407407,13.800925925925926,{'Idle': 13.800925925925926}
UartTxTask,99666,99668,2247934.824074074,2247956.9814814813,22.15740740740741,{'TelemetryTask': 22.15740740740741}
UartTxTask,99672,99673,2248675.75,2248690.597222222,14.847222222222221,{'Idle': 14.847222221946275}
TelemetryTask,99677,99678,2252773.2916666665,2252787.337962963,14.046296296296296,"{'Idle': 14.046296296572244, 'TelemetryTask': 2.759474295156973e-10}"
UartTxTask,99680,99682,2257935.564814815,2257957.402777778,21.837962962962962,"{'TelemetryTask': 21.837962962962962, 'UartTxTask': 2.759474295156973e-10}"
UartTxTask,99686,99687,2258676.8518518517,2258692.967592593,16.11574074074074,"{'Idle': 16.115740741016687, 'UartTxTask': 2.759474295156973e-10}"
TelemetryTask,99691,99692,2262773.4583333335,2262787.412037037,13.953703703703704,{'Idle': 13.95370370315181}
UartTxTask,99694,99696,2267935.8842592593,2267957.912037037,22.02777777777778,{'TelemetryTask': 22.02777777750183}
UartTxTask,99700,99701,2268677.1018518517,2268691.8333333335,14.731481481481481,"{'Idle': 14.731481481757429, 'UartTxTask': 2.759474295156973e-10}"
TelemetryTask,99705,99706,2272773.337962963,2272787.217592593,13.87962962962963,"{'Idle': 13.879629629353682, 'TelemetryTask': 2.759474295156973e-10}"
UartTxTask,99708,99710,2277934.907407407,2277957.0092592593,22.10185185185185,{'TelemetryTask': 22.1018518521278}
UartTxTask,99714,99715,2278675.3842592593,2278689.842592593,14.458333333333334,"{'Idle': 14.458333333333334, 'UartTxTask': 2.759474295156973e-10}"
TelemetryTask,99719,99720,2282773.3657407407,2282787.824074074,14.458333333333334,{'Idle': 14.458333333333334}
UartTxTask,99722,99724,2287936.1018518517,2287958.467592593,22.36574074074074,"{'TelemetryTask': 22.365740741016687, 'UartTxTask': 2.759474295156973e-10}"
UartTxTask,99728,99729,2288677.1203703703,2288691.662037037,14.541666666666666,{'Idle': 14.54166666639072}
TelemetryTask,99733,99734,2292773.3194444445,2292787.4305555555,14.11111111111111,{'Idle': 14.11111111111111}
UartTxTask,99736,99738,2297934.712962963,2297956.685185185,21.97222222222222,{'TelemetryTask': 21.972222221946275}
UartTxTask,99742,99743,2298675.9444444445,2298690.652777778,14.708333333333334,"{'Idle': 14.708333333333334, 'UartTxTask': 2.759474295156973e-10}"
TelemetryTask,99747,99748,2302773.361111111,2302787.425925926,14.064814814814815,{'Idle': 14.064814814814815}
UartTxTask,99750,99752,2307935.3657407407,2307957.8703703703,22.50462962962963,{'TelemetryTask': 22.50462962962963}
UartTxTask,99756,99757,2308676.1064814813,2308691.032407407,14.925925925925926,{'Idle': 14.92592592564998}
TelemetryTask,99761,99762,2312773.4305555555,2312787.328703704,13.898148148148149,{'Idle': 13.898148148148149}
UartTxTask,99764,99766,2317935.722222222,2317957.787037037,22.064814814814813,{'TelemetryTask': 22.064814814814817}
UartTxTask,99770,99771,2318676.5694444445,2318691.171296296,14.601851851851851,{'Idle': 14.601851851851851}
TelemetryTask,99775,99776,2322773.439814815,2322787.175925926,13.73611111111111,{'Idle': 13.73611111111111}
UartTxTask,99778,99780,2327934.564814815,2327956.8518518517,22.287037037037038,{'TelemetryTask': 22.28703703676109}
UartTxTask,99784,99785,2328675.578703704,2328690.3194444445,14.74074074074074,{'Idle': 14.74074074074074}
TelemetryTask,99789,99790,2332773.1805555555,2332787.4814814813,14.300925925925926,{'Idle': 14.300925925925926}
UartTxTask,99792,99794,2337935.587962963,2337957.75,22.162037037037038,{'TelemetryTask': 22.16203703676109}
UartTxTask,99798,99799,2338677.1435185187,2338691.6666666665,14.523148148148149,{'Idle': 14.5231481478722}
TelemetryTask,99803,99804,2342773.402777778,2342787.212962963,13.810185185185185,"{'Idle': 13.810185184909237, 'TelemetryTask': 2.759474295156973e-10}"
UartTxTask,99806,99808,2347935.532407407,2347958.171296296,22.63888888888889,{'TelemetryTask': 22.63888888916484}
UartTxTask,99812,99813,2348677.064814815,2348691.847222222,14.782407407407407,{'Idle': 14.78240740713146}
TelemetryTask,99817,99818,2352773.157407407,2352787.3796296297,14.222222222222221,{'Idle': 14.22222222249817}
UartTxTask,99820,99822,2357935.8796296297,2357957.842592593,21.962962962962962,"{'TelemetryTask': 21.962962962962962, 'UartTxTask': 2.759474295156973e-10}"
UartTxTask,99826,99827,2358677.1342592593,2358691.967592593,14.833333333333334,"{'Idle': 14.833333333333334, 'UartTxTask': 2.759474295156973e-10}"
TelemetryTask,99831,99832,2362773.3796296297,2362787.486111111,14.106481481481481,{'Idle': 14.106481481481481}
UartTxTask,99834,99836,2367935.0092592593,2367957.0694444445,22.060185185185187,{'TelemetryTask': 22.060185185185183}
UartTxTask,99840,99841,2368675.9583333335,2368690.7546296297,14.796296296296296,{'Idle': 14.79629629602035}
TelemetryTask,99845,99846,2372773.263888889,2372787.592592593,14.328703703703704,"{'Idle': 14.328703703703704, 'TelemetryTask': 2.759474295156973e-10}"
UartTxTask,99848,99850,2377935.3518518517,2377957.2685185187,21.916666666666668,{'TelemetryTask': 21.916666666942618}
UartTxTask,99854,99855,2378676.2083333335,2378690.8333333335,14.625,"{'Idle': 14.624999999724052, 'UartTxTask': 2.759474295156973e-10}"
TelemetryTask,99859,99860,2382773.467592593,2382787.375,13.907407407407407,{'Idle': 13.90740740713146}
UartTxTask,99862,99864,2387933.7314814813,2387956.171296296,22.439814814814813,{'TelemetryTask': 22.439814814814817}
UartTxTask,99868,99869,2388674.875,2388689.782407407,14.907407407407407,{'Idle': 14.90740740713146}
TelemetryTask,99873,99874,2392773.5231481483,2392787.7083333335,14.185185185185185,"{'Idle': 14.185185184909237, 'TelemetryTask': 2.759474295156973e-10}"
UartTxTask,99876,99878,2397936.310185185,2397958.0416666665,21.73148148148148,{'TelemetryTask': 21.731481481205535}
UartTxTask,99882,99883,2398676.7268518517,2398691.435185185,14.708333333333334,{'Idle': 14.708333333609282}
TelemetryTask,99887,99888,2402773.3518518517,2402786.972222222,13.62037037037037,{'Idle': 13.62037037037037}
UartTxTask,99890,99892,2407934.7685185187,2407956.685185185,21.916666666666668,{'TelemetryTask': 21.916666666666664}
UartTxTask,99896,99897,2408675.722222222,2408690.439814815,14.717592592592593,{'Idle': 14.717592592868542}
TelemetryTask,99901,99902,2412773.4768518517,2412787.810185185,14.333333333333334,{'Idle': 14.333333333609282}
UartTxTask,99904,99906,2417935.8981481483,2417957.9768518517,22.078703703703702,{'TelemetryTask': 22.07870370315181}
UartTxTask,99910,99911,2418676.782407407,2418691.300925926,14.518518518518519,{'Idle': 14.518518518794467}
TelemetryTask,99915,99916,2422773.3194444445,2422787.277777778,13.958333333333334,"{'Idle': 13.958333333333334, 'TelemetryTask': 2.759474295156973e-10}"
UartTxTask,99918,99920,2427935.2268518517,2427957.3935185187,22.166666666666668,{'TelemetryTask': 22.166666666942614}
UartTxTask,99924,99925,2428675.8518518517,2428690.6018518517,14.75,{'Idle': 14.75}
TelemetryTask,99929,99930,2432773.597222222,2432787.777777778,14.180555555555555,"{'Idle': 14.180555555831504, 'TelemetryTask': 2.759474295156973e-10}"
UartTxTask,99932,99934,2437935.8194444445,2437957.972222222,22.15277777777778,{'TelemetryTask': 22.152777777501832}
ButtonTask,99940,99942,2438183.2685185187,2438195.7731481483,12.50462962962963,"{'ISR#56': 5.912037037037037, 'Scheduler': 6.592592592592593, 'ButtonTask': 2.759474295156973e-10}"
UartTxTask,99947,99948,2438676.4907407407,2438685.3657407407,8.875,{'Idle': 8.875}
UartTxTask,99953,99954,2439415.4953703703,2439424.402777778,8.907407407407407,"{'Idle': 8.907407407407407, 'UartTxTask': 2.759474295156973e-10}"
TelemetryTask,99958,99959,2442773.439814815,2442787.402777778,13.962962962962964,"{'Idle': 13.962962962962964, 'TelemetryTask': 2.759474295156973e-10}"
UartTxTask,99961,99963,2447935.3518518517,2447957.4444444445,22.09259259259259,{'TelemetryTask': 22.09259259286854}
UartTxTask,99967,99968,2448676.1064814813,2448691.3657407407,15.25925925925926,{'Idle': 15.25925925925926}
TelemetryTask,99972,99973,2452773.5231481483,2452787.685185185,14.162037037037036,{'Idle': 14.16203703676109}
UartTxTask,99975,99977,2457935.2685185187,2457957.3935185187,22.125,{'TelemetryTask': 22.125}
UartTxTask,99981,99982,2458675.8657407407,2458690.453703704,14.587962962962964,{'Idle': 14.587962962962964}
TelemetryTask,99986,99987,2462773.375,2462787.425925926,14.050925925925926,{'Idle': 14.050925925925926}
UartTxTask,99989,99991,2467935.203703704,2467957.1666666665,21.962962962962962,{'TelemetryTask': 21.962962962687016}
UartTxTask,99995,99996,2468675.967592593,2468690.7592592593,14.791666666666666,{'Idle': 14.79166666639072}
TelemetryTask,100000,100001,2472773.4814814813,2472787.7731481483,14.291666666666666,"{'Idle': 14.291666666666666, 'TelemetryTask': 2.759474295156973e-10}"
UartTxTask,100003,100005,2477936.6157407407,2477958.388888889,21.77314814814815,{'TelemetryTask': 21.77314814814815}
UartTxTask,100009,100010,2478677.199074074,2478692.324074074,15.125,{'Idle': 15.125}
TelemetryTask,100014,100015,2482773.236111111,2482787.314814815,14.078703703703704,{'Idle': 14.078703703703704}
UartTxTask,100017,100019,2487935.2685185187,2487957.7592592593,22.49074074074074,{'TelemetryTask': 22.49074074074074}
UartTxTask,100023,100024,2488676.6481481483,2488691.361111111,14.712962962962964,{'Idle': 14.712962962962964}
TelemetryTask,100028,100029,2492773.388888889,2492787.337962963,13.949074074074074,{'Idle': 13.949074074074074}
UartTxTask,100031,100033,2497935.0833333335,2497956.9907407407,21.90740740740741,{'TelemetryTask': 21.907407407407405}
UartTxTask,100037,100038,2498676.1064814813,2498691.027777778,14.921296296296296,{'Idle': 14.921296296296296}
TelemetryTask,100042,100043,2502773.388888889,2502787.550925926,14.162037037037036,{'Idle': 14.162037037037036}
UartTxTask,100045,100047,2507935.337962963,2507957.4583333335,22.12037037037037,{'TelemetryTask': 22.12037037037037}
UartTxTask,100051,100052,2508676.5231481483,2508691.3194444445,14.796296296296296,{'Idle': 14.796296296296296}
TelemetryTask,100056,100057,2512773.412037037,2512787.421296296,14.00925925925926,{'Idle': 14.00925925925926}
UartTxTask,100059,100061,2517934.6064814813,2517957.1666666665,22.560185185185187,{'TelemetryTask': 22.560185185185183}
UartTxTask,100065,100066,2518676.337962963,2518691.078703704,14.74074074074074,{'Idle': 14.74074074074074}
TelemetryTask,100070,100071,2522773.402777778,2522787.337962963,13.935185185185185,{'Idle': 13.935185185185185}
UartTxTask,100073,100075,2527935.1944444445,2527957.1666666665,21.97222222222222,{'TelemetryTask': 21.97222222222222}
UartTxTask,100079,100080,2528676.157407407,2528691.032407407,14.875,{'Idle': 14.875}
TelemetryTask,100084,100085,2532773.527777778,2532787.7916666665,14.26388888888889,{'Idle': 14.26388888888889}
UartTxTask,100087,100089,2537935.5185185187,2537957.875,22.35648148148148,{'TelemetryTask': 22.35648148148148}
UartTxTask,100093,100094,2538676.875,2538691.875,15.0,{'Idle': 15.0}
TelemetryTask,100098,100099,2542773.3055555555,2542786.9953703703,13.689814814814815,{'Idle': 13.689814814814815}
UartTxTask,100101,100103,2547933.0833333335,2547955.060185185,21.97685185185185,{'TelemetryTask': 21.976851851851855}
UartTxTask,100107,100108,2548673.828703704,2548688.375,14.546296296296296,{'Idle': 14.546296296296296}
TelemetryTask,100112,100113,2552773.4768518517,2552787.625,14.148148148148149,{'Idle': 14.148148148148149}
UartTxTask,100115,100117,2557934.361111111,2557956.5833333335,22.22222222222222,{'TelemetryTask': 22.22222222222222}
UartTxTask,100121,100122,2558675.171296296,2558690.050925926,14.87962962962963,{'Idle': 14.87962962962963}
TelemetryTask,100126,100127,2562773.3935185187,2562787.703703704,14.310185185185185,{'Idle': 14.310185185185185}
UartTxTask,100129,100131,2567936.111111111,2567958.4953703703,22.38425925925926,{'TelemetryTask': 22.38425925925926}
UartTxTask,100135,100136,2568677.574074074,2568692.282407407,14.708333333333334,{'Idle': 14.708333333333334}
TelemetryTask,100140,100141,2572773.421296296,2572787.203703704,13.782407407407407,{'Idle': 13.782407407407407}
UartTxTask,100143,100145,2577935.3981481483,2577957.527777778,22.12962962962963,{'TelemetryTask': 22.12962962962963}
UartTxTask,100149,100150,2578676.592592593,2578691.2407407407,14.648148148148149,{'Idle': 14.648148148148149}
TelemetryTask,100154,100155,2582773.4953703703,2582787.75,14.25462962962963,{'Idle': 14.25462962962963}
UartTxTask,100157,100159,2587936.0046296297,2587958.388888889,22.38425925925926,{'TelemetryTask': 22.38425925925926}
UartTxTask,100163,100164,2588676.8842592593,2588691.361111111,14.476851851851851,{'Idle': 14.476851851851851}
TelemetryTask,100168,100169,2592773.3055555555,2592787.337962963,14.032407407407407,{'Idle': 14.032407407407407}
UartTxTask,100171,100173,2597937.5833333335,2597959.462962963,21.87962962962963,{'TelemetryTask': 21.87962962962963}
UartTxTask,100177,100178,2598678.013888889,2598692.449074074,14.435185185185185,{'Idle': 14.435185185185185}
TelemetryTask,100182,100183,2602773.1944444445,2602787.2685185187,14.074074074074074,{'Idle': 14.074074074074074}
UartTxTask,100185,100187,2607934.939814815,2607957.342592593,22.40277777777778,{'TelemetryTask': 22.40277777777778}
UartTxTask,100191,100192,2608676.625,2608691.4768518517,14.851851851851851,{'Idle': 14.851851851851851}
TelemetryTask,100196,100197,2612773.486111111,2612787.685185185,14.199074074074074,{'Idle': 14.199074074074074}
UartTxTask,100199,100201,2617936.0092592593,2617957.9583333335,21.949074074074073,{'TelemetryTask': 21.949074074074076}
UartTxTask,100205,100206,2618676.9953703703,2618691.736111111,14.74074074074074,{'Idle': 14.74074074074074}
TelemetryTask,100210,100211,2622773.310185185,2622787.439814815,14.12962962962963,{'Idle': 14.12962962962963}
UartTxTask,100213,100215,2627934.787037037,2627956.9583333335,22.171296296296298,{'TelemetryTask': 22.171296296296298}
UartTxTask,100219,100220,2628675.685185185,2628690.513888889,14.828703703703704,{'Idle': 14.828703703703704}
TelemetryTask,100224,100225,2632773.3935185187,2632787.7685185187,14.375,{'Idle': 14.375}
UartTxTask,100227,100229,2637935.421296296,2637957.685185185,22.26388888888889,{'TelemetryTask': 22.26388888888889}
UartTxTask,100233,100234,2638676.574074074,2638691.527777778,14.953703703703704,{'Idle': 14.953703703703704}
TelemetryTask,100238,100239,2642773.550925926,2642787.685185185,14.13425925925926,{'Idle': 14.13425925925926}
UartTxTask,100241,100243,2647935.527777778,2647957.472222222,21.944444444444443,{'TelemetryTask': 21.944444444444443}
UartTxTask,100247,100248,2648675.875,2648690.712962963,14.837962962962964,{'Idle': 14.837962962962964}
TelemetryTask,100252,100253,2652773.3796296297,2652787.199074074,13.819444444444445,{'Idle': 13.819444444444445}
UartTxTask,100255,100257,2657935.675925926,2657957.9907407407,22.314814814814813,{'TelemetryTask': 22.314814814814817}
UartTxTask,100261,100262,2658676.6157407407,2658691.1435185187,14.527777777777779,{'Idle': 14.527777777777779}
TelemetryTask,100266,100267,2662773.347222222,2662787.199074074,13.851851851851851,{'Idle': 13.851851851851851}
UartTxTask,100269,100271,2667934.4166666665,2667956.5185185187,22.10185185185185,{'TelemetryTask': 22.101851851851855}
UartTxTask,100275,100276,2668675.6342592593,2668690.328703704,14.694444444444445,{'Idle': 14.694444444444445}
TelemetryTask,100280,100281,2672773.1435185187,2672787.425925926,14.282407407407407,{'Idle': 14.282407407407407}
UartTxTask,100283,100285,2677935.5185185187,2677957.578703704,22.060185185185187,{'TelemetryTask': 22.060185185185183}
UartTxTask,100289,100290,2678676.236111111,2678690.662037037,14.425925925925926,{'Idle': 14.425925925925926}
TelemetryTask,100294,100295,2682773.2916666665,2682787.189814815,13.898148148148149,{'Idle': 13.898148148148149}
UartTxTask,100297,100299,2687935.564814815,2687956.9907407407,21.425925925925927,{'TelemetryTask': 21.425925925925924}
UartTxTask,100303,100304,2688675.902777778,2688690.907407407,15.00462962962963,{'Idle': 15.00462962962963}
TelemetryTask,100308,100309,2692773.375,2692787.4814814813,14.106481481481481,{'Idle': 14.106481481481481}
UartTxTask,100311,100313,2697934.388888889,2697956.435185185,22.046296296296298,{'TelemetryTask': 22.046296296296298}
UartTxTask,100317,100318,2698675.1435185187,2698689.722222222,14.578703703703704,{'Idle': 14.578703703703704}
TelemetryTask,100322,100323,2702773.347222222,2702787.152777778,13.805555555555555,{'Idle': 13.805555555555555}
UartTxTask,100325,100327,2707934.847222222,2707956.8796296297,22.03240740740741,{'TelemetryTask': 22.03240740740741}
UartTxTask,100331,100332,2708675.722222222,2708690.6805555555,14.958333333333334,{'Idle': 14.958333333333334}
TelemetryTask,100336,100337,2712773.3564814813,2712787.347222222,13.99074074074074,{'Idle': 13.99074074074074}
UartTxTask,100339,100341,2717934.6018518517,2717956.3564814813,21.75462962962963,{'TelemetryTask': 21.75462962962963}
UartTxTask,100345,100346,2718675.4814814813,2718690.435185185,14.953703703703704,{'Idle': 14.953703703703704}
TelemetryTask,100350,100351,2722773.4305555555,2722787.324074074,13.893518518518519,{'Idle': 13.893518518518519}
UartTxTask,100353,100355,2727935.4583333335,2727957.7407407407,22.28240740740741,{'TelemetryTask': 22.28240740740741}
UartTxTask,100359,100360,2728676.625,2728691.0555555555,14.430555555555555,{'Idle': 14.430555555555555}
TelemetryTask,100364,100365,2732773.314814815,2732787.5694444445,14.25462962962963,{'Idle': 14.25462962962963}
UartTxTask,100367,100369,2737935.560185185,2737958.1435185187,22.583333333333332,{'TelemetryTask': 22.583333333333336}
UartTxTask,100373,100374,2738677.157407407,2738692.046296296,14.88888888888889,{'Idle': 14.88888888888889}
TelemetryTask,100378,100379,2742773.388888889,2742787.875,14.48611111111111,{'Idle': 14.48611111111111}
UartTxTask,100381,100383,2747935.560185185,2747958.0416666665,22.48148148148148,{'TelemetryTask': 22.48148148148148}
UartTxTask,100387,100388,2748676.939814815,2748691.625,14.685185185185185,{'Idle': 14.685185185185185}
TelemetryTask,100392,100393,2752773.263888889,2752787.032407407,13.768518518518519,{'Idle': 13.768518518518519}
UartTxTask,100395,100397,2757935.277777778,2757957.787037037,22.50925925925926,{'TelemetryTask': 22.50925925925926}
UartTxTask,100401,100402,2758676.560185185,2758691.0833333335,14.523148148148149,{'Idle': 14.523148148148149}
TelemetryTask,100406,100407,2762773.296296296,2762787.4814814813,14.185185185185185,{'Idle': 14.185185185185185}
UartTxTask,100409,100411,2767935.0833333335,2767957.1481481483,22.064814814814813,{'TelemetryTask': 22.064814814814817}
UartTxTask,100415,100416,2768675.9814814813,2768690.902777778,14.921296296296296,{'Idle': 14.921296296296296}
TelemetryTask,100420,100421,2772773.467592593,2772787.2592592593,13.791666666666666,{'Idle': 13.791666666666666}
UartTxTask,100423,100425,2777935.361111111,2777957.7592592593,22.39814814814815,{'TelemetryTask': 22.39814814814815}
UartTxTask,100429,100430,2778676.796296296,2778691.2268518517,14.430555555555555,{'Idle': 14.430555555555555}
TelemetryTask,100434,100435,2782773.3981481483,2782787.6666666665,14.268518518518519,{'Idle': 14.268518518518519}
UartTxTask,100437,100439,2787934.8518518517,2787956.9305555555,22.078703703703702,{'TelemetryTask': 22.078703703703702}
UartTxTask,100443,100444,2788675.4814814813,2788689.972222222,14.49074074074074,{'Idle': 14.49074074074074}
TelemetryTask,100448,100449,2792773.282407407,2792787.2685185187,13.98611111111111,{'Idle': 13.98611111111111}
UartTxTask,100451,100453,2797935.662037037,2797957.8657407407,22.203703703703702,{'TelemetryTask': 22.203703703703702}
UartTxTask,100457,100458,2798676.717592593,2798691.3981481483,14.680555555555555,{'Idle': 14.680555555555555}
TelemetryTask,100462,100463,2802773.3796296297,2802787.3333333335,13.953703703703704,{'Idle': 13.953703703703704}
UartTxTask,100465,100467,2807935.486111111,2807957.722222222,22.23611111111111,{'TelemetryTask': 22.23611111111111}
UartTxTask,100471,100472,2808676.4305555555,2808691.185185185,14.75462962962963,{'Idle': 14.75462962962963}
TelemetryTask,100476,100477,2812773.342592593,2812787.537037037,14.194444444444445,{'Idle': 14.194444444444445}
UartTxTask,100479,100481,2817935.402777778,2817957.8194444445,22.416666666666668,{'TelemetryTask': 22.416666666666664}
UartTxTask,100485,100486,2818676.3194444445,2818691.0416666665,14.722222222222221,{'Idle': 14.722222222222221}
TelemetryTask,100490,100491,2822773.3981481483,2822787.314814815,13.916666666666666,{'Idle': 13.916666666666666}
UartTxTask,100493,100495,2827935.296296296,2827957.4907407407,22.194444444444443,{'TelemetryTask': 22.194444444444443}
UartTxTask,100499,100500,2828676.222222222,2828691.0231481483,14.800925925925926,{'Idle': 14.800925925925926}
TelemetryTask,100504,100505,2832773.347222222,2832787.2407407407,13.893518518518519,{'Idle': 13.893518518518519}
UartTxTask,100507,100509,2837934.407407407,2837956.2268518517,21.819444444444443,{'TelemetryTask': 21.819444444444443}
UartTxTask,100513,100514,2838675.1342592593,2838689.800925926,14.666666666666666,{'Idle': 14.666666666666666}
TelemetryTask,100518,100519,2842773.361111111,2842787.587962963,14.226851851851851,{'Idle': 14.226851851851851}
UartTxTask,100521,100523,2847934.902777778,2847957.3055555555,22.40277777777778,{'TelemetryTask': 22.40277777777778}
UartTxTask,100527,100528,2848676.953703704,2848691.685185185,14.731481481481481,{'Idle': 14.731481481481481}
TelemetryTask,100532,100533,2852773.388888889,2852787.4166666665,14.027777777777779,{'Idle': 14.027777777777779}
UartTxTask,100535,100537,2857935.907407407,2857957.9953703703,22.087962962962962,{'TelemetryTask': 22.087962962962962}
UartTxTask,100541,100542,2858677.347222222,2858692.337962963,14.99074074074074,{'Idle': 14.99074074074074}
TelemetryTask,100546,100547,2862773.412037037,2862787.638888889,14.226851851851851,{'Idle': 14.226851851851851}
UartTxTask,100549,100551,2867935.087962963,2867957.185185185,22.09722222222222,{'TelemetryTask': 22.09722222222222}
UartTxTask,100555,100556,2868675.8796296297,2868690.5046296297,14.625,{'Idle': 14.625}
TelemetryTask,100560,100561,2872773.2731481483,2872787.4814814813,14.208333333333334,{'Idle': 14.208333333333334}
UartTxTask,100563,100565,2877934.736111111,2877956.712962963,21.97685185185185,{'TelemetryTask': 21.97685185185185}
UartTxTask,100569,100570,2878675.25,2878689.796296296,14.546296296296296,{'Idle': 14.546296296296296}
TelemetryTask,100574,100575,2882773.3842592593,2882787.625,14.24074074074074,{'Idle': 14.24074074074074}
UartTxTask,100577,100579,2887935.2083333335,2887957.546296296,22.337962962962962,{'TelemetryTask': 22.337962962962962}
UartTxTask,100583,100584,2888676.171296296,2888690.9768518517,14.805555555555555,{'Idle': 14.805555555555555}
TelemetryTask,100588,100589,2892773.2685185187,2892787.6666666665,14.398148148148149,{'Idle': 14.398148148148149}
UartTxTask,100591,100593,2897935.4166666665,2897957.486111111,22.069444444444443,{'TelemetryTask': 22.069444444444443}
UartTxTask,100597,100598,2898675.8796296297,2898690.7731481483,14.893518518518519,{'Idle': 14.893518518518519}
TelemetryTask,100602,100603,2902773.3657407407,2902787.462962963,14.097222222222221,{'Idle': 14.097222222222221}
UartTxTask,100605,100607,2907935.412037037,2907957.462962963,22.050925925925927,{'TelemetryTask': 22.050925925925924}
UartTxTask,100611,100612,2908675.9814814813,2908690.782407407,14.800925925925926,{'Idle': 14.800925925925926}
TelemetryTask,100616,100617,2912773.314814815,2912787.3333333335,14.018518518518519,{'Idle': 14.018518518518519}
UartTxTask,100619,100621,2917935.050925926,2917957.449074074,22.39814814814815,{'TelemetryTask': 22.398148148148145}
UartTxTask,100625,100626,2918676.375,2918690.861111111,14.48611111111111,{'Idle': 14.48611111111111}
TelemetryTask,100630,100631,2922773.2453703703,2922786.8796296297,13.63425925925926,{'Idle': 13.63425925925926}
UartTxTask,100633,100635,2927935.212962963,2927957.3796296297,22.166666666666668,{'TelemetryTask': 22.166666666666664}
UartTxTask,100639,100640,2928676.587962963,2928691.787037037,15.199074074074074,{'Idle': 15.199074074074074}
TelemetryTask,100644,100645,2932773.25,2932787.2592592593,14.00925925925926,{'Idle': 14.00925925925926}
UartTxTask,100647,100649,2937934.837962963,2937956.7731481483,21.935185185185187,{'TelemetryTask': 21.935185185185183}
UartTxTask,100653,100654,2938675.5046296297,2938690.537037037,15.032407407407407,{'Idle': 15.032407407407407}
TelemetryTask,100658,100659,2942773.472222222,2942787.6064814813,14.13425925925926,{'Idle': 14.13425925925926}
UartTxTask,100661,100663,2947935.152777778,2947957.703703704,22.550925925925927,{'TelemetryTask': 22.550925925925924}
UartTxTask,100667,100668,2948676.5046296297,2948691.287037037,14.782407407407407,{'Idle': 14.782407407407407}
TelemetryTask,100672,100673,2952773.425925926,2952787.842592593,14.416666666666666,{'Idle': 14.416666666666666}
UartTxTask,100675,100677,2957935.800925926,2957958.0416666665,22.24074074074074,{'TelemetryTask': 22.24074074074074}
UartTxTask,100681,100682,2958676.689814815,2958691.8194444445,15.12962962962963,{'Idle': 15.12962962962963}
TelemetryTask,100686,100687,2962773.425925926,2962787.3981481483,13.972222222222221,{'Idle': 13.972222222222221}
UartTxTask,100689,100691,2967935.9814814813,2967958.324074074,22.34259259259259,{'TelemetryTask': 22.34259259259259}
UartTxTask,100695,100696,2968676.986111111,2968691.8194444445,14.833333333333334,{'Idle': 14.833333333333334}
TelemetryTask,100700,100701,2972773.3935185187,2972787.203703704,13.810185185185185,{'Idle': 13.810185185185185}
UartTxTask,100703,100705,2977935.2083333335,2977956.986111111,21.77777777777778,{'TelemetryTask': 21.77777777777778}
UartTxTask,100709,100710,2978675.421296296,2978690.078703704,14.657407407407407,{'Idle': 14.657407407407407}
TelemetryTask,100714,100715,2982773.4305555555,2982787.4814814813,14.050925925925926,{'Idle': 14.050925925925926}
UartTxTask,100717,100719,2987935.4583333335,2987957.5555555555,22.09722222222222,{'TelemetryTask': 22.09722222222222}
UartTxTask,100723,100724,2988676.587962963,2988691.4444444445,14.856481481481481,{'Idle': 14.856481481481481}
TelemetryTask,100728,100729,2992773.388888889,2992787.3657407407,13.976851851851851,{'Idle': 13.976851851851851}
UartTxTask,100731,100733,2997934.847222222,2997956.810185185,21.962962962962962,{'TelemetryTask': 21.962962962962962}
UartTxTask,100737,100738,2998675.4814814813,2998690.25,14.768518518518519,{'Idle': 14.768518518518519}
TelemetryTask,100742,100743,3002773.449074074,3002787.486111111,14.037037037037036,{'Idle': 14.037037037037036}
UartTxTask,100745,100747,3007934.8333333335,3007956.3981481483,21.564814814814813,{'TelemetryTask': 21.564814814814817}
UartTxTask,100751,100752,3008675.1018518517,3008689.6018518517,14.5,{'Idle': 14.5}
TelemetryTask,100756,100757,3012773.347222222,3012787.0833333335,13.73611111111111,{'Idle': 13.73611111111111}
UartTxTask,100759,100761,3017935.5416666665,3017957.574074074,22.03240740740741,{'TelemetryTask': 22.032407407407405}
UartTxTask,100765,100766,3018676.421296296,3018691.638888889,15.217592592592593,{'Idle': 15.217592592592593}
TelemetryTask,100770,100771,3022773.467592593,3022787.8842592593,14.416666666666666,{'Idle': 14.416666666666666}
UartTxTask,100773,100775,3027936.0092592593,3027958.486111111,22.47685185185185,{'TelemetryTask': 22.47685185185185}
UartTxTask,100779,100780,3028677.2592592593,3028691.939814815,14.680555555555555,{'Idle': 14.680555555555555}
TelemetryTask,100784,100785,3032773.337962963,3032787.092592593,13.75462962962963,{'Idle': 13.75462962962963}
UartTxTask,100787,100789,3037935.375,3037957.537037037,22.162037037037038,{'TelemetryTask': 22.162037037037038}
UartTxTask,100793,100794,3038676.597222222,3038690.9907407407,14.393518518518519,{'Idle': 14.393518518518519}
TelemetryTask,100798,100799,3042773.546296296,3042787.4953703703,13.949074074074074,{'Idle': 13.949074074074074}
UartTxTask,100801,100803,3047935.939814815,3047957.546296296,21.60648148148148,{'TelemetryTask': 21.60648148148148}
UartTxTask,100807,100808,3048676.8194444445,3048691.4953703703,14.675925925925926,{'Idle': 14.675925925925926}
TelemetryTask,100812,100813,3052773.388888889,3052787.087962963,13.699074074074074,{'Idle': 13.699074074074074}
UartTxTask,100815,100817,3057935.1481481483,3057956.796296296,21.64814814814815,{'TelemetryTask': 21.648148148148145}
UartTxTask,100821,100822,3058675.2453703703,3058689.9953703703,14.75,{'Idle': 14.75}
TelemetryTask,100826,100827,3062773.3796296297,3062787.592592593,14.212962962962964,{'Idle': 14.212962962962964}
UartTxTask,100829,100831,3067934.453703704,3067956.800925926,22.34722222222222,{'TelemetryTask': 22.34722222222222}
UartTxTask,100835,100836,3068675.7546296297,3068690.2546296297,14.5,{'Idle': 14.5}
TelemetryTask,100840,100841,3072773.462962963,3072787.657407407,14.194444444444445,{'Idle': 14.194444444444445}
UartTxTask,100843,100845,3077936.1944444445,3077958.1064814813,21.912037037037038,{'TelemetryTask': 21.912037037037038}
UartTxTask,100849,100850,3078677.162037037,3078692.111111111,14.949074074074074,{'Idle': 14.949074074074074}
TelemetryTask,100854,100855,3082773.296296296,3082786.9768518517,13.680555555555555,{'Idle': 13.680555555555555}
UartTxTask,100857,100859,3087935.787037037,3087957.689814815,21.90277777777778,{'TelemetryTask': 21.90277777777778}
UartTxTask,100863,100864,3088676.949074074,3088691.8564814813,14.907407407407407,{'Idle': 14.907407407407407}
TelemetryTask,100868,100869,3092773.4166666665,3092787.546296296,14.12962962962963,{'Idle': 14.12962962962963}
UartTxTask,100871,100873,3097935.824074074,3097958.2083333335,22.38425925925926,{'TelemetryTask': 22.38425925925926}
UartTxTask,100877,100878,3098677.087962963,3098691.912037037,14.824074074074074,{'Idle': 14.824074074074074}
TelemetryTask,100882,100883,3102773.560185185,3102787.4305555555,13.87037037037037,{'Idle': 13.87037037037037}
UartTxTask,100885,100887,3107934.8657407407,3107957.449074074,22.583333333333332,{'TelemetryTask': 22.583333333333336}
UartTxTask,100891,100892,3108676.1018518517,3108690.638888889,14.537037037037036,{'Idle': 14.537037037037036}
TelemetryTask,100896,100897,3112773.375,3112787.7268518517,14.351851851851851,{'Idle': 14.351851851851851}
UartTxTask,100899,100901,3117935.638888889,3117957.837962963,22.199074074074073,{'TelemetryTask': 22.199074074074073}
UartTxTask,100905,100906,3118676.5555555555,3118691.6203703703,15.064814814814815,{'Idle': 15.064814814814815}
TelemetryTask,100910,100911,3122773.402777778,3122787.638888889,14.23611111111111,{'Idle': 14.23611111111111}
UartTxTask,100913,100915,3127935.4583333335,3127957.527777778,22.069444444444443,{'TelemetryTask': 22.069444444444443}
UartTxTask,100919,100920,3128676.1944444445,3128690.912037037,14.717592592592593,{'Idle': 14.717592592592593}
TelemetryTask,100924,100925,3132773.296296296,3132787.3703703703,14.074074074074074,{'Idle': 14.074074074074074}
UartTxTask,100927,100929,3137934.949074074,3137957.3981481483,22.449074074074073,{'TelemetryTask': 22.449074074074076}
UartTxTask,100933,100934,3138677.0,3138691.6157407407,14.61574074074074,{'Idle': 14.61574074074074}
TelemetryTask,100938,100939,3142773.421296296,3142787.462962963,14.041666666666666,{'Idle': 14.041666666666666}
UartTxTask,100941,100943,3147934.9907407407,3147956.962962963,21.97222222222222,{'TelemetryTask': 21.97222222222222}
UartTxTask,100947,100948,3148675.787037037,3148690.185185185,14.398148148148149,{'Idle': 14.398148148148149}
TelemetryTask,100952,100953,3152773.4768518517,3152787.4953703703,14.018518518518519,{'Idle': 14.018518518518519}
UartTxTask,100955,100957,3157935.3703703703,3157957.6435185187,22.27314814814815,{'TelemetryTask': 22.273148148148145}
UartTxTask,100961,100962,3158676.217592593,3158690.935185185,14.717592592592593,{'Idle': 14.717592592592593}
TelemetryTask,100966,100967,3162773.462962963,3162787.587962963,14.125,{'Idle': 14.125}
UartTxTask,100969,100971,3167934.6064814813,3167956.925925926,22.319444444444443,{'TelemetryTask': 22.319444444444443}
UartTxTask,100975,100976,3168675.972222222,3168690.6435185187,14.671296296296296,{'Idle': 14.671296296296296}
TelemetryTask,100980,100981,3172773.449074074,3172787.3564814813,13.907407407407407,{'Idle': 13.907407407407407}
UartTxTask,100983,100985,3177935.2314814813,3177957.4444444445,22.212962962962962,{'TelemetryTask': 22.212962962962962}
UartTxTask,100989,100990,3178676.2083333335,3178690.9953703703,14.787037037037036,{'Idle': 14.787037037037036}
ButtonTask,100996,100998,3182526.449074074,3182541.185185185,14.73611111111111,"{'ISR#56': 5.768518518518518, 'Scheduler': 8.967592592592593}"
UartTxTask,101001,101003,3182660.4305555555,3182690.263888889,29.833333333333332,{'ButtonTask': 29.833333333333332}
TelemetryTask,101007,101008,3182773.532407407,3182781.0694444445,7.537037037037037,{'Idle': 7.537037037037037}
UartTxTask,101009,101012,3183408.828703704,3187980.5092592593,4571.680555555556,{'TelemetryTask': 4571.680555555556}
UartTxTask,101017,101018,3188714.263888889,3188729.361111111,15.097222222222221,{'Idle': 15.097222222222221}
TelemetryTask,101022,101023,3192773.5185185187,3192787.6944444445,14.175925925925926,{'Idle': 14.175925925925926}
UartTxTask,101025,101027,3197934.175925926,3197956.5,22.324074074074073,{'TelemetryTask': 22.324074074074076}
UartTxTask,101031,101032,3198675.560185185,3198690.412037037,14.851851851851851,{'Idle': 14.851851851851851}
TelemetryTask,101036,101037,3202773.337962963,3202787.6157407407,14.277777777777779,{'Idle': 14.277777777777779}
UartTxTask,101039,101041,3207935.013888889,3207957.1481481483,22.13425925925926,{'TelemetryTask': 22.13425925925926}
UartTxTask,101045,101046,3208675.712962963,3208690.2916666665,14.578703703703704,{'Idle': 14.578703703703704}
TelemetryTask,101050,101051,3212773.4768518517,3212787.685185185,14.208333333333334,{'Idle': 14.208333333333334}
UartTxTask,101053,101055,3217936.1435185187,3217958.263888889,22.12037037037037,{'TelemetryTask': 22.12037037037037}
UartTxTask,101059,101060,3218676.8981481483,3218691.736111111,14.837962962962964,{'Idle': 14.837962962962964}
TelemetryTask,101064,101065,3222773.435185185,3222787.4583333335,14.023148148148149,{'Idle': 14.023148148148149}
UartTxTask,101067,101069,3227934.8703703703,3227957.157407407,22.287037037037038,{'TelemetryTask': 22.287037037037038}
UartTxTask,101073,101074,3228675.8703703703,3228690.578703704,14.708333333333334,{'Idle': 14.708333333333334}
TelemetryTask,101078,101079,3232773.287037037,3232787.435185185,14.148148148148149,{'Idle': 14.148148148148149}
UartTxTask,101081,101083,3237935.0416666665,3237957.2268518517,22.185185185185187,{'TelemetryTask': 22.185185185185183}
UartTxTask,101087,101088,3238676.3796296297,3238691.0833333335,14.703703703703704,{'Idle': 14.703703703703704}
TelemetryTask,101092,101093,3242773.314814815,3242787.467592593,14.152777777777779,{'Idle': 14.152777777777779}
UartTxTask,101095,101097,3247935.564814815,3247957.342592593,21.77777777777778,{'TelemetryTask': 21.77777777777778}
UartTxTask,101101,101102,3248676.375,3248691.125,14.75,{'Idle': 14.75}
TelemetryTask,101106,101107,3252773.4305555555,3252787.347222222,13.916666666666666,{'Idle': 13.916666666666666}
UartTxTask,101109,101111,3257935.3564814813,3257957.0833333335,21.72685185185185,{'TelemetryTask': 21.72685185185185}
UartTxTask,101115,101116,3258676.0092592593,3258690.5833333335,14.574074074074074,{'Idle': 14.574074074074074}
TelemetryTask,101120,101121,3262773.2453703703,3262787.0185185187,13.773148148148149,{'Idle': 13.773148148148149}
UartTxTask,101123,101125,3267934.675925926,3267956.310185185,21.63425925925926,{'TelemetryTask': 21.63425925925926}
UartTxTask,101129,101130,3268675.1064814813,3268689.8981481483,14.791666666666666,{'Idle': 14.791666666666666}
TelemetryTask,101134,101135,3272773.2731481483,3272787.421296296,14.148148148148149,{'Idle': 14.148148148148149}
UartTxTask,101137,101139,3277935.550925926,3277957.9814814813,22.430555555555557,{'TelemetryTask': 22.430555555555557}
UartTxTask,101143,101144,3278676.6481481483,3278691.3657407407,14.717592592592593,{'Idle': 14.717592592592593}
TelemetryTask,101148,101149,3282773.3055555555,3282787.574074074,14.268518518518519,{'Idle': 14.268518518518519}
UartTxTask,101151,101153,3287935.421296296,3287957.7685185187,22.34722222222222,{'TelemetryTask': 22.34722222222222}
UartTxTask,101157,101158,3288676.8981481483,3288691.486111111,14.587962962962964,{'Idle': 14.587962962962964}
TelemetryTask,101162,101163,3292773.3518518517,3292787.342592593,13.99074074074074,{'Idle': 13.99074074074074}
UartTxTask,101165,101167,3297934.5185185187,3297956.9953703703,22.47685185185185,{'TelemetryTask': 22.47685185185185}
UartTxTask,101171,101172,3298676.0046296297,3298690.824074074,14.819444444444445,{'Idle': 14.819444444444445}
TelemetryTask,101176,101177,3302773.388888889,3302787.407407407,14.018518518518519,{'Idle': 14.018518518518519}
UartTxTask,101179,101181,3307934.2731481483,3307956.388888889,22.11574074074074,{'TelemetryTask': 22.11574074074074}
UartTxTask,101185,101186,3308675.152777778,3308689.8657407407,14.712962962962964,{'Idle': 14.712962962962964}
TelemetryTask,101190,101191,3312773.287037037,3312787.185185185,13.898148148148149,{'Idle': 13.898148148148149}
UartTxTask,101193,101195,3317935.486111111,3317957.6435185187,22.15740740740741,{'TelemetryTask': 22.157407407407405}
UartTxTask,101199,101200,3318676.3981481483,3318690.8657407407,14.467592592592593,{'Idle': 14.467592592592593}
TelemetryTask,101204,101205,3322773.4305555555,3322787.175925926,13.74537037037037,{'Idle': 13.74537037037037}
UartTxTask,101207,101209,3327934.9907407407,3327957.277777778,22.287037037037038,{'TelemetryTask': 22.287037037037038}
UartTxTask,101213,101214,3328675.921296296,3328690.6157407407,14.694444444444445,{'Idle': 14.694444444444445}
TelemetryTask,101218,101219,3332773.375,3332787.574074074,14.199074074074074,{'Idle': 14.199074074074074}
UartTxTask,101221,101223,3337937.9305555555,3337959.9907407407,22.060185185185187,{'TelemetryTask': 22.060185185185183}
UartTxTask,101227,101228,3338678.550925926,3338693.328703704,14.777777777777779,{'Idle': 14.777777777777779}
TelemetryTask,101232,101233,3342773.5046296297,3342787.6296296297,14.125,{'Idle': 14.125}
UartTxTask,101235,101237,3347935.842592593,3347957.8333333335,21.99074074074074,{'TelemetryTask': 21.99074074074074}
UartTxTask,101241,101242,3348676.6064814813,3348691.1435185187,14.537037037037036,{'Idle': 14.537037037037036}
TelemetryTask,101246,101247,3352773.4814814813,3352787.439814815,13.958333333333334,{'Idle': 13.958333333333334}
UartTxTask,101249,101251,3357935.2546296297,3357957.5694444445,22.314814814814813,{'TelemetryTask': 22.314814814814817}
UartTxTask,101255,101256,3358676.2268518517,3358691.0092592593,14.782407407407407,{'Idle': 14.782407407407407}
TelemetryTask,101260,101261,3362773.3333333335,3362787.4583333335,14.125,{'Idle': 14.125}
UartTxTask,101263,101265,3367935.162037037,3367957.550925926,22.38888888888889,{'TelemetryTask': 22.38888888888889}
UartTxTask,101269,101270,3368676.546296296,3368691.4907407407,14.944444444444445,{'Idle': 14.944444444444445}
TelemetryTask,101274,101275,3372773.310185185,3372787.4444444445,14.13425925925926,{'Idle': 14.13425925925926}
UartTxTask,101277,101279,3377935.3518518517,3377957.6157407407,22.26388888888889,{'TelemetryTask': 22.26388888888889}
UartTxTask,101283,101284,3378676.6296296297,3378691.5,14.87037037037037,{'Idle': 14.87037037037037}
TelemetryTask,101288,101289,3382773.3796296297,3382787.287037037,13.907407407407407,{'Idle': 13.907407407407407}
UartTxTask,101291,101293,3387935.578703704,3387957.736111111,22.15740740740741,{'TelemetryTask': 22.157407407407405}
UartTxTask,101297,101298,3388676.337962963,3388690.9814814813,14.643518518518519,{'Idle': 14.643518518518519}
TelemetryTask,101302,101303,3392773.2731481483,3392787.361111111,14.087962962962964,{'Idle': 14.087962962962964}
UartTxTask,101305,101307,3397935.763888889,3397957.4814814813,21.71759259259259,{'TelemetryTask': 21.717592592592595}
UartTxTask,101311,101312,3398676.453703704,3398690.9166666665,14.462962962962964,{'Idle': 14.462962962962964}
TelemetryTask,101316,101317,3402773.2453703703,3402787.217592593,13.972222222222221,{'Idle': 13.972222222222221}
UartTxTask,101319,101321,3407934.550925926,3407956.7083333335,22.15740740740741,{'TelemetryTask': 22.15740740740741}
UartTxTask,101325,101326,3408675.3564814813,3408690.361111111,15.00462962962963,{'Idle': 15.00462962962963}
TelemetryTask,101330,101331,3412773.3796296297,3412787.060185185,13.680555555555555,{'Idle': 13.680555555555555}
UartTxTask,101333,101335,3417935.574074074,3417957.407407407,21.833333333333332,{'TelemetryTask': 21.833333333333336}
UartTxTask,101339,101340,3418676.546296296,3418691.2685185187,14.722222222222221,{'Idle': 14.722222222222221}
TelemetryTask,101344,101345,3422773.375,3422787.277777778,13.902777777777779,{'Idle': 13.902777777777779}
UartTxTask,101347,101349,3427935.796296296,3427958.4814814813,22.685185185185187,{'TelemetryTask': 22.685185185185183}
UartTxTask,101353,101354,3428677.1296296297,3428691.592592593,14.462962962962964,{'Idle': 14.462962962962964}
TelemetryTask,101358,101359,3432773.3194444445,3432787.282407407,13.962962962962964,{'Idle': 13.962962962962964}
UartTxTask,101361,101363,3437935.2083333335,3437957.689814815,22.48148148148148,{'TelemetryTask': 22.48148148148148}
UartTxTask,101367,101368,3438676.6805555555,3438691.560185185,14.87962962962963,{'Idle': 14.87962962962963}
TelemetryTask,101372,101373,3442773.425925926,3442787.4583333335,14.032407407407407,{'Idle': 14.032407407407407}
UartTxTask,101375,101377,3447935.1018518517,3447957.185185185,22.083333333333332,{'TelemetryTask': 22.083333333333332}
UartTxTask,101381,101382,3448675.824074074,3448690.6481481483,14.824074074074074,{'Idle': 14.824074074074074}
TelemetryTask,101386,101387,3452773.4768518517,3452787.537037037,14.060185185185185,{'Idle': 14.060185185185185}
UartTxTask,101389,101391,3457934.902777778,3457956.861111111,21.958333333333332,{'TelemetryTask': 21.958333333333336}
UartTxTask,101395,101396,3458675.800925926,3458690.412037037,14.61111111111111,{'Idle': 14.61111111111111}
TelemetryTask,101400,101401,3462773.2083333335,3462787.4444444445,14.23611111111111,{'Idle': 14.23611111111111}
UartTxTask,101403,101405,3467934.3564814813,3467956.592592593,22.23611111111111,{'TelemetryTask': 22.23611111111111}
UartTxTask,101409,101410,3468675.342592593,3468690.2685185187,14.925925925925926,{'Idle': 14.925925925925926}
TelemetryTask,101414,101415,3472773.2314814813,3472787.277777778,14.046296296296296,{'Idle': 14.046296296296296}
UartTxTask,101417,101419,3477934.9768518517,3477957.263888889,22.287037037037038,{'TelemetryTask': 22.287037037037038}
UartTxTask,101423,101424,3478676.0185185187,3478690.6805555555,14.662037037037036,{'Idle': 14.662037037037036}
TelemetryTask,101428,101429,3482773.25,3482787.189814815,13.939814814814815,{'Idle': 13.939814814814815}
UartTxTask,101431,101433,3487935.1435185187,3487957.296296296,22.15277777777778,{'TelemetryTask': 22.15277777777778}
UartTxTask,101437,101438,3488676.3796296297,3488690.9907407407,14.61111111111111,{'Idle': 14.61111111111111}
TelemetryTask,101442,101443,3492773.185185185,3492787.407407407,14.222222222222221,{'Idle': 14.222222222222221}
UartTxTask,101445,101447,3497934.546296296,3497956.912037037,22.36574074074074,{'TelemetryTask': 22.36574074074074}
UartTxTask,101451,101452,3498675.486111111,3498690.3796296297,14.893518518518519,{'Idle': 14.893518518518519}
TelemetryTask,101456,101457,3502773.527777778,3502787.162037037,13.63425925925926,{'Idle': 13.63425925925926}
UartTxTask,101459,101461,3507934.675925926,3507957.1157407407,22.439814814814813,{'TelemetryTask': 22.439814814814817}
UartTxTask,101465,101466,3508675.4953703703,3508690.3981481483,14.902777777777779,{'Idle': 14.902777777777779}
TelemetryTask,101470,101471,3512773.513888889,3512787.5,13.98611111111111,{'Idle': 13.98611111111111}
UartTxTask,101473,101475,3517935.689814815,3517958.324074074,22.63425925925926,{'TelemetryTask': 22.63425925925926}
UartTxTask,101479,101480,3518677.277777778,3518692.0555555555,14.777777777777779,{'Idle': 14.777777777777779}
TelemetryTask,101484,101485,3522773.1064814813,3522787.152777778,14.046296296296296,{'Idle': 14.046296296296296}
UartTxTask,101487,101489,3527936.074074074,3527957.9768518517,21.90277777777778,{'TelemetryTask': 21.90277777777778}
UartTxTask,101493,101494,3528676.7314814813,3528690.9907407407,14.25925925925926,{'Idle': 14.25925925925926}
TelemetryTask,101498,101499,3532773.263888889,3532787.203703704,13.939814814814815,{'Idle': 13.939814814814815}
UartTxTask,101501,101503,3537935.6018518517,3537957.4166666665,21.814814814814813,{'TelemetryTask': 21.814814814814817}
UartTxTask,101507,101508,3538676.5833333335,3538691.4814814813,14.898148148148149,{'Idle': 14.898148148148149}
TelemetryTask,101512,101513,3542773.3333333335,3542787.300925926,13.967592592592593,{'Idle': 13.967592592592593}
UartTxTask,101515,101517,3547934.939814815,3547956.662037037,21.72222222222222,{'TelemetryTask': 21.72222222222222}
UartTxTask,101521,101522,3548675.689814815,3548690.7592592593,15.069444444444445,{'Idle': 15.069444444444445}
TelemetryTask,101526,101527,3552773.296296296,3552787.2731481483,13.976851851851851,{'Idle': 13.976851851851851}
UartTxTask,101529,101531,3557935.9907407407,3557958.138888889,22.14814814814815,{'TelemetryTask': 22.14814814814815}
UartTxTask,101535,101536,3558676.7685185187,3558691.5185185187,14.75,{'Idle': 14.75}
TelemetryTask,101540,101541,3562773.3333333335,3562787.375,14.041666666666666,{'Idle': 14.041666666666666}
UartTxTask,101543,101545,3567934.203703704,3567956.337962963,22.13425925925926,{'TelemetryTask': 22.13425925925926}
UartTxTask,101549,101550,3568674.935185185,3568689.7685185187,14.833333333333334,{'Idle': 14.833333333333334}
TelemetryTask,101554,101555,3572773.425925926,3572787.5416666665,14.11574074074074,{'Idle': 14.11574074074074}
UartTxTask,101557,101559,3577934.962962963,3577957.2083333335,22.24537037037037,{'TelemetryTask': 22.24537037037037}
UartTxTask,101563,101564,3578675.8194444445,3578690.453703704,14.63425925925926,{'Idle': 14.63425925925926}
TelemetryTask,101568,101569,3582773.4444444445,3582787.324074074,13.87962962962963,{'Idle': 13.87962962962963}
UartTxTask,101571,101573,3587935.125,3587956.861111111,21.73611111111111,{'TelemetryTask': 21.73611111111111}
UartTxTask,101577,101578,3588675.7407407407,3588690.111111111,14.37037037037037,{'Idle': 14.37037037037037}
TelemetryTask,101582,101583,3592773.282407407,3592787.592592593,14.310185185185185,{'Idle': 14.310185185185185}
UartTxTask,101585,101587,3597934.7685185187,3597956.6203703703,21.85185185185185,{'TelemetryTask': 21.85185185185185}
UartTxTask,101591,101592,3598675.712962963,3598690.907407407,15.194444444444445,{'Idle': 15.194444444444445}
TelemetryTask,101596,101597,3602773.4583333335,3602787.6342592593,14.175925925925926,{'Idle': 14.175925925925926}
UartTxTask,101599,101601,3607935.486111111,3607957.6435185187,22.15740740740741,{'TelemetryTask': 22.157407407407405}
UartTxTask,101605,101606,3608676.2546296297,3608690.939814815,14.685185185185185,{'Idle': 14.685185185185185}
TelemetryTask,101610,101611,3612773.449074074,3612787.4907407407,14.041666666666666,{'Idle': 14.041666666666666}
UartTxTask,101613,101615,3617935.564814815,3617957.828703704,22.26388888888889,{'TelemetryTask': 22.26388888888889}
UartTxTask,101619,101620,3618677.310185185,3618691.949074074,14.63888888888889,{'Idle': 14.63888888888889}
TelemetryTask,101624,101625,3622773.407407407,3622787.532407407,14.125,{'Idle': 14.125}
UartTxTask,101627,101629,3627935.5555555555,3627957.8657407407,22.310185185185187,{'TelemetryTask': 22.310185185185183}
UartTxTask,101633,101634,3628676.4814814813,3628691.2546296297,14.773148148148149,{'Idle': 14.773148148148149}
TelemetryTask,101638,101639,3632773.407407407,3632787.361111111,13.953703703703704,{'Idle': 13.953703703703704}
UartTxTask,101641,101643,3637934.6944444445,3637956.921296296,22.22685185185185,{'TelemetryTask': 22.22685185185185}
UartTxTask,101647,101648,3638676.032407407,3638690.7546296297,14.722222222222221,{'Idle': 14.722222222222221}
TelemetryTask,101652,101653,3642773.425925926,3642787.361111111,13.935185185185185,{'Idle': 13.935185185185185}
UartTxTask,101655,101657,3647935.1018518517,3647957.157407407,22.055555555555557,{'TelemetryTask': 22.055555555555557}
UartTxTask,101661,101662,3648675.4768518517,3648690.402777778,14.925925925925926,{'Idle': 14.925925925925926}
TelemetryTask,101666,101667,3652773.4907407407,3652787.675925926,14.185185185185185,{'Idle': 14.185185185185185}
UartTxTask,101669,101671,3657935.027777778,3657957.236111111,22.208333333333332,{'TelemetryTask': 22.208333333333332}
UartTxTask,101675,101676,3658675.685185185,3658690.6805555555,14.99537037037037,{'Idle': 14.99537037037037}
TelemetryTask,101680,101681,3662773.3935185187,3662787.296296296,13.902777777777779,{'Idle': 13.902777777777779}
UartTxTask,101683,101685,3667935.4768518517,3667957.7592592593,22.28240740740741,{'TelemetryTask': 22.282407407407405}
UartTxTask,101689,101690,3668676.722222222,3668691.6342592593,14.912037037037036,{'Idle': 14.912037037037036}
TelemetryTask,101694,101695,3672773.310185185,3672787.6435185187,14.333333333333334,{'Idle': 14.333333333333334}
UartTxTask,101697,101699,3677935.2268518517,3677957.263888889,22.037037037037038,{'TelemetryTask': 22.037037037037038}
UartTxTask,101703,101704,3678676.412037037,3678691.0555555555,14.643518518518519,{'Idle': 14.643518518518519}
TelemetryTask,101708,101709,3682773.4907407407,3682787.421296296,13.930555555555555,{'Idle': 13.930555555555555}
UartTxTask,101711,101713,3687935.449074074,3687957.967592593,22.51851851851852,{'TelemetryTask': 22.51851851851852}
UartTxTask,101717,101718,3688676.939814815,3688691.486111111,14.546296296296296,{'Idle': 14.546296296296296}
TelemetryTask,101722,101723,3692773.3518518517,3692787.277777778,13.925925925925926,{'Idle': 13.925925925925926}
UartTxTask,101725,101727,3697934.9814814813,3697957.597222222,22.61574074074074,{'TelemetryTask': 22.61574074074074}
UartTxTask,101731,101732,3698676.611111111,3698691.2916666665,14.680555555555555,{'Idle': 14.680555555555555}
TelemetryTask,101736,101737,3702773.4768518517,3702787.337962963,13.86111111111111,{'Idle': 13.86111111111111}
UartTxTask,101739,101741,3707935.1944444445,3707957.300925926,22.10648148148148,{'TelemetryTask': 22.10648148148148}
UartTxTask,101745,101746,3708676.222222222,3708690.814814815,14.592592592592593,{'Idle': 14.592592592592593}
TelemetryTask,101750,101751,3712773.453703704,3712787.532407407,14.078703703703704,{'Idle': 14.078703703703704}
UartTxTask,101753,101755,3717934.814814815,3717956.6203703703,21.805555555555557,{'TelemetryTask': 21.805555555555557}
UartTxTask,101759,101760,3718675.782407407,3718690.652777778,14.87037037037037,{'Idle': 14.87037037037037}
TelemetryTask,101764,101765,3722773.435185185,3722787.361111111,13.925925925925926,{'Idle': 13.925925925925926}
UartTxTask,101767,101769,3727934.902777778,3727957.157407407,22.25462962962963,{'TelemetryTask': 22.25462962962963}
UartTxTask,101773,101774,3728676.2685185187,3728690.902777778,14.63425925925926,{'Idle': 14.63425925925926}
TelemetryTask,101778,101779,3732773.287037037,3732787.4907407407,14.203703703703704,{'Idle': 14.203703703703704}
UartTxTask,101781,101783,3737934.578703704,3737956.5416666665,21.962962962962962,{'TelemetryTask': 21.962962962962962}
UartTxTask,101787,101788,3738675.2592592593,3738690.5,15.24074074074074,{'Idle': 15.24074074074074}
TelemetryTask,101792,101793,3742773.2592592593,3742786.9768518517,13.717592592592593,{'Idle': 13.717592592592593}
UartTxTask,101795,101797,3747934.6203703703,3747956.592592593,21.97222222222222,{'TelemetryTask': 21.97222222222222}
UartTxTask,101801,101802,3748674.907407407,3748689.453703704,14.546296296296296,{'Idle': 14.546296296296296}
TelemetryTask,101806,101807,3752773.4907407407,3752787.5,14.00925925925926,{'Idle': 14.00925925925926}
UartTxTask,101809,101811,3757934.837962963,3757957.0092592593,22.171296296296298,{'TelemetryTask': 22.171296296296298}
UartTxTask,101815,101816,3758675.9814814813,3758690.810185185,14.828703703703704,{'Idle': 14.828703703703704}
TelemetryTask,101820,101821,3762773.361111111,3762787.337962963,13.976851851851851,{'Idle': 13.976851851851851}
UartTxTask,101823,101825,3767935.472222222,3767957.263888889,21.791666666666668,{'TelemetryTask': 21.791666666666668}
UartTxTask,101829,101830,3768676.467592593,3768691.347222222,14.87962962962963,{'Idle': 14.87962962962963}
TelemetryTask,101834,101835,3772773.263888889,3772787.3564814813,14.092592592592593,{'Idle': 14.092592592592593}
UartTxTask,101837,101839,3777936.189814815,3777957.796296296,21.60648148148148,{'TelemetryTask': 21.60648148148148}
UartTxTask,101843,101844,3778676.6944444445,3778691.4583333335,14.76388888888889,{'Idle': 14.76388888888889}
TelemetryTask,101848,101849,3782773.3796296297,3782787.412037037,14.032407407407407,{'Idle': 14.032407407407407}
UartTxTask,101851,101853,3787935.7731481483,3787958.0416666665,22.26851851851852,{'TelemetryTask': 22.26851851851852}
UartTxTask,101857,101858,3788676.9953703703,3788691.949074074,14.953703703703704,{'Idle': 14.953703703703704}
TelemetryTask,101862,101863,3792773.425925926,3792787.435185185,14.00925925925926,{'Idle': 14.00925925925926}
UartTxTask,101865,101867,3797935.6342592593,3797958.1435185187,22.50925925925926,{'TelemetryTask': 22.50925925925926}
UartTxTask,101871,101872,3798677.287037037,3798692.1435185187,14.856481481481481,{'Idle': 14.856481481481481}
TelemetryTask,101876,101877,3802773.467592593,3802787.328703704,13.86111111111111,{'Idle': 13.86111111111111}
UartTxTask,101879,101881,3807935.199074074,3807957.4166666665,22.21759259259259,{'TelemetryTask': 22.21759259259259}
UartTxTask,101885,101886,3808676.282407407,3808691.037037037,14.75462962962963,{'Idle': 14.75462962962963}
TelemetryTask,101890,101891,3812773.2731481483,3812787.157407407,13.88425925925926,{'Idle': 13.88425925925926}
UartTxTask,101893,101895,3817934.712962963,3817957.1018518517,22.38888888888889,{'TelemetryTask': 22.38888888888889}
UartTxTask,101899,101900,3818675.8657407407,3818690.5092592593,14.643518518518519,{'Idle': 14.643518518518519}
TelemetryTask,101904,101905,3822773.328703704,3822787.564814815,14.23611111111111,{'Idle': 14.23611111111111}
UartTxTask,101907,101909,3827934.949074074,3827957.412037037,22.462962962962962,{'TelemetryTask': 22.462962962962962}
UartTxTask,101913,101914,3828676.189814815,3828690.7407407407,14.550925925925926,{'Idle': 14.550925925925926}
TelemetryTask,101918,101919,3832773.5092592593,3832787.782407407,14.273148148148149,{'Idle': 14.273148148148149}
UartTxTask,101921,101923,3837935.347222222,3837957.638888889,22.291666666666668,{'TelemetryTask': 22.291666666666668}
UartTxTask,101927,101928,3838676.189814815,3838690.8796296297,14.689814814814815,{'Idle': 14.689814814814815}
TelemetryTask,101932,101933,3842773.467592593,3842787.4444444445,13.976851851851851,{'Idle': 13.976851851851851}
UartTxTask,101935,101937,3847935.6157407407,3847957.4583333335,21.84259259259259,{'TelemetryTask': 21.842592592592595}
UartTxTask,101941,101942,3848676.3194444445,3848691.037037037,14.717592592592593,{'Idle': 14.717592592592593}
TelemetryTask,101946,101947,3852773.324074074,3852787.282407407,13.958333333333334,{'Idle': 13.958333333333334}
UartTxTask,101949,101951,3857935.421296296,3857957.342592593,21.921296296296298,{'TelemetryTask': 21.921296296296298}
UartTxTask,101955,101956,3858676.3518518517,3858690.8796296297,14.527777777777779,{'Idle': 14.527777777777779}
TelemetryTask,101960,101961,3862773.2083333335,3862787.277777778,14.069444444444445,{'Idle': 14.069444444444445}
UartTxTask,101963,101965,3867934.949074074,3867957.412037037,22.462962962962962,{'TelemetryTask': 22.462962962962962}
UartTxTask,101969,101970,3868676.282407407,3868691.314814815,15.032407407407407,{'Idle': 15.032407407407407}
TelemetryTask,101974,101975,3872773.587962963,3872787.324074074,13.73611111111111,{'Idle': 13.73611111111111}
UartTxTask,101977,101979,3877934.5694444445,3877956.638888889,22.069444444444443,{'TelemetryTask': 22.069444444444443}
UartTxTask,101983,101984,3878676.0231481483,3878690.9444444445,14.921296296296296,{'Idle': 14.921296296296296}
TelemetryTask,101988,101989,3882773.2685185187,3882787.0694444445,13.800925925925926,{'Idle': 13.800925925925926}
UartTxTask,101991,101993,3887934.587962963,3887956.6481481483,22.060185185185187,{'TelemetryTask': 22.060185185185183}
UartTxTask,101997,101998,3888675.8564814813,3888690.2453703703,14.38888888888889,{'Idle': 14.38888888888889}
TelemetryTask,102002,102003,3892773.3333333335,3892787.361111111,14.027777777777779,{'Idle': 14.027777777777779}
UartTxTask,102005,102007,3897935.578703704,3897957.7592592593,22.180555555555557,{'TelemetryTask': 22.180555555555557}
UartTxTask,102011,102012,3898676.296296296,3898690.912037037,14.61574074074074,{'Idle': 14.61574074074074}
ButtonTask,102018,102020,3902249.4768518517,3902264.7685185187,15.291666666666666,"{'ISR#56': 6.046296296296297, 'Scheduler': 9.24537037037037}"
UartTxTask,102023,102025,3902384.7592592593,3902413.8842592593,29.125,{'ButtonTask': 29.125}
TelemetryTask,102029,102030,3902775.675925926,3902783.7685185187,8.092592592592593,{'Idle': 8.092592592592593}
UartTxTask,102031,102034,3903132.546296296,3907965.657407407,4833.111111111111,{'TelemetryTask': 4833.11111111111}
UartTxTask,102039,102040,3908699.328703704,3908713.939814815,14.61111111111111,{'Idle': 14.61111111111111}
TelemetryTask,102044,102045,3912773.421296296,3912787.8333333335,14.412037037037036,{'Idle': 14.412037037037036}
UartTxTask,102047,102049,3917935.7731481483,3917957.7916666665,22.01851851851852,{'TelemetryTask': 22.01851851851852}
UartTxTask,102053,102054,3918676.9814814813,3918691.6805555555,14.699074074074074,{'Idle': 14.699074074074074}
TelemetryTask,102058,102059,3922773.453703704,3922787.439814815,13.98611111111111,{'Idle': 13.98611111111111}
UartTxTask,102061,102063,3927934.328703704,3927956.282407407,21.953703703703702,{'TelemetryTask': 21.953703703703702}
UartTxTask,102067,102068,3928675.361111111,3928690.092592593,14.731481481481481,{'Idle': 14.731481481481481}
TelemetryTask,102072,102073,3932773.314814815,3932787.0185185187,13.703703703703704,{'Idle': 13.703703703703704}
UartTxTask,102075,102077,3937934.7685185187,3937957.1296296297,22.36111111111111,{'TelemetryTask': 22.36111111111111}
UartTxTask,102081,102082,3938676.1018518517,3938690.592592593,14.49074074074074,{'Idle': 14.49074074074074}
TelemetryTask,102086,102087,3942773.314814815,3942787.342592593,14.027777777777779,{'Idle': 14.027777777777779}
UartTxTask,102089,102091,3947934.550925926,3947956.5833333335,22.03240740740741,{'TelemetryTask': 22.03240740740741}
UartTxTask,102095,102096,3948675.342592593,3948689.782407407,14.439814814814815,{'Idle': 14.439814814814815}
TelemetryTask,102100,102101,3952773.2916666665,3952787.5555555555,14.26388888888889,{'Idle': 14.26388888888889}
UartTxTask,102103,102105,3957935.1064814813,3957957.453703704,22.34722222222222,{'TelemetryTask': 22.34722222222222}
UartTxTask,102109,102110,3958676.375,3958691.0092592593,14.63425925925926,{'Idle': 14.63425925925926}
TelemetryTask,102114,102115,3962773.3055555555,3962787.074074074,13.768518518518519,{'Idle': 13.768518518518519}
UartTxTask,102117,102119,3967934.787037037,3967957.1296296297,22.34259259259259,{'TelemetryTask': 22.342592592592595}
UartTxTask,102123,102124,3968675.953703704,3968690.685185185,14.731481481481481,{'Idle': 14.731481481481481}
TelemetryTask,102128,102129,3972773.342592593,3972787.375,14.032407407407407,{'Idle': 14.032407407407407}
UartTxTask,102131,102133,3977935.060185185,3977956.847222222,21.787037037037038,{'TelemetryTask': 21.787037037037038}
UartTxTask,102137,102138,3978675.7916666665,3978690.361111111,14.569444444444445,{'Idle': 14.569444444444445}
TelemetryTask,102142,102143,3982773.5,3982787.5833333335,14.083333333333334,{'Idle': 14.083333333333334}
UartTxTask,102145,102147,3987934.449074074,3987956.6203703703,22.171296296296298,{'TelemetryTask': 22.171296296296298}
UartTxTask,102151,102152,3988675.4305555555,3988690.4814814813,15.050925925925926,{'Idle': 15.050925925925926}
TelemetryTask,102156,102157,3992773.5231481483,3992787.361111111,13.837962962962964,{'Idle': 13.837962962962964}
UartTxTask,102159,102161,3997935.527777778,3997957.4166666665,21.88888888888889,{'TelemetryTask': 21.88888888888889}
UartTxTask,102165,102166,3998676.6064814813,3998691.277777778,14.671296296296296,{'Idle': 14.671296296296296}
TelemetryTask,102170,102171,4002773.467592593,4002787.657407407,14.189814814814815,{'Idle': 14.189814814814815}
UartTxTask,102173,102175,4007935.625,4007957.7268518517,22.10185185185185,{'TelemetryTask': 22.10185185185185}
UartTxTask,102179,102180,4008676.546296296,4008691.3518518517,14.805555555555555,{'Idle': 14.805555555555555}
TelemetryTask,102184,102185,4012773.439814815,4012787.2685185187,13.828703703703704,{'Idle': 13.828703703703704}
UartTxTask,102187,102189,4017934.675925926,4017956.6435185187,21.96759259259259,{'TelemetryTask': 21.967592592592595}
UartTxTask,102193,102194,4018675.685185185,4018690.597222222,14.912037037037036,{'Idle': 14.912037037037036}
TelemetryTask,102198,102199,4022773.328703704,4022786.921296296,13.592592592592593,{'Idle': 13.592592592592593}
UartTxTask,102201,102203,4027934.578703704,4027956.6064814813,22.02777777777778,{'TelemetryTask': 22.02777777777778}
UartTxTask,102207,102208,4028675.574074074,4028690.324074074,14.75,{'Idle': 14.75}
TelemetryTask,102212,102213,4032773.324074074,4032787.296296296,13.972222222222221,{'Idle': 13.972222222222221}
UartTxTask,102215,102217,4037935.097222222,4037957.532407407,22.435185185185187,{'TelemetryTask': 22.435185185185183}
UartTxTask,102221,102222,4038676.6064814813,4038691.402777778,14.796296296296296,{'Idle': 14.796296296296296}
TelemetryTask,102226,102227,4042773.3518518517,4042787.203703704,13.851851851851851,{'Idle': 13.851851851851851}
UartTxTask,102229,102231,4047934.537037037,4047956.722222222,22.185185185185187,{'TelemetryTask': 22.185185185185183}
UartTxTask,102235,102236,4048675.4953703703,4048690.5231481483,15.027777777777779,{'Idle': 15.027777777777779}
TelemetryTask,102240,102241,4052773.421296296,4052787.5231481483,14.101851851851851,{'Idle': 14.101851851851851}
UartTxTask,102243,102245,4057937.671296296,4057960.0833333335,22.412037037037038,{'TelemetryTask': 22.412037037037038}
UartTxTask,102249,102250,4058678.5694444445,4058693.296296296,14.726851851851851,{'Idle': 14.726851851851851}
TelemetryTask,102254,102255,4062773.361111111,4062787.097222222,13.73611111111111,{'Idle': 13.73611111111111}
UartTxTask,102257,102259,4067935.7314814813,4067958.2916666665,22.560185185185187,{'TelemetryTask': 22.560185185185183}
UartTxTask,102263,102264,4068677.217592593,4068691.8842592593,14.666666666666666,{'Idle': 14.666666666666666}
TelemetryTask,102268,102269,4072773.314814815,4072787.3333333335,14.018518518518519,{'Idle': 14.018518518518519}
UartTxTask,102271,102273,4077935.4166666665,4077957.8657407407,22.449074074074073,{'TelemetryTask': 22.449074074074076}
UartTxTask,102277,102278,4078676.3657407407,4078691.2592592593,14.893518518518519,{'Idle': 14.893518518518519}
TelemetryTask,102282,102283,4082773.3796296297,4082787.013888889,13.63425925925926,{'Idle': 13.63425925925926}
UartTxTask,102285,102287,4087934.342592593,4087956.611111111,22.26851851851852,{'TelemetryTask': 22.26851851851852}
UartTxTask,102291,102292,4088675.375,4088689.800925926,14.425925925925926,{'Idle': 14.425925925925926}
TelemetryTask,102296,102297,4092773.3796296297,4092787.6944444445,14.314814814814815,{'Idle': 14.314814814814815}
UartTxTask,102299,102301,4097935.175925926,4097957.1944444445,22.01851851851852,{'TelemetryTask': 22.01851851851852}
UartTxTask,102305,102306,4098675.6666666665,4098690.3333333335,14.666666666666666,{'Idle': 14.666666666666666}
TelemetryTask,102310,102311,4102773.2731481483,4102787.175925926,13.902777777777779,{'Idle': 13.902777777777779}
UartTxTask,102313,102315,4107934.5694444445,4107956.587962963,22.01851851851852,{'TelemetryTask': 22.01851851851852}
UartTxTask,102319,102320,4108675.486111111,4108690.0046296297,14.518518518518519,{'Idle': 14.518518518518519}
TelemetryTask,102324,102325,4112773.347222222,4112787.347222222,14.0,{'Idle': 14.0}
UartTxTask,102327,102329,4117935.0555555555,4117957.3842592593,22.328703703703702,{'TelemetryTask': 22.328703703703702}
UartTxTask,102333,102334,4118676.3518518517,4118690.7731481483,14.421296296296296,{'Idle': 14.421296296296296}
TelemetryTask,102338,102339,4122773.296296296,4122787.347222222,14.050925925925926,{'Idle': 14.050925925925926}
UartTxTask,102341,102343,4127934.7314814813,4127956.8842592593,22.15277777777778,{'TelemetryTask': 22.15277777777778}
UartTxTask,102347,102348,4128675.810185185,4128690.972222222,15.162037037037036,{'Idle': 15.162037037037036}
TelemetryTask,102352,102353,4132773.3564814813,4132787.1435185187,13.787037037037036,{'Idle': 13.787037037037036}
UartTxTask,102355,102357,4137933.9166666665,4137955.907407407,21.99074074074074,{'TelemetryTask': 21.99074074074074}
UartTxTask,102361,102362,4138674.449074074,4138689.0231481483,14.574074074074074,{'Idle': 14.574074074074074}
TelemetryTask,102366,102367,4142773.4166666665,4142787.236111111,13.819444444444445,{'Idle': 13.819444444444445}
UartTxTask,102369,102371,4147935.550925926,4147957.7268518517,22.175925925925927,{'TelemetryTask': 22.175925925925924}
UartTxTask,102375,102376,4148676.657407407,4148691.6018518517,14.944444444444445,{'Idle': 14.944444444444445}
TelemetryTask,102380,102381,4152773.3055555555,4152787.1481481483,13.842592592592593,{'Idle': 13.842592592592593}
UartTxTask,102383,102385,4157935.078703704,4157957.6296296297,22.550925925925927,{'TelemetryTask': 22.550925925925924}
UartTxTask,102389,102390,4158676.472222222,4158691.2314814813,14.75925925925926,{'Idle': 14.75925925925926}
TelemetryTask,102394,102395,4162773.3194444445,4162787.314814815,13.99537037037037,{'Idle': 13.99537037037037}
UartTxTask,102397,102399,4167934.7407407407,4167956.875,22.13425925925926,{'TelemetryTask': 22.13425925925926}
UartTxTask,102403,102404,4168676.152777778,4168691.013888889,14.86111111111111,{'Idle': 14.86111111111111}
TelemetryTask,102408,102409,4172773.3981481483,4172787.324074074,13.925925925925926,{'Idle': 13.925925925925926}
UartTxTask,102411,102413,4177935.236111111,4177957.4907407407,22.25462962962963,{'TelemetryTask': 22.25462962962963}
UartTxTask,102417,102418,4178676.337962963,4178691.046296296,14.708333333333334,{'Idle': 14.708333333333334}
TelemetryTask,102422,102423,4182773.3333333335,4182787.6666666665,14.333333333333334,{'Idle': 14.333333333333334}
UartTxTask,102425,102427,4187936.203703704,4187958.550925926,22.34722222222222,{'TelemetryTask': 22.34722222222222}
UartTxTask,102431,102432,4188677.4583333335,4188692.1666666665,14.708333333333334,{'Idle': 14.708333333333334}
TelemetryTask,102436,102437,4192773.425925926,4192787.439814815,14.01388888888889,{'Idle': 14.01388888888889}
UartTxTask,102439,102441,4197936.083333333,4197958.356481481,22.27314814814815,{'TelemetryTask': 22.273148148700045}
UartTxTask,102445,102446,4198677.180555556,4198692.12962963,14.949074074074074,{'Idle': 14.94907407352218}
TelemetryTask,102450,102451,4202773.384259259,4202787.291666667,13.907407407407407,"{'Idle': 13.907407407407407, 'TelemetryTask': 5.518948590313946e-10}"
UartTxTask,102453,102455,4207934.925925926,4207957.509259259,22.583333333333332,{'TelemetryTask': 22.583333332781436}
UartTxTask,102459,102460,4208677.296296297,4208692.097222222,14.800925925925926,{'Idle': 14.800925925374031}
TelemetryTask,102464,102465,4212773.375,4212787.162037037,13.787037037037036,{'Idle': 13.787037037037036}
UartTxTask,102467,102469,4217934.787037037,4217956.421296297,21.63425925925926,"{'TelemetryTask': 21.63425925925926, 'UartTxTask': 5.518948590313946e-10}"
UartTxTask,102473,102474,4218675.333333333,4218689.550925926,14.217592592592593,"{'Idle': 14.217592593144488, 'UartTxTask': 5.518948590313946e-10}"
TelemetryTask,102478,102479,4222773.509259259,4222787.462962963,13.953703703703704,{'Idle': 13.953703703703704}
UartTxTask,102481,102483,4227934.75462963,4227956.875,22.12037037037037,{'TelemetryTask': 22.12037037037037}
UartTxTask,102487,102488,4228675.708333333,4228690.282407408,14.574074074074074,{'Idle': 14.574074074625969}
TelemetryTask,102492,102493,4232773.444444444,4232787.523148148,14.078703703703704,{'Idle': 14.078703704255599}
UartTxTask,102495,102497,4237935.541666667,4237957.541666667,22.0,"{'TelemetryTask': 21.999999999448104, 'UartTxTask': 5.518948590313946e-10}"
UartTxTask,102501,102502,4238676.888888889,4238691.513888889,14.625,{'Idle': 14.625}
TelemetryTask,102506,102507,4242773.481481481,4242788.092592592,14.61111111111111,{'Idle': 14.61111111111111}
UartTxTask,102509,102511,4247935.828703703,4247958.078703703,22.25,{'TelemetryTask': 22.25}
UartTxTask,102515,102516,4248677.023148148,4248691.953703703,14.930555555555555,{'Idle': 14.93055555500366}
TelemetryTask,102520,102521,4252773.421296297,4252787.564814814,14.143518518518519,{'Idle': 14.143518517414728}
UartTxTask,102523,102525,4257934.972222222,4257957.148148148,22.175925925925927,{'TelemetryTask': 22.175925925925924}
UartTxTask,102529,102530,4258675.856481481,4258690.527777778,14.671296296296296,{'Idle': 14.671296296296296}
TelemetryTask,102534,102535,4262773.388888889,4262787.430555556,14.041666666666666,"{'Idle': 14.041666666666666, 'TelemetryTask': 5.518948590313946e-10}"
UartTxTask,102537,102539,4267935.259259259,4267957.722222222,22.462962962962962,{'TelemetryTask': 22.462962962962962}
UartTxTask,102543,102544,4268676.342592592,4268691.101851852,14.75925925925926,{'Idle': 14.75925925925926}
TelemetryTask,102548,102549,4272773.518518519,4272787.731481481,14.212962962962964,{'Idle': 14.212962962962964}
UartTxTask,102551,102553,4277935.666666667,4277958.282407408,22.61574074074074,{'TelemetryTask': 22.615740740188848}
UartTxTask,102557,102558,4278677.967592592,4278692.726851852,14.75925925925926,{'Idle': 14.75925925925926}
TelemetryTask,102562,102563,4282773.314814814,4282787.115740741,13.800925925925926,{'Idle': 13.80092592647782}
UartTxTask,102565,102567,4287935.037037037,4287956.791666667,21.75462962962963,"{'TelemetryTask': 21.75462962962963, 'UartTxTask': 5.518948590313946e-10}"
UartTxTask,102571,102572,4288675.847222222,4288690.907407408,15.060185185185185,{'Idle': 15.060185185185185}
TelemetryTask,102576,102577,4292773.287037037,4292787.300925926,14.01388888888889,"{'Idle': 14.01388888888889, 'TelemetryTask': 5.518948590313946e-10}"
UartTxTask,102579,102581,4297936.060185186,4297958.601851852,22.541666666666668,{'TelemetryTask': 22.54166666611477}
UartTxTask,102585,102586,4298677.444444444,4298692.287037037,14.842592592592593,{'Idle': 14.842592593144488}
TelemetryTask,102590,102591,4302773.388888889,4302787.523148148,14.13425925925926,{'Idle': 14.13425925925926}
UartTxTask,102593,102595,4307934.708333333,4307957.194444444,22.48611111111111,{'TelemetryTask': 22.48611111111111}
UartTxTask,102599,102600,4308676.064814814,4308690.722222222,14.657407407407407,{'Idle': 14.657407407959301}
TelemetryTask,102604,102605,4312773.425925926,4312787.37037037,13.944444444444445,{'Idle': 13.94444444389255}
UartTxTask,102607,102609,4317934.75,4317956.625,21.875,{'TelemetryTask': 21.875}
UartTxTask,102613,102614,4318674.930555556,4318689.74537037,14.814814814814815,{'Idle': 14.81481481426292}
TelemetryTask,102618,102619,4322773.398148148,4322787.388888889,13.99074074074074,{'Idle': 13.99074074074074}
UartTxTask,102621,102623,4327934.680555556,4327956.643518519,21.962962962962962,{'TelemetryTask': 21.96296296241107}
UartTxTask,102627,102628,4328676.087962963,4328691.018518519,14.930555555555555,{'Idle': 14.930555555555555}
TelemetryTask,102632,102633,4332773.476851852,4332787.666666667,14.189814814814815,"{'Idle': 14.189814814814815, 'TelemetryTask': 5.518948590313946e-10}"
UartTxTask,102635,102637,4337935.791666667,4337957.888888889,22.09722222222222,{'TelemetryTask': 22.09722222167033}
UartTxTask,102641,102642,4338677.152777778,4338691.861111111,14.708333333333334,{'Idle': 14.708333333333334}
TelemetryTask,102646,102647,4342773.347222222,4342787.212962963,13.86574074074074,{'Idle': 13.86574074074074}
UartTxTask,102649,102651,4347934.791666667,4347956.902777778,22.11111111111111,{'TelemetryTask': 22.111111110559214}
UartTxTask,102655,102656,4348675.810185186,4348690.430555556,14.62037037037037,"{'Idle': 14.620370369818476, 'UartTxTask': 5.518948590313946e-10}"
TelemetryTask,102660,102661,4352773.518518519,4352787.773148148,14.25462962962963,{'Idle': 14.25462962962963}
UartTxTask,102663,102665,4357935.486111111,4357957.439814814,21.953703703703702,{'TelemetryTask': 21.95370370315181}
UartTxTask,102669,102670,4358676.791666667,4358691.703703703,14.912037037037036,{'Idle': 14.912037035933247}
TelemetryTask,102674,102675,4362773.388888889,4362787.546296297,14.157407407407407,"{'Idle': 14.157407407407407, 'TelemetryTask': 5.518948590313946e-10}"
UartTxTask,102677,102679,4367935.37037037,4367957.657407408,22.287037037037038,{'TelemetryTask': 22.287037037037038}
UartTxTask,102683,102684,4368676.449074074,4368691.319444444,14.87037037037037,{'Idle': 14.87037037037037}
TelemetryTask,102688,102689,4372773.476851852,4372787.351851852,13.875,{'Idle': 13.875}
UartTxTask,102691,102693,4377935.143518519,4377957.018518519,21.875,{'TelemetryTask': 21.875}
UartTxTask,102697,102698,4378675.916666667,4378690.648148148,14.731481481481481,{'Idle': 14.731481480929586}
TelemetryTask,102702,102703,4382773.37962963,4382787.273148148,13.893518518518519,{'Idle': 13.893518518518519}
UartTxTask,102705,102707,4387935.606481481,4387957.824074074,22.21759259259259,{'TelemetryTask': 22.2175925920407}
UartTxTask,102711,102712,4388677.157407408,4388692.009259259,14.851851851851851,{'Idle': 14.851851851851851}
TelemetryTask,102716,102717,4392773.398148148,4392787.398148148,14.0,{'Idle': 14.0}
UartTxTask,102719,102721,4397935.888888889,4397958.222222222,22.333333333333332,{'TelemetryTask': 22.333333333333336}
UartTxTask,102725,102726,4398677.476851852,4398692.25462963,14.777777777777779,{'Idle': 14.777777777777779}
TelemetryTask,102730,102731,4402773.430555556,4402787.694444444,14.26388888888889,{'Idle': 14.263888887785098}
UartTxTask,102733,102735,4407935.856481481,4407957.666666667,21.810185185185187,"{'TelemetryTask': 21.810185185185183, 'UartTxTask': 5.518948590313946e-10}"
UartTxTask,102739,102740,4408676.763888889,4408691.287037037,14.523148148148149,{'Idle': 14.523148148148149}
TelemetryTask,102744,102745,4412773.476851852,4412787.435185186,13.958333333333334,"{'Idle': 13.958333333333334, 'TelemetryTask': 5.518948590313946e-10}"
UartTxTask,102747,102749,4417936.361111111,4417958.337962963,21.97685185185185,{'TelemetryTask': 21.976851851851855}
UartTxTask,102753,102754,4418677.643518519,4418692.37037037,14.726851851851851,{'Idle': 14.726851851851851}
TelemetryTask,102758,102759,4422773.421296297,4422787.111111111,13.689814814814815,{'Idle': 13.68981481426292}
UartTxTask,102761,102763,4427934.657407408,4427956.953703703,22.296296296296298,{'TelemetryTask': 22.2962962957444}
UartTxTask,102767,102768,4428675.453703703,4428690.416666667,14.962962962962964,"{'Idle': 14.962962963514858, 'UartTxTask': 5.518948590313946e-10}"
TelemetryTask,102772,102773,4432773.296296297,4432787.092592592,13.796296296296296,{'Idle': 13.796296295744401}
UartTxTask,102775,102777,4437934.337962963,4437956.717592592,22.37962962962963,{'TelemetryTask': 22.37962962962963}
UartTxTask,102781,102782,4438675.550925926,4438690.027777778,14.476851851851851,{'Idle': 14.476851851299957}
TelemetryTask,102786,102787,4442773.37037037,4442787.333333333,13.962962962962964,{'Idle': 13.962962962411067}
UartTxTask,102789,102791,4447934.555555556,4447956.393518519,21.837962962962962,{'TelemetryTask': 21.83796296241107}
UartTxTask,102795,102796,4448675.837962963,4448690.597222222,14.75925925925926,{'Idle': 14.75925925925926}
TelemetryTask,102800,102801,4452773.421296297,4452787.574074074,14.152777777777779,{'Idle': 14.152777776673988}
UartTxTask,102803,102805,4457936.217592592,4457958.185185186,21.96759259259259,"{'TelemetryTask': 21.96759259259259, 'UartTxTask': 5.518948590313946e-10}"
UartTxTask,102809,102810,4458677.671296297,4458691.972222222,14.300925925925926,{'Idle': 14.300925925374031}
TelemetryTask,102814,102815,4462773.407407408,4462787.481481481,14.074074074074074,{'Idle': 14.074074074074074}
UartTxTask,102817,102819,4467934.736111111,4467957.064814814,22.328703703703702,{'TelemetryTask': 22.32870370315181}
UartTxTask,102823,102824,4468676.25462963,4468691.060185186,14.805555555555555,"{'Idle': 14.805555555555555, 'UartTxTask': 5.518948590313946e-10}"
TelemetryTask,102828,102829,4472773.25,4472787.203703703,13.953703703703704,{'Idle': 13.95370370315181}
UartTxTask,102831,102833,4477935.865740741,4477958.236111111,22.37037037037037,{'TelemetryTask': 22.37037037037037}
UartTxTask,102837,102838,4478677.287037037,4478692.060185186,14.773148148148149,"{'Idle': 14.773148148148149, 'UartTxTask': 5.518948590313946e-10}"
TelemetryTask,102842,102843,4482773.453703703,4482787.462962963,14.00925925925926,{'Idle': 14.009259259811154}
UartTxTask,102845,102847,4487935.240740741,4487957.203703703,21.962962962962962,{'TelemetryTask': 21.96296296241107}
UartTxTask,102851,102852,4488676.291666667,4488690.671296297,14.37962962962963,"{'Idle': 14.379629629077735, 'UartTxTask': 5.518948590313946e-10}"
TelemetryTask,102856,102857,4492773.259259259,4492787.231481481,13.972222222222221,{'Idle': 13.972222222222221}
UartTxTask,102859,102861,4497934.958333333,4497957.291666667,22.333333333333332,"{'TelemetryTask': 22.33333333388523, 'UartTxTask': 5.518948590313946e-10}"
UartTxTask,102865,102866,4498676.069444444,4498690.402777778,14.333333333333334,{'Idle': 14.333333333885228}
TelemetryTask,102870,102871,4502773.425925926,4502787.685185186,14.25925925925926,"{'Idle': 14.259259258707365, 'TelemetryTask': 5.518948590313946e-10}"
UartTxTask,102873,102875,4507936.087962963,4507958.435185186,22.34722222222222,"{'TelemetryTask': 22.34722222222222, 'UartTxTask': 5.518948590313946e-10}"
UartTxTask,102879,102880,4508676.981481481,4508691.532407408,14.550925925925926,{'Idle': 14.550925925925926}
TelemetryTask,102884,102885,4512773.388888889,4512787.467592592,14.078703703703704,{'Idle': 14.078703703703704}
UartTxTask,102887,102889,4517935.564814814,4517957.990740741,22.425925925925927,{'TelemetryTask': 22.42592592647782}
UartTxTask,102893,102894,4518677.152777778,4518691.916666667,14.76388888888889,"{'Idle': 14.76388888888889, 'UartTxTask': 5.518948590313946e-10}"
TelemetryTask,102898,102899,4522773.365740741,4522787.351851852,13.98611111111111,{'Idle': 13.98611111111111}
UartTxTask,102901,102903,4527935.236111111,4527957.865740741,22.62962962962963,{'TelemetryTask': 22.62962962962963}
UartTxTask,102907,102908,4528676.282407408,4528690.722222222,14.439814814814815,{'Idle': 14.439814814814815}
TelemetryTask,102912,102913,4532773.490740741,4532787.342592592,13.851851851851851,{'Idle': 13.851851851851851}
UartTxTask,102915,102917,4537935.416666667,4537956.916666667,21.5,"{'TelemetryTask': 21.499999999448107, 'UartTxTask': 5.518948590313946e-10}"
UartTxTask,102921,102922,4538675.842592592,4538690.583333333,14.74074074074074,{'Idle': 14.740740740188846}
TelemetryTask,102926,102927,4542773.351851852,4542787.476851852,14.125,{'Idle': 14.125}
UartTxTask,102929,102931,4547935.722222222,4547958.087962963,22.36574074074074,{'TelemetryTask': 22.36574074074074}
UartTxTask,102935,102936,4548677.189814814,4548691.930555556,14.74074074074074,"{'Idle': 14.740740741292635, 'UartTxTask': 5.518948590313946e-10}"
TelemetryTask,102940,102941,4552773.337962963,4552787.291666667,13.953703703703704,"{'Idle': 13.953703703703704, 'TelemetryTask': 5.518948590313946e-10}"
UartTxTask,102943,102945,4557935.578703703,4557957.875,22.296296296296298,{'TelemetryTask': 22.29629629684819}
UartTxTask,102949,102950,4558676.652777778,4558691.62962963,14.976851851851851,{'Idle': 14.976851851851851}
TelemetryTask,102954,102955,4562773.416666667,4562787.578703703,14.162037037037036,{'Idle': 14.162037035933247}
UartTxTask,102957,102959,4567934.699074074,4567957.115740741,22.416666666666668,{'TelemetryTask': 22.416666667218564}
UartTxTask,102963,102964,4568675.930555556,4568690.583333333,14.652777777777779,{'Idle': 14.652777776673988}
TelemetryTask,102968,102969,4572773.398148148,4572787.560185186,14.162037037037036,"{'Idle': 14.162037037037036, 'TelemetryTask': 5.518948590313946e-10}"
UartTxTask,102971,102973,4577935.314814814,4577957.467592592,22.15277777777778,{'TelemetryTask': 22.15277777832967}
UartTxTask,102977,102978,4578676.092592592,4578691.074074074,14.981481481481481,{'Idle': 14.981481480929586}
TelemetryTask,102982,102983,4582773.416666667,4582787.310185186,13.893518518518519,"{'Idle': 13.893518517966625, 'TelemetryTask': 5.518948590313946e-10}"
UartTxTask,102985,102987,4587935.439814814,4587957.074074074,21.63425925925926,{'TelemetryTask': 21.63425925925926}
UartTxTask,102991,102992,4588675.574074074,4588690.277777778,14.703703703703704,{'Idle': 14.703703704255599}
TelemetryTask,102996,102997,4592773.462962963,4592787.550925926,14.087962962962964,"{'Idle': 14.087962962962964, 'TelemetryTask': 5.518948590313946e-10}"
UartTxTask,102999,103001,4597935.560185186,4597957.703703703,22.14351851851852,{'TelemetryTask': 22.14351851741473}
UartTxTask,103005,103006,4598676.12037037,4598691.138888889,15.018518518518519,{'Idle': 15.018518518518519}
TelemetryTask,103010,103011,4602773.490740741,4602787.425925926,13.935185185185185,"{'Idle': 13.935185185185185, 'TelemetryTask': 5.518948590313946e-10}"
UartTxTask,103013,103015,4607935.740740741,4607957.740740741,22.0,{'TelemetryTask': 22.0}
UartTxTask,103019,103020,4608676.726851852,4608691.851851852,15.125,{'Idle': 15.125}
TelemetryTask,103024,103025,4612773.351851852,4612787.421296297,14.069444444444445,"{'Idle': 14.069444444444445, 'TelemetryTask': 5.518948590313946e-10}"
UartTxTask,103027,103029,4617934.824074074,4617956.625,21.800925925925927,{'TelemetryTask': 21.800925926477824}
UartTxTask,103033,103034,4618675.958333333,4618690.861111111,14.902777777777779,{'Idle': 14.902777778329673}
TelemetryTask,103038,103039,4622773.347222222,4622787.310185186,13.962962962962964,"{'Idle': 13.962962962962964, 'TelemetryTask': 5.518948590313946e-10}"
UartTxTask,103041,103043,4627934.634259259,4627956.87037037,22.23611111111111,{'TelemetryTask': 22.23611111111111}
UartTxTask,103047,103048,4628675.731481481,4628690.736111111,15.00462962962963,{'Idle': 15.00462962962963}
TelemetryTask,103052,103053,4632773.430555556,4632787.310185186,13.87962962962963,"{'Idle': 13.879629629077735, 'TelemetryTask': 5.518948590313946e-10}"
UartTxTask,103055,103057,4637935.37962963,4637957.37962963,22.0,{'TelemetryTask': 22.0}
UartTxTask,103061,103062,4638676.472222222,4638691.152777778,14.680555555555555,{'Idle': 14.680555555555555}
TelemetryTask,103066,103067,4642773.361111111,4642787.152777778,13.791666666666666,{'Idle': 13.791666666666666}
UartTxTask,103069,103071,4647934.75,4647956.75462963,22.00462962962963,{'TelemetryTask': 22.00462962962963}
UartTxTask,103075,103076,4648675.726851852,4648690.564814814,14.837962962962964,{'Idle': 14.837962962411067}
TelemetryTask,103080,103081,4652773.388888889,4652787.615740741,14.226851851851851,{'Idle': 14.226851851851851}
UartTxTask,103083,103085,4657935.555555556,4657957.671296297,22.11574074074074,"{'TelemetryTask': 22.115740740188848, 'UartTxTask': 5.518948590313946e-10}"
UartTxTask,103089,103090,4658676.273148148,4658691.046296297,14.773148148148149,"{'Idle': 14.773148148148149, 'UartTxTask': 5.518948590313946e-10}"
TelemetryTask,103094,103095,4662773.273148148,4662787.273148148,14.0,{'Idle': 14.0}
UartTxTask,103097,103099,4667934.296296297,4667956.356481481,22.060185185185187,{'TelemetryTask': 22.06018518463329}
UartTxTask,103103,103104,4668674.740740741,4668689.092592592,14.351851851851851,{'Idle': 14.351851851851851}
TelemetryTask,103108,103109,4672773.449074074,4672787.476851852,14.027777777777779,{'Idle': 14.027777778329673}
UartTxTask,103111,103113,4677935.787037037,4677958.032407408,22.24537037037037,{'TelemetryTask': 22.24537037037037}
UartTxTask,103117,103118,4678676.75462963,4678691.481481481,14.726851851851851,{'Idle': 14.726851851851851}
TelemetryTask,103122,103123,4682773.518518519,4682787.666666667,14.148148148148149,"{'Idle': 14.148148148148149, 'TelemetryTask': 5.518948590313946e-10}"
UartTxTask,103125,103127,4687935.592592592,4687958.083333333,22.49074074074074,{'TelemetryTask': 22.490740740188848}
UartTxTask,103131,103132,4688676.583333333,4688691.453703703,14.87037037037037,{'Idle': 14.87037037037037}
TelemetryTask,103136,103137,4692773.324074074,4692787.347222222,14.023148148148149,{'Idle': 14.023148148700043}
UartTxTask,103139,103141,4697934.958333333,4697957.00462963,22.046296296296298,{'TelemetryTask': 22.04629629684819}
UartTxTask,103145,103146,4698675.574074074,4698690.152777778,14.578703703703704,{'Idle': 14.578703704255599}
TelemetryTask,103150,103151,4702773.277777778,4702787.416666667,14.13888888888889,"{'Idle': 14.13888888888889, 'TelemetryTask': 5.518948590313946e-10}"
UartTxTask,103153,103155,4707935.013888889,4707957.162037037,22.14814814814815,{'TelemetryTask': 22.14814814814815}
UartTxTask,103159,103160,4708676.388888889,4708691.013888889,14.625,{'Idle': 14.625}
TelemetryTask,103164,103165,4712773.458333333,4712787.425925926,13.967592592592593,"{'Idle': 13.967592593144488, 'TelemetryTask': 5.518948590313946e-10}"
ButtonTask,103168,103173,4714292.143518519,4718018.268518519,3726.125,"{'ISR#56': 5.643518518518518, 'TelemetryTask': 3720.4814814814813}"
UartTxTask,103171,103177,4717997.759259259,4718154.12962963,156.37037037037038,"{'TelemetryTask': 20.50925925925926, 'ButtonTask': 135.86111111111111}"
UartTxTask,103181,103182,4718885.712962963,4718894.578703703,8.86574074074074,{'Idle': 8.865740740188846}
UartTxTask,103187,103188,4719625.328703703,4719634.282407408,8.953703703703704,{'Idle': 8.953703704255599}
TelemetryTask,103192,103193,4722773.273148148,4722787.268518519,13.99537037037037,{'Idle': 13.99537037037037}
UartTxTask,103195,103197,4727934.856481481,4727957.199074074,22.34259259259259,{'TelemetryTask': 22.342592592040695}
UartTxTask,103201,103202,4728675.703703703,4728690.361111111,14.657407407407407,{'Idle': 14.657407407959301}
TelemetryTask,103206,103207,4732773.476851852,4732787.787037037,14.310185185185185,{'Idle': 14.310185185185185}
UartTxTask,103209,103211,4737934.787037037,4737956.75462963,21.96759259259259,{'TelemetryTask': 21.967592592592595}
UartTxTask,103215,103216,4738675.935185186,4738690.513888889,14.578703703703704,{'Idle': 14.57870370315181}
TelemetryTask,103220,103221,4742773.412037037,4742787.324074074,13.912037037037036,{'Idle': 13.912037036485142}
UartTxTask,103223,103225,4747935.578703703,4747957.777777778,22.199074074074073,{'TelemetryTask': 22.19907407462597}
UartTxTask,103229,103230,4748676.412037037,4748691.083333333,14.671296296296296,{'Idle': 14.671296295744401}
TelemetryTask,103234,103235,4752773.328703703,4752787.444444444,14.11574074074074,{'Idle': 14.11574074074074}
UartTxTask,103237,103239,4757934.787037037,4757957.347222222,22.560185185185187,{'TelemetryTask': 22.560185185185183}
UartTxTask,103243,103244,4758675.921296297,4758690.634259259,14.712962962962964,{'Idle': 14.712962962411067}
TelemetryTask,103248,103249,4762773.462962963,4762787.37962963,13.916666666666666,{'Idle': 13.916666666666666}
UartTxTask,103251,103253,4767935.939814814,4767957.888888889,21.949074074074073,{'TelemetryTask': 21.94907407462597}
UartTxTask,103257,103258,4768677.087962963,4768691.782407408,14.694444444444445,{'Idle': 14.694444444444445}
TelemetryTask,103262,103263,4772773.337962963,4772787.37962963,14.041666666666666,{'Idle': 14.041666666666666}
UartTxTask,103265,103267,4777935.648148148,4777957.62962963,21.98148148148148,{'TelemetryTask': 21.98148148148148}
UartTxTask,103271,103272,4778676.564814814,4778690.921296297,14.356481481481481,"{'Idle': 14.356481482033375, 'UartTxTask': 5.518948590313946e-10}"
TelemetryTask,103276,103277,4782773.375,4782787.310185186,13.935185185185185,"{'Idle': 13.935185185185185, 'TelemetryTask': 5.518948590313946e-10}"
UartTxTask,103279,103281,4787935.657407408,4787958.12962963,22.47222222222222,{'TelemetryTask': 22.47222222222222}
UartTxTask,103285,103286,4788676.953703703,4788691.615740741,14.662037037037036,{'Idle': 14.66203703758893}
TelemetryTask,103290,103291,4792773.347222222,4792787.513888889,14.166666666666666,{'Idle': 14.166666666666666}
UartTxTask,103293,103295,4797935.638888889,4797957.944444444,22.305555555555557,{'TelemetryTask': 22.30555555500366}
UartTxTask,103299,103300,4798676.976851852,4798691.847222222,14.87037037037037,{'Idle': 14.87037037037037}
TelemetryTask,103304,103305,4802773.273148148,4802787.319444444,14.046296296296296,{'Idle': 14.046296295744401}
UartTxTask,103307,103309,4807935.009259259,4807956.981481481,21.97222222222222,{'TelemetryTask': 21.97222222222222}
UartTxTask,103313,103314,4808675.842592592,4808690.560185186,14.717592592592593,"{'Idle': 14.717592592592593, 'UartTxTask': 5.518948590313946e-10}"
TelemetryTask,103318,103319,4812773.462962963,4812787.513888889,14.050925925925926,{'Idle': 14.050925925925926}
UartTxTask,103321,103323,4817935.217592592,4817957.351851852,22.13425925925926,{'TelemetryTask': 22.13425925925926}
UartTxTask,103327,103328,4818676.337962963,4818691.050925926,14.712962962962964,"{'Idle': 14.712962962962964, 'UartTxTask': 5.518948590313946e-10}"
TelemetryTask,103332,103333,4822773.310185186,4822787.425925926,14.11574074074074,"{'Idle': 14.115740740188846, 'TelemetryTask': 5.518948590313946e-10}"
UartTxTask,103335,103337,4827936.384259259,4827958.967592592,22.583333333333332,{'TelemetryTask': 22.583333333333336}
UartTxTask,103341,103342,4828677.592592592,4828692.310185186,14.717592592592593,"{'Idle': 14.717592592592593, 'UartTxTask': 5.518948590313946e-10}"
TelemetryTask,103346,103347,4832773.300925926,4832787.449074074,14.148148148148149,{'Idle': 14.148148147044358}
UartTxTask,103349,103351,4837935.273148148,4837957.342592592,22.069444444444443,{'TelemetryTask': 22.069444444444443}
UartTxTask,103355,103356,4838676.412037037,4838691.287037037,14.875,{'Idle': 14.875}
TelemetryTask,103360,103361,4842773.259259259,4842787.282407408,14.023148148148149,{'Idle': 14.023148148148149}
UartTxTask,103363,103365,4847935.430555556,4847957.75462963,22.324074074074073,{'TelemetryTask': 22.32407407352218}
UartTxTask,103369,103370,4848676.675925926,4848691.324074074,14.648148148148149,{'Idle': 14.648148147044358}
TelemetryTask,103374,103375,4852773.490740741,4852787.518518519,14.027777777777779,{'Idle': 14.027777777777779}
UartTxTask,103377,103379,4857935.018518519,4857957.180555556,22.162037037037038,"{'TelemetryTask': 22.162037037037038, 'UartTxTask': 5.518948590313946e-10}"
UartTxTask,103383,103384,4858675.62037037,4858690.388888889,14.768518518518519,{'Idle': 14.768518518518519}
TelemetryTask,103388,103389,4862773.393518519,4862787.194444444,13.800925925925926,{'Idle': 13.800925925374031}
UartTxTask,103391,103393,4867937.046296297,4867959.296296297,22.25,"{'TelemetryTask': 22.249999999448104, 'UartTxTask': 5.518948590313946e-10}"
UartTxTask,103397,103398,4868677.967592592,4868692.722222222,14.75462962962963,{'Idle': 14.75462962962963}
TelemetryTask,103402,103403,4872773.337962963,4872787.291666667,13.953703703703704,"{'Idle': 13.953703703703704, 'TelemetryTask': 5.518948590313946e-10}"
UartTxTask,103405,103407,4877934.055555556,4877956.569444444,22.51388888888889,{'TelemetryTask': 22.5138888877851}
UartTxTask,103411,103412,4878675.444444444,4878690.203703703,14.75925925925926,{'Idle': 14.75925925925926}
TelemetryTask,103416,103417,4882773.361111111,4882787.263888889,13.902777777777779,{'Idle': 13.902777777777779}
UartTxTask,103419,103421,4887935.532407408,4887957.851851852,22.319444444444443,{'TelemetryTask': 22.319444444444443}
UartTxTask,103425,103426,4888676.837962963,4888691.75462963,14.916666666666666,{'Idle': 14.916666666666666}
TelemetryTask,103430,103431,4892773.421296297,4892787.296296297,13.875,"{'Idle': 13.874999999448105, 'TelemetryTask': 5.518948590313946e-10}"
UartTxTask,103433,103435,4897936.138888889,4897958.268518519,22.12962962962963,{'TelemetryTask': 22.12962962962963}
UartTxTask,103439,103440,4898677.402777778,4898692.032407408,14.62962962962963,{'Idle': 14.62962962962963}
TelemetryTask,103444,103445,4902773.333333333,4902787.550925926,14.217592592592593,"{'Idle': 14.217592593144488, 'TelemetryTask': 5.518948590313946e-10}"
UartTxTask,103447,103449,4907935.893518519,4907958.148148148,22.25462962962963,{'TelemetryTask': 22.25462962962963}
UartTxTask,103453,103454,4908677.097222222,4908691.666666667,14.569444444444445,"{'Idle': 14.569444444444445, 'UartTxTask': 5.518948590313946e-10}"
TelemetryTask,103458,103459,4912773.305555556,4912787.509259259,14.203703703703704,{'Idle': 14.20370370315181}
UartTxTask,103461,103463,4917935.092592592,4917957.328703703,22.23611111111111,{'TelemetryTask': 22.236111110559214}
UartTxTask,103467,103468,4918675.99537037,4918690.699074074,14.703703703703704,{'Idle': 14.70370370315181}
TelemetryTask,103472,103473,4922773.347222222,4922787.310185186,13.962962962962964,"{'Idle': 13.962962962962964, 'TelemetryTask': 5.518948590313946e-10}"
UartTxTask,103475,103477,4927934.810185186,4927956.833333333,22.02314814814815,{'TelemetryTask': 22.02314814704436}
UartTxTask,103481,103482,4928675.875,4928690.5,14.625,{'Idle': 14.625}
TelemetryTask,103486,103487,4932773.416666667,4932787.412037037,13.99537037037037,{'Idle': 13.995370369818476}
UartTxTask,103489,103491,4937934.833333333,4937957.152777778,22.319444444444443,{'TelemetryTask': 22.31944444499634}
UartTxTask,103495,103496,4938676.25462963,4938690.708333333,14.453703703703704,{'Idle': 14.45370370315181}
TelemetryTask,103500,103501,4942773.24537037,4942787.421296297,14.175925925925926,"{'Idle': 14.175925925925926, 'TelemetryTask': 5.518948590313946e-10}"
UartTxTask,103503,103505,4947935.574074074,4947957.731481481,22.15740740740741,{'TelemetryTask': 22.1574074079593}
UartTxTask,103509,103510,4948676.25,4948690.782407408,14.532407407407407,{'Idle': 14.532407407407407}
TelemetryTask,103514,103515,4952773.342592592,4952787.62037037,14.277777777777779,{'Idle': 14.277777777777779}
UartTxTask,103517,103519,4957934.638888889,4957956.814814814,22.175925925925927,{'TelemetryTask': 22.17592592537403}
UartTxTask,103523,103524,4958675.481481481,4958690.263888889,14.782407407407407,{'Idle': 14.782407407407407}
TelemetryTask,103528,103529,4962773.384259259,4962787.509259259,14.125,{'Idle': 14.125}
UartTxTask,103531,103533,4967935.74537037,4967958.166666667,22.421296296296298,"{'TelemetryTask': 22.421296296296298, 'UartTxTask': 5.518948590313946e-10}"
UartTxTask,103537,103538,4968677.074074074,4968691.592592592,14.518518518518519,{'Idle': 14.518518519070414}
TelemetryTask,103542,103543,4972773.421296297,4972787.458333333,14.037037037037036,{'Idle': 14.037037037037036}
UartTxTask,103545,103547,4977935.490740741,4977957.486111111,21.99537037037037,{'TelemetryTask': 21.99537037037037}
UartTxTask,103551,103552,4978676.111111111,4978690.773148148,14.662037037037036,{'Idle': 14.662037037037036}
TelemetryTask,103556,103557,4982773.212962963,4982787.212962963,14.0,{'Idle': 14.0}
UartTxTask,103559,103561,4987934.458333333,4987957.041666667,22.583333333333332,{'TelemetryTask': 22.583333333333336}
UartTxTask,103565,103566,4988676.023148148,4988690.717592592,14.694444444444445,{'Idle': 14.694444444444445}
TelemetryTask,103570,103571,4992773.273148148,4992787.291666667,14.018518518518519,{'Idle': 14.018518518518519}
UartTxTask,103573,103575,4997934.768518519,4997956.99537037,22.22685185185185,{'TelemetryTask': 22.226851851851855}
UartTxTask,103579,103580,4998675.384259259,4998690.166666667,14.782407407407407,{'Idle': 14.782407407407407}
TelemetryTask,103584,103585,5002773.388888889,5002787.569444444,14.180555555555555,{'Idle': 14.180555555555555}
UartTxTask,103587,103589,5007935.152777778,5007957.328703703,22.175925925925927,{'TelemetryTask': 22.175925925925924}
UartTxTask,103593,103594,5008676.078703703,5008690.74537037,14.666666666666666,{'Idle': 14.666666666666666}
TelemetryTask,103598,103599,5012773.333333333,5012787.217592592,13.88425925925926,{'Idle': 13.88425925925926}
UartTxTask,103601,103603,5017934.648148148,5017956.759259259,22.11111111111111,{'TelemetryTask': 22.11111111111111}
UartTxTask,103607,103608,5018675.768518519,5018690.430555556,14.662037037037036,{'Idle': 14.662037037037036}
TelemetryTask,103612,103613,5022773.166666667,5022787.393518519,14.226851851851851,{'Idle': 14.226851851851851}
UartTxTask,103615,103617,5027935.259259259,5027957.421296297,22.162037037037038,{'TelemetryTask': 22.162037037037038}
UartTxTask,103621,103622,5028676.606481481,5028691.097222222,14.49074074074074,{'Idle': 14.49074074074074}
TelemetryTask,103626,103627,5032773.421296297,5032787.467592592,14.046296296296296,{'Idle': 14.046296296296296}
UartTxTask,103629,103631,5037935.055555556,5037957.0,21.944444444444443,{'TelemetryTask': 21.944444444444443}
UartTxTask,103635,103636,5038676.101851852,5038691.12037037,15.018518518518519,{'Idle': 15.018518518518519}
TelemetryTask,103640,103641,5042773.305555556,5042787.384259259,14.078703703703704,{'Idle': 14.078703703703704}
UartTxTask,103643,103645,5047935.486111111,5047957.675925926,22.189814814814813,{'TelemetryTask': 22.189814814814817}
UartTxTask,103649,103650,5048676.717592592,5048691.606481481,14.88888888888889,{'Idle': 14.88888888888889}
TelemetryTask,103654,103655,5052773.462962963,5052787.99537037,14.532407407407407,{'Idle': 14.532407407407407}
UartTxTask,103657,103659,5057935.74537037,5057958.12962963,22.38425925925926,{'TelemetryTask': 22.38425925925926}
UartTxTask,103663,103664,5058677.361111111,5058692.101851852,14.74074074074074,{'Idle': 14.74074074074074}
TelemetryTask,103668,103669,5062773.458333333,5062787.694444444,14.23611111111111,{'Idle': 14.23611111111111}
UartTxTask,103671,103673,5067935.606481481,5067957.574074074,21.96759259259259,{'TelemetryTask': 21.96759259259259}
UartTxTask,103677,103678,5068676.819444444,5068691.726851852,14.907407407407407,{'Idle': 14.907407407407407}
TelemetryTask,103682,103683,5072773.476851852,5072787.712962963,14.23611111111111,{'Idle': 14.23611111111111}
UartTxTask,103685,103687,5077935.37037037,5077957.361111111,21.99074074074074,{'TelemetryTask': 21.99074074074074}
UartTxTask,103691,103692,5078676.231481481,5078691.064814814,14.833333333333334,{'Idle': 14.833333333333334}
TelemetryTask,103696,103697,5082773.425925926,5082787.375,13.949074074074074,{'Idle': 13.949074074074074}
UartTxTask,103699,103701,5087935.199074074,5087957.203703703,22.00462962962963,{'TelemetryTask': 22.00462962962963}
UartTxTask,103705,103706,5088676.375,5088690.796296297,14.421296296296296,{'Idle': 14.421296296296296}
TelemetryTask,103710,103711,5092773.50462963,5092787.449074074,13.944444444444445,{'Idle': 13.944444444444445}
UartTxTask,103713,103715,5097934.800925926,5097957.046296297,22.24537037037037,{'TelemetryTask': 22.24537037037037}
UartTxTask,103719,103720,5098675.865740741,5098690.875,15.00925925925926,{'Idle': 15.00925925925926}
TelemetryTask,103724,103725,5102773.37962963,5102787.356481481,13.976851851851851,{'Idle': 13.976851851851851}
UartTxTask,103727,103729,5107935.50462963,5107957.888888889,22.38425925925926,{'TelemetryTask': 22.38425925925926}
UartTxTask,103733,103734,5108676.578703703,5108691.287037037,14.708333333333334,{'Idle': 14.708333333333334}
TelemetryTask,103738,103739,5112773.425925926,5112787.689814814,14.26388888888889,{'Idle': 14.26388888888889}
UartTxTask,103741,103743,5117935.263888889,5117957.490740741,22.22685185185185,{'TelemetryTask': 22.22685185185185}
UartTxTask,103747,103748,5118675.967592592,5118690.884259259,14.916666666666666,{'Idle': 14.916666666666666}
TelemetryTask,103752,103753,5122773.337962963,5122787.384259259,14.046296296296296,{'Idle': 14.046296296296296}
UartTxTask,103755,103757,5127935.069444444,5127957.027777778,21.958333333333332,{'TelemetryTask': 21.958333333333336}
UartTxTask,103761,103762,5128675.935185186,5128690.87037037,14.935185185185185,{'Idle': 14.935185185185185}
TelemetryTask,103766,103767,5132773.407407408,5132787.0,13.592592592592593,{'Idle': 13.592592592592593}
UartTxTask,103769,103771,5137935.157407408,5137957.291666667,22.13425925925926,{'TelemetryTask': 22.13425925925926}
UartTxTask,103775,103776,5138676.319444444,5138691.171296297,14.851851851851851,{'Idle': 14.851851851851851}
TelemetryTask,103780,103781,5142773.287037037,5142787.490740741,14.203703703703704,{'Idle': 14.203703703703704}
UartTxTask,103783,103785,5147935.310185186,5147956.546296297,21.23611111111111,{'TelemetryTask': 21.23611111111111}
UartTxTask,103789,103790,5148675.722222222,5148690.648148148,14.925925925925926,{'Idle': 14.925925925925926}
TelemetryTask,103794,103795,5152773.194444444,5152787.50462963,14.310185185185185,{'Idle': 14.310185185185185}
UartTxTask,103797,103799,5157936.421296297,5157958.625,22.203703703703702,{'TelemetryTask': 22.203703703703702}
UartTxTask,103803,103804,5158678.092592592,5158692.666666667,14.574074074074074,{'Idle': 14.574074074074074}
TelemetryTask,103808,103809,5162773.462962963,5162787.62037037,14.157407407407407,{'Idle': 14.157407407407407}
UartTxTask,103811,103813,5167935.412037037,5167957.717592592,22.305555555555557,{'TelemetryTask': 22.305555555555557}
UartTxTask,103817,103818,5168676.550925926,5168691.115740741,14.564814814814815,{'Idle': 14.564814814814815}
TelemetryTask,103822,103823,5172773.347222222,5172787.37037037,14.023148148148149,{'Idle': 14.023148148148149}
UartTxTask,103825,103827,5177935.439814814,5177957.587962963,22.14814814814815,{'TelemetryTask': 22.148148148148145}
UartTxTask,103831,103832,5178676.763888889,5178691.597222222,14.833333333333334,{'Idle': 14.833333333333334}
TelemetryTask,103836,103837,5182773.347222222,5182787.532407408,14.185185185185185,{'Idle': 14.185185185185185}
UartTxTask,103839,103841,5187934.800925926,5187956.833333333,22.03240740740741,{'TelemetryTask': 22.03240740740741}
UartTxTask,103845,103846,5188675.435185186,5188690.097222222,14.662037037037036,{'Idle': 14.662037037037036}
TelemetryTask,103850,103851,5192773.333333333,5192787.189814814,13.856481481481481,{'Idle': 13.856481481481481}
UartTxTask,103853,103855,5197935.532407408,5197957.597222222,22.064814814814813,{'TelemetryTask': 22.064814814814817}
UartTxTask,103859,103860,5198676.555555556,5198691.407407408,14.851851851851851,{'Idle': 14.851851851851851}
TelemetryTask,103864,103865,5202773.277777778,5202787.069444444,13.791666666666666,{'Idle': 13.791666666666666}
UartTxTask,103867,103869,5207935.268518519,5207957.777777778,22.50925925925926,{'TelemetryTask': 22.50925925925926}
UartTxTask,103873,103874,5208676.888888889,5208691.712962963,14.824074074074074,{'Idle': 14.824074074074074}
TelemetryTask,103878,103879,5212773.453703703,5212787.305555556,13.851851851851851,{'Idle': 13.851851851851851}
UartTxTask,103881,103883,5217935.268518519,5217957.50462963,22.23611111111111,{'TelemetryTask': 22.23611111111111}
UartTxTask,103887,103888,5218676.467592592,5218691.425925926,14.958333333333334,{'Idle': 14.958333333333334}
TelemetryTask,103892,103893,5222773.467592592,5222787.657407408,14.189814814814815,{'Idle': 14.189814814814815}
UartTxTask,103895,103897,5227934.365740741,5227956.685185186,22.319444444444443,{'TelemetryTask': 22.319444444444443}
UartTxTask,103901,103902,5228675.606481481,5228690.217592592,14.61111111111111,{'Idle': 14.61111111111111}
TelemetryTask,103906,103907,5232773.328703703,5232787.046296297,13.717592592592593,{'Idle': 13.717592592592593}
UartTxTask,103909,103911,5237934.842592592,5237956.907407408,22.064814814814813,{'TelemetryTask': 22.064814814814817}
UartTxTask,103915,103916,5238675.768518519,5238690.703703703,14.935185185185185,{'Idle': 14.935185185185185}
TelemetryTask,103920,103921,5242773.49537037,5242787.763888889,14.268518518518519,{'Idle': 14.268518518518519}
UartTxTask,103923,103925,5247935.75,5247957.731481481,21.98148148148148,{'TelemetryTask': 21.98148148148148}
UartTxTask,103929,103930,5248676.800925926,5248691.569444444,14.768518518518519,{'Idle': 14.768518518518519}
TelemetryTask,103934,103935,5252773.319444444,5252787.166666667,13.847222222222221,{'Idle': 13.847222222222221}
UartTxTask,103937,103939,5257935.185185186,5257957.412037037,22.22685185185185,{'TelemetryTask': 22.22685185185185}
UartTxTask,103943,103944,5258676.342592592,5258691.0,14.657407407407407,{'Idle': 14.657407407407407}
TelemetryTask,103948,103949,5262773.259259259,5262787.527777778,14.268518518518519,{'Idle': 14.268518518518519}
UartTxTask,103951,103953,5267935.324074074,5267957.046296297,21.72222222222222,{'TelemetryTask': 21.72222222222222}
UartTxTask,103957,103958,5268675.865740741,5268690.861111111,14.99537037037037,{'Idle': 14.99537037037037}
TelemetryTask,103962,103963,5272773.421296297,5272787.384259259,13.962962962962964,{'Idle': 13.962962962962964}
UartTxTask,103965,103967,5277935.310185186,5277957.314814814,22.00462962962963,{'TelemetryTask': 22.00462962962963}
UartTxTask,103971,103972,5278676.490740741,5278691.384259259,14.893518518518519,{'Idle': 14.893518518518519}
TelemetryTask,103976,103977,5282773.24537037,5282787.268518519,14.023148148148149,{'Idle': 14.023148148148149}
UartTxTask,103979,103981,5287935.074074074,5287957.023148148,21.949074074074073,{'TelemetryTask': 21.949074074074076}
UartTxTask,103985,103986,5288675.916666667,5288690.601851852,14.685185185185185,{'Idle': 14.685185185185185}
TelemetryTask,103990,103991,5292773.384259259,5292787.87962963,14.49537037037037,{'Idle': 14.49537037037037}
UartTxTask,103993,103995,5297936.231481481,5297958.324074074,22.09259259259259,{'TelemetryTask': 22.092592592592595}
UartTxTask,103999,104000,5298676.592592592,5298691.550925926,14.958333333333334,{'Idle': 14.958333333333334}
TelemetryTask,104004,104005,5302773.50462963,5302787.555555556,14.050925925925926,{'Idle': 14.050925925925926}
UartTxTask,104007,104009,5307934.361111111,5307956.560185186,22.199074074074073,{'TelemetryTask': 22.199074074074076}
UartTxTask,104013,104014,5308675.263888889,5308690.0,14.73611111111111,{'Idle': 14.73611111111111}
TelemetryTask,104018,104019,5312773.458333333,5312787.125,13.666666666666666,{'Idle': 13.666666666666666}
UartTxTask,104021,104023,5317934.291666667,5317955.856481481,21.564814814814813,{'TelemetryTask': 21.564814814814813}
UartTxTask,104027,104028,5318675.143518519,5318689.787037037,14.643518518518519,{'Idle': 14.643518518518519}
TelemetryTask,104032,104033,5322773.513888889,5322787.75,14.23611111111111,{'Idle': 14.23611111111111}
UartTxTask,104035,104037,5327935.800925926,5327957.935185186,22.13425925925926,{'TelemetryTask': 22.13425925925926}
UartTxTask,104041,104042,5328676.763888889,5328691.652777778,14.88888888888889,{'Idle': 14.88888888888889}
TelemetryTask,104046,104047,5332773.291666667,5332787.398148148,14.106481481481481,{'Idle': 14.106481481481481}
UartTxTask,104049,104051,5337934.342592592,5337956.550925926,22.208333333333332,{'TelemetryTask': 22.208333333333336}
UartTxTask,104055,104056,5338675.194444444,5338689.796296297,14.601851851851851,{'Idle': 14.601851851851851}
TelemetryTask,104060,104061,5342773.444444444,5342787.212962963,13.768518518518519,{'Idle': 13.768518518518519}
UartTxTask,104063,104065,5347934.597222222,5347956.402777778,21.805555555555557,{'TelemetryTask': 21.805555555555557}
UartTxTask,104069,104070,5348674.782407408,5348689.875,15.092592592592593,{'Idle': 15.092592592592593}
TelemetryTask,104074,104075,5352773.310185186,5352787.356481481,14.046296296296296,{'Idle': 14.046296296296296}
UartTxTask,104077,104079,5357935.115740741,5357957.236111111,22.12037037037037,{'TelemetryTask': 22.12037037037037}
UartTxTask,104083,104084,5358676.189814814,5358690.736111111,14.546296296296296,{'Idle': 14.546296296296296}
TelemetryTask,104088,104089,5362773.342592592,5362787.208333333,13.86574074074074,{'Idle': 13.86574074074074}
UartTxTask,104091,104093,5367935.013888889,5367956.939814814,21.925925925925927,{'TelemetryTask': 21.925925925925924}
UartTxTask,104097,104098,5368676.5,5368691.175925926,14.675925925925926,{'Idle': 14.675925925925926}
TelemetryTask,104102,104103,5372773.407407408,5372787.050925926,13.643518518518519,{'Idle': 13.643518518518519}
UartTxTask,104105,104107,5377935.513888889,5377957.958333333,22.444444444444443,{'TelemetryTask': 22.444444444444443}
UartTxTask,104111,104112,5378676.324074074,5378690.777777778,14.453703703703704,{'Idle': 14.453703703703704}
TelemetryTask,104116,104117,5382773.296296297,5382787.699074074,14.402777777777779,{'Idle': 14.402777777777779}
UartTxTask,104119,104121,5387935.699074074,5387958.018518519,22.319444444444443,{'TelemetryTask': 22.319444444444443}
UartTxTask,104125,104126,5388677.337962963,5388691.935185186,14.597222222222221,{'Idle': 14.597222222222221}
TelemetryTask,104130,104131,5392773.236111111,5392787.157407408,13.921296296296296,{'Idle': 13.921296296296296}
UartTxTask,104133,104135,5397934.851851852,5397957.24537037,22.39351851851852,{'TelemetryTask': 22.39351851851852}
UartTxTask,104139,104140,5398676.231481481,5398691.115740741,14.88425925925926,{'Idle': 14.88425925925926}
TelemetryTask,104144,104145,5402773.268518519,5402787.166666667,13.898148148148149,{'Idle': 13.898148148148149}
UartTxTask,104147,104149,5407934.12037037,5407956.314814814,22.194444444444443,{'TelemetryTask': 22.194444444444443}
UartTxTask,104153,104154,5408674.787037037,5408689.717592592,14.930555555555555,{'Idle': 14.930555555555555}
TelemetryTask,104158,104159,5412773.467592592,5412787.601851852,14.13425925925926,{'Idle': 14.13425925925926}
UartTxTask,104161,104163,5417935.060185186,5417957.319444444,22.25925925925926,{'TelemetryTask': 22.25925925925926}
UartTxTask,104167,104168,5418675.916666667,5418690.759259259,14.842592592592593,{'Idle': 14.842592592592593}
TelemetryTask,104172,104173,5422773.296296297,5422787.305555556,14.00925925925926,{'Idle': 14.00925925925926}
UartTxTask,104175,104177,5427935.5,5427957.782407408,22.28240740740741,{'TelemetryTask': 22.28240740740741}
UartTxTask,104181,104182,5428676.458333333,5428691.273148148,14.814814814814815,{'Idle': 14.814814814814815}
TelemetryTask,104186,104187,5432773.476851852,5432787.648148148,14.171296296296296,{'Idle': 14.171296296296296}
UartTxTask,104189,104191,5437935.513888889,5437957.666666667,22.15277777777778,{'TelemetryTask': 22.15277777777778}
UartTxTask,104195,104196,5438676.138888889,5438690.574074074,14.435185185185185,{'Idle': 14.435185185185185}
TelemetryTask,104200,104201,5442773.296296297,5442787.583333333,14.287037037037036,{'Idle': 14.287037037037036}
UartTxTask,104203,104205,5447935.759259259,5447957.986111111,22.22685185185185,{'TelemetryTask': 22.22685185185185}
UartTxTask,104209,104210,5448677.115740741,5448691.824074074,14.708333333333334,{'Idle': 14.708333333333334}
TelemetryTask,104214,104215,5452773.5,5452787.893518519,14.393518518518519,{'Idle': 14.393518518518519}
UartTxTask,104217,104219,5457936.509259259,5457958.476851852,21.96759259259259,{'TelemetryTask': 21.967592592592595}
UartTxTask,104223,104224,5458677.902777778,5458692.615740741,14.712962962962964,{'Idle': 14.712962962962964}
TelemetryTask,104228,104229,5462773.467592592,5462787.388888889,13.921296296296296,{'Idle': 13.921296296296296}
UartTxTask,104231,104233,5467934.925925926,5467957.083333333,22.15740740740741,{'TelemetryTask': 22.15740740740741}
UartTxTask,104237,104238,5468676.074074074,5468690.833333333,14.75925925925926,{'Idle': 14.75925925925926}
TelemetryTask,104242,104243,5472773.509259259,5472787.509259259,14.0,{'Idle': 14.0}
UartTxTask,104245,104247,5477935.814814814,5477957.958333333,22.14351851851852,{'TelemetryTask': 22.14351851851852}
UartTxTask,104251,104252,5478676.560185186,5478691.342592592,14.782407407407407,{'Idle': 14.782407407407407}
TelemetryTask,104256,104257,5482773.375,5482787.555555556,14.180555555555555,{'Idle': 14.180555555555555}
ButtonTask,104260,104265,5486555.833333333,5488017.49537037,1461.662037037037,"{'ISR#56': 5.486111111111111, 'TelemetryTask': 1456.1759259259259}"
UartTxTask,104263,104269,5487996.800925926,5488151.888888889,155.08796296296296,"{'TelemetryTask': 20.694444444444443, 'ButtonTask': 134.3935185185185}"
UartTxTask,104273,104274,5488884.12962963,5488893.268518519,9.13888888888889,{'Idle': 9.13888888888889}
UartTxTask,104279,104280,5489623.263888889,5489632.416666667,9.152777777777779,{'Idle': 9.152777777777779}
TelemetryTask,104284,104285,5492773.347222222,5492787.162037037,13.814814814814815,{'Idle': 13.814814814814815}
UartTxTask,104287,104289,5497934.546296297,5497956.685185186,22.13888888888889,{'TelemetryTask': 22.13888888888889}
UartTxTask,104293,104294,5498676.00462963,5498690.597222222,14.592592592592593,{'Idle': 14.592592592592593}
TelemetryTask,104298,104299,5502773.425925926,5502787.453703703,14.027777777777779,{'Idle': 14.027777777777779}
UartTxTask,104301,104303,5507935.375,5507957.458333333,22.083333333333332,{'TelemetryTask': 22.083333333333336}
UartTxTask,104307,104308,5508676.671296297,5508691.467592592,14.796296296296296,{'Idle': 14.796296296296296}
TelemetryTask,104312,104313,5512773.361111111,5512787.467592592,14.106481481481481,{'Idle': 14.106481481481481}
UartTxTask,104315,104317,5517935.384259259,5517957.648148148,22.26388888888889,{'TelemetryTask': 22.26388888888889}
UartTxTask,104321,104322,5518676.041666667,5518690.902777778,14.86111111111111,{'Idle': 14.86111111111111}
TelemetryTask,104326,104327,5522773.462962963,5522787.189814814,13.726851851851851,{'Idle': 13.726851851851851}
UartTxTask,104329,104331,5527935.49537037,5527957.231481481,21.73611111111111,{'TelemetryTask': 21.73611111111111}
UartTxTask,104335,104336,5528675.912037037,5528690.773148148,14.86111111111111,{'Idle': 14.86111111111111}
TelemetryTask,104340,104341,5532773.402777778,5532787.333333333,13.930555555555555,{'Idle': 13.930555555555555}
UartTxTask,104343,104345,5537934.791666667,5537957.115740741,22.324074074074073,{'TelemetryTask': 22.324074074074076}
UartTxTask,104349,104350,5538676.282407408,5538691.115740741,14.833333333333334,{'Idle': 14.833333333333334}
TelemetryTask,104354,104355,5542773.37962963,5542787.185185186,13.805555555555555,{'Idle': 13.805555555555555}
UartTxTask,104357,104359,5547934.541666667,5547956.708333333,22.166666666666668,{'TelemetryTask': 22.166666666666664}
UartTxTask,104363,104364,5548675.541666667,5548689.99537037,14.453703703703704,{'Idle': 14.453703703703704}
TelemetryTask,104368,104369,5552773.421296297,5552787.523148148,14.101851851851851,{'Idle': 14.101851851851851}
UartTxTask,104371,104373,5557935.800925926,5557957.944444444,22.14351851851852,{'TelemetryTask': 22.14351851851852}
UartTxTask,104377,104378,5558677.060185186,5558691.819444444,14.75925925925926,{'Idle': 14.75925925925926}
TelemetryTask,104382,104383,5562773.402777778,5562787.393518519,13.99074074074074,{'Idle': 13.99074074074074}
UartTxTask,104385,104387,5567935.208333333,5567957.537037037,22.328703703703702,{'TelemetryTask': 22.328703703703702}
UartTxTask,104391,104392,5568676.476851852,5568691.115740741,14.63888888888889,{'Idle': 14.63888888888889}
TelemetryTask,104396,104397,5572773.416666667,5572787.49537037,14.078703703703704,{'Idle': 14.078703703703704}
UartTxTask,104399,104401,5577935.861111111,5577958.013888889,22.15277777777778,{'TelemetryTask': 22.15277777777778}
UartTxTask,104405,104406,5578676.537037037,5578691.291666667,14.75462962962963,{'Idle': 14.75462962962963}
TelemetryTask,104410,104411,5582773.351851852,5582787.194444444,13.842592592592593,{'Idle': 13.842592592592593}
UartTxTask,104413,104415,5587935.699074074,5587958.328703703,22.62962962962963,{'TelemetryTask': 22.62962962962963}
UartTxTask,104419,104420,5588676.842592592,5588691.601851852,14.75925925925926,{'Idle': 14.75925925925926}
TelemetryTask,104424,104425,5592773.518518519,5592787.777777778,14.25925925925926,{'Idle': 14.25925925925926}
UartTxTask,104427,104429,5597936.023148148,5597957.921296297,21.89814814814815,{'TelemetryTask': 21.898148148148145}
UartTxTask,104433,104434,5598676.944444444,5598691.837962963,14.893518518518519,{'Idle': 14.893518518518519}
TelemetryTask,104438,104439,5602773.300925926,5602787.347222222,14.046296296296296,{'Idle': 14.046296296296296}
UartTxTask,104441,104443,5607934.694444444,5607956.976851852,22.28240740740741,{'TelemetryTask': 22.282407407407405}
UartTxTask,104447,104448,5608675.638888889,5608690.712962963,15.074074074074074,{'Idle': 15.074074074074074}
TelemetryTask,104452,104453,5612773.361111111,5612787.847222222,14.48611111111111,{'Idle': 14.48611111111111}
UartTxTask,104455,104457,5617938.069444444,5617960.435185186,22.36574074074074,{'TelemetryTask': 22.36574074074074}
UartTxTask,104461,104462,5618679.152777778,5618693.824074074,14.671296296296296,{'Idle': 14.671296296296296}
TelemetryTask,104466,104467,5622773.212962963,5622787.37962963,14.166666666666666,{'Idle': 14.166666666666666}
UartTxTask,104469,104471,5627934.694444444,5627956.907407408,22.212962962962962,{'TelemetryTask': 22.212962962962962}
UartTxTask,104475,104476,5628675.407407408,5628690.115740741,14.708333333333334,{'Idle': 14.708333333333334}
TelemetryTask,104480,104481,5632773.291666667,5632787.351851852,14.060185185185185,{'Idle': 14.060185185185185}
UartTxTask,104483,104485,5637935.648148148,5637958.189814814,22.541666666666668,{'TelemetryTask': 22.541666666666668}
UartTxTask,104489,104490,5638677.180555556,5638691.685185186,14.50462962962963,{'Idle': 14.50462962962963}
TelemetryTask,104494,104495,5642773.37037037,5642787.0,13.62962962962963,{'Idle': 13.62962962962963}
UartTxTask,104497,104499,5647935.009259259,5647957.532407408,22.52314814814815,{'TelemetryTask': 22.523148148148145}
UartTxTask,104503,104504,5648676.444444444,5648690.768518519,14.324074074074074,{'Idle': 14.324074074074074}
TelemetryTask,104508,104509,5652773.5,5652787.777777778,14.277777777777779,{'Idle': 14.277777777777779}
UartTxTask,104511,104513,5657935.185185186,5657957.236111111,22.050925925925927,{'TelemetryTask': 22.050925925925924}
UartTxTask,104517,104518,5658676.712962963,5658691.824074074,15.11111111111111,{'Idle': 15.11111111111111}
TelemetryTask,104522,104523,5662773.351851852,5662787.273148148,13.921296296296296,{'Idle': 13.921296296296296}
UartTxTask,104525,104527,5667935.25462963,5667957.134259259,21.87962962962963,{'TelemetryTask': 21.879629629629626}
UartTxTask,104531,104532,5668675.606481481,5668690.583333333,14.976851851851851,{'Idle': 14.976851851851851}
TelemetryTask,104536,104537,5672773.356481481,5672787.518518519,14.162037037037036,{'Idle': 14.162037037037036}
UartTxTask,104539,104541,5677935.412037037,5677957.625,22.212962962962962,{'TelemetryTask': 22.212962962962962}
UartTxTask,104545,104546,5678676.587962963,5678691.291666667,14.703703703703704,{'Idle': 14.703703703703704}
TelemetryTask,104550,104551,5682773.37037037,5682787.351851852,13.981481481481481,{'Idle': 13.981481481481481}
UartTxTask,104553,104555,5687935.425925926,5687957.916666667,22.49074074074074,{'TelemetryTask': 22.49074074074074}
UartTxTask,104559,104560,5688676.587962963,5688691.412037037,14.824074074074074,{'Idle': 14.824074074074074}
ButtonTask,104566,104568,5689905.462962963,5689920.486111111,15.023148148148149,"{'ISR#56': 5.833333333333333, 'Scheduler': 9.189814814814815}"
UartTxTask,104571,104573,5690039.837962963,5690069.083333333,29.24537037037037,{'ButtonTask': 29.245370370370367}
UartTxTask,104577,104578,5690788.092592592,5690797.444444444,9.351851851851851,{'Idle': 9.351851851851851}
TelemetryTask,104582,104583,5692773.49537037,5692787.87037037,14.375,{'Idle': 14.375}
UartTxTask,104585,104587,5697935.347222222,5697957.226851852,21.87962962962963,{'TelemetryTask': 21.87962962962963}
UartTxTask,104591,104592,5698676.37962963,5698691.226851852,14.847222222222221,{'Idle': 14.847222222222221}
TelemetryTask,104596,104597,5702773.351851852,5702787.648148148,14.296296296296296,{'Idle': 14.296296296296296}
UartTxTask,104599,104601,5707936.236111111,5707958.287037037,22.050925925925927,{'TelemetryTask': 22.050925925925927}
UartTxTask,104605,104606,5708677.236111111,5708692.240740741,15.00462962962963,{'Idle': 15.00462962962963}
TelemetryTask,104610,104611,5712773.472222222,5712787.731481481,14.25925925925926,{'Idle': 14.25925925925926}
UartTxTask,104613,104615,5717934.652777778,5717956.907407408,22.25462962962963,{'TelemetryTask': 22.25462962962963}
UartTxTask,104619,104620,5718675.643518519,5718690.574074074,14.930555555555555,{'Idle': 14.930555555555555}
TelemetryTask,104624,104625,5722773.361111111,5722787.5,14.13888888888889,{'Idle': 14.13888888888889}
UartTxTask,104627,104629,5727935.291666667,5727957.25462963,21.962962962962962,{'TelemetryTask': 21.962962962962962}
UartTxTask,104633,104634,5728676.078703703,5728690.513888889,14.435185185185185,{'Idle': 14.435185185185185}
TelemetryTask,104638,104639,5732773.273148148,5732787.384259259,14.11111111111111,{'Idle': 14.11111111111111}
UartTxTask,104641,104643,5737935.537037037,5737957.976851852,22.439814814814813,{'TelemetryTask': 22.439814814814817}
UartTxTask,104647,104648,5738677.148148148,5738692.263888889,15.11574074074074,{'Idle': 15.11574074074074}
TelemetryTask,104652,104653,5742773.486111111,5742787.356481481,13.87037037037037,{'Idle': 13.87037037037037}
UartTxTask,104655,104657,5747935.458333333,5747957.685185186,22.22685185185185,{'TelemetryTask': 22.22685185185185}
UartTxTask,104661,104662,5748676.189814814,5748691.157407408,14.967592592592593,{'Idle': 14.967592592592593}
TelemetryTask,104666,104667,5752773.425925926,5752787.277777778,13.851851851851851,{'Idle': 13.851851851851851}
UartTxTask,104669,104671,5757935.513888889,5757957.898148148,22.38425925925926,{'TelemetryTask': 22.38425925925926}
UartTxTask,104675,104676,5758676.37962963,5758691.189814814,14.810185185185185,{'Idle': 14.810185185185185}
TelemetryTask,104680,104681,5762773.509259259,5762787.546296297,14.037037037037036,{'Idle': 14.037037037037036}
UartTxTask,104683,104685,5767935.703703703,5767958.074074074,22.37037037037037,{'TelemetryTask': 22.37037037037037}
UartTxTask,104689,104690,5768677.143518519,5768691.972222222,14.828703703703704,{'Idle': 14.828703703703704}
TelemetryTask,104694,104695,5772773.574074074,5772787.393518519,13.819444444444445,{'Idle': 13.819444444444445}
UartTxTask,104697,104699,5777937.097222222,5777959.24537037,22.14814814814815,{'TelemetryTask': 22.14814814814815}
UartTxTask,104703,104704,5778678.12962963,5778692.736111111,14.606481481481481,{'Idle': 14.606481481481481}
TelemetryTask,104708,104709,5782773.328703703,5782787.523148148,14.194444444444445,{'Idle': 14.194444444444445}
UartTxTask,104711,104713,5787934.912037037,5787957.217592592,22.305555555555557,{'TelemetryTask': 22.305555555555557}
UartTxTask,104717,104718,5788676.106481481,5788690.944444444,14.837962962962964,{'Idle': 14.837962962962964}
TelemetryTask,104722,104723,5792773.546296297,5792787.675925926,14.12962962962963,{'Idle': 14.12962962962963}
UartTxTask,104725,104727,5797936.023148148,5797958.449074074,22.425925925925927,{'TelemetryTask': 22.425925925925927}
UartTxTask,104731,104732,5798677.49537037,5798692.171296297,14.675925925925926,{'Idle': 14.675925925925926}
TelemetryTask,104736,104737,5802773.402777778,5802787.217592592,13.814814814814815,{'Idle': 13.814814814814815}
UartTxTask,104739,104741,5807935.226851852,5807957.902777778,22.675925925925927,{'TelemetryTask': 22.675925925925924}
UartTxTask,104745,104746,5808676.393518519,5808691.064814814,14.671296296296296,{'Idle': 14.671296296296296}
TelemetryTask,104750,104751,5812773.259259259,5812787.12037037,13.86111111111111,{'Idle': 13.86111111111111}
UartTxTask,104753,104755,5817934.912037037,5817957.208333333,22.296296296296298,{'TelemetryTask': 22.296296296296298}
UartTxTask,104759,104760,5818676.347222222,5818690.907407408,14.560185185185185,{'Idle': 14.560185185185185}
TelemetryTask,104764,104765,5822773.388888889,5822787.041666667,13.652777777777779,{'Idle': 13.652777777777779}
UartTxTask,104767,104769,5827934.333333333,5827956.49537037,22.162037037037038,{'TelemetryTask': 22.162037037037038}
UartTxTask,104773,104774,5828675.402777778,5828689.902777778,14.5,{'Idle': 14.5}
TelemetryTask,104778,104779,5832773.486111111,5832787.662037037,14.175925925925926,{'Idle': 14.175925925925926}
UartTxTask,104781,104783,5837935.365740741,5837957.486111111,22.12037037037037,{'TelemetryTask': 22.12037037037037}
UartTxTask,104787,104788,5838675.685185186,5838690.796296297,15.11111111111111,{'Idle': 15.11111111111111}
TelemetryTask,104792,104793,5842773.305555556,5842787.25462963,13.949074074074074,{'Idle': 13.949074074074074}
UartTxTask,104795,104797,5847934.953703703,5847956.861111111,21.90740740740741,{'TelemetryTask': 21.907407407407405}
UartTxTask,104801,104802,5848675.393518519,5848689.828703703,14.435185185185185,{'Idle': 14.435185185185185}
TelemetryTask,104806,104807,5852773.300925926,5852787.328703703,14.027777777777779,{'Idle': 14.027777777777779}
UartTxTask,104809,104811,5857935.763888889,5857957.893518519,22.12962962962963,{'TelemetryTask': 22.12962962962963}
UartTxTask,104815,104816,5858677.25462963,5858691.759259259,14.50462962962963,{'Idle': 14.50462962962963}
TelemetryTask,104820,104821,5862773.194444444,5862787.041666667,13.847222222222221,{'Idle': 13.847222222222221}
ButtonTask,104824,104829,5864753.027777778,5868019.217592592,3266.189814814815,"{'ISR#56': 5.356481481481482, 'TelemetryTask': 3260.8333333333335}"
UartTxTask,104827,104833,5867998.375,5868154.736111111,156.36111111111111,"{'TelemetryTask': 20.84259259259259, 'ButtonTask': 135.51851851851853}"
UartTxTask,104837,104838,5868886.75462963,5868895.666666667,8.912037037037036,{'Idle': 8.912037037037036}
UartTxTask,104843,104844,5869626.324074074,5869635.291666667,8.967592592592593,{'Idle': 8.967592592592593}
TelemetryTask,104848,104849,5872773.393518519,5872787.314814814,13.921296296296296,{'Idle': 13.921296296296296}
UartTxTask,104851,104853,5877935.217592592,5877957.574074074,22.35648148148148,{'TelemetryTask': 22.35648148148148}
UartTxTask,104857,104858,5878676.685185186,5878691.324074074,14.63888888888889,{'Idle': 14.63888888888889}
TelemetryTask,104862,104863,5882773.425925926,5882787.476851852,14.050925925925926,{'Idle': 14.050925925925926}
UartTxTask,104865,104867,5887934.851851852,5887956.962962963,22.11111111111111,{'TelemetryTask': 22.111111111111114}
UartTxTask,104871,104872,5888675.976851852,5888690.611111111,14.63425925925926,{'Idle': 14.63425925925926}
TelemetryTask,104876,104877,5892773.259259259,5892787.287037037,14.027777777777779,{'Idle': 14.027777777777779}
UartTxTask,104879,104881,5897935.625,5897958.236111111,22.61111111111111,{'TelemetryTask': 22.611111111111114}
UartTxTask,104885,104886,5898676.851851852,5898691.921296297,15.069444444444445,{'Idle': 15.069444444444445}
TelemetryTask,104890,104891,5902773.513888889,5902787.472222222,13.958333333333334,{'Idle': 13.958333333333334}
UartTxTask,104893,104895,5907935.263888889,5907957.157407408,21.89351851851852,{'TelemetryTask': 21.89351851851852}
UartTxTask,104899,104900,5908676.143518519,5908690.907407408,14.76388888888889,{'Idle': 14.76388888888889}
TelemetryTask,104904,104905,5912773.425925926,5912787.74537037,14.319444444444445,{'Idle': 14.319444444444445}
UartTxTask,104907,104909,5917935.25,5917957.560185186,22.310185185185187,{'TelemetryTask': 22.310185185185183}
UartTxTask,104913,104914,5918677.101851852,5918691.810185186,14.708333333333334,{'Idle': 14.708333333333334}
TelemetryTask,104918,104919,5922773.263888889,5922787.208333333,13.944444444444445,{'Idle': 13.944444444444445}
UartTxTask,104921,104923,5927935.393518519,5927957.518518519,22.125,{'TelemetryTask': 22.125}
UartTxTask,104927,104928,5928676.587962963,5928691.513888889,14.925925925925926,{'Idle': 14.925925925925926}
TelemetryTask,104932,104933,5932773.449074074,5932788.023148148,14.574074074074074,{'Idle': 14.574074074074074}
UartTxTask,104935,104937,5937935.875,5937958.277777778,22.40277777777778,{'TelemetryTask': 22.40277777777778}
UartTxTask,104941,104942,5938677.824074074,5938692.282407408,14.458333333333334,{'Idle': 14.458333333333334}
TelemetryTask,104946,104947,5942773.490740741,5942787.62037037,14.12962962962963,{'Idle': 14.12962962962963}
UartTxTask,104949,104951,5947935.865740741,5947958.277777778,22.412037037037038,{'TelemetryTask': 22.412037037037038}
UartTxTask,104955,104956,5948677.203703703,5948692.212962963,15.00925925925926,{'Idle': 15.00925925925926}
TelemetryTask,104960,104961,5952773.185185186,5952787.319444444,14.13425925925926,{'Idle': 14.13425925925926}
UartTxTask,104963,104965,5957935.717592592,5957958.199074074,22.48148148148148,{'TelemetryTask': 22.48148148148148}
UartTxTask,104969,104970,5958677.009259259,5958691.819444444,14.810185185185185,{'Idle': 14.810185185185185}
TelemetryTask,104974,104975,5962773.291666667,5962787.259259259,13.967592592592593,{'Idle': 13.967592592592593}
UartTxTask,104977,104979,5967936.083333333,5967958.342592592,22.25925925925926,{'TelemetryTask': 22.25925925925926}
UartTxTask,104983,104984,5968677.412037037,5968692.069444444,14.657407407407407,{'Idle': 14.657407407407407}
TelemetryTask,104988,104989,5972773.412037037,5972787.541666667,14.12962962962963,{'Idle': 14.12962962962963}
UartTxTask,104991,104993,5977934.851851852,5977956.953703703,22.10185185185185,{'TelemetryTask': 22.101851851851855}
UartTxTask,104997,104998,5978676.259259259,5978691.171296297,14.912037037037036,{'Idle': 14.912037037037036}
TelemetryTask,105002,105003,5982773.263888889,5982787.412037037,14.148148148148149,{'Idle': 14.148148148148149}
UartTxTask,105005,105007,5987934.912037037,5987957.555555556,22.64351851851852,{'TelemetryTask': 22.64351851851852}
UartTxTask,105011,105012,5988676.282407408,5988691.018518519,14.73611111111111,{'Idle': 14.73611111111111}
TelemetryTask,105016,105017,5992773.393518519,5992787.268518519,13.875,{'Idle': 13.875}
UartTxTask,105019,105021,5997935.449074074,5997957.643518519,22.194444444444443,{'TelemetryTask': 22.194444444444443}
UartTxTask,105025,105026,5998676.671296297,5998691.666666667,14.99537037037037,{'Idle': 14.99537037037037}
TelemetryTask,105030,105031,6002773.476851852,6002787.763888889,14.287037037037036,{'Idle': 14.287037037037036}
UartTxTask,105033,105035,6007935.074074074,6007957.157407408,22.083333333333332,{'TelemetryTask': 22.083333333333332}
UartTxTask,105039,105040,6008675.833333333,6008690.324074074,14.49074074074074,{'Idle': 14.49074074074074}
ButtonTask,105046,105048,6008802.064814814,6008814.481481481,12.416666666666666,"{'ISR#56': 6.12037037037037, 'Scheduler': 6.296296296296297}"
UartTxTask,105051,105053,6008922.222222222,6008951.708333333,29.48611111111111,{'ButtonTask': 29.48611111111111}
UartTxTask,105057,105058,6009670.462962963,6009679.731481481,9.268518518518519,{'Idle': 9.268518518518519}
TelemetryTask,105062,105063,6012773.453703703,6012787.388888889,13.935185185185185,{'Idle': 13.935185185185185}
UartTxTask,105065,105067,6017935.37962963,6017957.62037037,22.24074074074074,{'TelemetryTask': 22.24074074074074}
UartTxTask,105071,105072,6018676.296296297,6018691.0,14.703703703703704,{'Idle': 14.703703703703704}
TelemetryTask,105076,105077,6022773.310185186,6022787.462962963,14.152777777777779,{'Idle': 14.152777777777779}
UartTxTask,105079,105081,6027935.106481481,6027957.324074074,22.21759259259259,{'TelemetryTask': 22.217592592592595}
UartTxTask,105085,105086,6028675.810185186,6028690.449074074,14.63888888888889,{'Idle': 14.63888888888889}
TelemetryTask,105090,105091,6032773.300925926,6032787.287037037,13.98611111111111,{'Idle': 13.98611111111111}
UartTxTask,105093,105095,6037936.259259259,6037958.259259259,22.0,{'TelemetryTask': 22.0}
UartTxTask,105099,105100,6038677.115740741,6038692.027777778,14.912037037037036,{'Idle': 14.912037037037036}
TelemetryTask,105104,105105,6042773.324074074,6042787.453703703,14.12962962962963,{'Idle': 14.12962962962963}
UartTxTask,105107,105109,6047935.097222222,6047956.833333333,21.73611111111111,{'TelemetryTask': 21.73611111111111}
UartTxTask,105113,105114,6048675.814814814,6048690.509259259,14.694444444444445,{'Idle': 14.694444444444445}
TelemetryTask,105118,105119,6052773.518518519,6052787.212962963,13.694444444444445,{'Idle': 13.694444444444445}
UartTxTask,105121,105123,6057935.236111111,6057957.37037037,22.13425925925926,{'TelemetryTask': 22.13425925925926}
UartTxTask,105127,105128,6058676.555555556,6058691.157407408,14.601851851851851,{'Idle': 14.601851851851851}
TelemetryTask,105132,105133,6062773.25,6062787.583333333,14.333333333333334,{'Idle': 14.333333333333334}
UartTxTask,105135,105137,6067935.310185186,6067957.259259259,21.949074074074073,{'TelemetryTask': 21.949074074074076}
UartTxTask,105141,105142,6068676.657407408,6068691.467592592,14.810185185185185,{'Idle': 14.810185185185185}
TelemetryTask,105146,105147,6072773.509259259,6072787.814814814,14.305555555555555,{'Idle': 14.305555555555555}
UartTxTask,105149,105151,6077935.125,6077957.407407408,22.28240740740741,{'TelemetryTask': 22.28240740740741}
UartTxTask,105155,105156,6078676.25462963,6078691.078703703,14.824074074074074,{'Idle': 14.824074074074074}
TelemetryTask,105160,105161,6082773.194444444,6082787.333333333,14.13888888888889,{'Idle': 14.13888888888889}
UartTxTask,105163,105165,6087935.347222222,6087957.615740741,22.26851851851852,{'TelemetryTask': 22.26851851851852}
UartTxTask,105169,105170,6088676.347222222,6088690.842592592,14.49537037037037,{'Idle': 14.49537037037037}
TelemetryTask,105174,105175,6092773.347222222,6092787.231481481,13.88425925925926,{'Idle': 13.88425925925926}
UartTxTask,105177,105179,6097934.685185186,6097957.300925926,22.61574074074074,{'TelemetryTask': 22.61574074074074}
UartTxTask,105183,105184,6098676.569444444,6098691.222222222,14.652777777777779,{'Idle': 14.652777777777779}
TelemetryTask,105188,105189,6102773.37962963,6102787.305555556,13.925925925925926,{'Idle': 13.925925925925926}
UartTxTask,105191,105193,6107934.694444444,6107956.976851852,22.28240740740741,{'TelemetryTask': 22.282407407407405}
UartTxTask,105197,105198,6108675.953703703,6108690.759259259,14.805555555555555,{'Idle': 14.805555555555555}
TelemetryTask,105202,105203,6112773.375,6112787.157407408,13.782407407407407,{'Idle': 13.782407407407407}
UartTxTask,105205,105207,6117934.351851852,6117956.416666667,22.064814814814813,{'TelemetryTask': 22.064814814814817}
UartTxTask,105211,105212,6118675.287037037,6118690.222222222,14.935185185185185,{'Idle': 14.935185185185185}
TelemetryTask,105216,105217,6122773.393518519,6122787.875,14.481481481481481,{'Idle': 14.481481481481481}
UartTxTask,105219,105221,6127935.574074074,6127957.99537037,22.421296296296298,{'TelemetryTask': 22.421296296296298}
UartTxTask,105225,105226,6128677.425925926,6128692.199074074,14.773148148148149,{'Idle': 14.773148148148149}
TelemetryTask,105230,105231,6132773.601851852,6132787.921296297,14.319444444444445,{'Idle': 14.319444444444445}
UartTxTask,105233,105235,6137935.490740741,6137957.203703703,21.712962962962962,{'TelemetryTask': 21.712962962962962}
UartTxTask,105239,105240,6138675.87962963,6138690.791666667,14.912037037037036,{'Idle': 14.912037037037036}
TelemetryTask,105244,105245,6142773.314814814,6142787.5,14.185185185185185,{'Idle': 14.185185185185185}
UartTxTask,105247,105249,6147935.305555556,6147957.273148148,21.96759259259259,{'TelemetryTask': 21.967592592592595}
UartTxTask,105253,105254,6148676.375,6148691.347222222,14.972222222222221,{'Idle': 14.972222222222221}
TelemetryTask,105258,105259,6152773.347222222,6152787.578703703,14.231481481481481,{'Idle': 14.231481481481481}
UartTxTask,105261,105263,6157935.481481481,6157957.708333333,22.22685185185185,{'TelemetryTask': 22.226851851851855}
UartTxTask,105267,105268,6158676.625,6158691.490740741,14.86574074074074,{'Idle': 14.86574074074074}
TelemetryTask,105272,105273,6162773.25462963,6162787.115740741,13.86111111111111,{'Idle': 13.86111111111111}
ButtonTask,105276,105281,6164543.0,6168018.476851852,3475.4768518518517,"{'ISR#56': 5.782407407407407, 'TelemetryTask': 3469.694444444445}"
UartTxTask,105279,105285,6167997.37037037,6168153.953703703,156.58333333333334,"{'TelemetryTask': 21.10648148148148, 'ButtonTask': 135.47685185185185}"
UartTxTask,105289,105290,6168886.416666667,6168895.578703703,9.162037037037036,{'Idle': 9.162037037037036}
UartTxTask,105295,105296,6169625.5,6169634.921296297,9.421296296296296,{'Idle': 9.421296296296296}
TelemetryTask,105300,105301,6172773.259259259,6172787.074074074,13.814814814814815,{'Idle': 13.814814814814815}
UartTxTask,105303,105305,6177934.361111111,6177956.319444444,21.958333333333332,{'TelemetryTask': 21.958333333333336}
UartTxTask,105309,105310,6178675.277777778,6178689.893518519,14.61574074074074,{'Idle': 14.61574074074074}
TelemetryTask,105314,105315,6182773.300925926,6182787.467592592,14.166666666666666,{'Idle': 14.166666666666666}
UartTxTask,105317,105319,6187934.847222222,6187957.0,22.15277777777778,{'TelemetryTask': 22.15277777777778}
UartTxTask,105323,105324,6188675.689814814,6188690.287037037,14.597222222222221,{'Idle': 14.597222222222221}
TelemetryTask,105328,105329,6192773.481481481,6192787.740740741,14.25925925925926,{'Idle': 14.25925925925926}
UartTxTask,105331,105333,6197936.597222222,6197958.717592592,22.12037037037037,{'TelemetryTask': 22.12037037037037}
UartTxTask,105337,105338,6198677.643518519,6198692.435185186,14.791666666666666,{'Idle': 14.791666666666666}
TelemetryTask,105342,105343,6202773.300925926,6202787.416666667,14.11574074074074,{'Idle': 14.11574074074074}
UartTxTask,105345,105347,6207935.069444444,6207957.180555556,22.11111111111111,{'TelemetryTask': 22.11111111111111}
UartTxTask,105351,105352,6208676.189814814,6208691.027777778,14.837962962962964,{'Idle': 14.837962962962964}
TelemetryTask,105356,105357,6212773.37962963,6212787.402777778,14.023148148148149,{'Idle': 14.023148148148149}
UartTxTask,105359,105361,6217935.449074074,6217957.546296297,22.09722222222222,{'TelemetryTask': 22.09722222222222}
UartTxTask,105365,105366,6218676.222222222,6218691.078703703,14.856481481481481,{'Idle': 14.856481481481481}
TelemetryTask,105370,105371,6222773.324074074,6222787.361111111,14.037037037037036,{'Idle': 14.037037037037036}
UartTxTask,105373,105375,6227934.773148148,6227957.027777778,22.25462962962963,{'TelemetryTask': 22.25462962962963}
UartTxTask,105379,105380,6228675.925925926,6228690.782407408,14.856481481481481,{'Idle': 14.856481481481481}
TelemetryTask,105384,105385,6232773.333333333,6232787.462962963,14.12962962962963,{'Idle': 14.12962962962963}
UartTxTask,105387,105389,6237937.916666667,6237960.092592592,22.175925925925927,{'TelemetryTask': 22.175925925925924}
UartTxTask,105393,105394,6238678.740740741,6238693.828703703,15.087962962962964,{'Idle': 15.087962962962964}
TelemetryTask,105398,105399,6242773.435185186,6242787.861111111,14.425925925925926,{'Idle': 14.425925925925926}
UartTxTask,105401,105403,6247935.736111111,6247957.680555556,21.944444444444443,{'TelemetryTask': 21.944444444444443}
UartTxTask,105407,105408,6248676.777777778,6248691.569444444,14.791666666666666,{'Idle': 14.791666666666666}
TelemetryTask,105412,105413,6252773.435185186,6252787.625,14.189814814814815,{'Idle': 14.189814814814815}
UartTxTask,105415,105417,6257935.518518519,6257957.518518519,22.0,{'TelemetryTask': 22.0}
UartTxTask,105421,105422,6258676.277777778,6258690.967592592,14.689814814814815,{'Idle': 14.689814814814815}
TelemetryTask,105426,105427,6262773.5,6262787.314814814,13.814814814814815,{'Idle': 13.814814814814815}
UartTxTask,105429,105431,6267935.393518519,6267957.291666667,21.89814814814815,{'TelemetryTask': 21.89814814814815}
UartTxTask,105435,105436,6268676.273148148,6268691.111111111,14.837962962962964,{'Idle': 14.837962962962964}
TelemetryTask,105440,105441,6272773.537037037,6272787.611111111,14.074074074074074,{'Idle': 14.074074074074074}
UartTxTask,105443,105445,6277936.087962963,6277958.416666667,22.328703703703702,{'TelemetryTask': 22.328703703703702}
UartTxTask,105449,105450,6278677.319444444,6278691.675925926,14.356481481481481,{'Idle': 14.356481481481481}
TelemetryTask,105454,105455,6282773.425925926,6282787.509259259,14.083333333333334,{'Idle': 14.083333333333334}
UartTxTask,105457,105459,6287934.736111111,6287956.439814814,21.703703703703702,{'TelemetryTask': 21.703703703703702}
UartTxTask,105463,105464,6288675.425925926,6288690.115740741,14.689814814814815,{'Idle': 14.689814814814815}
TelemetryTask,105468,105469,6292773.467592592,6292787.578703703,14.11111111111111,{'Idle': 14.11111111111111}
UartTxTask,105471,105473,6297934.768518519,6297956.564814814,21.796296296296298,{'TelemetryTask': 21.796296296296298}
UartTxTask,105477,105478,6298675.740740741,6298690.541666667,14.800925925925926,{'Idle': 14.800925925925926}
TelemetryTask,105482,105483,6302773.421296297,6302787.486111111,14.064814814814815,{'Idle': 14.064814814814815}
UartTxTask,105485,105487,6307935.060185186,6307957.555555556,22.49537037037037,{'TelemetryTask': 22.49537037037037}
UartTxTask,105491,105492,6308676.513888889,6308691.453703703,14.939814814814815,{'Idle': 14.939814814814815}
TelemetryTask,105496,105497,6312773.37962963,6312787.347222222,13.967592592592593,{'Idle': 13.967592592592593}
UartTxTask,105499,105501,6317935.12962963,6317957.546296297,22.416666666666668,{'TelemetryTask': 22.416666666666664}
UartTxTask,105505,105506,6318676.555555556,6318691.509259259,14.953703703703704,{'Idle': 14.953703703703704}
TelemetryTask,105510,105511,6322773.527777778,6322787.736111111,14.208333333333334,{'Idle': 14.208333333333334}
UartTxTask,105513,105515,6327935.050925926,6327957.416666667,22.36574074074074,{'TelemetryTask': 22.36574074074074}
UartTxTask,105519,105520,6328676.532407408,6328691.226851852,14.694444444444445,{'Idle': 14.694444444444445}
TelemetryTask,105524,105525,6332773.435185186,6332787.425925926,13.99074074074074,{'Idle': 13.99074074074074}
ButtonTask,105528,105533,6335068.328703703,6338019.439814814,2951.1111111111113,"{'ISR#56': 5.699074074074074, 'TelemetryTask': 2945.4120370370365}"
UartTxTask,105531,105537,6337999.226851852,6338154.25,155.02314814814815,"{'TelemetryTask': 20.212962962962962, 'ButtonTask': 134.8101851851852}"
UartTxTask,105541,105542,6338886.435185186,6338895.671296297,9.23611111111111,{'Idle': 9.23611111111111}
UartTxTask,105547,105548,6339626.5,6339635.333333333,8.833333333333334,{'Idle': 8.833333333333334}
TelemetryTask,105552,105553,6342773.421296297,6342787.388888889,13.967592592592593,{'Idle': 13.967592592592593}
UartTxTask,105555,105557,6347935.916666667,6347957.555555556,21.63888888888889,{'TelemetryTask': 21.638888888888886}
UartTxTask,105561,105562,6348676.819444444,6348691.583333333,14.76388888888889,{'Idle': 14.76388888888889}
TelemetryTask,105566,105567,6352773.476851852,6352787.314814814,13.837962962962964,{'Idle': 13.837962962962964}
UartTxTask,105569,105571,6357935.018518519,6357957.189814814,22.171296296296298,{'TelemetryTask': 22.171296296296298}
UartTxTask,105575,105576,6358675.722222222,6358690.726851852,15.00462962962963,{'Idle': 15.00462962962963}
TelemetryTask,105580,105581,6362773.37962963,6362787.486111111,14.106481481481481,{'Idle': 14.106481481481481}
UartTxTask,105583,105585,6367935.222222222,6367957.342592592,22.12037037037037,{'TelemetryTask': 22.12037037037037}
UartTxTask,105589,105590,6368675.981481481,6368690.99537037,15.01388888888889,{'Idle': 15.01388888888889}
TelemetryTask,105594,105595,6372773.476851852,6372787.393518519,13.916666666666666,{'Idle': 13.916666666666666}
UartTxTask,105597,105599,6377935.537037037,6377957.578703703,22.041666666666668,{'TelemetryTask': 22.041666666666668}
UartTxTask,105603,105604,6378676.712962963,6378691.143518519,14.430555555555555,{'Idle': 14.430555555555555}
TelemetryTask,105608,105609,6382773.527777778,6382787.481481481,13.953703703703704,{'Idle': 13.953703703703704}
UartTxTask,105611,105613,6387935.777777778,6387957.875,22.09722222222222,{'TelemetryTask': 22.09722222222222}
UartTxTask,105617,105618,6388676.541666667,6388691.175925926,14.63425925925926,{'Idle': 14.63425925925926}
TelemetryTask,105622,105623,6392773.351851852,6392787.523148148,14.171296296296296,{'Idle': 14.171296296296296}
UartTxTask,105625,105627,6397935.453703703,6397957.375,21.921296296296298,{'TelemetryTask': 21.921296296296298}
UartTxTask,105631,105632,6398676.527777778,6398691.263888889,14.73611111111111,{'Idle': 14.73611111111111}
TelemetryTask,105636,105637,6402773.347222222,6402787.62037037,14.273148148148149,{'Idle': 14.273148148148149}
UartTxTask,105639,105641,6407935.513888889,6407957.444444444,21.930555555555557,{'TelemetryTask': 21.930555555555557}
UartTxTask,105645,105646,6408676.560185186,6408691.166666667,14.606481481481481,{'Idle': 14.606481481481481}
TelemetryTask,105650,105651,6412773.50462963,6412787.805555556,14.300925925925926,{'Idle': 14.300925925925926}
UartTxTask,105653,105655,6417937.791666667,6417960.259259259,22.46759259259259,{'TelemetryTask': 22.46759259259259}
UartTxTask,105659,105660,6418679.046296297,6418693.837962963,14.791666666666666,{'Idle': 14.791666666666666}
TelemetryTask,105664,105665,6422773.319444444,6422787.00462963,13.685185185185185,{'Idle': 13.685185185185185}
UartTxTask,105667,105669,6427934.606481481,6427956.689814814,22.083333333333332,{'TelemetryTask': 22.083333333333332}
UartTxTask,105673,105674,6428675.731481481,6428690.699074074,14.967592592592593,{'Idle': 14.967592592592593}
TelemetryTask,105678,105679,6432773.435185186,6432787.518518519,14.083333333333334,{'Idle': 14.083333333333334}
UartTxTask,105681,105683,6437935.328703703,6437957.680555556,22.35185185185185,{'TelemetryTask': 22.35185185185185}
UartTxTask,105687,105688,6438676.268518519,6438691.009259259,14.74074074074074,{'Idle': 14.74074074074074}
TelemetryTask,105692,105693,6442773.49537037,6442787.50462963,14.00925925925926,{'Idle': 14.00925925925926}
UartTxTask,105695,105697,6447934.925925926,6447956.486111111,21.560185185185187,{'TelemetryTask': 21.560185185185183}
UartTxTask,105701,105702,6448675.546296297,6448690.194444444,14.648148148148149,{'Idle': 14.648148148148149}
TelemetryTask,105706,105707,6452773.305555556,6452787.342592592,14.037037037037036,{'Idle': 14.037037037037036}
UartTxTask,105709,105711,6457935.064814814,6457956.916666667,21.85185185185185,{'TelemetryTask': 21.851851851851855}
UartTxTask,105715,105716,6458675.773148148,6458690.680555556,14.907407407407407,{'Idle': 14.907407407407407}
TelemetryTask,105720,105721,6462773.342592592,6462787.453703703,14.11111111111111,{'Idle': 14.11111111111111}
UartTxTask,105723,105725,6467935.773148148,6467957.986111111,22.212962962962962,{'TelemetryTask': 22.212962962962962}
UartTxTask,105729,105730,6468676.305555556,6468690.810185186,14.50462962962963,{'Idle': 14.50462962962963}
TelemetryTask,105734,105735,6472773.273148148,6472787.203703703,13.930555555555555,{'Idle': 13.930555555555555}
UartTxTask,105737,105739,6477934.824074074,6477956.87037037,22.046296296296298,{'TelemetryTask': 22.046296296296298}
UartTxTask,105743,105744,6478675.324074074,6478690.078703703,14.75462962962963,{'Idle': 14.75462962962963}
TelemetryTask,105748,105749,6482773.282407408,6482787.111111111,13.828703703703704,{'Idle': 13.828703703703704}
UartTxTask,105751,105753,6487934.675925926,6487957.305555556,22.62962962962963,{'TelemetryTask': 22.62962962962963}
UartTxTask,105757,105758,6488675.759259259,6488690.324074074,14.564814814814815,{'Idle': 14.564814814814815}
TelemetryTask,105762,105763,6492773.384259259,6492787.601851852,14.217592592592593,{'Idle': 14.217592592592593}
UartTxTask,105765,105767,6497935.712962963,6497958.009259259,22.296296296296298,{'TelemetryTask': 22.296296296296298}
UartTxTask,105771,105772,6498676.523148148,6498691.537037037,15.01388888888889,{'Idle': 15.01388888888889}
TelemetryTask,105776,105777,6502773.388888889,6502787.148148148,13.75925925925926,{'Idle': 13.75925925925926}
UartTxTask,105779,105781,6507934.449074074,6507956.092592592,21.64351851851852,{'TelemetryTask': 21.64351851851852}
UartTxTask,105785,105786,6508674.986111111,6508689.592592592,14.606481481481481,{'Idle': 14.606481481481481}
TelemetryTask,105790,105791,6512773.337962963,6512787.087962963,13.75,{'Idle': 13.75}
UartTxTask,105793,105795,6517935.115740741,6517957.310185186,22.194444444444443,{'TelemetryTask': 22.194444444444443}
UartTxTask,105799,105800,6518675.837962963,6518690.726851852,14.88888888888889,{'Idle': 14.88888888888889}
TelemetryTask,105804,105805,6522773.513888889,6522787.490740741,13.976851851851851,{'Idle': 13.976851851851851}
UartTxTask,105807,105809,6527934.884259259,6527957.291666667,22.40740740740741,{'TelemetryTask': 22.40740740740741}
UartTxTask,105813,105814,6528675.861111111,6528690.851851852,14.99074074074074,{'Idle': 14.99074074074074}
TelemetryTask,105818,105819,6532773.421296297,6532787.393518519,13.972222222222221,{'Idle': 13.972222222222221}
UartTxTask,105821,105823,6537935.541666667,6537957.666666667,22.125,{'TelemetryTask': 22.125}
UartTxTask,105827,105828,6538676.819444444,6538691.384259259,14.564814814814815,{'Idle': 14.564814814814815}
TelemetryTask,105832,105833,6542773.347222222,6542787.393518519,14.046296296296296,{'Idle': 14.046296296296296}
UartTxTask,105835,105837,6547934.606481481,6547956.893518519,22.287037037037038,{'TelemetryTask': 22.287037037037038}
UartTxTask,105841,105842,6548676.152777778,6548691.023148148,14.87037037037037,{'Idle': 14.87037037037037}
TelemetryTask,105846,105847,6552773.513888889,6552788.013888889,14.5,{'Idle': 14.5}
UartTxTask,105849,105851,6557935.25462963,6557957.486111111,22.23148148148148,{'TelemetryTask': 22.23148148148148}
UartTxTask,105855,105856,6558676.560185186,6558691.375,14.814814814814815,{'Idle': 14.814814814814815}
TelemetryTask,105860,105861,6562773.384259259,6562787.648148148,14.26388888888889,{'Idle': 14.26388888888889}
UartTxTask,105863,105865,6567935.425925926,6567957.319444444,21.89351851851852,{'TelemetryTask': 21.89351851851852}
UartTxTask,105869,105870,6568676.5,6568691.518518519,15.018518518518519,{'Idle': 15.018518518518519}
TelemetryTask,105874,105875,6572773.407407408,6572787.638888889,14.231481481481481,{'Idle': 14.231481481481481}
UartTxTask,105877,105879,6577935.087962963,6577957.393518519,22.305555555555557,{'TelemetryTask': 22.305555555555557}
UartTxTask,105883,105884,6578675.865740741,6578690.439814814,14.574074074074074,{'Idle': 14.574074074074074}
TelemetryTask,105888,105889,6582773.291666667,6582787.402777778,14.11111111111111,{'Idle': 14.11111111111111}
UartTxTask,105891,105893,6587935.532407408,6587957.842592592,22.310185185185187,{'TelemetryTask': 22.310185185185183}
UartTxTask,105897,105898,6588676.925925926,6588691.847222222,14.921296296296296,{'Idle': 14.921296296296296}
TelemetryTask,105902,105903,6592773.236111111,6592787.25462963,14.018518518518519,{'Idle': 14.018518518518519}
UartTxTask,105905,105907,6597934.949074074,6597957.027777778,22.078703703703702,{'TelemetryTask': 22.078703703703702}
UartTxTask,105911,105912,6598675.814814814,6598690.523148148,14.708333333333334,{'Idle': 14.708333333333334}
TelemetryTask,105916,105917,6602773.25462963,6602787.083333333,13.828703703703704,{'Idle': 13.828703703703704}
UartTxTask,105919,105921,6607935.273148148,6607956.712962963,21.439814814814813,{'TelemetryTask': 21.439814814814817}
UartTxTask,105925,105926,6608675.472222222,6608690.365740741,14.893518518518519,{'Idle': 14.893518518518519}
TelemetryTask,105930,105931,6612773.305555556,6612787.430555556,14.125,{'Idle': 14.125}
UartTxTask,105933,105935,6617934.708333333,6617956.768518519,22.060185185185187,{'TelemetryTask': 22.060185185185183}
UartTxTask,105939,105940,6618675.236111111,6618689.925925926,14.689814814814815,{'Idle': 14.689814814814815}
TelemetryTask,105944,105945,6622773.328703703,6622787.611111111,14.282407407407407,{'Idle': 14.282407407407407}
UartTxTask,105947,105949,6627934.949074074,6627957.564814814,22.61574074074074,{'TelemetryTask': 22.61574074074074}
UartTxTask,105953,105954,6628676.212962963,6628691.189814814,14.976851851851851,{'Idle': 14.976851851851851}
TelemetryTask,105958,105959,6632773.421296297,6632787.675925926,14.25462962962963,{'Idle': 14.25462962962963}
UartTxTask,105961,105963,6637935.291666667,6637957.25,21.958333333333332,{'TelemetryTask': 21.958333333333336}
UartTxTask,105967,105968,6638676.444444444,6638691.148148148,14.703703703703704,{'Idle': 14.703703703703704}
TelemetryTask,105972,105973,6642773.296296297,6642787.069444444,13.773148148148149,{'Idle': 13.773148148148149}
UartTxTask,105975,105977,6647934.935185186,6647957.162037037,22.22685185185185,{'TelemetryTask': 22.22685185185185}
UartTxTask,105981,105982,6648675.949074074,6648690.37037037,14.421296296296296,{'Idle': 14.421296296296296}
TelemetryTask,105986,105987,6652773.467592592,6652787.486111111,14.018518518518519,{'Idle': 14.018518518518519}
UartTxTask,105989,105991,6657935.078703703,6657956.814814814,21.73611111111111,{'TelemetryTask': 21.73611111111111}
UartTxTask,105995,105996,6658675.574074074,6658690.291666667,14.717592592592593,{'Idle': 14.717592592592593}
TelemetryTask,106000,106001,6662773.393518519,6662787.402777778,14.00925925925926,{'Idle': 14.00925925925926}
UartTxTask,106003,106005,6667935.634259259,6667958.217592592,22.583333333333332,{'TelemetryTask': 22.583333333333336}
UartTxTask,106009,106010,6668677.087962963,6668691.717592592,14.62962962962963,{'Idle': 14.62962962962963}
TelemetryTask,106014,106015,6672773.296296297,6672787.518518519,14.222222222222221,{'Idle': 14.222222222222221}
UartTxTask,106017,106019,6677934.763888889,6677956.787037037,22.02314814814815,{'TelemetryTask': 22.023148148148145}
UartTxTask,106023,106024,6678675.824074074,6678690.574074074,14.75,{'Idle': 14.75}
TelemetryTask,106028,106029,6682773.416666667,6682787.356481481,13.939814814814815,{'Idle': 13.939814814814815}
UartTxTask,106031,106033,6687934.787037037,6687956.787037037,22.0,{'TelemetryTask': 22.0}
UartTxTask,106037,106038,6688675.615740741,6688690.62962963,15.01388888888889,{'Idle': 15.01388888888889}
TelemetryTask,106042,106043,6692773.273148148,6692787.37962963,14.106481481481481,{'Idle': 14.106481481481481}
UartTxTask,106045,106047,6697934.078703703,6697956.300925926,22.22222222222222,{'TelemetryTask': 22.22222222222222}
UartTxTask,106051,106052,6698674.62037037,6698689.467592592,14.847222222222221,{'Idle': 14.847222222222221}
TelemetryTask,106056,106057,6702773.351851852,6702787.347222222,13.99537037037037,{'Idle': 13.99537037037037}
UartTxTask,106059,106061,6707934.893518519,6707957.287037037,22.39351851851852,{'TelemetryTask': 22.39351851851852}
UartTxTask,106065,106066,6708676.490740741,6708691.115740741,14.625,{'Idle': 14.625}
TelemetryTask,106070,106071,6712773.347222222,6712787.564814814,14.217592592592593,{'Idle': 14.217592592592593}
UartTxTask,106073,106075,6717936.046296297,6717958.222222222,22.175925925925927,{'TelemetryTask': 22.175925925925924}
UartTxTask,106079,106080,6718677.083333333,6718692.037037037,14.953703703703704,{'Idle': 14.953703703703704}
TelemetryTask,106084,106085,6722773.462962963,6722787.722222222,14.25925925925926,{'Idle': 14.25925925925926}
UartTxTask,106087,106089,6727935.5,6727957.662037037,22.162037037037038,{'TelemetryTask': 22.162037037037038}
UartTxTask,106093,106094,6728676.282407408,6728691.203703703,14.921296296296296,{'Idle': 14.921296296296296}
TelemetryTask,106098,106099,6732773.435185186,6732787.481481481,14.046296296296296,{'Idle': 14.046296296296296}
UartTxTask,106101,106103,6737935.013888889,6737957.115740741,22.10185185185185,{'TelemetryTask': 22.101851851851855}
UartTxTask,106107,106108,6738676.143518519,6738691.097222222,14.953703703703704,{'Idle': 14.953703703703704}
TelemetryTask,106112,106113,6742773.212962963,6742787.25462963,14.041666666666666,{'Idle': 14.041666666666666}
UartTxTask,106115,106117,6747935.199074074,6747957.657407408,22.458333333333332,{'TelemetryTask': 22.458333333333336}
UartTxTask,106121,106122,6748676.222222222,6748691.203703703,14.981481481481481,{'Idle': 14.981481481481481}
TelemetryTask,106126,106127,6752773.476851852,6752787.583333333,14.106481481481481,{'Idle': 14.106481481481481}
UartTxTask,106129,106131,6757935.467592592,6757957.407407408,21.939814814814813,{'TelemetryTask': 21.939814814814817}
UartTxTask,106135,106136,6758676.407407408,6758691.356481481,14.949074074074074,{'Idle': 14.949074074074074}
TelemetryTask,106140,106141,6762773.412037037,6762787.148148148,13.73611111111111,{'Idle': 13.73611111111111}
UartTxTask,106143,106145,6767934.435185186,6767956.800925926,22.36574074074074,{'TelemetryTask': 22.36574074074074}
UartTxTask,106149,106150,6768675.148148148,6768689.875,14.726851851851851,{'Idle': 14.726851851851851}
TelemetryTask,106154,106155,6772773.194444444,6772787.268518519,14.074074074074074,{'Idle': 14.074074074074074}
UartTxTask,106157,106159,6777934.305555556,6777956.384259259,22.078703703703702,{'TelemetryTask': 22.078703703703702}
UartTxTask,106163,106164,6778675.24537037,6778689.75,14.50462962962963,{'Idle': 14.50462962962963}
TelemetryTask,106168,106169,6782773.25462963,6782787.328703703,14.074074074074074,{'Idle': 14.074074074074074}
UartTxTask,106171,106173,6787934.472222222,6787956.787037037,22.314814814814813,{'TelemetryTask': 22.314814814814817}
UartTxTask,106177,106178,6788675.921296297,6788690.842592592,14.921296296296296,{'Idle': 14.921296296296296}
TelemetryTask,106182,106183,6792773.365740741,6792787.277777778,13.912037037037036,{'Idle': 13.912037037037036}
UartTxTask,106185,106187,6797934.944444444,6797957.092592592,22.14814814814815,{'TelemetryTask': 22.148148148148145}
UartTxTask,106191,106192,6798675.75,6798690.097222222,14.347222222222221,{'Idle': 14.347222222222221}
TelemetryTask,106196,106197,6802773.310185186,6802787.305555556,13.99537037037037,{'Idle': 13.99537037037037}
UartTxTask,106199,106201,6807934.800925926,6807956.925925926,22.125,{'TelemetryTask': 22.125}
UartTxTask,106205,106206,6808675.981481481,6808690.773148148,14.791666666666666,{'Idle': 14.791666666666666}
TelemetryTask,106210,106211,6812773.296296297,6812787.143518519,13.847222222222221,{'Idle': 13.847222222222221}
UartTxTask,106213,106215,6817935.662037037,6817957.787037037,22.125,{'TelemetryTask': 22.125}
UartTxTask,106219,106220,6818676.939814814,6818691.680555556,14.74074074074074,{'Idle': 14.74074074074074}
TelemetryTask,106224,106225,6822773.328703703,6822787.365740741,14.037037037037036,{'Idle': 14.037037037037036}
UartTxTask,106227,106229,6827935.027777778,6827956.837962963,21.810185185185187,{'TelemetryTask': 21.810185185185183}
UartTxTask,106233,106234,6828675.907407408,6828690.717592592,14.810185185185185,{'Idle': 14.810185185185185}
TelemetryTask,106238,106239,6832773.375,6832787.467592592,14.092592592592593,{'Idle': 14.092592592592593}
UartTxTask,106241,106243,6837935.018518519,6837957.231481481,22.212962962962962,{'TelemetryTask': 22.212962962962962}
UartTxTask,106247,106248,6838675.907407408,6838690.75462963,14.847222222222221,{'Idle': 14.847222222222221}
TelemetryTask,106252,106253,6842773.25462963,6842787.439814814,14.185185185185185,{'Idle': 14.185185185185185}
UartTxTask,106255,106257,6847936.787037037,6847958.708333333,21.921296296296298,{'TelemetryTask': 21.921296296296298}
UartTxTask,106261,106262,6848677.699074074,6848692.509259259,14.810185185185185,{'Idle': 14.810185185185185}
TelemetryTask,106266,106267,6852773.416666667,6852787.208333333,13.791666666666666,{'Idle': 13.791666666666666}
UartTxTask,106269,106271,6857934.916666667,6857957.342592592,22.425925925925927,{'TelemetryTask': 22.425925925925924}
UartTxTask,106275,106276,6858676.268518519,6858690.990740741,14.722222222222221,{'Idle': 14.722222222222221}
TelemetryTask,106280,106281,6862773.523148148,6862787.513888889,13.99074074074074,{'Idle': 13.99074074074074}
UartTxTask,106283,106285,6867935.24537037,6867957.25462963,22.00925925925926,{'TelemetryTask': 22.00925925925926}
UartTxTask,106289,106290,6868676.787037037,6868691.388888889,14.601851851851851,{'Idle': 14.601851851851851}
TelemetryTask,106294,106295,6872773.296296297,6872787.231481481,13.935185185185185,{'Idle': 13.935185185185185}
UartTxTask,106297,106299,6877935.819444444,6877957.833333333,22.01388888888889,{'TelemetryTask': 22.01388888888889}
UartTxTask,106303,106304,6878676.847222222,6878691.62962963,14.782407407407407,{'Idle': 14.782407407407407}
TelemetryTask,106308,106309,6882773.37962963,6882787.541666667,14.162037037037036,{'Idle': 14.162037037037036}
UartTxTask,106311,106313,6887935.375,6887957.509259259,22.13425925925926,{'TelemetryTask': 22.13425925925926}
UartTxTask,106317,106318,6888676.560185186,6888691.125,14.564814814814815,{'Idle': 14.564814814814815}
TelemetryTask,106322,106323,6892773.388888889,6892787.356481481,13.967592592592593,{'Idle': 13.967592592592593}
UartTxTask,106325,106327,6897935.0,6897957.541666667,22.541666666666668,{'TelemetryTask': 22.541666666666668}
UartTxTask,106331,106332,6898676.916666667,6898691.550925926,14.63425925925926,{'Idle': 14.63425925925926}
TelemetryTask,106336,106337,6902773.509259259,6902787.333333333,13.824074074074074,{'Idle': 13.824074074074074}
UartTxTask,106339,106341,6907934.865740741,6907956.388888889,21.52314814814815,{'TelemetryTask': 21.52314814814815}
UartTxTask,106345,106346,6908675.342592592,6908689.833333333,14.49074074074074,{'Idle': 14.49074074074074}
TelemetryTask,106350,106351,6912773.342592592,6912787.185185186,13.842592592592593,{'Idle': 13.842592592592593}
UartTxTask,106353,106355,6917934.726851852,6917957.106481481,22.37962962962963,{'TelemetryTask': 22.379629629629626}
UartTxTask,106359,106360,6918675.74537037,6918690.490740741,14.74537037037037,{'Idle': 14.74537037037037}
TelemetryTask,106364,106365,6922773.259259259,6922787.337962963,14.078703703703704,{'Idle': 14.078703703703704}
UartTxTask,106367,106369,6927934.800925926,6927956.828703703,22.02777777777778,{'TelemetryTask': 22.02777777777778}
UartTxTask,106373,106374,6928675.541666667,6928690.259259259,14.717592592592593,{'Idle': 14.717592592592593}
TelemetryTask,106378,106379,6932773.412037037,6932787.111111111,13.699074074074074,{'Idle': 13.699074074074074}
UartTxTask,106381,106383,6937935.601851852,6937957.62962963,22.02777777777778,{'TelemetryTask': 22.02777777777778}
UartTxTask,106387,106388,6938676.203703703,6938691.069444444,14.86574074074074,{'Idle': 14.86574074074074}
TelemetryTask,106392,106393,6942773.425925926,6942787.643518519,14.217592592592593,{'Idle': 14.217592592592593}
UartTxTask,106395,106397,6947934.837962963,6947957.458333333,22.62037037037037,{'TelemetryTask': 22.62037037037037}
UartTxTask,106401,106402,6948676.310185186,6948690.657407408,14.347222222222221,{'Idle': 14.347222222222221}
TelemetryTask,106406,106407,6952773.37962963,6952787.486111111,14.106481481481481,{'Idle': 14.106481481481481}
UartTxTask,106409,106411,6957935.300925926,6957957.583333333,22.28240740740741,{'TelemetryTask': 22.28240740740741}
UartTxTask,106415,106416,6958676.972222222,6958691.787037037,14.814814814814815,{'Idle': 14.814814814814815}
TelemetryTask,106420,106421,6962773.291666667,6962787.49537037,14.203703703703704,{'Idle': 14.203703703703704}
UartTxTask,106423,106425,6967934.990740741,6967957.337962963,22.34722222222222,{'TelemetryTask': 22.34722222222222}
UartTxTask,106429,106430,6968676.217592592,6968690.712962963,14.49537037037037,{'Idle': 14.49537037037037}
TelemetryTask,106434,106435,6972773.337962963,6972787.171296297,13.833333333333334,{'Idle': 13.833333333333334}
UartTxTask,106437,106439,6977935.00462963,6977957.634259259,22.62962962962963,{'TelemetryTask': 22.62962962962963}
UartTxTask,106443,106444,6978676.25,6978690.949074074,14.699074074074074,{'Idle': 14.699074074074074}
TelemetryTask,106448,106449,6982773.50462963,6982787.393518519,13.88888888888889,{'Idle': 13.88888888888889}
UartTxTask,106451,106453,6987935.449074074,6987957.597222222,22.14814814814815,{'TelemetryTask': 22.14814814814815}
UartTxTask,106457,106458,6988676.611111111,6988691.462962963,14.851851851851851,{'Idle': 14.851851851851851}
TelemetryTask,106462,106463,6992773.310185186,6992787.259259259,13.949074074074074,{'Idle': 13.949074074074074}
UartTxTask,106465,106467,6997934.87962963,6997957.282407408,22.40277777777778,{'TelemetryTask': 22.40277777777778}
UartTxTask,106471,106472,6998675.921296297,6998690.782407408,14.86111111111111,{'Idle': 14.86111111111111}
TelemetryTask,106476,106477,7002773.425925926,7002787.537037037,14.11111111111111,{'Idle': 14.11111111111111}
UartTxTask,106479,106481,7007935.0,7007957.055555556,22.055555555555557,{'TelemetryTask': 22.055555555555557}
UartTxTask,106485,106486,7008675.736111111,7008690.490740741,14.75462962962963,{'Idle': 14.75462962962963}
TelemetryTask,106490,106491,7012773.425925926,7012787.666666667,14.24074074074074,{'Idle': 14.24074074074074}
UartTxTask,106493,106495,7017935.796296297,7017958.199074074,22.40277777777778,{'TelemetryTask': 22.40277777777778}
UartTxTask,106499,106500,7018676.967592592,7018691.606481481,14.63888888888889,{'Idle': 14.63888888888889}
TelemetryTask,106504,106505,7022773.37037037,7022787.5,14.12962962962963,{'Idle': 14.12962962962963}
UartTxTask,106507,106509,7027935.481481481,7027957.851851852,22.37037037037037,{'TelemetryTask': 22.37037037037037}
UartTxTask,106513,106514,7028676.587962963,7028691.273148148,14.685185185185185,{'Idle': 14.685185185185185}
TelemetryTask,106518,106519,7032773.393518519,7032787.074074074,13.680555555555555,{'Idle': 13.680555555555555}
UartTxTask,106521,106523,7037935.162037037,7037957.708333333,22.546296296296298,{'TelemetryTask': 22.546296296296298}
UartTxTask,106527,106528,7038677.050925926,7038691.712962963,14.662037037037036,{'Idle': 14.662037037037036}
TelemetryTask,106532,106533,7042773.388888889,7042787.268518519,13.87962962962963,{'Idle': 13.87962962962963}
UartTxTask,106535,106537,7047935.782407408,7047957.842592592,22.060185185185187,{'TelemetryTask': 22.060185185185183}
UartTxTask,106541,106542,7048676.694444444,7048691.435185186,14.74074074074074,{'Idle': 14.74074074074074}
TelemetryTask,106546,106547,7052773.388888889,7052787.486111111,14.097222222222221,{'Idle': 14.097222222222221}
UartTxTask,106549,106551,7057934.893518519,7057956.888888889,21.99537037037037,{'TelemetryTask': 21.99537037037037}
UartTxTask,106555,106556,7058676.00462963,7058690.574074074,14.569444444444445,{'Idle': 14.569444444444445}
TelemetryTask,106560,106561,7062773.421296297,7062787.430555556,14.00925925925926,{'Idle': 14.00925925925926}
UartTxTask,106563,106565,7067935.625,7067957.851851852,22.22685185185185,{'TelemetryTask': 22.22685185185185}
UartTxTask,106569,106570,7068676.685185186,7068691.62962963,14.944444444444445,{'Idle': 14.944444444444445}
TelemetryTask,106574,106575,7072773.342592592,7072787.37962963,14.037037037037036,{'Idle': 14.037037037037036}
UartTxTask,106577,106579,7077935.388888889,7077957.486111111,22.09722222222222,{'TelemetryTask': 22.09722222222222}
UartTxTask,106583,106584,7078676.435185186,7078690.958333333,14.523148148148149,{'Idle': 14.523148148148149}
TelemetryTask,106588,106589,7082773.291666667,7082787.125,13.833333333333334,{'Idle': 13.833333333333334}
UartTxTask,106591,106593,7087934.763888889,7087957.060185186,22.296296296296298,{'TelemetryTask': 22.296296296296298}
UartTxTask,106597,106598,7088675.87037037,7088690.5,14.62962962962963,{'Idle': 14.62962962962963}
TelemetryTask,106602,106603,7092773.458333333,7092787.476851852,14.018518518518519,{'Idle': 14.018518518518519}
UartTxTask,106605,106607,7097936.282407408,7097958.847222222,22.564814814814813,{'TelemetryTask': 22.564814814814817}
UartTxTask,106611,106612,7098678.212962963,7098692.685185186,14.472222222222221,{'Idle': 14.472222222222221}
TelemetryTask,106616,106617,7102773.300925926,7102787.583333333,14.282407407407407,{'Idle': 14.282407407407407}
UartTxTask,106619,106621,7107935.101851852,7107957.328703703,22.22685185185185,{'TelemetryTask': 22.226851851851855}
UartTxTask,106625,106626,7108676.490740741,7108690.861111111,14.37037037037037,{'Idle': 14.37037037037037}
TelemetryTask,106630,106631,7112773.268518519,7112787.643518519,14.375,{'Idle': 14.375}
UartTxTask,106633,106635,7117935.652777778,7117957.819444444,22.166666666666668,{'TelemetryTask': 22.166666666666664}
UartTxTask,106639,106640,7118676.722222222,7118691.486111111,14.76388888888889,{'Idle': 14.76388888888889}
TelemetryTask,106644,106645,7122773.439814814,7122787.722222222,14.282407407407407,{'Idle': 14.282407407407407}
UartTxTask,106647,106649,7127935.407407408,7127957.083333333,21.675925925925927,{'TelemetryTask': 21.675925925925924}
UartTxTask,106653,106654,7128676.643518519,7128691.277777778,14.63425925925926,{'Idle': 14.63425925925926}
TelemetryTask,106658,106659,7132773.328703703,7132786.907407408,13.578703703703704,{'Idle': 13.578703703703704}
UartTxTask,106661,106663,7137934.421296297,7137956.805555556,22.38425925925926,{'TelemetryTask': 22.38425925925926}
UartTxTask,106667,106668,7138675.888888889,7138690.634259259,14.74537037037037,{'Idle': 14.74537037037037}
TelemetryTask,106672,106673,7142773.342592592,7142787.402777778,14.060185185185185,{'Idle': 14.060185185185185}
UartTxTask,106675,106677,7147935.652777778,7147957.671296297,22.01851851851852,{'TelemetryTask': 22.01851851851852}
UartTxTask,106681,106682,7148676.351851852,7148691.138888889,14.787037037037036,{'Idle': 14.787037037037036}
TelemetryTask,106686,106687,7152773.314814814,7152787.217592592,13.902777777777779,{'Idle': 13.902777777777779}
UartTxTask,106689,106691,7157935.212962963,7157957.393518519,22.180555555555557,{'TelemetryTask': 22.180555555555557}
UartTxTask,106695,106696,7158676.212962963,7158690.949074074,14.73611111111111,{'Idle': 14.73611111111111}
TelemetryTask,106700,106701,7162773.50462963,7162787.138888889,13.63425925925926,{'Idle': 13.63425925925926}
UartTxTask,106703,106705,7167934.611111111,7167956.898148148,22.287037037037038,{'TelemetryTask': 22.287037037037038}
UartTxTask,106709,106710,7168675.328703703,7168690.263888889,14.935185185185185,{'Idle': 14.935185185185185}
TelemetryTask,106714,106715,7172773.259259259,7172787.12037037,13.86111111111111,{'Idle': 13.86111111111111}
UartTxTask,106717,106719,7177934.671296297,7177956.62962963,21.958333333333332,{'TelemetryTask': 21.958333333333332}
UartTxTask,106723,106724,7178675.087962963,7178689.671296297,14.583333333333334,{'Idle': 14.583333333333334}
TelemetryTask,106728,106729,7182773.296296297,7182787.189814814,13.893518518518519,{'Idle': 13.893518518518519}
UartTxTask,106731,106733,7187935.722222222,7187958.087962963,22.36574074074074,{'TelemetryTask': 22.36574074074074}
UartTxTask,106737,106738,7188677.115740741,7188691.893518519,14.777777777777779,{'Idle': 14.777777777777779}
TelemetryTask,106742,106743,7192773.425925926,7192787.287037037,13.86111111111111,{'Idle': 13.86111111111111}
UartTxTask,106745,106747,7197935.203703703,7197957.333333333,22.12962962962963,{'TelemetryTask': 22.129629629629626}
UartTxTask,106751,106752,7198676.25,7198690.972222222,14.722222222222221,{'Idle': 14.722222222222221}
TelemetryTask,106756,106757,7202773.407407408,7202787.537037037,14.12962962962963,{'Idle': 14.12962962962963}
UartTxTask,106759,106761,7207935.712962963,7207957.87037037,22.15740740740741,{'TelemetryTask': 22.15740740740741}
UartTxTask,106765,106766,7208676.907407408,7208691.62037037,14.712962962962964,{'Idle': 14.712962962962964}
TelemetryTask,106770,106771,7212773.37037037,7212787.212962963,13.842592592592593,{'Idle': 13.842592592592593}
UartTxTask,106773,106775,7217934.37037037,7217956.759259259,22.38888888888889,{'TelemetryTask': 22.38888888888889}
UartTxTask,106779,106780,7218675.402777778,7218690.125,14.722222222222221,{'Idle': 14.722222222222221}
TelemetryTask,106784,106785,7222773.472222222,7222787.527777778,14.055555555555555,{'Idle': 14.055555555555555}
UartTxTask,106787,106789,7227935.541666667,7227957.476851852,21.935185185185187,{'TelemetryTask': 21.935185185185183}
UartTxTask,106793,106794,7228676.513888889,7228691.462962963,14.949074074074074,{'Idle': 14.949074074074074}
TelemetryTask,106798,106799,7232773.361111111,7232787.569444444,14.208333333333334,{'Idle': 14.208333333333334}
UartTxTask,106801,106803,7237935.199074074,7237957.208333333,22.00925925925926,{'TelemetryTask': 22.00925925925926}
UartTxTask,106807,106808,7238675.893518519,7238690.847222222,14.953703703703704,{'Idle': 14.953703703703704}
TelemetryTask,106812,106813,7242773.185185186,7242787.328703703,14.143518518518519,{'Idle': 14.143518518518519}
UartTxTask,106815,106817,7247935.731481481,7247957.810185186,22.078703703703702,{'TelemetryTask': 22.078703703703702}
UartTxTask,106821,106822,7248676.476851852,7248691.375,14.898148148148149,{'Idle': 14.898148148148149}
TelemetryTask,106826,106827,7252773.416666667,7252786.972222222,13.555555555555555,{'Idle': 13.555555555555555}
UartTxTask,106829,106831,7257935.138888889,7257956.930555556,21.791666666666668,{'TelemetryTask': 21.791666666666664}
UartTxTask,106835,106836,7258675.333333333,7258689.939814814,14.606481481481481,{'Idle': 14.606481481481481}
TelemetryTask,106840,106841,7262773.259259259,7262787.347222222,14.087962962962964,{'Idle': 14.087962962962964}
UartTxTask,106843,106845,7267934.935185186,7267956.865740741,21.930555555555557,{'TelemetryTask': 21.930555555555557}
UartTxTask,106849,106850,7268675.569444444,7268690.680555556,15.11111111111111,{'Idle': 15.11111111111111}
TelemetryTask,106854,106855,7272773.416666667,7272787.662037037,14.24537037037037,{'Idle': 14.24537037037037}
UartTxTask,106857,106859,7277935.226851852,7277957.231481481,22.00462962962963,{'TelemetryTask': 22.00462962962963}
UartTxTask,106863,106864,7278676.268518519,7278691.037037037,14.768518518518519,{'Idle': 14.768518518518519}
TelemetryTask,106868,106869,7282773.388888889,7282787.25462963,13.86574074074074,{'Idle': 13.86574074074074}
UartTxTask,106871,106873,7287934.337962963,7287956.111111111,21.77314814814815,{'TelemetryTask': 21.773148148148145}
UartTxTask,106877,106878,7288675.143518519,7288689.990740741,14.847222222222221,{'Idle': 14.847222222222221}
TelemetryTask,106882,106883,7292773.435185186,7292787.699074074,14.26388888888889,{'Idle': 14.26388888888889}
UartTxTask,106885,106887,7297934.981481481,7297956.921296297,21.939814814814813,{'TelemetryTask': 21.939814814814817}
UartTxTask,106891,106892,7298675.560185186,7298690.476851852,14.916666666666666,{'Idle': 14.916666666666666}
TelemetryTask,106896,106897,7302773.314814814,7302787.439814814,14.125,{'Idle': 14.125}
UartTxTask,106899,106901,7307934.851851852,7307957.287037037,22.435185185185187,{'TelemetryTask': 22.435185185185183}
UartTxTask,106905,106906,7308676.074074074,7308691.166666667,15.092592592592593,{'Idle': 15.092592592592593}
TelemetryTask,106910,106911,7312773.300925926,7312787.166666667,13.86574074074074,{'Idle': 13.86574074074074}
UartTxTask,106913,106915,7317934.856481481,7317956.731481481,21.875,{'TelemetryTask': 21.875}
UartTxTask,106919,106920,7318675.592592592,7318690.236111111,14.643518518518519,{'Idle': 14.643518518518519}
TelemetryTask,106924,106925,7322773.337962963,7322787.449074074,14.11111111111111,{'Idle': 14.11111111111111}
UartTxTask,106927,106929,7327935.532407408,7327957.805555556,22.27314814814815,{'TelemetryTask': 22.27314814814815}
UartTxTask,106933,106934,7328676.759259259,7328691.546296297,14.787037037037036,{'Idle': 14.787037037037036}
TelemetryTask,106938,106939,7332773.425925926,7332787.467592592,14.041666666666666,{'Idle': 14.041666666666666}
UartTxTask,106941,106943,7337935.12962963,7337957.268518519,22.13888888888889,{'TelemetryTask': 22.13888888888889}
UartTxTask,106947,106948,7338675.939814814,7338690.087962963,14.148148148148149,{'Idle': 14.148148148148149}
TelemetryTask,106952,106953,7342773.416666667,7342787.430555556,14.01388888888889,{'Idle': 14.01388888888889}
UartTxTask,106955,106957,7347936.175925926,7347958.37962963,22.203703703703702,{'TelemetryTask': 22.203703703703702}
UartTxTask,106961,106962,7348677.578703703,7348692.625,15.046296296296296,{'Idle': 15.046296296296296}
TelemetryTask,106966,106967,7352773.226851852,7352787.074074074,13.847222222222221,{'Idle': 13.847222222222221}
UartTxTask,106969,106971,7357935.296296297,7357957.611111111,22.314814814814813,{'TelemetryTask': 22.314814814814817}
UartTxTask,106975,106976,7358676.546296297,7358691.069444444,14.523148148148149,{'Idle': 14.523148148148149}
TelemetryTask,106980,106981,7362773.416666667,7362787.5,14.083333333333334,{'Idle': 14.083333333333334}
UartTxTask,106983,106985,7367935.981481481,7367958.467592592,22.48611111111111,{'TelemetryTask': 22.48611111111111}
UartTxTask,106989,106990,7368677.550925926,7368692.25,14.699074074074074,{'Idle': 14.699074074074074}
TelemetryTask,106994,106995,7372773.166666667,7372787.069444444,13.902777777777779,{'Idle': 13.902777777777779}
UartTxTask,106997,106999,7377934.305555556,7377956.847222222,22.541666666666668,{'TelemetryTask': 22.541666666666668}
UartTxTask,107003,107004,7378676.569444444,7378691.148148148,14.578703703703704,{'Idle': 14.578703703703704}
TelemetryTask,107008,107009,7382773.416666667,7382787.453703703,14.037037037037036,{'Idle': 14.037037037037036}
UartTxTask,107011,107013,7387935.606481481,7387957.916666667,22.310185185185187,{'TelemetryTask': 22.310185185185183}
UartTxTask,107017,107018,7388676.416666667,7388691.092592592,14.675925925925926,{'Idle': 14.675925925925926}
TelemetryTask,107022,107023,7392773.435185186,7392787.069444444,13.63425925925926,{'Idle': 13.63425925925926}
UartTxTask,107025,107027,7397935.217592592,7397957.25,22.03240740740741,{'TelemetryTask': 22.03240740740741}
UartTxTask,107031,107032,7398676.189814814,7398690.884259259,14.694444444444445,{'Idle': 14.694444444444445}
TelemetryTask,107036,107037,7402773.388888889,7402787.625,14.23611111111111,{'Idle': 14.23611111111111}
UartTxTask,107039,107041,7407935.837962963,7407958.273148148,22.435185185185187,{'TelemetryTask': 22.435185185185183}
UartTxTask,107045,107046,7408677.342592592,7408691.782407408,14.439814814814815,{'Idle': 14.439814814814815}
TelemetryTask,107050,107051,7412773.324074074,7412787.287037037,13.962962962962964,{'Idle': 13.962962962962964}
UartTxTask,107053,107055,7417935.75462963,7417958.074074074,22.319444444444443,{'TelemetryTask': 22.319444444444443}
UartTxTask,107059,107060,7418676.935185186,7418691.509259259,14.574074074074074,{'Idle': 14.574074074074074}
TelemetryTask,107064,107065,7422773.453703703,7422787.648148148,14.194444444444445,{'Idle': 14.194444444444445}
UartTxTask,107067,107069,7427935.407407408,7427957.263888889,21.85648148148148,{'TelemetryTask': 21.85648148148148}
UartTxTask,107073,107074,7428675.935185186,7428690.439814814,14.50462962962963,{'Idle': 14.50462962962963}
TelemetryTask,107078,107079,7432773.259259259,7432787.430555556,14.171296296296296,{'Idle': 14.171296296296296}
UartTxTask,107081,107083,7437936.078703703,7437958.550925926,22.47222222222222,{'TelemetryTask': 22.47222222222222}
UartTxTask,107087,107088,7438677.115740741,7438691.768518519,14.652777777777779,{'Idle': 14.652777777777779}
TelemetryTask,107092,107093,7442773.49537037,7442787.319444444,13.824074074074074,{'Idle': 13.824074074074074}
UartTxTask,107095,107097,7447934.314814814,7447956.634259259,22.319444444444443,{'TelemetryTask': 22.319444444444443}
UartTxTask,107101,107102,7448675.106481481,7448689.888888889,14.782407407407407,{'Idle': 14.782407407407407}
TelemetryTask,107106,107107,7452773.435185186,7452787.398148148,13.962962962962964,{'Idle': 13.962962962962964}
UartTxTask,107109,107111,7457935.162037037,7457957.490740741,22.328703703703702,{'TelemetryTask': 22.328703703703702}
UartTxTask,107115,107116,7458676.208333333,7458691.050925926,14.842592592592593,{'Idle': 14.842592592592593}
TelemetryTask,107120,107121,7462773.444444444,7462787.365740741,13.921296296296296,{'Idle': 13.921296296296296}
UartTxTask,107123,107125,7467934.356481481,7467956.513888889,22.15740740740741,{'TelemetryTask': 22.157407407407405}
UartTxTask,107129,107130,7468675.837962963,7468690.490740741,14.652777777777779,{'Idle': 14.652777777777779}
TelemetryTask,107134,107135,7472773.314814814,7472787.277777778,13.962962962962964,{'Idle': 13.962962962962964}
UartTxTask,107137,107139,7477935.865740741,7477958.060185186,22.194444444444443,{'TelemetryTask': 22.194444444444443}
UartTxTask,107143,107144,7478676.898148148,7478691.652777778,14.75462962962963,{'Idle': 14.75462962962963}
TelemetryTask,107148,107149,7482773.268518519,7482787.185185186,13.916666666666666,{'Idle': 13.916666666666666}
UartTxTask,107151,107153,7487934.231481481,7487956.712962963,22.48148148148148,{'TelemetryTask': 22.48148148148148}
UartTxTask,107157,107158,7488676.041666667,7488691.023148148,14.981481481481481,{'Idle': 14.981481481481481}
TelemetryTask,107162,107163,7492773.388888889,7492787.717592592,14.328703703703704,{'Idle': 14.328703703703704}
UartTxTask,107165,107167,7497935.12962963,7497957.263888889,22.13425925925926,{'TelemetryTask': 22.13425925925926}
UartTxTask,107171,107172,7498675.449074074,7498690.023148148,14.574074074074074,{'Idle': 14.574074074074074}
TelemetryTask,107176,107177,7502773.49537037,7502787.541666667,14.046296296296296,{'Idle': 14.046296296296296}
UartTxTask,107179,107181,7507934.662037037,7507956.768518519,22.10648148148148,{'TelemetryTask': 22.10648148148148}
UartTxTask,107185,107186,7508675.763888889,7508690.435185186,14.671296296296296,{'Idle': 14.671296296296296}
TelemetryTask,107190,107191,7512773.393518519,7512787.189814814,13.796296296296296,{'Idle': 13.796296296296296}
UartTxTask,107193,107195,7517935.421296297,7517957.37962963,21.958333333333332,{'TelemetryTask': 21.958333333333336}
UartTxTask,107199,107200,7518676.106481481,7518690.953703703,14.847222222222221,{'Idle': 14.847222222222221}
TelemetryTask,107204,107205,7522773.384259259,7522787.490740741,14.106481481481481,{'Idle': 14.106481481481481}
UartTxTask,107207,107209,7527934.740740741,7527957.328703703,22.587962962962962,{'TelemetryTask': 22.587962962962962}
UartTxTask,107213,107214,7528675.949074074,7528690.412037037,14.462962962962964,{'Idle': 14.462962962962964}
TelemetryTask,107218,107219,7532773.319444444,7532787.287037037,13.967592592592593,{'Idle': 13.967592592592593}
UartTxTask,107221,107223,7537935.212962963,7537957.523148148,22.310185185185187,{'TelemetryTask': 22.310185185185183}
UartTxTask,107227,107228,7538676.263888889,7538691.069444444,14.805555555555555,{'Idle': 14.805555555555555}
TelemetryTask,107232,107233,7542773.527777778,7542787.773148148,14.24537037037037,{'Idle': 14.24537037037037}
UartTxTask,107235,107237,7547935.606481481,7547958.00462963,22.39814814814815,{'TelemetryTask': 22.398148148148145}
UartTxTask,107241,107242,7548676.351851852,7548691.287037037,14.935185185185185,{'Idle': 14.935185185185185}
TelemetryTask,107246,107247,7552773.398148148,7552787.388888889,13.99074074074074,{'Idle': 13.99074074074074}
UartTxTask,107249,107251,7557933.810185186,7557956.388888889,22.578703703703702,{'TelemetryTask': 22.578703703703702}
UartTxTask,107255,107256,7558675.291666667,7558690.050925926,14.75925925925926,{'Idle': 14.75925925925926}
TelemetryTask,107260,107261,7562773.291666667,7562787.171296297,13.87962962962963,{'Idle': 13.87962962962963}
UartTxTask,107263,107265,7567935.430555556,7567957.74537037,22.314814814814813,{'TelemetryTask': 22.314814814814817}
UartTxTask,107269,107270,7568676.703703703,7568691.337962963,14.63425925925926,{'Idle': 14.63425925925926}
TelemetryTask,107274,107275,7572773.287037037,7572787.402777778,14.11574074074074,{'Idle': 14.11574074074074}
UartTxTask,107277,107279,7577935.365740741,7577958.0,22.63425925925926,{'TelemetryTask': 22.63425925925926}
UartTxTask,107283,107284,7578676.430555556,7578691.337962963,14.907407407407407,{'Idle': 14.907407407407407}
TelemetryTask,107288,107289,7582773.435185186,7582787.138888889,13.703703703703704,{'Idle': 13.703703703703704}
UartTxTask,107291,107293,7587934.907407408,7587956.958333333,22.050925925925927,{'TelemetryTask': 22.050925925925924}
UartTxTask,107297,107298,7588675.856481481,7588690.62037037,14.76388888888889,{'Idle': 14.76388888888889}
TelemetryTask,107302,107303,7592773.347222222,7592787.143518519,13.796296296296296,{'Idle': 13.796296296296296}
UartTxTask,107305,107307,7597935.791666667,7597957.861111111,22.069444444444443,{'TelemetryTask': 22.069444444444443}
UartTxTask,107311,107312,7598676.458333333,7598690.921296297,14.462962962962964,{'Idle': 14.462962962962964}
TelemetryTask,107316,107317,7602773.439814814,7602787.666666667,14.226851851851851,{'Idle': 14.226851851851851}
UartTxTask,107319,107321,7607935.143518519,7607957.083333333,21.939814814814813,{'TelemetryTask': 21.939814814814817}
UartTxTask,107325,107326,7608675.962962963,7608690.625,14.662037037037036,{'Idle': 14.662037037037036}
TelemetryTask,107330,107331,7612773.49537037,7612787.097222222,13.601851851851851,{'Idle': 13.601851851851851}
UartTxTask,107333,107335,7617935.916666667,7617958.101851852,22.185185185185187,{'TelemetryTask': 22.185185185185183}
UartTxTask,107339,107340,7618677.013888889,7618691.87962963,14.86574074074074,{'Idle': 14.86574074074074}
TelemetryTask,107344,107345,7622773.324074074,7622787.462962963,14.13888888888889,{'Idle': 14.13888888888889}
UartTxTask,107347,107349,7627934.856481481,7627956.944444444,22.087962962962962,{'TelemetryTask': 22.087962962962962}
UartTxTask,107353,107354,7628675.472222222,7628690.027777778,14.555555555555555,{'Idle': 14.555555555555555}
TelemetryTask,107358,107359,7632773.416666667,7632787.5,14.083333333333334,{'Idle': 14.083333333333334}
UartTxTask,107361,107363,7637934.680555556,7637956.99537037,22.314814814814813,{'TelemetryTask': 22.314814814814817}
UartTxTask,107367,107368,7638675.953703703,7638690.800925926,14.847222222222221,{'Idle': 14.847222222222221}
TelemetryTask,107372,107373,7642773.314814814,7642787.328703703,14.01388888888889,{'Idle': 14.01388888888889}
UartTxTask,107375,107377,7647935.324074074,7647957.453703703,22.12962962962963,{'TelemetryTask': 22.12962962962963}
UartTxTask,107381,107382,7648676.226851852,7648691.115740741,14.88888888888889,{'Idle': 14.88888888888889}
TelemetryTask,107386,107387,7652773.231481481,7652787.148148148,13.916666666666666,{'Idle': 13.916666666666666}
UartTxTask,107389,107391,7657934.555555556,7657956.37037037,21.814814814814813,{'TelemetryTask': 21.814814814814817}
UartTxTask,107395,107396,7658675.324074074,7658689.912037037,14.587962962962964,{'Idle': 14.587962962962964}
TelemetryTask,107400,107401,7662773.398148148,7662787.300925926,13.902777777777779,{'Idle': 13.902777777777779}
UartTxTask,107403,107405,7667934.703703703,7667956.856481481,22.15277777777778,{'TelemetryTask': 22.15277777777778}
UartTxTask,107409,107410,7668675.671296297,7668690.333333333,14.662037037037036,{'Idle': 14.662037037037036}
TelemetryTask,107414,107415,7672773.384259259,7672787.300925926,13.916666666666666,{'Idle': 13.916666666666666}
UartTxTask,107417,107419,7677935.296296297,7677957.657407408,22.36111111111111,{'TelemetryTask': 22.36111111111111}
UartTxTask,107423,107424,7678676.907407408,7678691.592592592,14.685185185185185,{'Idle': 14.685185185185185}
TelemetryTask,107428,107429,7682773.50462963,7682787.574074074,14.069444444444445,{'Idle': 14.069444444444445}
UartTxTask,107431,107433,7687935.884259259,7687958.134259259,22.25,{'TelemetryTask': 22.25}
UartTxTask,107437,107438,7688677.185185186,7688691.805555556,14.62037037037037,{'Idle': 14.62037037037037}
TelemetryTask,107442,107443,7692773.333333333,7692787.060185186,13.726851851851851,{'Idle': 13.726851851851851}
UartTxTask,107445,107447,7697935.060185186,7697957.162037037,22.10185185185185,{'TelemetryTask': 22.10185185185185}
UartTxTask,107451,107452,7698675.787037037,7698690.458333333,14.671296296296296,{'Idle': 14.671296296296296}
TelemetryTask,107456,107457,7702773.25462963,7702787.277777778,14.023148148148149,{'Idle': 14.023148148148149}
UartTxTask,107459,107461,7707934.615740741,7707956.856481481,22.24074074074074,{'TelemetryTask': 22.24074074074074}
UartTxTask,107465,107466,7708676.00462963,7708690.666666667,14.662037037037036,{'Idle': 14.662037037037036}
TelemetryTask,107470,107471,7712773.347222222,7712787.75462963,14.407407407407407,{'Idle': 14.407407407407407}
UartTxTask,107473,107475,7717936.060185186,7717958.152777778,22.09259259259259,{'TelemetryTask': 22.092592592592595}
UartTxTask,107479,107480,7718676.648148148,7718691.328703703,14.680555555555555,{'Idle': 14.680555555555555}
TelemetryTask,107484,107485,7722773.314814814,7722787.263888889,13.949074074074074,{'Idle': 13.949074074074074}
UartTxTask,107487,107489,7727935.449074074,7727957.708333333,22.25925925925926,{'TelemetryTask': 22.25925925925926}
UartTxTask,107493,107494,7728677.180555556,7728692.00462963,14.824074074074074,{'Idle': 14.824074074074074}
TelemetryTask,107498,107499,7732773.37037037,7732787.523148148,14.152777777777779,{'Idle': 14.152777777777779}
UartTxTask,107501,107503,7737935.967592592,7737958.550925926,22.583333333333332,{'TelemetryTask': 22.583333333333336}
UartTxTask,107507,107508,7738677.319444444,7738691.958333333,14.63888888888889,{'Idle': 14.63888888888889}
TelemetryTask,107512,107513,7742773.361111111,7742787.490740741,14.12962962962963,{'Idle': 14.12962962962963}
UartTxTask,107515,107517,7747936.351851852,7747958.541666667,22.189814814814813,{'TelemetryTask': 22.189814814814817}
UartTxTask,107521,107522,7748677.398148148,7748691.925925926,14.527777777777779,{'Idle': 14.527777777777779}
TelemetryTask,107526,107527,7752773.347222222,7752787.569444444,14.222222222222221,{'Idle': 14.222222222222221}
UartTxTask,107529,107531,7757936.060185186,7757957.777777778,21.71759259259259,{'TelemetryTask': 21.717592592592595}
UartTxTask,107535,107536,7758677.013888889,7758691.282407408,14.268518518518519,{'Idle': 14.268518518518519}
TelemetryTask,107540,107541,7762773.384259259,7762787.37962963,13.99537037037037,{'Idle': 13.99537037037037}
UartTxTask,107543,107545,7767934.962962963,7767956.712962963,21.75,{'TelemetryTask': 21.75}
UartTxTask,107549,107550,7768675.532407408,7768690.259259259,14.726851851851851,{'Idle': 14.726851851851851}
TelemetryTask,107554,107555,7772773.398148148,7772787.365740741,13.967592592592593,{'Idle': 13.967592592592593}
ButtonTask,107558,107563,7776891.430555556,7778018.361111111,1126.9305555555557,"{'ISR#56': 5.546296296296297, 'TelemetryTask': 1121.3842592592594}"
UartTxTask,107561,107567,7777997.712962963,7778152.986111111,155.27314814814815,"{'TelemetryTask': 20.648148148148145, 'ButtonTask': 134.625}"
UartTxTask,107571,107572,7778884.615740741,7778893.87037037,9.25462962962963,{'Idle': 9.25462962962963}
UartTxTask,107577,107578,7779623.990740741,7779633.12037037,9.12962962962963,{'Idle': 9.12962962962963}
TelemetryTask,107582,107583,7782773.347222222,7782787.550925926,14.203703703703704,{'Idle': 14.203703703703704}
UartTxTask,107585,107587,7787935.990740741,7787958.449074074,22.458333333333332,{'TelemetryTask': 22.458333333333336}
UartTxTask,107591,107592,7788677.300925926,7788692.217592592,14.916666666666666,{'Idle': 14.916666666666666}
TelemetryTask,107596,107597,7792773.435185186,7792787.652777778,14.217592592592593,{'Idle': 14.217592592592593}
UartTxTask,107599,107601,7797935.115740741,7797957.546296297,22.430555555555557,{'TelemetryTask': 22.430555555555557}
UartTxTask,107605,107606,7798676.615740741,7798691.199074074,14.583333333333334,{'Idle': 14.583333333333334}
TelemetryTask,107610,107611,7802773.333333333,7802787.314814814,13.981481481481481,{'Idle': 13.981481481481481}
UartTxTask,107613,107615,7807934.851851852,7807956.837962963,21.98611111111111,{'TelemetryTask': 21.98611111111111}
UartTxTask,107619,107620,7808676.319444444,7808690.944444444,14.625,{'Idle': 14.625}
TelemetryTask,107624,107625,7812773.37037037,7812787.425925926,14.055555555555555,{'Idle': 14.055555555555555}
UartTxTask,107627,107629,7817935.375,7817957.662037037,22.287037037037038,{'TelemetryTask': 22.287037037037038}
UartTxTask,107633,107634,7818676.222222222,7818690.796296297,14.574074074074074,{'Idle': 14.574074074074074}
TelemetryTask,107638,107639,7822773.347222222,7822787.611111111,14.26388888888889,{'Idle': 14.26388888888889}
UartTxTask,107641,107643,7827935.592592592,7827957.523148148,21.930555555555557,{'TelemetryTask': 21.930555555555557}
UartTxTask,107647,107648,7828676.467592592,7828690.847222222,14.37962962962963,{'Idle': 14.37962962962963}
TelemetryTask,107652,107653,7832773.509259259,7832787.662037037,14.152777777777779,{'Idle': 14.152777777777779}
UartTxTask,107655,107657,7837935.087962963,7837956.912037037,21.824074074074073,{'TelemetryTask': 21.824074074074076}
UartTxTask,107661,107662,7838675.847222222,7838690.523148148,14.675925925925926,{'Idle': 14.675925925925926}
TelemetryTask,107666,107667,7842773.430555556,7842787.847222222,14.416666666666666,{'Idle': 14.416666666666666}
UartTxTask,107669,107671,7847936.180555556,7847958.421296297,22.24074074074074,{'TelemetryTask': 22.24074074074074}
UartTxTask,107675,107676,7848677.319444444,7848692.333333333,15.01388888888889,{'Idle': 15.01388888888889}
TelemetryTask,107680,107681,7852773.416666667,7852787.384259259,13.967592592592593,{'Idle': 13.967592592592593}
UartTxTask,107683,107685,7857935.435185186,7857957.949074074,22.51388888888889,{'TelemetryTask': 22.513888888888886}
UartTxTask,107689,107690,7858677.185185186,7858691.726851852,14.541666666666666,{'Idle': 14.541666666666666}
TelemetryTask,107694,107695,7862773.259259259,7862787.041666667,13.782407407407407,{'Idle': 13.782407407407407}
UartTxTask,107697,107699,7867934.611111111,7867956.601851852,21.99074074074074,{'TelemetryTask': 21.99074074074074}
UartTxTask,107703,107704,7868675.25,7868689.611111111,14.36111111111111,{'Idle': 14.36111111111111}
TelemetryTask,107708,107709,7872773.259259259,7872787.226851852,13.967592592592593,{'Idle': 13.967592592592593}
UartTxTask,107711,107713,7877937.351851852,7877959.398148148,22.046296296296298,{'TelemetryTask': 22.046296296296298}
UartTxTask,107717,107718,7878677.898148148,7878692.476851852,14.578703703703704,{'Idle': 14.578703703703704}
TelemetryTask,107722,107723,7882773.337962963,7882787.574074074,14.23611111111111,{'Idle': 14.23611111111111}
UartTxTask,107725,107727,7887935.49537037,7887957.328703703,21.833333333333332,{'TelemetryTask': 21.833333333333336}
UartTxTask,107731,107732,7888676.171296297,7888690.800925926,14.62962962962963,{'Idle': 14.62962962962963}
TelemetryTask,107736,107737,7892773.296296297,7892787.291666667,13.99537037037037,{'Idle': 13.99537037037037}
UartTxTask,107739,107741,7897935.277777778,7897957.550925926,22.27314814814815,{'TelemetryTask': 22.27314814814815}
UartTxTask,107745,107746,7898676.541666667,7898691.217592592,14.675925925925926,{'Idle': 14.675925925925926}
TelemetryTask,107750,107751,7902773.333333333,7902787.712962963,14.37962962962963,{'Idle': 14.37962962962963}
UartTxTask,107753,107755,7907935.180555556,7907957.236111111,22.055555555555557,{'TelemetryTask': 22.055555555555557}
UartTxTask,107759,107760,7908676.078703703,7908691.0,14.921296296296296,{'Idle': 14.921296296296296}
TelemetryTask,107764,107765,7912773.291666667,7912787.583333333,14.291666666666666,{'Idle': 14.291666666666666}
UartTxTask,107767,107769,7917935.814814814,7917957.597222222,21.78240740740741,{'TelemetryTask': 21.78240740740741}
UartTxTask,107773,107774,7918676.328703703,7918691.083333333,14.75462962962963,{'Idle': 14.75462962962963}
TelemetryTask,107778,107779,7922773.416666667,7922787.430555556,14.01388888888889,{'Idle': 14.01388888888889}
UartTxTask,107781,107783,7927934.333333333,7927956.680555556,22.34722222222222,{'TelemetryTask': 22.34722222222222}
UartTxTask,107787,107788,7928675.439814814,7928690.217592592,14.777777777777779,{'Idle': 14.777777777777779}
TelemetryTask,107792,107793,7932773.560185186,7932787.685185186,14.125,{'Idle': 14.125}
UartTxTask,107795,107797,7937935.740740741,7937958.25,22.50925925925926,{'TelemetryTask': 22.50925925925926}
UartTxTask,107801,107802,7938677.476851852,7938692.416666667,14.939814814814815,{'Idle': 14.939814814814815}
ButtonTask,107808,107810,7941093.0,7941107.990740741,14.99074074074074,"{'ISR#56': 5.7592592592592595, 'Scheduler': 9.231481481481481}"
UartTxTask,107813,107815,7941230.935185186,7941260.314814814,29.37962962962963,{'ButtonTask': 29.37962962962963}
UartTxTask,107819,107820,7941979.25462963,7941988.601851852,9.347222222222221,{'Idle': 9.347222222222221}
TelemetryTask,107824,107825,7942773.722222222,7942787.592592592,13.87037037037037,{'Idle': 13.87037037037037}
UartTxTask,107827,107829,7947935.50462963,7947957.796296297,22.291666666666668,{'TelemetryTask': 22.291666666666664}
UartTxTask,107833,107834,7948676.87962963,7948691.518518519,14.63888888888889,{'Idle': 14.63888888888889}
TelemetryTask,107838,107839,7952773.259259259,7952787.314814814,14.055555555555555,{'Idle': 14.055555555555555}
UartTxTask,107841,107843,7957934.319444444,7957956.310185186,21.99074074074074,{'TelemetryTask': 21.99074074074074}
UartTxTask,107847,107848,7958674.893518519,7958689.837962963,14.944444444444445,{'Idle': 14.944444444444445}
TelemetryTask,107852,107853,7962773.439814814,7962787.12037037,13.680555555555555,{'Idle': 13.680555555555555}
UartTxTask,107855,107857,7967935.337962963,7967957.50462963,22.166666666666668,{'TelemetryTask': 22.166666666666664}
UartTxTask,107861,107862,7968676.259259259,7968690.912037037,14.652777777777779,{'Idle': 14.652777777777779}
TelemetryTask,107866,107867,7972773.458333333,7972787.356481481,13.898148148148149,{'Idle': 13.898148148148149}
UartTxTask,107869,107871,7977935.263888889,7977957.231481481,21.96759259259259,{'TelemetryTask': 21.96759259259259}
UartTxTask,107875,107876,7978675.888888889,7978690.416666667,14.527777777777779,{'Idle': 14.527777777777779}
TelemetryTask,107880,107881,7982773.365740741,7982787.726851852,14.36111111111111,{'Idle': 14.36111111111111}
UartTxTask,107883,107885,7987935.453703703,7987957.708333333,22.25462962962963,{'TelemetryTask': 22.25462962962963}
UartTxTask,107889,107890,7988676.671296297,7988691.115740741,14.444444444444445,{'Idle': 14.444444444444445}
TelemetryTask,107894,107895,7992773.287037037,7992787.37962963,14.092592592592593,{'Idle': 14.092592592592593}
UartTxTask,107897,107899,7997934.958333333,7997957.398148148,22.439814814814813,{'TelemetryTask': 22.439814814814817}
UartTxTask,107903,107904,7998676.296296297,7998690.777777778,14.481481481481481,{'Idle': 14.481481481481481}
TelemetryTask,107908,107909,8002773.388888889,8002787.351851852,13.962962962962964,{'Idle': 13.962962962962964}
UartTxTask,107911,107913,8007935.916666667,8007957.805555556,21.88888888888889,{'TelemetryTask': 21.88888888888889}
UartTxTask,107917,107918,8008676.62037037,8008691.453703703,14.833333333333334,{'Idle': 14.833333333333334}
TelemetryTask,107922,107923,8012773.402777778,8012787.393518519,13.99074074074074,{'Idle': 13.99074074074074}
UartTxTask,107925,107927,8017934.916666667,8017956.902777778,21.98611111111111,{'TelemetryTask': 21.98611111111111}
UartTxTask,107931,107932,8018675.699074074,8018690.300925926,14.601851851851851,{'Idle': 14.601851851851851}
TelemetryTask,107936,107937,8022773.601851852,8022788.337962963,14.73611111111111,{'Idle': 14.73611111111111}
UartTxTask,107939,107941,8027936.268518519,8027958.180555556,21.912037037037038,{'TelemetryTask': 21.912037037037038}
UartTxTask,107945,107946,8028677.092592592,8028691.842592592,14.75,{'Idle': 14.75}
TelemetryTask,107950,107951,8032773.324074074,8032787.384259259,14.060185185185185,{'Idle': 14.060185185185185}
UartTxTask,107953,107955,8037936.49537037,8037958.712962963,22.21759259259259,{'TelemetryTask': 22.217592592592595}
UartTxTask,107959,107960,8038678.328703703,8038693.166666667,14.837962962962964,{'Idle': 14.837962962962964}
TelemetryTask,107964,107965,8042773.375,8042787.449074074,14.074074074074074,{'Idle': 14.074074074074074}
UartTxTask,107967,107969,8047935.634259259,8047958.259259259,22.625,{'TelemetryTask': 22.625}
UartTxTask,107973,107974,8048677.152777778,8048691.694444444,14.541666666666666,{'Idle': 14.541666666666666}
TelemetryTask,107978,107979,8052773.430555556,8052787.157407408,13.726851851851851,{'Idle': 13.726851851851851}
UartTxTask,107981,107983,8057938.564814814,8057960.689814814,22.125,{'TelemetryTask': 22.125}
UartTxTask,107987,107988,8058679.24537037,8058693.851851852,14.606481481481481,{'Idle': 14.606481481481481}
TelemetryTask,107992,107993,8062773.416666667,8062787.935185186,14.518518518518519,{'Idle': 14.518518518518519}
UartTxTask,107995,107997,8067936.162037037,8067958.388888889,22.22685185185185,{'TelemetryTask': 22.22685185185185}
UartTxTask,108001,108002,8068677.587962963,8068692.347222222,14.75925925925926,{'Idle': 14.75925925925926}
TelemetryTask,108006,108007,8072773.407407408,8072787.074074074,13.666666666666666,{'Idle': 13.666666666666666}
UartTxTask,108009,108011,8077935.009259259,8077957.111111111,22.10185185185185,{'TelemetryTask': 22.10185185185185}
UartTxTask,108015,108016,8078675.708333333,8078690.305555556,14.597222222222221,{'Idle': 14.597222222222221}
TelemetryTask,108020,108021,8082773.305555556,8082787.143518519,13.837962962962964,{'Idle': 13.837962962962964}
UartTxTask,108023,108025,8087935.365740741,8087957.37962963,22.01388888888889,{'TelemetryTask': 22.01388888888889}
UartTxTask,108029,108030,8088675.611111111,8088690.712962963,15.101851851851851,{'Idle': 15.101851851851851}
TelemetryTask,108034,108035,8092773.444444444,8092787.37037037,13.925925925925926,{'Idle': 13.925925925925926}
UartTxTask,108037,108039,8097934.935185186,8097957.162037037,22.22685185185185,{'TelemetryTask': 22.226851851851855}
UartTxTask,108043,108044,8098675.824074074,8098690.523148148,14.699074074074074,{'Idle': 14.699074074074074}
TelemetryTask,108048,108049,8102773.300925926,8102787.333333333,14.032407407407407,{'Idle': 14.032407407407407}
UartTxTask,108051,108053,8107935.685185186,8107957.99537037,22.310185185185187,{'TelemetryTask': 22.310185185185183}
UartTxTask,108057,108058,8108676.50462963,8108691.25,14.74537037037037,{'Idle': 14.74537037037037}
TelemetryTask,108062,108063,8112773.333333333,8112787.583333333,14.25,{'Idle': 14.25}
UartTxTask,108065,108067,8117935.134259259,8117957.564814814,22.430555555555557,{'TelemetryTask': 22.430555555555557}
UartTxTask,108071,108072,8118676.62037037,8118691.157407408,14.537037037037036,{'Idle': 14.537037037037036}
TelemetryTask,108076,108077,8122773.268518519,8122787.75462963,14.48611111111111,{'Idle': 14.48611111111111}
UartTxTask,108079,108081,8127935.37962963,8127957.231481481,21.85185185185185,{'TelemetryTask': 21.851851851851855}
UartTxTask,108085,108086,8128676.064814814,8128691.013888889,14.949074074074074,{'Idle': 14.949074074074074}
TelemetryTask,108090,108091,8132773.384259259,8132787.268518519,13.88425925925926,{'Idle': 13.88425925925926}
UartTxTask,108093,108095,8137936.175925926,8137958.472222222,22.296296296296298,{'TelemetryTask': 22.296296296296298}
UartTxTask,108099,108100,8138677.180555556,8138691.916666667,14.73611111111111,{'Idle': 14.73611111111111}
TelemetryTask,108104,108105,8142773.12962963,8142787.050925926,13.921296296296296,{'Idle': 13.921296296296296}
UartTxTask,108107,108109,8147934.662037037,8147956.560185186,21.89814814814815,{'TelemetryTask': 21.89814814814815}
UartTxTask,108113,108114,8148675.208333333,8148689.842592592,14.63425925925926,{'Idle': 14.63425925925926}
TelemetryTask,108118,108119,8152773.476851852,8152787.685185186,14.208333333333334,{'Idle': 14.208333333333334}
UartTxTask,108121,108123,8157936.347222222,8157958.37037037,22.02314814814815,{'TelemetryTask': 22.02314814814815}
UartTxTask,108127,108128,8158677.449074074,8158692.25,14.800925925925926,{'Idle': 14.800925925925926}
TelemetryTask,108132,108133,8162773.319444444,8162787.393518519,14.074074074074074,{'Idle': 14.074074074074074}
UartTxTask,108135,108137,8167934.953703703,8167957.199074074,22.24537037037037,{'TelemetryTask': 22.24537037037037}
UartTxTask,108141,108142,8168676.421296297,8168691.375,14.953703703703704,{'Idle': 14.953703703703704}
TelemetryTask,108146,108147,8172773.453703703,8172787.523148148,14.069444444444445,{'Idle': 14.069444444444445}
UartTxTask,108149,108151,8177935.597222222,8177958.222222222,22.625,{'TelemetryTask': 22.625}
UartTxTask,108155,108156,8178677.314814814,8178692.152777778,14.837962962962964,{'Idle': 14.837962962962964}
TelemetryTask,108160,108161,8182773.462962963,8182787.699074074,14.23611111111111,{'Idle': 14.23611111111111}
UartTxTask,108163,108165,8187935.851851852,8187957.861111111,22.00925925925926,{'TelemetryTask': 22.00925925925926}
UartTxTask,108169,108170,8188677.662037037,8188692.550925926,14.88888888888889,{'Idle': 14.88888888888889}
TelemetryTask,108174,108175,8192773.337962963,8192787.347222222,14.00925925925926,{'Idle': 14.00925925925926}
UartTxTask,108177,108179,8197935.259259259,8197957.467592592,22.208333333333332,{'TelemetryTask': 22.208333333333336}
UartTxTask,108183,108184,8198676.342592592,8198690.912037037,14.569444444444445,{'Idle': 14.569444444444445}
TelemetryTask,108188,108189,8202773.375,8202787.791666667,14.416666666666666,{'Idle': 14.416666666666666}
UartTxTask,108191,108193,8207936.180555556,8207958.62037037,22.439814814814813,{'TelemetryTask': 22.439814814814817}
UartTxTask,108197,108198,8208677.472222222,8208692.37962963,14.907407407407407,{'Idle': 14.907407407407407}
TelemetryTask,108202,108203,8212773.342592592,8212787.509259259,14.166666666666666,{'Idle': 14.166666666666666}
UartTxTask,108205,108207,8217935.597222222,8217957.708333333,22.11111111111111,{'TelemetryTask': 22.11111111111111}
UartTxTask,108211,108212,8218676.134259259,8218690.726851852,14.592592592592593,{'Idle': 14.592592592592593}
TelemetryTask,108216,108217,8222773.421296297,8222787.583333333,14.162037037037036,{'Idle': 14.162037037037036}
UartTxTask,108219,108221,8227936.324074074,8227958.87962963,22.555555555555557,{'TelemetryTask': 22.555555555555557}
UartTxTask,108225,108226,8228677.990740741,8228692.476851852,14.48611111111111,{'Idle': 14.48611111111111}
TelemetryTask,108230,108231,8232773.296296297,8232787.384259259,14.087962962962964,{'Idle': 14.087962962962964}
UartTxTask,108233,108235,8237934.791666667,8237956.796296297,22.00462962962963,{'TelemetryTask': 22.00462962962963}
UartTxTask,108239,108240,8238675.365740741,8238690.092592592,14.726851851851851,{'Idle': 14.726851851851851}
TelemetryTask,108244,108245,8242773.37037037,8242787.953703703,14.583333333333334,{'Idle': 14.583333333333334}
UartTxTask,108247,108249,8247935.481481481,8247957.537037037,22.055555555555557,{'TelemetryTask': 22.055555555555557}
UartTxTask,108253,108254,8248676.592592592,8248691.273148148,14.680555555555555,{'Idle': 14.680555555555555}
TelemetryTask,108258,108259,8252773.37962963,8252787.240740741,13.86111111111111,{'Idle': 13.86111111111111}
UartTxTask,108261,108263,8257935.282407408,8257957.523148148,22.24074074074074,{'TelemetryTask': 22.24074074074074}
UartTxTask,108267,108268,8258676.425925926,8258691.296296297,14.87037037037037,{'Idle': 14.87037037037037}
TelemetryTask,108272,108273,8262773.384259259,8262787.601851852,14.217592592592593,{'Idle': 14.217592592592593}
UartTxTask,108275,108277,8267935.37037037,8267957.759259259,22.38888888888889,{'TelemetryTask': 22.38888888888889}
UartTxTask,108281,108282,8268676.824074074,8268691.861111111,15.037037037037036,{'Idle': 15.037037037037036}
TelemetryTask,108286,108287,8272773.310185186,8272787.444444444,14.13425925925926,{'Idle': 14.13425925925926}
UartTxTask,108289,108291,8277935.726851852,8277957.777777778,22.050925925925927,{'TelemetryTask': 22.050925925925924}
UartTxTask,108295,108296,8278676.175925926,8278690.958333333,14.782407407407407,{'Idle': 14.782407407407407}
TelemetryTask,108300,108301,8282773.393518519,8282787.509259259,14.11574074074074,{'Idle': 14.11574074074074}
UartTxTask,108303,108305,8287935.444444444,8287957.342592592,21.89814814814815,{'TelemetryTask': 21.89814814814815}
UartTxTask,108309,108310,8288676.106481481,8288690.824074074,14.717592592592593,{'Idle': 14.717592592592593}
TelemetryTask,108314,108315,8292773.425925926,8292787.699074074,14.273148148148149,{'Idle': 14.273148148148149}
UartTxTask,108317,108319,8297936.731481481,8297958.791666667,22.060185185185187,{'TelemetryTask': 22.060185185185183}
UartTxTask,108323,108324,8298677.837962963,8298692.476851852,14.63888888888889,{'Idle': 14.63888888888889}
TelemetryTask,108328,108329,8302773.476851852,8302787.638888889,14.162037037037036,{'Idle': 14.162037037037036}
UartTxTask,108331,108333,8307936.314814814,8307958.328703703,22.01388888888889,{'TelemetryTask': 22.01388888888889}
UartTxTask,108337,108338,8308677.324074074,8308691.953703703,14.62962962962963,{'Idle': 14.62962962962963}
TelemetryTask,108342,108343,8312773.50462963,8312787.310185186,13.805555555555555,{'Idle': 13.805555555555555}
UartTxTask,108345,108347,8317935.412037037,8317957.435185186,22.02314814814815,{'TelemetryTask': 22.023148148148145}
UartTxTask,108351,108352,8318676.157407408,8318690.689814814,14.532407407407407,{'Idle': 14.532407407407407}
TelemetryTask,108356,108357,8322773.375,8322787.157407408,13.782407407407407,{'Idle': 13.782407407407407}
UartTxTask,108359,108361,8327935.203703703,8327957.49537037,22.291666666666668,{'TelemetryTask': 22.291666666666668}
UartTxTask,108365,108366,8328675.99537037,8328690.796296297,14.800925925925926,{'Idle': 14.800925925925926}
TelemetryTask,108370,108371,8332773.342592592,8332787.643518519,14.300925925925926,{'Idle': 14.300925925925926}
UartTxTask,108373,108375,8337935.018518519,8337957.166666667,22.14814814814815,{'TelemetryTask': 22.14814814814815}
UartTxTask,108379,108380,8338675.837962963,8338690.564814814,14.726851851851851,{'Idle': 14.726851851851851}
TelemetryTask,108384,108385,8342773.550925926,8342787.638888889,14.087962962962964,{'Idle': 14.087962962962964}
UartTxTask,108387,108389,8347935.828703703,8347958.013888889,22.185185185185187,{'TelemetryTask': 22.185185185185183}
UartTxTask,108393,108394,8348677.125,8348691.652777778,14.527777777777779,{'Idle': 14.527777777777779}
TelemetryTask,108398,108399,8352773.407407408,8352787.259259259,13.851851851851851,{'Idle': 13.851851851851851}
UartTxTask,108401,108403,8357934.861111111,8357957.296296297,22.435185185185187,{'TelemetryTask': 22.435185185185183}
UartTxTask,108407,108408,8358676.013888889,8358690.87962963,14.86574074074074,{'Idle': 14.86574074074074}
TelemetryTask,108412,108413,8362773.291666667,8362787.601851852,14.310185185185185,{'Idle': 14.310185185185185}
UartTxTask,108415,108417,8367935.652777778,8367958.092592592,22.439814814814813,{'TelemetryTask': 22.439814814814817}
UartTxTask,108421,108422,8368676.518518519,8368691.25,14.731481481481481,{'Idle': 14.731481481481481}
TelemetryTask,108426,108427,8372773.398148148,8372787.675925926,14.277777777777779,{'Idle': 14.277777777777779}
UartTxTask,108429,108431,8377935.430555556,8377957.787037037,22.35648148148148,{'TelemetryTask': 22.35648148148148}
UartTxTask,108435,108436,8378676.625,8378691.337962963,14.712962962962964,{'Idle': 14.712962962962964}
TelemetryTask,108440,108441,8382773.37037037,8382787.657407408,14.287037037037036,{'Idle': 14.287037037037036}
UartTxTask,108443,108445,8387935.925925926,8387957.75462963,21.828703703703702,{'TelemetryTask': 21.828703703703702}
UartTxTask,108449,108450,8388676.592592593,8388691.25,14.657407407407407,{'Idle': 14.657407406303617}
TelemetryTask,108454,108455,8392773.375,8392787.287037037,13.912037037037036,{'Idle': 13.912037037037036}
UartTxTask,108457,108459,8397934.898148147,8397956.86574074,21.96759259259259,{'TelemetryTask': 21.96759259369638}
UartTxTask,108463,108464,8398675.773148147,8398690.097222222,14.324074074074074,{'Idle': 14.324074075177863}
TelemetryTask,108468,108469,8402773.541666666,8402787.486111112,13.944444444444445,"{'Idle': 13.944444445548234, 'TelemetryTask': 1.1037897180627893e-09}"
UartTxTask,108471,108473,8407936.111111112,8407958.078703703,21.96759259259259,{'TelemetryTask': 21.967592591488803}
UartTxTask,108477,108478,8408676.708333334,8408691.578703703,14.87037037037037,{'Idle': 14.870370369266581}
TelemetryTask,108482,108483,8412773.388888888,8412787.444444444,14.055555555555555,{'Idle': 14.055555556659344}
UartTxTask,108485,108487,8417935.129629629,8417956.99074074,21.86111111111111,{'TelemetryTask': 21.8611111122149}
UartTxTask,108491,108492,8418675.893518519,8418690.578703703,14.685185185185185,{'Idle': 14.685185185185185}
TelemetryTask,108496,108497,8422773.449074075,8422787.662037037,14.212962962962964,{'Idle': 14.212962962962964}
UartTxTask,108499,108501,8427936.111111112,8427958.041666666,21.930555555555557,{'TelemetryTask': 21.930555553347975}
UartTxTask,108505,108506,8428676.879629629,8428692.023148147,15.143518518518519,{'Idle': 15.143518518518517}
TelemetryTask,108510,108511,8432773.333333334,8432787.476851853,14.143518518518519,"{'Idle': 14.143518517414728, 'TelemetryTask': 1.1037897180627893e-09}"
UartTxTask,108513,108515,8437936.375,8437958.583333334,22.208333333333332,"{'TelemetryTask': 22.208333333333336, 'UartTxTask': 1.1037897180627893e-09}"
UartTxTask,108519,108520,8438677.398148147,8438692.120370371,14.722222222222221,"{'Idle': 14.72222222332601, 'UartTxTask': 1.1037897180627893e-09}"
TelemetryTask,108524,108525,8442773.310185185,8442787.398148147,14.087962962962964,{'Idle': 14.087962961859173}
UartTxTask,108527,108529,8447935.86574074,8447957.870370371,22.00462962962963,"{'TelemetryTask': 22.00462962962963, 'UartTxTask': 1.1037897180627893e-09}"
UartTxTask,108533,108534,8448676.310185185,8448691.138888888,14.828703703703704,{'Idle': 14.828703702599913}
TelemetryTask,108538,108539,8452773.379629629,8452787.412037037,14.032407407407407,{'Idle': 14.032407408511196}
UartTxTask,108541,108543,8457935.851851853,8457957.986111112,22.13425925925926,"{'TelemetryTask': 22.134259258155467, 'UartTxTask': 1.1037897180627893e-09}"
UartTxTask,108547,108548,8458676.703703703,8458691.38425926,14.680555555555555,{'Idle': 14.680555555555555}
TelemetryTask,108552,108553,8462773.416666666,8462787.74074074,14.324074074074074,{'Idle': 14.324074075177863}
UartTxTask,108555,108557,8467936.282407407,8467958.574074075,22.291666666666668,{'TelemetryTask': 22.291666667770457}
UartTxTask,108561,108562,8468677.467592593,8468692.472222222,15.00462962962963,{'Idle': 15.00462962852584}
TelemetryTask,108566,108567,8472773.495370371,8472787.398148147,13.902777777777779,{'Idle': 13.902777775570199}
UartTxTask,108569,108571,8477934.824074075,8477957.023148147,22.199074074074073,{'TelemetryTask': 22.199074072970284}
UartTxTask,108575,108576,8478676.226851853,8478691.125,14.898148148148149,{'Idle': 14.898148147044358}
TelemetryTask,108580,108581,8482773.217592593,8482787.208333334,13.99074074074074,"{'Idle': 13.990740739636951, 'TelemetryTask': 1.1037897180627893e-09}"
UartTxTask,108583,108585,8487935.50925926,8487957.388888888,21.87962962962963,{'TelemetryTask': 21.87962962852584}
UartTxTask,108589,108590,8488675.893518519,8488690.63425926,14.74074074074074,{'Idle': 14.74074074074074}
TelemetryTask,108594,108595,8492773.444444444,8492787.791666666,14.347222222222221,{'Idle': 14.347222221118432}
UartTxTask,108597,108599,8497936.064814815,8497958.527777778,22.462962962962962,{'TelemetryTask': 22.462962962962962}
UartTxTask,108603,108604,8498677.138888888,8498691.967592593,14.828703703703704,"{'Idle': 14.828703704807493, 'UartTxTask': 1.1037897180627893e-09}"
TelemetryTask,108608,108609,8502773.435185185,8502787.462962963,14.027777777777779,{'Idle': 14.027777777777779}
UartTxTask,108611,108613,8507935.467592593,8507957.351851853,21.88425925925926,"{'TelemetryTask': 21.884259258155467, 'UartTxTask': 1.1037897180627893e-09}"
UartTxTask,108617,108618,8508676.328703703,8508690.88425926,14.555555555555555,{'Idle': 14.555555555555555}
TelemetryTask,108622,108623,8512773.324074075,8512787.574074075,14.25,{'Idle': 14.25}
UartTxTask,108625,108627,8517935.523148147,8517957.643518519,22.12037037037037,{'TelemetryTask': 22.12037037147416}
UartTxTask,108631,108632,8518676.449074075,8518690.916666666,14.467592592592593,{'Idle': 14.467592591488803}
TelemetryTask,108636,108637,8522773.458333334,8522787.648148147,14.189814814814815,{'Idle': 14.189814812607235}
UartTxTask,108639,108641,8527935.106481481,8527957.305555556,22.199074074074073,{'TelemetryTask': 22.199074074074076}
UartTxTask,108645,108646,8528676.027777778,8528690.962962963,14.935185185185185,{'Idle': 14.935185185185185}
TelemetryTask,108650,108651,8532773.421296297,8532787.212962963,13.791666666666666,{'Idle': 13.791666666666666}
UartTxTask,108653,108655,8537934.467592593,8537956.583333334,22.11574074074074,"{'TelemetryTask': 22.11574073963695, 'UartTxTask': 1.1037897180627893e-09}"
UartTxTask,108659,108660,8538675.601851853,8538690.245370371,14.643518518518519,"{'Idle': 14.643518517414728, 'UartTxTask': 1.1037897180627893e-09}"
TelemetryTask,108664,108665,8542773.287037037,8542787.532407407,14.24537037037037,{'Idle': 14.245370369266581}
UartTxTask,108667,108669,8547934.550925925,8547956.194444444,21.64351851851852,{'TelemetryTask': 21.64351851851852}
UartTxTask,108673,108674,8548675.513888888,8548690.199074075,14.685185185185185,{'Idle': 14.685185186288974}
TelemetryTask,108678,108679,8552773.416666666,8552787.527777778,14.11111111111111,{'Idle': 14.1111111122149}
UartTxTask,108681,108683,8557936.291666666,8557958.282407407,21.99074074074074,{'TelemetryTask': 21.99074074074074}
UartTxTask,108687,108688,8558677.25925926,8558692.055555556,14.796296296296296,{'Idle': 14.796296296296296}
TelemetryTask,108692,108693,8562773.5,8562787.643518519,14.143518518518519,{'Idle': 14.143518518518519}
UartTxTask,108695,108697,8567936.060185185,8567958.166666666,22.10648148148148,{'TelemetryTask': 22.106481480377692}
UartTxTask,108701,108702,8568677.370370371,8568692.11574074,14.74537037037037,{'Idle': 14.745370369266581}
TelemetryTask,108706,108707,8572773.430555556,8572787.38425926,13.953703703703704,{'Idle': 13.953703703703704}
UartTxTask,108709,108711,8577934.870370371,8577957.069444444,22.199074074074073,{'TelemetryTask': 22.199074072970284}
UartTxTask,108715,108716,8578676.060185185,8578690.773148147,14.712962962962964,{'Idle': 14.712962961859173}
TelemetryTask,108720,108721,8582773.458333334,8582787.333333334,13.875,"{'Idle': 13.874999998896211, 'TelemetryTask': 1.1037897180627893e-09}"
UartTxTask,108723,108725,8587934.467592593,8587956.814814815,22.34722222222222,{'TelemetryTask': 22.347222221118432}
UartTxTask,108729,108730,8588676.046296297,8588690.61574074,14.569444444444445,{'Idle': 14.569444444444445}
TelemetryTask,108734,108735,8592773.518518519,8592787.527777778,14.00925925925926,{'Idle': 14.00925925925926}
UartTxTask,108737,108739,8597936.504629629,8597958.606481481,22.10185185185185,{'TelemetryTask': 22.10185185295564}
UartTxTask,108743,108744,8598677.254629629,8598692.222222222,14.967592592592593,{'Idle': 14.967592593696383}
TelemetryTask,108748,108749,8602773.416666666,8602787.560185185,14.143518518518519,{'Idle': 14.143518519622308}
UartTxTask,108751,108753,8607935.449074075,8607957.601851853,22.15277777777778,"{'TelemetryTask': 22.15277777777778, 'UartTxTask': 1.1037897180627893e-09}"
UartTxTask,108757,108758,8608676.236111112,8608690.726851853,14.49074074074074,"{'Idle': 14.490740739636951, 'UartTxTask': 1.1037897180627893e-09}"
TelemetryTask,108762,108763,8612773.305555556,8612787.458333334,14.152777777777779,"{'Idle': 14.152777777777779, 'TelemetryTask': 1.1037897180627893e-09}"
UartTxTask,108765,108767,8617934.995370371,8617956.861111112,21.86574074074074,"{'TelemetryTask': 21.86574073963695, 'UartTxTask': 1.1037897180627893e-09}"
UartTxTask,108771,108772,8618675.842592593,8618690.574074075,14.731481481481481,{'Idle': 14.731481480377692}
TelemetryTask,108776,108777,8622773.425925925,8622787.476851853,14.050925925925926,"{'Idle': 14.050925925925926, 'TelemetryTask': 1.1037897180627893e-09}"
UartTxTask,108779,108781,8627935.027777778,8627957.393518519,22.36574074074074,{'TelemetryTask': 22.36574074074074}
UartTxTask,108785,108786,8628676.819444444,8628691.407407407,14.587962962962964,{'Idle': 14.587962961859173}
TelemetryTask,108790,108791,8632773.393518519,8632787.393518519,14.0,{'Idle': 14.0}
UartTxTask,108793,108795,8637935.189814815,8637957.055555556,21.86574074074074,{'TelemetryTask': 21.86574074074074}
UartTxTask,108799,108800,8638676.129629629,8638691.212962963,15.083333333333334,{'Idle': 15.083333334437123}
TelemetryTask,108804,108805,8642773.393518519,8642787.314814815,13.921296296296296,{'Idle': 13.921296296296296}
UartTxTask,108807,108809,8647935.703703703,8647958.083333334,22.37962962962963,"{'TelemetryTask': 22.37962962962963, 'UartTxTask': 1.1037897180627893e-09}"
UartTxTask,108813,108814,8648676.578703703,8648691.569444444,14.99074074074074,{'Idle': 14.99074074074074}
TelemetryTask,108818,108819,8652773.49074074,8652787.495370371,14.00462962962963,"{'Idle': 14.00462962962963, 'TelemetryTask': 1.1037897180627893e-09}"
UartTxTask,108821,108823,8657934.962962963,8657957.310185185,22.34722222222222,{'TelemetryTask': 22.34722222222222}
UartTxTask,108827,108828,8658676.208333334,8658691.046296297,14.837962962962964,{'Idle': 14.837962961859173}
TelemetryTask,108832,108833,8662773.462962963,8662787.486111112,14.023148148148149,"{'Idle': 14.023148148148149, 'TelemetryTask': 1.1037897180627893e-09}"
UartTxTask,108835,108837,8667935.25925926,8667957.296296297,22.037037037037038,{'TelemetryTask': 22.037037037037038}
UartTxTask,108841,108842,8668675.88425926,8668690.671296297,14.787037037037036,{'Idle': 14.787037037037036}
TelemetryTask,108846,108847,8672773.296296297,8672787.333333334,14.037037037037036,"{'Idle': 14.037037037037036, 'TelemetryTask': 1.1037897180627893e-09}"
UartTxTask,108849,108851,8677934.856481481,8677956.902777778,22.046296296296298,{'TelemetryTask': 22.046296296296298}
UartTxTask,108855,108856,8678675.694444444,8678690.560185185,14.86574074074074,{'Idle': 14.86574074074074}
TelemetryTask,108860,108861,8682773.5,8682787.680555556,14.180555555555555,{'Idle': 14.180555555555555}
UartTxTask,108863,108865,8687936.138888888,8687958.282407407,22.14351851851852,{'TelemetryTask': 22.14351851851852}
UartTxTask,108869,108870,8688676.902777778,8688691.560185185,14.657407407407407,{'Idle': 14.657407407407407}
TelemetryTask,108874,108875,8692773.296296297,8692787.217592593,13.921296296296296,"{'Idle': 13.921296296296296, 'TelemetryTask': 1.1037897180627893e-09}"
UartTxTask,108877,108879,8697934.847222222,8697957.166666666,22.319444444444443,{'TelemetryTask': 22.319444443340654}
UartTxTask,108883,108884,8698676.328703703,8698690.546296297,14.217592592592593,{'Idle': 14.217592592592593}
TelemetryTask,108888,108889,8702773.379629629,8702787.194444444,13.814814814814815,{'Idle': 13.814814815918604}
UartTxTask,108891,108893,8707935.569444444,8707957.768518519,22.199074074074073,{'TelemetryTask': 22.199074074074076}
UartTxTask,108897,108898,8708676.523148147,8708691.236111112,14.712962962962964,"{'Idle': 14.712962964066753, 'UartTxTask': 1.1037897180627893e-09}"
TelemetryTask,108902,108903,8712773.361111112,8712787.583333334,14.222222222222221,"{'Idle': 14.222222221118432, 'TelemetryTask': 1.1037897180627893e-09}"
UartTxTask,108905,108907,8717935.745370371,8717958.046296297,22.300925925925927,{'TelemetryTask': 22.30092592482214}
UartTxTask,108911,108912,8718676.879629629,8718691.606481481,14.726851851851851,{'Idle': 14.72685185295564}
TelemetryTask,108916,108917,8722773.342592593,8722787.550925925,14.208333333333334,{'Idle': 14.208333332229543}
UartTxTask,108919,108921,8727935.907407407,8727958.333333334,22.425925925925927,"{'TelemetryTask': 22.425925927029716, 'UartTxTask': 1.1037897180627893e-09}"
UartTxTask,108925,108926,8728677.171296297,8728691.800925925,14.62962962962963,{'Idle': 14.62962962962963}
TelemetryTask,108930,108931,8732773.402777778,8732787.643518519,14.24074074074074,{'Idle': 14.24074074074074}
UartTxTask,108933,108935,8737936.305555556,8737958.587962963,22.28240740740741,{'TelemetryTask': 22.28240740740741}
UartTxTask,108939,108940,8738677.38425926,8738692.13425926,14.75,{'Idle': 14.75}
TelemetryTask,108944,108945,8742773.430555556,8742787.333333334,13.902777777777779,"{'Idle': 13.902777777777779, 'TelemetryTask': 1.1037897180627893e-09}"
UartTxTask,108947,108949,8747934.699074075,8747956.657407407,21.958333333333332,{'TelemetryTask': 21.958333332229543}
UartTxTask,108953,108954,8748675.782407407,8748690.564814815,14.782407407407407,{'Idle': 14.782407408511196}
TelemetryTask,108958,108959,8752773.5,8752787.583333334,14.083333333333334,"{'Idle': 14.083333333333334, 'TelemetryTask': 1.1037897180627893e-09}"
UartTxTask,108961,108963,8757935.810185185,8757957.671296297,21.86111111111111,{'TelemetryTask': 21.86111111111111}
UartTxTask,108967,108968,8758676.745370371,8758691.578703703,14.833333333333334,{'Idle': 14.833333332229543}
TelemetryTask,108972,108973,8762773.319444444,8762787.472222222,14.152777777777779,{'Idle': 14.152777777777779}
UartTxTask,108975,108977,8767935.671296297,8767957.550925925,21.87962962962963,{'TelemetryTask': 21.87962962962963}
UartTxTask,108981,108982,8768676.662037037,8768691.342592593,14.680555555555555,"{'Idle': 14.680555555555555, 'UartTxTask': 1.1037897180627893e-09}"
TelemetryTask,108986,108987,8772773.319444444,8772786.953703703,13.63425925925926,{'Idle': 13.63425925925926}
UartTxTask,108989,108991,8777935.430555556,8777957.925925925,22.49537037037037,{'TelemetryTask': 22.49537037037037}
UartTxTask,108995,108996,8778676.625,8778691.069444444,14.444444444444445,{'Idle': 14.444444444444445}
TelemetryTask,109000,109001,8782773.277777778,8782787.268518519,13.99074074074074,{'Idle': 13.99074074074074}
UartTxTask,109003,109005,8787935.625,8787957.856481481,22.23148148148148,{'TelemetryTask': 22.23148148148148}
UartTxTask,109009,109010,8788676.75,8788691.675925925,14.925925925925926,{'Idle': 14.925925925925926}
TelemetryTask,109014,109015,8792773.504629629,8792787.430555556,13.925925925925926,{'Idle': 13.925925927029715}
UartTxTask,109017,109019,8797935.49074074,8797957.430555556,21.939814814814813,{'TelemetryTask': 21.939814814814817}
UartTxTask,109023,109024,8798676.412037037,8798691.018518519,14.606481481481481,{'Idle': 14.606481481481481}
TelemetryTask,109028,109029,8802773.361111112,8802787.49074074,14.12962962962963,{'Idle': 14.12962962852584}
UartTxTask,109031,109033,8807935.61574074,8807957.925925925,22.310185185185187,{'TelemetryTask': 22.310185185185183}
UartTxTask,109037,109038,8808676.703703703,8808691.467592593,14.76388888888889,"{'Idle': 14.76388888888889, 'UartTxTask': 1.1037897180627893e-09}"
TelemetryTask,109042,109043,8812773.393518519,8812787.388888888,13.99537037037037,{'Idle': 13.995370369266581}
UartTxTask,109045,109047,8817935.796296297,8817957.893518519,22.09722222222222,{'TelemetryTask': 22.09722222222222}
UartTxTask,109051,109052,8818676.703703703,8818691.351851853,14.648148148148149,"{'Idle': 14.648148148148149, 'UartTxTask': 1.1037897180627893e-09}"
TelemetryTask,109056,109057,8822773.337962963,8822787.537037037,14.199074074074074,{'Idle': 14.199074074074074}
UartTxTask,109059,109061,8827935.689814815,8827957.731481481,22.041666666666668,{'TelemetryTask': 22.041666666666664}
UartTxTask,109065,109066,8828676.731481481,8828691.319444444,14.587962962962964,{'Idle': 14.587962962962964}
TelemetryTask,109070,109071,8832773.421296297,8832787.194444444,13.773148148148149,{'Idle': 13.773148148148149}
UartTxTask,109073,109075,8837934.944444444,8837957.287037037,22.34259259259259,{'TelemetryTask': 22.342592592592595}
UartTxTask,109079,109080,8838676.388888888,8838690.777777778,14.38888888888889,{'Idle': 14.388888889992678}
TelemetryTask,109084,109085,8842773.337962963,8842787.236111112,13.898148148148149,"{'Idle': 13.898148148148149, 'TelemetryTask': 1.1037897180627893e-09}"
UartTxTask,109087,109089,8847935.50925926,8847957.875,22.36574074074074,{'TelemetryTask': 22.36574074074074}
UartTxTask,109093,109094,8848676.060185185,8848691.166666666,15.106481481481481,{'Idle': 15.106481480377692}
TelemetryTask,109098,109099,8852773.333333334,8852787.703703703,14.37037037037037,{'Idle': 14.370370369266581}
UartTxTask,109101,109103,8857936.319444444,8857958.277777778,21.958333333333332,{'TelemetryTask': 21.958333333333336}
UartTxTask,109107,109108,8858677.148148147,8858691.652777778,14.50462962962963,{'Idle': 14.504629630733419}
TelemetryTask,109112,109113,8862773.513888888,8862787.768518519,14.25462962962963,{'Idle': 14.254629630733419}
UartTxTask,109115,109117,8867936.097222222,8867958.36574074,22.26851851851852,{'TelemetryTask': 22.26851851851852}
UartTxTask,109121,109122,8868677.203703703,8868691.847222222,14.643518518518519,{'Idle': 14.643518518518519}
TelemetryTask,109126,109127,8872773.402777778,8872787.532407407,14.12962962962963,{'Idle': 14.12962962852584}
UartTxTask,109129,109131,8877935.25,8877957.453703703,22.203703703703702,{'TelemetryTask': 22.203703703703702}
UartTxTask,109135,109136,8878676.300925925,8878691.060185185,14.75925925925926,{'Idle': 14.75925925925926}
TelemetryTask,109140,109141,8882773.273148147,8882787.356481481,14.083333333333334,{'Idle': 14.083333334437123}
UartTxTask,109143,109145,8887935.472222222,8887957.620370371,22.14814814814815,"{'TelemetryTask': 22.148148148148145, 'UartTxTask': 1.1037897180627893e-09}"
UartTxTask,109149,109150,8888676.282407407,8888691.222222222,14.939814814814815,{'Idle': 14.939814815918604}
TelemetryTask,109154,109155,8892773.388888888,8892787.277777778,13.88888888888889,{'Idle': 13.888888889992678}
UartTxTask,109157,109159,8897935.388888888,8897957.708333334,22.319444444444443,"{'TelemetryTask': 22.319444445548235, 'UartTxTask': 1.1037897180627893e-09}"
UartTxTask,109163,109164,8898676.412037037,8898691.046296297,14.63425925925926,{'Idle': 14.63425925925926}
TelemetryTask,109168,109169,8902773.351851853,8902787.481481481,14.12962962962963,{'Idle': 14.12962962852584}
UartTxTask,109171,109173,8907935.717592593,8907957.694444444,21.97685185185185,{'TelemetryTask': 21.976851850748062}
UartTxTask,109177,109178,8908676.708333334,8908691.611111112,14.902777777777779,"{'Idle': 14.902777776673988, 'UartTxTask': 1.1037897180627893e-09}"
TelemetryTask,109182,109183,8912773.277777778,8912786.925925925,13.648148148148149,{'Idle': 13.648148148148149}
UartTxTask,109185,109187,8917935.412037037,8917957.694444444,22.28240740740741,{'TelemetryTask': 22.28240740740741}
UartTxTask,109191,109192,8918676.856481481,8918691.462962963,14.606481481481481,{'Idle': 14.606481481481481}
TelemetryTask,109196,109197,8922773.222222222,8922787.25925926,14.037037037037036,{'Idle': 14.037037037037036}
UartTxTask,109199,109201,8927935.152777778,8927957.162037037,22.00925925925926,{'TelemetryTask': 22.00925925925926}
UartTxTask,109205,109206,8928675.777777778,8928690.685185185,14.907407407407407,{'Idle': 14.907407407407407}
TelemetryTask,109210,109211,8932773.356481481,8932787.291666666,13.935185185185185,{'Idle': 13.935185184081396}
UartTxTask,109213,109215,8937935.787037037,8937957.953703703,22.166666666666668,{'TelemetryTask': 22.166666666666668}
UartTxTask,109219,109220,8938676.893518519,8938691.550925925,14.657407407407407,{'Idle': 14.657407407407407}
TelemetryTask,109224,109225,8942773.208333334,8942787.199074075,13.99074074074074,{'Idle': 13.990740739636951}
UartTxTask,109227,109229,8947935.203703703,8947957.337962963,22.13425925925926,{'TelemetryTask': 22.13425925925926}
UartTxTask,109233,109234,8948676.143518519,8948690.967592593,14.824074074074074,"{'Idle': 14.824074074074074, 'UartTxTask': 1.1037897180627893e-09}"
TelemetryTask,109238,109239,8952773.319444444,8952787.092592593,13.773148148148149,"{'Idle': 13.773148148148149, 'TelemetryTask': 1.1037897180627893e-09}"
UartTxTask,109241,109243,8957935.50925926,8957957.597222222,22.087962962962962,{'TelemetryTask': 22.087962962962962}
UartTxTask,109247,109248,8958676.708333334,8958691.282407407,14.574074074074074,{'Idle': 14.574074071866495}
TelemetryTask,109252,109253,8962773.24074074,8962787.541666666,14.300925925925926,{'Idle': 14.300925924822137}
UartTxTask,109255,109257,8967935.231481481,8967957.217592593,21.98611111111111,"{'TelemetryTask': 21.98611111111111, 'UartTxTask': 1.1037897180627893e-09}"
UartTxTask,109261,109262,8968676.36574074,8968691.319444444,14.953703703703704,{'Idle': 14.953703703703704}
TelemetryTask,109266,109267,8972773.513888888,8972787.342592593,13.828703703703704,"{'Idle': 13.828703704807493, 'TelemetryTask': 1.1037897180627893e-09}"
UartTxTask,109269,109271,8977935.217592593,8977957.050925925,21.833333333333332,{'TelemetryTask': 21.833333332229543}
UartTxTask,109275,109276,8978676.152777778,8978690.842592593,14.689814814814815,"{'Idle': 14.689814814814815, 'UartTxTask': 1.1037897180627893e-09}"
TelemetryTask,109280,109281,8982773.486111112,8982787.421296297,13.935185185185185,{'Idle': 13.935185184081396}
UartTxTask,109283,109285,8987935.055555556,8987957.222222222,22.166666666666668,{'TelemetryTask': 22.166666666666664}
UartTxTask,109289,109290,8988676.222222222,8988690.875,14.652777777777779,{'Idle': 14.652777777777779}
TelemetryTask,109294,109295,8992773.495370371,8992787.842592593,14.347222222222221,"{'Idle': 14.347222221118432, 'TelemetryTask': 1.1037897180627893e-09}"
UartTxTask,109297,109299,8997936.023148147,8997958.282407407,22.25925925925926,{'TelemetryTask': 22.25925925925926}
UartTxTask,109303,109304,8998677.046296297,8998691.435185185,14.38888888888889,{'Idle': 14.38888888888889}
TelemetryTask,109308,109309,9002773.564814815,9002787.541666666,13.976851851851851,{'Idle': 13.976851850748062}
UartTxTask,109311,109313,9007936.254629629,9007958.185185185,21.930555555555557,{'TelemetryTask': 21.930555556659343}
UartTxTask,109317,109318,9008677.148148147,9008691.648148147,14.5,{'Idle': 14.5}
TelemetryTask,109322,109323,9012773.379629629,9012787.675925925,14.296296296296296,{'Idle': 14.296296297400085}
UartTxTask,109325,109327,9017934.935185185,9017956.703703703,21.76851851851852,{'TelemetryTask': 21.76851851851852}
UartTxTask,109331,109332,9018675.375,9018689.907407407,14.532407407407407,{'Idle': 14.532407406303617}
TelemetryTask,109336,109337,9022773.5,9022787.208333334,13.708333333333334,"{'Idle': 13.708333333333334, 'TelemetryTask': 1.1037897180627893e-09}"
UartTxTask,109339,109341,9027935.060185185,9027957.143518519,22.083333333333332,{'TelemetryTask': 22.083333333333336}
UartTxTask,109345,109346,9028676.328703703,9028691.263888888,14.935185185185185,{'Idle': 14.935185184081396}
TelemetryTask,109350,109351,9032773.486111112,9032787.49074074,14.00462962962963,{'Idle': 14.00462962852584}
UartTxTask,109353,109355,9037935.953703703,9037958.273148147,22.319444444444443,{'TelemetryTask': 22.319444443340657}
UartTxTask,109359,109360,9038677.25925926,9038692.11574074,14.856481481481481,{'Idle': 14.856481481481481}
TelemetryTask,109364,109365,9042773.476851853,9042787.472222222,13.99537037037037,{'Idle': 13.995370369266581}
UartTxTask,109367,109369,9047935.986111112,9047957.995370371,22.00925925925926,"{'TelemetryTask': 22.009259258155467, 'UartTxTask': 1.1037897180627893e-09}"
UartTxTask,109373,109374,9048676.773148147,9048691.638888888,14.86574074074074,{'Idle': 14.86574074074074}
TelemetryTask,109378,109379,9052773.263888888,9052787.625,14.36111111111111,{'Idle': 14.3611111122149}
UartTxTask,109381,109383,9057934.532407407,9057956.337962963,21.805555555555557,{'TelemetryTask': 21.805555556659343}
UartTxTask,109387,109388,9058674.88425926,9058689.791666666,14.907407407407407,{'Idle': 14.907407406303617}
TelemetryTask,109392,109393,9062773.296296297,9062787.453703703,14.157407407407407,{'Idle': 14.157407407407407}
UartTxTask,109395,109397,9067935.143518519,9067957.805555556,22.662037037037038,{'TelemetryTask': 22.662037037037038}
UartTxTask,109401,109402,9068676.513888888,9068691.138888888,14.625,{'Idle': 14.625}
TelemetryTask,109406,109407,9072773.412037037,9072787.393518519,13.981481481481481,{'Idle': 13.981481481481481}
UartTxTask,109409,109411,9077935.481481481,9077957.685185185,22.203703703703702,{'TelemetryTask': 22.203703703703702}
UartTxTask,109415,109416,9078676.412037037,9078690.953703703,14.541666666666666,{'Idle': 14.541666666666666}
TelemetryTask,109420,109421,9082773.416666666,9082787.157407407,13.74074074074074,{'Idle': 13.74074074074074}
UartTxTask,109423,109425,9087935.791666666,9087957.555555556,21.76388888888889,{'TelemetryTask': 21.76388888999268}
UartTxTask,109429,109430,9088676.125,9088690.652777778,14.527777777777779,{'Idle': 14.527777777777779}
TelemetryTask,109434,109435,9092773.379629629,9092787.111111112,13.731481481481481,"{'Idle': 13.73148148258527, 'TelemetryTask': 1.1037897180627893e-09}"
UartTxTask,109437,109439,9097934.86574074,9097956.75,21.88425925925926,{'TelemetryTask': 21.88425925925926}
UartTxTask,109443,109444,9098675.930555556,9098690.699074075,14.768518518518519,{'Idle': 14.768518518518519}
TelemetryTask,109448,109449,9102773.421296297,9102787.398148147,13.976851851851851,{'Idle': 13.976851850748062}
UartTxTask,109451,109453,9107935.013888888,9107957.092592593,22.078703703703702,"{'TelemetryTask': 22.07870370480749, 'UartTxTask': 1.1037897180627893e-09}"
UartTxTask,109457,109458,9108676.046296297,9108691.138888888,15.092592592592593,{'Idle': 15.092592591488803}
TelemetryTask,109462,109463,9112773.208333334,9112787.430555556,14.222222222222221,{'Idle': 14.222222221118432}
UartTxTask,109465,109467,9117934.648148147,9117956.805555556,22.15740740740741,{'TelemetryTask': 22.157407408511197}
UartTxTask,109471,109472,9118675.504629629,9118690.212962963,14.708333333333334,{'Idle': 14.708333334437123}
TelemetryTask,109476,109477,9122773.129629629,9122787.532407407,14.402777777777779,{'Idle': 14.402777777777777}
UartTxTask,109479,109481,9127935.481481481,9127957.666666666,22.185185185185187,{'TelemetryTask': 22.185185184081398}
UartTxTask,109485,109486,9128676.574074075,9128691.347222222,14.773148148148149,{'Idle': 14.773148148148149}
TelemetryTask,109490,109491,9132773.194444444,9132787.393518519,14.199074074074074,{'Idle': 14.199074074074074}
UartTxTask,109493,109495,9137936.194444444,9137958.412037037,22.21759259259259,{'TelemetryTask': 22.21759259259259}
UartTxTask,109499,109500,9138677.351851853,9138692.069444444,14.717592592592593,{'Idle': 14.717592591488803}
TelemetryTask,109504,109505,9142773.476851853,9142787.361111112,13.88425925925926,"{'Idle': 13.884259258155469, 'TelemetryTask': 1.1037897180627893e-09}"
UartTxTask,109507,109509,9147935.060185185,9147957.291666666,22.23148148148148,{'TelemetryTask': 22.231481480377692}
UartTxTask,109513,109514,9148676.217592593,9148690.902777778,14.685185185185185,{'Idle': 14.685185184081396}
TelemetryTask,109518,109519,9152773.486111112,9152787.814814815,14.328703703703704,{'Idle': 14.328703702599913}
UartTxTask,109521,109523,9157935.50925926,9157957.421296297,21.912037037037038,{'TelemetryTask': 21.912037037037038}
UartTxTask,109527,109528,9158676.263888888,9158690.958333334,14.694444444444445,"{'Idle': 14.694444445548234, 'UartTxTask': 1.1037897180627893e-09}"
TelemetryTask,109532,109533,9162773.388888888,9162787.518518519,14.12962962962963,{'Idle': 14.129629630733419}
UartTxTask,109535,109537,9167935.726851853,9167957.564814815,21.837962962962962,{'TelemetryTask': 21.837962961859173}
UartTxTask,109541,109542,9168676.5,9168691.129629629,14.62962962962963,{'Idle': 14.62962962852584}
ButtonTask,109548,109549,9168760.398148147,9168777.768518519,17.37037037037037,{'Scheduler': 17.37037037147416}
UartTxTask,109552,109554,9168885.425925925,9168914.967592593,29.541666666666668,"{'ButtonTask': 29.541666666666664, 'UartTxTask': 1.1037897180627893e-09}"
UartTxTask,109558,109559,9169634.435185185,9169643.523148147,9.087962962962964,{'Idle': 9.087962961859173}
TelemetryTask,109563,109564,9172773.361111112,9172787.49074074,14.12962962962963,{'Idle': 14.12962962852584}
UartTxTask,109566,109568,9177935.976851853,9177957.949074075,21.97222222222222,{'TelemetryTask': 21.972222221118432}
UartTxTask,109572,109573,9178677.11574074,9178691.782407407,14.666666666666666,{'Idle': 14.666666665562877}
TelemetryTask,109577,109578,9182773.375,9182787.379629629,14.00462962962963,{'Idle': 14.00462962852584}
UartTxTask,109580,109582,9187934.944444444,9187956.930555556,21.98611111111111,{'TelemetryTask': 21.98611111111111}
UartTxTask,109586,109587,9188675.587962963,9188690.092592593,14.50462962962963,"{'Idle': 14.50462962962963, 'UartTxTask': 1.1037897180627893e-09}"
TelemetryTask,109591,109592,9192773.402777778,9192787.449074075,14.046296296296296,{'Idle': 14.046296296296296}
UartTxTask,109594,109596,9197935.486111112,9197957.620370371,22.13425925925926,"{'TelemetryTask': 22.134259258155467, 'UartTxTask': 1.1037897180627893e-09}"
UartTxTask,109600,109601,9198676.513888888,9198691.430555556,14.916666666666666,{'Idle': 14.916666667770455}
TelemetryTask,109605,109606,9202773.296296297,9202787.11574074,13.819444444444445,{'Idle': 13.819444444444445}
UartTxTask,109608,109610,9207934.231481481,9207956.49074074,22.25925925925926,{'TelemetryTask': 22.25925925925926}
UartTxTask,109614,109615,9208675.63425926,9208690.736111112,15.101851851851851,"{'Idle': 15.101851851851851, 'UartTxTask': 1.1037897180627893e-09}"
TelemetryTask,109619,109620,9212773.361111112,9212786.976851853,13.61574074074074,"{'Idle': 13.615740739636951, 'TelemetryTask': 1.1037897180627893e-09}"
UartTxTask,109622,109624,9217935.75,9217958.231481481,22.48148148148148,{'TelemetryTask': 22.48148148148148}
UartTxTask,109628,109629,9218677.712962963,9218692.38425926,14.671296296296296,{'Idle': 14.671296296296296}
TelemetryTask,109633,109634,9222773.398148147,9222787.449074075,14.050925925925926,{'Idle': 14.050925927029715}
UartTxTask,109636,109638,9227935.231481481,9227957.407407407,22.175925925925927,{'TelemetryTask': 22.17592592482214}
UartTxTask,109642,109643,9228676.13425926,9228690.958333334,14.824074074074074,"{'Idle': 14.824074074074074, 'UartTxTask': 1.1037897180627893e-09}"
TelemetryTask,109647,109648,9232773.328703703,9232787.662037037,14.333333333333334,{'Idle': 14.333333333333334}
UartTxTask,109650,109652,9237935.166666666,9237957.319444444,22.15277777777778,{'TelemetryTask': 22.152777778881568}
UartTxTask,109656,109657,9238675.773148147,9238690.703703703,14.930555555555555,{'Idle': 14.930555556659344}
TelemetryTask,109661,109662,9242773.328703703,9242787.861111112,14.532407407407407,"{'Idle': 14.532407407407407, 'TelemetryTask': 1.1037897180627893e-09}"
UartTxTask,109664,109666,9247935.472222222,9247957.138888888,21.666666666666668,{'TelemetryTask': 21.66666666556288}
UartTxTask,109670,109671,9248675.671296297,9248690.61574074,14.944444444444445,{'Idle': 14.944444444444445}
TelemetryTask,109675,109676,9252773.370370371,9252787.356481481,13.98611111111111,{'Idle': 13.986111110007322}
UartTxTask,109678,109680,9257935.36574074,9257957.467592593,22.10185185185185,"{'TelemetryTask': 22.101851851851855, 'UartTxTask': 1.1037897180627893e-09}"
UartTxTask,109684,109685,9258676.569444444,9258691.38425926,14.814814814814815,{'Idle': 14.814814814814815}
TelemetryTask,109689,109690,9262773.217592593,9262787.268518519,14.050925925925926,{'Idle': 14.050925924822137}
UartTxTask,109692,109694,9267937.037037037,9267959.111111112,22.074074074074073,"{'TelemetryTask': 22.074074074074073, 'UartTxTask': 1.1037897180627893e-09}"
UartTxTask,109698,109699,9268677.50925926,9268692.25,14.74074074074074,{'Idle': 14.74074074074074}
TelemetryTask,109703,109704,9272773.472222222,9272787.486111112,14.01388888888889,"{'Idle': 14.01388888888889, 'TelemetryTask': 1.1037897180627893e-09}"
UartTxTask,109706,109708,9277934.717592593,9277957.032407407,22.314814814814813,{'TelemetryTask': 22.314814812607235}
UartTxTask,109712,109713,9278675.986111112,9278690.828703703,14.842592592592593,{'Idle': 14.842592591488803}
TelemetryTask,109717,109718,9282773.430555556,9282788.106481481,14.675925925925926,{'Idle': 14.675925925925926}
UartTxTask,109720,109722,9287936.398148147,9287957.958333334,21.560185185185187,"{'TelemetryTask': 21.560185186288976, 'UartTxTask': 1.1037897180627893e-09}"
UartTxTask,109726,109727,9288677.041666666,9288691.726851853,14.685185185185185,"{'Idle': 14.685185186288974, 'UartTxTask': 1.1037897180627893e-09}"
TelemetryTask,109731,109732,9292773.347222222,9292787.546296297,14.199074074074074,{'Idle': 14.199074074074074}
UartTxTask,109734,109736,9297936.254629629,9297958.537037037,22.28240740740741,{'TelemetryTask': 22.282407408511197}
UartTxTask,109740,109741,9298677.555555556,9298691.902777778,14.347222222222221,{'Idle': 14.347222222222221}
TelemetryTask,109745,109746,9302773.402777778,9302787.25925926,13.856481481481481,{'Idle': 13.856481481481481}
UartTxTask,109748,109750,9307935.444444444,9307957.763888888,22.319444444444443,{'TelemetryTask': 22.319444443340657}
UartTxTask,109754,109755,9308676.657407407,9308691.375,14.717592592592593,{'Idle': 14.717592593696383}
TelemetryTask,109759,109760,9312773.518518519,9312787.666666666,14.148148148148149,{'Idle': 14.148148147044358}
UartTxTask,109762,109764,9317935.754629629,9317958.101851853,22.34722222222222,"{'TelemetryTask': 22.34722222332601, 'UartTxTask': 1.1037897180627893e-09}"
UartTxTask,109768,109769,9318677.087962963,9318691.689814815,14.601851851851851,{'Idle': 14.601851851851851}
TelemetryTask,109773,109774,9322773.36574074,9322787.180555556,13.814814814814815,{'Idle': 13.814814814814815}
UartTxTask,109776,109778,9327934.662037037,9327956.907407407,22.24537037037037,{'TelemetryTask': 22.24537036926658}
UartTxTask,109782,109783,9328675.944444444,9328690.74074074,14.796296296296296,{'Idle': 14.796296296296296}
TelemetryTask,109787,109788,9332773.444444444,9332787.523148147,14.078703703703704,{'Idle': 14.078703702599913}
UartTxTask,109790,109792,9337935.611111112,9337957.976851853,22.36574074074074,"{'TelemetryTask': 22.36574073963695, 'UartTxTask': 1.1037897180627893e-09}"
UartTxTask,109796,109797,9338676.430555556,9338690.726851853,14.296296296296296,"{'Idle': 14.296296296296296, 'UartTxTask': 1.1037897180627893e-09}"
TelemetryTask,109801,109802,9342773.527777778,9342787.421296297,13.893518518518519,{'Idle': 13.893518518518519}
UartTxTask,109804,109806,9347934.967592593,9347957.236111112,22.26851851851852,"{'TelemetryTask': 22.268518517414726, 'UartTxTask': 1.1037897180627893e-09}"
UartTxTask,109810,109811,9348676.300925925,9348691.092592593,14.791666666666666,"{'Idle': 14.791666666666666, 'UartTxTask': 1.1037897180627893e-09}"
ButtonTask,109817,109819,9350012.106481481,9350027.402777778,15.296296296296296,"{'ISR#56': 5.939814814814815, 'Scheduler': 9.356481481481481}"
UartTxTask,109822,109824,9350146.657407407,9350176.36574074,29.708333333333332,{'ButtonTask': 29.708333334437125}
UartTxTask,109828,109829,9350897.685185185,9350906.837962963,9.152777777777779,{'Idle': 9.152777777777779}
TelemetryTask,109833,109834,9352773.416666666,9352787.189814815,13.773148148148149,{'Idle': 13.773148149251938}
UartTxTask,109836,109838,9357934.99074074,9357957.467592593,22.47685185185185,"{'TelemetryTask': 22.47685185185185, 'UartTxTask': 1.1037897180627893e-09}"
UartTxTask,109842,109843,9358676.569444444,9358691.282407407,14.712962962962964,{'Idle': 14.712962961859173}
TelemetryTask,109847,109848,9362773.245370371,9362787.152777778,13.907407407407407,{'Idle': 13.907407406303617}
UartTxTask,109850,109852,9367934.199074075,9367956.166666666,21.96759259259259,{'TelemetryTask': 21.967592591488803}
UartTxTask,109856,109857,9368675.078703703,9368689.791666666,14.712962962962964,{'Idle': 14.712962961859173}
TelemetryTask,109861,109862,9372773.328703703,9372787.393518519,14.064814814814815,{'Idle': 14.064814814814815}
UartTxTask,109864,109866,9377936.083333334,9377958.125,22.041666666666668,{'TelemetryTask': 22.04166666556288}
UartTxTask,109870,109871,9378677.199074075,9378691.898148147,14.699074074074074,{'Idle': 14.699074072970284}
TelemetryTask,109875,109876,9382773.347222222,9382787.379629629,14.032407407407407,{'Idle': 14.032407406303617}
UartTxTask,109878,109880,9387935.768518519,9387958.041666666,22.27314814814815,{'TelemetryTask': 22.27314814704436}
UartTxTask,109884,109885,9388676.944444444,9388691.657407407,14.712962962962964,{'Idle': 14.712962961859173}
TelemetryTask,109889,109890,9392773.537037037,9392787.462962963,13.925925925925926,{'Idle': 13.925925925925926}
UartTxTask,109892,109894,9397935.726851853,9397957.61574074,21.88888888888889,{'TelemetryTask': 21.8888888877851}
UartTxTask,109898,109899,9398676.38425926,9398690.935185185,14.550925925925926,{'Idle': 14.550925925925926}
TelemetryTask,109903,109904,9402773.388888888,9402787.611111112,14.222222222222221,"{'Idle': 14.22222222332601, 'TelemetryTask': 1.1037897180627893e-09}"
UartTxTask,109906,109908,9407935.282407407,9407957.092592593,21.810185185185187,"{'TelemetryTask': 21.810185186288976, 'UartTxTask': 1.1037897180627893e-09}"
UartTxTask,109912,109913,9408675.944444444,9408690.412037037,14.467592592592593,{'Idle': 14.467592592592593}
TelemetryTask,109917,109918,9412773.324074075,9412786.916666666,13.592592592592593,{'Idle': 13.592592591488803}
UartTxTask,109920,109922,9417935.513888888,9417957.504629629,21.99074074074074,{'TelemetryTask': 21.99074074074074}
UartTxTask,109926,109927,9418676.138888888,9418690.805555556,14.666666666666666,{'Idle': 14.666666667770455}
TelemetryTask,109931,109932,9422773.416666666,9422787.296296297,13.87962962962963,{'Idle': 13.879629630733419}
UartTxTask,109934,109936,9427934.555555556,9427956.546296297,21.99074074074074,{'TelemetryTask': 21.99074074074074}
UartTxTask,109940,109941,9428675.388888888,9428690.037037037,14.648148148148149,{'Idle': 14.648148149251938}
TelemetryTask,109945,109946,9432773.347222222,9432787.476851853,14.12962962962963,"{'Idle': 14.12962962962963, 'TelemetryTask': 1.1037897180627893e-09}"
UartTxTask,109948,109950,9437936.11574074,9437958.097222222,21.98148148148148,{'TelemetryTask': 21.98148148148148}
UartTxTask,109954,109955,9438677.078703703,9438691.828703703,14.75,{'Idle': 14.75}
TelemetryTask,109959,109960,9442773.462962963,9442787.574074075,14.11111111111111,{'Idle': 14.11111111111111}
UartTxTask,109962,109964,9447935.587962963,9447957.930555556,22.34259259259259,{'TelemetryTask': 22.342592592592595}
UartTxTask,109968,109969,9448677.050925925,9448691.875,14.824074074074074,{'Idle': 14.824074074074074}
TelemetryTask,109973,109974,9452773.462962963,9452787.347222222,13.88425925925926,{'Idle': 13.88425925925926}
UartTxTask,109976,109978,9457936.050925925,9457958.245370371,22.194444444444443,"{'TelemetryTask': 22.194444444444443, 'UartTxTask': 1.1037897180627893e-09}"
UartTxTask,109982,109983,9458677.194444444,9458691.800925925,14.606481481481481,{'Idle': 14.606481481481481}
TelemetryTask,109987,109988,9462773.277777778,9462787.097222222,13.819444444444445,{'Idle': 13.819444444444445}
UartTxTask,109990,109992,9467934.754629629,9467957.180555556,22.425925925925927,{'TelemetryTask': 22.425925927029716}
UartTxTask,109996,109997,9468676.050925925,9468690.597222222,14.546296296296296,{'Idle': 14.546296296296296}
TelemetryTask,110001,110002,9472773.38425926,9472787.782407407,14.398148148148149,{'Idle': 14.398148147044358}
UartTxTask,110004,110006,9477935.796296297,9477957.99074074,22.194444444444443,{'TelemetryTask': 22.194444444444443}
UartTxTask,110010,110011,9478676.851851853,9478691.319444444,14.467592592592593,{'Idle': 14.467592591488803}
TelemetryTask,110015,110016,9482773.425925925,9482787.351851853,13.925925925925926,"{'Idle': 13.925925925925926, 'TelemetryTask': 1.1037897180627893e-09}"
UartTxTask,110018,110020,9487935.722222222,9487957.916666666,22.194444444444443,{'TelemetryTask': 22.194444443340654}
UartTxTask,110024,110025,9488676.74074074,9488691.930555556,15.189814814814815,{'Idle': 15.189814814814815}
TelemetryTask,110029,110030,9492773.472222222,9492787.606481481,14.13425925925926,{'Idle': 14.13425925925926}
UartTxTask,110032,110034,9497935.703703703,9497957.875,22.171296296296298,{'TelemetryTask': 22.171296296296298}
UartTxTask,110038,110039,9498676.796296297,9498691.430555556,14.63425925925926,{'Idle': 14.63425925925926}
TelemetryTask,110043,110044,9502773.351851853,9502787.319444444,13.967592592592593,{'Idle': 13.967592591488803}
UartTxTask,110046,110048,9507934.847222222,9507957.087962963,22.24074074074074,{'TelemetryTask': 22.24074074074074}
UartTxTask,110052,110053,9508675.88425926,9508690.768518519,14.88425925925926,{'Idle': 14.88425925925926}
TelemetryTask,110057,110058,9512773.305555556,9512787.189814815,13.88425925925926,{'Idle': 13.88425925925926}
UartTxTask,110060,110062,9517935.398148147,9517957.356481481,21.958333333333332,{'TelemetryTask': 21.95833333443712}
UartTxTask,110066,110067,9518675.949074075,9518690.61574074,14.666666666666666,{'Idle': 14.666666666666666}
TelemetryTask,110071,110072,9522773.236111112,9522787.310185185,14.074074074074074,{'Idle': 14.074074072970284}
UartTxTask,110074,110076,9527935.666666666,9527958.189814815,22.52314814814815,{'TelemetryTask': 22.523148149251938}
UartTxTask,110080,110081,9528677.018518519,9528691.986111112,14.967592592592593,"{'Idle': 14.967592592592593, 'UartTxTask': 1.1037897180627893e-09}"
TelemetryTask,110085,110086,9532773.439814815,9532787.421296297,13.981481481481481,{'Idle': 13.981481481481481}
UartTxTask,110088,110090,9537935.24074074,9537957.657407407,22.416666666666668,{'TelemetryTask': 22.416666665562875}
UartTxTask,110094,110095,9538676.25,9538690.574074075,14.324074074074074,{'Idle': 14.324074074074074}
TelemetryTask,110099,110100,9542773.421296297,9542787.541666666,14.12037037037037,{'Idle': 14.120370369266581}
UartTxTask,110102,110104,9547935.870370371,9547958.101851853,22.23148148148148,"{'TelemetryTask': 22.231481480377692, 'UartTxTask': 1.1037897180627893e-09}"
UartTxTask,110108,110109,9548676.671296297,9548691.680555556,15.00925925925926,{'Idle': 15.00925925925926}
TelemetryTask,110113,110114,9552773.347222222,9552787.472222222,14.125,{'Idle': 14.125}
UartTxTask,110116,110118,9557935.351851853,9557957.458333334,22.10648148148148,"{'TelemetryTask': 22.106481480377692, 'UartTxTask': 1.1037897180627893e-09}"
UartTxTask,110122,110123,9558676.388888888,9558691.287037037,14.898148148148149,{'Idle': 14.898148149251938}
TelemetryTask,110127,110128,9562773.310185185,9562787.282407407,13.972222222222221,{'Idle': 13.972222221118432}
UartTxTask,110130,110132,9567936.277777778,9567958.601851853,22.324074074074073,"{'TelemetryTask': 22.324074074074076, 'UartTxTask': 1.1037897180627893e-09}"
UartTxTask,110136,110137,9568677.699074075,9568692.435185185,14.73611111111111,{'Idle': 14.73611111111111}
TelemetryTask,110141,110142,9572773.25925926,9572787.120370371,13.86111111111111,"{'Idle': 13.86111111111111, 'TelemetryTask': 1.1037897180627893e-09}"
UartTxTask,110144,110146,9577935.666666666,9577958.097222222,22.430555555555557,{'TelemetryTask': 22.430555556659343}
UartTxTask,110150,110151,9578677.092592593,9578691.351851853,14.25925925925926,"{'Idle': 14.259259258155469, 'UartTxTask': 1.1037897180627893e-09}"
TelemetryTask,110155,110156,9582773.351851853,9582787.430555556,14.078703703703704,{'Idle': 14.078703702599913}
UartTxTask,110158,110160,9587935.625,9587957.893518519,22.26851851851852,{'TelemetryTask': 22.26851851851852}
UartTxTask,110164,110165,9588676.925925925,9588691.449074075,14.523148148148149,{'Idle': 14.523148148148149}
TelemetryTask,110169,110170,9592773.523148147,9592787.546296297,14.023148148148149,{'Idle': 14.023148149251938}
UartTxTask,110172,110174,9597936.38425926,9597958.481481481,22.09722222222222,{'TelemetryTask': 22.09722222222222}
UartTxTask,110178,110179,9598677.569444444,9598692.462962963,14.893518518518519,{'Idle': 14.893518518518519}
TelemetryTask,110183,110184,9602773.36574074,9602787.712962963,14.347222222222221,{'Idle': 14.347222222222221}
UartTxTask,110186,110188,9607936.050925925,9607958.157407407,22.10648148148148,{'TelemetryTask': 22.106481480377692}
UartTxTask,110192,110193,9608677.060185185,9608691.518518519,14.458333333333334,{'Idle': 14.458333333333334}
TelemetryTask,110197,110198,9612773.38425926,9612787.870370371,14.48611111111111,"{'Idle': 14.48611111111111, 'TelemetryTask': 1.1037897180627893e-09}"
UartTxTask,110200,110202,9617936.148148147,9617958.268518519,22.12037037037037,{'TelemetryTask': 22.12037037147416}
UartTxTask,110206,110207,9618676.796296297,9618691.736111112,14.939814814814815,"{'Idle': 14.939814814814815, 'UartTxTask': 1.1037897180627893e-09}"
TelemetryTask,110211,110212,9622773.13425926,9622787.347222222,14.212962962962964,{'Idle': 14.212962962962964}
UartTxTask,110214,110216,9627935.078703703,9627957.236111112,22.15740740740741,"{'TelemetryTask': 22.15740740740741, 'UartTxTask': 1.1037897180627893e-09}"
UartTxTask,110220,110221,9628676.087962963,9628690.935185185,14.847222222222221,{'Idle': 14.847222222222221}
TelemetryTask,110225,110226,9632773.430555556,9632787.546296297,14.11574074074074,{'Idle': 14.11574074074074}
UartTxTask,110228,110230,9637934.712962963,9637957.166666666,22.453703703703702,{'TelemetryTask': 22.453703702599917}
UartTxTask,110234,110235,9638675.717592593,9638690.597222222,14.87962962962963,{'Idle': 14.87962962852584}
TelemetryTask,110239,110240,9642773.546296297,9642787.870370371,14.324074074074074,"{'Idle': 14.324074074074074, 'TelemetryTask': 1.1037897180627893e-09}"
UartTxTask,110242,110244,9647936.439814815,9647958.5,22.060185185185187,{'TelemetryTask': 22.060185185185183}
UartTxTask,110248,110249,9648677.347222222,9648691.995370371,14.648148148148149,"{'Idle': 14.648148148148149, 'UartTxTask': 1.1037897180627893e-09}"
TelemetryTask,110253,110254,9652773.407407407,9652787.564814815,14.157407407407407,{'Idle': 14.157407408511196}
UartTxTask,110256,110258,9657935.337962963,9657957.768518519,22.430555555555557,{'TelemetryTask': 22.430555555555557}
UartTxTask,110262,110263,9658676.939814815,9658691.694444444,14.75462962962963,{'Idle': 14.75462962962963}
TelemetryTask,110267,110268,9662773.199074075,9662787.430555556,14.231481481481481,{'Idle': 14.231481481481481}
UartTxTask,110270,110272,9667935.898148147,9667957.870370371,21.97222222222222,"{'TelemetryTask': 21.97222222332601, 'UartTxTask': 1.1037897180627893e-09}"
UartTxTask,110276,110277,9668676.805555556,9668691.546296297,14.74074074074074,{'Idle': 14.74074074074074}
TelemetryTask,110281,110282,9672773.425925925,9672787.305555556,13.87962962962963,{'Idle': 13.87962962962963}
UartTxTask,110284,110286,9677935.768518519,9677957.671296297,21.90277777777778,{'TelemetryTask': 21.90277777777778}
UartTxTask,110290,110291,9678676.671296297,9678691.504629629,14.833333333333334,{'Idle': 14.833333332229543}
TelemetryTask,110295,110296,9682773.412037037,9682786.986111112,13.574074074074074,"{'Idle': 13.574074074074074, 'TelemetryTask': 1.1037897180627893e-09}"
UartTxTask,110298,110300,9687935.11574074,9687957.310185185,22.194444444444443,{'TelemetryTask': 22.194444444444443}
UartTxTask,110304,110305,9688675.981481481,9688691.00925926,15.027777777777779,{'Idle': 15.027777777777779}
TelemetryTask,110309,110310,9692773.351851853,9692787.361111112,14.00925925925926,"{'Idle': 14.009259258155469, 'TelemetryTask': 1.1037897180627893e-09}"
UartTxTask,110312,110314,9697935.060185185,9697957.416666666,22.35648148148148,{'TelemetryTask': 22.356481480377692}
UartTxTask,110318,110319,9698676.041666666,9698690.75,14.708333333333334,{'Idle': 14.708333334437123}
TelemetryTask,110323,110324,9702773.393518519,9702787.88425926,14.49074074074074,{'Idle': 14.49074074074074}
UartTxTask,110326,110328,9707935.63425926,9707957.527777778,21.89351851851852,{'TelemetryTask': 21.89351851851852}
UartTxTask,110332,110333,9708676.282407407,9708691.064814815,14.782407407407407,{'Idle': 14.782407408511196}
TelemetryTask,110337,110338,9712773.342592593,9712787.537037037,14.194444444444445,{'Idle': 14.194444443340656}
UartTxTask,110340,110342,9717935.277777778,9717957.504629629,22.22685185185185,{'TelemetryTask': 22.226851850748062}
UartTxTask,110346,110347,9718676.518518519,9718691.305555556,14.787037037037036,{'Idle': 14.787037037037036}
TelemetryTask,110351,110352,9722773.425925925,9722787.175925925,13.75,{'Idle': 13.75}
UartTxTask,110354,110356,9727935.199074075,9727957.314814815,22.11574074074074,{'TelemetryTask': 22.11574074074074}
UartTxTask,110360,110361,9728676.041666666,9728690.694444444,14.652777777777779,{'Idle': 14.652777778881568}
TelemetryTask,110365,110366,9732773.421296297,9732787.185185185,13.76388888888889,{'Idle': 13.76388888888889}
UartTxTask,110368,110370,9737935.694444444,9737957.828703703,22.13425925925926,{'TelemetryTask': 22.13425925925926}
UartTxTask,110374,110375,9738676.652777778,9738691.296296297,14.643518518518519,{'Idle': 14.643518518518519}
TelemetryTask,110379,110380,9742773.166666666,9742787.333333334,14.166666666666666,"{'Idle': 14.166666667770455, 'TelemetryTask': 1.1037897180627893e-09}"
UartTxTask,110382,110384,9747935.273148147,9747957.439814815,22.166666666666668,{'TelemetryTask': 22.166666667770457}
UartTxTask,110388,110389,9748676.63425926,9748691.268518519,14.63425925925926,{'Idle': 14.63425925925926}
TelemetryTask,110393,110394,9752773.476851853,9752787.430555556,13.953703703703704,{'Idle': 13.953703702599913}
UartTxTask,110396,110398,9757936.328703703,9757958.666666666,22.337962962962962,{'TelemetryTask': 22.337962961859173}
UartTxTask,110402,110403,9758677.074074075,9758691.458333334,14.38425925925926,"{'Idle': 14.38425925925926, 'UartTxTask': 1.1037897180627893e-09}"
TelemetryTask,110407,110408,9762773.310185185,9762787.328703703,14.018518518518519,{'Idle': 14.018518518518519}
UartTxTask,110410,110412,9767935.504629629,9767957.648148147,22.14351851851852,{'TelemetryTask': 22.14351851851852}
UartTxTask,110416,110417,9768675.875,9768690.61574074,14.74074074074074,{'Idle': 14.74074074074074}
TelemetryTask,110421,110422,9772773.430555556,9772787.375,13.944444444444445,{'Idle': 13.944444444444445}
UartTxTask,110424,110426,9777934.768518519,9777957.231481481,22.462962962962962,{'TelemetryTask': 22.462962962962962}
UartTxTask,110430,110431,9778675.837962963,9778690.879629629,15.041666666666666,{'Idle': 15.041666665562877}
TelemetryTask,110435,110436,9782773.449074075,9782787.152777778,13.703703703703704,{'Idle': 13.703703703703704}
UartTxTask,110438,110440,9787935.314814815,9787957.36574074,22.050925925925927,{'TelemetryTask': 22.050925925925924}
UartTxTask,110444,110445,9788675.967592593,9788690.782407407,14.814814814814815,{'Idle': 14.814814812607235}
TelemetryTask,110449,110450,9792773.449074075,9792787.472222222,14.023148148148149,{'Idle': 14.023148148148149}
UartTxTask,110452,110454,9797935.541666666,9797957.236111112,21.694444444444443,"{'TelemetryTask': 21.694444445548235, 'UartTxTask': 1.1037897180627893e-09}"
UartTxTask,110458,110459,9798675.88425926,9798690.680555556,14.796296296296296,{'Idle': 14.796296296296296}
TelemetryTask,110463,110464,9802773.337962963,9802787.314814815,13.976851851851851,{'Idle': 13.976851851851851}
UartTxTask,110466,110468,9807935.263888888,9807957.537037037,22.27314814814815,{'TelemetryTask': 22.273148149251938}
UartTxTask,110472,110473,9808676.199074075,9808691.296296297,15.097222222222221,{'Idle': 15.097222222222221}
TelemetryTask,110477,110478,9812773.476851853,9812787.546296297,14.069444444444445,{'Idle': 14.069444443340656}
UartTxTask,110480,110482,9817936.106481481,9817958.439814815,22.333333333333332,{'TelemetryTask': 22.333333333333332}
UartTxTask,110486,110487,9818677.245370371,9818692.25925926,15.01388888888889,{'Idle': 15.013888887785098}
TelemetryTask,110491,110492,9822773.24074074,9822787.310185185,14.069444444444445,{'Idle': 14.069444444444445}
UartTxTask,110494,110496,9827935.648148147,9827957.800925925,22.15277777777778,{'TelemetryTask': 22.152777778881564}
UartTxTask,110500,110501,9828676.796296297,9828691.412037037,14.61574074074074,{'Idle': 14.61574074074074}
TelemetryTask,110505,110506,9832773.38425926,9832787.453703703,14.069444444444445,{'Idle': 14.069444444444445}
UartTxTask,110508,110510,9837935.574074075,9837957.069444444,21.49537037037037,{'TelemetryTask': 21.49537037037037}
UartTxTask,110514,110515,9838675.768518519,9838690.61574074,14.847222222222221,{'Idle': 14.847222222222221}
TelemetryTask,110519,110520,9842773.430555556,9842787.518518519,14.087962962962964,{'Idle': 14.087962962962964}
UartTxTask,110522,110524,9847935.61574074,9847957.708333334,22.09259259259259,"{'TelemetryTask': 22.09259259259259, 'UartTxTask': 1.1037897180627893e-09}"
UartTxTask,110528,110529,9848676.467592593,9848691.222222222,14.75462962962963,{'Idle': 14.75462962852584}
TelemetryTask,110533,110534,9852773.347222222,9852787.583333334,14.23611111111111,"{'Idle': 14.23611111111111, 'TelemetryTask': 1.1037897180627893e-09}"
UartTxTask,110536,110538,9857935.337962963,9857957.643518519,22.305555555555557,{'TelemetryTask': 22.305555555555557}
UartTxTask,110542,110543,9858676.157407407,9858690.879629629,14.722222222222221,{'Idle': 14.722222222222221}
TelemetryTask,110547,110548,9862773.319444444,9862787.138888888,13.819444444444445,{'Idle': 13.819444443340656}
UartTxTask,110550,110552,9867935.63425926,9867957.675925925,22.041666666666668,{'TelemetryTask': 22.041666666666664}
UartTxTask,110556,110557,9868676.486111112,9868690.768518519,14.282407407407407,{'Idle': 14.282407406303617}
TelemetryTask,110561,110562,9872773.347222222,9872787.50925926,14.162037037037036,{'Idle': 14.162037037037036}
UartTxTask,110564,110566,9877936.49074074,9877958.129629629,21.63888888888889,{'TelemetryTask': 21.6388888877851}
UartTxTask,110570,110571,9878677.166666666,9878692.236111112,15.069444444444445,"{'Idle': 15.069444445548234, 'UartTxTask': 1.1037897180627893e-09}"
TelemetryTask,110575,110576,9882773.518518519,9882787.569444444,14.050925925925926,{'Idle': 14.050925925925926}
UartTxTask,110578,110580,9887934.898148147,9887957.277777778,22.37962962962963,{'TelemetryTask': 22.37962963073342}
UartTxTask,110584,110585,9888675.995370371,9888690.75925926,14.76388888888889,{'Idle': 14.763888887785098}
TelemetryTask,110589,110590,9892773.263888888,9892787.300925925,14.037037037037036,{'Idle': 14.037037038140825}
UartTxTask,110592,110594,9897935.361111112,9897957.574074075,22.212962962962962,{'TelemetryTask': 22.212962961859173}
UartTxTask,110598,110599,9898676.773148147,9898691.421296297,14.648148148148149,{'Idle': 14.648148149251938}
TelemetryTask,110603,110604,9902773.36574074,9902787.606481481,14.24074074074074,{'Idle': 14.24074074074074}
UartTxTask,110606,110608,9907935.796296297,9907957.851851853,22.055555555555557,"{'TelemetryTask': 22.055555555555557, 'UartTxTask': 1.1037897180627893e-09}"
UartTxTask,110612,110613,9908676.768518519,9908691.629629629,14.86111111111111,{'Idle': 14.861111110007322}
TelemetryTask,110617,110618,9912773.143518519,9912787.101851853,13.958333333333334,"{'Idle': 13.958333333333334, 'TelemetryTask': 1.1037897180627893e-09}"
UartTxTask,110620,110622,9917935.819444444,9917958.203703703,22.38425925925926,{'TelemetryTask': 22.38425925925926}
UartTxTask,110626,110627,9918677.046296297,9918691.745370371,14.699074074074074,"{'Idle': 14.699074074074074, 'UartTxTask': 1.1037897180627893e-09}"
TelemetryTask,110631,110632,9922773.263888888,9922787.189814815,13.925925925925926,{'Idle': 13.925925927029715}
UartTxTask,110634,110636,9927935.578703703,9927957.726851853,22.14814814814815,"{'TelemetryTask': 22.148148148148145, 'UartTxTask': 1.1037897180627893e-09}"
UartTxTask,110640,110641,9928676.893518519,9928691.49074074,14.597222222222221,{'Idle': 14.597222222222221}
TelemetryTask,110645,110646,9932773.550925925,9932787.560185185,14.00925925925926,{'Idle': 14.00925925925926}
UartTxTask,110648,110650,9937935.041666666,9937956.986111112,21.944444444444443,"{'TelemetryTask': 21.944444445548235, 'UartTxTask': 1.1037897180627893e-09}"
UartTxTask,110654,110655,9938675.893518519,9938690.578703703,14.685185185185185,{'Idle': 14.685185185185185}
TelemetryTask,110659,110660,9942773.398148147,9942787.675925925,14.277777777777779,{'Idle': 14.277777777777779}
UartTxTask,110662,110664,9947936.476851853,9947958.888888888,22.412037037037038,{'TelemetryTask': 22.412037037037038}
UartTxTask,110668,110669,9948677.754629629,9948692.61574074,14.86111111111111,{'Idle': 14.86111111111111}
TelemetryTask,110673,110674,9952773.583333334,9952787.796296297,14.212962962962964,{'Idle': 14.212962962962964}
UartTxTask,110676,110678,9957935.018518519,9957957.328703703,22.310185185185187,{'TelemetryTask': 22.310185185185183}
UartTxTask,110682,110683,9958676.175925925,9958690.875,14.699074074074074,{'Idle': 14.699074074074074}
TelemetryTask,110687,110688,9962773.425925925,9962787.24074074,13.814814814814815,{'Idle': 13.814814814814815}
UartTxTask,110690,110692,9967935.787037037,9967957.712962963,21.925925925925927,{'TelemetryTask': 21.925925925925924}
UartTxTask,110696,110697,9968676.976851853,9968691.587962963,14.61111111111111,{'Idle': 14.61111111111111}
TelemetryTask,110701,110702,9972773.513888888,9972787.560185185,14.046296296296296,{'Idle': 14.046296296296296}
UartTxTask,110704,110706,9977935.291666666,9977956.953703703,21.662037037037038,{'TelemetryTask': 21.662037037037038}
UartTxTask,110710,110711,9978676.305555556,9978690.930555556,14.625,{'Idle': 14.625}
TelemetryTask,110715,110716,9982773.273148147,9982787.662037037,14.38888888888889,{'Idle': 14.38888888888889}
UartTxTask,110718,110720,9987935.763888888,9987957.976851853,22.212962962962962,{'TelemetryTask': 22.212962962962962}
UartTxTask,110724,110725,9988676.699074075,9988691.694444444,14.99537037037037,{'Idle': 14.99537037037037}
TelemetryTask,110729,110730,9992773.356481481,9992787.050925925,13.694444444444445,{'Idle': 13.694444444444445}
UartTxTask,110732,110734,9997934.986111112,9997957.300925925,22.314814814814813,{'TelemetryTask': 22.314814814814817}
UartTxTask,110738,110739,9998676.064814815,9998690.856481481,14.791666666666666,{'Idle': 14.791666666666666}
TelemetryTask,110743,110744,10002773.476851853,10002787.314814815,13.837962962962964,{'Idle': 13.837962962962964}
UartTxTask,110746,110748,10007935.092592593,10007957.620370371,22.52777777777778,{'TelemetryTask': 22.52777777777778}
UartTxTask,110752,110753,10008676.328703703,10008690.953703703,14.625,{'Idle': 14.625}
TelemetryTask,110757,110758,10012773.439814815,10012787.361111112,13.921296296296296,{'Idle': 13.921296296296296}
UartTxTask,110760,110762,10017935.560185185,10017957.671296297,22.11111111111111,{'TelemetryTask': 22.111111111111114}
UartTxTask,110766,110767,10018676.574074075,10018691.166666666,14.592592592592593,{'Idle': 14.592592592592593}
TelemetryTask,110771,110772,10022773.314814815,10022786.995370371,13.680555555555555,{'Idle': 13.680555555555555}
UartTxTask,110774,110776,10027934.662037037,10027957.166666666,22.50462962962963,{'TelemetryTask': 22.50462962962963}
UartTxTask,110780,110781,10028676.421296297,10028690.99074074,14.569444444444445,{'Idle': 14.569444444444445}
TelemetryTask,110785,110786,10032773.472222222,10032787.328703703,13.856481481481481,{'Idle': 13.856481481481481}
UartTxTask,110788,110790,10037936.078703703,10037958.097222222,22.01851851851852,{'TelemetryTask': 22.01851851851852}
UartTxTask,110794,110795,10038676.555555556,10038691.342592593,14.787037037037036,{'Idle': 14.787037037037036}
TelemetryTask,110799,110800,10042773.439814815,10042787.189814815,13.75,{'Idle': 13.75}
UartTxTask,110802,110804,10047935.263888888,10047957.337962963,22.074074074074073,{'TelemetryTask': 22.074074074074076}
UartTxTask,110808,110809,10048676.203703703,10048690.597222222,14.393518518518519,{'Idle': 14.393518518518519}
TelemetryTask,110813,110814,10052773.50925926,10052787.578703703,14.069444444444445,{'Idle': 14.069444444444445}
UartTxTask,110816,110818,10057935.166666666,10057957.203703703,22.037037037037038,{'TelemetryTask': 22.037037037037038}
UartTxTask,110822,110823,10058676.337962963,10058691.027777778,14.689814814814815,{'Idle': 14.689814814814815}
TelemetryTask,110827,110828,10062773.231481481,10062787.185185185,13.953703703703704,{'Idle': 13.953703703703704}
UartTxTask,110830,110832,10067935.768518519,10067957.819444444,22.050925925925927,{'TelemetryTask': 22.050925925925924}
UartTxTask,110836,110837,10068677.319444444,10068691.958333334,14.63888888888889,{'Idle': 14.63888888888889}
TelemetryTask,110841,110842,10072773.472222222,10072787.63425926,14.162037037037036,{'Idle': 14.162037037037036}
UartTxTask,110844,110846,10077936.444444444,10077958.902777778,22.458333333333332,{'TelemetryTask': 22.458333333333336}
UartTxTask,110850,110851,10078677.782407407,10078692.532407407,14.75,{'Idle': 14.75}
TelemetryTask,110855,110856,10082773.375,10082787.296296297,13.921296296296296,{'Idle': 13.921296296296296}
UartTxTask,110858,110860,10087934.962962963,10087957.578703703,22.61574074074074,{'TelemetryTask': 22.61574074074074}
UartTxTask,110864,110865,10088676.99074074,10088691.212962963,14.222222222222221,{'Idle': 14.222222222222221}
TelemetryTask,110869,110870,10092773.375,10092787.435185185,14.060185185185185,{'Idle': 14.060185185185185}
UartTxTask,110872,110874,10097935.254629629,10097957.333333334,22.078703703703702,{'TelemetryTask': 22.078703703703702}
UartTxTask,110878,110879,10098676.88425926,10098691.532407407,14.648148148148149,{'Idle': 14.648148148148149}
TelemetryTask,110883,110884,10102773.375,10102787.458333334,14.083333333333334,{'Idle': 14.083333333333334}
UartTxTask,110886,110888,10107935.287037037,10107957.337962963,22.050925925925927,{'TelemetryTask': 22.050925925925924}
UartTxTask,110892,110893,10108676.319444444,10108691.222222222,14.902777777777779,{'Idle': 14.902777777777779}
TelemetryTask,110897,110898,10112773.337962963,10112787.430555556,14.092592592592593,{'Idle': 14.092592592592593}
UartTxTask,110900,110902,10117935.532407407,10117957.611111112,22.078703703703702,{'TelemetryTask': 22.078703703703702}
UartTxTask,110906,110907,10118676.032407407,10118690.75,14.717592592592593,{'Idle': 14.717592592592593}
TelemetryTask,110911,110912,10122773.49074074,10122787.763888888,14.273148148148149,{'Idle': 14.273148148148149}
UartTxTask,110914,110916,10127935.25925926,10127957.49074074,22.23148148148148,{'TelemetryTask': 22.23148148148148}
UartTxTask,110920,110921,10128675.662037037,10128690.694444444,15.032407407407407,{'Idle': 15.032407407407407}
TelemetryTask,110925,110926,10132773.263888888,10132787.263888888,14.0,{'Idle': 14.0}
UartTxTask,110928,110930,10137935.078703703,10137956.652777778,21.574074074074073,{'TelemetryTask': 21.574074074074076}
UartTxTask,110934,110935,10138675.356481481,10138689.851851853,14.49537037037037,{'Idle': 14.49537037037037}
TelemetryTask,110939,110940,10142773.398148147,10142787.726851853,14.328703703703704,{'Idle': 14.328703703703704}
UartTxTask,110942,110944,10147936.13425926,10147958.041666666,21.90740740740741,{'TelemetryTask': 21.907407407407405}
UartTxTask,110948,110949,10148676.606481481,10148691.495370371,14.88888888888889,{'Idle': 14.88888888888889}
TelemetryTask,110953,110954,10152773.254629629,10152787.402777778,14.148148148148149,{'Idle': 14.148148148148149}
UartTxTask,110956,110958,10157934.694444444,10157956.925925925,22.23148148148148,{'TelemetryTask': 22.23148148148148}
UartTxTask,110962,110963,10158675.569444444,10158690.518518519,14.949074074074074,{'Idle': 14.949074074074074}
TelemetryTask,110967,110968,10162773.277777778,10162787.416666666,14.13888888888889,{'Idle': 14.13888888888889}
UartTxTask,110970,110972,10167936.439814815,10167958.495370371,22.055555555555557,{'TelemetryTask': 22.055555555555557}
UartTxTask,110976,110977,10168677.013888888,10168691.736111112,14.722222222222221,{'Idle': 14.722222222222221}
TelemetryTask,110981,110982,10172773.388888888,10172787.337962963,13.949074074074074,{'Idle': 13.949074074074074}
UartTxTask,110984,110986,10177935.328703703,10177957.291666666,21.962962962962962,{'TelemetryTask': 21.962962962962962}
UartTxTask,110990,110991,10178675.851851853,10178690.435185185,14.583333333333334,{'Idle': 14.583333333333334}
TelemetryTask,110995,110996,10182773.458333334,10182787.453703703,13.99537037037037,{'Idle': 13.99537037037037}
UartTxTask,110998,111000,10187935.347222222,10187957.49074074,22.14351851851852,{'TelemetryTask': 22.14351851851852}
UartTxTask,111004,111005,10188676.199074075,10188690.902777778,14.703703703703704,{'Idle': 14.703703703703704}
TelemetryTask,111009,111010,10192773.324074075,10192787.310185185,13.98611111111111,{'Idle': 13.98611111111111}
UartTxTask,111012,111014,10197935.652777778,10197957.578703703,21.925925925925927,{'TelemetryTask': 21.925925925925924}
UartTxTask,111018,111019,10198676.726851853,10198691.375,14.648148148148149,{'Idle': 14.648148148148149}
TelemetryTask,111023,111024,10202773.347222222,10202786.810185185,13.462962962962964,{'Idle': 13.462962962962964}
UartTxTask,111026,111028,10207935.587962963,10207957.949074075,22.36111111111111,{'TelemetryTask': 22.36111111111111}
UartTxTask,111032,111033,10208677.189814815,10208692.333333334,15.143518518518519,{'Idle': 15.143518518518519}
TelemetryTask,111037,111038,10212773.217592593,10212787.203703703,13.98611111111111,{'Idle': 13.98611111111111}
UartTxTask,111040,111042,10217935.222222222,10217956.893518519,21.671296296296298,{'TelemetryTask': 21.671296296296298}
UartTxTask,111046,111047,10218675.935185185,10218690.606481481,14.671296296296296,{'Idle': 14.671296296296296}
TelemetryTask,111051,111052,10222773.546296297,10222787.689814815,14.143518518518519,{'Idle': 14.143518518518519}
UartTxTask,111054,111056,10227935.319444444,10227957.310185185,21.99074074074074,{'TelemetryTask': 21.99074074074074}
UartTxTask,111060,111061,10228675.777777778,10228690.319444444,14.541666666666666,{'Idle': 14.541666666666666}
TelemetryTask,111065,111066,10232773.555555556,10232788.097222222,14.541666666666666,{'Idle': 14.541666666666666}
UartTxTask,111068,111070,10237936.185185185,10237958.120370371,21.935185185185187,{'TelemetryTask': 21.935185185185183}
UartTxTask,111074,111075,10238676.671296297,10238691.412037037,14.74074074074074,{'Idle': 14.74074074074074}
TelemetryTask,111079,111080,10242773.398148147,10242787.347222222,13.949074074074074,{'Idle': 13.949074074074074}
UartTxTask,111082,111084,10247935.606481481,10247957.953703703,22.34722222222222,{'TelemetryTask': 22.34722222222222}
UartTxTask,111088,111089,10248677.087962963,10248691.907407407,14.819444444444445,{'Idle': 14.819444444444445}
TelemetryTask,111093,111094,10252773.439814815,10252787.837962963,14.398148148148149,{'Idle': 14.398148148148149}
UartTxTask,111096,111098,10257935.777777778,10257957.601851853,21.824074074074073,{'TelemetryTask': 21.824074074074076}
UartTxTask,111102,111103,10258675.967592593,10258690.722222222,14.75462962962963,{'Idle': 14.75462962962963}
ButtonTask,111109,111111,10261583.305555556,10261598.097222222,14.791666666666666,"{'ISR#56': 5.685185185185185, 'Scheduler': 9.106481481481481}"
UartTxTask,111114,111116,10261719.166666666,10261748.685185185,29.51851851851852,{'ButtonTask': 29.51851851851852}
UartTxTask,111120,111121,10262468.129629629,10262477.254629629,9.125,{'Idle': 9.125}
TelemetryTask,111125,111126,10262773.768518519,10262781.796296297,8.027777777777779,{'Idle': 8.027777777777779}
UartTxTask,111128,111130,10267930.402777778,10267952.949074075,22.546296296296298,{'TelemetryTask': 22.546296296296298}
UartTxTask,111134,111135,10268671.763888888,10268686.356481481,14.592592592592593,{'Idle': 14.592592592592593}
TelemetryTask,111139,111140,10272773.398148147,10272787.361111112,13.962962962962964,{'Idle': 13.962962962962964}
UartTxTask,111142,111144,10277934.50925926,10277956.925925925,22.416666666666668,{'TelemetryTask': 22.416666666666664}
UartTxTask,111148,111149,10278675.25,10278689.958333334,14.708333333333334,{'Idle': 14.708333333333334}
TelemetryTask,111153,111154,10282773.388888888,10282787.472222222,14.083333333333334,{'Idle': 14.083333333333334}
UartTxTask,111156,111158,10287934.879629629,10287957.282407407,22.40277777777778,{'TelemetryTask': 22.40277777777778}
UartTxTask,111162,111163,10288676.504629629,10288691.11574074,14.61111111111111,{'Idle': 14.61111111111111}
TelemetryTask,111167,111168,10292773.328703703,10292787.162037037,13.833333333333334,{'Idle': 13.833333333333334}
UartTxTask,111170,111172,10297935.393518519,10297957.412037037,22.01851851851852,{'TelemetryTask': 22.01851851851852}
UartTxTask,111176,111177,10298676.449074075,10298691.148148147,14.699074074074074,{'Idle': 14.699074074074074}
TelemetryTask,111181,111182,10302773.236111112,10302787.282407407,14.046296296296296,{'Idle': 14.046296296296296}
UartTxTask,111184,111186,10307935.666666666,10307957.583333334,21.916666666666668,{'TelemetryTask': 21.916666666666664}
UartTxTask,111190,111191,10308676.847222222,10308691.462962963,14.61574074074074,{'Idle': 14.61574074074074}
TelemetryTask,111195,111196,10312773.435185185,10312787.319444444,13.88425925925926,{'Idle': 13.88425925925926}
UartTxTask,111198,111200,10317935.351851853,10317957.546296297,22.194444444444443,{'TelemetryTask': 22.194444444444443}
UartTxTask,111204,111205,10318676.087962963,10318691.013888888,14.925925925925926,{'Idle': 14.925925925925926}
TelemetryTask,111209,111210,10322773.393518519,10322787.587962963,14.194444444444445,{'Idle': 14.194444444444445}
UartTxTask,111212,111214,10327935.712962963,10327957.976851853,22.26388888888889,{'TelemetryTask': 22.26388888888889}
UartTxTask,111218,111219,10328676.995370371,10328691.532407407,14.537037037037036,{'Idle': 14.537037037037036}
TelemetryTask,111223,111224,10332773.305555556,10332787.439814815,14.13425925925926,{'Idle': 14.13425925925926}
UartTxTask,111226,111228,10337935.527777778,10337957.236111112,21.708333333333332,{'TelemetryTask': 21.708333333333332}
UartTxTask,111232,111233,10338676.152777778,10338690.972222222,14.819444444444445,{'Idle': 14.819444444444445}
TelemetryTask,111237,111238,10342773.351851853,10342787.212962963,13.86111111111111,{'Idle': 13.86111111111111}
UartTxTask,111240,111242,10347935.398148147,10347957.745370371,22.34722222222222,{'TelemetryTask': 22.34722222222222}
UartTxTask,111246,111247,10348676.773148147,10348691.680555556,14.907407407407407,{'Idle': 14.907407407407407}
TelemetryTask,111251,111252,10352773.351851853,10352787.412037037,14.060185185185185,{'Idle': 14.060185185185185}
UartTxTask,111254,111256,10357935.398148147,10357957.74074074,22.34259259259259,{'TelemetryTask': 22.342592592592595}
UartTxTask,111260,111261,10358676.61574074,10358691.333333334,14.717592592592593,{'Idle': 14.717592592592593}
TelemetryTask,111265,111266,10362773.356481481,10362787.305555556,13.949074074074074,{'Idle': 13.949074074074074}
UartTxTask,111268,111270,10367935.546296297,10367957.916666666,22.37037037037037,{'TelemetryTask': 22.37037037037037}
UartTxTask,111274,111275,10368676.810185185,10368691.763888888,14.953703703703704,{'Idle': 14.953703703703704}
TelemetryTask,111279,111280,10372773.523148147,10372787.569444444,14.046296296296296,{'Idle': 14.046296296296296}
UartTxTask,111282,111284,10377935.143518519,10377957.347222222,22.203703703703702,{'TelemetryTask': 22.203703703703702}
UartTxTask,111288,111289,10378675.847222222,10378690.435185185,14.587962962962964,{'Idle': 14.587962962962964}
TelemetryTask,111293,111294,10382773.25925926,10382787.370370371,14.11111111111111,{'Idle': 14.11111111111111}
UartTxTask,111296,111298,10387936.86574074,10387958.986111112,22.12037037037037,{'TelemetryTask': 22.12037037037037}
UartTxTask,111302,111303,10388677.550925925,10388692.11574074,14.564814814814815,{'Idle': 14.564814814814815}
TelemetryTask,111307,111308,10392773.347222222,10392787.356481481,14.00925925925926,{'Idle': 14.00925925925926}
UartTxTask,111310,111312,10397934.671296297,10397956.689814815,22.01851851851852,{'TelemetryTask': 22.01851851851852}
UartTxTask,111316,111317,10398675.532407407,10398690.074074075,14.541666666666666,{'Idle': 14.541666666666666}
TelemetryTask,111321,111322,10402773.351851853,10402787.930555556,14.578703703703704,{'Idle': 14.578703703703704}
UartTxTask,111324,111326,10407935.833333334,10407957.879629629,22.046296296296298,{'TelemetryTask': 22.046296296296298}
UartTxTask,111330,111331,10408676.847222222,10408691.689814815,14.842592592592593,{'Idle': 14.842592592592593}
TelemetryTask,111335,111336,10412773.305555556,10412787.180555556,13.875,{'Idle': 13.875}
UartTxTask,111338,111340,10417935.777777778,10417957.768518519,21.99074074074074,{'TelemetryTask': 21.99074074074074}
UartTxTask,111344,111345,10418676.643518519,10418691.407407407,14.76388888888889,{'Idle': 14.76388888888889}
TelemetryTask,111349,111350,10422773.476851853,10422787.564814815,14.087962962962964,{'Idle': 14.087962962962964}
UartTxTask,111352,111354,10427934.833333334,10427957.226851853,22.39351851851852,{'TelemetryTask': 22.39351851851852}
UartTxTask,111358,111359,10428676.050925925,10428690.777777778,14.726851851851851,{'Idle': 14.726851851851851}
TelemetryTask,111363,111364,10432773.347222222,10432787.208333334,13.86111111111111,{'Idle': 13.86111111111111}
UartTxTask,111366,111368,10437935.273148147,10437957.402777778,22.12962962962963,{'TelemetryTask': 22.12962962962963}
UartTxTask,111372,111373,10438676.203703703,10438690.810185185,14.606481481481481,{'Idle': 14.606481481481481}
TelemetryTask,111377,111378,10442773.532407407,10442787.620370371,14.087962962962964,{'Idle': 14.087962962962964}
UartTxTask,111380,111382,10447934.921296297,10447957.00925926,22.087962962962962,{'TelemetryTask': 22.087962962962962}
UartTxTask,111386,111387,10448675.916666666,10448690.796296297,14.87962962962963,{'Idle': 14.87962962962963}
TelemetryTask,111391,111392,10452773.25,10452787.157407407,13.907407407407407,{'Idle': 13.907407407407407}
UartTxTask,111394,111396,10457935.435185185,10457957.587962963,22.15277777777778,{'TelemetryTask': 22.15277777777778}
UartTxTask,111400,111401,10458676.245370371,10458690.976851853,14.731481481481481,{'Idle': 14.731481481481481}
TelemetryTask,111405,111406,10462773.416666666,10462787.319444444,13.902777777777779,{'Idle': 13.902777777777779}
UartTxTask,111408,111410,10467935.467592593,10467957.583333334,22.11574074074074,{'TelemetryTask': 22.11574074074074}
UartTxTask,111414,111415,10468676.055555556,10468690.675925925,14.62037037037037,{'Idle': 14.62037037037037}
TelemetryTask,111419,111420,10472773.236111112,10472787.148148147,13.912037037037036,{'Idle': 13.912037037037036}
UartTxTask,111422,111424,10477935.86574074,10477957.962962963,22.09722222222222,{'TelemetryTask': 22.09722222222222}
UartTxTask,111428,111429,10478676.962962963,10478691.564814815,14.601851851851851,{'Idle': 14.601851851851851}
TelemetryTask,111433,111434,10482773.398148147,10482787.361111112,13.962962962962964,{'Idle': 13.962962962962964}
UartTxTask,111436,111438,10487936.458333334,10487958.967592593,22.50925925925926,{'TelemetryTask': 22.50925925925926}
UartTxTask,111442,111443,10488678.064814815,10488692.407407407,14.342592592592593,{'Idle': 14.342592592592593}
TelemetryTask,111447,111448,10492773.296296297,10492787.643518519,14.347222222222221,{'Idle': 14.347222222222221}
UartTxTask,111450,111452,10497935.921296297,10497957.555555556,21.63425925925926,{'TelemetryTask': 21.63425925925926}
UartTxTask,111456,111457,10498676.337962963,10498690.953703703,14.61574074074074,{'Idle': 14.61574074074074}
TelemetryTask,111461,111462,10502773.402777778,10502787.314814815,13.912037037037036,{'Idle': 13.912037037037036}
UartTxTask,111464,111466,10507934.930555556,10507957.393518519,22.462962962962962,{'TelemetryTask': 22.462962962962962}
UartTxTask,111470,111471,10508676.277777778,10508690.824074075,14.546296296296296,{'Idle': 14.546296296296296}
TelemetryTask,111475,111476,10512773.25925926,10512787.236111112,13.976851851851851,{'Idle': 13.976851851851851}
UartTxTask,111478,111480,10517935.041666666,10517957.467592593,22.425925925925927,{'TelemetryTask': 22.425925925925927}
UartTxTask,111484,111485,10518676.25,10518690.99074074,14.74074074074074,{'Idle': 14.74074074074074}
TelemetryTask,111489,111490,10522773.296296297,10522787.203703703,13.907407407407407,{'Idle': 13.907407407407407}
UartTxTask,111492,111494,10527935.194444444,10527957.027777778,21.833333333333332,{'TelemetryTask': 21.833333333333332}
UartTxTask,111498,111499,10528675.851851853,10528690.449074075,14.597222222222221,{'Idle': 14.597222222222221}
TelemetryTask,111503,111504,10532773.370370371,10532787.282407407,13.912037037037036,{'Idle': 13.912037037037036}
UartTxTask,111506,111508,10537934.13425926,10537956.328703703,22.194444444444443,{'TelemetryTask': 22.194444444444443}
UartTxTask,111512,111513,10538675.148148147,10538690.143518519,14.99537037037037,{'Idle': 14.99537037037037}
TelemetryTask,111517,111518,10542773.328703703,10542787.310185185,13.981481481481481,{'Idle': 13.981481481481481}
UartTxTask,111520,111522,10547934.875,10547956.921296297,22.046296296296298,{'TelemetryTask': 22.046296296296298}
UartTxTask,111526,111527,10548675.819444444,10548690.953703703,15.13425925925926,{'Idle': 15.13425925925926}
TelemetryTask,111531,111532,10552773.342592593,10552787.277777778,13.935185185185185,{'Idle': 13.935185185185185}
UartTxTask,111534,111536,10557935.023148147,10557957.310185185,22.287037037037038,{'TelemetryTask': 22.287037037037038}
UartTxTask,111540,111541,10558676.300925925,10558691.101851853,14.800925925925926,{'Idle': 14.800925925925926}
TelemetryTask,111545,111546,10562773.337962963,10562787.416666666,14.078703703703704,{'Idle': 14.078703703703704}
UartTxTask,111548,111550,10567935.541666666,10567958.310185185,22.76851851851852,{'TelemetryTask': 22.76851851851852}
UartTxTask,111554,111555,10568676.861111112,10568691.402777778,14.541666666666666,{'Idle': 14.541666666666666}
TelemetryTask,111559,111560,10572773.412037037,10572787.981481481,14.569444444444445,{'Idle': 14.569444444444445}
UartTxTask,111562,111564,10577936.004629629,10577958.064814815,22.060185185185187,{'TelemetryTask': 22.060185185185183}
UartTxTask,111568,111569,10578677.203703703,10578691.777777778,14.574074074074074,{'Idle': 14.574074074074074}
TelemetryTask,111573,111574,10582773.300925925,10582787.13425926,13.833333333333334,{'Idle': 13.833333333333334}
UartTxTask,111576,111578,10587935.935185185,10587957.879629629,21.944444444444443,{'TelemetryTask': 21.944444444444443}
UartTxTask,111582,111583,10588676.777777778,10588691.5,14.722222222222221,{'Idle': 14.722222222222221}
TelemetryTask,111587,111588,10592773.569444444,10592787.912037037,14.342592592592593,{'Idle': 14.342592592592593}
UartTxTask,111590,111592,10597935.305555556,10597957.962962963,22.65740740740741,{'TelemetryTask': 22.657407407407405}
UartTxTask,111596,111597,10598676.458333334,10598691.268518519,14.810185185185185,{'Idle': 14.810185185185185}
TelemetryTask,111601,111602,10602773.412037037,10602787.138888888,13.726851851851851,{'Idle': 13.726851851851851}
UartTxTask,111604,111606,10607934.879629629,10607957.092592593,22.212962962962962,{'TelemetryTask': 22.212962962962962}
UartTxTask,111610,111611,10608676.00925926,10608690.787037037,14.777777777777779,{'Idle': 14.777777777777779}
TelemetryTask,111615,111616,10612773.282407407,10612787.203703703,13.921296296296296,{'Idle': 13.921296296296296}
UartTxTask,111618,111620,10617935.13425926,10617957.541666666,22.40740740740741,{'TelemetryTask': 22.40740740740741}
UartTxTask,111624,111625,10618676.097222222,10618690.810185185,14.712962962962964,{'Idle': 14.712962962962964}
TelemetryTask,111629,111630,10622773.300925925,10622787.541666666,14.24074074074074,{'Idle': 14.24074074074074}
UartTxTask,111632,111634,10627935.652777778,10627957.976851853,22.324074074074073,{'TelemetryTask': 22.324074074074076}
UartTxTask,111638,111639,10628677.046296297,10628691.902777778,14.856481481481481,{'Idle': 14.856481481481481}
TelemetryTask,111643,111644,10632773.277777778,10632787.388888888,14.11111111111111,{'Idle': 14.11111111111111}
UartTxTask,111646,111648,10637935.722222222,10637957.675925925,21.953703703703702,{'TelemetryTask': 21.953703703703702}
UartTxTask,111652,111653,10638676.930555556,10638691.611111112,14.680555555555555,{'Idle': 14.680555555555555}
TelemetryTask,111657,111658,10642773.50925926,10642787.847222222,14.337962962962964,{'Idle': 14.337962962962964}
UartTxTask,111660,111662,10647935.578703703,10647957.921296297,22.34259259259259,{'TelemetryTask': 22.34259259259259}
UartTxTask,111666,111667,10648676.847222222,10648691.754629629,14.907407407407407,{'Idle': 14.907407407407407}
TelemetryTask,111671,111672,10652773.388888888,10652787.439814815,14.050925925925926,{'Idle': 14.050925925925926}
UartTxTask,111674,111676,10657935.217592593,10657957.245370371,22.02777777777778,{'TelemetryTask': 22.02777777777778}
UartTxTask,111680,111681,10658676.601851853,10658691.254629629,14.652777777777779,{'Idle': 14.652777777777779}
TelemetryTask,111685,111686,10662773.393518519,10662787.435185185,14.041666666666666,{'Idle': 14.041666666666666}
UartTxTask,111688,111690,10667936.231481481,10667958.291666666,22.060185185185187,{'TelemetryTask': 22.060185185185183}
UartTxTask,111694,111695,10668676.88425926,10668691.75,14.86574074074074,{'Idle': 14.86574074074074}
TelemetryTask,111699,111700,10672773.560185185,10672787.810185185,14.25,{'Idle': 14.25}
UartTxTask,111702,111704,10677935.439814815,10677957.564814815,22.125,{'TelemetryTask': 22.125}
UartTxTask,111708,111709,10678676.027777778,10678690.518518519,14.49074074074074,{'Idle': 14.49074074074074}
TelemetryTask,111713,111714,10682773.444444444,10682787.412037037,13.967592592592593,{'Idle': 13.967592592592593}
UartTxTask,111716,111718,10687935.416666666,10687957.842592593,22.425925925925927,{'TelemetryTask': 22.425925925925927}
UartTxTask,111722,111723,10688676.467592593,10688690.972222222,14.50462962962963,{'Idle': 14.50462962962963}
TelemetryTask,111727,111728,10692773.425925925,10692787.351851853,13.925925925925926,{'Idle': 13.925925925925926}
UartTxTask,111730,111732,10697935.38425926,10697957.523148147,22.13888888888889,{'TelemetryTask': 22.13888888888889}
UartTxTask,111736,111737,10698676.449074075,10698690.949074075,14.5,{'Idle': 14.5}
TelemetryTask,111741,111742,10702773.472222222,10702787.439814815,13.967592592592593,{'Idle': 13.967592592592593}
UartTxTask,111744,111746,10707934.99074074,10707956.726851853,21.73611111111111,{'TelemetryTask': 21.73611111111111}
UartTxTask,111750,111751,10708675.462962963,10708690.199074075,14.73611111111111,{'Idle': 14.73611111111111}
TelemetryTask,111755,111756,10712773.430555556,10712787.685185185,14.25462962962963,{'Idle': 14.25462962962963}
UartTxTask,111758,111760,10717935.388888888,10717957.74074074,22.35185185185185,{'TelemetryTask': 22.35185185185185}
UartTxTask,111764,111765,10718676.476851853,10718691.185185185,14.708333333333334,{'Idle': 14.708333333333334}
TelemetryTask,111769,111770,10722773.388888888,10722787.347222222,13.958333333333334,{'Idle': 13.958333333333334}
UartTxTask,111772,111774,10727935.101851853,10727957.425925925,22.324074074074073,{'TelemetryTask': 22.324074074074076}
UartTxTask,111778,111779,10728676.013888888,10728691.0,14.98611111111111,{'Idle': 14.98611111111111}
TelemetryTask,111783,111784,10732773.337962963,10732787.467592593,14.12962962962963,{'Idle': 14.12962962962963}
UartTxTask,111786,111788,10737935.74074074,10737957.851851853,22.11111111111111,{'TelemetryTask': 22.11111111111111}
UartTxTask,111792,111793,10738676.430555556,10738691.0,14.569444444444445,{'Idle': 14.569444444444445}
TelemetryTask,111797,111798,10742773.379629629,10742787.296296297,13.916666666666666,{'Idle': 13.916666666666666}
UartTxTask,111800,111802,10747935.643518519,10747957.708333334,22.064814814814813,{'TelemetryTask': 22.064814814814817}
UartTxTask,111806,111807,10748676.763888888,10748691.444444444,14.680555555555555,{'Idle': 14.680555555555555}
TelemetryTask,111811,111812,10752773.476851853,10752787.675925925,14.199074074074074,{'Idle': 14.199074074074074}
UartTxTask,111814,111816,10757935.273148147,10757957.194444444,21.921296296296298,{'TelemetryTask': 21.921296296296298}
UartTxTask,111820,111821,10758675.916666666,10758690.833333334,14.916666666666666,{'Idle': 14.916666666666666}
TelemetryTask,111825,111826,10762773.472222222,10762787.5,14.027777777777779,{'Idle': 14.027777777777779}
UartTxTask,111828,111830,10767935.333333334,10767957.550925925,22.21759259259259,{'TelemetryTask': 22.217592592592595}
UartTxTask,111834,111835,10768676.61574074,10768691.097222222,14.481481481481481,{'Idle': 14.481481481481481}
TelemetryTask,111839,111840,10772773.402777778,10772787.300925925,13.898148148148149,{'Idle': 13.898148148148149}
UartTxTask,111842,111844,10777935.449074075,10777957.347222222,21.89814814814815,{'TelemetryTask': 21.898148148148145}
UartTxTask,111848,111849,10778676.166666666,10778690.782407407,14.61574074074074,{'Idle': 14.61574074074074}
TelemetryTask,111853,111854,10782773.398148147,10782787.708333334,14.310185185185185,{'Idle': 14.310185185185185}
UartTxTask,111856,111858,10787936.138888888,10787958.300925925,22.162037037037038,{'TelemetryTask': 22.162037037037038}
UartTxTask,111862,111863,10788677.189814815,10788691.666666666,14.476851851851851,{'Idle': 14.476851851851851}
TelemetryTask,111867,111868,10792773.569444444,10792787.527777778,13.958333333333334,{'Idle': 13.958333333333334}
UartTxTask,111870,111872,10797935.152777778,10797957.060185185,21.90740740740741,{'TelemetryTask': 21.907407407407405}
UartTxTask,111876,111877,10798676.263888888,10798691.069444444,14.805555555555555,{'Idle': 14.805555555555555}
TelemetryTask,111881,111882,10802773.472222222,10802787.555555556,14.083333333333334,{'Idle': 14.083333333333334}
UartTxTask,111884,111886,10807935.453703703,10807957.652777778,22.199074074074073,{'TelemetryTask': 22.199074074074076}
UartTxTask,111890,111891,10808676.268518519,10808690.949074075,14.680555555555555,{'Idle': 14.680555555555555}
TelemetryTask,111895,111896,10812773.513888888,10812787.592592593,14.078703703703704,{'Idle': 14.078703703703704}
UartTxTask,111898,111900,10817935.120370371,10817957.370370371,22.25,{'TelemetryTask': 22.25}
UartTxTask,111904,111905,10818676.273148147,10818691.129629629,14.856481481481481,{'Idle': 14.856481481481481}
TelemetryTask,111909,111910,10822773.375,10822787.050925925,13.675925925925926,{'Idle': 13.675925925925926}
UartTxTask,111912,111914,10827935.25925926,10827957.111111112,21.85185185185185,{'TelemetryTask': 21.851851851851855}
UartTxTask,111918,111919,10828675.958333334,10828690.828703703,14.87037037037037,{'Idle': 14.87037037037037}
TelemetryTask,111923,111924,10832773.476851853,10832787.462962963,13.98611111111111,{'Idle': 13.98611111111111}
UartTxTask,111926,111928,10837935.004629629,10837957.143518519,22.13888888888889,{'TelemetryTask': 22.138888888888886}
UartTxTask,111932,111933,10838676.097222222,10838690.824074075,14.726851851851851,{'Idle': 14.726851851851851}
TelemetryTask,111937,111938,10842773.453703703,10842787.194444444,13.74074074074074,{'Idle': 13.74074074074074}
UartTxTask,111940,111942,10847936.236111112,10847958.023148147,21.787037037037038,{'TelemetryTask': 21.787037037037038}
UartTxTask,111946,111947,10848676.666666666,10848691.194444444,14.527777777777779,{'Idle': 14.527777777777779}
TelemetryTask,111951,111952,10852773.342592593,10852787.523148147,14.180555555555555,{'Idle': 14.180555555555555}
UartTxTask,111954,111956,10857935.226851853,10857957.888888888,22.662037037037038,{'TelemetryTask': 22.662037037037038}
UartTxTask,111960,111961,10858676.38425926,10858691.314814815,14.930555555555555,{'Idle': 14.930555555555555}
TelemetryTask,111965,111966,10862773.532407407,10862787.763888888,14.231481481481481,{'Idle': 14.231481481481481}
UartTxTask,111968,111970,10867936.824074075,10867958.453703703,21.62962962962963,{'TelemetryTask': 21.62962962962963}
UartTxTask,111974,111975,10868677.518518519,10868691.800925925,14.282407407407407,{'Idle': 14.282407407407407}
TelemetryTask,111979,111980,10872773.300925925,10872787.513888888,14.212962962962964,{'Idle': 14.212962962962964}
UartTxTask,111982,111984,10877934.949074075,10877956.976851853,22.02777777777778,{'TelemetryTask': 22.02777777777778}
UartTxTask,111988,111989,10878675.962962963,10878690.689814815,14.726851851851851,{'Idle': 14.726851851851851}
TelemetryTask,111993,111994,10882773.212962963,10882786.995370371,13.782407407407407,{'Idle': 13.782407407407407}
UartTxTask,111996,111998,10887935.425925925,10887957.606481481,22.180555555555557,{'TelemetryTask': 22.180555555555557}
UartTxTask,112002,112003,10888676.462962963,10888691.314814815,14.851851851851851,{'Idle': 14.851851851851851}
TelemetryTask,112007,112008,10892773.476851853,10892787.444444444,13.967592592592593,{'Idle': 13.967592592592593}
UartTxTask,112010,112012,10897935.527777778,10897957.037037037,21.50925925925926,{'TelemetryTask': 21.50925925925926}
UartTxTask,112016,112017,10898675.953703703,10898690.787037037,14.833333333333334,{'Idle': 14.833333333333334}
TelemetryTask,112021,112022,10902773.337962963,10902787.564814815,14.226851851851851,{'Idle': 14.226851851851851}
UartTxTask,112024,112026,10907935.574074075,10907957.796296297,22.22222222222222,{'TelemetryTask': 22.22222222222222}
UartTxTask,112030,112031,10908676.24074074,10908691.296296297,15.055555555555555,{'Idle': 15.055555555555555}
TelemetryTask,112035,112036,10912773.412037037,10912787.430555556,14.018518518518519,{'Idle': 14.018518518518519}
UartTxTask,112038,112040,10917935.546296297,10917957.694444444,22.14814814814815,{'TelemetryTask': 22.14814814814815}
UartTxTask,112044,112045,10918676.273148147,10918690.935185185,14.662037037037036,{'Idle': 14.662037037037036}
TelemetryTask,112049,112050,10922773.25925926,10922787.268518519,14.00925925925926,{'Idle': 14.00925925925926}
UartTxTask,112052,112054,10927936.037037037,10927958.152777778,22.11574074074074,{'TelemetryTask': 22.11574074074074}
UartTxTask,112058,112059,10928676.972222222,10928691.699074075,14.726851851851851,{'Idle': 14.726851851851851}
TelemetryTask,112063,112064,10932773.523148147,10932787.592592593,14.069444444444445,{'Idle': 14.069444444444445}
UartTxTask,112066,112068,10937936.078703703,10937958.050925925,21.97222222222222,{'TelemetryTask': 21.97222222222222}
UartTxTask,112072,112073,10938676.722222222,10938691.152777778,14.430555555555555,{'Idle': 14.430555555555555}
TelemetryTask,112077,112078,10942773.287037037,10942787.356481481,14.069444444444445,{'Idle': 14.069444444444445}
UartTxTask,112080,112082,10947935.152777778,10947957.236111112,22.083333333333332,{'TelemetryTask': 22.083333333333332}
UartTxTask,112086,112087,10948676.037037037,10948690.819444444,14.782407407407407,{'Idle': 14.782407407407407}
TelemetryTask,112091,112092,10952773.212962963,10952787.254629629,14.041666666666666,{'Idle': 14.041666666666666}
UartTxTask,112094,112096,10957935.824074075,10957957.907407407,22.083333333333332,{'TelemetryTask': 22.083333333333332}
UartTxTask,112100,112101,10958676.981481481,10958691.805555556,14.824074074074074,{'Idle': 14.824074074074074}
TelemetryTask,112105,112106,10962773.333333334,10962787.523148147,14.189814814814815,{'Idle': 14.189814814814815}
UartTxTask,112108,112110,10967935.652777778,10967957.921296297,22.26851851851852,{'TelemetryTask': 22.26851851851852}
UartTxTask,112114,112115,10968676.851851853,10968691.342592593,14.49074074074074,{'Idle': 14.49074074074074}
TelemetryTask,112119,112120,10972773.379629629,10972787.791666666,14.412037037037036,{'Idle': 14.412037037037036}
UartTxTask,112122,112124,10977935.38425926,10977957.444444444,22.060185185185187,{'TelemetryTask': 22.060185185185183}
UartTxTask,112128,112129,10978676.125,10978690.402777778,14.277777777777779,{'Idle': 14.277777777777779}
TelemetryTask,112133,112134,10982773.324074075,10982787.194444444,13.87037037037037,{'Idle': 13.87037037037037}
UartTxTask,112136,112138,10987935.569444444,10987957.888888888,22.319444444444443,{'TelemetryTask': 22.319444444444443}
UartTxTask,112142,112143,10988676.481481481,10988690.888888888,14.407407407407407,{'Idle': 14.407407407407407}
TelemetryTask,112147,112148,10992773.421296297,10992787.435185185,14.01388888888889,{'Idle': 14.01388888888889}
UartTxTask,112150,112152,10997936.50925926,10997958.458333334,21.949074074074073,{'TelemetryTask': 21.949074074074076}
UartTxTask,112156,112157,10998677.277777778,10998691.953703703,14.675925925925926,{'Idle': 14.675925925925926}
TelemetryTask,112161,112162,11002773.555555556,11002787.837962963,14.282407407407407,{'Idle': 14.282407407407407}
UartTxTask,112164,112166,11007935.694444444,11007957.643518519,21.949074074074073,{'TelemetryTask': 21.949074074074076}
UartTxTask,112170,112171,11008676.314814815,11008691.310185185,14.99537037037037,{'Idle': 14.99537037037037}
TelemetryTask,112175,112176,11012773.273148147,11012787.356481481,14.083333333333334,{'Idle': 14.083333333333334}
UartTxTask,112178,112180,11017935.907407407,11017958.226851853,22.319444444444443,{'TelemetryTask': 22.319444444444443}
UartTxTask,112184,112185,11018676.888888888,11018691.601851853,14.712962962962964,{'Idle': 14.712962962962964}
TelemetryTask,112189,112190,11022773.518518519,11022787.527777778,14.00925925925926,{'Idle': 14.00925925925926}
UartTxTask,112192,112194,11027934.949074075,11027957.046296297,22.09722222222222,{'TelemetryTask': 22.09722222222222}
UartTxTask,112198,112199,11028675.912037037,11028690.583333334,14.671296296296296,{'Idle': 14.671296296296296}
TelemetryTask,112203,112204,11032773.537037037,11032787.712962963,14.175925925925926,{'Idle': 14.175925925925926}
UartTxTask,112206,112208,11037935.995370371,11037958.125,22.12962962962963,{'TelemetryTask': 22.12962962962963}
UartTxTask,112212,112213,11038676.828703703,11038691.648148147,14.819444444444445,{'Idle': 14.819444444444445}
TelemetryTask,112217,112218,11042773.296296297,11042787.263888888,13.967592592592593,{'Idle': 13.967592592592593}
UartTxTask,112220,112222,11047935.907407407,11047958.324074075,22.416666666666668,{'TelemetryTask': 22.416666666666664}
UartTxTask,112226,112227,11048676.523148147,11048691.263888888,14.74074074074074,{'Idle': 14.74074074074074}
TelemetryTask,112231,112232,11052773.277777778,11052787.199074075,13.921296296296296,{'Idle': 13.921296296296296}
UartTxTask,112234,112236,11057935.296296297,11057957.796296297,22.5,{'TelemetryTask': 22.5}
UartTxTask,112240,112241,11058676.662037037,11058691.393518519,14.731481481481481,{'Idle': 14.731481481481481}
TelemetryTask,112245,112246,11062773.467592593,11062787.574074075,14.106481481481481,{'Idle': 14.106481481481481}
UartTxTask,112248,112250,11067935.527777778,11067957.393518519,21.86574074074074,{'TelemetryTask': 21.86574074074074}
UartTxTask,112254,112255,11068676.495370371,11068691.148148147,14.652777777777779,{'Idle': 14.652777777777779}
TelemetryTask,112259,112260,11072773.462962963,11072787.657407407,14.194444444444445,{'Idle': 14.194444444444445}
UartTxTask,112262,112264,11077935.351851853,11077957.351851853,22.0,{'TelemetryTask': 22.0}
UartTxTask,112268,112269,11078676.393518519,11078691.407407407,15.01388888888889,{'Idle': 15.01388888888889}
TelemetryTask,112273,112274,11082773.379629629,11082787.287037037,13.907407407407407,{'Idle': 13.907407407407407}
UartTxTask,112276,112278,11087936.425925925,11087958.162037037,21.73611111111111,{'TelemetryTask': 21.73611111111111}
UartTxTask,112282,112283,11088677.310185185,11088692.032407407,14.722222222222221,{'Idle': 14.722222222222221}
TelemetryTask,112287,112288,11092773.263888888,11092787.291666666,14.027777777777779,{'Idle': 14.027777777777779}
UartTxTask,112290,112292,11097934.777777778,11097956.50925926,21.73148148148148,{'TelemetryTask': 21.73148148148148}
UartTxTask,112296,112297,11098675.5,11098690.013888888,14.51388888888889,{'Idle': 14.51388888888889}
TelemetryTask,112301,112302,11102773.342592593,11102787.291666666,13.949074074074074,{'Idle': 13.949074074074074}
UartTxTask,112304,112306,11107935.157407407,11107957.638888888,22.48148148148148,{'TelemetryTask': 22.48148148148148}
UartTxTask,112310,112311,11108676.583333334,11108691.606481481,15.023148148148149,{'Idle': 15.023148148148149}
TelemetryTask,112315,112316,11112773.430555556,11112787.620370371,14.189814814814815,{'Idle': 14.189814814814815}
UartTxTask,112318,112320,11117935.606481481,11117957.736111112,22.12962962962963,{'TelemetryTask': 22.12962962962963}
UartTxTask,112324,112325,11118676.782407407,11118691.513888888,14.731481481481481,{'Idle': 14.731481481481481}
TelemetryTask,112329,112330,11122773.347222222,11122787.379629629,14.032407407407407,{'Idle': 14.032407407407407}
UartTxTask,112332,112334,11127935.439814815,11127957.578703703,22.13888888888889,{'TelemetryTask': 22.13888888888889}
UartTxTask,112338,112339,11128676.486111112,11128690.944444444,14.458333333333334,{'Idle': 14.458333333333334}
TelemetryTask,112343,112344,11132773.472222222,11132787.569444444,14.097222222222221,{'Idle': 14.097222222222221}
UartTxTask,112346,112348,11137936.185185185,11137958.287037037,22.10185185185185,{'TelemetryTask': 22.101851851851855}
UartTxTask,112352,112353,11138677.398148147,11138692.310185185,14.912037037037036,{'Idle': 14.912037037037036}
TelemetryTask,112357,112358,11142773.388888888,11142787.523148147,14.13425925925926,{'Idle': 14.13425925925926}
UartTxTask,112360,112362,11147935.643518519,11147957.611111112,21.96759259259259,{'TelemetryTask': 21.96759259259259}
UartTxTask,112366,112367,11148676.407407407,11148691.060185185,14.652777777777779,{'Idle': 14.652777777777779}
TelemetryTask,112371,112372,11152773.273148147,11152787.013888888,13.74074074074074,{'Idle': 13.74074074074074}
UartTxTask,112374,112376,11157936.25,11157958.657407407,22.40740740740741,{'TelemetryTask': 22.407407407407405}
UartTxTask,112380,112381,11158677.75,11158693.023148147,15.273148148148149,{'Idle': 15.273148148148149}
TelemetryTask,112385,112386,11162773.421296297,11162787.810185185,14.38888888888889,{'Idle': 14.38888888888889}
UartTxTask,112388,112390,11167936.513888888,11167958.745370371,22.23148148148148,{'TelemetryTask': 22.23148148148148}
UartTxTask,112394,112395,11168677.5,11168692.236111112,14.73611111111111,{'Idle': 14.73611111111111}
TelemetryTask,112399,112400,11172773.273148147,11172787.629629629,14.356481481481481,{'Idle': 14.356481481481481}
UartTxTask,112402,112404,11177935.787037037,11177957.763888888,21.97685185185185,{'TelemetryTask': 21.976851851851855}
UartTxTask,112408,112409,11178677.333333334,11178691.847222222,14.51388888888889,{'Idle': 14.51388888888889}
TelemetryTask,112413,112414,11182773.342592593,11182787.162037037,13.819444444444445,{'Idle': 13.819444444444445}
UartTxTask,112416,112418,11187934.25,11187956.194444444,21.944444444444443,{'TelemetryTask': 21.944444444444443}
UartTxTask,112422,112423,11188674.972222222,11188689.777777778,14.805555555555555,{'Idle': 14.805555555555555}
TelemetryTask,112427,112428,11192773.425925925,11192787.388888888,13.962962962962964,{'Idle': 13.962962962962964}
UartTxTask,112430,112432,11197936.861111112,11197958.958333334,22.09722222222222,{'TelemetryTask': 22.09722222222222}
UartTxTask,112436,112437,11198677.930555556,11198692.555555556,14.625,{'Idle': 14.625}
TelemetryTask,112441,112442,11202773.393518519,11202787.074074075,13.680555555555555,{'Idle': 13.680555555555555}
UartTxTask,112444,112446,11207934.962962963,11207956.86574074,21.90277777777778,{'TelemetryTask': 21.90277777777778}
UartTxTask,112450,112451,11208676.046296297,11208690.638888888,14.592592592592593,{'Idle': 14.592592592592593}
TelemetryTask,112455,112456,11212773.296296297,11212787.407407407,14.11111111111111,{'Idle': 14.11111111111111}
UartTxTask,112458,112460,11217936.263888888,11217958.254629629,21.99074074074074,{'TelemetryTask': 21.99074074074074}
UartTxTask,112464,112465,11218676.773148147,11218691.629629629,14.856481481481481,{'Idle': 14.856481481481481}
TelemetryTask,112469,112470,11222773.458333334,11222787.722222222,14.26388888888889,{'Idle': 14.26388888888889}
UartTxTask,112472,112474,11227936.064814815,11227958.11574074,22.050925925925927,{'TelemetryTask': 22.050925925925927}
UartTxTask,112478,112479,11228677.222222222,11228691.995370371,14.773148148148149,{'Idle': 14.773148148148149}
TelemetryTask,112483,112484,11232773.430555556,11232787.671296297,14.24074074074074,{'Idle': 14.24074074074074}
UartTxTask,112486,112488,11237935.421296297,11237957.597222222,22.175925925925927,{'TelemetryTask': 22.175925925925924}
UartTxTask,112492,112493,11238676.375,11238691.148148147,14.773148148148149,{'Idle': 14.773148148148149}
TelemetryTask,112497,112498,11242773.337962963,11242787.166666666,13.828703703703704,{'Idle': 13.828703703703704}
UartTxTask,112500,112502,11247935.032407407,11247957.25925926,22.22685185185185,{'TelemetryTask': 22.22685185185185}
UartTxTask,112506,112507,11248676.092592593,11248690.537037037,14.444444444444445,{'Idle': 14.444444444444445}
TelemetryTask,112511,112512,11252773.328703703,11252787.467592593,14.13888888888889,{'Idle': 14.13888888888889}
UartTxTask,112514,112516,11257935.842592593,11257958.087962963,22.24537037037037,{'TelemetryTask': 22.24537037037037}
UartTxTask,112520,112521,11258676.819444444,11258691.601851853,14.782407407407407,{'Idle': 14.782407407407407}
TelemetryTask,112525,112526,11262773.453703703,11262787.712962963,14.25925925925926,{'Idle': 14.25925925925926}
UartTxTask,112528,112530,11267936.083333334,11267958.657407407,22.574074074074073,{'TelemetryTask': 22.574074074074076}
UartTxTask,112534,112535,11268677.587962963,11268692.226851853,14.63888888888889,{'Idle': 14.63888888888889}
TelemetryTask,112539,112540,11272773.337962963,11272787.199074075,13.86111111111111,{'Idle': 13.86111111111111}
UartTxTask,112542,112544,11277935.61574074,11277957.912037037,22.296296296296298,{'TelemetryTask': 22.296296296296298}
UartTxTask,112548,112549,11278676.958333334,11278691.888888888,14.930555555555555,{'Idle': 14.930555555555555}
TelemetryTask,112553,112554,11282773.38425926,11282787.175925925,13.791666666666666,{'Idle': 13.791666666666666}
UartTxTask,112556,112558,11287935.782407407,11287958.166666666,22.38425925925926,{'TelemetryTask': 22.38425925925926}
UartTxTask,112562,112563,11288676.851851853,11288691.652777778,14.800925925925926,{'Idle': 14.800925925925926}
TelemetryTask,112567,112568,11292773.347222222,11292787.416666666,14.069444444444445,{'Idle': 14.069444444444445}
UartTxTask,112570,112572,11297935.25,11297957.907407407,22.65740740740741,{'TelemetryTask': 22.65740740740741}
UartTxTask,112576,112577,11298676.458333334,11298691.027777778,14.569444444444445,{'Idle': 14.569444444444445}
TelemetryTask,112581,112582,11302773.328703703,11302786.99074074,13.662037037037036,{'Idle': 13.662037037037036}
UartTxTask,112584,112586,11307933.495370371,11307955.569444444,22.074074074074073,{'TelemetryTask': 22.074074074074076}
UartTxTask,112590,112591,11308674.467592593,11308689.370370371,14.902777777777779,{'Idle': 14.902777777777779}
TelemetryTask,112595,112596,11312773.342592593,11312787.462962963,14.12037037037037,{'Idle': 14.12037037037037}
UartTxTask,112598,112600,11317936.379629629,11317958.314814815,21.935185185185187,{'TelemetryTask': 21.935185185185183}
UartTxTask,112604,112605,11318677.212962963,11318691.898148147,14.685185185185185,{'Idle': 14.685185185185185}
TelemetryTask,112609,112610,11322773.333333334,11322787.458333334,14.125,{'Idle': 14.125}
UartTxTask,112612,112614,11327935.870370371,11327958.351851853,22.48148148148148,{'TelemetryTask': 22.48148148148148}
UartTxTask,112618,112619,11328677.375,11328691.833333334,14.458333333333334,{'Idle': 14.458333333333334}
TelemetryTask,112623,112624,11332773.393518519,11332787.25925926,13.86574074074074,{'Idle': 13.86574074074074}
UartTxTask,112626,112628,11337935.592592593,11337957.995370371,22.40277777777778,{'TelemetryTask': 22.40277777777778}
UartTxTask,112632,112633,11338677.023148147,11338691.967592593,14.944444444444445,{'Idle': 14.944444444444445}
TelemetryTask,112637,112638,11342773.513888888,11342787.569444444,14.055555555555555,{'Idle': 14.055555555555555}
UartTxTask,112640,112642,11347936.064814815,11347957.879629629,21.814814814814813,{'TelemetryTask': 21.814814814814817}
UartTxTask,112646,112647,11348676.337962963,11348690.814814815,14.476851851851851,{'Idle': 14.476851851851851}
TelemetryTask,112651,112652,11352773.416666666,11352787.550925925,14.13425925925926,{'Idle': 14.13425925925926}
UartTxTask,112654,112656,11357935.837962963,11357958.254629629,22.416666666666668,{'TelemetryTask': 22.416666666666664}
UartTxTask,112660,112661,11358677.013888888,11358691.870370371,14.856481481481481,{'Idle': 14.856481481481481}
TelemetryTask,112665,112666,11362773.541666666,11362787.75925926,14.217592592592593,{'Idle': 14.217592592592593}
UartTxTask,112668,112670,11367937.097222222,11367958.875,21.77777777777778,{'TelemetryTask': 21.77777777777778}
UartTxTask,112674,112675,11368677.425925925,11368692.25925926,14.833333333333334,{'Idle': 14.833333333333334}
TelemetryTask,112679,112680,11372773.393518519,11372787.736111112,14.342592592592593,{'Idle': 14.342592592592593}
UartTxTask,112682,112684,11377935.592592593,11377958.046296297,22.453703703703702,{'TelemetryTask': 22.453703703703702}
UartTxTask,112688,112689,11378676.773148147,11378691.24074074,14.467592592592593,{'Idle': 14.467592592592593}
TelemetryTask,112693,112694,11382773.300925925,11382787.24074074,13.939814814814815,{'Idle': 13.939814814814815}
UartTxTask,112696,112698,11387935.717592593,11387957.819444444,22.10185185185185,{'TelemetryTask': 22.10185185185185}
UartTxTask,112702,112703,11388676.907407407,11388691.587962963,14.680555555555555,{'Idle': 14.680555555555555}
TelemetryTask,112707,112708,11392773.425925925,11392787.527777778,14.101851851851851,{'Idle': 14.101851851851851}
UartTxTask,112710,112712,11397935.782407407,11397957.75,21.96759259259259,{'TelemetryTask': 21.96759259259259}
UartTxTask,112716,112717,11398676.351851853,11398691.041666666,14.689814814814815,{'Idle': 14.689814814814815}
TelemetryTask,112721,112722,11402773.231481481,11402787.425925925,14.194444444444445,{'Idle': 14.194444444444445}
UartTxTask,112724,112726,11407935.75,11407957.828703703,22.078703703703702,{'TelemetryTask': 22.078703703703702}
UartTxTask,112730,112731,11408676.106481481,11408690.925925925,14.819444444444445,{'Idle': 14.819444444444445}
TelemetryTask,112735,112736,11412773.435185185,11412787.625,14.189814814814815,{'Idle': 14.189814814814815}
UartTxTask,112738,112740,11417936.185185185,11417958.402777778,22.21759259259259,{'TelemetryTask': 22.217592592592595}
UartTxTask,112744,112745,11418677.097222222,11418692.319444444,15.222222222222221,{'Idle': 15.222222222222221}
TelemetryTask,112749,112750,11422773.435185185,11422787.398148147,13.962962962962964,{'Idle': 13.962962962962964}
UartTxTask,112752,112754,11427936.481481481,11427958.75925926,22.27777777777778,{'TelemetryTask': 22.27777777777778}
UartTxTask,112758,112759,11428677.652777778,11428692.245370371,14.592592592592593,{'Idle': 14.592592592592593}
TelemetryTask,112763,112764,11432773.449074075,11432787.467592593,14.018518518518519,{'Idle': 14.018518518518519}
UartTxTask,112766,112768,11437935.722222222,11437958.175925925,22.453703703703702,{'TelemetryTask': 22.453703703703702}
UartTxTask,112772,112773,11438677.430555556,11438692.004629629,14.574074074074074,{'Idle': 14.574074074074074}
TelemetryTask,112777,112778,11442773.300925925,11442787.282407407,13.981481481481481,{'Idle': 13.981481481481481}
UartTxTask,112780,112782,11447935.828703703,11447957.791666666,21.962962962962962,{'TelemetryTask': 21.962962962962962}
UartTxTask,112786,112787,11448676.768518519,11448691.652777778,14.88425925925926,{'Idle': 14.88425925925926}
TelemetryTask,112791,112792,11452773.333333334,11452787.375,14.041666666666666,{'Idle': 14.041666666666666}
UartTxTask,112794,112796,11457934.875,11457957.00925926,22.13425925925926,{'TelemetryTask': 22.13425925925926}
UartTxTask,112800,112801,11458675.546296297,11458689.986111112,14.439814814814815,{'Idle': 14.439814814814815}
TelemetryTask,112805,112806,11462773.407407407,11462787.199074075,13.791666666666666,{'Idle': 13.791666666666666}
UartTxTask,112808,112810,11467935.203703703,11467957.287037037,22.083333333333332,{'TelemetryTask': 22.083333333333336}
UartTxTask,112814,112815,11468676.166666666,11468690.796296297,14.62962962962963,{'Idle': 14.62962962962963}
TelemetryTask,112819,112820,11472773.379629629,11472787.254629629,13.875,{'Idle': 13.875}
UartTxTask,112822,112824,11477935.560185185,11477957.703703703,22.14351851851852,{'TelemetryTask': 22.14351851851852}
UartTxTask,112828,112829,11478676.962962963,11478691.574074075,14.61111111111111,{'Idle': 14.61111111111111}
TelemetryTask,112833,112834,11482773.379629629,11482787.745370371,14.36574074074074,{'Idle': 14.36574074074074}
UartTxTask,112836,112838,11487936.143518519,11487958.037037037,21.89351851851852,{'TelemetryTask': 21.89351851851852}
UartTxTask,112842,112843,11488676.893518519,11488691.546296297,14.652777777777779,{'Idle': 14.652777777777779}
TelemetryTask,112847,112848,11492773.375,11492787.36574074,13.99074074074074,{'Idle': 13.99074074074074}
UartTxTask,112850,112852,11497936.138888888,11497958.425925925,22.287037037037038,{'TelemetryTask': 22.287037037037038}
UartTxTask,112856,112857,11498677.0,11498691.828703703,14.828703703703704,{'Idle': 14.828703703703704}
TelemetryTask,112861,112862,11502773.296296297,11502787.421296297,14.125,{'Idle': 14.125}
UartTxTask,112864,112866,11507936.162037037,11507958.078703703,21.916666666666668,{'TelemetryTask': 21.916666666666664}
UartTxTask,112870,112871,11508677.175925925,11508691.800925925,14.625,{'Idle': 14.625}
TelemetryTask,112875,112876,11512773.314814815,11512787.074074075,13.75925925925926,{'Idle': 13.75925925925926}
UartTxTask,112878,112880,11517935.148148147,11517957.398148147,22.25,{'TelemetryTask': 22.25}
UartTxTask,112884,112885,11518676.449074075,11518691.254629629,14.805555555555555,{'Idle': 14.805555555555555}
TelemetryTask,112889,112890,11522773.231481481,11522786.898148147,13.666666666666666,{'Idle': 13.666666666666666}
UartTxTask,112892,112894,11527935.476851853,11527957.625,22.14814814814815,{'TelemetryTask': 22.14814814814815}
UartTxTask,112898,112899,11528676.25,11528690.99074074,14.74074074074074,{'Idle': 14.74074074074074}
TelemetryTask,112903,112904,11532773.402777778,11532787.578703703,14.175925925925926,{'Idle': 14.175925925925926}
UartTxTask,112906,112908,11537935.282407407,11537957.097222222,21.814814814814813,{'TelemetryTask': 21.814814814814817}
UartTxTask,112912,112913,11538676.171296297,11538690.995370371,14.824074074074074,{'Idle': 14.824074074074074}
TelemetryTask,112917,112918,11542773.333333334,11542787.407407407,14.074074074074074,{'Idle': 14.074074074074074}
UartTxTask,112920,112922,11547934.870370371,11547956.745370371,21.875,{'TelemetryTask': 21.875}
UartTxTask,112926,112927,11548675.643518519,11548690.412037037,14.768518518518519,{'Idle': 14.768518518518519}
TelemetryTask,112931,112932,11552773.481481481,11552787.601851853,14.12037037037037,{'Idle': 14.12037037037037}
UartTxTask,112934,112936,11557935.185185185,11557957.180555556,21.99537037037037,{'TelemetryTask': 21.99537037037037}
UartTxTask,112940,112941,11558675.879629629,11558690.671296297,14.791666666666666,{'Idle': 14.791666666666666}
TelemetryTask,112945,112946,11562773.296296297,11562787.328703703,14.032407407407407,{'Idle': 14.032407407407407}
UartTxTask,112948,112950,11567934.462962963,11567956.236111112,21.77314814814815,{'TelemetryTask': 21.77314814814815}
UartTxTask,112954,112955,11568674.550925925,11568689.152777778,14.601851851851851,{'Idle': 14.601851851851851}
TelemetryTask,112959,112960,11572773.412037037,11572787.25925926,13.847222222222221,{'Idle': 13.847222222222221}
UartTxTask,112962,112964,11577935.462962963,11577957.203703703,21.74074074074074,{'TelemetryTask': 21.74074074074074}
UartTxTask,112968,112969,11578676.050925925,11578690.893518519,14.842592592592593,{'Idle': 14.842592592592593}
TelemetryTask,112973,112974,11582773.328703703,11582787.319444444,13.99074074074074,{'Idle': 13.99074074074074}
UartTxTask,112976,112978,11587934.712962963,11587957.074074075,22.36111111111111,{'TelemetryTask': 22.361111111111114}
UartTxTask,112982,112983,11588676.004629629,11588690.597222222,14.592592592592593,{'Idle': 14.592592592592593}
TelemetryTask,112987,112988,11592773.453703703,11592787.86574074,14.412037037037036,{'Idle': 14.412037037037036}
UartTxTask,112990,112992,11597936.175925925,11597958.430555556,22.25462962962963,{'TelemetryTask': 22.25462962962963}
UartTxTask,112996,112997,11598677.125,11598691.587962963,14.462962962962964,{'Idle': 14.462962962962964}
TelemetryTask,113001,113002,11602773.324074075,11602787.50925926,14.185185185185185,{'Idle': 14.185185185185185}
UartTxTask,113004,113006,11607935.393518519,11607957.416666666,22.02314814814815,{'TelemetryTask': 22.02314814814815}
UartTxTask,113010,113011,11608676.722222222,11608691.347222222,14.625,{'Idle': 14.625}
TelemetryTask,113015,113016,11612773.370370371,11612787.462962963,14.092592592592593,{'Idle': 14.092592592592593}
UartTxTask,113018,113020,11617935.870370371,11617957.902777778,22.03240740740741,{'TelemetryTask': 22.032407407407405}
UartTxTask,113024,113025,11618676.74074074,11618691.837962963,15.097222222222221,{'Idle': 15.097222222222221}
TelemetryTask,113029,113030,11622773.449074075,11622787.652777778,14.203703703703704,{'Idle': 14.203703703703704}
UartTxTask,113032,113034,11627934.986111112,11627957.101851853,22.11574074074074,{'TelemetryTask': 22.11574074074074}
UartTxTask,113038,113039,11628675.708333334,11628690.430555556,14.722222222222221,{'Idle': 14.722222222222221}
TelemetryTask,113043,113044,11632773.268518519,11632786.986111112,13.717592592592593,{'Idle': 13.717592592592593}
UartTxTask,113046,113048,11637935.24074074,11637957.180555556,21.939814814814813,{'TelemetryTask': 21.939814814814817}
UartTxTask,113052,113053,11638675.773148147,11638690.430555556,14.657407407407407,{'Idle': 14.657407407407407}
TelemetryTask,113057,113058,11642773.398148147,11642786.995370371,13.597222222222221,{'Idle': 13.597222222222221}
UartTxTask,113060,113062,11647935.893518519,11647957.620370371,21.72685185185185,{'TelemetryTask': 21.726851851851855}
UartTxTask,113066,113067,11648676.435185185,11648691.074074075,14.63888888888889,{'Idle': 14.63888888888889}
TelemetryTask,113071,113072,11652773.416666666,11652787.143518519,13.726851851851851,{'Idle': 13.726851851851851}
UartTxTask,113074,113076,11657935.814814815,11657958.162037037,22.34722222222222,{'TelemetryTask': 22.34722222222222}
UartTxTask,113080,113081,11658676.74074074,11658691.671296297,14.930555555555555,{'Idle': 14.930555555555555}
TelemetryTask,113085,113086,11662773.467592593,11662787.444444444,13.976851851851851,{'Idle': 13.976851851851851}
UartTxTask,113088,113090,11667936.199074075,11667958.263888888,22.064814814814813,{'TelemetryTask': 22.064814814814817}
UartTxTask,113094,113095,11668677.356481481,11668691.861111112,14.50462962962963,{'Idle': 14.50462962962963}
TelemetryTask,113099,113100,11672773.361111112,11672787.50925926,14.148148148148149,{'Idle': 14.148148148148149}
UartTxTask,113102,113104,11677935.708333334,11677957.935185185,22.22685185185185,{'TelemetryTask': 22.226851851851855}
UartTxTask,113108,113109,11678676.791666666,11678691.518518519,14.726851851851851,{'Idle': 14.726851851851851}
TelemetryTask,113113,113114,11682773.328703703,11682787.504629629,14.175925925925926,{'Idle': 14.175925925925926}
UartTxTask,113116,113118,11687935.393518519,11687957.629629629,22.23611111111111,{'TelemetryTask': 22.23611111111111}
UartTxTask,113122,113123,11688676.731481481,11688691.171296297,14.439814814814815,{'Idle': 14.439814814814815}
TelemetryTask,113127,113128,11692773.300925925,11692787.430555556,14.12962962962963,{'Idle': 14.12962962962963}
UartTxTask,113130,113132,11697935.495370371,11697957.393518519,21.89814814814815,{'TelemetryTask': 21.898148148148145}
UartTxTask,113136,113137,11698676.379629629,11698691.356481481,14.976851851851851,{'Idle': 14.976851851851851}
TelemetryTask,113141,113142,11702773.310185185,11702787.476851853,14.166666666666666,{'Idle': 14.166666666666666}
UartTxTask,113144,113146,11707936.185185185,11707958.578703703,22.39351851851852,{'TelemetryTask': 22.39351851851852}
UartTxTask,113150,113151,11708677.851851853,11708692.611111112,14.75925925925926,{'Idle': 14.75925925925926}
TelemetryTask,113155,113156,11712773.199074075,11712787.518518519,14.319444444444445,{'Idle': 14.319444444444445}
UartTxTask,113158,113160,11717935.597222222,11717957.805555556,22.208333333333332,{'TelemetryTask': 22.208333333333332}
UartTxTask,113164,113165,11718676.754629629,11718691.620370371,14.86574074074074,{'Idle': 14.86574074074074}
TelemetryTask,113169,113170,11722773.36574074,11722787.361111112,13.99537037037037,{'Idle': 13.99537037037037}
UartTxTask,113172,113174,11727936.25,11727958.300925925,22.050925925925927,{'TelemetryTask': 22.050925925925927}
UartTxTask,113178,113179,11728677.222222222,11728691.828703703,14.606481481481481,{'Idle': 14.606481481481481}
TelemetryTask,113183,113184,11732773.375,11732787.143518519,13.768518518518519,{'Idle': 13.768518518518519}
UartTxTask,113186,113188,11737935.106481481,11737957.254629629,22.14814814814815,{'TelemetryTask': 22.14814814814815}
UartTxTask,113192,113193,11738675.967592593,11738690.731481481,14.76388888888889,{'Idle': 14.76388888888889}
TelemetryTask,113197,113198,11742773.481481481,11742787.407407407,13.925925925925926,{'Idle': 13.925925925925926}
UartTxTask,113200,113202,11747935.643518519,11747957.949074075,22.305555555555557,{'TelemetryTask': 22.305555555555557}
UartTxTask,113206,113207,11748676.476851853,11748691.074074075,14.597222222222221,{'Idle': 14.597222222222221}
TelemetryTask,113211,113212,11752773.254629629,11752787.685185185,14.430555555555555,{'Idle': 14.430555555555555}
UartTxTask,113214,113216,11757935.574074075,11757957.907407407,22.333333333333332,{'TelemetryTask': 22.333333333333336}
UartTxTask,113220,113221,11758676.662037037,11758691.495370371,14.833333333333334,{'Idle': 14.833333333333334}
TelemetryTask,113225,113226,11762773.273148147,11762787.38425926,14.11111111111111,{'Idle': 14.11111111111111}
UartTxTask,113228,113230,11767934.782407407,11767956.986111112,22.203703703703702,{'TelemetryTask': 22.203703703703702}
UartTxTask,113234,113235,11768676.36574074,11768691.046296297,14.680555555555555,{'Idle': 14.680555555555555}
TelemetryTask,113239,113240,11772773.425925925,11772787.555555556,14.12962962962963,{'Idle': 14.12962962962963}
UartTxTask,113242,113244,11777935.175925925,11777957.152777778,21.97685185185185,{'TelemetryTask': 21.97685185185185}
UartTxTask,113248,113249,11778676.092592593,11778690.782407407,14.689814814814815,{'Idle': 14.689814814814815}
TelemetryTask,113253,113254,11782773.467592593,11782787.689814815,14.222222222222221,{'Idle': 14.222222222222221}
UartTxTask,113256,113258,11787935.74074074,11787957.800925925,22.060185185185187,{'TelemetryTask': 22.060185185185183}
UartTxTask,113262,113263,11788676.63425926,11788691.287037037,14.652777777777779,{'Idle': 14.652777777777779}
TelemetryTask,113267,113268,11792773.513888888,11792787.564814815,14.050925925925926,{'Idle': 14.050925925925926}
UartTxTask,113270,113272,11797935.310185185,11797957.796296297,22.48611111111111,{'TelemetryTask': 22.48611111111111}
UartTxTask,113276,113277,11798676.638888888,11798691.143518519,14.50462962962963,{'Idle': 14.50462962962963}
TelemetryTask,113281,113282,11802773.333333334,11802787.277777778,13.944444444444445,{'Idle': 13.944444444444445}
UartTxTask,113284,113286,11807936.597222222,11807958.893518519,22.296296296296298,{'TelemetryTask': 22.296296296296298}
UartTxTask,113290,113291,11808677.537037037,11808691.680555556,14.143518518518519,{'Idle': 14.143518518518519}
TelemetryTask,113295,113296,11812773.296296297,11812787.583333334,14.287037037037036,{'Idle': 14.287037037037036}
UartTxTask,113298,113300,11817936.208333334,11817958.824074075,22.61574074074074,{'TelemetryTask': 22.61574074074074}
UartTxTask,113304,113305,11818678.097222222,11818692.916666666,14.819444444444445,{'Idle': 14.819444444444445}
TelemetryTask,113309,113310,11822773.518518519,11822787.435185185,13.916666666666666,{'Idle': 13.916666666666666}
UartTxTask,113312,113314,11827935.5,11827957.833333334,22.333333333333332,{'TelemetryTask': 22.333333333333332}
UartTxTask,113318,113319,11828676.606481481,11828691.472222222,14.86574074074074,{'Idle': 14.86574074074074}
TelemetryTask,113323,113324,11832773.347222222,11832787.592592593,14.24537037037037,{'Idle': 14.24537037037037}
UartTxTask,113326,113328,11837935.171296297,11837957.092592593,21.921296296296298,{'TelemetryTask': 21.921296296296298}
UartTxTask,113332,113333,11838675.666666666,11838690.125,14.458333333333334,{'Idle': 14.458333333333334}
TelemetryTask,113337,113338,11842773.467592593,11842787.277777778,13.810185185185185,{'Idle': 13.810185185185185}
UartTxTask,113340,113342,11847935.50925926,11847957.486111112,21.97685185185185,{'TelemetryTask': 21.976851851851855}
UartTxTask,113346,113347,11848676.592592593,11848691.439814815,14.847222222222221,{'Idle': 14.847222222222221}
TelemetryTask,113351,113352,11852773.435185185,11852787.546296297,14.11111111111111,{'Idle': 14.11111111111111}
UartTxTask,113354,113356,11857934.810185185,11857956.916666666,22.10648148148148,{'TelemetryTask': 22.10648148148148}
UartTxTask,113360,113361,11858676.023148147,11858690.796296297,14.773148148148149,{'Idle': 14.773148148148149}
TelemetryTask,113365,113366,11862773.5,11862787.453703703,13.953703703703704,{'Idle': 13.953703703703704}
UartTxTask,113368,113370,11867936.25,11867958.199074075,21.949074074074073,{'TelemetryTask': 21.949074074074073}
UartTxTask,113374,113375,11868677.245370371,11868692.152777778,14.907407407407407,{'Idle': 14.907407407407407}
TelemetryTask,113379,113380,11872773.310185185,11872787.217592593,13.907407407407407,{'Idle': 13.907407407407407}
UartTxTask,113382,113384,11877935.212962963,11877957.597222222,22.38425925925926,{'TelemetryTask': 22.38425925925926}
UartTxTask,113388,113389,11878676.453703703,11878691.013888888,14.560185185185185,{'Idle': 14.560185185185185}
TelemetryTask,113393,113394,11882773.36574074,11882787.745370371,14.37962962962963,{'Idle': 14.37962962962963}
UartTxTask,113396,113398,11887936.814814815,11887959.291666666,22.47685185185185,{'TelemetryTask': 22.47685185185185}
UartTxTask,113402,113403,11888678.458333334,11888692.921296297,14.462962962962964,{'Idle': 14.462962962962964}
TelemetryTask,113407,113408,11892773.379629629,11892787.319444444,13.939814814814815,{'Idle': 13.939814814814815}
UartTxTask,113410,113412,11897935.476851853,11897957.541666666,22.064814814814813,{'TelemetryTask': 22.064814814814817}
UartTxTask,113416,113417,11898676.861111112,11898691.333333334,14.472222222222221,{'Idle': 14.472222222222221}
TelemetryTask,113421,113422,11902773.412037037,11902787.361111112,13.949074074074074,{'Idle': 13.949074074074074}
UartTxTask,113424,113426,11907936.828703703,11907959.310185185,22.48148148148148,{'TelemetryTask': 22.48148148148148}
UartTxTask,113430,113431,11908678.430555556,11908693.106481481,14.675925925925926,{'Idle': 14.675925925925926}
TelemetryTask,113435,113436,11912773.398148147,11912786.99074074,13.592592592592593,{'Idle': 13.592592592592593}
UartTxTask,113438,113440,11917934.555555556,11917956.981481481,22.425925925925927,{'TelemetryTask': 22.425925925925924}
UartTxTask,113444,113445,11918675.407407407,11918690.106481481,14.699074074074074,{'Idle': 14.699074074074074}
TelemetryTask,113449,113450,11922773.435185185,11922787.337962963,13.902777777777779,{'Idle': 13.902777777777779}
UartTxTask,113452,113454,11927935.699074075,11927958.208333334,22.50925925925926,{'TelemetryTask': 22.50925925925926}
UartTxTask,113458,113459,11928677.231481481,11928691.986111112,14.75462962962963,{'Idle': 14.75462962962963}
TelemetryTask,113463,113464,11932773.425925925,11932787.611111112,14.185185185185185,{'Idle': 14.185185185185185}
UartTxTask,113466,113468,11937935.800925925,11937957.967592593,22.166666666666668,{'TelemetryTask': 22.166666666666668}
UartTxTask,113472,113473,11938676.888888888,11938691.421296297,14.532407407407407,{'Idle': 14.532407407407407}
TelemetryTask,113477,113478,11942773.425925925,11942787.893518519,14.467592592592593,{'Idle': 14.467592592592593}
UartTxTask,113480,113482,11947935.912037037,11947957.587962963,21.675925925925927,{'TelemetryTask': 21.675925925925927}
UartTxTask,113486,113487,11948676.046296297,11948690.662037037,14.61574074074074,{'Idle': 14.61574074074074}
TelemetryTask,113491,113492,11952773.254629629,11952787.25,13.99537037037037,{'Idle': 13.99537037037037}
UartTxTask,113494,113496,11957934.620370371,11957956.731481481,22.11111111111111,{'TelemetryTask': 22.11111111111111}
UartTxTask,113500,113501,11958675.388888888,11958690.458333334,15.069444444444445,{'Idle': 15.069444444444445}
TelemetryTask,113505,113506,11962773.398148147,11962787.356481481,13.958333333333334,{'Idle': 13.958333333333334}
UartTxTask,113508,113510,11967935.726851853,11967957.842592593,22.11574074074074,{'TelemetryTask': 22.11574074074074}
UartTxTask,113514,113515,11968676.462962963,11968691.018518519,14.555555555555555,{'Idle': 14.555555555555555}
TelemetryTask,113519,113520,11972773.472222222,11972787.972222222,14.5,{'Idle': 14.5}
UartTxTask,113522,113524,11977937.379629629,11977959.291666666,21.912037037037038,{'TelemetryTask': 21.912037037037038}
UartTxTask,113528,113529,11978677.745370371,11978692.685185185,14.939814814814815,{'Idle': 14.939814814814815}
TelemetryTask,113533,113534,11982773.430555556,11982787.351851853,13.921296296296296,{'Idle': 13.921296296296296}
UartTxTask,113536,113538,11987936.064814815,11987958.24074074,22.175925925925927,{'TelemetryTask': 22.175925925925927}
UartTxTask,113542,113543,11988677.379629629,11988692.226851853,14.847222222222221,{'Idle': 14.847222222222221}
TelemetryTask,113547,113548,11992773.458333334,11992787.356481481,13.898148148148149,{'Idle': 13.898148148148149}
UartTxTask,113550,113552,11997935.870370371,11997958.069444444,22.199074074074073,{'TelemetryTask': 22.199074074074076}
UartTxTask,113556,113557,11998676.546296297,11998691.287037037,14.74074074074074,{'Idle': 14.74074074074074}
TelemetryTask,113561,113562,12002773.449074075,12002787.564814815,14.11574074074074,{'Idle': 14.11574074074074}
UartTxTask,113564,113566,12007936.578703703,12007958.583333334,22.00462962962963,{'TelemetryTask': 22.00462962962963}
UartTxTask,113570,113571,12008677.398148147,12008691.88425926,14.48611111111111,{'Idle': 14.48611111111111}
TelemetryTask,113575,113576,12012773.273148147,12012786.930555556,13.657407407407407,{'Idle': 13.657407407407407}
UartTxTask,113578,113580,12017935.722222222,12017958.138888888,22.416666666666668,{'TelemetryTask': 22.416666666666664}
UartTxTask,113584,113585,12018676.439814815,12018691.189814815,14.75,{'Idle': 14.75}
TelemetryTask,113589,113590,12022773.421296297,12022787.263888888,13.842592592592593,{'Idle': 13.842592592592593}
UartTxTask,113592,113594,12027934.805555556,12027956.643518519,21.837962962962962,{'TelemetryTask': 21.837962962962962}
UartTxTask,113598,113599,12028675.421296297,12028690.152777778,14.731481481481481,{'Idle': 14.731481481481481}
TelemetryTask,113603,113604,12032773.495370371,12032787.796296297,14.300925925925926,{'Idle': 14.300925925925926}
UartTxTask,113606,113608,12037936.046296297,12037958.449074075,22.40277777777778,{'TelemetryTask': 22.40277777777778}
UartTxTask,113612,113613,12038677.148148147,12038691.666666666,14.518518518518519,{'Idle': 14.518518518518519}
TelemetryTask,113617,113618,12042773.36574074,12042787.782407407,14.416666666666666,{'Idle': 14.416666666666666}
UartTxTask,113620,113622,12047935.981481481,12047958.032407407,22.050925925925927,{'TelemetryTask': 22.050925925925924}
UartTxTask,113626,113627,12048677.513888888,12048692.25925926,14.74537037037037,{'Idle': 14.74537037037037}
TelemetryTask,113631,113632,12052773.49074074,12052787.560185185,14.069444444444445,{'Idle': 14.069444444444445}
UartTxTask,113634,113636,12057935.523148147,12057957.620370371,22.09722222222222,{'TelemetryTask': 22.09722222222222}
UartTxTask,113640,113641,12058676.254629629,12058691.208333334,14.953703703703704,{'Idle': 14.953703703703704}
TelemetryTask,113645,113646,12062773.407407407,12062787.444444444,14.037037037037036,{'Idle': 14.037037037037036}
UartTxTask,113648,113650,12067935.425925925,12067957.791666666,22.36574074074074,{'TelemetryTask': 22.36574074074074}
UartTxTask,113654,113655,12068676.930555556,12068691.717592593,14.787037037037036,{'Idle': 14.787037037037036}
TelemetryTask,113659,113660,12072773.370370371,12072787.148148147,13.777777777777779,{'Idle': 13.777777777777779}
UartTxTask,113662,113664,12077934.796296297,12077957.055555556,22.25925925925926,{'TelemetryTask': 22.25925925925926}
UartTxTask,113668,113669,12078676.092592593,12078690.592592593,14.5,{'Idle': 14.5}
