event,time_us,id,queue,queue_id,context,args
158437,5731.231481481482,90,0x20003a48,14920,TelemetryTask,"[14920, 536908656, 200, 0]"
158441,5779.097222222223,92,0x20003a48,14920,UartTxTask,"[14920, 3758096384, 20, 1]"
158446,6515.856481481482,92,0x200080a0,32928,UartTxTask,"[32928, 3758096384, 0, 1]"
158451,15731.00925925926,90,0x20003a48,14920,TelemetryTask,"[14920, 536908656, 200, 0]"
158455,15778.796296296296,92,0x20003a48,14920,UartTxTask,"[14920, 3758096384, 20, 1]"
158460,16516.208333333332,92,0x200080a0,32928,UartTxTask,"[32928, 3758096384, 0, 1]"
158465,25730.875,90,0x20003a48,14920,TelemetryTask,"[14920, 536908656, 200, 0]"
158469,25778.412037037036,92,0x20003a48,14920,UartTxTask,"[14920, 3758096384, 20, 1]"
158474,26515.25925925926,92,0x200080a0,32928,UartTxTask,"[32928, 3758096384, 0, 1]"
158479,35731.194444444445,90,0x20003a48,14920,TelemetryTask,"[14920, 536908656, 200, 0]"
158483,35778.84259259259,92,0x20003a48,14920,UartTxTask,"[14920, 3758096384, 20, 1]"
158488,36516.083333333336,92,0x200080a0,32928,UartTxTask,"[32928, 3758096384, 0, 1]"
158493,45731.273148148146,90,0x20003a48,14920,TelemetryTask,"[14920, 536908656, 200, 0]"
158497,45779.48148148148,92,0x20003a48,14920,UartTxTask,"[14920, 3758096384, 20, 1]"
158502,46516.46296296296,92,0x200080a0,32928,UartTxTask,"[32928, 3758096384, 0, 1]"
158506,50032.819444444445,96,0x20003970,14704,ISR#56,"[14704, 537198440]"
158510,50067.28240740741,92,0x20003970,14704,ButtonTask,"[14704, 3758096384, 4294967295, 1]"
158511,50168.12037037037,90,0x20003a48,14920,ButtonTask,"[14920, 536906932, 200, 0]"
158515,50213.851851851854,92,0x20003a48,14920,UartTxTask,"[14920, 3758096384, 20, 1]"
158520,50948.523148148146,92,0x200080a0,32928,UartTxTask,"[32928, 3758096384, 0, 1]"
158525,55730.898148148146,90,0x20003a48,14920,TelemetryTask,"[14920, 536908656, 200, 0]"
158529,55778.91203703704,92,0x20003a48,14920,UartTxTask,"[14920, 3758096384, 20, 1]"
158534,56516.25925925926,92,0x200080a0,32928,UartTxTask,"[32928, 3758096384, 0, 1]"
158539,65731.31018518518,90,0x20003a48,14920,TelemetryTask,"[14920, 536908656, 200, 0]"
158543,65779.08333333333,92,0x20003a48,14920,UartTxTask,"[14920, 3758096384, 20, 1]"
158548,66516.4074074074,92,0x200080a0,32928,UartTxTask,"[32928, 3758096384, 0, 1]"
158553,75731.95833333333,90,0x20003a48,14920,TelemetryTask,"[14920, 536908656, 200, 0]"
158557,75780.375,92,0x20003a48,14920,UartTxTask,"[14920, 3758096384, 20, 1]"
158562,76517.17592592593,92,0x200080a0,32928,UartTxTask,"[32928, 3758096384, 0, 1]"
158567,85730.89814814815,90,0x20003a48,14920,TelemetryTask,"[14920, 536908656, 200, 0]"
158571,85779.14814814815,92,0x20003a48,14920,UartTxTask,"[14920, 3758096384, 20, 1]"
158576,86515.76388888889,92,0x200080a0,32928,UartTxTask,"[32928, 3758096384, 0, 1]"
158581,95731.24537037036,90,0x20003a48,14920,TelemetryTask,"[14920, 536908656, 200, 0]"
158585,95778.23611111111,92,0x20003a48,14920,UartTxTask,"[14920, 3758096384, 20, 1]"
158590,96515.32870370371,92,0x200080a0,32928,UartTxTask,"[32928, 3758096384, 0, 1]"
158595,105730.97222222222,90,0x20003a48,14920,TelemetryTask,"[14920, 536908656, 200, 0]"
158599,105778.76851851853,92,0x20003a48,14920,UartTxTask,"[14920, 3758096384, 20, 1]"
158604,106516.05555555556,92,0x200080a0,32928,UartTxTask,"[32928, 3758096384, 0, 1]"
158609,115731.64814814815,90,0x20003a48,14920,TelemetryTask,"[14920, 536908656, 200, 0]"
158613,115779.18981481482,92,0x20003a48,14920,UartTxTask,"[14920, 3758096384, 20, 1]"
158618,116516.25,92,0x200080a0,32928,UartTxTask,"[32928, 3758096384, 0, 1]"
158623,125731.34722222222,90,0x20003a48,14920,TelemetryTask,"[14920, 536908656, 200, 0]"
158627,125779.08796296296,92,0x20003a48,14920,UartTxTask,"[14920, 3758096384, 20, 1]"
158632,126516.20833333333,92,0x200080a0,32928,UartTxTask,"[32928, 3758096384, 0, 1]"
158637,135730.47685185185,90,0x20003a48,14920,TelemetryTask,"[14920, 536908656, 200, 0]"
158641,135778.49074074073,92,0x20003a48,14920,UartTxTask,"[14920, 3758096384, 20, 1]"
158646,136515.7314814815,92,0x200080a0,32928,UartTxTask,"[32928, 3758096384, 0, 1]"
158651,145730.25462962964,90,0x20003a48,14920,TelemetryTask,"[14920, 536908656, 200, 0]"
158655,145777.7314814815,92,0x20003a48,14920,UartTxTask,"[14920, 3758096384, 20, 1]"
158660,146514.9537037037,92,0x200080a0,32928,UartTxTask,"[32928, 3758096384, 0, 1]"
158665,155731.05092592593,90,0x20003a48,14920,TelemetryTask,"[14920, 536908656, 200, 0]"
158669,155778.4212962963,92,0x20003a48,14920,UartTxTask,"[14920, 3758096384, 20, 1]"
158674,156515.21759259258,92,0x200080a0,32928,UartTxTask,"[32928, 3758096384, 0, 1]"
158679,165731.125,90,0x20003a48,14920,TelemetryTask,"[14920, 536908656, 200, 0]"
158683,165779.03240740742,92,0x20003a48,14920,UartTxTask,"[14920, 3758096384, 20, 1]"
158688,166516.2685185185,92,0x200080a0,32928,UartTxTask,"[32928, 3758096384, 0, 1]"
158693,175730.35185185185,90,0x20003a48,14920,TelemetryTask,"[14920, 536908656, 200, 0]"
158697,175778.07407407407,92,0x20003a48,14920,UartTxTask,"[14920, 3758096384, 20, 1]"
158702,176515.07407407407,92,0x200080a0,32928,UartTxTask,"[32928, 3758096384, 0, 1]"
158707,185731.26388888888,90,0x20003a48,14920,TelemetryTask,"[14920, 536908656, 200, 0]"
158711,185778.63425925927,92,0x20003a48,14920,UartTxTask,"[14920, 3758096384, 20, 1]"
158716,186515.26388888888,92,0x200080a0,32928,UartTxTask,"[32928, 3758096384, 0, 1]"
158721,195730.86574074073,90,0x20003a48,14920,TelemetryTask,"[14920, 536908656, 200, 0]"
158725,195778.72685185185,92,0x20003a48,14920,UartTxTask,"[14920, 3758096384, 20, 1]"
158730,196515.75925925927,92,0x200080a0,32928,UartTxTask,"[32928, 3758096384, 0, 1]"
158735,205731.33333333334,90,0x20003a48,14920,TelemetryTask,"[14920, 536908656, 200, 0]"
158739,205778.71759259258,92,0x20003a48,14920,UartTxTask,"[14920, 3758096384, 20, 1]"
158744,206515.47222222222,92,0x200080a0,32928,UartTxTask,"[32928, 3758096384, 0, 1]"
158749,215730.6435185185,90,0x20003a48,14920,TelemetryTask,"[14920, 536908656, 200, 0]"
158753,215777.96296296295,92,0x20003a48,14920,UartTxTask,"[14920, 3758096384, 20, 1]"
158758,216515.80092592593,92,0x200080a0,32928,UartTxTask,"[32928, 3758096384, 0, 1]"
158763,225730.42592592593,90,0x20003a48,14920,TelemetryTask,"[14920, 536908656, 200, 0]"
158767,225778.32407407407,92,0x20003a48,14920,UartTxTask,"[14920, 3758096384, 20, 1]"
158772,226515.58333333334,92,0x200080a0,32928,UartTxTask,"[32928, 3758096384, 0, 1]"
158777,235730.5648148148,90,0x20003a48,14920,TelemetryTask,"[14920, 536908656, 200, 0]"
158781,235778.59722222222,92,0x20003a48,14920,UartTxTask,"[14920, 3758096384, 20, 1]"
158786,236515.80092592593,92,0x200080a0,32928,UartTxTask,"[32928, 3758096384, 0, 1]"
158791,245730.65740740742,90,0x20003a48,14920,TelemetryTask,"[14920, 536908656, 200, 0]"
158795,245778.14814814815,92,0x20003a48,14920,UartTxTask,"[14920, 3758096384, 20, 1]"
158800,246515.18055555556,92,0x200080a0,32928,UartTxTask,"[32928, 3758096384, 0, 1]"
158805,255731.20833333334,90,0x20003a48,14920,TelemetryTask,"[14920, 536908656, 200, 0]"
158809,255778.61574074073,92,0x20003a48,14920,UartTxTask,"[14920, 3758096384, 20, 1]"
158814,256515.66203703705,92,0x200080a0,32928,UartTxTask,"[32928, 3758096384, 0, 1]"
158819,265730.375,90,0x20003a48,14920,TelemetryTask,"[14920, 536908656, 200, 0]"
158823,265777.8425925926,92,0x20003a48,14920,UartTxTask,"[14920, 3758096384, 20, 1]"
158828,266514.7083333333,92,0x200080a0,32928,UartTxTask,"[32928, 3758096384, 0, 1]"
158833,275731.13425925927,90,0x20003a48,14920,TelemetryTask,"[14920, 536908656, 200, 0]"
158837,275778.23148148146,92,0x20003a48,14920,UartTxTask,"[14920, 3758096384, 20, 1]"
158842,276515.1203703704,92,0x200080a0,32928,UartTxTask,"[32928, 3758096384, 0, 1]"
158847,285731.48148148146,90,0x20003a48,14920,TelemetryTask,"[14920, 536908656, 200, 0]"
158851,285779.25925925927,92,0x20003a48,14920,UartTxTask,"[14920, 3758096384, 20, 1]"
158856,286516.412037037,92,0x200080a0,32928,UartTxTask,"[32928, 3758096384, 0, 1]"
158861,295731.84722222225,90,0x20003a48,14920,TelemetryTask,"[14920, 536908656, 200, 0]"
158865,295780.0740740741,92,0x20003a48,14920,UartTxTask,"[14920, 3758096384, 20, 1]"
158870,296517.5416666667,92,0x200080a0,32928,UartTxTask,"[32928, 3758096384, 0, 1]"
158875,305730.27314814815,90,0x20003a48,14920,TelemetryTask,"[14920, 536908656, 200, 0]"
158879,305777.3333333333,92,0x20003a48,14920,UartTxTask,"[14920, 3758096384, 20, 1]"
158884,306514.43518518517,92,0x200080a0,32928,UartTxTask,"[32928, 3758096384, 0, 1]"
158889,315731.3888888889,90,0x20003a48,14920,TelemetryTask,"[14920, 536908656, 200, 0]"
158893,315778.9861111111,92,0x20003a48,14920,UartTxTask,"[14920, 3758096384, 20, 1]"
158898,316515.8611111111,92,0x200080a0,32928,UartTxTask,"[32928, 3758096384, 0, 1]"
158903,325730.97685185185,90,0x20003a48,14920,TelemetryTask,"[14920, 536908656, 200, 0]"
158907,325778.39351851854,92,0x20003a48,14920,UartTxTask,"[14920, 3758096384, 20, 1]"
158912,326515.06018518517,92,0x200080a0,32928,UartTxTask,"[32928, 3758096384, 0, 1]"
158917,335730.74074074073,90,0x20003a48,14920,TelemetryTask,"[14920, 536908656, 200, 0]"
158921,335778.5,92,0x20003a48,14920,UartTxTask,"[14920, 3758096384, 20, 1]"
158926,336515.8240740741,92,0x200080a0,32928,UartTxTask,"[32928, 3758096384, 0, 1]"
158931,345732.00925925927,90,0x20003a48,14920,TelemetryTask,"[14920, 536908656, 200, 0]"
158935,345779.587962963,92,0x20003a48,14920,UartTxTask,"[14920, 3758096384, 20, 1]"
158940,346516.00925925927,92,0x200080a0,32928,UartTxTask,"[32928, 3758096384, 0, 1]"
158945,355731.2361111111,90,0x20003a48,14920,TelemetryTask,"[14920, 536908656, 200, 0]"
158949,355778.73148148146,92,0x20003a48,14920,UartTxTask,"[14920, 3758096384, 20, 1]"
158954,356516.06018518517,92,0x200080a0,32928,UartTxTask,"[32928, 3758096384, 0, 1]"
158959,365731.39814814815,90,0x20003a48,14920,TelemetryTask,"[14920, 536908656, 200, 0]"
158963,365779.4166666667,92,0x20003a48,14920,UartTxTask,"[14920, 3758096384, 20, 1]"
158968,366516.55555555556,92,0x200080a0,32928,UartTxTask,"[32928, 3758096384, 0, 1]"
158973,375730.35648148146,90,0x20003a48,14920,TelemetryTask,"[14920, 536908656, 200, 0]"
158977,375777.77777777775,92,0x20003a48,14920,UartTxTask,"[14920, 3758096384, 20, 1]"
158982,376514.44444444444,92,0x200080a0,32928,UartTxTask,"[32928, 3758096384, 0, 1]"
158987,385731.2453703704,90,0x20003a48,14920,TelemetryTask,"[14920, 536908656, 200, 0]"
158991,385779.2453703704,92,0x20003a48,14920,UartTxTask,"[14920, 3758096384, 20, 1]"
158996,386516.2824074074,92,0x200080a0,32928,UartTxTask,"[32928, 3758096384, 0, 1]"
159001,395731.5740740741,90,0x20003a48,14920,TelemetryTask,"[14920, 536908656, 200, 0]"
159005,395779.02777777775,92,0x20003a48,14920,UartTxTask,"[14920, 3758096384, 20, 1]"
159010,396516.0138888889,92,0x200080a0,32928,UartTxTask,"[32928, 3758096384, 0, 1]"
159015,405731.22685185185,90,0x20003a48,14920,TelemetryTask,"[14920, 536908656, 200, 0]"
159019,405778.787037037,92,0x20003a48,14920,UartTxTask,"[14920, 3758096384, 20, 1]"
159024,406516.26851851854,92,0x200080a0,32928,UartTxTask,"[32928, 3758096384, 0, 1]"
159029,415731.31018518517,90,0x20003a48,14920,TelemetryTask,"[14920, 536908656, 200, 0]"
159033,415778.89814814815,92,0x20003a48,14920,UartTxTask,"[14920, 3758096384, 20, 1]"
159038,416515.9583333333,92,0x200080a0,32928,UartTxTask,"[32928, 3758096384, 0, 1]"
159043,425732.26851851854,90,0x20003a48,14920,TelemetryTask,"[14920, 536908656, 200, 0]"
159047,425779.1111111111,92,0x20003a48,14920,UartTxTask,"[14920, 3758096384, 20, 1]"
159052,426516.47685185185,92,0x200080a0,32928,UartTxTask,"[32928, 3758096384, 0, 1]"
159057,435729.9490740741,90,0x20003a48,14920,TelemetryTask,"[14920, 536908656, 200, 0]"
159061,435777.74074074073,92,0x20003a48,14920,UartTxTask,"[14920, 3758096384, 20, 1]"
159066,436515.72685185185,92,0x200080a0,32928,UartTxTask,"[32928, 3758096384, 0, 1]"
159071,445731.13425925927,90,0x20003a48,14920,TelemetryTask,"[14920, 536908656, 200, 0]"
159075,445778.35648148146,92,0x20003a48,14920,UartTxTask,"[14920, 3758096384, 20, 1]"
159080,446515.51851851854,92,0x200080a0,32928,UartTxTask,"[32928, 3758096384, 0, 1]"
159085,455730.5787037037,90,0x20003a48,14920,TelemetryTask,"[14920, 536908656, 200, 0]"
159089,455778.26851851854,92,0x20003a48,14920,UartTxTask,"[14920, 3758096384, 20, 1]"
159094,456515.64814814815,92,0x200080a0,32928,UartTxTask,"[32928, 3758096384, 0, 1]"
159099,465730.787037037,90,0x20003a48,14920,TelemetryTask,"[14920, 536908656, 200, 0]"
159103,465778.662037037,92,0x20003a48,14920,UartTxTask,"[14920, 3758096384, 20, 1]"
159108,466515.712962963,92,0x200080a0,32928,UartTxTask,"[32928, 3758096384, 0, 1]"
159113,475730.912037037,90,0x20003a48,14920,TelemetryTask,"[14920, 536908656, 200, 0]"
159117,475778.52777777775,92,0x20003a48,14920,UartTxTask,"[14920, 3758096384, 20, 1]"
159122,476515.39351851854,92,0x200080a0,32928,UartTxTask,"[32928, 3758096384, 0, 1]"
159127,485731.02314814815,90,0x20003a48,14920,TelemetryTask,"[14920, 536908656, 200, 0]"
159131,485778.2916666667,92,0x20003a48,14920,UartTxTask,"[14920, 3758096384, 20, 1]"
159136,486514.875,92,0x200080a0,32928,UartTxTask,"[32928, 3758096384, 0, 1]"
159141,495731.212962963,90,0x20003a48,14920,TelemetryTask,"[14920, 536908656, 200, 0]"
159145,495778.49074074073,92,0x20003a48,14920,UartTxTask,"[14920, 3758096384, 20, 1]"
159150,496515.38425925927,92,0x200080a0,32928,UartTxTask,"[32928, 3758096384, 0, 1]"
159155,505730.50925925927,90,0x20003a48,14920,TelemetryTask,"[14920, 536908656, 200, 0]"
159159,505778.40277777775,92,0x20003a48,14920,UartTxTask,"[14920, 3758096384, 20, 1]"
159164,506515.68981481483,92,0x200080a0,32928,UartTxTask,"[32928, 3758096384, 0, 1]"
159169,515731.0509259259,90,0x20003a48,14920,TelemetryTask,"[14920, 536908656, 200, 0]"
159173,515778.8888888889,92,0x20003a48,14920,UartTxTask,"[14920, 3758096384, 20, 1]"
159178,516516.162037037,92,0x200080a0,32928,UartTxTask,"[32928, 3758096384, 0, 1]"
159183,525731.550925926,90,0x20003a48,14920,TelemetryTask,"[14920, 536908656, 200, 0]"
159187,525779.875,92,0x20003a48,14920,UartTxTask,"[14920, 3758096384, 20, 1]"
159192,526516.9305555555,92,0x200080a0,32928,UartTxTask,"[32928, 3758096384, 0, 1]"
159197,535730.7870370371,90,0x20003a48,14920,TelemetryTask,"[14920, 536908656, 200, 0]"
159201,535778.2222222222,92,0x20003a48,14920,UartTxTask,"[14920, 3758096384, 20, 1]"
159206,536515.0601851852,92,0x200080a0,32928,UartTxTask,"[32928, 3758096384, 0, 1]"
159211,545730.8333333334,90,0x20003a48,14920,TelemetryTask,"[14920, 536908656, 200, 0]"
159215,545778.7314814815,92,0x20003a48,14920,UartTxTask,"[14920, 3758096384, 20, 1]"
159220,546516.1712962963,92,0x200080a0,32928,UartTxTask,"[32928, 3758096384, 0, 1]"
159225,555731.2824074074,90,0x20003a48,14920,TelemetryTask,"[14920, 536908656, 200, 0]"
159229,555778.9166666666,92,0x20003a48,14920,UartTxTask,"[14920, 3758096384, 20, 1]"
159234,556516.175925926,92,0x200080a0,32928,UartTxTask,"[32928, 3758096384, 0, 1]"
159239,565730.8148148148,90,0x20003a48,14920,TelemetryTask,"[14920, 536908656, 200, 0]"
159243,565778.5555555555,92,0x20003a48,14920,UartTxTask,"[14920, 3758096384, 20, 1]"
159248,566515.875,92,0x200080a0,32928,UartTxTask,"[32928, 3758096384, 0, 1]"
159253,575730.2638888889,90,0x20003a48,14920,TelemetryTask,"[14920, 536908656, 200, 0]"
159257,575778.0694444445,92,0x20003a48,14920,UartTxTask,"[14920, 3758096384, 20, 1]"
159262,576515.5370370371,92,0x200080a0,32928,UartTxTask,"[32928, 3758096384, 0, 1]"
159267,585730.7314814815,90,0x20003a48,14920,TelemetryTask,"[14920, 536908656, 200, 0]"
159271,585778.675925926,92,0x20003a48,14920,UartTxTask,"[14920, 3758096384, 20, 1]"
159276,586515.5092592592,92,0x200080a0,32928,UartTxTask,"[32928, 3758096384, 0, 1]"
159281,595730.3055555555,90,0x20003a48,14920,TelemetryTask,"[14920, 536908656, 200, 0]"
159285,595778.2129629629,92,0x20003a48,14920,UartTxTask,"[14920, 3758096384, 20, 1]"
159290,596515.2638888889,92,0x200080a0,32928,UartTxTask,"[32928, 3758096384, 0, 1]"
159295,605730.4814814815,90,0x20003a48,14920,TelemetryTask,"[14920, 536908656, 200, 0]"
159299,605778.5462962963,92,0x20003a48,14920,UartTxTask,"[14920, 3758096384, 20, 1]"
159304,606515.2685185185,92,0x200080a0,32928,UartTxTask,"[32928, 3758096384, 0, 1]"
159309,615730.5092592592,90,0x20003a48,14920,TelemetryTask,"[14920, 536908656, 200, 0]"
159313,615778.5601851852,92,0x20003a48,14920,UartTxTask,"[14920, 3758096384, 20, 1]"
159318,616515.6574074074,92,0x200080a0,32928,UartTxTask,"[32928, 3758096384, 0, 1]"
159323,625730.824074074,90,0x20003a48,14920,TelemetryTask,"[14920, 536908656, 200, 0]"
159327,625778.5648148148,92,0x20003a48,14920,UartTxTask,"[14920, 3758096384, 20, 1]"
159332,626515.4953703703,92,0x200080a0,32928,UartTxTask,"[32928, 3758096384, 0, 1]"
159337,635731.0231481482,90,0x20003a48,14920,TelemetryTask,"[14920, 536908656, 200, 0]"
159341,635778.9398148148,92,0x20003a48,14920,UartTxTask,"[14920, 3758096384, 20, 1]"
159346,636516.0694444445,92,0x200080a0,32928,UartTxTask,"[32928, 3758096384, 0, 1]"
159351,645731.7222222222,90,0x20003a48,14920,TelemetryTask,"[14920, 536908656, 200, 0]"
159355,645779.699074074,92,0x20003a48,14920,UartTxTask,"[14920, 3758096384, 20, 1]"
159360,646516.4629629629,92,0x200080a0,32928,UartTxTask,"[32928, 3758096384, 0, 1]"
159365,655731.5555555555,90,0x20003a48,14920,TelemetryTask,"[14920, 536908656, 200, 0]"
159369,655779.1388888889,92,0x20003a48,14920,UartTxTask,"[14920, 3758096384, 20, 1]"
159374,656515.7824074074,92,0x200080a0,32928,UartTxTask,"[32928, 3758096384, 0, 1]"
159379,665730.8055555555,90,0x20003a48,14920,TelemetryTask,"[14920, 536908656, 200, 0]"
159383,665778.824074074,92,0x20003a48,14920,UartTxTask,"[14920, 3758096384, 20, 1]"
159388,666515.2962962963,92,0x200080a0,32928,UartTxTask,"[32928, 3758096384, 0, 1]"
159393,675730.4768518518,90,0x20003a48,14920,TelemetryTask,"[14920, 536908656, 200, 0]"
159397,675778.4953703703,92,0x20003a48,14920,UartTxTask,"[14920, 3758096384, 20, 1]"
159402,676515.3657407408,92,0x200080a0,32928,UartTxTask,"[32928, 3758096384, 0, 1]"
159407,685731.1203703703,90,0x20003a48,14920,TelemetryTask,"[14920, 536908656, 200, 0]"
159411,685779.6388888889,92,0x20003a48,14920,UartTxTask,"[14920, 3758096384, 20, 1]"
159416,686516.6620370371,92,0x200080a0,32928,UartTxTask,"[32928, 3758096384, 0, 1]"
159421,695731.2222222222,90,0x20003a48,14920,TelemetryTask,"[14920, 536908656, 200, 0]"
159425,695779.2129629629,92,0x20003a48,14920,UartTxTask,"[14920, 3758096384, 20, 1]"
159430,696515.7731481482,92,0x200080a0,32928,UartTxTask,"[32928, 3758096384, 0, 1]"
159435,705730.6805555555,90,0x20003a48,14920,TelemetryTask,"[14920, 536908656, 200, 0]"
159439,705777.8564814815,92,0x20003a48,14920,UartTxTask,"[14920, 3758096384, 20, 1]"
159444,706515.2453703703,92,0x200080a0,32928,UartTxTask,"[32928, 3758096384, 0, 1]"
159449,715731.8935185185,90,0x20003a48,14920,TelemetryTask,"[14920, 536908656, 200, 0]"
159453,715780.1157407408,92,0x20003a48,14920,UartTxTask,"[14920, 3758096384, 20, 1]"
159458,716516.9722222222,92,0x200080a0,32928,UartTxTask,"[32928, 3758096384, 0, 1]"
159463,725731.6388888889,90,0x20003a48,14920,TelemetryTask,"[14920, 536908656, 200, 0]"
159467,725779.6388888889,92,0x20003a48,14920,UartTxTask,"[14920, 3758096384, 20, 1]"
159472,726517.2361111111,92,0x200080a0,32928,UartTxTask,"[32928, 3758096384, 0, 1]"
159477,735730.5092592592,90,0x20003a48,14920,TelemetryTask,"[14920, 536908656, 200, 0]"
159481,735778.4074074074,92,0x20003a48,14920,UartTxTask,"[14920, 3758096384, 20, 1]"
159486,736515.5416666666,92,0x200080a0,32928,UartTxTask,"[32928, 3758096384, 0, 1]"
159491,745730.8888888889,90,0x20003a48,14920,TelemetryTask,"[14920, 536908656, 200, 0]"
159495,745777.5092592592,92,0x20003a48,14920,UartTxTask,"[14920, 3758096384, 20, 1]"
159500,746514.6481481482,92,0x200080a0,32928,UartTxTask,"[32928, 3758096384, 0, 1]"
159505,755731.3148148148,90,0x20003a48,14920,TelemetryTask,"[14920, 536908656, 200, 0]"
159509,755778.6574074074,92,0x20003a48,14920,UartTxTask,"[14920, 3758096384, 20, 1]"
159514,756515.4444444445,92,0x200080a0,32928,UartTxTask,"[32928, 3758096384, 0, 1]"
159519,765730.875,90,0x20003a48,14920,TelemetryTask,"[14920, 536908656, 200, 0]"
159523,765779.1435185185,92,0x20003a48,14920,UartTxTask,"[14920, 3758096384, 20, 1]"
159528,766515.925925926,92,0x200080a0,32928,UartTxTask,"[32928, 3758096384, 0, 1]"
159533,775730.824074074,90,0x20003a48,14920,TelemetryTask,"[14920, 536908656, 200, 0]"
159537,775778.3981481482,92,0x20003a48,14920,UartTxTask,"[14920, 3758096384, 20, 1]"
159542,776515.050925926,92,0x200080a0,32928,UartTxTask,"[32928, 3758096384, 0, 1]"
159547,785731.4861111111,90,0x20003a48,14920,TelemetryTask,"[14920, 536908656, 200, 0]"
159551,785779.2268518518,92,0x20003a48,14920,UartTxTask,"[14920, 3758096384, 20, 1]"
159556,786516.0370370371,92,0x200080a0,32928,UartTxTask,"[32928, 3758096384, 0, 1]"
159561,795732.375,90,0x20003a48,14920,TelemetryTask,"[14920, 536908656, 200, 0]"
159565,795779.8564814815,92,0x20003a48,14920,UartTxTask,"[14920, 3758096384, 20, 1]"
159570,796517.2824074074,92,0x200080a0,32928,UartTxTask,"[32928, 3758096384, 0, 1]"
159575,805730.7314814815,90,0x20003a48,14920,TelemetryTask,"[14920, 536908656, 200, 0]"
159579,805778.7592592592,92,0x20003a48,14920,UartTxTask,"[14920, 3758096384, 20, 1]"
159584,806515.9814814815,92,0x200080a0,32928,UartTxTask,"[32928, 3758096384, 0, 1]"
159589,815730.3101851852,90,0x20003a48,14920,TelemetryTask,"[14920, 536908656, 200, 0]"
159593,815777.9351851852,92,0x20003a48,14920,UartTxTask,"[14920, 3758096384, 20, 1]"
159598,816514.9768518518,92,0x200080a0,32928,UartTxTask,"[32928, 3758096384, 0, 1]"
159603,825730.4166666666,90,0x20003a48,14920,TelemetryTask,"[14920, 536908656, 200, 0]"
159607,825777.6898148148,92,0x20003a48,14920,UartTxTask,"[14920, 3758096384, 20, 1]"
159612,826514.4953703703,92,0x200080a0,32928,UartTxTask,"[32928, 3758096384, 0, 1]"
159617,835730.7546296297,90,0x20003a48,14920,TelemetryTask,"[14920, 536908656, 200, 0]"
159621,835779.1018518518,92,0x20003a48,14920,UartTxTask,"[14920, 3758096384, 20, 1]"
159626,836516.7361111111,92,0x200080a0,32928,UartTxTask,"[32928, 3758096384, 0, 1]"
159631,845730.7314814815,90,0x20003a48,14920,TelemetryTask,"[14920, 536908656, 200, 0]"
159635,845779.0694444445,92,0x20003a48,14920,UartTxTask,"[14920, 3758096384, 20, 1]"
159640,846516.4537037037,92,0x200080a0,32928,UartTxTask,"[32928, 3758096384, 0, 1]"
159645,855730.4305555555,90,0x20003a48,14920,TelemetryTask,"[14920, 536908656, 200, 0]"
159649,855778.3611111111,92,0x20003a48,14920,UartTxTask,"[14920, 3758096384, 20, 1]"
159654,856515.2546296297,92,0x200080a0,32928,UartTxTask,"[32928, 3758096384, 0, 1]"
159659,865730.9722222222,90,0x20003a48,14920,TelemetryTask,"[14920, 536908656, 200, 0]"
159663,865778.6064814815,92,0x20003a48,14920,UartTxTask,"[14920, 3758096384, 20, 1]"
159668,866515.4166666666,92,0x200080a0,32928,UartTxTask,"[32928, 3758096384, 0, 1]"
159673,875730.6018518518,90,0x20003a48,14920,TelemetryTask,"[14920, 536908656, 200, 0]"
159677,875778.6342592592,92,0x20003a48,14920,UartTxTask,"[14920, 3758096384, 20, 1]"
159682,876515.4722222222,92,0x200080a0,32928,UartTxTask,"[32928, 3758096384, 0, 1]"
159687,885730.8935185185,90,0x20003a48,14920,TelemetryTask,"[14920, 536908656, 200, 0]"
159691,885779.2685185185,92,0x20003a48,14920,UartTxTask,"[14920, 3758096384, 20, 1]"
159696,886516.4675925926,92,0x200080a0,32928,UartTxTask,"[32928, 3758096384, 0, 1]"
159701,895730.6064814815,90,0x20003a48,14920,TelemetryTask,"[14920, 536908656, 200, 0]"
159705,895779.3055555555,92,0x20003a48,14920,UartTxTask,"[14920, 3758096384, 20, 1]"
159710,896516.1481481482,92,0x200080a0,32928,UartTxTask,"[32928, 3758096384, 0, 1]"
159715,905731.800925926,90,0x20003a48,14920,TelemetryTask,"[14920, 536908656, 200, 0]"
159719,905779.4814814815,92,0x20003a48,14920,UartTxTask,"[14920, 3758096384, 20, 1]"
159724,906516.4537037037,92,0x200080a0,32928,UartTxTask,"[32928, 3758096384, 0, 1]"
159729,915731.4675925926,90,0x20003a48,14920,TelemetryTask,"[14920, 536908656, 200, 0]"
159733,915778.8981481482,92,0x20003a48,14920,UartTxTask,"[14920, 3758096384, 20, 1]"
159738,916516.2037037037,92,0x200080a0,32928,UartTxTask,"[32928, 3758096384, 0, 1]"
159743,925731.3379629629,90,0x20003a48,14920,TelemetryTask,"[14920, 536908656, 200, 0]"
159747,925778.9074074074,92,0x20003a48,14920,UartTxTask,"[14920, 3758096384, 20, 1]"
159752,926515.3333333334,92,0x200080a0,32928,UartTxTask,"[32928, 3758096384, 0, 1]"
159757,935730.8379629629,90,0x20003a48,14920,TelemetryTask,"[14920, 536908656, 200, 0]"
159761,935778.5694444445,92,0x20003a48,14920,UartTxTask,"[14920, 3758096384, 20, 1]"
159766,936515.2870370371,92,0x200080a0,32928,UartTxTask,"[32928, 3758096384, 0, 1]"
159771,945732.1111111111,90,0x20003a48,14920,TelemetryTask,"[14920, 536908656, 200, 0]"
159775,945779.7916666666,92,0x20003a48,14920,UartTxTask,"[14920, 3758096384, 20, 1]"
159780,946516.6388888889,92,0x200080a0,32928,UartTxTask,"[32928, 3758096384, 0, 1]"
159785,955729.9953703703,90,0x20003a48,14920,TelemetryTask,"[14920, 536908656, 200, 0]"
159789,955777.2083333334,92,0x20003a48,14920,UartTxTask,"[14920, 3758096384, 20, 1]"
159794,956513.8796296297,92,0x200080a0,32928,UartTxTask,"[32928, 3758096384, 0, 1]"
159799,965731.3611111111,90,0x20003a48,14920,TelemetryTask,"[14920, 536908656, 200, 0]"
159803,965779.5833333334,92,0x20003a48,14920,UartTxTask,"[14920, 3758096384, 20, 1]"
159808,966516.8796296297,92,0x200080a0,32928,UartTxTask,"[32928, 3758096384, 0, 1]"
159813,975731.4166666666,90,0x20003a48,14920,TelemetryTask,"[14920, 536908656, 200, 0]"
159817,975779.5,92,0x20003a48,14920,UartTxTask,"[14920, 3758096384, 20, 1]"
159822,976516.2314814815,92,0x200080a0,32928,UartTxTask,"[32928, 3758096384, 0, 1]"
159827,985730.6898148148,90,0x20003a48,14920,TelemetryTask,"[14920, 536908656, 200, 0]"
159831,985778.0231481482,92,0x20003a48,14920,UartTxTask,"[14920, 3758096384, 20, 1]"
159836,986515.3425925926,92,0x200080a0,32928,UartTxTask,"[32928, 3758096384, 0, 1]"
159841,995730.8842592592,90,0x20003a48,14920,TelemetryTask,"[14920, 536908656, 200, 0]"
159845,995779.3564814815,92,0x20003a48,14920,UartTxTask,"[14920, 3758096384, 20, 1]"
159850,996516.324074074,92,0x200080a0,32928,UartTxTask,"[32928, 3758096384, 0, 1]"
159855,1005731.4212962963,90,0x20003a48,14920,TelemetryTask,"[14920, 536908656, 200, 0]"
159859,1005779.2268518518,92,0x20003a48,14920,UartTxTask,"[14920, 3758096384, 20, 1]"
159864,1006516.199074074,92,0x200080a0,32928,UartTxTask,"[32928, 3758096384, 0, 1]"
159869,1015730.5694444445,90,0x20003a48,14920,TelemetryTask,"[14920, 536908656, 200, 0]"
159873,1015778.2222222222,92,0x20003a48,14920,UartTxTask,"[14920, 3758096384, 20, 1]"
159878,1016515.0787037037,92,0x200080a0,32928,UartTxTask,"[32928, 3758096384, 0, 1]"
159883,1025731.0185185185,90,0x20003a48,14920,TelemetryTask,"[14920, 536908656, 200, 0]"
159887,1025778.5231481482,92,0x20003a48,14920,UartTxTask,"[14920, 3758096384, 20, 1]"
159892,1026515.25,92,0x200080a0,32928,UartTxTask,"[32928, 3758096384, 0, 1]"
159897,1035731.1574074074,90,0x20003a48,14920,TelemetryTask,"[14920, 536908656, 200, 0]"
159901,1035778.8333333334,92,0x20003a48,14920,UartTxTask,"[14920, 3758096384, 20, 1]"
159906,1036516.4814814815,92,0x200080a0,32928,UartTxTask,"[32928, 3758096384, 0, 1]"
159911,1045731.2083333334,90,0x20003a48,14920,TelemetryTask,"[14920, 536908656, 200, 0]"
159915,1045778.8564814815,92,0x20003a48,14920,UartTxTask,"[14920, 3758096384, 20, 1]"
159920,1046516.0787037037,92,0x200080a0,32928,UartTxTask,"[32928, 3758096384, 0, 1]"
159925,1055731.2546296297,90,0x20003a48,14920,TelemetryTask,"[14920, 536908656, 200, 0]"
159929,1055778.662037037,92,0x20003a48,14920,UartTxTask,"[14920, 3758096384, 20, 1]"
159934,1056515.5925925926,92,0x200080a0,32928,UartTxTask,"[32928, 3758096384, 0, 1]"
159939,1065731.226851852,90,0x20003a48,14920,TelemetryTask,"[14920, 536908656, 200, 0]"
159943,1065778.9675925926,92,0x20003a48,14920,UartTxTask,"[14920, 3758096384, 20, 1]"
159948,1066515.861111111,92,0x200080a0,32928,UartTxTask,"[32928, 3758096384, 0, 1]"
159953,1075730.263888889,90,0x20003a48,14920,TelemetryTask,"[14920, 536908656, 200, 0]"
159957,1075777.8935185184,92,0x20003a48,14920,UartTxTask,"[14920, 3758096384, 20, 1]"
159962,1076514.5092592593,92,0x200080a0,32928,UartTxTask,"[32928, 3758096384, 0, 1]"
159967,1085730.25,90,0x20003a48,14920,TelemetryTask,"[14920, 536908656, 200, 0]"
159971,1085777.9444444445,92,0x20003a48,14920,UartTxTask,"[14920, 3758096384, 20, 1]"
159976,1086514.787037037,92,0x200080a0,32928,UartTxTask,"[32928, 3758096384, 0, 1]"
159981,1095730.476851852,90,0x20003a48,14920,TelemetryTask,"[14920, 536908656, 200, 0]"
159985,1095778.4953703703,92,0x20003a48,14920,UartTxTask,"[14920, 3758096384, 20, 1]"
159990,1096515.0648148148,92,0x200080a0,32928,UartTxTask,"[32928, 3758096384, 0, 1]"
159995,1105731.8796296297,90,0x20003a48,14920,TelemetryTask,"[14920, 536908656, 200, 0]"
159999,1105779.4259259258,92,0x20003a48,14920,UartTxTask,"[14920, 3758096384, 20, 1]"
160004,1106516.6342592593,92,0x200080a0,32928,UartTxTask,"[32928, 3758096384, 0, 1]"
160009,1115731.0092592593,90,0x20003a48,14920,TelemetryTask,"[14920, 536908656, 200, 0]"
160013,1115778.8055555555,92,0x20003a48,14920,UartTxTask,"[14920, 3758096384, 20, 1]"
160018,1116515.9074074074,92,0x200080a0,32928,UartTxTask,"[32928, 3758096384, 0, 1]"
160023,1125731.3287037036,90,0x20003a48,14920,TelemetryTask,"[14920, 536908656, 200, 0]"
160027,1125779.263888889,92,0x20003a48,14920,UartTxTask,"[14920, 3758096384, 20, 1]"
160032,1126516.4675925926,92,0x200080a0,32928,UartTxTask,"[32928, 3758096384, 0, 1]"
160036,1132044.773148148,96,0x20003970,14704,ISR#56,"[14704, 537198440]"
160040,1132079.3194444445,92,0x20003970,14704,ButtonTask,"[14704, 3758096384, 4294967295, 1]"
160041,1132180.6342592593,90,0x20003a48,14920,ButtonTask,"[14920, 536906932, 200, 0]"
160045,1132226.9537037036,92,0x20003a48,14920,UartTxTask,"[14920, 3758096384, 20, 1]"
160050,1132961.8009259258,92,0x200080a0,32928,UartTxTask,"[32928, 3758096384, 0, 1]"
160055,1135730.523148148,90,0x20003a48,14920,TelemetryTask,"[14920, 536908656, 200, 0]"
160059,1135778.5648148148,92,0x20003a48,14920,UartTxTask,"[14920, 3758096384, 20, 1]"
160064,1136516.1759259258,92,0x200080a0,32928,UartTxTask,"[32928, 3758096384, 0, 1]"
160069,1145729.5277777778,90,0x20003a48,14920,TelemetryTask,"[14920, 536908656, 200, 0]"
160073,1145777.4583333333,92,0x20003a48,14920,UartTxTask,"[14920, 3758096384, 20, 1]"
160078,1146514.3194444445,92,0x200080a0,32928,UartTxTask,"[32928, 3758096384, 0, 1]"
160083,1155731.1527777778,90,0x20003a48,14920,TelemetryTask,"[14920, 536908656, 200, 0]"
160087,1155778.763888889,92,0x20003a48,14920,UartTxTask,"[14920, 3758096384, 20, 1]"
160092,1156516.0972222222,92,0x200080a0,32928,UartTxTask,"[32928, 3758096384, 0, 1]"
160097,1165729.851851852,90,0x20003a48,14920,TelemetryTask,"[14920, 536908656, 200, 0]"
160101,1165777.5787037036,92,0x20003a48,14920,UartTxTask,"[14920, 3758096384, 20, 1]"
160106,1166515.111111111,92,0x200080a0,32928,UartTxTask,"[32928, 3758096384, 0, 1]"
160111,1175731.0925925926,90,0x20003a48,14920,TelemetryTask,"[14920, 536908656, 200, 0]"
160115,1175778.625,92,0x20003a48,14920,UartTxTask,"[14920, 3758096384, 20, 1]"
160120,1176516.013888889,92,0x200080a0,32928,UartTxTask,"[32928, 3758096384, 0, 1]"
160125,1185730.9444444445,90,0x20003a48,14920,TelemetryTask,"[14920, 536908656, 200, 0]"
160129,1185778.486111111,92,0x20003a48,14920,UartTxTask,"[14920, 3758096384, 20, 1]"
160134,1186515.3703703703,92,0x200080a0,32928,UartTxTask,"[32928, 3758096384, 0, 1]"
160139,1195731.4074074074,90,0x20003a48,14920,TelemetryTask,"[14920, 536908656, 200, 0]"
160143,1195780.1851851852,92,0x20003a48,14920,UartTxTask,"[14920, 3758096384, 20, 1]"
160148,1196517.4722222222,92,0x200080a0,32928,UartTxTask,"[32928, 3758096384, 0, 1]"
160153,1205730.861111111,90,0x20003a48,14920,TelemetryTask,"[14920, 536908656, 200, 0]"
160157,1205778.6342592593,92,0x20003a48,14920,UartTxTask,"[14920, 3758096384, 20, 1]"
160162,1206515.6666666667,92,0x200080a0,32928,UartTxTask,"[32928, 3758096384, 0, 1]"
160167,1215731.7962962964,90,0x20003a48,14920,TelemetryTask,"[14920, 536908656, 200, 0]"
160171,1215780.3148148148,92,0x20003a48,14920,UartTxTask,"[14920, 3758096384, 20, 1]"
160176,1216517.9583333333,92,0x200080a0,32928,UartTxTask,"[32928, 3758096384, 0, 1]"
160181,1225729.9722222222,90,0x20003a48,14920,TelemetryTask,"[14920, 536908656, 200, 0]"
160185,1225778.3148148148,92,0x20003a48,14920,UartTxTask,"[14920, 3758096384, 20, 1]"
160190,1226515.6157407407,92,0x200080a0,32928,UartTxTask,"[32928, 3758096384, 0, 1]"
160195,1235731.1203703703,90,0x20003a48,14920,TelemetryTask,"[14920, 536908656, 200, 0]"
160199,1235779.375,92,0x20003a48,14920,UartTxTask,"[14920, 3758096384, 20, 1]"
160204,1236516.4305555555,92,0x200080a0,32928,UartTxTask,"[32928, 3758096384, 0, 1]"
160209,1245731.1898148148,90,0x20003a48,14920,TelemetryTask,"[14920, 536908656, 200, 0]"
160213,1245778.6064814816,92,0x20003a48,14920,UartTxTask,"[14920, 3758096384, 20, 1]"
160218,1246515.3564814816,92,0x200080a0,32928,UartTxTask,"[32928, 3758096384, 0, 1]"
160223,1255730.8009259258,90,0x20003a48,14920,TelemetryTask,"[14920, 536908656, 200, 0]"
160227,1255778.287037037,92,0x20003a48,14920,UartTxTask,"[14920, 3758096384, 20, 1]"
160232,1256515.2037037036,92,0x200080a0,32928,UartTxTask,"[32928, 3758096384, 0, 1]"
160237,1265731.3564814816,90,0x20003a48,14920,TelemetryTask,"[14920, 536908656, 200, 0]"
160241,1265778.6759259258,92,0x20003a48,14920,UartTxTask,"[14920, 3758096384, 20, 1]"
160246,1266515.1805555555,92,0x200080a0,32928,UartTxTask,"[32928, 3758096384, 0, 1]"
160251,1275731.0324074074,90,0x20003a48,14920,TelemetryTask,"[14920, 536908656, 200, 0]"
160255,1275779.3796296297,92,0x20003a48,14920,UartTxTask,"[14920, 3758096384, 20, 1]"
160260,1276516.5972222222,92,0x200080a0,32928,UartTxTask,"[32928, 3758096384, 0, 1]"
160265,1285730.486111111,90,0x20003a48,14920,TelemetryTask,"[14920, 536908656, 200, 0]"
160269,1285778.4722222222,92,0x20003a48,14920,UartTxTask,"[14920, 3758096384, 20, 1]"
160274,1286515.4907407407,92,0x200080a0,32928,UartTxTask,"[32928, 3758096384, 0, 1]"
160279,1295731.2175925926,90,0x20003a48,14920,TelemetryTask,"[14920, 536908656, 200, 0]"
160283,1295779.4212962964,92,0x20003a48,14920,UartTxTask,"[14920, 3758096384, 20, 1]"
160288,1296517.1157407407,92,0x200080a0,32928,UartTxTask,"[32928, 3758096384, 0, 1]"
160293,1305730.7314814816,90,0x20003a48,14920,TelemetryTask,"[14920, 536908656, 200, 0]"
160297,1305778.287037037,92,0x20003a48,14920,UartTxTask,"[14920, 3758096384, 20, 1]"
160302,1306515.25,92,0x200080a0,32928,UartTxTask,"[32928, 3758096384, 0, 1]"
160307,1315731.0601851852,90,0x20003a48,14920,TelemetryTask,"[14920, 536908656, 200, 0]"
160311,1315778.4259259258,92,0x20003a48,14920,UartTxTask,"[14920, 3758096384, 20, 1]"
160316,1316515.611111111,92,0x200080a0,32928,UartTxTask,"[32928, 3758096384, 0, 1]"
160321,1325731.2685185184,90,0x20003a48,14920,TelemetryTask,"[14920, 536908656, 200, 0]"
160325,1325779.0046296297,92,0x20003a48,14920,UartTxTask,"[14920, 3758096384, 20, 1]"
160329,1326373.486111111,96,0x20003970,14704,ISR#56,"[14704, 537198440]"
160333,1326411.8472222222,92,0x20003970,14704,ButtonTask,"[14704, 3758096384, 4294967295, 1]"
160335,1326519.888888889,90,0x20003a48,14920,ButtonTask,"[14920, 536906932, 200, 0]"
160338,1326566.625,92,0x200080a0,32928,UartTxTask,"[32928, 3758096384, 0, 1]"
160339,1326575.0694444445,92,0x20003a48,14920,UartTxTask,"[14920, 3758096384, 20, 1]"
160344,1327311.3935185184,92,0x200080a0,32928,UartTxTask,"[32928, 3758096384, 0, 1]"
160349,1335730.773148148,90,0x20003a48,14920,TelemetryTask,"[14920, 536908656, 200, 0]"
160353,1335778.3703703703,92,0x20003a48,14920,UartTxTask,"[14920, 3758096384, 20, 1]"
160358,1336515.3564814816,92,0x200080a0,32928,UartTxTask,"[32928, 3758096384, 0, 1]"
160363,1345729.9027777778,90,0x20003a48,14920,TelemetryTask,"[14920, 536908656, 200, 0]"
160367,1345778.0509259258,92,0x20003a48,14920,UartTxTask,"[14920, 3758096384, 20, 1]"
160372,1346514.8796296297,92,0x200080a0,32928,UartTxTask,"[32928, 3758096384, 0, 1]"
160377,1355730.013888889,90,0x20003a48,14920,TelemetryTask,"[14920, 536908656, 200, 0]"
160381,1355777.6666666667,92,0x20003a48,14920,UartTxTask,"[14920, 3758096384, 20, 1]"
160386,1356514.9675925926,92,0x200080a0,32928,UartTxTask,"[32928, 3758096384, 0, 1]"
160391,1365730.7962962964,90,0x20003a48,14920,TelemetryTask,"[14920, 536908656, 200, 0]"
160395,1365778.9722222222,92,0x20003a48,14920,UartTxTask,"[14920, 3758096384, 20, 1]"
160400,1366516.3472222222,92,0x200080a0,32928,UartTxTask,"[32928, 3758096384, 0, 1]"
160405,1375730.361111111,90,0x20003a48,14920,TelemetryTask,"[14920, 536908656, 200, 0]"
160409,1375778.4398148148,92,0x20003a48,14920,UartTxTask,"[14920, 3758096384, 20, 1]"
160414,1376515.5,92,0x200080a0,32928,UartTxTask,"[32928, 3758096384, 0, 1]"
160419,1385730.6157407407,90,0x20003a48,14920,TelemetryTask,"[14920, 536908656, 200, 0]"
160423,1385778.5972222222,92,0x20003a48,14920,UartTxTask,"[14920, 3758096384, 20, 1]"
160428,1386515.1342592593,92,0x200080a0,32928,UartTxTask,"[32928, 3758096384, 0, 1]"
160433,1395731.1064814816,90,0x20003a48,14920,TelemetryTask,"[14920, 536908656, 200, 0]"
160437,1395779.023148148,92,0x20003a48,14920,UartTxTask,"[14920, 3758096384, 20, 1]"
160442,1396515.4537037036,92,0x200080a0,32928,UartTxTask,"[32928, 3758096384, 0, 1]"
160447,1405730.375,90,0x20003a48,14920,TelemetryTask,"[14920, 536908656, 200, 0]"
160451,1405777.8009259258,92,0x20003a48,14920,UartTxTask,"[14920, 3758096384, 20, 1]"
160456,1406515.1759259258,92,0x200080a0,32928,UartTxTask,"[32928, 3758096384, 0, 1]"
160461,1415730.148148148,90,0x20003a48,14920,TelemetryTask,"[14920, 536908656, 200, 0]"
160465,1415778.0555555555,92,0x20003a48,14920,UartTxTask,"[14920, 3758096384, 20, 1]"
160470,1416514.8425925926,92,0x200080a0,32928,UartTxTask,"[32928, 3758096384, 0, 1]"
160475,1425730.763888889,90,0x20003a48,14920,TelemetryTask,"[14920, 536908656, 200, 0]"
160479,1425778.6759259258,92,0x20003a48,14920,UartTxTask,"[14920, 3758096384, 20, 1]"
160484,1426515.2962962964,92,0x200080a0,32928,UartTxTask,"[32928, 3758096384, 0, 1]"
160489,1435730.8009259258,90,0x20003a48,14920,TelemetryTask,"[14920, 536908656, 200, 0]"
160493,1435778.0694444445,92,0x20003a48,14920,UartTxTask,"[14920, 3758096384, 20, 1]"
160498,1436514.662037037,92,0x200080a0,32928,UartTxTask,"[32928, 3758096384, 0, 1]"
160503,1445730.9537037036,90,0x20003a48,14920,TelemetryTask,"[14920, 536908656, 200, 0]"
160507,1445778.625,92,0x20003a48,14920,UartTxTask,"[14920, 3758096384, 20, 1]"
160512,1446515.837962963,92,0x200080a0,32928,UartTxTask,"[32928, 3758096384, 0, 1]"
160517,1455730.4444444445,90,0x20003a48,14920,TelemetryTask,"[14920, 536908656, 200, 0]"
160521,1455778.2546296297,92,0x20003a48,14920,UartTxTask,"[14920, 3758096384, 20, 1]"
160526,1456514.8842592593,92,0x200080a0,32928,UartTxTask,"[32928, 3758096384, 0, 1]"
160531,1465730.8240740742,90,0x20003a48,14920,TelemetryTask,"[14920, 536908656, 200, 0]"
160535,1465779.037037037,92,0x20003a48,14920,UartTxTask,"[14920, 3758096384, 20, 1]"
160540,1466516.476851852,92,0x200080a0,32928,UartTxTask,"[32928, 3758096384, 0, 1]"
160545,1475731.4027777778,90,0x20003a48,14920,TelemetryTask,"[14920, 536908656, 200, 0]"
160549,1475778.787037037,92,0x20003a48,14920,UartTxTask,"[14920, 3758096384, 20, 1]"
160554,1476516.1990740742,92,0x200080a0,32928,UartTxTask,"[32928, 3758096384, 0, 1]"
160559,1485731.2314814816,90,0x20003a48,14920,TelemetryTask,"[14920, 536908656, 200, 0]"
160563,1485779.662037037,92,0x20003a48,14920,UartTxTask,"[14920, 3758096384, 20, 1]"
160568,1486516.361111111,92,0x200080a0,32928,UartTxTask,"[32928, 3758096384, 0, 1]"
160573,1495731.6944444445,90,0x20003a48,14920,TelemetryTask,"[14920, 536908656, 200, 0]"
160577,1495779.625,92,0x20003a48,14920,UartTxTask,"[14920, 3758096384, 20, 1]"
160582,1496517.1157407407,92,0x200080a0,32928,UartTxTask,"[32928, 3758096384, 0, 1]"
160587,1505731.6064814816,90,0x20003a48,14920,TelemetryTask,"[14920, 536908656, 200, 0]"
160591,1505779.787037037,92,0x20003a48,14920,UartTxTask,"[14920, 3758096384, 20, 1]"
160596,1506517.1805555555,92,0x200080a0,32928,UartTxTask,"[32928, 3758096384, 0, 1]"
160601,1515729.8194444445,90,0x20003a48,14920,TelemetryTask,"[14920, 536908656, 200, 0]"
160605,1515777.476851852,92,0x20003a48,14920,UartTxTask,"[14920, 3758096384, 20, 1]"
160610,1516514.523148148,92,0x200080a0,32928,UartTxTask,"[32928, 3758096384, 0, 1]"
160615,1525730.9444444445,90,0x20003a48,14920,TelemetryTask,"[14920, 536908656, 200, 0]"
160619,1525778.773148148,92,0x20003a48,14920,UartTxTask,"[14920, 3758096384, 20, 1]"
160624,1526515.611111111,92,0x200080a0,32928,UartTxTask,"[32928, 3758096384, 0, 1]"
160629,1535730.5694444445,90,0x20003a48,14920,TelemetryTask,"[14920, 536908656, 200, 0]"
160633,1535778.6805555555,92,0x20003a48,14920,UartTxTask,"[14920, 3758096384, 20, 1]"
160638,1536515.513888889,92,0x200080a0,32928,UartTxTask,"[32928, 3758096384, 0, 1]"
160643,1545731.3657407407,90,0x20003a48,14920,TelemetryTask,"[14920, 536908656, 200, 0]"
160647,1545779.3703703703,92,0x20003a48,14920,UartTxTask,"[14920, 3758096384, 20, 1]"
160652,1546516.8564814816,92,0x200080a0,32928,UartTxTask,"[32928, 3758096384, 0, 1]"
160657,1555731.3564814816,90,0x20003a48,14920,TelemetryTask,"[14920, 536908656, 200, 0]"
160661,1555779.2037037036,92,0x20003a48,14920,UartTxTask,"[14920, 3758096384, 20, 1]"
160666,1556516.2824074074,92,0x200080a0,32928,UartTxTask,"[32928, 3758096384, 0, 1]"
160671,1565730.9444444445,90,0x20003a48,14920,TelemetryTask,"[14920, 536908656, 200, 0]"
160675,1565779.111111111,92,0x20003a48,14920,UartTxTask,"[14920, 3758096384, 20, 1]"
160680,1566516.962962963,92,0x200080a0,32928,UartTxTask,"[32928, 3758096384, 0, 1]"
160685,1575729.962962963,90,0x20003a48,14920,TelemetryTask,"[14920, 536908656, 200, 0]"
160689,1575778.9166666667,92,0x20003a48,14920,UartTxTask,"[14920, 3758096384, 20, 1]"
160694,1576515.4490740742,92,0x200080a0,32928,UartTxTask,"[32928, 3758096384, 0, 1]"
160699,1585731.351851852,90,0x20003a48,14920,TelemetryTask,"[14920, 536908656, 200, 0]"
160703,1585779.1435185184,92,0x20003a48,14920,UartTxTask,"[14920, 3758096384, 20, 1]"
160708,1586515.9444444445,92,0x200080a0,32928,UartTxTask,"[32928, 3758096384, 0, 1]"
160713,1595731.5555555555,90,0x20003a48,14920,TelemetryTask,"[14920, 536908656, 200, 0]"
160717,1595779.7916666667,92,0x20003a48,14920,UartTxTask,"[14920, 3758096384, 20, 1]"
160722,1596517.3333333333,92,0x200080a0,32928,UartTxTask,"[32928, 3758096384, 0, 1]"
160727,1605730.6527777778,90,0x20003a48,14920,TelemetryTask,"[14920, 536908656, 200, 0]"
160731,1605778.0648148148,92,0x20003a48,14920,UartTxTask,"[14920, 3758096384, 20, 1]"
160736,1606514.851851852,92,0x200080a0,32928,UartTxTask,"[32928, 3758096384, 0, 1]"
160741,1615731.9675925926,90,0x20003a48,14920,TelemetryTask,"[14920, 536908656, 200, 0]"
160745,1615779.6805555555,92,0x20003a48,14920,UartTxTask,"[14920, 3758096384, 20, 1]"
160750,1616516.787037037,92,0x200080a0,32928,UartTxTask,"[32928, 3758096384, 0, 1]"
160755,1625730.7222222222,90,0x20003a48,14920,TelemetryTask,"[14920, 536908656, 200, 0]"
160759,1625778.375,92,0x20003a48,14920,UartTxTask,"[14920, 3758096384, 20, 1]"
160764,1626515.0601851852,92,0x200080a0,32928,UartTxTask,"[32928, 3758096384, 0, 1]"
160769,1635730.4814814816,90,0x20003a48,14920,TelemetryTask,"[14920, 536908656, 200, 0]"
160773,1635777.9537037036,92,0x20003a48,14920,UartTxTask,"[14920, 3758096384, 20, 1]"
160778,1636514.7592592593,92,0x200080a0,32928,UartTxTask,"[32928, 3758096384, 0, 1]"
160783,1645731.6944444445,90,0x20003a48,14920,TelemetryTask,"[14920, 536908656, 200, 0]"
160787,1645778.8703703703,92,0x20003a48,14920,UartTxTask,"[14920, 3758096384, 20, 1]"
160792,1646515.9953703703,92,0x200080a0,32928,UartTxTask,"[32928, 3758096384, 0, 1]"
160797,1655731.962962963,90,0x20003a48,14920,TelemetryTask,"[14920, 536908656, 200, 0]"
160801,1655779.601851852,92,0x20003a48,14920,UartTxTask,"[14920, 3758096384, 20, 1]"
160806,1656516.3333333333,92,0x200080a0,32928,UartTxTask,"[32928, 3758096384, 0, 1]"
160811,1665730.9074074074,90,0x20003a48,14920,TelemetryTask,"[14920, 536908656, 200, 0]"
160815,1665779.0046296297,92,0x20003a48,14920,UartTxTask,"[14920, 3758096384, 20, 1]"
160820,1666516.0972222222,92,0x200080a0,32928,UartTxTask,"[32928, 3758096384, 0, 1]"
160825,1675730.236111111,90,0x20003a48,14920,TelemetryTask,"[14920, 536908656, 200, 0]"
160829,1675778.3564814816,92,0x20003a48,14920,UartTxTask,"[14920, 3758096384, 20, 1]"
160834,1676515.0740740742,92,0x200080a0,32928,UartTxTask,"[32928, 3758096384, 0, 1]"
160839,1685731.0787037036,90,0x20003a48,14920,TelemetryTask,"[14920, 536908656, 200, 0]"
160843,1685779.1064814816,92,0x20003a48,14920,UartTxTask,"[14920, 3758096384, 20, 1]"
160848,1686516.4259259258,92,0x200080a0,32928,UartTxTask,"[32928, 3758096384, 0, 1]"
160853,1695731.0277777778,90,0x20003a48,14920,TelemetryTask,"[14920, 536908656, 200, 0]"
160857,1695778.3148148148,92,0x20003a48,14920,UartTxTask,"[14920, 3758096384, 20, 1]"
160862,1696514.837962963,92,0x200080a0,32928,UartTxTask,"[32928, 3758096384, 0, 1]"
160867,1705730.601851852,90,0x20003a48,14920,TelemetryTask,"[14920, 536908656, 200, 0]"
160871,1705778.1574074074,92,0x20003a48,14920,UartTxTask,"[14920, 3758096384, 20, 1]"
160876,1706515.638888889,92,0x200080a0,32928,UartTxTask,"[32928, 3758096384, 0, 1]"
160881,1715731.1527777778,90,0x20003a48,14920,TelemetryTask,"[14920, 536908656, 200, 0]"
160885,1715779.212962963,92,0x20003a48,14920,UartTxTask,"[14920, 3758096384, 20, 1]"
160890,1716515.5787037036,92,0x200080a0,32928,UartTxTask,"[32928, 3758096384, 0, 1]"
160895,1725730.0972222222,90,0x20003a48,14920,TelemetryTask,"[14920, 536908656, 200, 0]"
160899,1725778.0416666667,92,0x20003a48,14920,UartTxTask,"[14920, 3758096384, 20, 1]"
160904,1726514.898148148,92,0x200080a0,32928,UartTxTask,"[32928, 3758096384, 0, 1]"
160909,1735730.1203703703,90,0x20003a48,14920,TelemetryTask,"[14920, 536908656, 200, 0]"
160913,1735777.7453703703,92,0x20003a48,14920,UartTxTask,"[14920, 3758096384, 20, 1]"
160918,1736514.75,92,0x200080a0,32928,UartTxTask,"[32928, 3758096384, 0, 1]"
160923,1745731.1064814816,90,0x20003a48,14920,TelemetryTask,"[14920, 536908656, 200, 0]"
160927,1745778.3009259258,92,0x20003a48,14920,UartTxTask,"[14920, 3758096384, 20, 1]"
160932,1746515.638888889,92,0x200080a0,32928,UartTxTask,"[32928, 3758096384, 0, 1]"
160937,1755730.763888889,90,0x20003a48,14920,TelemetryTask,"[14920, 536908656, 200, 0]"
160941,1755778.1064814816,92,0x20003a48,14920,UartTxTask,"[14920, 3758096384, 20, 1]"
160946,1756515.1805555555,92,0x200080a0,32928,UartTxTask,"[32928, 3758096384, 0, 1]"
160951,1765730.3796296297,90,0x20003a48,14920,TelemetryTask,"[14920, 536908656, 200, 0]"
160955,1765778.148148148,92,0x20003a48,14920,UartTxTask,"[14920, 3758096384, 20, 1]"
160960,1766515.2222222222,92,0x200080a0,32928,UartTxTask,"[32928, 3758096384, 0, 1]"
160965,1775730.601851852,90,0x20003a48,14920,TelemetryTask,"[14920, 536908656, 200, 0]"
160969,1775778.6851851852,92,0x20003a48,14920,UartTxTask,"[14920, 3758096384, 20, 1]"
160974,1776515.5787037036,92,0x200080a0,32928,UartTxTask,"[32928, 3758096384, 0, 1]"
160979,1785731.6851851852,90,0x20003a48,14920,TelemetryTask,"[14920, 536908656, 200, 0]"
160983,1785779.5324074074,92,0x20003a48,14920,UartTxTask,"[14920, 3758096384, 20, 1]"
160988,1786516.3101851852,92,0x200080a0,32928,UartTxTask,"[32928, 3758096384, 0, 1]"
160993,1795730.7083333333,90,0x20003a48,14920,TelemetryTask,"[14920, 536908656, 200, 0]"
160997,1795778.861111111,92,0x20003a48,14920,UartTxTask,"[14920, 3758096384, 20, 1]"
161002,1796515.8009259258,92,0x200080a0,32928,UartTxTask,"[32928, 3758096384, 0, 1]"
161007,1805731.138888889,90,0x20003a48,14920,TelemetryTask,"[14920, 536908656, 200, 0]"
161011,1805778.736111111,92,0x20003a48,14920,UartTxTask,"[14920, 3758096384, 20, 1]"
161016,1806515.2175925926,92,0x200080a0,32928,UartTxTask,"[32928, 3758096384, 0, 1]"
161021,1815731.013888889,90,0x20003a48,14920,TelemetryTask,"[14920, 536908656, 200, 0]"
161025,1815778.2824074074,92,0x20003a48,14920,UartTxTask,"[14920, 3758096384, 20, 1]"
161030,1816515.537037037,92,0x200080a0,32928,UartTxTask,"[32928, 3758096384, 0, 1]"
161035,1825730.6527777778,90,0x20003a48,14920,TelemetryTask,"[14920, 536908656, 200, 0]"
161039,1825778.462962963,92,0x20003a48,14920,UartTxTask,"[14920, 3758096384, 20, 1]"
161044,1826515.5277777778,92,0x200080a0,32928,UartTxTask,"[32928, 3758096384, 0, 1]"
161049,1835730.662037037,90,0x20003a48,14920,TelemetryTask,"[14920, 536908656, 200, 0]"
161053,1835778.1851851852,92,0x20003a48,14920,UartTxTask,"[14920, 3758096384, 20, 1]"
161058,1836514.9953703703,92,0x200080a0,32928,UartTxTask,"[32928, 3758096384, 0, 1]"
161063,1845730.8240740742,90,0x20003a48,14920,TelemetryTask,"[14920, 536908656, 200, 0]"
161067,1845778.4305555555,92,0x20003a48,14920,UartTxTask,"[14920, 3758096384, 20, 1]"
161072,1846515.287037037,92,0x200080a0,32928,UartTxTask,"[32928, 3758096384, 0, 1]"
161077,1855730.9166666667,90,0x20003a48,14920,TelemetryTask,"[14920, 536908656, 200, 0]"
161081,1855778.625,92,0x20003a48,14920,UartTxTask,"[14920, 3758096384, 20, 1]"
161086,1856515.236111111,92,0x200080a0,32928,UartTxTask,"[32928, 3758096384, 0, 1]"
161091,1865731.5925925926,90,0x20003a48,14920,TelemetryTask,"[14920, 536908656, 200, 0]"
161095,1865779.4027777778,92,0x20003a48,14920,UartTxTask,"[14920, 3758096384, 20, 1]"
161100,1866516.1851851852,92,0x200080a0,32928,UartTxTask,"[32928, 3758096384, 0, 1]"
161105,1875730.7314814816,90,0x20003a48,14920,TelemetryTask,"[14920, 536908656, 200, 0]"
161109,1875778.601851852,92,0x20003a48,14920,UartTxTask,"[14920, 3758096384, 20, 1]"
161114,1876515.6574074074,92,0x200080a0,32928,UartTxTask,"[32928, 3758096384, 0, 1]"
161119,1885731.2037037036,90,0x20003a48,14920,TelemetryTask,"[14920, 536908656, 200, 0]"
161123,1885778.6944444445,92,0x20003a48,14920,UartTxTask,"[14920, 3758096384, 20, 1]"
161128,1886515.5694444445,92,0x200080a0,32928,UartTxTask,"[32928, 3758096384, 0, 1]"
161133,1895731.986111111,90,0x20003a48,14920,TelemetryTask,"[14920, 536908656, 200, 0]"
161137,1895780.3101851852,92,0x20003a48,14920,UartTxTask,"[14920, 3758096384, 20, 1]"
161142,1896517.2546296297,92,0x200080a0,32928,UartTxTask,"[32928, 3758096384, 0, 1]"
161147,1905731.2083333333,90,0x20003a48,14920,TelemetryTask,"[14920, 536908656, 200, 0]"
161151,1905778.4953703703,92,0x20003a48,14920,UartTxTask,"[14920, 3758096384, 20, 1]"
161156,1906515.3935185184,92,0x200080a0,32928,UartTxTask,"[32928, 3758096384, 0, 1]"
161161,1915730.7824074074,90,0x20003a48,14920,TelemetryTask,"[14920, 536908656, 200, 0]"
161165,1915778.7592592593,92,0x20003a48,14920,UartTxTask,"[14920, 3758096384, 20, 1]"
161170,1916516.0694444445,92,0x200080a0,32928,UartTxTask,"[32928, 3758096384, 0, 1]"
161175,1925730.787037037,90,0x20003a48,14920,TelemetryTask,"[14920, 536908656, 200, 0]"
161179,1925778.5972222222,92,0x20003a48,14920,UartTxTask,"[14920, 3758096384, 20, 1]"
161184,1926515.8055555555,92,0x200080a0,32928,UartTxTask,"[32928, 3758096384, 0, 1]"
161189,1935730.851851852,90,0x20003a48,14920,TelemetryTask,"[14920, 536908656, 200, 0]"
161193,1935778.9675925926,92,0x20003a48,14920,UartTxTask,"[14920, 3758096384, 20, 1]"
161198,1936516.226851852,92,0x200080a0,32928,UartTxTask,"[32928, 3758096384, 0, 1]"
161203,1945731.7916666667,90,0x20003a48,14920,TelemetryTask,"[14920, 536908656, 200, 0]"
161207,1945778.75,92,0x20003a48,14920,UartTxTask,"[14920, 3758096384, 20, 1]"
161212,1946516.0416666667,92,0x200080a0,32928,UartTxTask,"[32928, 3758096384, 0, 1]"
161217,1955731.0185185184,90,0x20003a48,14920,TelemetryTask,"[14920, 536908656, 200, 0]"
161221,1955778.412037037,92,0x20003a48,14920,UartTxTask,"[14920, 3758096384, 20, 1]"
161226,1956515.6574074074,92,0x200080a0,32928,UartTxTask,"[32928, 3758096384, 0, 1]"
161231,1965730.898148148,90,0x20003a48,14920,TelemetryTask,"[14920, 536908656, 200, 0]"
161235,1965778.3425925926,92,0x20003a48,14920,UartTxTask,"[14920, 3758096384, 20, 1]"
161240,1966515.976851852,92,0x200080a0,32928,UartTxTask,"[32928, 3758096384, 0, 1]"
161245,1975730.8287037036,90,0x20003a48,14920,TelemetryTask,"[14920, 536908656, 200, 0]"
161249,1975778.2777777778,92,0x20003a48,14920,UartTxTask,"[14920, 3758096384, 20, 1]"
161254,1976515.4583333333,92,0x200080a0,32928,UartTxTask,"[32928, 3758096384, 0, 1]"
161259,1985731.1805555555,90,0x20003a48,14920,TelemetryTask,"[14920, 536908656, 200, 0]"
161263,1985779.2083333333,92,0x20003a48,14920,UartTxTask,"[14920, 3758096384, 20, 1]"
161268,1986516.2314814816,92,0x200080a0,32928,UartTxTask,"[32928, 3758096384, 0, 1]"
161273,1995729.6203703703,90,0x20003a48,14920,TelemetryTask,"[14920, 536908656, 200, 0]"
161277,1995777.5694444445,92,0x20003a48,14920,UartTxTask,"[14920, 3758096384, 20, 1]"
161282,1996514.5092592593,92,0x200080a0,32928,UartTxTask,"[32928, 3758096384, 0, 1]"
161287,2005730.8101851852,90,0x20003a48,14920,TelemetryTask,"[14920, 536908656, 200, 0]"
161291,2005778.1666666667,92,0x20003a48,14920,UartTxTask,"[14920, 3758096384, 20, 1]"
161296,2006515.6203703703,92,0x200080a0,32928,UartTxTask,"[32928, 3758096384, 0, 1]"
161301,2015732.1759259258,90,0x20003a48,14920,TelemetryTask,"[14920, 536908656, 200, 0]"
161305,2015779.861111111,92,0x20003a48,14920,UartTxTask,"[14920, 3758096384, 20, 1]"
161310,2016517.1203703703,92,0x200080a0,32928,UartTxTask,"[32928, 3758096384, 0, 1]"
161315,2025731.226851852,90,0x20003a48,14920,TelemetryTask,"[14920, 536908656, 200, 0]"
161319,2025778.6712962964,92,0x20003a48,14920,UartTxTask,"[14920, 3758096384, 20, 1]"
161324,2026516.013888889,92,0x200080a0,32928,UartTxTask,"[32928, 3758096384, 0, 1]"
161329,2035730.6435185184,90,0x20003a48,14920,TelemetryTask,"[14920, 536908656, 200, 0]"
161333,2035777.8425925926,92,0x20003a48,14920,UartTxTask,"[14920, 3758096384, 20, 1]"
161338,2036514.6064814816,92,0x200080a0,32928,UartTxTask,"[32928, 3758096384, 0, 1]"
161343,2045730.273148148,90,0x20003a48,14920,TelemetryTask,"[14920, 536908656, 200, 0]"
161347,2045778.0787037036,92,0x20003a48,14920,UartTxTask,"[14920, 3758096384, 20, 1]"
161352,2046514.787037037,92,0x200080a0,32928,UartTxTask,"[32928, 3758096384, 0, 1]"
161357,2055731.8564814816,90,0x20003a48,14920,TelemetryTask,"[14920, 536908656, 200, 0]"
161361,2055779.1157407407,92,0x20003a48,14920,UartTxTask,"[14920, 3758096384, 20, 1]"
161366,2056515.6851851852,92,0x200080a0,32928,UartTxTask,"[32928, 3758096384, 0, 1]"
161371,2065730.9490740742,90,0x20003a48,14920,TelemetryTask,"[14920, 536908656, 200, 0]"
161375,2065779.0601851852,92,0x20003a48,14920,UartTxTask,"[14920, 3758096384, 20, 1]"
161380,2066516.388888889,92,0x200080a0,32928,UartTxTask,"[32928, 3758096384, 0, 1]"
161385,2075729.7222222222,90,0x20003a48,14920,TelemetryTask,"[14920, 536908656, 200, 0]"
161389,2075777.4074074074,92,0x20003a48,14920,UartTxTask,"[14920, 3758096384, 20, 1]"
161394,2076514.4305555555,92,0x200080a0,32928,UartTxTask,"[32928, 3758096384, 0, 1]"
161399,2085730.6712962964,90,0x20003a48,14920,TelemetryTask,"[14920, 536908656, 200, 0]"
161403,2085779.087962963,92,0x20003a48,14920,UartTxTask,"[14920, 3758096384, 20, 1]"
161408,2086515.8240740742,92,0x200080a0,32928,UartTxTask,"[32928, 3758096384, 0, 1]"
161413,2095730.5092592593,90,0x20003a48,14920,TelemetryTask,"[14920, 536908656, 200, 0]"
161417,2095778.0416666667,92,0x20003a48,14920,UartTxTask,"[14920, 3758096384, 20, 1]"
161422,2096514.8194444445,92,0x200080a0,32928,UartTxTask,"[32928, 3758096384, 0, 1]"
161427,2105731.1805555555,90,0x20003a48,14920,TelemetryTask,"[14920, 536908656, 200, 0]"
161431,2105778.888888889,92,0x20003a48,14920,UartTxTask,"[14920, 3758096384, 20, 1]"
161436,2106516.2731481483,92,0x200080a0,32928,UartTxTask,"[32928, 3758096384, 0, 1]"
161441,2115731.1481481483,90,0x20003a48,14920,TelemetryTask,"[14920, 536908656, 200, 0]"
161445,2115778.7407407407,92,0x20003a48,14920,UartTxTask,"[14920, 3758096384, 20, 1]"
161450,2116515.7453703703,92,0x200080a0,32928,UartTxTask,"[32928, 3758096384, 0, 1]"
161455,2125730.7314814813,90,0x20003a48,14920,TelemetryTask,"[14920, 536908656, 200, 0]"
161459,2125778.782407407,92,0x20003a48,14920,UartTxTask,"[14920, 3758096384, 20, 1]"
161464,2126516.032407407,92,0x200080a0,32928,UartTxTask,"[32928, 3758096384, 0, 1]"
161469,2135731.717592593,90,0x20003a48,14920,TelemetryTask,"[14920, 536908656, 200, 0]"
161473,2135780.0833333335,92,0x20003a48,14920,UartTxTask,"[14920, 3758096384, 20, 1]"
161478,2136517.2546296297,92,0x200080a0,32928,UartTxTask,"[32928, 3758096384, 0, 1]"
161483,2145731.412037037,90,0x20003a48,14920,TelemetryTask,"[14920, 536908656, 200, 0]"
161487,2145779.037037037,92,0x20003a48,14920,UartTxTask,"[14920, 3758096384, 20, 1]"
161492,2146515.407407407,92,0x200080a0,32928,UartTxTask,"[32928, 3758096384, 0, 1]"
161497,2155730.453703704,90,0x20003a48,14920,TelemetryTask,"[14920, 536908656, 200, 0]"
161501,2155778.3703703703,92,0x20003a48,14920,UartTxTask,"[14920, 3758096384, 20, 1]"
161506,2156515.1342592593,92,0x200080a0,32928,UartTxTask,"[32928, 3758096384, 0, 1]"
161511,2165731.162037037,90,0x20003a48,14920,TelemetryTask,"[14920, 536908656, 200, 0]"
161515,2165779.171296296,92,0x20003a48,14920,UartTxTask,"[14920, 3758096384, 20, 1]"
161520,2166516.2731481483,92,0x200080a0,32928,UartTxTask,"[32928, 3758096384, 0, 1]"
161525,2175730.532407407,90,0x20003a48,14920,TelemetryTask,"[14920, 536908656, 200, 0]"
161529,2175778.550925926,92,0x20003a48,14920,UartTxTask,"[14920, 3758096384, 20, 1]"
161534,2176515.1342592593,92,0x200080a0,32928,UartTxTask,"[32928, 3758096384, 0, 1]"
161539,2185731.8055555555,90,0x20003a48,14920,TelemetryTask,"[14920, 536908656, 200, 0]"
161543,2185779.8564814813,92,0x20003a48,14920,UartTxTask,"[14920, 3758096384, 20, 1]"
161548,2186516.3518518517,92,0x200080a0,32928,UartTxTask,"[32928, 3758096384, 0, 1]"
161553,2195730.4953703703,90,0x20003a48,14920,TelemetryTask,"[14920, 536908656, 200, 0]"
161557,2195778.138888889,92,0x20003a48,14920,UartTxTask,"[14920, 3758096384, 20, 1]"
161562,2196514.847222222,92,0x200080a0,32928,UartTxTask,"[32928, 3758096384, 0, 1]"
161567,2205731.1481481483,90,0x20003a48,14920,TelemetryTask,"[14920, 536908656, 200, 0]"
161571,2205778.532407407,92,0x20003a48,14920,UartTxTask,"[14920, 3758096384, 20, 1]"
161576,2206515.486111111,92,0x200080a0,32928,UartTxTask,"[32928, 3758096384, 0, 1]"
161581,2215731.046296296,90,0x20003a48,14920,TelemetryTask,"[14920, 536908656, 200, 0]"
161585,2215778.6666666665,92,0x20003a48,14920,UartTxTask,"[14920, 3758096384, 20, 1]"
161590,2216515.3657407407,92,0x200080a0,32928,UartTxTask,"[32928, 3758096384, 0, 1]"
161595,2225731.0416666665,90,0x20003a48,14920,TelemetryTask,"[14920, 536908656, 200, 0]"
161599,2225778.907407407,92,0x20003a48,14920,UartTxTask,"[14920, 3758096384, 20, 1]"
161604,2226515.6481481483,92,0x200080a0,32928,UartTxTask,"[32928, 3758096384, 0, 1]"
161609,2235731.949074074,90,0x20003a48,14920,TelemetryTask,"[14920, 536908656, 200, 0]"
161613,2235780.050925926,92,0x20003a48,14920,UartTxTask,"[14920, 3758096384, 20, 1]"
161618,2236517.328703704,92,0x200080a0,32928,UartTxTask,"[32928, 3758096384, 0, 1]"
161623,2245730.953703704,90,0x20003a48,14920,TelemetryTask,"[14920, 536908656, 200, 0]"
161627,2245778.6157407407,92,0x20003a48,14920,UartTxTask,"[14920, 3758096384, 20, 1]"
161632,2246516.027777778,92,0x200080a0,32928,UartTxTask,"[32928, 3758096384, 0, 1]"
161637,2255731.3703703703,90,0x20003a48,14920,TelemetryTask,"[14920, 536908656, 200, 0]"
161641,2255779.199074074,92,0x20003a48,14920,UartTxTask,"[14920, 3758096384, 20, 1]"
161646,2256516.703703704,92,0x200080a0,32928,UartTxTask,"[32928, 3758096384, 0, 1]"
161651,2265730.611111111,90,0x20003a48,14920,TelemetryTask,"[14920, 536908656, 200, 0]"
161655,2265778.1018518517,92,0x20003a48,14920,UartTxTask,"[14920, 3758096384, 20, 1]"
161660,2266515.3981481483,92,0x200080a0,32928,UartTxTask,"[32928, 3758096384, 0, 1]"
161665,2275731.3194444445,90,0x20003a48,14920,TelemetryTask,"[14920, 536908656, 200, 0]"
161669,2275779.592592593,92,0x20003a48,14920,UartTxTask,"[14920, 3758096384, 20, 1]"
161674,2276516.6944444445,92,0x200080a0,32928,UartTxTask,"[32928, 3758096384, 0, 1]"
161679,2285730.699074074,90,0x20003a48,14920,TelemetryTask,"[14920, 536908656, 200, 0]"
161683,2285777.7685185187,92,0x20003a48,14920,UartTxTask,"[14920, 3758096384, 20, 1]"
161688,2286514.4444444445,92,0x200080a0,32928,UartTxTask,"[32928, 3758096384, 0, 1]"
161693,2295731.185185185,90,0x20003a48,14920,TelemetryTask,"[14920, 536908656, 200, 0]"
161697,2295778.796296296,92,0x20003a48,14920,UartTxTask,"[14920, 3758096384, 20, 1]"
161702,2296515.699074074,92,0x200080a0,32928,UartTxTask,"[32928, 3758096384, 0, 1]"
161707,2305731.162037037,90,0x20003a48,14920,TelemetryTask,"[14920, 536908656, 200, 0]"
161711,2305778.712962963,92,0x20003a48,14920,UartTxTask,"[14920, 3758096384, 20, 1]"
161716,2306515.4444444445,92,0x200080a0,32928,UartTxTask,"[32928, 3758096384, 0, 1]"
161721,2315731.199074074,90,0x20003a48,14920,TelemetryTask,"[14920, 536908656, 200, 0]"
161725,2315778.9814814813,92,0x20003a48,14920,UartTxTask,"[14920, 3758096384, 20, 1]"
161730,2316516.361111111,92,0x200080a0,32928,UartTxTask,"[32928, 3758096384, 0, 1]"
161735,2325731.1481481483,90,0x20003a48,14920,TelemetryTask,"[14920, 536908656, 200, 0]"
161739,2325778.6805555555,92,0x20003a48,14920,UartTxTask,"[14920, 3758096384, 20, 1]"
161744,2326515.1666666665,92,0x200080a0,32928,UartTxTask,"[32928, 3758096384, 0, 1]"
161749,2335731.037037037,90,0x20003a48,14920,TelemetryTask,"[14920, 536908656, 200, 0]"
161753,2335778.6203703703,92,0x20003a48,14920,UartTxTask,"[14920, 3758096384, 20, 1]"
161758,2336515.597222222,92,0x200080a0,32928,UartTxTask,"[32928, 3758096384, 0, 1]"
161762,2345372.407407407,96,0x20003970,14704,ISR#56,"[14704, 537198440]"
161766,2345407.4907407407,92,0x20003970,14704,ButtonTask,"[14704, 3758096384, 4294967295, 1]"
161767,2345507.527777778,90,0x20003a48,14920,ButtonTask,"[14920, 536906932, 200, 0]"
161771,2345553.4305555555,92,0x20003a48,14920,UartTxTask,"[14920, 3758096384, 20, 1]"
161776,2345711.9953703703,90,0x20003a48,14920,TelemetryTask,"[14920, 536908656, 200, 0]"
161781,2346288.689814815,92,0x200080a0,32928,UartTxTask,"[32928, 3758096384, 0, 1]"
161782,2346297.189814815,92,0x20003a48,14920,UartTxTask,"[14920, 3758096384, 20, 1]"
161787,2347028.277777778,92,0x200080a0,32928,UartTxTask,"[32928, 3758096384, 0, 1]"
161792,2355731.162037037,90,0x20003a48,14920,TelemetryTask,"[14920, 536908656, 200, 0]"
161796,2355779.310185185,92,0x20003a48,14920,UartTxTask,"[14920, 3758096384, 20, 1]"
161801,2356516.0555555555,92,0x200080a0,32928,UartTxTask,"[32928, 3758096384, 0, 1]"
161806,2365731.6064814813,90,0x20003a48,14920,TelemetryTask,"[14920, 536908656, 200, 0]"
161810,2365779.032407407,92,0x20003a48,14920,UartTxTask,"[14920, 3758096384, 20, 1]"
161815,2366515.9583333335,92,0x200080a0,32928,UartTxTask,"[32928, 3758096384, 0, 1]"
161820,2375730.9583333335,90,0x20003a48,14920,TelemetryTask,"[14920, 536908656, 200, 0]"
161824,2375779.2916666665,92,0x20003a48,14920,UartTxTask,"[14920, 3758096384, 20, 1]"
161829,2376516.2916666665,92,0x200080a0,32928,UartTxTask,"[32928, 3758096384, 0, 1]"
161834,2385731.032407407,90,0x20003a48,14920,TelemetryTask,"[14920, 536908656, 200, 0]"
161838,2385778.3657407407,92,0x20003a48,14920,UartTxTask,"[14920, 3758096384, 20, 1]"
161843,2386515.5416666665,92,0x200080a0,32928,UartTxTask,"[32928, 3758096384, 0, 1]"
161848,2395730.925925926,90,0x20003a48,14920,TelemetryTask,"[14920, 536908656, 200, 0]"
161852,2395778.842592593,92,0x20003a48,14920,UartTxTask,"[14920, 3758096384, 20, 1]"
161857,2396516.337962963,92,0x200080a0,32928,UartTxTask,"[32928, 3758096384, 0, 1]"
161862,2405730.0555555555,90,0x20003a48,14920,TelemetryTask,"[14920, 536908656, 200, 0]"
161866,2405777.25,92,0x20003a48,14920,UartTxTask,"[14920, 3758096384, 20, 1]"
161871,2406513.875,92,0x200080a0,32928,UartTxTask,"[32928, 3758096384, 0, 1]"
161876,2415730.9768518517,90,0x20003a48,14920,TelemetryTask,"[14920, 536908656, 200, 0]"
161880,2415778.828703704,92,0x20003a48,14920,UartTxTask,"[14920, 3758096384, 20, 1]"
161885,2416516.050925926,92,0x200080a0,32928,UartTxTask,"[32928, 3758096384, 0, 1]"
161890,2425730.8194444445,90,0x20003a48,14920,TelemetryTask,"[14920, 536908656, 200, 0]"
161894,2425778.537037037,92,0x20003a48,14920,UartTxTask,"[14920, 3758096384, 20, 1]"
161899,2426515.439814815,92,0x200080a0,32928,UartTxTask,"[32928, 3758096384, 0, 1]"
161904,2435730.8935185187,90,0x20003a48,14920,TelemetryTask,"[14920, 536908656, 200, 0]"
161908,2435778.949074074,92,0x20003a48,14920,UartTxTask,"[14920, 3758096384, 20, 1]"
161913,2436515.8842592593,92,0x200080a0,32928,UartTxTask,"[32928, 3758096384, 0, 1]"
161918,2445731.3518518517,90,0x20003a48,14920,TelemetryTask,"[14920, 536908656, 200, 0]"
161922,2445779.5046296297,92,0x20003a48,14920,UartTxTask,"[14920, 3758096384, 20, 1]"
161927,2446516.6064814813,92,0x200080a0,32928,UartTxTask,"[32928, 3758096384, 0, 1]"
161932,2455730.722222222,90,0x20003a48,14920,TelemetryTask,"[14920, 536908656, 200, 0]"
161936,2455778.0555555555,92,0x20003a48,14920,UartTxTask,"[14920, 3758096384, 20, 1]"
161941,2456514.8194444445,92,0x200080a0,32928,UartTxTask,"[32928, 3758096384, 0, 1]"
161946,2465730.328703704,90,0x20003a48,14920,TelemetryTask,"[14920, 536908656, 200, 0]"
161950,2465777.925925926,92,0x20003a48,14920,UartTxTask,"[14920, 3758096384, 20, 1]"
161955,2466515.032407407,92,0x200080a0,32928,UartTxTask,"[32928, 3758096384, 0, 1]"
161960,2475731.342592593,90,0x20003a48,14920,TelemetryTask,"[14920, 536908656, 200, 0]"
161964,2475778.625,92,0x20003a48,14920,UartTxTask,"[14920, 3758096384, 20, 1]"
161969,2476516.2407407407,92,0x200080a0,32928,UartTxTask,"[32928, 3758096384, 0, 1]"
161974,2485731.6018518517,90,0x20003a48,14920,TelemetryTask,"[14920, 536908656, 200, 0]"
161978,2485779.0555555555,92,0x20003a48,14920,UartTxTask,"[14920, 3758096384, 20, 1]"
161983,2486516.037037037,92,0x200080a0,32928,UartTxTask,"[32928, 3758096384, 0, 1]"
161988,2495731.847222222,90,0x20003a48,14920,TelemetryTask,"[14920, 536908656, 200, 0]"
161992,2495779.842592593,92,0x20003a48,14920,UartTxTask,"[14920, 3758096384, 20, 1]"
161997,2496516.592592593,92,0x200080a0,32928,UartTxTask,"[32928, 3758096384, 0, 1]"
162002,2505729.842592593,90,0x20003a48,14920,TelemetryTask,"[14920, 536908656, 200, 0]"
162006,2505777.6666666665,92,0x20003a48,14920,UartTxTask,"[14920, 3758096384, 20, 1]"
162011,2506514.25,92,0x200080a0,32928,UartTxTask,"[32928, 3758096384, 0, 1]"
162016,2515729.935185185,90,0x20003a48,14920,TelemetryTask,"[14920, 536908656, 200, 0]"
162020,2515778.092592593,92,0x20003a48,14920,UartTxTask,"[14920, 3758096384, 20, 1]"
162025,2516514.925925926,92,0x200080a0,32928,UartTxTask,"[32928, 3758096384, 0, 1]"
162030,2525731.3703703703,90,0x20003a48,14920,TelemetryTask,"[14920, 536908656, 200, 0]"
162034,2525778.8518518517,92,0x20003a48,14920,UartTxTask,"[14920, 3758096384, 20, 1]"
162039,2526515.4814814813,92,0x200080a0,32928,UartTxTask,"[32928, 3758096384, 0, 1]"
162044,2535730.6157407407,90,0x20003a48,14920,TelemetryTask,"[14920, 536908656, 200, 0]"
162048,2535778.152777778,92,0x20003a48,14920,UartTxTask,"[14920, 3758096384, 20, 1]"
162053,2536515.175925926,92,0x200080a0,32928,UartTxTask,"[32928, 3758096384, 0, 1]"
162058,2545732.328703704,90,0x20003a48,14920,TelemetryTask,"[14920, 536908656, 200, 0]"
162062,2545779.592592593,92,0x20003a48,14920,UartTxTask,"[14920, 3758096384, 20, 1]"
162067,2546516.657407407,92,0x200080a0,32928,UartTxTask,"[32928, 3758096384, 0, 1]"
162072,2555731.8564814813,90,0x20003a48,14920,TelemetryTask,"[14920, 536908656, 200, 0]"
162076,2555779.4907407407,92,0x20003a48,14920,UartTxTask,"[14920, 3758096384, 20, 1]"
162081,2556516.2314814813,92,0x200080a0,32928,UartTxTask,"[32928, 3758096384, 0, 1]"
162086,2565731.1342592593,90,0x20003a48,14920,TelemetryTask,"[14920, 536908656, 200, 0]"
162090,2565779.560185185,92,0x20003a48,14920,UartTxTask,"[14920, 3758096384, 20, 1]"
162095,2566516.8194444445,92,0x200080a0,32928,UartTxTask,"[32928, 3758096384, 0, 1]"
162100,2575730.703703704,90,0x20003a48,14920,TelemetryTask,"[14920, 536908656, 200, 0]"
162104,2575778.763888889,92,0x20003a48,14920,UartTxTask,"[14920, 3758096384, 20, 1]"
162109,2576516.337962963,92,0x200080a0,32928,UartTxTask,"[32928, 3758096384, 0, 1]"
162114,2585731.037037037,90,0x20003a48,14920,TelemetryTask,"[14920, 536908656, 200, 0]"
162118,2585778.912037037,92,0x20003a48,14920,UartTxTask,"[14920, 3758096384, 20, 1]"
162123,2586515.7546296297,92,0x200080a0,32928,UartTxTask,"[32928, 3758096384, 0, 1]"
162128,2595731.5694444445,90,0x20003a48,14920,TelemetryTask,"[14920, 536908656, 200, 0]"
162132,2595779.412037037,92,0x20003a48,14920,UartTxTask,"[14920, 3758096384, 20, 1]"
162137,2596516.097222222,92,0x200080a0,32928,UartTxTask,"[32928, 3758096384, 0, 1]"
162142,2605730.763888889,90,0x20003a48,14920,TelemetryTask,"[14920, 536908656, 200, 0]"
162146,2605778.199074074,92,0x20003a48,14920,UartTxTask,"[14920, 3758096384, 20, 1]"
162151,2606515.2314814813,92,0x200080a0,32928,UartTxTask,"[32928, 3758096384, 0, 1]"
162156,2615731.222222222,90,0x20003a48,14920,TelemetryTask,"[14920, 536908656, 200, 0]"
162160,2615779.199074074,92,0x20003a48,14920,UartTxTask,"[14920, 3758096384, 20, 1]"
162165,2616516.064814815,92,0x200080a0,32928,UartTxTask,"[32928, 3758096384, 0, 1]"
162170,2625731.421296296,90,0x20003a48,14920,TelemetryTask,"[14920, 536908656, 200, 0]"
162174,2625779.046296296,92,0x20003a48,14920,UartTxTask,"[14920, 3758096384, 20, 1]"
162179,2626515.763888889,92,0x200080a0,32928,UartTxTask,"[32928, 3758096384, 0, 1]"
162184,2635730.9583333335,90,0x20003a48,14920,TelemetryTask,"[14920, 536908656, 200, 0]"
162188,2635778.662037037,92,0x20003a48,14920,UartTxTask,"[14920, 3758096384, 20, 1]"
162193,2636515.4768518517,92,0x200080a0,32928,UartTxTask,"[32928, 3758096384, 0, 1]"
162198,2645730.342592593,90,0x20003a48,14920,TelemetryTask,"[14920, 536908656, 200, 0]"
162202,2645778.1805555555,92,0x20003a48,14920,UartTxTask,"[14920, 3758096384, 20, 1]"
162207,2646515.189814815,92,0x200080a0,32928,UartTxTask,"[32928, 3758096384, 0, 1]"
162212,2655730.675925926,90,0x20003a48,14920,TelemetryTask,"[14920, 536908656, 200, 0]"
162216,2655778.888888889,92,0x20003a48,14920,UartTxTask,"[14920, 3758096384, 20, 1]"
162221,2656516.1944444445,92,0x200080a0,32928,UartTxTask,"[32928, 3758096384, 0, 1]"
162226,2665731.6203703703,90,0x20003a48,14920,TelemetryTask,"[14920, 536908656, 200, 0]"
162230,2665779.6481481483,92,0x20003a48,14920,UartTxTask,"[14920, 3758096384, 20, 1]"
162235,2666516.6018518517,92,0x200080a0,32928,UartTxTask,"[32928, 3758096384, 0, 1]"
162240,2675731.2592592593,90,0x20003a48,14920,TelemetryTask,"[14920, 536908656, 200, 0]"
162244,2675779.1342592593,92,0x20003a48,14920,UartTxTask,"[14920, 3758096384, 20, 1]"
162249,2676516.013888889,92,0x200080a0,32928,UartTxTask,"[32928, 3758096384, 0, 1]"
162254,2685731.032407407,90,0x20003a48,14920,TelemetryTask,"[14920, 536908656, 200, 0]"
162258,2685778.5046296297,92,0x20003a48,14920,UartTxTask,"[14920, 3758096384, 20, 1]"
162263,2686515.7731481483,92,0x200080a0,32928,UartTxTask,"[32928, 3758096384, 0, 1]"
162268,2695731.657407407,90,0x20003a48,14920,TelemetryTask,"[14920, 536908656, 200, 0]"
162272,2695779.3981481483,92,0x20003a48,14920,UartTxTask,"[14920, 3758096384, 20, 1]"
162277,2696516.314814815,92,0x200080a0,32928,UartTxTask,"[32928, 3758096384, 0, 1]"
162282,2705730.717592593,90,0x20003a48,14920,TelemetryTask,"[14920, 536908656, 200, 0]"
162286,2705778.1342592593,92,0x20003a48,14920,UartTxTask,"[14920, 3758096384, 20, 1]"
162291,2706515.560185185,92,0x200080a0,32928,UartTxTask,"[32928, 3758096384, 0, 1]"
162296,2715730.25,90,0x20003a48,14920,TelemetryTask,"[14920, 536908656, 200, 0]"
162300,2715778.3935185187,92,0x20003a48,14920,UartTxTask,"[14920, 3758096384, 20, 1]"
162305,2716515.625,92,0x200080a0,32928,UartTxTask,"[32928, 3758096384, 0, 1]"
162310,2725731.2083333335,90,0x20003a48,14920,TelemetryTask,"[14920, 536908656, 200, 0]"
162314,2725779.037037037,92,0x20003a48,14920,UartTxTask,"[14920, 3758096384, 20, 1]"
162319,2726515.7916666665,92,0x200080a0,32928,UartTxTask,"[32928, 3758096384, 0, 1]"
162324,2735730.1064814813,90,0x20003a48,14920,TelemetryTask,"[14920, 536908656, 200, 0]"
162328,2735777.462962963,92,0x20003a48,14920,UartTxTask,"[14920, 3758096384, 20, 1]"
162333,2736514.212962963,92,0x200080a0,32928,UartTxTask,"[32928, 3758096384, 0, 1]"
162338,2745730.625,90,0x20003a48,14920,TelemetryTask,"[14920, 536908656, 200, 0]"
162342,2745778.6296296297,92,0x20003a48,14920,UartTxTask,"[14920, 3758096384, 20, 1]"
162347,2746516.013888889,92,0x200080a0,32928,UartTxTask,"[32928, 3758096384, 0, 1]"
162352,2755730.657407407,90,0x20003a48,14920,TelemetryTask,"[14920, 536908656, 200, 0]"
162356,2755778.4444444445,92,0x20003a48,14920,UartTxTask,"[14920, 3758096384, 20, 1]"
162361,2756515.546296296,92,0x200080a0,32928,UartTxTask,"[32928, 3758096384, 0, 1]"
162366,2765730.560185185,90,0x20003a48,14920,TelemetryTask,"[14920, 536908656, 200, 0]"
162370,2765778.7546296297,92,0x20003a48,14920,UartTxTask,"[14920, 3758096384, 20, 1]"
162375,2766515.5,92,0x200080a0,32928,UartTxTask,"[32928, 3758096384, 0, 1]"
162380,2775731.138888889,90,0x20003a48,14920,TelemetryTask,"[14920, 536908656, 200, 0]"
162384,2775778.532407407,92,0x20003a48,14920,UartTxTask,"[14920, 3758096384, 20, 1]"
162389,2776515.657407407,92,0x200080a0,32928,UartTxTask,"[32928, 3758096384, 0, 1]"
162394,2785730.439814815,90,0x20003a48,14920,TelemetryTask,"[14920, 536908656, 200, 0]"
162398,2785778.162037037,92,0x20003a48,14920,UartTxTask,"[14920, 3758096384, 20, 1]"
162403,2786514.685185185,92,0x200080a0,32928,UartTxTask,"[32928, 3758096384, 0, 1]"
162408,2795730.902777778,90,0x20003a48,14920,TelemetryTask,"[14920, 536908656, 200, 0]"
162412,2795777.907407407,92,0x20003a48,14920,UartTxTask,"[14920, 3758096384, 20, 1]"
162417,2796514.763888889,92,0x200080a0,32928,UartTxTask,"[32928, 3758096384, 0, 1]"
162422,2805730.578703704,90,0x20003a48,14920,TelemetryTask,"[14920, 536908656, 200, 0]"
162426,2805778.388888889,92,0x20003a48,14920,UartTxTask,"[14920, 3758096384, 20, 1]"
162431,2806515.1157407407,92,0x200080a0,32928,UartTxTask,"[32928, 3758096384, 0, 1]"
162436,2815730.796296296,90,0x20003a48,14920,TelemetryTask,"[14920, 536908656, 200, 0]"
162440,2815778.189814815,92,0x20003a48,14920,UartTxTask,"[14920, 3758096384, 20, 1]"
162445,2816515.513888889,92,0x200080a0,32928,UartTxTask,"[32928, 3758096384, 0, 1]"
162450,2825731.5185185187,90,0x20003a48,14920,TelemetryTask,"[14920, 536908656, 200, 0]"
162454,2825779.5694444445,92,0x20003a48,14920,UartTxTask,"[14920, 3758096384, 20, 1]"
162459,2826516.4907407407,92,0x200080a0,32928,UartTxTask,"[32928, 3758096384, 0, 1]"
162464,2835730.800925926,90,0x20003a48,14920,TelemetryTask,"[14920, 536908656, 200, 0]"
162468,2835778.5185185187,92,0x20003a48,14920,UartTxTask,"[14920, 3758096384, 20, 1]"
162473,2836516.037037037,92,0x200080a0,32928,UartTxTask,"[32928, 3758096384, 0, 1]"
162478,2845730.8333333335,90,0x20003a48,14920,TelemetryTask,"[14920, 536908656, 200, 0]"
162482,2845778.777777778,92,0x20003a48,14920,UartTxTask,"[14920, 3758096384, 20, 1]"
162487,2846515.953703704,92,0x200080a0,32928,UartTxTask,"[32928, 3758096384, 0, 1]"
162492,2855730.5694444445,90,0x20003a48,14920,TelemetryTask,"[14920, 536908656, 200, 0]"
162496,2855778.3055555555,92,0x20003a48,14920,UartTxTask,"[14920, 3758096384, 20, 1]"
162501,2856515.625,92,0x200080a0,32928,UartTxTask,"[32928, 3758096384, 0, 1]"
162506,2865730.6481481483,90,0x20003a48,14920,TelemetryTask,"[14920, 536908656, 200, 0]"
162510,2865778.1944444445,92,0x20003a48,14920,UartTxTask,"[14920, 3758096384, 20, 1]"
162515,2866515.3796296297,92,0x200080a0,32928,UartTxTask,"[32928, 3758096384, 0, 1]"
162520,2875730.8842592593,90,0x20003a48,14920,TelemetryTask,"[14920, 536908656, 200, 0]"
162524,2875779.064814815,92,0x20003a48,14920,UartTxTask,"[14920, 3758096384, 20, 1]"
162529,2876516.171296296,92,0x200080a0,32928,UartTxTask,"[32928, 3758096384, 0, 1]"
162534,2885732.435185185,90,0x20003a48,14920,TelemetryTask,"[14920, 536908656, 200, 0]"
162538,2885779.7268518517,92,0x20003a48,14920,UartTxTask,"[14920, 3758096384, 20, 1]"
162543,2886516.8796296297,92,0x200080a0,32928,UartTxTask,"[32928, 3758096384, 0, 1]"
162548,2895730.875,90,0x20003a48,14920,TelemetryTask,"[14920, 536908656, 200, 0]"
162552,2895778.3055555555,92,0x20003a48,14920,UartTxTask,"[14920, 3758096384, 20, 1]"
162557,2896515.074074074,92,0x200080a0,32928,UartTxTask,"[32928, 3758096384, 0, 1]"
162562,2905730.949074074,90,0x20003a48,14920,TelemetryTask,"[14920, 536908656, 200, 0]"
162566,2905778.9444444445,92,0x20003a48,14920,UartTxTask,"[14920, 3758096384, 20, 1]"
162571,2906515.537037037,92,0x200080a0,32928,UartTxTask,"[32928, 3758096384, 0, 1]"
162576,2915730.9305555555,90,0x20003a48,14920,TelemetryTask,"[14920, 536908656, 200, 0]"
162580,2915779.263888889,92,0x20003a48,14920,UartTxTask,"[14920, 3758096384, 20, 1]"
162585,2916516.699074074,92,0x200080a0,32928,UartTxTask,"[32928, 3758096384, 0, 1]"
162590,2925730.75,90,0x20003a48,14920,TelemetryTask,"[14920, 536908656, 200, 0]"
162594,2925778.3657407407,92,0x20003a48,14920,UartTxTask,"[14920, 3758096384, 20, 1]"
162599,2926515.8796296297,92,0x200080a0,32928,UartTxTask,"[32928, 3758096384, 0, 1]"
162604,2935731.138888889,90,0x20003a48,14920,TelemetryTask,"[14920, 536908656, 200, 0]"
162608,2935778.9814814813,92,0x20003a48,14920,UartTxTask,"[14920, 3758096384, 20, 1]"
162613,2936515.8935185187,92,0x200080a0,32928,UartTxTask,"[32928, 3758096384, 0, 1]"
162618,2945730.3194444445,90,0x20003a48,14920,TelemetryTask,"[14920, 536908656, 200, 0]"
162622,2945777.972222222,92,0x20003a48,14920,UartTxTask,"[14920, 3758096384, 20, 1]"
162627,2946515.361111111,92,0x200080a0,32928,UartTxTask,"[32928, 3758096384, 0, 1]"
162632,2955731.578703704,90,0x20003a48,14920,TelemetryTask,"[14920, 536908656, 200, 0]"
162636,2955779.7592592593,92,0x20003a48,14920,UartTxTask,"[14920, 3758096384, 20, 1]"
162641,2956516.6805555555,92,0x200080a0,32928,UartTxTask,"[32928, 3758096384, 0, 1]"
162646,2965730.324074074,90,0x20003a48,14920,TelemetryTask,"[14920, 536908656, 200, 0]"
162650,2965778.4814814813,92,0x20003a48,14920,UartTxTask,"[14920, 3758096384, 20, 1]"
162655,2966515.5185185187,92,0x200080a0,32928,UartTxTask,"[32928, 3758096384, 0, 1]"
162660,2975730.9305555555,90,0x20003a48,14920,TelemetryTask,"[14920, 536908656, 200, 0]"
162664,2975778.25,92,0x20003a48,14920,UartTxTask,"[14920, 3758096384, 20, 1]"
162669,2976514.953703704,92,0x200080a0,32928,UartTxTask,"[32928, 3758096384, 0, 1]"
162674,2985730.8981481483,90,0x20003a48,14920,TelemetryTask,"[14920, 536908656, 200, 0]"
162678,2985779.217592593,92,0x20003a48,14920,UartTxTask,"[14920, 3758096384, 20, 1]"
162683,2986516.212962963,92,0x200080a0,32928,UartTxTask,"[32928, 3758096384, 0, 1]"
162688,2995731.097222222,90,0x20003a48,14920,TelemetryTask,"[14920, 536908656, 200, 0]"
162692,2995778.388888889,92,0x20003a48,14920,UartTxTask,"[14920, 3758096384, 20, 1]"
162697,2996515.3981481483,92,0x200080a0,32928,UartTxTask,"[32928, 3758096384, 0, 1]"
162702,3005731.8796296297,90,0x20003a48,14920,TelemetryTask,"[14920, 536908656, 200, 0]"
162706,3005779.777777778,92,0x20003a48,14920,UartTxTask,"[14920, 3758096384, 20, 1]"
162711,3006516.5833333335,92,0x200080a0,32928,UartTxTask,"[32928, 3758096384, 0, 1]"
162716,3015730.4768518517,90,0x20003a48,14920,TelemetryTask,"[14920, 536908656, 200, 0]"
162720,3015778.0694444445,92,0x20003a48,14920,UartTxTask,"[14920, 3758096384, 20, 1]"
162725,3016514.5185185187,92,0x200080a0,32928,UartTxTask,"[32928, 3758096384, 0, 1]"
162730,3025730.611111111,90,0x20003a48,14920,TelemetryTask,"[14920, 536908656, 200, 0]"
162734,3025778.657407407,92,0x20003a48,14920,UartTxTask,"[14920, 3758096384, 20, 1]"
162739,3026515.050925926,92,0x200080a0,32928,UartTxTask,"[32928, 3758096384, 0, 1]"
162744,3035731.685185185,90,0x20003a48,14920,TelemetryTask,"[14920, 536908656, 200, 0]"
162748,3035779.2314814813,92,0x20003a48,14920,UartTxTask,"[14920, 3758096384, 20, 1]"
162753,3036516.560185185,92,0x200080a0,32928,UartTxTask,"[32928, 3758096384, 0, 1]"
162758,3045730.5046296297,90,0x20003a48,14920,TelemetryTask,"[14920, 536908656, 200, 0]"
162762,3045778.1944444445,92,0x20003a48,14920,UartTxTask,"[14920, 3758096384, 20, 1]"
162767,3046515.6018518517,92,0x200080a0,32928,UartTxTask,"[32928, 3758096384, 0, 1]"
162772,3055731.3333333335,90,0x20003a48,14920,TelemetryTask,"[14920, 536908656, 200, 0]"
162776,3055778.439814815,92,0x20003a48,14920,UartTxTask,"[14920, 3758096384, 20, 1]"
162781,3056515.736111111,92,0x200080a0,32928,UartTxTask,"[32928, 3758096384, 0, 1]"
162786,3065731.125,90,0x20003a48,14920,TelemetryTask,"[14920, 536908656, 200, 0]"
162790,3065779.537037037,92,0x20003a48,14920,UartTxTask,"[14920, 3758096384, 20, 1]"
162795,3066515.9768518517,92,0x200080a0,32928,UartTxTask,"[32928, 3758096384, 0, 1]"
162800,3075731.263888889,90,0x20003a48,14920,TelemetryTask,"[14920, 536908656, 200, 0]"
162804,3075779.2453703703,92,0x20003a48,14920,UartTxTask,"[14920, 3758096384, 20, 1]"
162809,3076516.222222222,92,0x200080a0,32928,UartTxTask,"[32928, 3758096384, 0, 1]"
162814,3085731.032407407,90,0x20003a48,14920,TelemetryTask,"[14920, 536908656, 200, 0]"
162818,3085778.722222222,92,0x20003a48,14920,UartTxTask,"[14920, 3758096384, 20, 1]"
162823,3086515.310185185,92,0x200080a0,32928,UartTxTask,"[32928, 3758096384, 0, 1]"
162828,3095730.189814815,90,0x20003a48,14920,TelemetryTask,"[14920, 536908656, 200, 0]"
162832,3095778.7916666665,92,0x20003a48,14920,UartTxTask,"[14920, 3758096384, 20, 1]"
162837,3096515.652777778,92,0x200080a0,32928,UartTxTask,"[32928, 3758096384, 0, 1]"
162842,3105731.1203703703,90,0x20003a48,14920,TelemetryTask,"[14920, 536908656, 200, 0]"
162846,3105778.1203703703,92,0x20003a48,14920,UartTxTask,"[14920, 3758096384, 20, 1]"
162851,3106515.2453703703,92,0x200080a0,32928,UartTxTask,"[32928, 3758096384, 0, 1]"
162856,3115730.6666666665,90,0x20003a48,14920,TelemetryTask,"[14920, 536908656, 200, 0]"
162860,3115778.171296296,92,0x20003a48,14920,UartTxTask,"[14920, 3758096384, 20, 1]"
162865,3116515.3703703703,92,0x200080a0,32928,UartTxTask,"[32928, 3758096384, 0, 1]"
162870,3125731.2453703703,90,0x20003a48,14920,TelemetryTask,"[14920, 536908656, 200, 0]"
162874,3125778.7685185187,92,0x20003a48,14920,UartTxTask,"[14920, 3758096384, 20, 1]"
162879,3126515.0416666665,92,0x200080a0,32928,UartTxTask,"[32928, 3758096384, 0, 1]"
162884,3135730.2592592593,90,0x20003a48,14920,TelemetryTask,"[14920, 536908656, 200, 0]"
162888,3135779.0231481483,92,0x20003a48,14920,UartTxTask,"[14920, 3758096384, 20, 1]"
162893,3136516.282407407,92,0x200080a0,32928,UartTxTask,"[32928, 3758096384, 0, 1]"
162898,3145730.736111111,90,0x20003a48,14920,TelemetryTask,"[14920, 536908656, 200, 0]"
162902,3145779.111111111,92,0x20003a48,14920,UartTxTask,"[14920, 3758096384, 20, 1]"
162907,3146516.1481481483,92,0x200080a0,32928,UartTxTask,"[32928, 3758096384, 0, 1]"
162912,3155731.388888889,90,0x20003a48,14920,TelemetryTask,"[14920, 536908656, 200, 0]"
162916,3155779.1666666665,92,0x20003a48,14920,UartTxTask,"[14920, 3758096384, 20, 1]"
162921,3156516.3194444445,92,0x200080a0,32928,UartTxTask,"[32928, 3758096384, 0, 1]"
162926,3165731.763888889,90,0x20003a48,14920,TelemetryTask,"[14920, 536908656, 200, 0]"
162930,3165779.875,92,0x20003a48,14920,UartTxTask,"[14920, 3758096384, 20, 1]"
162935,3166517.1666666665,92,0x200080a0,32928,UartTxTask,"[32928, 3758096384, 0, 1]"
162940,3175731.162037037,90,0x20003a48,14920,TelemetryTask,"[14920, 536908656, 200, 0]"
162944,3175779.0231481483,92,0x20003a48,14920,UartTxTask,"[14920, 3758096384, 20, 1]"
162949,3176516.0,92,0x200080a0,32928,UartTxTask,"[32928, 3758096384, 0, 1]"
162954,3185731.513888889,90,0x20003a48,14920,TelemetryTask,"[14920, 536908656, 200, 0]"
162958,3185779.1944444445,92,0x20003a48,14920,UartTxTask,"[14920, 3758096384, 20, 1]"
162963,3186516.0092592593,92,0x200080a0,32928,UartTxTask,"[32928, 3758096384, 0, 1]"
162968,3195731.3194444445,90,0x20003a48,14920,TelemetryTask,"[14920, 536908656, 200, 0]"
162972,3195778.9166666665,92,0x20003a48,14920,UartTxTask,"[14920, 3758096384, 20, 1]"
162977,3196515.712962963,92,0x200080a0,32928,UartTxTask,"[32928, 3758096384, 0, 1]"
162982,3205729.3703703703,90,0x20003a48,14920,TelemetryTask,"[14920, 536908656, 200, 0]"
162986,3205777.3657407407,92,0x20003a48,14920,UartTxTask,"[14920, 3758096384, 20, 1]"
162991,3206514.314814815,92,0x200080a0,32928,UartTxTask,"[32928, 3758096384, 0, 1]"
162996,3215730.8703703703,90,0x20003a48,14920,TelemetryTask,"[14920, 536908656, 200, 0]"
163000,3215779.537037037,92,0x20003a48,14920,UartTxTask,"[14920, 3758096384, 20, 1]"
163005,3216516.3842592593,92,0x200080a0,32928,UartTxTask,"[32928, 3758096384, 0, 1]"
163010,3225730.7731481483,90,0x20003a48,14920,TelemetryTask,"[14920, 536908656, 200, 0]"
163014,3225778.2268518517,92,0x20003a48,14920,UartTxTask,"[14920, 3758096384, 20, 1]"
163019,3226515.6342592593,92,0x200080a0,32928,UartTxTask,"[32928, 3758096384, 0, 1]"
163024,3235730.199074074,90,0x20003a48,14920,TelemetryTask,"[14920, 536908656, 200, 0]"
163028,3235777.787037037,92,0x20003a48,14920,UartTxTask,"[14920, 3758096384, 20, 1]"
163033,3236514.8981481483,92,0x200080a0,32928,UartTxTask,"[32928, 3758096384, 0, 1]"
163038,3245731.300925926,90,0x20003a48,14920,TelemetryTask,"[14920, 536908656, 200, 0]"
163042,3245779.0092592593,92,0x20003a48,14920,UartTxTask,"[14920, 3758096384, 20, 1]"
163047,3246515.8796296297,92,0x200080a0,32928,UartTxTask,"[32928, 3758096384, 0, 1]"
163052,3255731.439814815,90,0x20003a48,14920,TelemetryTask,"[14920, 536908656, 200, 0]"
163056,3255779.3564814813,92,0x20003a48,14920,UartTxTask,"[14920, 3758096384, 20, 1]"
163061,3256516.046296296,92,0x200080a0,32928,UartTxTask,"[32928, 3758096384, 0, 1]"
163066,3265730.314814815,90,0x20003a48,14920,TelemetryTask,"[14920, 536908656, 200, 0]"
163070,3265778.314814815,92,0x20003a48,14920,UartTxTask,"[14920, 3758096384, 20, 1]"
163075,3266515.8796296297,92,0x200080a0,32928,UartTxTask,"[32928, 3758096384, 0, 1]"
163080,3275731.0185185187,90,0x20003a48,14920,TelemetryTask,"[14920, 536908656, 200, 0]"
163084,3275778.8657407407,92,0x20003a48,14920,UartTxTask,"[14920, 3758096384, 20, 1]"
163089,3276515.462962963,92,0x200080a0,32928,UartTxTask,"[32928, 3758096384, 0, 1]"
163094,3285731.800925926,90,0x20003a48,14920,TelemetryTask,"[14920, 536908656, 200, 0]"
163098,3285779.2592592593,92,0x20003a48,14920,UartTxTask,"[14920, 3758096384, 20, 1]"
163103,3286516.037037037,92,0x200080a0,32928,UartTxTask,"[32928, 3758096384, 0, 1]"
163108,3295731.472222222,90,0x20003a48,14920,TelemetryTask,"[14920, 536908656, 200, 0]"
163112,3295778.6481481483,92,0x20003a48,14920,UartTxTask,"[14920, 3758096384, 20, 1]"
163117,3296515.388888889,92,0x200080a0,32928,UartTxTask,"[32928, 3758096384, 0, 1]"
163122,3305731.0092592593,90,0x20003a48,14920,TelemetryTask,"[14920, 536908656, 200, 0]"
163126,3305778.578703704,92,0x20003a48,14920,UartTxTask,"[14920, 3758096384, 20, 1]"
163131,3306515.337962963,92,0x200080a0,32928,UartTxTask,"[32928, 3758096384, 0, 1]"
163136,3315730.782407407,90,0x20003a48,14920,TelemetryTask,"[14920, 536908656, 200, 0]"
163140,3315778.361111111,92,0x20003a48,14920,UartTxTask,"[14920, 3758096384, 20, 1]"
163145,3316515.171296296,92,0x200080a0,32928,UartTxTask,"[32928, 3758096384, 0, 1]"
163150,3325731.111111111,90,0x20003a48,14920,TelemetryTask,"[14920, 536908656, 200, 0]"
163154,3325778.5046296297,92,0x20003a48,14920,UartTxTask,"[14920, 3758096384, 20, 1]"
163159,3326515.907407407,92,0x200080a0,32928,UartTxTask,"[32928, 3758096384, 0, 1]"
163164,3335730.8981481483,90,0x20003a48,14920,TelemetryTask,"[14920, 536908656, 200, 0]"
163168,3335778.8796296297,92,0x20003a48,14920,UartTxTask,"[14920, 3758096384, 20, 1]"
163173,3336515.671296296,92,0x200080a0,32928,UartTxTask,"[32928, 3758096384, 0, 1]"
163178,3345731.7592592593,90,0x20003a48,14920,TelemetryTask,"[14920, 536908656, 200, 0]"
163182,3345779.199074074,92,0x20003a48,14920,UartTxTask,"[14920, 3758096384, 20, 1]"
163187,3346516.078703704,92,0x200080a0,32928,UartTxTask,"[32928, 3758096384, 0, 1]"
163192,3355731.4166666665,90,0x20003a48,14920,TelemetryTask,"[14920, 536908656, 200, 0]"
163196,3355778.75,92,0x20003a48,14920,UartTxTask,"[14920, 3758096384, 20, 1]"
163201,3356516.0231481483,92,0x200080a0,32928,UartTxTask,"[32928, 3758096384, 0, 1]"
163206,3365731.3564814813,90,0x20003a48,14920,TelemetryTask,"[14920, 536908656, 200, 0]"
163210,3365778.8842592593,92,0x20003a48,14920,UartTxTask,"[14920, 3758096384, 20, 1]"
163215,3366515.5231481483,92,0x200080a0,32928,UartTxTask,"[32928, 3758096384, 0, 1]"
163220,3375730.314814815,90,0x20003a48,14920,TelemetryTask,"[14920, 536908656, 200, 0]"
163224,3375777.7592592593,92,0x20003a48,14920,UartTxTask,"[14920, 3758096384, 20, 1]"
163229,3376514.662037037,92,0x200080a0,32928,UartTxTask,"[32928, 3758096384, 0, 1]"
163234,3385731.5,90,0x20003a48,14920,TelemetryTask,"[14920, 536908656, 200, 0]"
163238,3385779.217592593,92,0x20003a48,14920,UartTxTask,"[14920, 3758096384, 20, 1]"
163243,3386516.4305555555,92,0x200080a0,32928,UartTxTask,"[32928, 3758096384, 0, 1]"
163248,3395731.189814815,90,0x20003a48,14920,TelemetryTask,"[14920, 536908656, 200, 0]"
163252,3395779.199074074,92,0x20003a48,14920,UartTxTask,"[14920, 3758096384, 20, 1]"
163257,3396515.962962963,92,0x200080a0,32928,UartTxTask,"[32928, 3758096384, 0, 1]"
163262,3405731.092592593,90,0x20003a48,14920,TelemetryTask,"[14920, 536908656, 200, 0]"
163266,3405779.6342592593,92,0x20003a48,14920,UartTxTask,"[14920, 3758096384, 20, 1]"
163271,3406516.6064814813,92,0x200080a0,32928,UartTxTask,"[32928, 3758096384, 0, 1]"
163276,3415730.888888889,90,0x20003a48,14920,TelemetryTask,"[14920, 536908656, 200, 0]"
163280,3415778.453703704,92,0x20003a48,14920,UartTxTask,"[14920, 3758096384, 20, 1]"
163284,3416002.8194444445,96,0x20003970,14704,ISR#56,"[14704, 537198440]"
163288,3416034.1018518517,92,0x20003970,14704,ButtonTask,"[14704, 3758096384, 4294967295, 1]"
163289,3416126.328703704,90,0x20003a48,14920,ButtonTask,"[14920, 536906932, 200, 0]"
163294,3416509.472222222,92,0x200080a0,32928,UartTxTask,"[32928, 3758096384, 0, 1]"
163295,3416518.203703704,92,0x20003a48,14920,UartTxTask,"[14920, 3758096384, 20, 1]"
163300,3417253.0694444445,92,0x200080a0,32928,UartTxTask,"[32928, 3758096384, 0, 1]"
163305,3425730.875,90,0x20003a48,14920,TelemetryTask,"[14920, 536908656, 200, 0]"
163309,3425778.810185185,92,0x20003a48,14920,UartTxTask,"[14920, 3758096384, 20, 1]"
163314,3426515.203703704,92,0x200080a0,32928,UartTxTask,"[32928, 3758096384, 0, 1]"
163319,3435730.6064814813,90,0x20003a48,14920,TelemetryTask,"[14920, 536908656, 200, 0]"
163323,3435778.5694444445,92,0x20003a48,14920,UartTxTask,"[14920, 3758096384, 20, 1]"
163328,3436515.449074074,92,0x200080a0,32928,UartTxTask,"[32928, 3758096384, 0, 1]"
163333,3445731.1481481483,90,0x20003a48,14920,TelemetryTask,"[14920, 536908656, 200, 0]"
163337,3445779.032407407,92,0x20003a48,14920,UartTxTask,"[14920, 3758096384, 20, 1]"
163342,3446516.532407407,92,0x200080a0,32928,UartTxTask,"[32928, 3758096384, 0, 1]"
163347,3455730.3564814813,90,0x20003a48,14920,TelemetryTask,"[14920, 536908656, 200, 0]"
163351,3455778.3055555555,92,0x20003a48,14920,UartTxTask,"[14920, 3758096384, 20, 1]"
163356,3456515.412037037,92,0x200080a0,32928,UartTxTask,"[32928, 3758096384, 0, 1]"
163361,3465731.587962963,90,0x20003a48,14920,TelemetryTask,"[14920, 536908656, 200, 0]"
163365,3465779.296296296,92,0x20003a48,14920,UartTxTask,"[14920, 3758096384, 20, 1]"
163370,3466516.7453703703,92,0x200080a0,32928,UartTxTask,"[32928, 3758096384, 0, 1]"
163375,3475730.717592593,90,0x20003a48,14920,TelemetryTask,"[14920, 536908656, 200, 0]"
163379,3475778.2685185187,92,0x20003a48,14920,UartTxTask,"[14920, 3758096384, 20, 1]"
163384,3476515.4305555555,92,0x200080a0,32928,UartTxTask,"[32928, 3758096384, 0, 1]"
163389,3485730.810185185,90,0x20003a48,14920,TelemetryTask,"[14920, 536908656, 200, 0]"
163393,3485778.8564814813,92,0x20003a48,14920,UartTxTask,"[14920, 3758096384, 20, 1]"
163398,3486515.782407407,92,0x200080a0,32928,UartTxTask,"[32928, 3758096384, 0, 1]"
163403,3495731.1944444445,90,0x20003a48,14920,TelemetryTask,"[14920, 536908656, 200, 0]"
163407,3495779.347222222,92,0x20003a48,14920,UartTxTask,"[14920, 3758096384, 20, 1]"
163412,3496516.162037037,92,0x200080a0,32928,UartTxTask,"[32928, 3758096384, 0, 1]"
163417,3505730.0046296297,90,0x20003a48,14920,TelemetryTask,"[14920, 536908656, 200, 0]"
163421,3505777.9583333335,92,0x20003a48,14920,UartTxTask,"[14920, 3758096384, 20, 1]"
163426,3506514.921296296,92,0x200080a0,32928,UartTxTask,"[32928, 3758096384, 0, 1]"
163431,3515729.657407407,90,0x20003a48,14920,TelemetryTask,"[14920, 536908656, 200, 0]"
163435,3515777.449074074,92,0x20003a48,14920,UartTxTask,"[14920, 3758096384, 20, 1]"
163440,3516514.6666666665,92,0x200080a0,32928,UartTxTask,"[32928, 3758096384, 0, 1]"
163445,3525730.564814815,90,0x20003a48,14920,TelemetryTask,"[14920, 536908656, 200, 0]"
163449,3525778.199074074,92,0x20003a48,14920,UartTxTask,"[14920, 3758096384, 20, 1]"
163454,3526515.0,92,0x200080a0,32928,UartTxTask,"[32928, 3758096384, 0, 1]"
163459,3535730.537037037,90,0x20003a48,14920,TelemetryTask,"[14920, 536908656, 200, 0]"
163463,3535778.689814815,92,0x20003a48,14920,UartTxTask,"[14920, 3758096384, 20, 1]"
163468,3536516.157407407,92,0x200080a0,32928,UartTxTask,"[32928, 3758096384, 0, 1]"
163473,3545731.5416666665,90,0x20003a48,14920,TelemetryTask,"[14920, 536908656, 200, 0]"
163477,3545778.986111111,92,0x20003a48,14920,UartTxTask,"[14920, 3758096384, 20, 1]"
163482,3546515.888888889,92,0x200080a0,32928,UartTxTask,"[32928, 3758096384, 0, 1]"
163487,3555730.425925926,90,0x20003a48,14920,TelemetryTask,"[14920, 536908656, 200, 0]"
163491,3555778.3842592593,92,0x20003a48,14920,UartTxTask,"[14920, 3758096384, 20, 1]"
163496,3556515.7453703703,92,0x200080a0,32928,UartTxTask,"[32928, 3758096384, 0, 1]"
163501,3565730.537037037,90,0x20003a48,14920,TelemetryTask,"[14920, 536908656, 200, 0]"
163505,3565779.097222222,92,0x20003a48,14920,UartTxTask,"[14920, 3758096384, 20, 1]"
163510,3566515.787037037,92,0x200080a0,32928,UartTxTask,"[32928, 3758096384, 0, 1]"
163515,3575730.810185185,90,0x20003a48,14920,TelemetryTask,"[14920, 536908656, 200, 0]"
163519,3575778.662037037,92,0x20003a48,14920,UartTxTask,"[14920, 3758096384, 20, 1]"
163524,3576515.8657407407,92,0x200080a0,32928,UartTxTask,"[32928, 3758096384, 0, 1]"
163529,3585731.375,90,0x20003a48,14920,TelemetryTask,"[14920, 536908656, 200, 0]"
163533,3585778.9768518517,92,0x20003a48,14920,UartTxTask,"[14920, 3758096384, 20, 1]"
163538,3586515.703703704,92,0x200080a0,32928,UartTxTask,"[32928, 3758096384, 0, 1]"
163543,3595731.2546296297,90,0x20003a48,14920,TelemetryTask,"[14920, 536908656, 200, 0]"
163547,3595779.217592593,92,0x20003a48,14920,UartTxTask,"[14920, 3758096384, 20, 1]"
163552,3596515.912037037,92,0x200080a0,32928,UartTxTask,"[32928, 3758096384, 0, 1]"
163557,3605731.032407407,90,0x20003a48,14920,TelemetryTask,"[14920, 536908656, 200, 0]"
163561,3605778.972222222,92,0x20003a48,14920,UartTxTask,"[14920, 3758096384, 20, 1]"
163566,3606516.1018518517,92,0x200080a0,32928,UartTxTask,"[32928, 3758096384, 0, 1]"
163571,3615731.175925926,90,0x20003a48,14920,TelemetryTask,"[14920, 536908656, 200, 0]"
163575,3615778.8194444445,92,0x20003a48,14920,UartTxTask,"[14920, 3758096384, 20, 1]"
163580,3616515.875,92,0x200080a0,32928,UartTxTask,"[32928, 3758096384, 0, 1]"
163585,3625731.4907407407,90,0x20003a48,14920,TelemetryTask,"[14920, 536908656, 200, 0]"
163589,3625779.2546296297,92,0x20003a48,14920,UartTxTask,"[14920, 3758096384, 20, 1]"
163594,3626516.467592593,92,0x200080a0,32928,UartTxTask,"[32928, 3758096384, 0, 1]"
163599,3635731.3796296297,90,0x20003a48,14920,TelemetryTask,"[14920, 536908656, 200, 0]"
163603,3635779.671296296,92,0x20003a48,14920,UartTxTask,"[14920, 3758096384, 20, 1]"
163608,3636516.25,92,0x200080a0,32928,UartTxTask,"[32928, 3758096384, 0, 1]"
163613,3645730.657407407,90,0x20003a48,14920,TelemetryTask,"[14920, 536908656, 200, 0]"
163617,3645778.361111111,92,0x20003a48,14920,UartTxTask,"[14920, 3758096384, 20, 1]"
163622,3646515.592592593,92,0x200080a0,32928,UartTxTask,"[32928, 3758096384, 0, 1]"
163627,3655730.953703704,90,0x20003a48,14920,TelemetryTask,"[14920, 536908656, 200, 0]"
163631,3655779.564814815,92,0x20003a48,14920,UartTxTask,"[14920, 3758096384, 20, 1]"
163636,3656516.6018518517,92,0x200080a0,32928,UartTxTask,"[32928, 3758096384, 0, 1]"
163641,3665730.527777778,90,0x20003a48,14920,TelemetryTask,"[14920, 536908656, 200, 0]"
163645,3665778.3703703703,92,0x20003a48,14920,UartTxTask,"[14920, 3758096384, 20, 1]"
163650,3666515.7083333335,92,0x200080a0,32928,UartTxTask,"[32928, 3758096384, 0, 1]"
163655,3675729.546296296,90,0x20003a48,14920,TelemetryTask,"[14920, 536908656, 200, 0]"
163659,3675777.7453703703,92,0x20003a48,14920,UartTxTask,"[14920, 3758096384, 20, 1]"
163664,3676514.587962963,92,0x200080a0,32928,UartTxTask,"[32928, 3758096384, 0, 1]"
163669,3685730.8935185187,90,0x20003a48,14920,TelemetryTask,"[14920, 536908656, 200, 0]"
163673,3685778.782407407,92,0x20003a48,14920,UartTxTask,"[14920, 3758096384, 20, 1]"
163678,3686516.1481481483,92,0x200080a0,32928,UartTxTask,"[32928, 3758096384, 0, 1]"
163683,3695731.125,90,0x20003a48,14920,TelemetryTask,"[14920, 536908656, 200, 0]"
163687,3695778.222222222,92,0x20003a48,14920,UartTxTask,"[14920, 3758096384, 20, 1]"
163692,3696515.3564814813,92,0x200080a0,32928,UartTxTask,"[32928, 3758096384, 0, 1]"
163697,3705730.921296296,90,0x20003a48,14920,TelemetryTask,"[14920, 536908656, 200, 0]"
163701,3705779.0185185187,92,0x20003a48,14920,UartTxTask,"[14920, 3758096384, 20, 1]"
163706,3706516.2083333335,92,0x200080a0,32928,UartTxTask,"[32928, 3758096384, 0, 1]"
163711,3715731.3194444445,90,0x20003a48,14920,TelemetryTask,"[14920, 536908656, 200, 0]"
163715,3715779.4814814813,92,0x20003a48,14920,UartTxTask,"[14920, 3758096384, 20, 1]"
163720,3716516.921296296,92,0x200080a0,32928,UartTxTask,"[32928, 3758096384, 0, 1]"
163725,3725730.472222222,90,0x20003a48,14920,TelemetryTask,"[14920, 536908656, 200, 0]"
163729,3725778.097222222,92,0x20003a48,14920,UartTxTask,"[14920, 3758096384, 20, 1]"
163734,3726515.412037037,92,0x200080a0,32928,UartTxTask,"[32928, 3758096384, 0, 1]"
163739,3735731.3055555555,90,0x20003a48,14920,TelemetryTask,"[14920, 536908656, 200, 0]"
163743,3735778.6805555555,92,0x20003a48,14920,UartTxTask,"[14920, 3758096384, 20, 1]"
163748,3736516.2592592593,92,0x200080a0,32928,UartTxTask,"[32928, 3758096384, 0, 1]"
163753,3745731.078703704,90,0x20003a48,14920,TelemetryTask,"[14920, 536908656, 200, 0]"
163757,3745778.875,92,0x20003a48,14920,UartTxTask,"[14920, 3758096384, 20, 1]"
163762,3746516.5833333335,92,0x200080a0,32928,UartTxTask,"[32928, 3758096384, 0, 1]"
163767,3755730.3333333335,90,0x20003a48,14920,TelemetryTask,"[14920, 536908656, 200, 0]"
163771,3755778.6342592593,92,0x20003a48,14920,UartTxTask,"[14920, 3758096384, 20, 1]"
163776,3756515.9444444445,92,0x200080a0,32928,UartTxTask,"[32928, 3758096384, 0, 1]"
163781,3765730.828703704,90,0x20003a48,14920,TelemetryTask,"[14920, 536908656, 200, 0]"
163785,3765778.7685185187,92,0x20003a48,14920,UartTxTask,"[14920, 3758096384, 20, 1]"
163790,3766515.712962963,92,0x200080a0,32928,UartTxTask,"[32928, 3758096384, 0, 1]"
163795,3775731.027777778,90,0x20003a48,14920,TelemetryTask,"[14920, 536908656, 200, 0]"
163799,3775778.7546296297,92,0x20003a48,14920,UartTxTask,"[14920, 3758096384, 20, 1]"
163804,3776515.722222222,92,0x200080a0,32928,UartTxTask,"[32928, 3758096384, 0, 1]"
163809,3785730.324074074,90,0x20003a48,14920,TelemetryTask,"[14920, 536908656, 200, 0]"
163813,3785777.782407407,92,0x20003a48,14920,UartTxTask,"[14920, 3758096384, 20, 1]"
163818,3786514.3055555555,92,0x200080a0,32928,UartTxTask,"[32928, 3758096384, 0, 1]"
163823,3795730.5555555555,90,0x20003a48,14920,TelemetryTask,"[14920, 536908656, 200, 0]"
163827,3795777.7453703703,92,0x20003a48,14920,UartTxTask,"[14920, 3758096384, 20, 1]"
163832,3796515.3935185187,92,0x200080a0,32928,UartTxTask,"[32928, 3758096384, 0, 1]"
163837,3805730.861111111,90,0x20003a48,14920,TelemetryTask,"[14920, 536908656, 200, 0]"
163841,3805778.824074074,92,0x20003a48,14920,UartTxTask,"[14920, 3758096384, 20, 1]"
163846,3806515.712962963,92,0x200080a0,32928,UartTxTask,"[32928, 3758096384, 0, 1]"
163851,3815731.162037037,90,0x20003a48,14920,TelemetryTask,"[14920, 536908656, 200, 0]"
163855,3815779.078703704,92,0x20003a48,14920,UartTxTask,"[14920, 3758096384, 20, 1]"
163860,3816516.157407407,92,0x200080a0,32928,UartTxTask,"[32928, 3758096384, 0, 1]"
163865,3825729.4305555555,90,0x20003a48,14920,TelemetryTask,"[14920, 536908656, 200, 0]"
163869,3825777.8055555555,92,0x20003a48,14920,UartTxTask,"[14920, 3758096384, 20, 1]"
163874,3826514.8935185187,92,0x200080a0,32928,UartTxTask,"[32928, 3758096384, 0, 1]"
163879,3835729.9907407407,90,0x20003a48,14920,TelemetryTask,"[14920, 536908656, 200, 0]"
163883,3835777.703703704,92,0x20003a48,14920,UartTxTask,"[14920, 3758096384, 20, 1]"
163888,3836514.717592593,92,0x200080a0,32928,UartTxTask,"[32928, 3758096384, 0, 1]"
163893,3845730.9166666665,90,0x20003a48,14920,TelemetryTask,"[14920, 536908656, 200, 0]"
163897,3845778.361111111,92,0x20003a48,14920,UartTxTask,"[14920, 3758096384, 20, 1]"
163902,3846515.157407407,92,0x200080a0,32928,UartTxTask,"[32928, 3758096384, 0, 1]"
163907,3855730.7083333335,90,0x20003a48,14920,TelemetryTask,"[14920, 536908656, 200, 0]"
163911,3855778.7268518517,92,0x20003a48,14920,UartTxTask,"[14920, 3758096384, 20, 1]"
163916,3856516.152777778,92,0x200080a0,32928,UartTxTask,"[32928, 3758096384, 0, 1]"
163921,3865730.3564814813,90,0x20003a48,14920,TelemetryTask,"[14920, 536908656, 200, 0]"
163925,3865777.9768518517,92,0x20003a48,14920,UartTxTask,"[14920, 3758096384, 20, 1]"
163930,3866514.921296296,92,0x200080a0,32928,UartTxTask,"[32928, 3758096384, 0, 1]"
163935,3875731.217592593,90,0x20003a48,14920,TelemetryTask,"[14920, 536908656, 200, 0]"
163939,3875779.013888889,92,0x20003a48,14920,UartTxTask,"[14920, 3758096384, 20, 1]"
163944,3876516.796296296,92,0x200080a0,32928,UartTxTask,"[32928, 3758096384, 0, 1]"
163949,3885730.5185185187,90,0x20003a48,14920,TelemetryTask,"[14920, 536908656, 200, 0]"
163953,3885777.689814815,92,0x20003a48,14920,UartTxTask,"[14920, 3758096384, 20, 1]"
163958,3886514.800925926,92,0x200080a0,32928,UartTxTask,"[32928, 3758096384, 0, 1]"
163963,3895730.7083333335,90,0x20003a48,14920,TelemetryTask,"[14920, 536908656, 200, 0]"
163967,3895778.199074074,92,0x20003a48,14920,UartTxTask,"[14920, 3758096384, 20, 1]"
163972,3896514.9305555555,92,0x200080a0,32928,UartTxTask,"[32928, 3758096384, 0, 1]"
163977,3905730.222222222,90,0x20003a48,14920,TelemetryTask,"[14920, 536908656, 200, 0]"
163981,3905778.25,92,0x20003a48,14920,UartTxTask,"[14920, 3758096384, 20, 1]"
163986,3906515.222222222,92,0x200080a0,32928,UartTxTask,"[32928, 3758096384, 0, 1]"
163991,3915730.0231481483,90,0x20003a48,14920,TelemetryTask,"[14920, 536908656, 200, 0]"
163995,3915778.050925926,92,0x20003a48,14920,UartTxTask,"[14920, 3758096384, 20, 1]"
164000,3916515.1296296297,92,0x200080a0,32928,UartTxTask,"[32928, 3758096384, 0, 1]"
164005,3925730.550925926,90,0x20003a48,14920,TelemetryTask,"[14920, 536908656, 200, 0]"
164009,3925779.050925926,92,0x20003a48,14920,UartTxTask,"[14920, 3758096384, 20, 1]"
164014,3926515.6805555555,92,0x200080a0,32928,UartTxTask,"[32928, 3758096384, 0, 1]"
164019,3935730.3194444445,90,0x20003a48,14920,TelemetryTask,"[14920, 536908656, 200, 0]"
164023,3935777.324074074,92,0x20003a48,14920,UartTxTask,"[14920, 3758096384, 20, 1]"
164028,3936514.2083333335,92,0x200080a0,32928,UartTxTask,"[32928, 3758096384, 0, 1]"
164033,3945730.75,90,0x20003a48,14920,TelemetryTask,"[14920, 536908656, 200, 0]"
164037,3945778.152777778,92,0x20003a48,14920,UartTxTask,"[14920, 3758096384, 20, 1]"
164042,3946514.722222222,92,0x200080a0,32928,UartTxTask,"[32928, 3758096384, 0, 1]"
164047,3955731.25,90,0x20003a48,14920,TelemetryTask,"[14920, 536908656, 200, 0]"
164051,3955779.185185185,92,0x20003a48,14920,UartTxTask,"[14920, 3758096384, 20, 1]"
164056,3956516.189814815,92,0x200080a0,32928,UartTxTask,"[32928, 3758096384, 0, 1]"
164061,3965731.1203703703,90,0x20003a48,14920,TelemetryTask,"[14920, 536908656, 200, 0]"
164065,3965779.050925926,92,0x20003a48,14920,UartTxTask,"[14920, 3758096384, 20, 1]"
164070,3966515.925925926,92,0x200080a0,32928,UartTxTask,"[32928, 3758096384, 0, 1]"
164075,3975730.402777778,90,0x20003a48,14920,TelemetryTask,"[14920, 536908656, 200, 0]"
164079,3975778.236111111,92,0x20003a48,14920,UartTxTask,"[14920, 3758096384, 20, 1]"
164084,3976515.7083333335,92,0x200080a0,32928,UartTxTask,"[32928, 3758096384, 0, 1]"
164089,3985730.8657407407,90,0x20003a48,14920,TelemetryTask,"[14920, 536908656, 200, 0]"
164093,3985777.837962963,92,0x20003a48,14920,UartTxTask,"[14920, 3758096384, 20, 1]"
164098,3986515.2685185187,92,0x200080a0,32928,UartTxTask,"[32928, 3758096384, 0, 1]"
164103,3995730.486111111,90,0x20003a48,14920,TelemetryTask,"[14920, 536908656, 200, 0]"
164107,3995777.3796296297,92,0x20003a48,14920,UartTxTask,"[14920, 3758096384, 20, 1]"
164112,3996513.9305555555,92,0x200080a0,32928,UartTxTask,"[32928, 3758096384, 0, 1]"
164117,4005730.2916666665,90,0x20003a48,14920,TelemetryTask,"[14920, 536908656, 200, 0]"
164121,4005778.638888889,92,0x20003a48,14920,UartTxTask,"[14920, 3758096384, 20, 1]"
164126,4006516.157407407,92,0x200080a0,32928,UartTxTask,"[32928, 3758096384, 0, 1]"
164131,4015730.675925926,90,0x20003a48,14920,TelemetryTask,"[14920, 536908656, 200, 0]"
164135,4015777.828703704,92,0x20003a48,14920,UartTxTask,"[14920, 3758096384, 20, 1]"
164140,4016515.1342592593,92,0x200080a0,32928,UartTxTask,"[32928, 3758096384, 0, 1]"
164145,4025731.435185185,90,0x20003a48,14920,TelemetryTask,"[14920, 536908656, 200, 0]"
164149,4025779.217592593,92,0x20003a48,14920,UartTxTask,"[14920, 3758096384, 20, 1]"
164154,4026516.328703704,92,0x200080a0,32928,UartTxTask,"[32928, 3758096384, 0, 1]"
164159,4035730.6064814813,90,0x20003a48,14920,TelemetryTask,"[14920, 536908656, 200, 0]"
164163,4035778.1342592593,92,0x20003a48,14920,UartTxTask,"[14920, 3758096384, 20, 1]"
164168,4036515.203703704,92,0x200080a0,32928,UartTxTask,"[32928, 3758096384, 0, 1]"
164173,4045730.5416666665,90,0x20003a48,14920,TelemetryTask,"[14920, 536908656, 200, 0]"
164177,4045778.347222222,92,0x20003a48,14920,UartTxTask,"[14920, 3758096384, 20, 1]"
164182,4046515.277777778,92,0x200080a0,32928,UartTxTask,"[32928, 3758096384, 0, 1]"
164187,4055730.7268518517,90,0x20003a48,14920,TelemetryTask,"[14920, 536908656, 200, 0]"
164191,4055778.560185185,92,0x20003a48,14920,UartTxTask,"[14920, 3758096384, 20, 1]"
164196,4056515.2453703703,92,0x200080a0,32928,UartTxTask,"[32928, 3758096384, 0, 1]"
164201,4065730.375,90,0x20003a48,14920,TelemetryTask,"[14920, 536908656, 200, 0]"
164205,4065777.9444444445,92,0x20003a48,14920,UartTxTask,"[14920, 3758096384, 20, 1]"
164210,4066515.162037037,92,0x200080a0,32928,UartTxTask,"[32928, 3758096384, 0, 1]"
164215,4075730.703703704,90,0x20003a48,14920,TelemetryTask,"[14920, 536908656, 200, 0]"
164219,4075778.5046296297,92,0x20003a48,14920,UartTxTask,"[14920, 3758096384, 20, 1]"
164224,4076515.2731481483,92,0x200080a0,32928,UartTxTask,"[32928, 3758096384, 0, 1]"
164229,4085730.2453703703,90,0x20003a48,14920,TelemetryTask,"[14920, 536908656, 200, 0]"
164233,4085777.5,92,0x20003a48,14920,UartTxTask,"[14920, 3758096384, 20, 1]"
164238,4086514.453703704,92,0x200080a0,32928,UartTxTask,"[32928, 3758096384, 0, 1]"
164243,4095731.2592592593,90,0x20003a48,14920,TelemetryTask,"[14920, 536908656, 200, 0]"
164247,4095778.6666666665,92,0x20003a48,14920,UartTxTask,"[14920, 3758096384, 20, 1]"
164252,4096515.449074074,92,0x200080a0,32928,UartTxTask,"[32928, 3758096384, 0, 1]"
164257,4105730.064814815,90,0x20003a48,14920,TelemetryTask,"[14920, 536908656, 200, 0]"
164261,4105778.347222222,92,0x20003a48,14920,UartTxTask,"[14920, 3758096384, 20, 1]"
164266,4106515.087962963,92,0x200080a0,32928,UartTxTask,"[32928, 3758096384, 0, 1]"
164271,4115730.435185185,90,0x20003a48,14920,TelemetryTask,"[14920, 536908656, 200, 0]"
164275,4115778.328703704,92,0x20003a48,14920,UartTxTask,"[14920, 3758096384, 20, 1]"
164280,4116515.763888889,92,0x200080a0,32928,UartTxTask,"[32928, 3758096384, 0, 1]"
164285,4125730.7592592593,90,0x20003a48,14920,TelemetryTask,"[14920, 536908656, 200, 0]"
164289,4125778.064814815,92,0x20003a48,14920,UartTxTask,"[14920, 3758096384, 20, 1]"
164294,4126514.8657407407,92,0x200080a0,32928,UartTxTask,"[32928, 3758096384, 0, 1]"
164299,4135731.0185185187,90,0x20003a48,14920,TelemetryTask,"[14920, 536908656, 200, 0]"
164303,4135778.763888889,92,0x20003a48,14920,UartTxTask,"[14920, 3758096384, 20, 1]"
164308,4136515.9444444445,92,0x200080a0,32928,UartTxTask,"[32928, 3758096384, 0, 1]"
164313,4145731.2731481483,90,0x20003a48,14920,TelemetryTask,"[14920, 536908656, 200, 0]"
164317,4145778.662037037,92,0x20003a48,14920,UartTxTask,"[14920, 3758096384, 20, 1]"
164322,4146515.361111111,92,0x200080a0,32928,UartTxTask,"[32928, 3758096384, 0, 1]"
164327,4155730.407407407,90,0x20003a48,14920,TelemetryTask,"[14920, 536908656, 200, 0]"
164331,4155778.152777778,92,0x20003a48,14920,UartTxTask,"[14920, 3758096384, 20, 1]"
164336,4156515.5555555555,92,0x200080a0,32928,UartTxTask,"[32928, 3758096384, 0, 1]"
164341,4165730.8796296297,90,0x20003a48,14920,TelemetryTask,"[14920, 536908656, 200, 0]"
164345,4165778.675925926,92,0x20003a48,14920,UartTxTask,"[14920, 3758096384, 20, 1]"
164350,4166515.7731481483,92,0x200080a0,32928,UartTxTask,"[32928, 3758096384, 0, 1]"
164355,4175730.4583333335,90,0x20003a48,14920,TelemetryTask,"[14920, 536908656, 200, 0]"
164359,4175777.912037037,92,0x20003a48,14920,UartTxTask,"[14920, 3758096384, 20, 1]"
164364,4176515.347222222,92,0x200080a0,32928,UartTxTask,"[32928, 3758096384, 0, 1]"
164369,4185730.763888889,90,0x20003a48,14920,TelemetryTask,"[14920, 536908656, 200, 0]"
164373,4185778.407407407,92,0x20003a48,14920,UartTxTask,"[14920, 3758096384, 20, 1]"
164378,4186515.564814815,92,0x200080a0,32928,UartTxTask,"[32928, 3758096384, 0, 1]"
164383,4195732.490740741,90,0x20003a48,14920,TelemetryTask,"[14920, 536908656, 200, 0]"
164387,4195779.856481481,92,0x20003a48,14920,UartTxTask,"[14920, 3758096384, 20, 1]"
164392,4196517.203703703,92,0x200080a0,32928,UartTxTask,"[32928, 3758096384, 0, 1]"
164397,4205731.453703703,90,0x20003a48,14920,TelemetryTask,"[14920, 536908656, 200, 0]"
164401,4205779.365740741,92,0x20003a48,14920,UartTxTask,"[14920, 3758096384, 20, 1]"
164406,4206516.222222222,92,0x200080a0,32928,UartTxTask,"[32928, 3758096384, 0, 1]"
164411,4215730.921296297,90,0x20003a48,14920,TelemetryTask,"[14920, 536908656, 200, 0]"
164415,4215778.421296297,92,0x20003a48,14920,UartTxTask,"[14920, 3758096384, 20, 1]"
164420,4216514.967592592,92,0x200080a0,32928,UartTxTask,"[32928, 3758096384, 0, 1]"
164425,4225731.203703703,90,0x20003a48,14920,TelemetryTask,"[14920, 536908656, 200, 0]"
164429,4225779.115740741,92,0x20003a48,14920,UartTxTask,"[14920, 3758096384, 20, 1]"
164434,4226516.282407408,92,0x200080a0,32928,UartTxTask,"[32928, 3758096384, 0, 1]"
164439,4235731.273148148,90,0x20003a48,14920,TelemetryTask,"[14920, 536908656, 200, 0]"
164443,4235778.759259259,92,0x20003a48,14920,UartTxTask,"[14920, 3758096384, 20, 1]"
164448,4236515.638888889,92,0x200080a0,32928,UartTxTask,"[32928, 3758096384, 0, 1]"
164453,4245730.75462963,90,0x20003a48,14920,TelemetryTask,"[14920, 536908656, 200, 0]"
164457,4245778.416666667,92,0x20003a48,14920,UartTxTask,"[14920, 3758096384, 20, 1]"
164462,4246515.365740741,92,0x200080a0,32928,UartTxTask,"[32928, 3758096384, 0, 1]"
164467,4255730.393518519,90,0x20003a48,14920,TelemetryTask,"[14920, 536908656, 200, 0]"
164471,4255777.402777778,92,0x20003a48,14920,UartTxTask,"[14920, 3758096384, 20, 1]"
164476,4256514.962962963,92,0x200080a0,32928,UartTxTask,"[32928, 3758096384, 0, 1]"
164481,4265731.597222222,90,0x20003a48,14920,TelemetryTask,"[14920, 536908656, 200, 0]"
164485,4265779.671296297,92,0x20003a48,14920,UartTxTask,"[14920, 3758096384, 20, 1]"
164490,4266516.592592592,92,0x200080a0,32928,UartTxTask,"[32928, 3758096384, 0, 1]"
164495,4275730.990740741,90,0x20003a48,14920,TelemetryTask,"[14920, 536908656, 200, 0]"
164499,4275778.782407408,92,0x20003a48,14920,UartTxTask,"[14920, 3758096384, 20, 1]"
164504,4276515.847222222,92,0x200080a0,32928,UartTxTask,"[32928, 3758096384, 0, 1]"
164509,4285731.268518519,90,0x20003a48,14920,TelemetryTask,"[14920, 536908656, 200, 0]"
164513,4285778.282407408,92,0x20003a48,14920,UartTxTask,"[14920, 3758096384, 20, 1]"
164518,4286515.680555556,92,0x200080a0,32928,UartTxTask,"[32928, 3758096384, 0, 1]"
164523,4295729.935185186,90,0x20003a48,14920,TelemetryTask,"[14920, 536908656, 200, 0]"
164527,4295777.324074074,92,0x20003a48,14920,UartTxTask,"[14920, 3758096384, 20, 1]"
164532,4296514.351851852,92,0x200080a0,32928,UartTxTask,"[32928, 3758096384, 0, 1]"
164537,4305731.49537037,90,0x20003a48,14920,TelemetryTask,"[14920, 536908656, 200, 0]"
164541,4305779.097222222,92,0x20003a48,14920,UartTxTask,"[14920, 3758096384, 20, 1]"
164546,4306515.523148148,92,0x200080a0,32928,UartTxTask,"[32928, 3758096384, 0, 1]"
164551,4315730.606481481,90,0x20003a48,14920,TelemetryTask,"[14920, 536908656, 200, 0]"
164555,4315778.550925926,92,0x20003a48,14920,UartTxTask,"[14920, 3758096384, 20, 1]"
164560,4316514.944444444,92,0x200080a0,32928,UartTxTask,"[32928, 3758096384, 0, 1]"
164565,4325730.055555556,90,0x20003a48,14920,TelemetryTask,"[14920, 536908656, 200, 0]"
164569,4325777.49537037,92,0x20003a48,14920,UartTxTask,"[14920, 3758096384, 20, 1]"
164574,4326514.518518519,92,0x200080a0,32928,UartTxTask,"[32928, 3758096384, 0, 1]"
164579,4335732.333333333,90,0x20003a48,14920,TelemetryTask,"[14920, 536908656, 200, 0]"
164583,4335779.587962963,92,0x20003a48,14920,UartTxTask,"[14920, 3758096384, 20, 1]"
164588,4336517.550925926,92,0x200080a0,32928,UartTxTask,"[32928, 3758096384, 0, 1]"
164593,4345730.009259259,90,0x20003a48,14920,TelemetryTask,"[14920, 536908656, 200, 0]"
164597,4345777.833333333,92,0x20003a48,14920,UartTxTask,"[14920, 3758096384, 20, 1]"
164602,4346514.87037037,92,0x200080a0,32928,UartTxTask,"[32928, 3758096384, 0, 1]"
164607,4355731.259259259,90,0x20003a48,14920,TelemetryTask,"[14920, 536908656, 200, 0]"
164611,4355778.597222222,92,0x20003a48,14920,UartTxTask,"[14920, 3758096384, 20, 1]"
164616,4356515.574074074,92,0x200080a0,32928,UartTxTask,"[32928, 3758096384, 0, 1]"
164621,4365730.643518519,90,0x20003a48,14920,TelemetryTask,"[14920, 536908656, 200, 0]"
164625,4365778.333333333,92,0x20003a48,14920,UartTxTask,"[14920, 3758096384, 20, 1]"
164630,4366515.444444444,92,0x200080a0,32928,UartTxTask,"[32928, 3758096384, 0, 1]"
164635,4375730.819444444,90,0x20003a48,14920,TelemetryTask,"[14920, 536908656, 200, 0]"
164639,4375777.958333333,92,0x20003a48,14920,UartTxTask,"[14920, 3758096384, 20, 1]"
164644,4376514.842592592,92,0x200080a0,32928,UartTxTask,"[32928, 3758096384, 0, 1]"
164649,4385730.99537037,90,0x20003a48,14920,TelemetryTask,"[14920, 536908656, 200, 0]"
164653,4385779.101851852,92,0x20003a48,14920,UartTxTask,"[14920, 3758096384, 20, 1]"
164658,4386516.092592592,92,0x200080a0,32928,UartTxTask,"[32928, 3758096384, 0, 1]"
164663,4395730.726851852,90,0x20003a48,14920,TelemetryTask,"[14920, 536908656, 200, 0]"
164667,4395778.930555556,92,0x20003a48,14920,UartTxTask,"[14920, 3758096384, 20, 1]"
164672,4396516.513888889,92,0x200080a0,32928,UartTxTask,"[32928, 3758096384, 0, 1]"
164677,4405731.569444444,90,0x20003a48,14920,TelemetryTask,"[14920, 536908656, 200, 0]"
164681,4405779.486111111,92,0x20003a48,14920,UartTxTask,"[14920, 3758096384, 20, 1]"
164686,4406516.342592592,92,0x200080a0,32928,UartTxTask,"[32928, 3758096384, 0, 1]"
164691,4415731.074074074,90,0x20003a48,14920,TelemetryTask,"[14920, 536908656, 200, 0]"
164695,4415779.009259259,92,0x20003a48,14920,UartTxTask,"[14920, 3758096384, 20, 1]"
164700,4416516.509259259,92,0x200080a0,32928,UartTxTask,"[32928, 3758096384, 0, 1]"
164705,4425731.37037037,90,0x20003a48,14920,TelemetryTask,"[14920, 536908656, 200, 0]"
164709,4425779.472222222,92,0x20003a48,14920,UartTxTask,"[14920, 3758096384, 20, 1]"
164714,4426516.592592592,92,0x200080a0,32928,UartTxTask,"[32928, 3758096384, 0, 1]"
164719,4435730.476851852,90,0x20003a48,14920,TelemetryTask,"[14920, 536908656, 200, 0]"
164723,4435778.314814814,92,0x20003a48,14920,UartTxTask,"[14920, 3758096384, 20, 1]"
164728,4436515.231481481,92,0x200080a0,32928,UartTxTask,"[32928, 3758096384, 0, 1]"
164733,4445730.62962963,90,0x20003a48,14920,TelemetryTask,"[14920, 536908656, 200, 0]"
164737,4445778.893518519,92,0x20003a48,14920,UartTxTask,"[14920, 3758096384, 20, 1]"
164742,4446516.194444444,92,0x200080a0,32928,UartTxTask,"[32928, 3758096384, 0, 1]"
164747,4455731.189814814,90,0x20003a48,14920,TelemetryTask,"[14920, 536908656, 200, 0]"
164751,4455779.097222222,92,0x20003a48,14920,UartTxTask,"[14920, 3758096384, 20, 1]"
164756,4456516.324074074,92,0x200080a0,32928,UartTxTask,"[32928, 3758096384, 0, 1]"
164761,4465730.222222222,90,0x20003a48,14920,TelemetryTask,"[14920, 536908656, 200, 0]"
164765,4465778.12037037,92,0x20003a48,14920,UartTxTask,"[14920, 3758096384, 20, 1]"
164768,4465813.685185186,96,0x20003970,14704,ISR#56,"[14704, 537198440]"
164772,4465850.509259259,92,0x20003970,14704,ButtonTask,"[14704, 3758096384, 4294967295, 1]"
164773,4465943.25,90,0x20003a48,14920,ButtonTask,"[14920, 536906932, 200, 0]"
164778,4466509.328703703,92,0x200080a0,32928,UartTxTask,"[32928, 3758096384, 0, 1]"
164779,4466517.592592592,92,0x20003a48,14920,UartTxTask,"[14920, 3758096384, 20, 1]"
164784,4467252.375,92,0x200080a0,32928,UartTxTask,"[32928, 3758096384, 0, 1]"
164789,4475730.800925926,90,0x20003a48,14920,TelemetryTask,"[14920, 536908656, 200, 0]"
164793,4475778.763888889,92,0x20003a48,14920,UartTxTask,"[14920, 3758096384, 20, 1]"
164798,4476515.666666667,92,0x200080a0,32928,UartTxTask,"[32928, 3758096384, 0, 1]"
164803,4485731.578703703,90,0x20003a48,14920,TelemetryTask,"[14920, 536908656, 200, 0]"
164807,4485779.481481481,92,0x20003a48,14920,UartTxTask,"[14920, 3758096384, 20, 1]"
164812,4486516.708333333,92,0x200080a0,32928,UartTxTask,"[32928, 3758096384, 0, 1]"
164817,4495730.671296297,90,0x20003a48,14920,TelemetryTask,"[14920, 536908656, 200, 0]"
164821,4495779.236111111,92,0x20003a48,14920,UartTxTask,"[14920, 3758096384, 20, 1]"
164826,4496516.300925926,92,0x200080a0,32928,UartTxTask,"[32928, 3758096384, 0, 1]"
164831,4505731.546296297,90,0x20003a48,14920,TelemetryTask,"[14920, 536908656, 200, 0]"
164835,4505779.796296297,92,0x20003a48,14920,UartTxTask,"[14920, 3758096384, 20, 1]"
164840,4506517.236111111,92,0x200080a0,32928,UartTxTask,"[32928, 3758096384, 0, 1]"
164845,4515730.921296297,90,0x20003a48,14920,TelemetryTask,"[14920, 536908656, 200, 0]"
164849,4515778.578703703,92,0x20003a48,14920,UartTxTask,"[14920, 3758096384, 20, 1]"
164854,4516515.662037037,92,0x200080a0,32928,UartTxTask,"[32928, 3758096384, 0, 1]"
164859,4525731.101851852,90,0x20003a48,14920,TelemetryTask,"[14920, 536908656, 200, 0]"
164863,4525778.944444444,92,0x20003a48,14920,UartTxTask,"[14920, 3758096384, 20, 1]"
164868,4526516.393518519,92,0x200080a0,32928,UartTxTask,"[32928, 3758096384, 0, 1]"
164873,4535731.134259259,90,0x20003a48,14920,TelemetryTask,"[14920, 536908656, 200, 0]"
164877,4535778.439814814,92,0x20003a48,14920,UartTxTask,"[14920, 3758096384, 20, 1]"
164882,4536515.888888889,92,0x200080a0,32928,UartTxTask,"[32928, 3758096384, 0, 1]"
164887,4545731.092592592,90,0x20003a48,14920,TelemetryTask,"[14920, 536908656, 200, 0]"
164891,4545778.569444444,92,0x20003a48,14920,UartTxTask,"[14920, 3758096384, 20, 1]"
164896,4546515.240740741,92,0x200080a0,32928,UartTxTask,"[32928, 3758096384, 0, 1]"
164901,4555731.671296297,90,0x20003a48,14920,TelemetryTask,"[14920, 536908656, 200, 0]"
164905,4555780.018518519,92,0x20003a48,14920,UartTxTask,"[14920, 3758096384, 20, 1]"
164910,4556517.828703703,92,0x200080a0,32928,UartTxTask,"[32928, 3758096384, 0, 1]"
164915,4565730.976851852,90,0x20003a48,14920,TelemetryTask,"[14920, 536908656, 200, 0]"
164919,4565778.657407408,92,0x20003a48,14920,UartTxTask,"[14920, 3758096384, 20, 1]"
164924,4566515.402777778,92,0x200080a0,32928,UartTxTask,"[32928, 3758096384, 0, 1]"
164929,4575731.134259259,90,0x20003a48,14920,TelemetryTask,"[14920, 536908656, 200, 0]"
164933,4575779.092592592,92,0x20003a48,14920,UartTxTask,"[14920, 3758096384, 20, 1]"
164938,4576516.287037037,92,0x200080a0,32928,UartTxTask,"[32928, 3758096384, 0, 1]"
164943,4585730.824074074,90,0x20003a48,14920,TelemetryTask,"[14920, 536908656, 200, 0]"
164947,4585778.564814814,92,0x20003a48,14920,UartTxTask,"[14920, 3758096384, 20, 1]"
164952,4586515.708333333,92,0x200080a0,32928,UartTxTask,"[32928, 3758096384, 0, 1]"
164957,4595730.828703703,90,0x20003a48,14920,TelemetryTask,"[14920, 536908656, 200, 0]"
164961,4595778.699074074,92,0x20003a48,14920,UartTxTask,"[14920, 3758096384, 20, 1]"
164966,4596516.060185186,92,0x200080a0,32928,UartTxTask,"[32928, 3758096384, 0, 1]"
164971,4605731.342592592,90,0x20003a48,14920,TelemetryTask,"[14920, 536908656, 200, 0]"
164975,4605778.893518519,92,0x20003a48,14920,UartTxTask,"[14920, 3758096384, 20, 1]"
164980,4606515.699074074,92,0x200080a0,32928,UartTxTask,"[32928, 3758096384, 0, 1]"
164985,4615730.393518519,90,0x20003a48,14920,TelemetryTask,"[14920, 536908656, 200, 0]"
164989,4615777.967592592,92,0x20003a48,14920,UartTxTask,"[14920, 3758096384, 20, 1]"
164994,4616514.972222222,92,0x200080a0,32928,UartTxTask,"[32928, 3758096384, 0, 1]"
164999,4625730.907407408,90,0x20003a48,14920,TelemetryTask,"[14920, 536908656, 200, 0]"
165003,4625778.259259259,92,0x20003a48,14920,UartTxTask,"[14920, 3758096384, 20, 1]"
165008,4626515.351851852,92,0x200080a0,32928,UartTxTask,"[32928, 3758096384, 0, 1]"
165013,4635731.537037037,90,0x20003a48,14920,TelemetryTask,"[14920, 536908656, 200, 0]"
165017,4635778.75462963,92,0x20003a48,14920,UartTxTask,"[14920, 3758096384, 20, 1]"
165022,4636516.083333333,92,0x200080a0,32928,UartTxTask,"[32928, 3758096384, 0, 1]"
165027,4645730.481481481,90,0x20003a48,14920,TelemetryTask,"[14920, 536908656, 200, 0]"
165031,4645778.00462963,92,0x20003a48,14920,UartTxTask,"[14920, 3758096384, 20, 1]"
165036,4646515.106481481,92,0x200080a0,32928,UartTxTask,"[32928, 3758096384, 0, 1]"
165041,4655730.833333333,90,0x20003a48,14920,TelemetryTask,"[14920, 536908656, 200, 0]"
165045,4655778.699074074,92,0x20003a48,14920,UartTxTask,"[14920, 3758096384, 20, 1]"
165050,4656515.680555556,92,0x200080a0,32928,UartTxTask,"[32928, 3758096384, 0, 1]"
165054,4659484.449074074,96,0x20003970,14704,ISR#56,"[14704, 537198440]"
165058,4659519.49537037,92,0x20003970,14704,ButtonTask,"[14704, 3758096384, 4294967295, 1]"
165059,4659621.356481481,90,0x20003a48,14920,ButtonTask,"[14920, 536906932, 200, 0]"
165063,4659667.675925926,92,0x20003a48,14920,UartTxTask,"[14920, 3758096384, 20, 1]"
165068,4660402.875,92,0x200080a0,32928,UartTxTask,"[32928, 3758096384, 0, 1]"
165073,4665731.736111111,90,0x20003a48,14920,TelemetryTask,"[14920, 536908656, 200, 0]"
165077,4665779.296296297,92,0x20003a48,14920,UartTxTask,"[14920, 3758096384, 20, 1]"
165082,4666516.648148148,92,0x200080a0,32928,UartTxTask,"[32928, 3758096384, 0, 1]"
165087,4675731.467592592,90,0x20003a48,14920,TelemetryTask,"[14920, 536908656, 200, 0]"
165091,4675779.574074074,92,0x20003a48,14920,UartTxTask,"[14920, 3758096384, 20, 1]"
165096,4676516.217592592,92,0x200080a0,32928,UartTxTask,"[32928, 3758096384, 0, 1]"
165101,4685730.472222222,90,0x20003a48,14920,TelemetryTask,"[14920, 536908656, 200, 0]"
165105,4685777.916666667,92,0x20003a48,14920,UartTxTask,"[14920, 3758096384, 20, 1]"
165110,4686514.240740741,92,0x200080a0,32928,UartTxTask,"[32928, 3758096384, 0, 1]"
165115,4695730.00462963,90,0x20003a48,14920,TelemetryTask,"[14920, 536908656, 200, 0]"
165119,4695777.888888889,92,0x20003a48,14920,UartTxTask,"[14920, 3758096384, 20, 1]"
165124,4696514.615740741,92,0x200080a0,32928,UartTxTask,"[32928, 3758096384, 0, 1]"
165129,4705731.041666667,90,0x20003a48,14920,TelemetryTask,"[14920, 536908656, 200, 0]"
165133,4705778.060185186,92,0x20003a48,14920,UartTxTask,"[14920, 3758096384, 20, 1]"
165138,4706515.699074074,92,0x200080a0,32928,UartTxTask,"[32928, 3758096384, 0, 1]"
165143,4715731.134259259,90,0x20003a48,14920,TelemetryTask,"[14920, 536908656, 200, 0]"
165147,4715779.314814814,92,0x20003a48,14920,UartTxTask,"[14920, 3758096384, 20, 1]"
165152,4716516.87962963,92,0x200080a0,32928,UartTxTask,"[32928, 3758096384, 0, 1]"
165157,4725730.583333333,90,0x20003a48,14920,TelemetryTask,"[14920, 536908656, 200, 0]"
165161,4725778.069444444,92,0x20003a48,14920,UartTxTask,"[14920, 3758096384, 20, 1]"
165166,4726514.851851852,92,0x200080a0,32928,UartTxTask,"[32928, 3758096384, 0, 1]"
165171,4735731.37962963,90,0x20003a48,14920,TelemetryTask,"[14920, 536908656, 200, 0]"
165175,4735779.115740741,92,0x20003a48,14920,UartTxTask,"[14920, 3758096384, 20, 1]"
165180,4736516.652777778,92,0x200080a0,32928,UartTxTask,"[32928, 3758096384, 0, 1]"
165185,4745729.990740741,90,0x20003a48,14920,TelemetryTask,"[14920, 536908656, 200, 0]"
165189,4745777.546296297,92,0x20003a48,14920,UartTxTask,"[14920, 3758096384, 20, 1]"
165194,4746514.226851852,92,0x200080a0,32928,UartTxTask,"[32928, 3758096384, 0, 1]"
165199,4755730.763888889,90,0x20003a48,14920,TelemetryTask,"[14920, 536908656, 200, 0]"
165203,4755778.569444444,92,0x20003a48,14920,UartTxTask,"[14920, 3758096384, 20, 1]"
165208,4756515.777777778,92,0x200080a0,32928,UartTxTask,"[32928, 3758096384, 0, 1]"
165213,4765731.805555556,90,0x20003a48,14920,TelemetryTask,"[14920, 536908656, 200, 0]"
165217,4765779.555555556,92,0x20003a48,14920,UartTxTask,"[14920, 3758096384, 20, 1]"
165222,4766516.805555556,92,0x200080a0,32928,UartTxTask,"[32928, 3758096384, 0, 1]"
165227,4775730.916666667,90,0x20003a48,14920,TelemetryTask,"[14920, 536908656, 200, 0]"
165231,4775778.689814814,92,0x20003a48,14920,UartTxTask,"[14920, 3758096384, 20, 1]"
165236,4776515.819444444,92,0x200080a0,32928,UartTxTask,"[32928, 3758096384, 0, 1]"
165241,4785730.916666667,90,0x20003a48,14920,TelemetryTask,"[14920, 536908656, 200, 0]"
165245,4785778.777777778,92,0x20003a48,14920,UartTxTask,"[14920, 3758096384, 20, 1]"
165250,4786516.481481481,92,0x200080a0,32928,UartTxTask,"[32928, 3758096384, 0, 1]"
165255,4795730.148148148,90,0x20003a48,14920,TelemetryTask,"[14920, 536908656, 200, 0]"
165259,4795777.861111111,92,0x20003a48,14920,UartTxTask,"[14920, 3758096384, 20, 1]"
165264,4796515.342592592,92,0x200080a0,32928,UartTxTask,"[32928, 3758096384, 0, 1]"
165269,4805731.587962963,90,0x20003a48,14920,TelemetryTask,"[14920, 536908656, 200, 0]"
165273,4805779.782407408,92,0x20003a48,14920,UartTxTask,"[14920, 3758096384, 20, 1]"
165278,4806517.199074074,92,0x200080a0,32928,UartTxTask,"[32928, 3758096384, 0, 1]"
165283,4815730.50462963,90,0x20003a48,14920,TelemetryTask,"[14920, 536908656, 200, 0]"
165287,4815778.185185186,92,0x20003a48,14920,UartTxTask,"[14920, 3758096384, 20, 1]"
165292,4816514.810185186,92,0x200080a0,32928,UartTxTask,"[32928, 3758096384, 0, 1]"
165297,4825731.481481481,90,0x20003a48,14920,TelemetryTask,"[14920, 536908656, 200, 0]"
165301,4825779.236111111,92,0x20003a48,14920,UartTxTask,"[14920, 3758096384, 20, 1]"
165306,4826515.810185186,92,0x200080a0,32928,UartTxTask,"[32928, 3758096384, 0, 1]"
165311,4835731.481481481,90,0x20003a48,14920,TelemetryTask,"[14920, 536908656, 200, 0]"
165315,4835779.518518519,92,0x20003a48,14920,UartTxTask,"[14920, 3758096384, 20, 1]"
165320,4836516.666666667,92,0x200080a0,32928,UartTxTask,"[32928, 3758096384, 0, 1]"
165324,4845294.0,96,0x20003970,14704,ISR#56,"[14704, 537198440]"
165328,4845328.569444444,92,0x20003970,14704,ButtonTask,"[14704, 3758096384, 4294967295, 1]"
165329,4845429.856481481,90,0x20003a48,14920,ButtonTask,"[14920, 536906932, 200, 0]"
165333,4845476.208333333,92,0x20003a48,14920,UartTxTask,"[14920, 3758096384, 20, 1]"
165338,4845703.74537037,90,0x20003a48,14920,TelemetryTask,"[14920, 536908656, 200, 0]"
165343,4846211.384259259,92,0x200080a0,32928,UartTxTask,"[32928, 3758096384, 0, 1]"
165344,4846219.916666667,92,0x20003a48,14920,UartTxTask,"[14920, 3758096384, 20, 1]"
165349,4846950.25462963,92,0x200080a0,32928,UartTxTask,"[32928, 3758096384, 0, 1]"
165354,4855730.62037037,90,0x20003a48,14920,TelemetryTask,"[14920, 536908656, 200, 0]"
165358,4855778.226851852,92,0x20003a48,14920,UartTxTask,"[14920, 3758096384, 20, 1]"
165363,4856515.384259259,92,0x200080a0,32928,UartTxTask,"[32928, 3758096384, 0, 1]"
165368,4865731.287037037,90,0x20003a48,14920,TelemetryTask,"[14920, 536908656, 200, 0]"
165372,4865778.814814814,92,0x20003a48,14920,UartTxTask,"[14920, 3758096384, 20, 1]"
165377,4866515.87962963,92,0x200080a0,32928,UartTxTask,"[32928, 3758096384, 0, 1]"
165382,4875730.782407408,90,0x20003a48,14920,TelemetryTask,"[14920, 536908656, 200, 0]"
165386,4875779.111111111,92,0x20003a48,14920,UartTxTask,"[14920, 3758096384, 20, 1]"
165391,4876516.125,92,0x200080a0,32928,UartTxTask,"[32928, 3758096384, 0, 1]"
165396,4885730.212962963,90,0x20003a48,14920,TelemetryTask,"[14920, 536908656, 200, 0]"
165400,4885777.925925926,92,0x20003a48,14920,UartTxTask,"[14920, 3758096384, 20, 1]"
165405,4886515.365740741,92,0x200080a0,32928,UartTxTask,"[32928, 3758096384, 0, 1]"
165410,4895731.310185186,90,0x20003a48,14920,TelemetryTask,"[14920, 536908656, 200, 0]"
165414,4895778.87037037,92,0x20003a48,14920,UartTxTask,"[14920, 3758096384, 20, 1]"
165419,4896515.884259259,92,0x200080a0,32928,UartTxTask,"[32928, 3758096384, 0, 1]"
165424,4905731.467592592,90,0x20003a48,14920,TelemetryTask,"[14920, 536908656, 200, 0]"
165428,4905779.916666667,92,0x20003a48,14920,UartTxTask,"[14920, 3758096384, 20, 1]"
165433,4906517.064814814,92,0x200080a0,32928,UartTxTask,"[32928, 3758096384, 0, 1]"
165438,4915730.768518519,90,0x20003a48,14920,TelemetryTask,"[14920, 536908656, 200, 0]"
165442,4915778.967592592,92,0x20003a48,14920,UartTxTask,"[14920, 3758096384, 20, 1]"
165447,4916516.509259259,92,0x200080a0,32928,UartTxTask,"[32928, 3758096384, 0, 1]"
165452,4925731.12962963,90,0x20003a48,14920,TelemetryTask,"[14920, 536908656, 200, 0]"
165456,4925779.013888889,92,0x20003a48,14920,UartTxTask,"[14920, 3758096384, 20, 1]"
165461,4926516.240740741,92,0x200080a0,32928,UartTxTask,"[32928, 3758096384, 0, 1]"
165466,4935731.115740741,90,0x20003a48,14920,TelemetryTask,"[14920, 536908656, 200, 0]"
165470,4935778.689814814,92,0x20003a48,14920,UartTxTask,"[14920, 3758096384, 20, 1]"
165475,4936515.587962963,92,0x200080a0,32928,UartTxTask,"[32928, 3758096384, 0, 1]"
165480,4945730.351851852,90,0x20003a48,14920,TelemetryTask,"[14920, 536908656, 200, 0]"
165484,4945777.814814814,92,0x20003a48,14920,UartTxTask,"[14920, 3758096384, 20, 1]"
165489,4946514.472222222,92,0x200080a0,32928,UartTxTask,"[32928, 3758096384, 0, 1]"
165494,4955730.541666667,90,0x20003a48,14920,TelemetryTask,"[14920, 536908656, 200, 0]"
165498,4955778.115740741,92,0x20003a48,14920,UartTxTask,"[14920, 3758096384, 20, 1]"
165503,4956514.847222222,92,0x200080a0,32928,UartTxTask,"[32928, 3758096384, 0, 1]"
165508,4965730.453703703,90,0x20003a48,14920,TelemetryTask,"[14920, 536908656, 200, 0]"
165512,4965777.574074074,92,0x20003a48,14920,UartTxTask,"[14920, 3758096384, 20, 1]"
165517,4966514.916666667,92,0x200080a0,32928,UartTxTask,"[32928, 3758096384, 0, 1]"
165522,4975730.763888889,90,0x20003a48,14920,TelemetryTask,"[14920, 536908656, 200, 0]"
165526,4975778.541666667,92,0x20003a48,14920,UartTxTask,"[14920, 3758096384, 20, 1]"
165531,4976515.194444444,92,0x200080a0,32928,UartTxTask,"[32928, 3758096384, 0, 1]"
165536,4985730.726851852,90,0x20003a48,14920,TelemetryTask,"[14920, 536908656, 200, 0]"
165540,4985778.888888889,92,0x20003a48,14920,UartTxTask,"[14920, 3758096384, 20, 1]"
165545,4986516.342592592,92,0x200080a0,32928,UartTxTask,"[32928, 3758096384, 0, 1]"
165550,4995730.175925926,90,0x20003a48,14920,TelemetryTask,"[14920, 536908656, 200, 0]"
165554,4995777.782407408,92,0x20003a48,14920,UartTxTask,"[14920, 3758096384, 20, 1]"
165559,4996514.935185186,92,0x200080a0,32928,UartTxTask,"[32928, 3758096384, 0, 1]"
165564,5005730.657407408,90,0x20003a48,14920,TelemetryTask,"[14920, 536908656, 200, 0]"
165568,5005778.240740741,92,0x20003a48,14920,UartTxTask,"[14920, 3758096384, 20, 1]"
165573,5006515.185185186,92,0x200080a0,32928,UartTxTask,"[32928, 3758096384, 0, 1]"
165577,5011968.509259259,96,0x20003970,14704,ISR#56,"[14704, 537198440]"
165581,5012005.657407408,92,0x20003970,14704,ButtonTask,"[14704, 3758096384, 4294967295, 1]"
165582,5012106.25462963,90,0x20003a48,14920,ButtonTask,"[14920, 536906932, 200, 0]"
165586,5012152.277777778,92,0x20003a48,14920,UartTxTask,"[14920, 3758096384, 20, 1]"
165591,5012886.851851852,92,0x200080a0,32928,UartTxTask,"[32928, 3758096384, 0, 1]"
165596,5015730.694444444,90,0x20003a48,14920,TelemetryTask,"[14920, 536908656, 200, 0]"
165600,5015778.240740741,92,0x20003a48,14920,UartTxTask,"[14920, 3758096384, 20, 1]"
165605,5016515.462962963,92,0x200080a0,32928,UartTxTask,"[32928, 3758096384, 0, 1]"
165610,5025731.513888889,90,0x20003a48,14920,TelemetryTask,"[14920, 536908656, 200, 0]"
165614,5025778.365740741,92,0x20003a48,14920,UartTxTask,"[14920, 3758096384, 20, 1]"
165619,5026515.527777778,92,0x200080a0,32928,UartTxTask,"[32928, 3758096384, 0, 1]"
165624,5035730.356481481,90,0x20003a48,14920,TelemetryTask,"[14920, 536908656, 200, 0]"
165628,5035777.981481481,92,0x20003a48,14920,UartTxTask,"[14920, 3758096384, 20, 1]"
165633,5036515.259259259,92,0x200080a0,32928,UartTxTask,"[32928, 3758096384, 0, 1]"
165638,5045730.75,90,0x20003a48,14920,TelemetryTask,"[14920, 536908656, 200, 0]"
165642,5045777.958333333,92,0x20003a48,14920,UartTxTask,"[14920, 3758096384, 20, 1]"
165647,5046514.930555556,92,0x200080a0,32928,UartTxTask,"[32928, 3758096384, 0, 1]"
165652,5055730.916666667,90,0x20003a48,14920,TelemetryTask,"[14920, 536908656, 200, 0]"
165656,5055778.375,92,0x20003a48,14920,UartTxTask,"[14920, 3758096384, 20, 1]"
165661,5056515.217592592,92,0x200080a0,32928,UartTxTask,"[32928, 3758096384, 0, 1]"
165666,5065730.726851852,90,0x20003a48,14920,TelemetryTask,"[14920, 536908656, 200, 0]"
165670,5065778.138888889,92,0x20003a48,14920,UartTxTask,"[14920, 3758096384, 20, 1]"
165675,5066515.50462963,92,0x200080a0,32928,UartTxTask,"[32928, 3758096384, 0, 1]"
165680,5075730.467592592,90,0x20003a48,14920,TelemetryTask,"[14920, 536908656, 200, 0]"
165684,5075778.023148148,92,0x20003a48,14920,UartTxTask,"[14920, 3758096384, 20, 1]"
165689,5076515.430555556,92,0x200080a0,32928,UartTxTask,"[32928, 3758096384, 0, 1]"
165694,5085731.027777778,90,0x20003a48,14920,TelemetryTask,"[14920, 536908656, 200, 0]"
165698,5085778.393518519,92,0x20003a48,14920,UartTxTask,"[14920, 3758096384, 20, 1]"
165703,5086515.143518519,92,0x200080a0,32928,UartTxTask,"[32928, 3758096384, 0, 1]"
165708,5095731.569444444,90,0x20003a48,14920,TelemetryTask,"[14920, 536908656, 200, 0]"
165712,5095779.25462963,92,0x20003a48,14920,UartTxTask,"[14920, 3758096384, 20, 1]"
165717,5096516.453703703,92,0x200080a0,32928,UartTxTask,"[32928, 3758096384, 0, 1]"
165722,5105729.902777778,90,0x20003a48,14920,TelemetryTask,"[14920, 536908656, 200, 0]"
165726,5105778.069444444,92,0x20003a48,14920,UartTxTask,"[14920, 3758096384, 20, 1]"
165731,5106515.078703703,92,0x200080a0,32928,UartTxTask,"[32928, 3758096384, 0, 1]"
165736,5115731.134259259,90,0x20003a48,14920,TelemetryTask,"[14920, 536908656, 200, 0]"
165740,5115778.481481481,92,0x20003a48,14920,UartTxTask,"[14920, 3758096384, 20, 1]"
165745,5116515.462962963,92,0x200080a0,32928,UartTxTask,"[32928, 3758096384, 0, 1]"
165750,5125731.569444444,90,0x20003a48,14920,TelemetryTask,"[14920, 536908656, 200, 0]"
165754,5125779.476851852,92,0x20003a48,14920,UartTxTask,"[14920, 3758096384, 20, 1]"
165759,5126516.736111111,92,0x200080a0,32928,UartTxTask,"[32928, 3758096384, 0, 1]"
165764,5135730.342592592,90,0x20003a48,14920,TelemetryTask,"[14920, 536908656, 200, 0]"
165768,5135778.083333333,92,0x20003a48,14920,UartTxTask,"[14920, 3758096384, 20, 1]"
165773,5136515.337962963,92,0x200080a0,32928,UartTxTask,"[32928, 3758096384, 0, 1]"
165778,5145731.203703703,90,0x20003a48,14920,TelemetryTask,"[14920, 536908656, 200, 0]"
165782,5145779.111111111,92,0x20003a48,14920,UartTxTask,"[14920, 3758096384, 20, 1]"
165787,5146515.875,92,0x200080a0,32928,UartTxTask,"[32928, 3758096384, 0, 1]"
165792,5155730.759259259,90,0x20003a48,14920,TelemetryTask,"[14920, 536908656, 200, 0]"
165796,5155778.240740741,92,0x20003a48,14920,UartTxTask,"[14920, 3758096384, 20, 1]"
165801,5156515.583333333,92,0x200080a0,32928,UartTxTask,"[32928, 3758096384, 0, 1]"
165805,5162816.462962963,96,0x20003970,14704,ISR#56,"[14704, 537198440]"
165809,5162851.152777778,92,0x20003970,14704,ButtonTask,"[14704, 3758096384, 4294967295, 1]"
165810,5162952.773148148,90,0x20003a48,14920,ButtonTask,"[14920, 536906932, 200, 0]"
165814,5163000.949074074,92,0x20003a48,14920,UartTxTask,"[14920, 3758096384, 20, 1]"
165819,5163735.87962963,92,0x200080a0,32928,UartTxTask,"[32928, 3758096384, 0, 1]"
165824,5165730.787037037,90,0x20003a48,14920,TelemetryTask,"[14920, 536908656, 200, 0]"
165828,5165779.037037037,92,0x20003a48,14920,UartTxTask,"[14920, 3758096384, 20, 1]"
165833,5166515.861111111,92,0x200080a0,32928,UartTxTask,"[32928, 3758096384, 0, 1]"
165838,5175731.12962963,90,0x20003a48,14920,TelemetryTask,"[14920, 536908656, 200, 0]"
165842,5175778.578703703,92,0x20003a48,14920,UartTxTask,"[14920, 3758096384, 20, 1]"
165847,5176515.601851852,92,0x200080a0,32928,UartTxTask,"[32928, 3758096384, 0, 1]"
165852,5185731.398148148,90,0x20003a48,14920,TelemetryTask,"[14920, 536908656, 200, 0]"
165856,5185779.175925926,92,0x20003a48,14920,UartTxTask,"[14920, 3758096384, 20, 1]"
165861,5186516.361111111,92,0x200080a0,32928,UartTxTask,"[32928, 3758096384, 0, 1]"
165866,5195731.171296297,90,0x20003a48,14920,TelemetryTask,"[14920, 536908656, 200, 0]"
165870,5195778.949074074,92,0x20003a48,14920,UartTxTask,"[14920, 3758096384, 20, 1]"
165875,5196516.518518519,92,0x200080a0,32928,UartTxTask,"[32928, 3758096384, 0, 1]"
165880,5205729.916666667,90,0x20003a48,14920,TelemetryTask,"[14920, 536908656, 200, 0]"
165884,5205777.736111111,92,0x20003a48,14920,UartTxTask,"[14920, 3758096384, 20, 1]"
165889,5206515.939814814,92,0x200080a0,32928,UartTxTask,"[32928, 3758096384, 0, 1]"
165894,5215730.314814814,90,0x20003a48,14920,TelemetryTask,"[14920, 536908656, 200, 0]"
165898,5215777.986111111,92,0x20003a48,14920,UartTxTask,"[14920, 3758096384, 20, 1]"
165903,5216515.375,92,0x200080a0,32928,UartTxTask,"[32928, 3758096384, 0, 1]"
165908,5225732.240740741,90,0x20003a48,14920,TelemetryTask,"[14920, 536908656, 200, 0]"
165912,5225779.824074074,92,0x20003a48,14920,UartTxTask,"[14920, 3758096384, 20, 1]"
165917,5226516.884259259,92,0x200080a0,32928,UartTxTask,"[32928, 3758096384, 0, 1]"
165922,5235731.356481481,90,0x20003a48,14920,TelemetryTask,"[14920, 536908656, 200, 0]"
165926,5235779.018518519,92,0x20003a48,14920,UartTxTask,"[14920, 3758096384, 20, 1]"
165931,5236515.902777778,92,0x200080a0,32928,UartTxTask,"[32928, 3758096384, 0, 1]"
165936,5245730.277777778,90,0x20003a48,14920,TelemetryTask,"[14920, 536908656, 200, 0]"
165940,5245777.893518519,92,0x20003a48,14920,UartTxTask,"[14920, 3758096384, 20, 1]"
165945,5246514.305555556,92,0x200080a0,32928,UartTxTask,"[32928, 3758096384, 0, 1]"
165950,5255730.861111111,90,0x20003a48,14920,TelemetryTask,"[14920, 536908656, 200, 0]"
165954,5255779.138888889,92,0x20003a48,14920,UartTxTask,"[14920, 3758096384, 20, 1]"
165959,5256516.273148148,92,0x200080a0,32928,UartTxTask,"[32928, 3758096384, 0, 1]"
165964,5265729.763888889,90,0x20003a48,14920,TelemetryTask,"[14920, 536908656, 200, 0]"
165968,5265777.5,92,0x20003a48,14920,UartTxTask,"[14920, 3758096384, 20, 1]"
165973,5266514.805555556,92,0x200080a0,32928,UartTxTask,"[32928, 3758096384, 0, 1]"
165978,5275730.069444444,90,0x20003a48,14920,TelemetryTask,"[14920, 536908656, 200, 0]"
165982,5275777.527777778,92,0x20003a48,14920,UartTxTask,"[14920, 3758096384, 20, 1]"
165987,5276514.643518519,92,0x200080a0,32928,UartTxTask,"[32928, 3758096384, 0, 1]"
165992,5285730.851851852,90,0x20003a48,14920,TelemetryTask,"[14920, 536908656, 200, 0]"
165996,5285778.106481481,92,0x20003a48,14920,UartTxTask,"[14920, 3758096384, 20, 1]"
166001,5286515.12037037,92,0x200080a0,32928,UartTxTask,"[32928, 3758096384, 0, 1]"
166006,5295730.722222222,90,0x20003a48,14920,TelemetryTask,"[14920, 536908656, 200, 0]"
166010,5295778.425925926,92,0x20003a48,14920,UartTxTask,"[14920, 3758096384, 20, 1]"
166015,5296515.083333333,92,0x200080a0,32928,UartTxTask,"[32928, 3758096384, 0, 1]"
166020,5305730.861111111,90,0x20003a48,14920,TelemetryTask,"[14920, 536908656, 200, 0]"
166024,5305779.222222222,92,0x20003a48,14920,UartTxTask,"[14920, 3758096384, 20, 1]"
166029,5306516.208333333,92,0x200080a0,32928,UartTxTask,"[32928, 3758096384, 0, 1]"
166034,5315730.763888889,90,0x20003a48,14920,TelemetryTask,"[14920, 536908656, 200, 0]"
166038,5315778.148148148,92,0x20003a48,14920,UartTxTask,"[14920, 3758096384, 20, 1]"
166043,5316515.203703703,92,0x200080a0,32928,UartTxTask,"[32928, 3758096384, 0, 1]"
166048,5325730.805555556,90,0x20003a48,14920,TelemetryTask,"[14920, 536908656, 200, 0]"
166052,5325778.833333333,92,0x20003a48,14920,UartTxTask,"[14920, 3758096384, 20, 1]"
166057,5326515.013888889,92,0x200080a0,32928,UartTxTask,"[32928, 3758096384, 0, 1]"
166062,5335730.990740741,90,0x20003a48,14920,TelemetryTask,"[14920, 536908656, 200, 0]"
166066,5335779.041666667,92,0x20003a48,14920,UartTxTask,"[14920, 3758096384, 20, 1]"
166071,5336515.814814814,92,0x200080a0,32928,UartTxTask,"[32928, 3758096384, 0, 1]"
166076,5345731.199074074,90,0x20003a48,14920,TelemetryTask,"[14920, 536908656, 200, 0]"
166080,5345779.527777778,92,0x20003a48,14920,UartTxTask,"[14920, 3758096384, 20, 1]"
166085,5346516.893518519,92,0x200080a0,32928,UartTxTask,"[32928, 3758096384, 0, 1]"
166090,5355731.037037037,90,0x20003a48,14920,TelemetryTask,"[14920, 536908656, 200, 0]"
166094,5355778.611111111,92,0x20003a48,14920,UartTxTask,"[14920, 3758096384, 20, 1]"
166099,5356515.231481481,92,0x200080a0,32928,UartTxTask,"[32928, 3758096384, 0, 1]"
166104,5365730.796296297,90,0x20003a48,14920,TelemetryTask,"[14920, 536908656, 200, 0]"
166108,5365778.856481481,92,0x20003a48,14920,UartTxTask,"[14920, 3758096384, 20, 1]"
166113,5366516.236111111,92,0x200080a0,32928,UartTxTask,"[32928, 3758096384, 0, 1]"
166118,5375729.532407408,90,0x20003a48,14920,TelemetryTask,"[14920, 536908656, 200, 0]"
166122,5375777.578703703,92,0x20003a48,14920,UartTxTask,"[14920, 3758096384, 20, 1]"
166127,5376514.773148148,92,0x200080a0,32928,UartTxTask,"[32928, 3758096384, 0, 1]"
166132,5385730.75,90,0x20003a48,14920,TelemetryTask,"[14920, 536908656, 200, 0]"
166136,5385778.537037037,92,0x20003a48,14920,UartTxTask,"[14920, 3758096384, 20, 1]"
166141,5386515.481481481,92,0x200080a0,32928,UartTxTask,"[32928, 3758096384, 0, 1]"
166146,5395731.199074074,90,0x20003a48,14920,TelemetryTask,"[14920, 536908656, 200, 0]"
166150,5395779.087962963,92,0x20003a48,14920,UartTxTask,"[14920, 3758096384, 20, 1]"
166155,5396516.462962963,92,0x200080a0,32928,UartTxTask,"[32928, 3758096384, 0, 1]"
166160,5405730.597222222,90,0x20003a48,14920,TelemetryTask,"[14920, 536908656, 200, 0]"
166164,5405778.662037037,92,0x20003a48,14920,UartTxTask,"[14920, 3758096384, 20, 1]"
166169,5406515.782407408,92,0x200080a0,32928,UartTxTask,"[32928, 3758096384, 0, 1]"
166174,5415731.643518519,90,0x20003a48,14920,TelemetryTask,"[14920, 536908656, 200, 0]"
166178,5415779.37962963,92,0x20003a48,14920,UartTxTask,"[14920, 3758096384, 20, 1]"
166183,5416516.587962963,92,0x200080a0,32928,UartTxTask,"[32928, 3758096384, 0, 1]"
166188,5425731.444444444,90,0x20003a48,14920,TelemetryTask,"[14920, 536908656, 200, 0]"
166192,5425778.634259259,92,0x20003a48,14920,UartTxTask,"[14920, 3758096384, 20, 1]"
166197,5426515.912037037,92,0x200080a0,32928,UartTxTask,"[32928, 3758096384, 0, 1]"
166202,5435730.569444444,90,0x20003a48,14920,TelemetryTask,"[14920, 536908656, 200, 0]"
166206,5435778.25462963,92,0x20003a48,14920,UartTxTask,"[14920, 3758096384, 20, 1]"
166211,5436515.351851852,92,0x200080a0,32928,UartTxTask,"[32928, 3758096384, 0, 1]"
166216,5445730.847222222,90,0x20003a48,14920,TelemetryTask,"[14920, 536908656, 200, 0]"
166220,5445778.273148148,92,0x20003a48,14920,UartTxTask,"[14920, 3758096384, 20, 1]"
166225,5446514.601851852,92,0x200080a0,32928,UartTxTask,"[32928, 3758096384, 0, 1]"
166230,5455730.75462963,90,0x20003a48,14920,TelemetryTask,"[14920, 536908656, 200, 0]"
166234,5455778.388888889,92,0x20003a48,14920,UartTxTask,"[14920, 3758096384, 20, 1]"
166239,5456515.356481481,92,0x200080a0,32928,UartTxTask,"[32928, 3758096384, 0, 1]"
166244,5465731.037037037,90,0x20003a48,14920,TelemetryTask,"[14920, 536908656, 200, 0]"
166248,5465778.74537037,92,0x20003a48,14920,UartTxTask,"[14920, 3758096384, 20, 1]"
166253,5466515.587962963,92,0x200080a0,32928,UartTxTask,"[32928, 3758096384, 0, 1]"
166258,5475730.75462963,90,0x20003a48,14920,TelemetryTask,"[14920, 536908656, 200, 0]"
166262,5475778.976851852,92,0x20003a48,14920,UartTxTask,"[14920, 3758096384, 20, 1]"
166267,5476515.87962963,92,0x200080a0,32928,UartTxTask,"[32928, 3758096384, 0, 1]"
166272,5485731.138888889,90,0x20003a48,14920,TelemetryTask,"[14920, 536908656, 200, 0]"
166276,5485778.990740741,92,0x20003a48,14920,UartTxTask,"[14920, 3758096384, 20, 1]"
166281,5486515.643518519,92,0x200080a0,32928,UartTxTask,"[32928, 3758096384, 0, 1]"
166286,5495730.777777778,90,0x20003a48,14920,TelemetryTask,"[14920, 536908656, 200, 0]"
166290,5495777.967592592,92,0x20003a48,14920,UartTxTask,"[14920, 3758096384, 20, 1]"
166295,5496514.912037037,92,0x200080a0,32928,UartTxTask,"[32928, 3758096384, 0, 1]"
166300,5505731.541666667,90,0x20003a48,14920,TelemetryTask,"[14920, 536908656, 200, 0]"
166304,5505778.865740741,92,0x20003a48,14920,UartTxTask,"[14920, 3758096384, 20, 1]"
166309,5506515.949074074,92,0x200080a0,32928,UartTxTask,"[32928, 3758096384, 0, 1]"
166314,5515730.898148148,90,0x20003a48,14920,TelemetryTask,"[14920, 536908656, 200, 0]"
166318,5515778.314814814,92,0x20003a48,14920,UartTxTask,"[14920, 3758096384, 20, 1]"
166323,5516515.194444444,92,0x200080a0,32928,UartTxTask,"[32928, 3758096384, 0, 1]"
166328,5525730.962962963,90,0x20003a48,14920,TelemetryTask,"[14920, 536908656, 200, 0]"
166332,5525778.888888889,92,0x20003a48,14920,UartTxTask,"[14920, 3758096384, 20, 1]"
166337,5526515.490740741,92,0x200080a0,32928,UartTxTask,"[32928, 3758096384, 0, 1]"
166342,5535731.115740741,90,0x20003a48,14920,TelemetryTask,"[14920, 536908656, 200, 0]"
166346,5535779.009259259,92,0x20003a48,14920,UartTxTask,"[14920, 3758096384, 20, 1]"
166351,5536516.199074074,92,0x200080a0,32928,UartTxTask,"[32928, 3758096384, 0, 1]"
166356,5545730.587962963,90,0x20003a48,14920,TelemetryTask,"[14920, 536908656, 200, 0]"
166360,5545777.787037037,92,0x20003a48,14920,UartTxTask,"[14920, 3758096384, 20, 1]"
166365,5546514.898148148,92,0x200080a0,32928,UartTxTask,"[32928, 3758096384, 0, 1]"
166370,5555730.467592592,90,0x20003a48,14920,TelemetryTask,"[14920, 536908656, 200, 0]"
166374,5555778.449074074,92,0x20003a48,14920,UartTxTask,"[14920, 3758096384, 20, 1]"
166379,5556515.569444444,92,0x200080a0,32928,UartTxTask,"[32928, 3758096384, 0, 1]"
166384,5565731.412037037,90,0x20003a48,14920,TelemetryTask,"[14920, 536908656, 200, 0]"
166388,5565778.662037037,92,0x20003a48,14920,UartTxTask,"[14920, 3758096384, 20, 1]"
166393,5566515.703703703,92,0x200080a0,32928,UartTxTask,"[32928, 3758096384, 0, 1]"
166398,5575731.842592592,90,0x20003a48,14920,TelemetryTask,"[14920, 536908656, 200, 0]"
166402,5575780.189814814,92,0x20003a48,14920,UartTxTask,"[14920, 3758096384, 20, 1]"
166407,5576517.712962963,92,0x200080a0,32928,UartTxTask,"[32928, 3758096384, 0, 1]"
166412,5585730.212962963,90,0x20003a48,14920,TelemetryTask,"[14920, 536908656, 200, 0]"
166416,5585778.425925926,92,0x20003a48,14920,UartTxTask,"[14920, 3758096384, 20, 1]"
166421,5586515.175925926,92,0x200080a0,32928,UartTxTask,"[32928, 3758096384, 0, 1]"
166426,5595730.648148148,90,0x20003a48,14920,TelemetryTask,"[14920, 536908656, 200, 0]"
166430,5595778.134259259,92,0x20003a48,14920,UartTxTask,"[14920, 3758096384, 20, 1]"
166435,5596515.708333333,92,0x200080a0,32928,UartTxTask,"[32928, 3758096384, 0, 1]"
166440,5605731.50462963,90,0x20003a48,14920,TelemetryTask,"[14920, 536908656, 200, 0]"
166444,5605778.689814814,92,0x20003a48,14920,UartTxTask,"[14920, 3758096384, 20, 1]"
166449,5606515.296296297,92,0x200080a0,32928,UartTxTask,"[32928, 3758096384, 0, 1]"
166454,5615730.842592592,90,0x20003a48,14920,TelemetryTask,"[14920, 536908656, 200, 0]"
166458,5615778.199074074,92,0x20003a48,14920,UartTxTask,"[14920, 3758096384, 20, 1]"
166463,5616515.259259259,92,0x200080a0,32928,UartTxTask,"[32928, 3758096384, 0, 1]"
166468,5625732.509259259,90,0x20003a48,14920,TelemetryTask,"[14920, 536908656, 200, 0]"
166472,5625780.217592592,92,0x20003a48,14920,UartTxTask,"[14920, 3758096384, 20, 1]"
166477,5626517.439814814,92,0x200080a0,32928,UartTxTask,"[32928, 3758096384, 0, 1]"
166482,5635730.944444444,90,0x20003a48,14920,TelemetryTask,"[14920, 536908656, 200, 0]"
166486,5635778.694444444,92,0x20003a48,14920,UartTxTask,"[14920, 3758096384, 20, 1]"
166491,5636515.740740741,92,0x200080a0,32928,UartTxTask,"[32928, 3758096384, 0, 1]"
166496,5645731.222222222,90,0x20003a48,14920,TelemetryTask,"[14920, 536908656, 200, 0]"
166500,5645779.337962963,92,0x20003a48,14920,UartTxTask,"[14920, 3758096384, 20, 1]"
166505,5646516.509259259,92,0x200080a0,32928,UartTxTask,"[32928, 3758096384, 0, 1]"
166510,5655731.041666667,90,0x20003a48,14920,TelemetryTask,"[14920, 536908656, 200, 0]"
166514,5655778.365740741,92,0x20003a48,14920,UartTxTask,"[14920, 3758096384, 20, 1]"
166519,5656515.078703703,92,0x200080a0,32928,UartTxTask,"[32928, 3758096384, 0, 1]"
166524,5665730.574074074,90,0x20003a48,14920,TelemetryTask,"[14920, 536908656, 200, 0]"
166528,5665778.148148148,92,0x20003a48,14920,UartTxTask,"[14920, 3758096384, 20, 1]"
166533,5666514.634259259,92,0x200080a0,32928,UartTxTask,"[32928, 3758096384, 0, 1]"
166538,5675730.888888889,90,0x20003a48,14920,TelemetryTask,"[14920, 536908656, 200, 0]"
166542,5675778.861111111,92,0x20003a48,14920,UartTxTask,"[14920, 3758096384, 20, 1]"
166547,5676516.314814814,92,0x200080a0,32928,UartTxTask,"[32928, 3758096384, 0, 1]"
166552,5685731.847222222,90,0x20003a48,14920,TelemetryTask,"[14920, 536908656, 200, 0]"
166556,5685779.814814814,92,0x20003a48,14920,UartTxTask,"[14920, 3758096384, 20, 1]"
166561,5686516.893518519,92,0x200080a0,32928,UartTxTask,"[32928, 3758096384, 0, 1]"
166566,5695730.638888889,90,0x20003a48,14920,TelemetryTask,"[14920, 536908656, 200, 0]"
166570,5695778.217592592,92,0x20003a48,14920,UartTxTask,"[14920, 3758096384, 20, 1]"
166575,5696515.217592592,92,0x200080a0,32928,UartTxTask,"[32928, 3758096384, 0, 1]"
166580,5705731.217592592,90,0x20003a48,14920,TelemetryTask,"[14920, 536908656, 200, 0]"
166584,5705778.407407408,92,0x20003a48,14920,UartTxTask,"[14920, 3758096384, 20, 1]"
166589,5706514.833333333,92,0x200080a0,32928,UartTxTask,"[32928, 3758096384, 0, 1]"
166594,5715731.282407408,90,0x20003a48,14920,TelemetryTask,"[14920, 536908656, 200, 0]"
166598,5715778.777777778,92,0x20003a48,14920,UartTxTask,"[14920, 3758096384, 20, 1]"
166603,5716515.805555556,92,0x200080a0,32928,UartTxTask,"[32928, 3758096384, 0, 1]"
166608,5725732.217592592,90,0x20003a48,14920,TelemetryTask,"[14920, 536908656, 200, 0]"
166612,5725779.763888889,92,0x20003a48,14920,UartTxTask,"[14920, 3758096384, 20, 1]"
166617,5726516.888888889,92,0x200080a0,32928,UartTxTask,"[32928, 3758096384, 0, 1]"
166622,5735730.736111111,90,0x20003a48,14920,TelemetryTask,"[14920, 536908656, 200, 0]"
166626,5735779.064814814,92,0x20003a48,14920,UartTxTask,"[14920, 3758096384, 20, 1]"
166631,5736515.675925926,92,0x200080a0,32928,UartTxTask,"[32928, 3758096384, 0, 1]"
166636,5745729.875,90,0x20003a48,14920,TelemetryTask,"[14920, 536908656, 200, 0]"
166640,5745777.532407408,92,0x20003a48,14920,UartTxTask,"[14920, 3758096384, 20, 1]"
166645,5746514.75,92,0x200080a0,32928,UartTxTask,"[32928, 3758096384, 0, 1]"
166650,5755731.555555556,90,0x20003a48,14920,TelemetryTask,"[14920, 536908656, 200, 0]"
166654,5755778.523148148,92,0x20003a48,14920,UartTxTask,"[14920, 3758096384, 20, 1]"
166659,5756515.115740741,92,0x200080a0,32928,UartTxTask,"[32928, 3758096384, 0, 1]"
166664,5765731.240740741,90,0x20003a48,14920,TelemetryTask,"[14920, 536908656, 200, 0]"
166668,5765779.490740741,92,0x20003a48,14920,UartTxTask,"[14920, 3758096384, 20, 1]"
166673,5766517.134259259,92,0x200080a0,32928,UartTxTask,"[32928, 3758096384, 0, 1]"
166678,5775731.476851852,90,0x20003a48,14920,TelemetryTask,"[14920, 536908656, 200, 0]"
166682,5775778.810185186,92,0x20003a48,14920,UartTxTask,"[14920, 3758096384, 20, 1]"
166687,5776515.759259259,92,0x200080a0,32928,UartTxTask,"[32928, 3758096384, 0, 1]"
166692,5785731.083333333,90,0x20003a48,14920,TelemetryTask,"[14920, 536908656, 200, 0]"
166696,5785778.842592592,92,0x20003a48,14920,UartTxTask,"[14920, 3758096384, 20, 1]"
166701,5786516.532407408,92,0x200080a0,32928,UartTxTask,"[32928, 3758096384, 0, 1]"
166706,5795730.962962963,90,0x20003a48,14920,TelemetryTask,"[14920, 536908656, 200, 0]"
166710,5795778.550925926,92,0x20003a48,14920,UartTxTask,"[14920, 3758096384, 20, 1]"
166715,5796514.935185186,92,0x200080a0,32928,UartTxTask,"[32928, 3758096384, 0, 1]"
166720,5805730.541666667,90,0x20003a48,14920,TelemetryTask,"[14920, 536908656, 200, 0]"
166724,5805778.75,92,0x20003a48,14920,UartTxTask,"[14920, 3758096384, 20, 1]"
166729,5806515.712962963,92,0x200080a0,32928,UartTxTask,"[32928, 3758096384, 0, 1]"
166734,5815731.157407408,90,0x20003a48,14920,TelemetryTask,"[14920, 536908656, 200, 0]"
166738,5815778.875,92,0x20003a48,14920,UartTxTask,"[14920, 3758096384, 20, 1]"
166743,5816515.907407408,92,0x200080a0,32928,UartTxTask,"[32928, 3758096384, 0, 1]"
166748,5825731.027777778,90,0x20003a48,14920,TelemetryTask,"[14920, 536908656, 200, 0]"
166752,5825779.148148148,92,0x20003a48,14920,UartTxTask,"[14920, 3758096384, 20, 1]"
166757,5826515.717592592,92,0x200080a0,32928,UartTxTask,"[32928, 3758096384, 0, 1]"
166762,5835731.319444444,90,0x20003a48,14920,TelemetryTask,"[14920, 536908656, 200, 0]"
166766,5835778.782407408,92,0x20003a48,14920,UartTxTask,"[14920, 3758096384, 20, 1]"
166771,5836515.439814814,92,0x200080a0,32928,UartTxTask,"[32928, 3758096384, 0, 1]"
166776,5845731.046296297,90,0x20003a48,14920,TelemetryTask,"[14920, 536908656, 200, 0]"
166780,5845778.180555556,92,0x20003a48,14920,UartTxTask,"[14920, 3758096384, 20, 1]"
166785,5846515.106481481,92,0x200080a0,32928,UartTxTask,"[32928, 3758096384, 0, 1]"
166790,5855731.657407408,90,0x20003a48,14920,TelemetryTask,"[14920, 536908656, 200, 0]"
166794,5855779.324074074,92,0x20003a48,14920,UartTxTask,"[14920, 3758096384, 20, 1]"
166799,5856516.884259259,92,0x200080a0,32928,UartTxTask,"[32928, 3758096384, 0, 1]"
166804,5865730.986111111,90,0x20003a48,14920,TelemetryTask,"[14920, 536908656, 200, 0]"
166808,5865778.981481481,92,0x20003a48,14920,UartTxTask,"[14920, 3758096384, 20, 1]"
166813,5866515.828703703,92,0x200080a0,32928,UartTxTask,"[32928, 3758096384, 0, 1]"
166818,5875731.458333333,90,0x20003a48,14920,TelemetryTask,"[14920, 536908656, 200, 0]"
166822,5875779.740740741,92,0x20003a48,14920,UartTxTask,"[14920, 3758096384, 20, 1]"
166827,5876516.657407408,92,0x200080a0,32928,UartTxTask,"[32928, 3758096384, 0, 1]"
166832,5885731.356481481,90,0x20003a48,14920,TelemetryTask,"[14920, 536908656, 200, 0]"
166836,5885779.37037037,92,0x20003a48,14920,UartTxTask,"[14920, 3758096384, 20, 1]"
166841,5886516.185185186,92,0x200080a0,32928,UartTxTask,"[32928, 3758096384, 0, 1]"
166846,5895731.375,90,0x20003a48,14920,TelemetryTask,"[14920, 536908656, 200, 0]"
166850,5895778.861111111,92,0x20003a48,14920,UartTxTask,"[14920, 3758096384, 20, 1]"
166855,5896516.296296297,92,0x200080a0,32928,UartTxTask,"[32928, 3758096384, 0, 1]"
166860,5905730.837962963,90,0x20003a48,14920,TelemetryTask,"[14920, 536908656, 200, 0]"
166864,5905778.902777778,92,0x20003a48,14920,UartTxTask,"[14920, 3758096384, 20, 1]"
166869,5906516.240740741,92,0x200080a0,32928,UartTxTask,"[32928, 3758096384, 0, 1]"
166874,5915730.652777778,90,0x20003a48,14920,TelemetryTask,"[14920, 536908656, 200, 0]"
166878,5915778.486111111,92,0x20003a48,14920,UartTxTask,"[14920, 3758096384, 20, 1]"
166883,5916515.375,92,0x200080a0,32928,UartTxTask,"[32928, 3758096384, 0, 1]"
166888,5925731.231481481,90,0x20003a48,14920,TelemetryTask,"[14920, 536908656, 200, 0]"
166892,5925778.685185186,92,0x20003a48,14920,UartTxTask,"[14920, 3758096384, 20, 1]"
166897,5926516.046296297,92,0x200080a0,32928,UartTxTask,"[32928, 3758096384, 0, 1]"
166902,5935731.856481481,90,0x20003a48,14920,TelemetryTask,"[14920, 536908656, 200, 0]"
166906,5935779.435185186,92,0x20003a48,14920,UartTxTask,"[14920, 3758096384, 20, 1]"
166911,5936516.388888889,92,0x200080a0,32928,UartTxTask,"[32928, 3758096384, 0, 1]"
166916,5945730.837962963,90,0x20003a48,14920,TelemetryTask,"[14920, 536908656, 200, 0]"
166920,5945779.194444444,92,0x20003a48,14920,UartTxTask,"[14920, 3758096384, 20, 1]"
166925,5946516.027777778,92,0x200080a0,32928,UartTxTask,"[32928, 3758096384, 0, 1]"
166930,5955732.805555556,90,0x20003a48,14920,TelemetryTask,"[14920, 536908656, 200, 0]"
166934,5955781.296296297,92,0x20003a48,14920,UartTxTask,"[14920, 3758096384, 20, 1]"
166939,5956518.527777778,92,0x200080a0,32928,UartTxTask,"[32928, 3758096384, 0, 1]"
166944,5965731.365740741,90,0x20003a48,14920,TelemetryTask,"[14920, 536908656, 200, 0]"
166948,5965779.208333333,92,0x20003a48,14920,UartTxTask,"[14920, 3758096384, 20, 1]"
166953,5966516.449074074,92,0x200080a0,32928,UartTxTask,"[32928, 3758096384, 0, 1]"
166958,5975731.236111111,90,0x20003a48,14920,TelemetryTask,"[14920, 536908656, 200, 0]"
166962,5975780.092592592,92,0x20003a48,14920,UartTxTask,"[14920, 3758096384, 20, 1]"
166967,5976517.462962963,92,0x200080a0,32928,UartTxTask,"[32928, 3758096384, 0, 1]"
166972,5985731.449074074,90,0x20003a48,14920,TelemetryTask,"[14920, 536908656, 200, 0]"
166976,5985779.157407408,92,0x20003a48,14920,UartTxTask,"[14920, 3758096384, 20, 1]"
166981,5986516.157407408,92,0x200080a0,32928,UartTxTask,"[32928, 3758096384, 0, 1]"
166986,5995730.490740741,90,0x20003a48,14920,TelemetryTask,"[14920, 536908656, 200, 0]"
166990,5995778.662037037,92,0x20003a48,14920,UartTxTask,"[14920, 3758096384, 20, 1]"
166995,5996515.481481481,92,0x200080a0,32928,UartTxTask,"[32928, 3758096384, 0, 1]"
167000,6005731.231481481,90,0x20003a48,14920,TelemetryTask,"[14920, 536908656, 200, 0]"
167004,6005779.324074074,92,0x20003a48,14920,UartTxTask,"[14920, 3758096384, 20, 1]"
167009,6006516.62962963,92,0x200080a0,32928,UartTxTask,"[32928, 3758096384, 0, 1]"
167014,6015731.236111111,90,0x20003a48,14920,TelemetryTask,"[14920, 536908656, 200, 0]"
167018,6015779.074074074,92,0x20003a48,14920,UartTxTask,"[14920, 3758096384, 20, 1]"
167023,6016516.087962963,92,0x200080a0,32928,UartTxTask,"[32928, 3758096384, 0, 1]"
167028,6025731.50462963,90,0x20003a48,14920,TelemetryTask,"[14920, 536908656, 200, 0]"
167032,6025779.388888889,92,0x20003a48,14920,UartTxTask,"[14920, 3758096384, 20, 1]"
167037,6026516.458333333,92,0x200080a0,32928,UartTxTask,"[32928, 3758096384, 0, 1]"
167042,6035730.643518519,90,0x20003a48,14920,TelemetryTask,"[14920, 536908656, 200, 0]"
167046,6035778.509259259,92,0x20003a48,14920,UartTxTask,"[14920, 3758096384, 20, 1]"
167051,6036516.069444444,92,0x200080a0,32928,UartTxTask,"[32928, 3758096384, 0, 1]"
167056,6045731.37037037,90,0x20003a48,14920,TelemetryTask,"[14920, 536908656, 200, 0]"
167060,6045778.671296297,92,0x20003a48,14920,UartTxTask,"[14920, 3758096384, 20, 1]"
167065,6046516.458333333,92,0x200080a0,32928,UartTxTask,"[32928, 3758096384, 0, 1]"
167070,6055731.351851852,90,0x20003a48,14920,TelemetryTask,"[14920, 536908656, 200, 0]"
167074,6055778.462962963,92,0x20003a48,14920,UartTxTask,"[14920, 3758096384, 20, 1]"
167079,6056514.759259259,92,0x200080a0,32928,UartTxTask,"[32928, 3758096384, 0, 1]"
167084,6065730.337962963,90,0x20003a48,14920,TelemetryTask,"[14920, 536908656, 200, 0]"
167088,6065778.347222222,92,0x20003a48,14920,UartTxTask,"[14920, 3758096384, 20, 1]"
167093,6066515.787037037,92,0x200080a0,32928,UartTxTask,"[32928, 3758096384, 0, 1]"
167098,6075731.787037037,90,0x20003a48,14920,TelemetryTask,"[14920, 536908656, 200, 0]"
167102,6075779.25,92,0x20003a48,14920,UartTxTask,"[14920, 3758096384, 20, 1]"
167107,6076516.638888889,92,0x200080a0,32928,UartTxTask,"[32928, 3758096384, 0, 1]"
167112,6085731.37962963,90,0x20003a48,14920,TelemetryTask,"[14920, 536908656, 200, 0]"
167116,6085778.805555556,92,0x20003a48,14920,UartTxTask,"[14920, 3758096384, 20, 1]"
167121,6086515.74537037,92,0x200080a0,32928,UartTxTask,"[32928, 3758096384, 0, 1]"
167126,6095730.861111111,90,0x20003a48,14920,TelemetryTask,"[14920, 536908656, 200, 0]"
167130,6095778.115740741,92,0x20003a48,14920,UartTxTask,"[14920, 3758096384, 20, 1]"
167135,6096515.00462963,92,0x200080a0,32928,UartTxTask,"[32928, 3758096384, 0, 1]"
167140,6105729.62962963,90,0x20003a48,14920,TelemetryTask,"[14920, 536908656, 200, 0]"
167144,6105777.763888889,92,0x20003a48,14920,UartTxTask,"[14920, 3758096384, 20, 1]"
167149,6106515.375,92,0x200080a0,32928,UartTxTask,"[32928, 3758096384, 0, 1]"
167154,6115730.949074074,90,0x20003a48,14920,TelemetryTask,"[14920, 536908656, 200, 0]"
167158,6115778.407407408,92,0x20003a48,14920,UartTxTask,"[14920, 3758096384, 20, 1]"
167163,6116515.277777778,92,0x200080a0,32928,UartTxTask,"[32928, 3758096384, 0, 1]"
167168,6125731.203703703,90,0x20003a48,14920,TelemetryTask,"[14920, 536908656, 200, 0]"
167172,6125779.240740741,92,0x20003a48,14920,UartTxTask,"[14920, 3758096384, 20, 1]"
167177,6126516.277777778,92,0x200080a0,32928,UartTxTask,"[32928, 3758096384, 0, 1]"
167182,6135730.847222222,90,0x20003a48,14920,TelemetryTask,"[14920, 536908656, 200, 0]"
167186,6135778.763888889,92,0x20003a48,14920,UartTxTask,"[14920, 3758096384, 20, 1]"
167191,6136515.962962963,92,0x200080a0,32928,UartTxTask,"[32928, 3758096384, 0, 1]"
167196,6145731.134259259,90,0x20003a48,14920,TelemetryTask,"[14920, 536908656, 200, 0]"
167200,6145778.550925926,92,0x20003a48,14920,UartTxTask,"[14920, 3758096384, 20, 1]"
167205,6146515.208333333,92,0x200080a0,32928,UartTxTask,"[32928, 3758096384, 0, 1]"
167210,6155730.87962963,90,0x20003a48,14920,TelemetryTask,"[14920, 536908656, 200, 0]"
167214,6155778.550925926,92,0x20003a48,14920,UartTxTask,"[14920, 3758096384, 20, 1]"
167219,6156515.287037037,92,0x200080a0,32928,UartTxTask,"[32928, 3758096384, 0, 1]"
167224,6165731.333333333,90,0x20003a48,14920,TelemetryTask,"[14920, 536908656, 200, 0]"
167228,6165779.115740741,92,0x20003a48,14920,UartTxTask,"[14920, 3758096384, 20, 1]"
167233,6166515.708333333,92,0x200080a0,32928,UartTxTask,"[32928, 3758096384, 0, 1]"
167238,6175731.796296297,90,0x20003a48,14920,TelemetryTask,"[14920, 536908656, 200, 0]"
167242,6175779.625,92,0x20003a48,14920,UartTxTask,"[14920, 3758096384, 20, 1]"
167247,6176517.125,92,0x200080a0,32928,UartTxTask,"[32928, 3758096384, 0, 1]"
167252,6185731.787037037,90,0x20003a48,14920,TelemetryTask,"[14920, 536908656, 200, 0]"
167256,6185779.537037037,92,0x20003a48,14920,UartTxTask,"[14920, 3758096384, 20, 1]"
167261,6186517.236111111,92,0x200080a0,32928,UartTxTask,"[32928, 3758096384, 0, 1]"
167266,6195732.185185186,90,0x20003a48,14920,TelemetryTask,"[14920, 536908656, 200, 0]"
167270,6195780.009259259,92,0x20003a48,14920,UartTxTask,"[14920, 3758096384, 20, 1]"
167275,6196517.268518519,92,0x200080a0,32928,UartTxTask,"[32928, 3758096384, 0, 1]"
167280,6205731.398148148,90,0x20003a48,14920,TelemetryTask,"[14920, 536908656, 200, 0]"
167284,6205778.912037037,92,0x20003a48,14920,UartTxTask,"[14920, 3758096384, 20, 1]"
167289,6206515.472222222,92,0x200080a0,32928,UartTxTask,"[32928, 3758096384, 0, 1]"
167294,6215731.050925926,90,0x20003a48,14920,TelemetryTask,"[14920, 536908656, 200, 0]"
167298,6215779.018518519,92,0x20003a48,14920,UartTxTask,"[14920, 3758096384, 20, 1]"
167303,6216516.25462963,92,0x200080a0,32928,UartTxTask,"[32928, 3758096384, 0, 1]"
167308,6225730.805555556,90,0x20003a48,14920,TelemetryTask,"[14920, 536908656, 200, 0]"
167312,6225778.62037037,92,0x20003a48,14920,UartTxTask,"[14920, 3758096384, 20, 1]"
167317,6226515.439814814,92,0x200080a0,32928,UartTxTask,"[32928, 3758096384, 0, 1]"
167322,6235731.259259259,90,0x20003a48,14920,TelemetryTask,"[14920, 536908656, 200, 0]"
167326,6235778.828703703,92,0x20003a48,14920,UartTxTask,"[14920, 3758096384, 20, 1]"
167331,6236515.671296297,92,0x200080a0,32928,UartTxTask,"[32928, 3758096384, 0, 1]"
167336,6245731.199074074,90,0x20003a48,14920,TelemetryTask,"[14920, 536908656, 200, 0]"
167340,6245778.981481481,92,0x20003a48,14920,UartTxTask,"[14920, 3758096384, 20, 1]"
167345,6246516.023148148,92,0x200080a0,32928,UartTxTask,"[32928, 3758096384, 0, 1]"
167350,6255730.62037037,90,0x20003a48,14920,TelemetryTask,"[14920, 536908656, 200, 0]"
167354,6255777.814814814,92,0x20003a48,14920,UartTxTask,"[14920, 3758096384, 20, 1]"
167359,6256515.064814814,92,0x200080a0,32928,UartTxTask,"[32928, 3758096384, 0, 1]"
167364,6265730.328703703,90,0x20003a48,14920,TelemetryTask,"[14920, 536908656, 200, 0]"
167368,6265777.634259259,92,0x20003a48,14920,UartTxTask,"[14920, 3758096384, 20, 1]"
167373,6266515.037037037,92,0x200080a0,32928,UartTxTask,"[32928, 3758096384, 0, 1]"
167378,6275731.134259259,90,0x20003a48,14920,TelemetryTask,"[14920, 536908656, 200, 0]"
167382,6275778.819444444,92,0x20003a48,14920,UartTxTask,"[14920, 3758096384, 20, 1]"
167387,6276516.652777778,92,0x200080a0,32928,UartTxTask,"[32928, 3758096384, 0, 1]"
167392,6285731.203703703,90,0x20003a48,14920,TelemetryTask,"[14920, 536908656, 200, 0]"
167396,6285779.490740741,92,0x20003a48,14920,UartTxTask,"[14920, 3758096384, 20, 1]"
167401,6286517.055555556,92,0x200080a0,32928,UartTxTask,"[32928, 3758096384, 0, 1]"
167406,6295731.648148148,90,0x20003a48,14920,TelemetryTask,"[14920, 536908656, 200, 0]"
167410,6295779.162037037,92,0x20003a48,14920,UartTxTask,"[14920, 3758096384, 20, 1]"
167415,6296516.25462963,92,0x200080a0,32928,UartTxTask,"[32928, 3758096384, 0, 1]"
167420,6305731.032407408,90,0x20003a48,14920,TelemetryTask,"[14920, 536908656, 200, 0]"
167424,6305778.648148148,92,0x20003a48,14920,UartTxTask,"[14920, 3758096384, 20, 1]"
167429,6306515.800925926,92,0x200080a0,32928,UartTxTask,"[32928, 3758096384, 0, 1]"
167434,6315730.722222222,90,0x20003a48,14920,TelemetryTask,"[14920, 536908656, 200, 0]"
167438,6315778.37962963,92,0x20003a48,14920,UartTxTask,"[14920, 3758096384, 20, 1]"
167443,6316515.199074074,92,0x200080a0,32928,UartTxTask,"[32928, 3758096384, 0, 1]"
167448,6325731.324074074,90,0x20003a48,14920,TelemetryTask,"[14920, 536908656, 200, 0]"
167452,6325778.976851852,92,0x20003a48,14920,UartTxTask,"[14920, 3758096384, 20, 1]"
167457,6326516.666666667,92,0x200080a0,32928,UartTxTask,"[32928, 3758096384, 0, 1]"
167462,6335731.009259259,90,0x20003a48,14920,TelemetryTask,"[14920, 536908656, 200, 0]"
167466,6335778.662037037,92,0x20003a48,14920,UartTxTask,"[14920, 3758096384, 20, 1]"
167471,6336515.962962963,92,0x200080a0,32928,UartTxTask,"[32928, 3758096384, 0, 1]"
167476,6345730.99537037,90,0x20003a48,14920,TelemetryTask,"[14920, 536908656, 200, 0]"
167480,6345778.416666667,92,0x20003a48,14920,UartTxTask,"[14920, 3758096384, 20, 1]"
167485,6346515.842592592,92,0x200080a0,32928,UartTxTask,"[32928, 3758096384, 0, 1]"
167490,6355731.472222222,90,0x20003a48,14920,TelemetryTask,"[14920, 536908656, 200, 0]"
167494,6355779.935185186,92,0x20003a48,14920,UartTxTask,"[14920, 3758096384, 20, 1]"
167499,6356517.009259259,92,0x200080a0,32928,UartTxTask,"[32928, 3758096384, 0, 1]"
167504,6365730.425925926,90,0x20003a48,14920,TelemetryTask,"[14920, 536908656, 200, 0]"
167508,6365778.537037037,92,0x20003a48,14920,UartTxTask,"[14920, 3758096384, 20, 1]"
167513,6366515.842592592,92,0x200080a0,32928,UartTxTask,"[32928, 3758096384, 0, 1]"
167518,6375730.481481481,90,0x20003a48,14920,TelemetryTask,"[14920, 536908656, 200, 0]"
167522,6375777.990740741,92,0x20003a48,14920,UartTxTask,"[14920, 3758096384, 20, 1]"
167527,6376515.439814814,92,0x200080a0,32928,UartTxTask,"[32928, 3758096384, 0, 1]"
167532,6385730.805555556,90,0x20003a48,14920,TelemetryTask,"[14920, 536908656, 200, 0]"
167536,6385778.685185186,92,0x20003a48,14920,UartTxTask,"[14920, 3758096384, 20, 1]"
167541,6386516.013888889,92,0x200080a0,32928,UartTxTask,"[32928, 3758096384, 0, 1]"
167546,6395731.046296297,90,0x20003a48,14920,TelemetryTask,"[14920, 536908656, 200, 0]"
167550,6395778.703703703,92,0x20003a48,14920,UartTxTask,"[14920, 3758096384, 20, 1]"
167555,6396515.037037037,92,0x200080a0,32928,UartTxTask,"[32928, 3758096384, 0, 1]"
167560,6405730.5,90,0x20003a48,14920,TelemetryTask,"[14920, 536908656, 200, 0]"
167564,6405778.731481481,92,0x20003a48,14920,UartTxTask,"[14920, 3758096384, 20, 1]"
167569,6406516.060185186,92,0x200080a0,32928,UartTxTask,"[32928, 3758096384, 0, 1]"
167574,6415731.138888889,90,0x20003a48,14920,TelemetryTask,"[14920, 536908656, 200, 0]"
167578,6415778.337962963,92,0x20003a48,14920,UartTxTask,"[14920, 3758096384, 20, 1]"
167583,6416515.430555556,92,0x200080a0,32928,UartTxTask,"[32928, 3758096384, 0, 1]"
167588,6425730.888888889,90,0x20003a48,14920,TelemetryTask,"[14920, 536908656, 200, 0]"
167592,6425779.037037037,92,0x20003a48,14920,UartTxTask,"[14920, 3758096384, 20, 1]"
167597,6426515.800925926,92,0x200080a0,32928,UartTxTask,"[32928, 3758096384, 0, 1]"
167602,6435731.222222222,90,0x20003a48,14920,TelemetryTask,"[14920, 536908656, 200, 0]"
167606,6435778.847222222,92,0x20003a48,14920,UartTxTask,"[14920, 3758096384, 20, 1]"
167611,6436515.652777778,92,0x200080a0,32928,UartTxTask,"[32928, 3758096384, 0, 1]"
167616,6445731.810185186,90,0x20003a48,14920,TelemetryTask,"[14920, 536908656, 200, 0]"
167620,6445779.722222222,92,0x20003a48,14920,UartTxTask,"[14920, 3758096384, 20, 1]"
167625,6446516.634259259,92,0x200080a0,32928,UartTxTask,"[32928, 3758096384, 0, 1]"
167630,6455732.064814814,90,0x20003a48,14920,TelemetryTask,"[14920, 536908656, 200, 0]"
167634,6455780.032407408,92,0x20003a48,14920,UartTxTask,"[14920, 3758096384, 20, 1]"
167639,6456517.106481481,92,0x200080a0,32928,UartTxTask,"[32928, 3758096384, 0, 1]"
167644,6465731.388888889,90,0x20003a48,14920,TelemetryTask,"[14920, 536908656, 200, 0]"
167648,6465779.703703703,92,0x20003a48,14920,UartTxTask,"[14920, 3758096384, 20, 1]"
167653,6466516.597222222,92,0x200080a0,32928,UartTxTask,"[32928, 3758096384, 0, 1]"
167658,6475730.347222222,90,0x20003a48,14920,TelemetryTask,"[14920, 536908656, 200, 0]"
167662,6475778.726851852,92,0x20003a48,14920,UartTxTask,"[14920, 3758096384, 20, 1]"
167667,6476515.458333333,92,0x200080a0,32928,UartTxTask,"[32928, 3758096384, 0, 1]"
167672,6485731.282407408,90,0x20003a48,14920,TelemetryTask,"[14920, 536908656, 200, 0]"
167676,6485778.828703703,92,0x20003a48,14920,UartTxTask,"[14920, 3758096384, 20, 1]"
167681,6486515.972222222,92,0x200080a0,32928,UartTxTask,"[32928, 3758096384, 0, 1]"
167686,6495731.421296297,90,0x20003a48,14920,TelemetryTask,"[14920, 536908656, 200, 0]"
167690,6495779.060185186,92,0x20003a48,14920,UartTxTask,"[14920, 3758096384, 20, 1]"
167695,6496516.037037037,92,0x200080a0,32928,UartTxTask,"[32928, 3758096384, 0, 1]"
167700,6505730.828703703,90,0x20003a48,14920,TelemetryTask,"[14920, 536908656, 200, 0]"
167704,6505778.361111111,92,0x20003a48,14920,UartTxTask,"[14920, 3758096384, 20, 1]"
167709,6506515.333333333,92,0x200080a0,32928,UartTxTask,"[32928, 3758096384, 0, 1]"
167714,6515731.37962963,90,0x20003a48,14920,TelemetryTask,"[14920, 536908656, 200, 0]"
167718,6515780.060185186,92,0x20003a48,14920,UartTxTask,"[14920, 3758096384, 20, 1]"
167723,6516517.324074074,92,0x200080a0,32928,UartTxTask,"[32928, 3758096384, 0, 1]"
167728,6525730.50462963,90,0x20003a48,14920,TelemetryTask,"[14920, 536908656, 200, 0]"
167732,6525779.064814814,92,0x20003a48,14920,UartTxTask,"[14920, 3758096384, 20, 1]"
167737,6526515.75,92,0x200080a0,32928,UartTxTask,"[32928, 3758096384, 0, 1]"
167742,6535731.287037037,90,0x20003a48,14920,TelemetryTask,"[14920, 536908656, 200, 0]"
167746,6535779.462962963,92,0x20003a48,14920,UartTxTask,"[14920, 3758096384, 20, 1]"
167751,6536516.657407408,92,0x200080a0,32928,UartTxTask,"[32928, 3758096384, 0, 1]"
167756,6545731.375,90,0x20003a48,14920,TelemetryTask,"[14920, 536908656, 200, 0]"
167760,6545779.462962963,92,0x20003a48,14920,UartTxTask,"[14920, 3758096384, 20, 1]"
167765,6546516.768518519,92,0x200080a0,32928,UartTxTask,"[32928, 3758096384, 0, 1]"
167770,6555730.759259259,90,0x20003a48,14920,TelemetryTask,"[14920, 536908656, 200, 0]"
167774,6555778.412037037,92,0x20003a48,14920,UartTxTask,"[14920, 3758096384, 20, 1]"
167779,6556515.273148148,92,0x200080a0,32928,UartTxTask,"[32928, 3758096384, 0, 1]"
167784,6565731.175925926,90,0x20003a48,14920,TelemetryTask,"[14920, 536908656, 200, 0]"
167788,6565778.518518519,92,0x20003a48,14920,UartTxTask,"[14920, 3758096384, 20, 1]"
167793,6566515.162037037,92,0x200080a0,32928,UartTxTask,"[32928, 3758096384, 0, 1]"
167798,6575730.99537037,90,0x20003a48,14920,TelemetryTask,"[14920, 536908656, 200, 0]"
167802,6575778.824074074,92,0x20003a48,14920,UartTxTask,"[14920, 3758096384, 20, 1]"
167807,6576515.74537037,92,0x200080a0,32928,UartTxTask,"[32928, 3758096384, 0, 1]"
167812,6585731.37037037,90,0x20003a48,14920,TelemetryTask,"[14920, 536908656, 200, 0]"
167816,6585779.319444444,92,0x20003a48,14920,UartTxTask,"[14920, 3758096384, 20, 1]"
167821,6586516.175925926,92,0x200080a0,32928,UartTxTask,"[32928, 3758096384, 0, 1]"
167826,6595731.62037037,90,0x20003a48,14920,TelemetryTask,"[14920, 536908656, 200, 0]"
167830,6595779.439814814,92,0x20003a48,14920,UartTxTask,"[14920, 3758096384, 20, 1]"
167835,6596516.800925926,92,0x200080a0,32928,UartTxTask,"[32928, 3758096384, 0, 1]"
167840,6605731.259259259,90,0x20003a48,14920,TelemetryTask,"[14920, 536908656, 200, 0]"
167844,6605778.976851852,92,0x20003a48,14920,UartTxTask,"[14920, 3758096384, 20, 1]"
167849,6606516.212962963,92,0x200080a0,32928,UartTxTask,"[32928, 3758096384, 0, 1]"
167854,6615731.064814814,90,0x20003a48,14920,TelemetryTask,"[14920, 536908656, 200, 0]"
167858,6615778.717592592,92,0x20003a48,14920,UartTxTask,"[14920, 3758096384, 20, 1]"
167862,6616130.277777778,96,0x20003970,14704,ISR#56,"[14704, 537198440]"
167866,6616158.944444444,92,0x20003970,14704,ButtonTask,"[14704, 3758096384, 4294967295, 1]"
167867,6616252.171296297,90,0x20003a48,14920,ButtonTask,"[14920, 536906932, 200, 0]"
167872,6616510.0,92,0x200080a0,32928,UartTxTask,"[32928, 3758096384, 0, 1]"
167873,6616518.99537037,92,0x20003a48,14920,UartTxTask,"[14920, 3758096384, 20, 1]"
167878,6617253.949074074,92,0x200080a0,32928,UartTxTask,"[32928, 3758096384, 0, 1]"
167883,6625730.643518519,90,0x20003a48,14920,TelemetryTask,"[14920, 536908656, 200, 0]"
167887,6625778.560185186,92,0x20003a48,14920,UartTxTask,"[14920, 3758096384, 20, 1]"
167892,6626515.921296297,92,0x200080a0,32928,UartTxTask,"[32928, 3758096384, 0, 1]"
167897,6635731.231481481,90,0x20003a48,14920,TelemetryTask,"[14920, 536908656, 200, 0]"
167901,6635779.296296297,92,0x20003a48,14920,UartTxTask,"[14920, 3758096384, 20, 1]"
167906,6636516.902777778,92,0x200080a0,32928,UartTxTask,"[32928, 3758096384, 0, 1]"
167911,6645731.087962963,90,0x20003a48,14920,TelemetryTask,"[14920, 536908656, 200, 0]"
167915,6645779.157407408,92,0x20003a48,14920,UartTxTask,"[14920, 3758096384, 20, 1]"
167920,6646516.333333333,92,0x200080a0,32928,UartTxTask,"[32928, 3758096384, 0, 1]"
167925,6655731.356481481,90,0x20003a48,14920,TelemetryTask,"[14920, 536908656, 200, 0]"
167929,6655779.083333333,92,0x20003a48,14920,UartTxTask,"[14920, 3758096384, 20, 1]"
167934,6656516.555555556,92,0x200080a0,32928,UartTxTask,"[32928, 3758096384, 0, 1]"
167939,6665730.652777778,90,0x20003a48,14920,TelemetryTask,"[14920, 536908656, 200, 0]"
167943,6665778.231481481,92,0x20003a48,14920,UartTxTask,"[14920, 3758096384, 20, 1]"
167948,6666515.615740741,92,0x200080a0,32928,UartTxTask,"[32928, 3758096384, 0, 1]"
167953,6675731.208333333,90,0x20003a48,14920,TelemetryTask,"[14920, 536908656, 200, 0]"
167957,6675778.444444444,92,0x20003a48,14920,UartTxTask,"[14920, 3758096384, 20, 1]"
167962,6676516.037037037,92,0x200080a0,32928,UartTxTask,"[32928, 3758096384, 0, 1]"
167967,6685730.375,90,0x20003a48,14920,TelemetryTask,"[14920, 536908656, 200, 0]"
167971,6685777.476851852,92,0x20003a48,14920,UartTxTask,"[14920, 3758096384, 20, 1]"
167976,6686513.972222222,92,0x200080a0,32928,UartTxTask,"[32928, 3758096384, 0, 1]"
167981,6695731.578703703,90,0x20003a48,14920,TelemetryTask,"[14920, 536908656, 200, 0]"
167985,6695779.546296297,92,0x20003a48,14920,UartTxTask,"[14920, 3758096384, 20, 1]"
167990,6696516.412037037,92,0x200080a0,32928,UartTxTask,"[32928, 3758096384, 0, 1]"
167995,6705731.231481481,90,0x20003a48,14920,TelemetryTask,"[14920, 536908656, 200, 0]"
167999,6705779.356481481,92,0x20003a48,14920,UartTxTask,"[14920, 3758096384, 20, 1]"
168004,6706516.25462963,92,0x200080a0,32928,UartTxTask,"[32928, 3758096384, 0, 1]"
168009,6715732.092592592,90,0x20003a48,14920,TelemetryTask,"[14920, 536908656, 200, 0]"
168013,6715779.712962963,92,0x20003a48,14920,UartTxTask,"[14920, 3758096384, 20, 1]"
168018,6716516.643518519,92,0x200080a0,32928,UartTxTask,"[32928, 3758096384, 0, 1]"
168023,6725731.305555556,90,0x20003a48,14920,TelemetryTask,"[14920, 536908656, 200, 0]"
168027,6725778.444444444,92,0x20003a48,14920,UartTxTask,"[14920, 3758096384, 20, 1]"
168032,6726516.509259259,92,0x200080a0,32928,UartTxTask,"[32928, 3758096384, 0, 1]"
168037,6735730.953703703,90,0x20003a48,14920,TelemetryTask,"[14920, 536908656, 200, 0]"
168041,6735778.972222222,92,0x20003a48,14920,UartTxTask,"[14920, 3758096384, 20, 1]"
168046,6736515.689814814,92,0x200080a0,32928,UartTxTask,"[32928, 3758096384, 0, 1]"
168051,6745731.467592592,90,0x20003a48,14920,TelemetryTask,"[14920, 536908656, 200, 0]"
168055,6745778.731481481,92,0x20003a48,14920,UartTxTask,"[14920, 3758096384, 20, 1]"
168060,6746516.143518519,92,0x200080a0,32928,UartTxTask,"[32928, 3758096384, 0, 1]"
168065,6755731.217592592,90,0x20003a48,14920,TelemetryTask,"[14920, 536908656, 200, 0]"
168069,6755778.842592592,92,0x20003a48,14920,UartTxTask,"[14920, 3758096384, 20, 1]"
168074,6756515.902777778,92,0x200080a0,32928,UartTxTask,"[32928, 3758096384, 0, 1]"
168079,6765730.194444444,90,0x20003a48,14920,TelemetryTask,"[14920, 536908656, 200, 0]"
168083,6765777.259259259,92,0x20003a48,14920,UartTxTask,"[14920, 3758096384, 20, 1]"
168088,6766513.930555556,92,0x200080a0,32928,UartTxTask,"[32928, 3758096384, 0, 1]"
168093,6775731.259259259,90,0x20003a48,14920,TelemetryTask,"[14920, 536908656, 200, 0]"
168097,6775779.324074074,92,0x20003a48,14920,UartTxTask,"[14920, 3758096384, 20, 1]"
168102,6776516.092592592,92,0x200080a0,32928,UartTxTask,"[32928, 3758096384, 0, 1]"
168107,6785731.222222222,90,0x20003a48,14920,TelemetryTask,"[14920, 536908656, 200, 0]"
168111,6785779.115740741,92,0x20003a48,14920,UartTxTask,"[14920, 3758096384, 20, 1]"
168116,6786516.106481481,92,0x200080a0,32928,UartTxTask,"[32928, 3758096384, 0, 1]"
168121,6795731.055555556,90,0x20003a48,14920,TelemetryTask,"[14920, 536908656, 200, 0]"
168125,6795778.069444444,92,0x20003a48,14920,UartTxTask,"[14920, 3758096384, 20, 1]"
168130,6796514.810185186,92,0x200080a0,32928,UartTxTask,"[32928, 3758096384, 0, 1]"
168135,6805730.972222222,90,0x20003a48,14920,TelemetryTask,"[14920, 536908656, 200, 0]"
168139,6805778.5,92,0x20003a48,14920,UartTxTask,"[14920, 3758096384, 20, 1]"
168144,6806515.393518519,92,0x200080a0,32928,UartTxTask,"[32928, 3758096384, 0, 1]"
168148,6806928.611111111,96,0x20003970,14704,ISR#56,"[14704, 537198440]"
168152,6806963.671296297,92,0x20003970,14704,ButtonTask,"[14704, 3758096384, 4294967295, 1]"
168153,6807068.828703703,90,0x20003a48,14920,ButtonTask,"[14920, 536906932, 200, 0]"
168157,6807114.555555556,92,0x20003a48,14920,UartTxTask,"[14920, 3758096384, 20, 1]"
168162,6807849.115740741,92,0x200080a0,32928,UartTxTask,"[32928, 3758096384, 0, 1]"
168167,6815731.083333333,90,0x20003a48,14920,TelemetryTask,"[14920, 536908656, 200, 0]"
168171,6815779.481481481,92,0x20003a48,14920,UartTxTask,"[14920, 3758096384, 20, 1]"
168176,6816517.037037037,92,0x200080a0,32928,UartTxTask,"[32928, 3758096384, 0, 1]"
168181,6825731.393518519,90,0x20003a48,14920,TelemetryTask,"[14920, 536908656, 200, 0]"
168185,6825778.902777778,92,0x20003a48,14920,UartTxTask,"[14920, 3758096384, 20, 1]"
168190,6826516.032407408,92,0x200080a0,32928,UartTxTask,"[32928, 3758096384, 0, 1]"
168195,6835730.458333333,90,0x20003a48,14920,TelemetryTask,"[14920, 536908656, 200, 0]"
168199,6835778.351851852,92,0x20003a48,14920,UartTxTask,"[14920, 3758096384, 20, 1]"
168204,6836515.726851852,92,0x200080a0,32928,UartTxTask,"[32928, 3758096384, 0, 1]"
168209,6845731.958333333,90,0x20003a48,14920,TelemetryTask,"[14920, 536908656, 200, 0]"
168213,6845779.087962963,92,0x20003a48,14920,UartTxTask,"[14920, 3758096384, 20, 1]"
168218,6846516.148148148,92,0x200080a0,32928,UartTxTask,"[32928, 3758096384, 0, 1]"
168223,6855730.564814814,90,0x20003a48,14920,TelemetryTask,"[14920, 536908656, 200, 0]"
168227,6855778.231481481,92,0x20003a48,14920,UartTxTask,"[14920, 3758096384, 20, 1]"
168232,6856515.097222222,92,0x200080a0,32928,UartTxTask,"[32928, 3758096384, 0, 1]"
168237,6865731.708333333,90,0x20003a48,14920,TelemetryTask,"[14920, 536908656, 200, 0]"
168241,6865780.180555556,92,0x20003a48,14920,UartTxTask,"[14920, 3758096384, 20, 1]"
168246,6866517.550925926,92,0x200080a0,32928,UartTxTask,"[32928, 3758096384, 0, 1]"
168251,6875731.180555556,90,0x20003a48,14920,TelemetryTask,"[14920, 536908656, 200, 0]"
168255,6875778.509259259,92,0x20003a48,14920,UartTxTask,"[14920, 3758096384, 20, 1]"
168260,6876515.884259259,92,0x200080a0,32928,UartTxTask,"[32928, 3758096384, 0, 1]"
168265,6885731.768518519,90,0x20003a48,14920,TelemetryTask,"[14920, 536908656, 200, 0]"
168269,6885779.481481481,92,0x20003a48,14920,UartTxTask,"[14920, 3758096384, 20, 1]"
168274,6886516.527777778,92,0x200080a0,32928,UartTxTask,"[32928, 3758096384, 0, 1]"
168279,6895732.458333333,90,0x20003a48,14920,TelemetryTask,"[14920, 536908656, 200, 0]"
168283,6895780.092592592,92,0x20003a48,14920,UartTxTask,"[14920, 3758096384, 20, 1]"
168288,6896517.759259259,92,0x200080a0,32928,UartTxTask,"[32928, 3758096384, 0, 1]"
168293,6905730.273148148,90,0x20003a48,14920,TelemetryTask,"[14920, 536908656, 200, 0]"
168297,6905778.361111111,92,0x20003a48,14920,UartTxTask,"[14920, 3758096384, 20, 1]"
168302,6906516.074074074,92,0x200080a0,32928,UartTxTask,"[32928, 3758096384, 0, 1]"
168307,6915731.726851852,90,0x20003a48,14920,TelemetryTask,"[14920, 536908656, 200, 0]"
168311,6915779.361111111,92,0x20003a48,14920,UartTxTask,"[14920, 3758096384, 20, 1]"
168316,6916516.865740741,92,0x200080a0,32928,UartTxTask,"[32928, 3758096384, 0, 1]"
168321,6925731.430555556,90,0x20003a48,14920,TelemetryTask,"[14920, 536908656, 200, 0]"
168325,6925779.00462963,92,0x20003a48,14920,UartTxTask,"[14920, 3758096384, 20, 1]"
168330,6926516.074074074,92,0x200080a0,32928,UartTxTask,"[32928, 3758096384, 0, 1]"
168335,6935731.259259259,90,0x20003a48,14920,TelemetryTask,"[14920, 536908656, 200, 0]"
168339,6935778.87037037,92,0x20003a48,14920,UartTxTask,"[14920, 3758096384, 20, 1]"
168344,6936515.759259259,92,0x200080a0,32928,UartTxTask,"[32928, 3758096384, 0, 1]"
168349,6945731.634259259,90,0x20003a48,14920,TelemetryTask,"[14920, 536908656, 200, 0]"
168353,6945779.972222222,92,0x20003a48,14920,UartTxTask,"[14920, 3758096384, 20, 1]"
168358,6946517.291666667,92,0x200080a0,32928,UartTxTask,"[32928, 3758096384, 0, 1]"
168363,6955731.717592592,90,0x20003a48,14920,TelemetryTask,"[14920, 536908656, 200, 0]"
168367,6955778.976851852,92,0x20003a48,14920,UartTxTask,"[14920, 3758096384, 20, 1]"
168372,6956515.75462963,92,0x200080a0,32928,UartTxTask,"[32928, 3758096384, 0, 1]"
168377,6965730.125,90,0x20003a48,14920,TelemetryTask,"[14920, 536908656, 200, 0]"
168381,6965777.939814814,92,0x20003a48,14920,UartTxTask,"[14920, 3758096384, 20, 1]"
168386,6966515.578703703,92,0x200080a0,32928,UartTxTask,"[32928, 3758096384, 0, 1]"
168391,6975732.083333333,90,0x20003a48,14920,TelemetryTask,"[14920, 536908656, 200, 0]"
168395,6975779.722222222,92,0x20003a48,14920,UartTxTask,"[14920, 3758096384, 20, 1]"
168400,6976517.074074074,92,0x200080a0,32928,UartTxTask,"[32928, 3758096384, 0, 1]"
168405,6985731.606481481,90,0x20003a48,14920,TelemetryTask,"[14920, 536908656, 200, 0]"
168409,6985780.361111111,92,0x20003a48,14920,UartTxTask,"[14920, 3758096384, 20, 1]"
168414,6986516.912037037,92,0x200080a0,32928,UartTxTask,"[32928, 3758096384, 0, 1]"
168419,6995731.083333333,90,0x20003a48,14920,TelemetryTask,"[14920, 536908656, 200, 0]"
168423,6995779.166666667,92,0x20003a48,14920,UartTxTask,"[14920, 3758096384, 20, 1]"
168428,6996515.967592592,92,0x200080a0,32928,UartTxTask,"[32928, 3758096384, 0, 1]"
168433,7005730.430555556,90,0x20003a48,14920,TelemetryTask,"[14920, 536908656, 200, 0]"
168437,7005778.615740741,92,0x20003a48,14920,UartTxTask,"[14920, 3758096384, 20, 1]"
168442,7006515.439814814,92,0x200080a0,32928,UartTxTask,"[32928, 3758096384, 0, 1]"
168447,7015731.101851852,90,0x20003a48,14920,TelemetryTask,"[14920, 536908656, 200, 0]"
168451,7015778.962962963,92,0x20003a48,14920,UartTxTask,"[14920, 3758096384, 20, 1]"
168456,7016515.773148148,92,0x200080a0,32928,UartTxTask,"[32928, 3758096384, 0, 1]"
168461,7025730.916666667,90,0x20003a48,14920,TelemetryTask,"[14920, 536908656, 200, 0]"
168465,7025778.819444444,92,0x20003a48,14920,UartTxTask,"[14920, 3758096384, 20, 1]"
168470,7026515.490740741,92,0x200080a0,32928,UartTxTask,"[32928, 3758096384, 0, 1]"
168475,7035731.583333333,90,0x20003a48,14920,TelemetryTask,"[14920, 536908656, 200, 0]"
168479,7035779.259259259,92,0x20003a48,14920,UartTxTask,"[14920, 3758096384, 20, 1]"
168484,7036516.648148148,92,0x200080a0,32928,UartTxTask,"[32928, 3758096384, 0, 1]"
168489,7045730.967592592,90,0x20003a48,14920,TelemetryTask,"[14920, 536908656, 200, 0]"
168493,7045778.444444444,92,0x20003a48,14920,UartTxTask,"[14920, 3758096384, 20, 1]"
168498,7046515.796296297,92,0x200080a0,32928,UartTxTask,"[32928, 3758096384, 0, 1]"
168503,7055732.097222222,90,0x20003a48,14920,TelemetryTask,"[14920, 536908656, 200, 0]"
168507,7055779.787037037,92,0x20003a48,14920,UartTxTask,"[14920, 3758096384, 20, 1]"
168512,7056516.421296297,92,0x200080a0,32928,UartTxTask,"[32928, 3758096384, 0, 1]"
168517,7065731.814814814,90,0x20003a48,14920,TelemetryTask,"[14920, 536908656, 200, 0]"
168521,7065779.768518519,92,0x20003a48,14920,UartTxTask,"[14920, 3758096384, 20, 1]"
168526,7066516.777777778,92,0x200080a0,32928,UartTxTask,"[32928, 3758096384, 0, 1]"
168531,7075731.546296297,90,0x20003a48,14920,TelemetryTask,"[14920, 536908656, 200, 0]"
168535,7075779.430555556,92,0x20003a48,14920,UartTxTask,"[14920, 3758096384, 20, 1]"
168540,7076516.49537037,92,0x200080a0,32928,UartTxTask,"[32928, 3758096384, 0, 1]"
168545,7085732.185185186,90,0x20003a48,14920,TelemetryTask,"[14920, 536908656, 200, 0]"
168549,7085780.328703703,92,0x20003a48,14920,UartTxTask,"[14920, 3758096384, 20, 1]"
168554,7086517.208333333,92,0x200080a0,32928,UartTxTask,"[32928, 3758096384, 0, 1]"
168559,7095730.805555556,90,0x20003a48,14920,TelemetryTask,"[14920, 536908656, 200, 0]"
168563,7095778.444444444,92,0x20003a48,14920,UartTxTask,"[14920, 3758096384, 20, 1]"
168568,7096515.796296297,92,0x200080a0,32928,UartTxTask,"[32928, 3758096384, 0, 1]"
168573,7105731.675925926,90,0x20003a48,14920,TelemetryTask,"[14920, 536908656, 200, 0]"
168577,7105779.310185186,92,0x20003a48,14920,UartTxTask,"[14920, 3758096384, 20, 1]"
168582,7106516.712962963,92,0x200080a0,32928,UartTxTask,"[32928, 3758096384, 0, 1]"
168587,7115731.148148148,90,0x20003a48,14920,TelemetryTask,"[14920, 536908656, 200, 0]"
168591,7115778.310185186,92,0x20003a48,14920,UartTxTask,"[14920, 3758096384, 20, 1]"
168596,7116514.861111111,92,0x200080a0,32928,UartTxTask,"[32928, 3758096384, 0, 1]"
168601,7125731.106481481,90,0x20003a48,14920,TelemetryTask,"[14920, 536908656, 200, 0]"
168605,7125778.518518519,92,0x20003a48,14920,UartTxTask,"[14920, 3758096384, 20, 1]"
168610,7126515.462962963,92,0x200080a0,32928,UartTxTask,"[32928, 3758096384, 0, 1]"
168615,7135730.944444444,90,0x20003a48,14920,TelemetryTask,"[14920, 536908656, 200, 0]"
168619,7135778.981481481,92,0x20003a48,14920,UartTxTask,"[14920, 3758096384, 20, 1]"
168624,7136516.541666667,92,0x200080a0,32928,UartTxTask,"[32928, 3758096384, 0, 1]"
168629,7145730.824074074,90,0x20003a48,14920,TelemetryTask,"[14920, 536908656, 200, 0]"
168633,7145778.722222222,92,0x20003a48,14920,UartTxTask,"[14920, 3758096384, 20, 1]"
168638,7146515.773148148,92,0x200080a0,32928,UartTxTask,"[32928, 3758096384, 0, 1]"
168643,7155731.736111111,90,0x20003a48,14920,TelemetryTask,"[14920, 536908656, 200, 0]"
168647,7155779.199074074,92,0x20003a48,14920,UartTxTask,"[14920, 3758096384, 20, 1]"
168652,7156516.337962963,92,0x200080a0,32928,UartTxTask,"[32928, 3758096384, 0, 1]"
168657,7165730.759259259,90,0x20003a48,14920,TelemetryTask,"[14920, 536908656, 200, 0]"
168661,7165778.824074074,92,0x20003a48,14920,UartTxTask,"[14920, 3758096384, 20, 1]"
168666,7166516.328703703,92,0x200080a0,32928,UartTxTask,"[32928, 3758096384, 0, 1]"
168671,7175731.384259259,90,0x20003a48,14920,TelemetryTask,"[14920, 536908656, 200, 0]"
168675,7175779.819444444,92,0x20003a48,14920,UartTxTask,"[14920, 3758096384, 20, 1]"
168680,7176516.601851852,92,0x200080a0,32928,UartTxTask,"[32928, 3758096384, 0, 1]"
168685,7185731.819444444,90,0x20003a48,14920,TelemetryTask,"[14920, 536908656, 200, 0]"
168689,7185779.537037037,92,0x20003a48,14920,UartTxTask,"[14920, 3758096384, 20, 1]"
168694,7186516.777777778,92,0x200080a0,32928,UartTxTask,"[32928, 3758096384, 0, 1]"
168699,7195730.773148148,90,0x20003a48,14920,TelemetryTask,"[14920, 536908656, 200, 0]"
168703,7195778.726851852,92,0x20003a48,14920,UartTxTask,"[14920, 3758096384, 20, 1]"
168708,7196515.75462963,92,0x200080a0,32928,UartTxTask,"[32928, 3758096384, 0, 1]"
168713,7205731.884259259,90,0x20003a48,14920,TelemetryTask,"[14920, 536908656, 200, 0]"
168717,7205779.675925926,92,0x20003a48,14920,UartTxTask,"[14920, 3758096384, 20, 1]"
168722,7206516.717592592,92,0x200080a0,32928,UartTxTask,"[32928, 3758096384, 0, 1]"
168727,7215730.810185186,90,0x20003a48,14920,TelemetryTask,"[14920, 536908656, 200, 0]"
168731,7215778.560185186,92,0x20003a48,14920,UartTxTask,"[14920, 3758096384, 20, 1]"
168736,7216515.541666667,92,0x200080a0,32928,UartTxTask,"[32928, 3758096384, 0, 1]"
168741,7225731.157407408,90,0x20003a48,14920,TelemetryTask,"[14920, 536908656, 200, 0]"
168745,7225779.25462963,92,0x20003a48,14920,UartTxTask,"[14920, 3758096384, 20, 1]"
168750,7226516.365740741,92,0x200080a0,32928,UartTxTask,"[32928, 3758096384, 0, 1]"
168755,7235730.856481481,90,0x20003a48,14920,TelemetryTask,"[14920, 536908656, 200, 0]"
168759,7235778.287037037,92,0x20003a48,14920,UartTxTask,"[14920, 3758096384, 20, 1]"
168764,7236515.444444444,92,0x200080a0,32928,UartTxTask,"[32928, 3758096384, 0, 1]"
168769,7245731.194444444,90,0x20003a48,14920,TelemetryTask,"[14920, 536908656, 200, 0]"
168773,7245779.162037037,92,0x20003a48,14920,UartTxTask,"[14920, 3758096384, 20, 1]"
168778,7246516.449074074,92,0x200080a0,32928,UartTxTask,"[32928, 3758096384, 0, 1]"
168783,7255731.134259259,90,0x20003a48,14920,TelemetryTask,"[14920, 536908656, 200, 0]"
168787,7255778.351851852,92,0x20003a48,14920,UartTxTask,"[14920, 3758096384, 20, 1]"
168792,7256514.958333333,92,0x200080a0,32928,UartTxTask,"[32928, 3758096384, 0, 1]"
168797,7265730.925925926,90,0x20003a48,14920,TelemetryTask,"[14920, 536908656, 200, 0]"
168801,7265778.356481481,92,0x20003a48,14920,UartTxTask,"[14920, 3758096384, 20, 1]"
168806,7266515.157407408,92,0x200080a0,32928,UartTxTask,"[32928, 3758096384, 0, 1]"
168811,7275731.25,90,0x20003a48,14920,TelemetryTask,"[14920, 536908656, 200, 0]"
168815,7275778.837962963,92,0x20003a48,14920,UartTxTask,"[14920, 3758096384, 20, 1]"
168820,7276515.935185186,92,0x200080a0,32928,UartTxTask,"[32928, 3758096384, 0, 1]"
168825,7285731.083333333,90,0x20003a48,14920,TelemetryTask,"[14920, 536908656, 200, 0]"
168829,7285778.467592592,92,0x20003a48,14920,UartTxTask,"[14920, 3758096384, 20, 1]"
168834,7286515.319444444,92,0x200080a0,32928,UartTxTask,"[32928, 3758096384, 0, 1]"
168839,7295731.583333333,90,0x20003a48,14920,TelemetryTask,"[14920, 536908656, 200, 0]"
168843,7295779.615740741,92,0x20003a48,14920,UartTxTask,"[14920, 3758096384, 20, 1]"
168848,7296516.217592592,92,0x200080a0,32928,UartTxTask,"[32928, 3758096384, 0, 1]"
168853,7305730.476851852,90,0x20003a48,14920,TelemetryTask,"[14920, 536908656, 200, 0]"
168857,7305777.490740741,92,0x20003a48,14920,UartTxTask,"[14920, 3758096384, 20, 1]"
168862,7306514.87037037,92,0x200080a0,32928,UartTxTask,"[32928, 3758096384, 0, 1]"
168867,7315729.842592592,90,0x20003a48,14920,TelemetryTask,"[14920, 536908656, 200, 0]"
168871,7315777.722222222,92,0x20003a48,14920,UartTxTask,"[14920, 3758096384, 20, 1]"
168876,7316515.027777778,92,0x200080a0,32928,UartTxTask,"[32928, 3758096384, 0, 1]"
168881,7325730.296296297,90,0x20003a48,14920,TelemetryTask,"[14920, 536908656, 200, 0]"
168885,7325778.486111111,92,0x20003a48,14920,UartTxTask,"[14920, 3758096384, 20, 1]"
168890,7326515.125,92,0x200080a0,32928,UartTxTask,"[32928, 3758096384, 0, 1]"
168895,7335731.361111111,90,0x20003a48,14920,TelemetryTask,"[14920, 536908656, 200, 0]"
168899,7335779.513888889,92,0x20003a48,14920,UartTxTask,"[14920, 3758096384, 20, 1]"
168904,7336516.486111111,92,0x200080a0,32928,UartTxTask,"[32928, 3758096384, 0, 1]"
168909,7345731.453703703,90,0x20003a48,14920,TelemetryTask,"[14920, 536908656, 200, 0]"
168913,7345779.648148148,92,0x20003a48,14920,UartTxTask,"[14920, 3758096384, 20, 1]"
168918,7346516.384259259,92,0x200080a0,32928,UartTxTask,"[32928, 3758096384, 0, 1]"
168923,7355731.064814814,90,0x20003a48,14920,TelemetryTask,"[14920, 536908656, 200, 0]"
168927,7355779.037037037,92,0x20003a48,14920,UartTxTask,"[14920, 3758096384, 20, 1]"
168932,7356515.393518519,92,0x200080a0,32928,UartTxTask,"[32928, 3758096384, 0, 1]"
168937,7365731.25,90,0x20003a48,14920,TelemetryTask,"[14920, 536908656, 200, 0]"
168941,7365778.837962963,92,0x20003a48,14920,UartTxTask,"[14920, 3758096384, 20, 1]"
168946,7366515.851851852,92,0x200080a0,32928,UartTxTask,"[32928, 3758096384, 0, 1]"
168951,7375730.935185186,90,0x20003a48,14920,TelemetryTask,"[14920, 536908656, 200, 0]"
168955,7375778.212962963,92,0x20003a48,14920,UartTxTask,"[14920, 3758096384, 20, 1]"
168960,7376515.069444444,92,0x200080a0,32928,UartTxTask,"[32928, 3758096384, 0, 1]"
168965,7385731.847222222,90,0x20003a48,14920,TelemetryTask,"[14920, 536908656, 200, 0]"
168969,7385779.810185186,92,0x20003a48,14920,UartTxTask,"[14920, 3758096384, 20, 1]"
168974,7386516.740740741,92,0x200080a0,32928,UartTxTask,"[32928, 3758096384, 0, 1]"
168979,7395730.342592592,90,0x20003a48,14920,TelemetryTask,"[14920, 536908656, 200, 0]"
168983,7395777.833333333,92,0x20003a48,14920,UartTxTask,"[14920, 3758096384, 20, 1]"
168988,7396514.902777778,92,0x200080a0,32928,UartTxTask,"[32928, 3758096384, 0, 1]"
168993,7405731.282407408,90,0x20003a48,14920,TelemetryTask,"[14920, 536908656, 200, 0]"
168997,7405779.055555556,92,0x20003a48,14920,UartTxTask,"[14920, 3758096384, 20, 1]"
169002,7406516.467592592,92,0x200080a0,32928,UartTxTask,"[32928, 3758096384, 0, 1]"
169007,7415731.171296297,90,0x20003a48,14920,TelemetryTask,"[14920, 536908656, 200, 0]"
169011,7415779.662037037,92,0x20003a48,14920,UartTxTask,"[14920, 3758096384, 20, 1]"
169016,7416516.865740741,92,0x200080a0,32928,UartTxTask,"[32928, 3758096384, 0, 1]"
169021,7425731.935185186,90,0x20003a48,14920,TelemetryTask,"[14920, 536908656, 200, 0]"
169025,7425780.106481481,92,0x20003a48,14920,UartTxTask,"[14920, 3758096384, 20, 1]"
169030,7426517.087962963,92,0x200080a0,32928,UartTxTask,"[32928, 3758096384, 0, 1]"
169035,7435731.277777778,90,0x20003a48,14920,TelemetryTask,"[14920, 536908656, 200, 0]"
169039,7435778.509259259,92,0x20003a48,14920,UartTxTask,"[14920, 3758096384, 20, 1]"
169044,7436515.847222222,92,0x200080a0,32928,UartTxTask,"[32928, 3758096384, 0, 1]"
169049,7445730.949074074,90,0x20003a48,14920,TelemetryTask,"[14920, 536908656, 200, 0]"
169053,7445779.226851852,92,0x20003a48,14920,UartTxTask,"[14920, 3758096384, 20, 1]"
169058,7446515.944444444,92,0x200080a0,32928,UartTxTask,"[32928, 3758096384, 0, 1]"
169063,7455731.62962963,90,0x20003a48,14920,TelemetryTask,"[14920, 536908656, 200, 0]"
169067,7455778.819444444,92,0x20003a48,14920,UartTxTask,"[14920, 3758096384, 20, 1]"
169072,7456515.916666667,92,0x200080a0,32928,UartTxTask,"[32928, 3758096384, 0, 1]"
169077,7465730.768518519,90,0x20003a48,14920,TelemetryTask,"[14920, 536908656, 200, 0]"
169081,7465778.837962963,92,0x20003a48,14920,UartTxTask,"[14920, 3758096384, 20, 1]"
169086,7466515.708333333,92,0x200080a0,32928,UartTxTask,"[32928, 3758096384, 0, 1]"
169091,7475732.157407408,90,0x20003a48,14920,TelemetryTask,"[14920, 536908656, 200, 0]"
169095,7475779.402777778,92,0x20003a48,14920,UartTxTask,"[14920, 3758096384, 20, 1]"
169100,7476516.268518519,92,0x200080a0,32928,UartTxTask,"[32928, 3758096384, 0, 1]"
169105,7485731.12037037,90,0x20003a48,14920,TelemetryTask,"[14920, 536908656, 200, 0]"
169109,7485778.884259259,92,0x20003a48,14920,UartTxTask,"[14920, 3758096384, 20, 1]"
169114,7486516.287037037,92,0x200080a0,32928,UartTxTask,"[32928, 3758096384, 0, 1]"
169119,7495730.837962963,90,0x20003a48,14920,TelemetryTask,"[14920, 536908656, 200, 0]"
169123,7495778.050925926,92,0x20003a48,14920,UartTxTask,"[14920, 3758096384, 20, 1]"
169128,7496514.986111111,92,0x200080a0,32928,UartTxTask,"[32928, 3758096384, 0, 1]"
169133,7505731.314814814,90,0x20003a48,14920,TelemetryTask,"[14920, 536908656, 200, 0]"
169137,7505779.268518519,92,0x20003a48,14920,UartTxTask,"[14920, 3758096384, 20, 1]"
169142,7506516.537037037,92,0x200080a0,32928,UartTxTask,"[32928, 3758096384, 0, 1]"
169147,7515730.25462963,90,0x20003a48,14920,TelemetryTask,"[14920, 536908656, 200, 0]"
169151,7515778.467592592,92,0x20003a48,14920,UartTxTask,"[14920, 3758096384, 20, 1]"
169156,7516515.569444444,92,0x200080a0,32928,UartTxTask,"[32928, 3758096384, 0, 1]"
169161,7525730.875,90,0x20003a48,14920,TelemetryTask,"[14920, 536908656, 200, 0]"
169165,7525778.5,92,0x20003a48,14920,UartTxTask,"[14920, 3758096384, 20, 1]"
169170,7526515.277777778,92,0x200080a0,32928,UartTxTask,"[32928, 3758096384, 0, 1]"
169175,7535731.782407408,90,0x20003a48,14920,TelemetryTask,"[14920, 536908656, 200, 0]"
169179,7535779.763888889,92,0x20003a48,14920,UartTxTask,"[14920, 3758096384, 20, 1]"
169184,7536516.837962963,92,0x200080a0,32928,UartTxTask,"[32928, 3758096384, 0, 1]"
169189,7545730.925925926,90,0x20003a48,14920,TelemetryTask,"[14920, 536908656, 200, 0]"
169193,7545778.657407408,92,0x20003a48,14920,UartTxTask,"[14920, 3758096384, 20, 1]"
169198,7546515.490740741,92,0x200080a0,32928,UartTxTask,"[32928, 3758096384, 0, 1]"
169203,7555730.592592592,90,0x20003a48,14920,TelemetryTask,"[14920, 536908656, 200, 0]"
169207,7555778.37037037,92,0x20003a48,14920,UartTxTask,"[14920, 3758096384, 20, 1]"
169212,7556515.856481481,92,0x200080a0,32928,UartTxTask,"[32928, 3758096384, 0, 1]"
169217,7565731.337962963,90,0x20003a48,14920,TelemetryTask,"[14920, 536908656, 200, 0]"
169221,7565779.814814814,92,0x20003a48,14920,UartTxTask,"[14920, 3758096384, 20, 1]"
169226,7566516.703703703,92,0x200080a0,32928,UartTxTask,"[32928, 3758096384, 0, 1]"
169231,7575731.055555556,90,0x20003a48,14920,TelemetryTask,"[14920, 536908656, 200, 0]"
169235,7575779.884259259,92,0x20003a48,14920,UartTxTask,"[14920, 3758096384, 20, 1]"
169240,7576516.787037037,92,0x200080a0,32928,UartTxTask,"[32928, 3758096384, 0, 1]"
169245,7585732.018518519,90,0x20003a48,14920,TelemetryTask,"[14920, 536908656, 200, 0]"
169249,7585779.078703703,92,0x20003a48,14920,UartTxTask,"[14920, 3758096384, 20, 1]"
169254,7586516.481481481,92,0x200080a0,32928,UartTxTask,"[32928, 3758096384, 0, 1]"
169259,7595730.699074074,90,0x20003a48,14920,TelemetryTask,"[14920, 536908656, 200, 0]"
169263,7595778.759259259,92,0x20003a48,14920,UartTxTask,"[14920, 3758096384, 20, 1]"
169268,7596515.523148148,92,0x200080a0,32928,UartTxTask,"[32928, 3758096384, 0, 1]"
169273,7605731.171296297,90,0x20003a48,14920,TelemetryTask,"[14920, 536908656, 200, 0]"
169277,7605778.847222222,92,0x20003a48,14920,UartTxTask,"[14920, 3758096384, 20, 1]"
169282,7606516.337962963,92,0x200080a0,32928,UartTxTask,"[32928, 3758096384, 0, 1]"
169287,7615731.388888889,90,0x20003a48,14920,TelemetryTask,"[14920, 536908656, 200, 0]"
169291,7615778.694444444,92,0x20003a48,14920,UartTxTask,"[14920, 3758096384, 20, 1]"
169296,7616516.453703703,92,0x200080a0,32928,UartTxTask,"[32928, 3758096384, 0, 1]"
169301,7625731.217592592,90,0x20003a48,14920,TelemetryTask,"[14920, 536908656, 200, 0]"
169305,7625778.814814814,92,0x20003a48,14920,UartTxTask,"[14920, 3758096384, 20, 1]"
169310,7626515.699074074,92,0x200080a0,32928,UartTxTask,"[32928, 3758096384, 0, 1]"
169315,7635731.236111111,90,0x20003a48,14920,TelemetryTask,"[14920, 536908656, 200, 0]"
169319,7635778.708333333,92,0x20003a48,14920,UartTxTask,"[14920, 3758096384, 20, 1]"
169324,7636515.972222222,92,0x200080a0,32928,UartTxTask,"[32928, 3758096384, 0, 1]"
169329,7645730.805555556,90,0x20003a48,14920,TelemetryTask,"[14920, 536908656, 200, 0]"
169333,7645778.930555556,92,0x20003a48,14920,UartTxTask,"[14920, 3758096384, 20, 1]"
169338,7646516.148148148,92,0x200080a0,32928,UartTxTask,"[32928, 3758096384, 0, 1]"
169343,7655731.546296297,90,0x20003a48,14920,TelemetryTask,"[14920, 536908656, 200, 0]"
169347,7655778.421296297,92,0x20003a48,14920,UartTxTask,"[14920, 3758096384, 20, 1]"
169352,7656515.398148148,92,0x200080a0,32928,UartTxTask,"[32928, 3758096384, 0, 1]"
169357,7665731.828703703,90,0x20003a48,14920,TelemetryTask,"[14920, 536908656, 200, 0]"
169361,7665779.226851852,92,0x20003a48,14920,UartTxTask,"[14920, 3758096384, 20, 1]"
169366,7666516.296296297,92,0x200080a0,32928,UartTxTask,"[32928, 3758096384, 0, 1]"
169371,7675731.305555556,90,0x20003a48,14920,TelemetryTask,"[14920, 536908656, 200, 0]"
169375,7675778.643518519,92,0x20003a48,14920,UartTxTask,"[14920, 3758096384, 20, 1]"
169380,7676515.976851852,92,0x200080a0,32928,UartTxTask,"[32928, 3758096384, 0, 1]"
169385,7685731.634259259,90,0x20003a48,14920,TelemetryTask,"[14920, 536908656, 200, 0]"
169389,7685779.467592592,92,0x20003a48,14920,UartTxTask,"[14920, 3758096384, 20, 1]"
169394,7686516.694444444,92,0x200080a0,32928,UartTxTask,"[32928, 3758096384, 0, 1]"
169399,7695730.990740741,90,0x20003a48,14920,TelemetryTask,"[14920, 536908656, 200, 0]"
169403,7695778.199074074,92,0x20003a48,14920,UartTxTask,"[14920, 3758096384, 20, 1]"
169408,7696515.361111111,92,0x200080a0,32928,UartTxTask,"[32928, 3758096384, 0, 1]"
169413,7705731.351851852,90,0x20003a48,14920,TelemetryTask,"[14920, 536908656, 200, 0]"
169417,7705779.300925926,92,0x20003a48,14920,UartTxTask,"[14920, 3758096384, 20, 1]"
169422,7706515.828703703,92,0x200080a0,32928,UartTxTask,"[32928, 3758096384, 0, 1]"
169427,7715731.875,90,0x20003a48,14920,TelemetryTask,"[14920, 536908656, 200, 0]"
169431,7715779.398148148,92,0x20003a48,14920,UartTxTask,"[14920, 3758096384, 20, 1]"
169436,7716517.314814814,92,0x200080a0,32928,UartTxTask,"[32928, 3758096384, 0, 1]"
169441,7725730.800925926,90,0x20003a48,14920,TelemetryTask,"[14920, 536908656, 200, 0]"
169445,7725778.231481481,92,0x20003a48,14920,UartTxTask,"[14920, 3758096384, 20, 1]"
169450,7726515.49537037,92,0x200080a0,32928,UartTxTask,"[32928, 3758096384, 0, 1]"
169455,7735731.273148148,90,0x20003a48,14920,TelemetryTask,"[14920, 536908656, 200, 0]"
169459,7735779.097222222,92,0x20003a48,14920,UartTxTask,"[14920, 3758096384, 20, 1]"
169464,7736515.907407408,92,0x200080a0,32928,UartTxTask,"[32928, 3758096384, 0, 1]"
169469,7745730.467592592,90,0x20003a48,14920,TelemetryTask,"[14920, 536908656, 200, 0]"
169473,7745777.699074074,92,0x20003a48,14920,UartTxTask,"[14920, 3758096384, 20, 1]"
169478,7746515.023148148,92,0x200080a0,32928,UartTxTask,"[32928, 3758096384, 0, 1]"
169483,7755731.259259259,90,0x20003a48,14920,TelemetryTask,"[14920, 536908656, 200, 0]"
169487,7755778.550925926,92,0x20003a48,14920,UartTxTask,"[14920, 3758096384, 20, 1]"
169492,7756515.569444444,92,0x200080a0,32928,UartTxTask,"[32928, 3758096384, 0, 1]"
169497,7765731.861111111,90,0x20003a48,14920,TelemetryTask,"[14920, 536908656, 200, 0]"
169501,7765779.236111111,92,0x20003a48,14920,UartTxTask,"[14920, 3758096384, 20, 1]"
169506,7766515.990740741,92,0x200080a0,32928,UartTxTask,"[32928, 3758096384, 0, 1]"
169511,7775731.967592592,90,0x20003a48,14920,TelemetryTask,"[14920, 536908656, 200, 0]"
169515,7775779.902777778,92,0x20003a48,14920,UartTxTask,"[14920, 3758096384, 20, 1]"
169520,7776517.222222222,92,0x200080a0,32928,UartTxTask,"[32928, 3758096384, 0, 1]"
169525,7785730.12962963,90,0x20003a48,14920,TelemetryTask,"[14920, 536908656, 200, 0]"
169529,7785777.472222222,92,0x20003a48,14920,UartTxTask,"[14920, 3758096384, 20, 1]"
169534,7786515.069444444,92,0x200080a0,32928,UartTxTask,"[32928, 3758096384, 0, 1]"
169539,7795731.231481481,90,0x20003a48,14920,TelemetryTask,"[14920, 536908656, 200, 0]"
169543,7795779.217592592,92,0x20003a48,14920,UartTxTask,"[14920, 3758096384, 20, 1]"
169548,7796516.50462963,92,0x200080a0,32928,UartTxTask,"[32928, 3758096384, 0, 1]"
169553,7805731.291666667,90,0x20003a48,14920,TelemetryTask,"[14920, 536908656, 200, 0]"
169557,7805778.421296297,92,0x20003a48,14920,UartTxTask,"[14920, 3758096384, 20, 1]"
169562,7806515.976851852,92,0x200080a0,32928,UartTxTask,"[32928, 3758096384, 0, 1]"
169567,7815731.277777778,90,0x20003a48,14920,TelemetryTask,"[14920, 536908656, 200, 0]"
169571,7815778.62962963,92,0x20003a48,14920,UartTxTask,"[14920, 3758096384, 20, 1]"
169576,7816515.435185186,92,0x200080a0,32928,UartTxTask,"[32928, 3758096384, 0, 1]"
169581,7825732.24537037,90,0x20003a48,14920,TelemetryTask,"[14920, 536908656, 200, 0]"
169585,7825779.833333333,92,0x20003a48,14920,UartTxTask,"[14920, 3758096384, 20, 1]"
169590,7826517.24537037,92,0x200080a0,32928,UartTxTask,"[32928, 3758096384, 0, 1]"
169594,7831791.12037037,96,0x20003970,14704,ISR#56,"[14704, 537198440]"
169598,7831826.12037037,92,0x20003970,14704,ButtonTask,"[14704, 3758096384, 4294967295, 1]"
169599,7831927.268518519,90,0x20003a48,14920,ButtonTask,"[14920, 536906932, 200, 0]"
169603,7831972.935185186,92,0x20003a48,14920,UartTxTask,"[14920, 3758096384, 20, 1]"
169608,7832707.87037037,92,0x200080a0,32928,UartTxTask,"[32928, 3758096384, 0, 1]"
169613,7835731.472222222,90,0x20003a48,14920,TelemetryTask,"[14920, 536908656, 200, 0]"
169617,7835779.347222222,92,0x20003a48,14920,UartTxTask,"[14920, 3758096384, 20, 1]"
169622,7836516.009259259,92,0x200080a0,32928,UartTxTask,"[32928, 3758096384, 0, 1]"
169627,7845731.171296297,90,0x20003a48,14920,TelemetryTask,"[14920, 536908656, 200, 0]"
169631,7845778.731481481,92,0x20003a48,14920,UartTxTask,"[14920, 3758096384, 20, 1]"
169636,7846515.675925926,92,0x200080a0,32928,UartTxTask,"[32928, 3758096384, 0, 1]"
169641,7855731.606481481,90,0x20003a48,14920,TelemetryTask,"[14920, 536908656, 200, 0]"
169645,7855780.356481481,92,0x20003a48,14920,UartTxTask,"[14920, 3758096384, 20, 1]"
169650,7856517.263888889,92,0x200080a0,32928,UartTxTask,"[32928, 3758096384, 0, 1]"
169655,7865731.222222222,90,0x20003a48,14920,TelemetryTask,"[14920, 536908656, 200, 0]"
169659,7865779.041666667,92,0x20003a48,14920,UartTxTask,"[14920, 3758096384, 20, 1]"
169664,7866516.092592592,92,0x200080a0,32928,UartTxTask,"[32928, 3758096384, 0, 1]"
169669,7875731.944444444,90,0x20003a48,14920,TelemetryTask,"[14920, 536908656, 200, 0]"
169673,7875780.393518519,92,0x20003a48,14920,UartTxTask,"[14920, 3758096384, 20, 1]"
169678,7876517.282407408,92,0x200080a0,32928,UartTxTask,"[32928, 3758096384, 0, 1]"
169683,7885731.930555556,90,0x20003a48,14920,TelemetryTask,"[14920, 536908656, 200, 0]"
169687,7885779.62037037,92,0x20003a48,14920,UartTxTask,"[14920, 3758096384, 20, 1]"
169692,7886516.087962963,92,0x200080a0,32928,UartTxTask,"[32928, 3758096384, 0, 1]"
169697,7895731.347222222,90,0x20003a48,14920,TelemetryTask,"[14920, 536908656, 200, 0]"
169701,7895778.907407408,92,0x20003a48,14920,UartTxTask,"[14920, 3758096384, 20, 1]"
169706,7896516.152777778,92,0x200080a0,32928,UartTxTask,"[32928, 3758096384, 0, 1]"
169711,7905730.847222222,90,0x20003a48,14920,TelemetryTask,"[14920, 536908656, 200, 0]"
169715,7905778.837962963,92,0x20003a48,14920,UartTxTask,"[14920, 3758096384, 20, 1]"
169720,7906515.472222222,92,0x200080a0,32928,UartTxTask,"[32928, 3758096384, 0, 1]"
169725,7915730.787037037,90,0x20003a48,14920,TelemetryTask,"[14920, 536908656, 200, 0]"
169729,7915778.25462963,92,0x20003a48,14920,UartTxTask,"[14920, 3758096384, 20, 1]"
169734,7916515.583333333,92,0x200080a0,32928,UartTxTask,"[32928, 3758096384, 0, 1]"
169739,7925731.981481481,90,0x20003a48,14920,TelemetryTask,"[14920, 536908656, 200, 0]"
169743,7925779.458333333,92,0x20003a48,14920,UartTxTask,"[14920, 3758096384, 20, 1]"
169748,7926516.430555556,92,0x200080a0,32928,UartTxTask,"[32928, 3758096384, 0, 1]"
169753,7935730.175925926,90,0x20003a48,14920,TelemetryTask,"[14920, 536908656, 200, 0]"
169757,7935778.166666667,92,0x20003a48,14920,UartTxTask,"[14920, 3758096384, 20, 1]"
169762,7936515.166666667,92,0x200080a0,32928,UartTxTask,"[32928, 3758096384, 0, 1]"
169767,7945732.027777778,90,0x20003a48,14920,TelemetryTask,"[14920, 536908656, 200, 0]"
169771,7945779.847222222,92,0x20003a48,14920,UartTxTask,"[14920, 3758096384, 20, 1]"
169776,7946517.328703703,92,0x200080a0,32928,UartTxTask,"[32928, 3758096384, 0, 1]"
169781,7955731.907407408,90,0x20003a48,14920,TelemetryTask,"[14920, 536908656, 200, 0]"
169785,7955779.486111111,92,0x20003a48,14920,UartTxTask,"[14920, 3758096384, 20, 1]"
169790,7956516.763888889,92,0x200080a0,32928,UartTxTask,"[32928, 3758096384, 0, 1]"
169795,7965731.666666667,90,0x20003a48,14920,TelemetryTask,"[14920, 536908656, 200, 0]"
169799,7965779.768518519,92,0x20003a48,14920,UartTxTask,"[14920, 3758096384, 20, 1]"
169804,7966516.337962963,92,0x200080a0,32928,UartTxTask,"[32928, 3758096384, 0, 1]"
169809,7975730.421296297,90,0x20003a48,14920,TelemetryTask,"[14920, 536908656, 200, 0]"
169813,7975778.467592592,92,0x20003a48,14920,UartTxTask,"[14920, 3758096384, 20, 1]"
169818,7976515.25462963,92,0x200080a0,32928,UartTxTask,"[32928, 3758096384, 0, 1]"
169823,7985731.222222222,90,0x20003a48,14920,TelemetryTask,"[14920, 536908656, 200, 0]"
169827,7985778.333333333,92,0x20003a48,14920,UartTxTask,"[14920, 3758096384, 20, 1]"
169832,7986515.37037037,92,0x200080a0,32928,UartTxTask,"[32928, 3758096384, 0, 1]"
169837,7995731.726851852,90,0x20003a48,14920,TelemetryTask,"[14920, 536908656, 200, 0]"
169841,7995779.356481481,92,0x20003a48,14920,UartTxTask,"[14920, 3758096384, 20, 1]"
169846,7996516.722222222,92,0x200080a0,32928,UartTxTask,"[32928, 3758096384, 0, 1]"
169851,8005731.5,90,0x20003a48,14920,TelemetryTask,"[14920, 536908656, 200, 0]"
169855,8005779.439814814,92,0x20003a48,14920,UartTxTask,"[14920, 3758096384, 20, 1]"
169860,8006516.393518519,92,0x200080a0,32928,UartTxTask,"[32928, 3758096384, 0, 1]"
169865,8015731.689814814,90,0x20003a48,14920,TelemetryTask,"[14920, 536908656, 200, 0]"
169869,8015779.587962963,92,0x20003a48,14920,UartTxTask,"[14920, 3758096384, 20, 1]"
169874,8016516.861111111,92,0x200080a0,32928,UartTxTask,"[32928, 3758096384, 0, 1]"
169879,8025730.449074074,90,0x20003a48,14920,TelemetryTask,"[14920, 536908656, 200, 0]"
169883,8025778.62962963,92,0x20003a48,14920,UartTxTask,"[14920, 3758096384, 20, 1]"
169888,8026515.453703703,92,0x200080a0,32928,UartTxTask,"[32928, 3758096384, 0, 1]"
169893,8035730.430555556,90,0x20003a48,14920,TelemetryTask,"[14920, 536908656, 200, 0]"
169897,8035778.152777778,92,0x20003a48,14920,UartTxTask,"[14920, 3758096384, 20, 1]"
169902,8036515.587962963,92,0x200080a0,32928,UartTxTask,"[32928, 3758096384, 0, 1]"
169906,8044396.314814814,96,0x20003970,14704,ISR#56,"[14704, 537198440]"
169910,8044431.092592592,92,0x20003970,14704,ButtonTask,"[14704, 3758096384, 4294967295, 1]"
169911,8044532.462962963,90,0x20003a48,14920,ButtonTask,"[14920, 536906932, 200, 0]"
169915,8044578.291666667,92,0x20003a48,14920,UartTxTask,"[14920, 3758096384, 20, 1]"
169920,8045315.217592592,92,0x200080a0,32928,UartTxTask,"[32928, 3758096384, 0, 1]"
169925,8045704.231481481,90,0x20003a48,14920,TelemetryTask,"[14920, 536908656, 200, 0]"
169929,8045745.50462963,92,0x20003a48,14920,UartTxTask,"[14920, 3758096384, 20, 1]"
169934,8046477.796296297,92,0x200080a0,32928,UartTxTask,"[32928, 3758096384, 0, 1]"
169939,8055731.430555556,90,0x20003a48,14920,TelemetryTask,"[14920, 536908656, 200, 0]"
169943,8055778.513888889,92,0x20003a48,14920,UartTxTask,"[14920, 3758096384, 20, 1]"
169948,8056515.277777778,92,0x200080a0,32928,UartTxTask,"[32928, 3758096384, 0, 1]"
169953,8065731.50462963,90,0x20003a48,14920,TelemetryTask,"[14920, 536908656, 200, 0]"
169957,8065779.097222222,92,0x20003a48,14920,UartTxTask,"[14920, 3758096384, 20, 1]"
169962,8066516.407407408,92,0x200080a0,32928,UartTxTask,"[32928, 3758096384, 0, 1]"
169967,8075731.407407408,90,0x20003a48,14920,TelemetryTask,"[14920, 536908656, 200, 0]"
169971,8075778.986111111,92,0x20003a48,14920,UartTxTask,"[14920, 3758096384, 20, 1]"
169976,8076516.62037037,92,0x200080a0,32928,UartTxTask,"[32928, 3758096384, 0, 1]"
169981,8085731.675925926,90,0x20003a48,14920,TelemetryTask,"[14920, 536908656, 200, 0]"
169985,8085780.157407408,92,0x20003a48,14920,UartTxTask,"[14920, 3758096384, 20, 1]"
169990,8086517.027777778,92,0x200080a0,32928,UartTxTask,"[32928, 3758096384, 0, 1]"
169995,8095730.685185186,90,0x20003a48,14920,TelemetryTask,"[14920, 536908656, 200, 0]"
169999,8095777.888888889,92,0x20003a48,14920,UartTxTask,"[14920, 3758096384, 20, 1]"
170004,8096515.074074074,92,0x200080a0,32928,UartTxTask,"[32928, 3758096384, 0, 1]"
170009,8105731.486111111,90,0x20003a48,14920,TelemetryTask,"[14920, 536908656, 200, 0]"
170013,8105779.25462963,92,0x20003a48,14920,UartTxTask,"[14920, 3758096384, 20, 1]"
170018,8106516.111111111,92,0x200080a0,32928,UartTxTask,"[32928, 3758096384, 0, 1]"
170023,8115731.907407408,90,0x20003a48,14920,TelemetryTask,"[14920, 536908656, 200, 0]"
170027,8115779.337962963,92,0x20003a48,14920,UartTxTask,"[14920, 3758096384, 20, 1]"
170032,8116516.041666667,92,0x200080a0,32928,UartTxTask,"[32928, 3758096384, 0, 1]"
170037,8125731.458333333,90,0x20003a48,14920,TelemetryTask,"[14920, 536908656, 200, 0]"
170041,8125778.824074074,92,0x20003a48,14920,UartTxTask,"[14920, 3758096384, 20, 1]"
170046,8126516.222222222,92,0x200080a0,32928,UartTxTask,"[32928, 3758096384, 0, 1]"
170051,8135730.824074074,90,0x20003a48,14920,TelemetryTask,"[14920, 536908656, 200, 0]"
170055,8135778.527777778,92,0x20003a48,14920,UartTxTask,"[14920, 3758096384, 20, 1]"
170060,8136515.171296297,92,0x200080a0,32928,UartTxTask,"[32928, 3758096384, 0, 1]"
170065,8145731.166666667,90,0x20003a48,14920,TelemetryTask,"[14920, 536908656, 200, 0]"
170069,8145779.328703703,92,0x20003a48,14920,UartTxTask,"[14920, 3758096384, 20, 1]"
170074,8146516.425925926,92,0x200080a0,32928,UartTxTask,"[32928, 3758096384, 0, 1]"
170079,8155730.842592592,90,0x20003a48,14920,TelemetryTask,"[14920, 536908656, 200, 0]"
170083,8155778.444444444,92,0x20003a48,14920,UartTxTask,"[14920, 3758096384, 20, 1]"
170088,8156515.490740741,92,0x200080a0,32928,UartTxTask,"[32928, 3758096384, 0, 1]"
170093,8165731.768518519,90,0x20003a48,14920,TelemetryTask,"[14920, 536908656, 200, 0]"
170097,8165779.787037037,92,0x20003a48,14920,UartTxTask,"[14920, 3758096384, 20, 1]"
170102,8166516.587962963,92,0x200080a0,32928,UartTxTask,"[32928, 3758096384, 0, 1]"
170107,8175731.273148148,90,0x20003a48,14920,TelemetryTask,"[14920, 536908656, 200, 0]"
170111,8175778.337962963,92,0x20003a48,14920,UartTxTask,"[14920, 3758096384, 20, 1]"
170116,8176515.365740741,92,0x200080a0,32928,UartTxTask,"[32928, 3758096384, 0, 1]"
170121,8185731.925925926,90,0x20003a48,14920,TelemetryTask,"[14920, 536908656, 200, 0]"
170125,8185779.666666667,92,0x20003a48,14920,UartTxTask,"[14920, 3758096384, 20, 1]"
170130,8186517.152777778,92,0x200080a0,32928,UartTxTask,"[32928, 3758096384, 0, 1]"
170135,8195730.875,90,0x20003a48,14920,TelemetryTask,"[14920, 536908656, 200, 0]"
170139,8195778.449074074,92,0x20003a48,14920,UartTxTask,"[14920, 3758096384, 20, 1]"
170144,8196515.171296297,92,0x200080a0,32928,UartTxTask,"[32928, 3758096384, 0, 1]"
170149,8205731.388888889,90,0x20003a48,14920,TelemetryTask,"[14920, 536908656, 200, 0]"
170153,8205779.560185186,92,0x20003a48,14920,UartTxTask,"[14920, 3758096384, 20, 1]"
170157,8206492.041666667,96,0x20003970,14704,ISR#56,"[14704, 537198440]"
170162,8206538.810185186,92,0x20003970,14704,ButtonTask,"[14704, 3758096384, 4294967295, 1]"
170163,8206640.787037037,90,0x20003a48,14920,ButtonTask,"[14920, 536906932, 200, 0]"
170166,8206683.703703703,92,0x200080a0,32928,UartTxTask,"[32928, 3758096384, 0, 1]"
170167,8206692.342592592,92,0x20003a48,14920,UartTxTask,"[14920, 3758096384, 20, 1]"
170172,8207427.796296297,92,0x200080a0,32928,UartTxTask,"[32928, 3758096384, 0, 1]"
170177,8215731.25462963,90,0x20003a48,14920,TelemetryTask,"[14920, 536908656, 200, 0]"
170181,8215779.805555556,92,0x20003a48,14920,UartTxTask,"[14920, 3758096384, 20, 1]"
170186,8216516.944444444,92,0x200080a0,32928,UartTxTask,"[32928, 3758096384, 0, 1]"
170191,8225730.819444444,90,0x20003a48,14920,TelemetryTask,"[14920, 536908656, 200, 0]"
170195,8225779.050925926,92,0x20003a48,14920,UartTxTask,"[14920, 3758096384, 20, 1]"
170200,8226515.925925926,92,0x200080a0,32928,UartTxTask,"[32928, 3758096384, 0, 1]"
170205,8235730.240740741,90,0x20003a48,14920,TelemetryTask,"[14920, 536908656, 200, 0]"
170209,8235778.356481481,92,0x20003a48,14920,UartTxTask,"[14920, 3758096384, 20, 1]"
170214,8236515.796296297,92,0x200080a0,32928,UartTxTask,"[32928, 3758096384, 0, 1]"
170219,8245730.731481481,90,0x20003a48,14920,TelemetryTask,"[14920, 536908656, 200, 0]"
170223,8245778.759259259,92,0x20003a48,14920,UartTxTask,"[14920, 3758096384, 20, 1]"
170228,8246515.990740741,92,0x200080a0,32928,UartTxTask,"[32928, 3758096384, 0, 1]"
170233,8255731.375,90,0x20003a48,14920,TelemetryTask,"[14920, 536908656, 200, 0]"
170237,8255779.259259259,92,0x20003a48,14920,UartTxTask,"[14920, 3758096384, 20, 1]"
170242,8256516.861111111,92,0x200080a0,32928,UartTxTask,"[32928, 3758096384, 0, 1]"
170247,8265730.865740741,90,0x20003a48,14920,TelemetryTask,"[14920, 536908656, 200, 0]"
170251,8265778.513888889,92,0x20003a48,14920,UartTxTask,"[14920, 3758096384, 20, 1]"
170256,8266515.62037037,92,0x200080a0,32928,UartTxTask,"[32928, 3758096384, 0, 1]"
170261,8275730.486111111,90,0x20003a48,14920,TelemetryTask,"[14920, 536908656, 200, 0]"
170265,8275777.912037037,92,0x20003a48,14920,UartTxTask,"[14920, 3758096384, 20, 1]"
170270,8276515.027777778,92,0x200080a0,32928,UartTxTask,"[32928, 3758096384, 0, 1]"
170275,8285731.587962963,90,0x20003a48,14920,TelemetryTask,"[14920, 536908656, 200, 0]"
170279,8285778.986111111,92,0x20003a48,14920,UartTxTask,"[14920, 3758096384, 20, 1]"
170284,8286516.078703703,92,0x200080a0,32928,UartTxTask,"[32928, 3758096384, 0, 1]"
170289,8295731.194444444,90,0x20003a48,14920,TelemetryTask,"[14920, 536908656, 200, 0]"
170293,8295779.722222222,92,0x20003a48,14920,UartTxTask,"[14920, 3758096384, 20, 1]"
170298,8296517.037037037,92,0x200080a0,32928,UartTxTask,"[32928, 3758096384, 0, 1]"
170303,8305731.25,90,0x20003a48,14920,TelemetryTask,"[14920, 536908656, 200, 0]"
170307,8305778.458333333,92,0x20003a48,14920,UartTxTask,"[14920, 3758096384, 20, 1]"
170312,8306515.430555556,92,0x200080a0,32928,UartTxTask,"[32928, 3758096384, 0, 1]"
170317,8315730.787037037,90,0x20003a48,14920,TelemetryTask,"[14920, 536908656, 200, 0]"
170321,8315778.425925926,92,0x20003a48,14920,UartTxTask,"[14920, 3758096384, 20, 1]"
170326,8316515.972222222,92,0x200080a0,32928,UartTxTask,"[32928, 3758096384, 0, 1]"
170331,8325731.328703703,90,0x20003a48,14920,TelemetryTask,"[14920, 536908656, 200, 0]"
170335,8325778.976851852,92,0x20003a48,14920,UartTxTask,"[14920, 3758096384, 20, 1]"
170340,8326515.550925926,92,0x200080a0,32928,UartTxTask,"[32928, 3758096384, 0, 1]"
170345,8335731.615740741,90,0x20003a48,14920,TelemetryTask,"[14920, 536908656, 200, 0]"
170349,8335779.50462963,92,0x20003a48,14920,UartTxTask,"[14920, 3758096384, 20, 1]"
170354,8336515.930555556,92,0x200080a0,32928,UartTxTask,"[32928, 3758096384, 0, 1]"
170359,8345731.430555556,90,0x20003a48,14920,TelemetryTask,"[14920, 536908656, 200, 0]"
170363,8345779.611111111,92,0x20003a48,14920,UartTxTask,"[14920, 3758096384, 20, 1]"
170368,8346516.763888889,92,0x200080a0,32928,UartTxTask,"[32928, 3758096384, 0, 1]"
170373,8355731.041666667,90,0x20003a48,14920,TelemetryTask,"[14920, 536908656, 200, 0]"
170377,8355778.643518519,92,0x20003a48,14920,UartTxTask,"[14920, 3758096384, 20, 1]"
170382,8356515.50462963,92,0x200080a0,32928,UartTxTask,"[32928, 3758096384, 0, 1]"
170387,8365731.476851852,90,0x20003a48,14920,TelemetryTask,"[14920, 536908656, 200, 0]"
170391,8365778.796296297,92,0x20003a48,14920,UartTxTask,"[14920, 3758096384, 20, 1]"
170396,8366515.657407408,92,0x200080a0,32928,UartTxTask,"[32928, 3758096384, 0, 1]"
170401,8375731.319444444,90,0x20003a48,14920,TelemetryTask,"[14920, 536908656, 200, 0]"
170405,8375778.805555556,92,0x20003a48,14920,UartTxTask,"[14920, 3758096384, 20, 1]"
170410,8376516.00462963,92,0x200080a0,32928,UartTxTask,"[32928, 3758096384, 0, 1]"
170415,8385731.907407408,90,0x20003a48,14920,TelemetryTask,"[14920, 536908656, 200, 0]"
170419,8385779.407407408,92,0x20003a48,14920,UartTxTask,"[14920, 3758096384, 20, 1]"
170424,8386516.689814814,92,0x200080a0,32928,UartTxTask,"[32928, 3758096384, 0, 1]"
170429,8395730.930555556,90,0x20003a48,14920,TelemetryTask,"[14920, 536908656, 200, 0]"
170433,8395778.907407407,92,0x20003a48,14920,UartTxTask,"[14920, 3758096384, 20, 1]"
170438,8396516.467592593,92,0x200080a0,32928,UartTxTask,"[32928, 3758096384, 0, 1]"
170443,8405731.564814815,90,0x20003a48,14920,TelemetryTask,"[14920, 536908656, 200, 0]"
170447,8405778.472222222,92,0x20003a48,14920,UartTxTask,"[14920, 3758096384, 20, 1]"
170452,8406515.50925926,92,0x200080a0,32928,UartTxTask,"[32928, 3758096384, 0, 1]"
170457,8415730.685185185,90,0x20003a48,14920,TelemetryTask,"[14920, 536908656, 200, 0]"
170461,8415778.38425926,92,0x20003a48,14920,UartTxTask,"[14920, 3758096384, 20, 1]"
170466,8416515.041666666,92,0x200080a0,32928,UartTxTask,"[32928, 3758096384, 0, 1]"
170471,8425730.819444444,90,0x20003a48,14920,TelemetryTask,"[14920, 536908656, 200, 0]"
170475,8425778.476851853,92,0x20003a48,14920,UartTxTask,"[14920, 3758096384, 20, 1]"
170480,8426516.064814815,92,0x200080a0,32928,UartTxTask,"[32928, 3758096384, 0, 1]"
170485,8435731.402777778,90,0x20003a48,14920,TelemetryTask,"[14920, 536908656, 200, 0]"
170489,8435779.810185185,92,0x20003a48,14920,UartTxTask,"[14920, 3758096384, 20, 1]"
170494,8436516.703703703,92,0x200080a0,32928,UartTxTask,"[32928, 3758096384, 0, 1]"
170499,8445731.541666666,90,0x20003a48,14920,TelemetryTask,"[14920, 536908656, 200, 0]"
170503,8445779.356481481,92,0x20003a48,14920,UartTxTask,"[14920, 3758096384, 20, 1]"
170508,8446516.546296297,92,0x200080a0,32928,UartTxTask,"[32928, 3758096384, 0, 1]"
170513,8455730.976851853,90,0x20003a48,14920,TelemetryTask,"[14920, 536908656, 200, 0]"
170517,8455778.069444444,92,0x20003a48,14920,UartTxTask,"[14920, 3758096384, 20, 1]"
170522,8456514.88425926,92,0x200080a0,32928,UartTxTask,"[32928, 3758096384, 0, 1]"
170527,8465730.453703703,90,0x20003a48,14920,TelemetryTask,"[14920, 536908656, 200, 0]"
170531,8465778.171296297,92,0x20003a48,14920,UartTxTask,"[14920, 3758096384, 20, 1]"
170536,8466515.38425926,92,0x200080a0,32928,UartTxTask,"[32928, 3758096384, 0, 1]"
170541,8475731.347222222,90,0x20003a48,14920,TelemetryTask,"[14920, 536908656, 200, 0]"
170545,8475778.976851853,92,0x20003a48,14920,UartTxTask,"[14920, 3758096384, 20, 1]"
170550,8476516.138888888,92,0x200080a0,32928,UartTxTask,"[32928, 3758096384, 0, 1]"
170555,8485731.111111112,90,0x20003a48,14920,TelemetryTask,"[14920, 536908656, 200, 0]"
170559,8485779.027777778,92,0x20003a48,14920,UartTxTask,"[14920, 3758096384, 20, 1]"
170564,8486515.425925925,92,0x200080a0,32928,UartTxTask,"[32928, 3758096384, 0, 1]"
170569,8495731.50925926,90,0x20003a48,14920,TelemetryTask,"[14920, 536908656, 200, 0]"
170573,8495779.226851853,92,0x20003a48,14920,UartTxTask,"[14920, 3758096384, 20, 1]"
170578,8496515.736111112,92,0x200080a0,32928,UartTxTask,"[32928, 3758096384, 0, 1]"
170583,8505730.925925925,90,0x20003a48,14920,TelemetryTask,"[14920, 536908656, 200, 0]"
170587,8505779.032407407,92,0x20003a48,14920,UartTxTask,"[14920, 3758096384, 20, 1]"
170592,8506516.337962963,92,0x200080a0,32928,UartTxTask,"[32928, 3758096384, 0, 1]"
170597,8515731.004629629,90,0x20003a48,14920,TelemetryTask,"[14920, 536908656, 200, 0]"
170601,8515778.736111112,92,0x20003a48,14920,UartTxTask,"[14920, 3758096384, 20, 1]"
170606,8516515.328703703,92,0x200080a0,32928,UartTxTask,"[32928, 3758096384, 0, 1]"
170611,8525730.435185185,90,0x20003a48,14920,TelemetryTask,"[14920, 536908656, 200, 0]"
170615,8525778.375,92,0x20003a48,14920,UartTxTask,"[14920, 3758096384, 20, 1]"
170620,8526515.763888888,92,0x200080a0,32928,UartTxTask,"[32928, 3758096384, 0, 1]"
170625,8535731.342592593,90,0x20003a48,14920,TelemetryTask,"[14920, 536908656, 200, 0]"
170629,8535778.342592593,92,0x20003a48,14920,UartTxTask,"[14920, 3758096384, 20, 1]"
170634,8536515.824074075,92,0x200080a0,32928,UartTxTask,"[32928, 3758096384, 0, 1]"
170639,8545731.393518519,90,0x20003a48,14920,TelemetryTask,"[14920, 536908656, 200, 0]"
170643,8545778.708333334,92,0x20003a48,14920,UartTxTask,"[14920, 3758096384, 20, 1]"
170648,8546516.226851853,92,0x200080a0,32928,UartTxTask,"[32928, 3758096384, 0, 1]"
170653,8555731.194444444,90,0x20003a48,14920,TelemetryTask,"[14920, 536908656, 200, 0]"
170657,8555778.833333334,92,0x20003a48,14920,UartTxTask,"[14920, 3758096384, 20, 1]"
170662,8556515.74074074,92,0x200080a0,32928,UartTxTask,"[32928, 3758096384, 0, 1]"
170667,8565730.805555556,90,0x20003a48,14920,TelemetryTask,"[14920, 536908656, 200, 0]"
170671,8565778.837962963,92,0x20003a48,14920,UartTxTask,"[14920, 3758096384, 20, 1]"
170676,8566515.967592593,92,0x200080a0,32928,UartTxTask,"[32928, 3758096384, 0, 1]"
170681,8575730.611111112,90,0x20003a48,14920,TelemetryTask,"[14920, 536908656, 200, 0]"
170685,8575778.587962963,92,0x20003a48,14920,UartTxTask,"[14920, 3758096384, 20, 1]"
170690,8576515.504629629,92,0x200080a0,32928,UartTxTask,"[32928, 3758096384, 0, 1]"
170695,8585731.300925925,90,0x20003a48,14920,TelemetryTask,"[14920, 536908656, 200, 0]"
170699,8585778.351851853,92,0x20003a48,14920,UartTxTask,"[14920, 3758096384, 20, 1]"
170704,8586515.574074075,92,0x200080a0,32928,UartTxTask,"[32928, 3758096384, 0, 1]"
170709,8595731.763888888,90,0x20003a48,14920,TelemetryTask,"[14920, 536908656, 200, 0]"
170713,8595780.13425926,92,0x20003a48,14920,UartTxTask,"[14920, 3758096384, 20, 1]"
170718,8596518.13425926,92,0x200080a0,32928,UartTxTask,"[32928, 3758096384, 0, 1]"
170723,8605731.88425926,90,0x20003a48,14920,TelemetryTask,"[14920, 536908656, 200, 0]"
170727,8605779.620370371,92,0x20003a48,14920,UartTxTask,"[14920, 3758096384, 20, 1]"
170732,8606516.486111112,92,0x200080a0,32928,UartTxTask,"[32928, 3758096384, 0, 1]"
170737,8615731.638888888,90,0x20003a48,14920,TelemetryTask,"[14920, 536908656, 200, 0]"
170741,8615779.236111112,92,0x20003a48,14920,UartTxTask,"[14920, 3758096384, 20, 1]"
170746,8616516.449074075,92,0x200080a0,32928,UartTxTask,"[32928, 3758096384, 0, 1]"
170751,8625731.106481481,90,0x20003a48,14920,TelemetryTask,"[14920, 536908656, 200, 0]"
170755,8625778.337962963,92,0x20003a48,14920,UartTxTask,"[14920, 3758096384, 20, 1]"
170760,8626515.430555556,92,0x200080a0,32928,UartTxTask,"[32928, 3758096384, 0, 1]"
170765,8635731.467592593,90,0x20003a48,14920,TelemetryTask,"[14920, 536908656, 200, 0]"
170769,8635779.555555556,92,0x20003a48,14920,UartTxTask,"[14920, 3758096384, 20, 1]"
170774,8636516.731481481,92,0x200080a0,32928,UartTxTask,"[32928, 3758096384, 0, 1]"
170779,8645731.212962963,90,0x20003a48,14920,TelemetryTask,"[14920, 536908656, 200, 0]"
170783,8645778.583333334,92,0x20003a48,14920,UartTxTask,"[14920, 3758096384, 20, 1]"
170788,8646515.722222222,92,0x200080a0,32928,UartTxTask,"[32928, 3758096384, 0, 1]"
170793,8655731.041666666,90,0x20003a48,14920,TelemetryTask,"[14920, 536908656, 200, 0]"
170797,8655779.041666666,92,0x20003a48,14920,UartTxTask,"[14920, 3758096384, 20, 1]"
170802,8656515.981481481,92,0x200080a0,32928,UartTxTask,"[32928, 3758096384, 0, 1]"
170807,8665730.680555556,90,0x20003a48,14920,TelemetryTask,"[14920, 536908656, 200, 0]"
170811,8665778.032407407,92,0x20003a48,14920,UartTxTask,"[14920, 3758096384, 20, 1]"
170816,8666514.907407407,92,0x200080a0,32928,UartTxTask,"[32928, 3758096384, 0, 1]"
170821,8675730.791666666,90,0x20003a48,14920,TelemetryTask,"[14920, 536908656, 200, 0]"
170825,8675778.75925926,92,0x20003a48,14920,UartTxTask,"[14920, 3758096384, 20, 1]"
170830,8676516.125,92,0x200080a0,32928,UartTxTask,"[32928, 3758096384, 0, 1]"
170835,8685731.087962963,90,0x20003a48,14920,TelemetryTask,"[14920, 536908656, 200, 0]"
170839,8685779.310185185,92,0x20003a48,14920,UartTxTask,"[14920, 3758096384, 20, 1]"
170844,8686516.189814815,92,0x200080a0,32928,UartTxTask,"[32928, 3758096384, 0, 1]"
170849,8695731.351851853,90,0x20003a48,14920,TelemetryTask,"[14920, 536908656, 200, 0]"
170853,8695778.995370371,92,0x20003a48,14920,UartTxTask,"[14920, 3758096384, 20, 1]"
170858,8696515.666666666,92,0x200080a0,32928,UartTxTask,"[32928, 3758096384, 0, 1]"
170863,8705731.166666666,90,0x20003a48,14920,TelemetryTask,"[14920, 536908656, 200, 0]"
170867,8705779.087962963,92,0x20003a48,14920,UartTxTask,"[14920, 3758096384, 20, 1]"
170872,8706516.421296297,92,0x200080a0,32928,UartTxTask,"[32928, 3758096384, 0, 1]"
170877,8715730.208333334,90,0x20003a48,14920,TelemetryTask,"[14920, 536908656, 200, 0]"
170881,8715777.574074075,92,0x20003a48,14920,UartTxTask,"[14920, 3758096384, 20, 1]"
170886,8716513.986111112,92,0x200080a0,32928,UartTxTask,"[32928, 3758096384, 0, 1]"
170891,8725730.731481481,90,0x20003a48,14920,TelemetryTask,"[14920, 536908656, 200, 0]"
170895,8725778.421296297,92,0x20003a48,14920,UartTxTask,"[14920, 3758096384, 20, 1]"
170900,8726515.467592593,92,0x200080a0,32928,UartTxTask,"[32928, 3758096384, 0, 1]"
170905,8735731.393518519,90,0x20003a48,14920,TelemetryTask,"[14920, 536908656, 200, 0]"
170909,8735779.282407407,92,0x20003a48,14920,UartTxTask,"[14920, 3758096384, 20, 1]"
170914,8736515.611111112,92,0x200080a0,32928,UartTxTask,"[32928, 3758096384, 0, 1]"
170919,8745730.976851853,90,0x20003a48,14920,TelemetryTask,"[14920, 536908656, 200, 0]"
170923,8745778.791666666,92,0x20003a48,14920,UartTxTask,"[14920, 3758096384, 20, 1]"
170928,8746515.75925926,92,0x200080a0,32928,UartTxTask,"[32928, 3758096384, 0, 1]"
170933,8755731.351851853,90,0x20003a48,14920,TelemetryTask,"[14920, 536908656, 200, 0]"
170937,8755778.972222222,92,0x20003a48,14920,UartTxTask,"[14920, 3758096384, 20, 1]"
170942,8756516.226851853,92,0x200080a0,32928,UartTxTask,"[32928, 3758096384, 0, 1]"
170947,8765732.027777778,90,0x20003a48,14920,TelemetryTask,"[14920, 536908656, 200, 0]"
170951,8765780.75925926,92,0x20003a48,14920,UartTxTask,"[14920, 3758096384, 20, 1]"
170956,8766518.018518519,92,0x200080a0,32928,UartTxTask,"[32928, 3758096384, 0, 1]"
170961,8775731.671296297,90,0x20003a48,14920,TelemetryTask,"[14920, 536908656, 200, 0]"
170965,8775779.25925926,92,0x20003a48,14920,UartTxTask,"[14920, 3758096384, 20, 1]"
170970,8776516.212962963,92,0x200080a0,32928,UartTxTask,"[32928, 3758096384, 0, 1]"
170975,8785732.226851853,90,0x20003a48,14920,TelemetryTask,"[14920, 536908656, 200, 0]"
170979,8785779.467592593,92,0x20003a48,14920,UartTxTask,"[14920, 3758096384, 20, 1]"
170984,8786516.555555556,92,0x200080a0,32928,UartTxTask,"[32928, 3758096384, 0, 1]"
170989,8795731.106481481,90,0x20003a48,14920,TelemetryTask,"[14920, 536908656, 200, 0]"
170993,8795779.13425926,92,0x20003a48,14920,UartTxTask,"[14920, 3758096384, 20, 1]"
170998,8796516.513888888,92,0x200080a0,32928,UartTxTask,"[32928, 3758096384, 0, 1]"
171003,8805731.773148147,90,0x20003a48,14920,TelemetryTask,"[14920, 536908656, 200, 0]"
171007,8805779.356481481,92,0x20003a48,14920,UartTxTask,"[14920, 3758096384, 20, 1]"
171012,8806515.75,92,0x200080a0,32928,UartTxTask,"[32928, 3758096384, 0, 1]"
171017,8815731.148148147,90,0x20003a48,14920,TelemetryTask,"[14920, 536908656, 200, 0]"
171021,8815779.041666666,92,0x20003a48,14920,UartTxTask,"[14920, 3758096384, 20, 1]"
171026,8816516.199074075,92,0x200080a0,32928,UartTxTask,"[32928, 3758096384, 0, 1]"
171031,8825731.393518519,90,0x20003a48,14920,TelemetryTask,"[14920, 536908656, 200, 0]"
171035,8825778.944444444,92,0x20003a48,14920,UartTxTask,"[14920, 3758096384, 20, 1]"
171040,8826515.611111112,92,0x200080a0,32928,UartTxTask,"[32928, 3758096384, 0, 1]"
171045,8835730.898148147,90,0x20003a48,14920,TelemetryTask,"[14920, 536908656, 200, 0]"
171049,8835778.467592593,92,0x20003a48,14920,UartTxTask,"[14920, 3758096384, 20, 1]"
171054,8836514.875,92,0x200080a0,32928,UartTxTask,"[32928, 3758096384, 0, 1]"
171059,8845730.513888888,90,0x20003a48,14920,TelemetryTask,"[14920, 536908656, 200, 0]"
171063,8845778.736111112,92,0x20003a48,14920,UartTxTask,"[14920, 3758096384, 20, 1]"
171068,8846515.907407407,92,0x200080a0,32928,UartTxTask,"[32928, 3758096384, 0, 1]"
171073,8855730.805555556,90,0x20003a48,14920,TelemetryTask,"[14920, 536908656, 200, 0]"
171077,8855778.236111112,92,0x20003a48,14920,UartTxTask,"[14920, 3758096384, 20, 1]"
171082,8856515.550925925,92,0x200080a0,32928,UartTxTask,"[32928, 3758096384, 0, 1]"
171087,8865732.175925925,90,0x20003a48,14920,TelemetryTask,"[14920, 536908656, 200, 0]"
171091,8865780.342592593,92,0x20003a48,14920,UartTxTask,"[14920, 3758096384, 20, 1]"
171096,8866517.476851853,92,0x200080a0,32928,UartTxTask,"[32928, 3758096384, 0, 1]"
171101,8875731.421296297,90,0x20003a48,14920,TelemetryTask,"[14920, 536908656, 200, 0]"
171105,8875779.217592593,92,0x20003a48,14920,UartTxTask,"[14920, 3758096384, 20, 1]"
171110,8876515.722222222,92,0x200080a0,32928,UartTxTask,"[32928, 3758096384, 0, 1]"
171115,8885731.861111112,90,0x20003a48,14920,TelemetryTask,"[14920, 536908656, 200, 0]"
171119,8885779.768518519,92,0x20003a48,14920,UartTxTask,"[14920, 3758096384, 20, 1]"
171124,8886517.231481481,92,0x200080a0,32928,UartTxTask,"[32928, 3758096384, 0, 1]"
171129,8895730.217592593,90,0x20003a48,14920,TelemetryTask,"[14920, 536908656, 200, 0]"
171133,8895778.023148147,92,0x20003a48,14920,UartTxTask,"[14920, 3758096384, 20, 1]"
171138,8896515.236111112,92,0x200080a0,32928,UartTxTask,"[32928, 3758096384, 0, 1]"
171143,8905731.444444444,90,0x20003a48,14920,TelemetryTask,"[14920, 536908656, 200, 0]"
171147,8905779.337962963,92,0x20003a48,14920,UartTxTask,"[14920, 3758096384, 20, 1]"
171152,8906516.379629629,92,0x200080a0,32928,UartTxTask,"[32928, 3758096384, 0, 1]"
171157,8915731.75,90,0x20003a48,14920,TelemetryTask,"[14920, 536908656, 200, 0]"
171161,8915779.449074075,92,0x20003a48,14920,UartTxTask,"[14920, 3758096384, 20, 1]"
171166,8916516.666666666,92,0x200080a0,32928,UartTxTask,"[32928, 3758096384, 0, 1]"
171171,8925732.129629629,90,0x20003a48,14920,TelemetryTask,"[14920, 536908656, 200, 0]"
171175,8925780.435185185,92,0x20003a48,14920,UartTxTask,"[14920, 3758096384, 20, 1]"
171180,8926517.606481481,92,0x200080a0,32928,UartTxTask,"[32928, 3758096384, 0, 1]"
171185,8935730.657407407,90,0x20003a48,14920,TelemetryTask,"[14920, 536908656, 200, 0]"
171189,8935778.342592593,92,0x20003a48,14920,UartTxTask,"[14920, 3758096384, 20, 1]"
171194,8936515.648148147,92,0x200080a0,32928,UartTxTask,"[32928, 3758096384, 0, 1]"
171199,8945731.083333334,90,0x20003a48,14920,TelemetryTask,"[14920, 536908656, 200, 0]"
171203,8945778.291666666,92,0x20003a48,14920,UartTxTask,"[14920, 3758096384, 20, 1]"
171208,8946514.777777778,92,0x200080a0,32928,UartTxTask,"[32928, 3758096384, 0, 1]"
171213,8955731.620370371,90,0x20003a48,14920,TelemetryTask,"[14920, 536908656, 200, 0]"
171217,8955779.439814815,92,0x20003a48,14920,UartTxTask,"[14920, 3758096384, 20, 1]"
171222,8956516.106481481,92,0x200080a0,32928,UartTxTask,"[32928, 3758096384, 0, 1]"
171227,8965731.986111112,90,0x20003a48,14920,TelemetryTask,"[14920, 536908656, 200, 0]"
171231,8965780.046296297,92,0x20003a48,14920,UartTxTask,"[14920, 3758096384, 20, 1]"
171236,8966516.962962963,92,0x200080a0,32928,UartTxTask,"[32928, 3758096384, 0, 1]"
171241,8975730.995370371,90,0x20003a48,14920,TelemetryTask,"[14920, 536908656, 200, 0]"
171245,8975779.578703703,92,0x20003a48,14920,UartTxTask,"[14920, 3758096384, 20, 1]"
171250,8976516.449074075,92,0x200080a0,32928,UartTxTask,"[32928, 3758096384, 0, 1]"
171255,8985730.120370371,90,0x20003a48,14920,TelemetryTask,"[14920, 536908656, 200, 0]"
171259,8985777.407407407,92,0x20003a48,14920,UartTxTask,"[14920, 3758096384, 20, 1]"
171264,8986514.791666666,92,0x200080a0,32928,UartTxTask,"[32928, 3758096384, 0, 1]"
171269,8995730.620370371,90,0x20003a48,14920,TelemetryTask,"[14920, 536908656, 200, 0]"
171273,8995778.046296297,92,0x20003a48,14920,UartTxTask,"[14920, 3758096384, 20, 1]"
171278,8996515.074074075,92,0x200080a0,32928,UartTxTask,"[32928, 3758096384, 0, 1]"
171283,9005730.296296297,90,0x20003a48,14920,TelemetryTask,"[14920, 536908656, 200, 0]"
171287,9005778.523148147,92,0x20003a48,14920,UartTxTask,"[14920, 3758096384, 20, 1]"
171292,9006515.347222222,92,0x200080a0,32928,UartTxTask,"[32928, 3758096384, 0, 1]"
171297,9015731.180555556,90,0x20003a48,14920,TelemetryTask,"[14920, 536908656, 200, 0]"
171301,9015778.462962963,92,0x20003a48,14920,UartTxTask,"[14920, 3758096384, 20, 1]"
171306,9016515.467592593,92,0x200080a0,32928,UartTxTask,"[32928, 3758096384, 0, 1]"
171311,9025731.722222222,90,0x20003a48,14920,TelemetryTask,"[14920, 536908656, 200, 0]"
171315,9025779.273148147,92,0x20003a48,14920,UartTxTask,"[14920, 3758096384, 20, 1]"
171320,9026516.472222222,92,0x200080a0,32928,UartTxTask,"[32928, 3758096384, 0, 1]"
171325,9035730.787037037,90,0x20003a48,14920,TelemetryTask,"[14920, 536908656, 200, 0]"
171329,9035778.796296297,92,0x20003a48,14920,UartTxTask,"[14920, 3758096384, 20, 1]"
171334,9036515.833333334,92,0x200080a0,32928,UartTxTask,"[32928, 3758096384, 0, 1]"
171339,9045731.532407407,90,0x20003a48,14920,TelemetryTask,"[14920, 536908656, 200, 0]"
171343,9045778.486111112,92,0x20003a48,14920,UartTxTask,"[14920, 3758096384, 20, 1]"
171348,9046515.152777778,92,0x200080a0,32928,UartTxTask,"[32928, 3758096384, 0, 1]"
171353,9055731.347222222,90,0x20003a48,14920,TelemetryTask,"[14920, 536908656, 200, 0]"
171357,9055779.305555556,92,0x20003a48,14920,UartTxTask,"[14920, 3758096384, 20, 1]"
171362,9056516.185185185,92,0x200080a0,32928,UartTxTask,"[32928, 3758096384, 0, 1]"
171367,9065732.504629629,90,0x20003a48,14920,TelemetryTask,"[14920, 536908656, 200, 0]"
171371,9065779.962962963,92,0x20003a48,14920,UartTxTask,"[14920, 3758096384, 20, 1]"
171376,9066517.402777778,92,0x200080a0,32928,UartTxTask,"[32928, 3758096384, 0, 1]"
171381,9075731.157407407,90,0x20003a48,14920,TelemetryTask,"[14920, 536908656, 200, 0]"
171385,9075778.601851853,92,0x20003a48,14920,UartTxTask,"[14920, 3758096384, 20, 1]"
171390,9076515.333333334,92,0x200080a0,32928,UartTxTask,"[32928, 3758096384, 0, 1]"
171395,9085731.074074075,90,0x20003a48,14920,TelemetryTask,"[14920, 536908656, 200, 0]"
171399,9085779.0,92,0x20003a48,14920,UartTxTask,"[14920, 3758096384, 20, 1]"
171404,9086515.777777778,92,0x200080a0,32928,UartTxTask,"[32928, 3758096384, 0, 1]"
171409,9095731.273148147,90,0x20003a48,14920,TelemetryTask,"[14920, 536908656, 200, 0]"
171413,9095778.736111112,92,0x20003a48,14920,UartTxTask,"[14920, 3758096384, 20, 1]"
171418,9096516.208333334,92,0x200080a0,32928,UartTxTask,"[32928, 3758096384, 0, 1]"
171423,9105731.504629629,90,0x20003a48,14920,TelemetryTask,"[14920, 536908656, 200, 0]"
171427,9105779.074074075,92,0x20003a48,14920,UartTxTask,"[14920, 3758096384, 20, 1]"
171432,9106516.851851853,92,0x200080a0,32928,UartTxTask,"[32928, 3758096384, 0, 1]"
171437,9115730.481481481,90,0x20003a48,14920,TelemetryTask,"[14920, 536908656, 200, 0]"
171441,9115778.587962963,92,0x20003a48,14920,UartTxTask,"[14920, 3758096384, 20, 1]"
171446,9116515.625,92,0x200080a0,32928,UartTxTask,"[32928, 3758096384, 0, 1]"
171451,9125731.083333334,90,0x20003a48,14920,TelemetryTask,"[14920, 536908656, 200, 0]"
171455,9125778.791666666,92,0x20003a48,14920,UartTxTask,"[14920, 3758096384, 20, 1]"
171460,9126515.185185185,92,0x200080a0,32928,UartTxTask,"[32928, 3758096384, 0, 1]"
171465,9135732.254629629,90,0x20003a48,14920,TelemetryTask,"[14920, 536908656, 200, 0]"
171469,9135780.300925925,92,0x20003a48,14920,UartTxTask,"[14920, 3758096384, 20, 1]"
171474,9136516.953703703,92,0x200080a0,32928,UartTxTask,"[32928, 3758096384, 0, 1]"
171479,9145731.171296297,90,0x20003a48,14920,TelemetryTask,"[14920, 536908656, 200, 0]"
171483,9145778.870370371,92,0x20003a48,14920,UartTxTask,"[14920, 3758096384, 20, 1]"
171488,9146515.800925925,92,0x200080a0,32928,UartTxTask,"[32928, 3758096384, 0, 1]"
171493,9155731.856481481,90,0x20003a48,14920,TelemetryTask,"[14920, 536908656, 200, 0]"
171497,9155779.513888888,92,0x20003a48,14920,UartTxTask,"[14920, 3758096384, 20, 1]"
171502,9156516.185185185,92,0x200080a0,32928,UartTxTask,"[32928, 3758096384, 0, 1]"
171507,9165731.449074075,90,0x20003a48,14920,TelemetryTask,"[14920, 536908656, 200, 0]"
171511,9165779.680555556,92,0x20003a48,14920,UartTxTask,"[14920, 3758096384, 20, 1]"
171516,9166516.736111112,92,0x200080a0,32928,UartTxTask,"[32928, 3758096384, 0, 1]"
171521,9175729.736111112,90,0x20003a48,14920,TelemetryTask,"[14920, 536908656, 200, 0]"
171525,9175777.143518519,92,0x20003a48,14920,UartTxTask,"[14920, 3758096384, 20, 1]"
171530,9176513.592592593,92,0x200080a0,32928,UartTxTask,"[32928, 3758096384, 0, 1]"
171535,9185731.99074074,90,0x20003a48,14920,TelemetryTask,"[14920, 536908656, 200, 0]"
171539,9185779.745370371,92,0x20003a48,14920,UartTxTask,"[14920, 3758096384, 20, 1]"
171544,9186516.75,92,0x200080a0,32928,UartTxTask,"[32928, 3758096384, 0, 1]"
171549,9195731.504629629,90,0x20003a48,14920,TelemetryTask,"[14920, 536908656, 200, 0]"
171553,9195779.175925925,92,0x20003a48,14920,UartTxTask,"[14920, 3758096384, 20, 1]"
171558,9196515.754629629,92,0x200080a0,32928,UartTxTask,"[32928, 3758096384, 0, 1]"
171563,9205731.25925926,90,0x20003a48,14920,TelemetryTask,"[14920, 536908656, 200, 0]"
171567,9205779.287037037,92,0x20003a48,14920,UartTxTask,"[14920, 3758096384, 20, 1]"
171572,9206516.203703703,92,0x200080a0,32928,UartTxTask,"[32928, 3758096384, 0, 1]"
171577,9215730.671296297,90,0x20003a48,14920,TelemetryTask,"[14920, 536908656, 200, 0]"
171581,9215778.236111112,92,0x20003a48,14920,UartTxTask,"[14920, 3758096384, 20, 1]"
171586,9216515.907407407,92,0x200080a0,32928,UartTxTask,"[32928, 3758096384, 0, 1]"
171591,9225730.564814815,90,0x20003a48,14920,TelemetryTask,"[14920, 536908656, 200, 0]"
171595,9225778.060185185,92,0x20003a48,14920,UartTxTask,"[14920, 3758096384, 20, 1]"
171600,9226514.99074074,92,0x200080a0,32928,UartTxTask,"[32928, 3758096384, 0, 1]"
171605,9235730.967592593,90,0x20003a48,14920,TelemetryTask,"[14920, 536908656, 200, 0]"
171609,9235778.555555556,92,0x20003a48,14920,UartTxTask,"[14920, 3758096384, 20, 1]"
171614,9236516.189814815,92,0x200080a0,32928,UartTxTask,"[32928, 3758096384, 0, 1]"
171619,9245730.138888888,90,0x20003a48,14920,TelemetryTask,"[14920, 536908656, 200, 0]"
171623,9245778.023148147,92,0x20003a48,14920,UartTxTask,"[14920, 3758096384, 20, 1]"
171628,9246515.11574074,92,0x200080a0,32928,UartTxTask,"[32928, 3758096384, 0, 1]"
171633,9255731.657407407,90,0x20003a48,14920,TelemetryTask,"[14920, 536908656, 200, 0]"
171637,9255778.99074074,92,0x20003a48,14920,UartTxTask,"[14920, 3758096384, 20, 1]"
171642,9256516.175925925,92,0x200080a0,32928,UartTxTask,"[32928, 3758096384, 0, 1]"
171647,9265731.064814815,90,0x20003a48,14920,TelemetryTask,"[14920, 536908656, 200, 0]"
171651,9265779.268518519,92,0x20003a48,14920,UartTxTask,"[14920, 3758096384, 20, 1]"
171656,9266516.166666666,92,0x200080a0,32928,UartTxTask,"[32928, 3758096384, 0, 1]"
171661,9275731.560185185,90,0x20003a48,14920,TelemetryTask,"[14920, 536908656, 200, 0]"
171665,9275779.092592593,92,0x20003a48,14920,UartTxTask,"[14920, 3758096384, 20, 1]"
171670,9276516.092592593,92,0x200080a0,32928,UartTxTask,"[32928, 3758096384, 0, 1]"
171675,9285730.708333334,90,0x20003a48,14920,TelemetryTask,"[14920, 536908656, 200, 0]"
171679,9285778.907407407,92,0x20003a48,14920,UartTxTask,"[14920, 3758096384, 20, 1]"
171684,9286515.643518519,92,0x200080a0,32928,UartTxTask,"[32928, 3758096384, 0, 1]"
171689,9295730.976851853,90,0x20003a48,14920,TelemetryTask,"[14920, 536908656, 200, 0]"
171693,9295778.717592593,92,0x20003a48,14920,UartTxTask,"[14920, 3758096384, 20, 1]"
171698,9296515.763888888,92,0x200080a0,32928,UartTxTask,"[32928, 3758096384, 0, 1]"
171703,9305731.333333334,90,0x20003a48,14920,TelemetryTask,"[14920, 536908656, 200, 0]"
171707,9305778.606481481,92,0x20003a48,14920,UartTxTask,"[14920, 3758096384, 20, 1]"
171712,9306515.254629629,92,0x200080a0,32928,UartTxTask,"[32928, 3758096384, 0, 1]"
171717,9315731.912037037,90,0x20003a48,14920,TelemetryTask,"[14920, 536908656, 200, 0]"
171721,9315779.523148147,92,0x20003a48,14920,UartTxTask,"[14920, 3758096384, 20, 1]"
171726,9316516.513888888,92,0x200080a0,32928,UartTxTask,"[32928, 3758096384, 0, 1]"
171731,9325731.564814815,90,0x20003a48,14920,TelemetryTask,"[14920, 536908656, 200, 0]"
171735,9325779.120370371,92,0x20003a48,14920,UartTxTask,"[14920, 3758096384, 20, 1]"
171740,9326515.587962963,92,0x200080a0,32928,UartTxTask,"[32928, 3758096384, 0, 1]"
171745,9335731.629629629,90,0x20003a48,14920,TelemetryTask,"[14920, 536908656, 200, 0]"
171749,9335778.629629629,92,0x20003a48,14920,UartTxTask,"[14920, 3758096384, 20, 1]"
171754,9336515.967592593,92,0x200080a0,32928,UartTxTask,"[32928, 3758096384, 0, 1]"
171759,9345731.310185185,90,0x20003a48,14920,TelemetryTask,"[14920, 536908656, 200, 0]"
171763,9345778.930555556,92,0x20003a48,14920,UartTxTask,"[14920, 3758096384, 20, 1]"
171768,9346515.74074074,92,0x200080a0,32928,UartTxTask,"[32928, 3758096384, 0, 1]"
171773,9355730.486111112,90,0x20003a48,14920,TelemetryTask,"[14920, 536908656, 200, 0]"
171777,9355778.481481481,92,0x20003a48,14920,UartTxTask,"[14920, 3758096384, 20, 1]"
171782,9356515.439814815,92,0x200080a0,32928,UartTxTask,"[32928, 3758096384, 0, 1]"
171787,9365732.166666666,90,0x20003a48,14920,TelemetryTask,"[14920, 536908656, 200, 0]"
171791,9365779.768518519,92,0x20003a48,14920,UartTxTask,"[14920, 3758096384, 20, 1]"
171796,9366516.972222222,92,0x200080a0,32928,UartTxTask,"[32928, 3758096384, 0, 1]"
171801,9375731.222222222,90,0x20003a48,14920,TelemetryTask,"[14920, 536908656, 200, 0]"
171805,9375778.629629629,92,0x20003a48,14920,UartTxTask,"[14920, 3758096384, 20, 1]"
171810,9376515.837962963,92,0x200080a0,32928,UartTxTask,"[32928, 3758096384, 0, 1]"
171815,9385732.333333334,90,0x20003a48,14920,TelemetryTask,"[14920, 536908656, 200, 0]"
171819,9385780.120370371,92,0x20003a48,14920,UartTxTask,"[14920, 3758096384, 20, 1]"
171824,9386517.277777778,92,0x200080a0,32928,UartTxTask,"[32928, 3758096384, 0, 1]"
171829,9395731.180555556,90,0x20003a48,14920,TelemetryTask,"[14920, 536908656, 200, 0]"
171833,9395779.143518519,92,0x20003a48,14920,UartTxTask,"[14920, 3758096384, 20, 1]"
171838,9396516.166666666,92,0x200080a0,32928,UartTxTask,"[32928, 3758096384, 0, 1]"
171843,9405731.99074074,90,0x20003a48,14920,TelemetryTask,"[14920, 536908656, 200, 0]"
171847,9405779.814814815,92,0x20003a48,14920,UartTxTask,"[14920, 3758096384, 20, 1]"
171852,9406516.430555556,92,0x200080a0,32928,UartTxTask,"[32928, 3758096384, 0, 1]"
171857,9415731.61574074,90,0x20003a48,14920,TelemetryTask,"[14920, 536908656, 200, 0]"
171861,9415778.398148147,92,0x20003a48,14920,UartTxTask,"[14920, 3758096384, 20, 1]"
171866,9416515.407407407,92,0x200080a0,32928,UartTxTask,"[32928, 3758096384, 0, 1]"
171871,9425730.800925925,90,0x20003a48,14920,TelemetryTask,"[14920, 536908656, 200, 0]"
171875,9425778.175925925,92,0x20003a48,14920,UartTxTask,"[14920, 3758096384, 20, 1]"
171880,9426515.236111112,92,0x200080a0,32928,UartTxTask,"[32928, 3758096384, 0, 1]"
171885,9435731.0,90,0x20003a48,14920,TelemetryTask,"[14920, 536908656, 200, 0]"
171889,9435779.291666666,92,0x20003a48,14920,UartTxTask,"[14920, 3758096384, 20, 1]"
171894,9436516.731481481,92,0x200080a0,32928,UartTxTask,"[32928, 3758096384, 0, 1]"
171899,9445731.61574074,90,0x20003a48,14920,TelemetryTask,"[14920, 536908656, 200, 0]"
171903,9445779.324074075,92,0x20003a48,14920,UartTxTask,"[14920, 3758096384, 20, 1]"
171908,9446516.296296297,92,0x200080a0,32928,UartTxTask,"[32928, 3758096384, 0, 1]"
171913,9455731.064814815,90,0x20003a48,14920,TelemetryTask,"[14920, 536908656, 200, 0]"
171917,9455778.125,92,0x20003a48,14920,UartTxTask,"[14920, 3758096384, 20, 1]"
171922,9456515.287037037,92,0x200080a0,32928,UartTxTask,"[32928, 3758096384, 0, 1]"
171927,9465731.63425926,90,0x20003a48,14920,TelemetryTask,"[14920, 536908656, 200, 0]"
171931,9465779.689814815,92,0x20003a48,14920,UartTxTask,"[14920, 3758096384, 20, 1]"
171936,9466517.416666666,92,0x200080a0,32928,UartTxTask,"[32928, 3758096384, 0, 1]"
171941,9475731.50925926,90,0x20003a48,14920,TelemetryTask,"[14920, 536908656, 200, 0]"
171945,9475779.583333334,92,0x20003a48,14920,UartTxTask,"[14920, 3758096384, 20, 1]"
171950,9476516.523148147,92,0x200080a0,32928,UartTxTask,"[32928, 3758096384, 0, 1]"
171955,9485730.611111112,90,0x20003a48,14920,TelemetryTask,"[14920, 536908656, 200, 0]"
171959,9485777.953703703,92,0x20003a48,14920,UartTxTask,"[14920, 3758096384, 20, 1]"
171964,9486515.069444444,92,0x200080a0,32928,UartTxTask,"[32928, 3758096384, 0, 1]"
171969,9495731.296296297,90,0x20003a48,14920,TelemetryTask,"[14920, 536908656, 200, 0]"
171973,9495779.300925925,92,0x20003a48,14920,UartTxTask,"[14920, 3758096384, 20, 1]"
171978,9496516.143518519,92,0x200080a0,32928,UartTxTask,"[32928, 3758096384, 0, 1]"
171983,9505731.129629629,90,0x20003a48,14920,TelemetryTask,"[14920, 536908656, 200, 0]"
171987,9505778.435185185,92,0x20003a48,14920,UartTxTask,"[14920, 3758096384, 20, 1]"
171992,9506515.611111112,92,0x200080a0,32928,UartTxTask,"[32928, 3758096384, 0, 1]"
171997,9515731.375,90,0x20003a48,14920,TelemetryTask,"[14920, 536908656, 200, 0]"
172001,9515778.662037037,92,0x20003a48,14920,UartTxTask,"[14920, 3758096384, 20, 1]"
172006,9516515.736111112,92,0x200080a0,32928,UartTxTask,"[32928, 3758096384, 0, 1]"
172011,9525731.412037037,90,0x20003a48,14920,TelemetryTask,"[14920, 536908656, 200, 0]"
172015,9525780.060185185,92,0x20003a48,14920,UartTxTask,"[14920, 3758096384, 20, 1]"
172020,9526516.86574074,92,0x200080a0,32928,UartTxTask,"[32928, 3758096384, 0, 1]"
172025,9535731.361111112,90,0x20003a48,14920,TelemetryTask,"[14920, 536908656, 200, 0]"
172029,9535779.25,92,0x20003a48,14920,UartTxTask,"[14920, 3758096384, 20, 1]"
172034,9536516.060185185,92,0x200080a0,32928,UartTxTask,"[32928, 3758096384, 0, 1]"
172039,9545731.083333334,90,0x20003a48,14920,TelemetryTask,"[14920, 536908656, 200, 0]"
172043,9545778.722222222,92,0x20003a48,14920,UartTxTask,"[14920, 3758096384, 20, 1]"
172048,9546515.898148147,92,0x200080a0,32928,UartTxTask,"[32928, 3758096384, 0, 1]"
172053,9555730.75925926,90,0x20003a48,14920,TelemetryTask,"[14920, 536908656, 200, 0]"
172057,9555778.38425926,92,0x20003a48,14920,UartTxTask,"[14920, 3758096384, 20, 1]"
172062,9556515.777777778,92,0x200080a0,32928,UartTxTask,"[32928, 3758096384, 0, 1]"
172067,9565731.106481481,90,0x20003a48,14920,TelemetryTask,"[14920, 536908656, 200, 0]"
172071,9565778.939814815,92,0x20003a48,14920,UartTxTask,"[14920, 3758096384, 20, 1]"
172076,9566515.833333334,92,0x200080a0,32928,UartTxTask,"[32928, 3758096384, 0, 1]"
172081,9575731.055555556,90,0x20003a48,14920,TelemetryTask,"[14920, 536908656, 200, 0]"
172085,9575778.694444444,92,0x20003a48,14920,UartTxTask,"[14920, 3758096384, 20, 1]"
172090,9576516.078703703,92,0x200080a0,32928,UartTxTask,"[32928, 3758096384, 0, 1]"
172095,9585731.046296297,90,0x20003a48,14920,TelemetryTask,"[14920, 536908656, 200, 0]"
172099,9585779.120370371,92,0x20003a48,14920,UartTxTask,"[14920, 3758096384, 20, 1]"
172104,9586515.726851853,92,0x200080a0,32928,UartTxTask,"[32928, 3758096384, 0, 1]"
172109,9595730.773148147,90,0x20003a48,14920,TelemetryTask,"[14920, 536908656, 200, 0]"
172113,9595777.472222222,92,0x20003a48,14920,UartTxTask,"[14920, 3758096384, 20, 1]"
172118,9596514.541666666,92,0x200080a0,32928,UartTxTask,"[32928, 3758096384, 0, 1]"
172123,9605730.944444444,90,0x20003a48,14920,TelemetryTask,"[14920, 536908656, 200, 0]"
172127,9605778.856481481,92,0x20003a48,14920,UartTxTask,"[14920, 3758096384, 20, 1]"
172132,9606516.032407407,92,0x200080a0,32928,UartTxTask,"[32928, 3758096384, 0, 1]"
172137,9615730.546296297,90,0x20003a48,14920,TelemetryTask,"[14920, 536908656, 200, 0]"
172141,9615778.337962963,92,0x20003a48,14920,UartTxTask,"[14920, 3758096384, 20, 1]"
172146,9616514.675925925,92,0x200080a0,32928,UartTxTask,"[32928, 3758096384, 0, 1]"
172151,9625732.041666666,90,0x20003a48,14920,TelemetryTask,"[14920, 536908656, 200, 0]"
172155,9625779.495370371,92,0x20003a48,14920,UartTxTask,"[14920, 3758096384, 20, 1]"
172160,9626516.435185185,92,0x200080a0,32928,UartTxTask,"[32928, 3758096384, 0, 1]"
172165,9635731.49074074,90,0x20003a48,14920,TelemetryTask,"[14920, 536908656, 200, 0]"
172169,9635779.518518519,92,0x20003a48,14920,UartTxTask,"[14920, 3758096384, 20, 1]"
172174,9636516.194444444,92,0x200080a0,32928,UartTxTask,"[32928, 3758096384, 0, 1]"
172177,9636836.763888888,96,0x200080a0,32928,Idle,"[32928, 537198232]"
172180,9645731.004629629,90,0x20003a48,14920,TelemetryTask,"[14920, 536908656, 200, 0]"
172184,9645779.162037037,92,0x20003a48,14920,UartTxTask,"[14920, 3758096384, 20, 1]"
172189,9646516.967592593,92,0x200080a0,32928,UartTxTask,"[32928, 3758096384, 0, 1]"
172190,9646540.101851853,92,0x200080a0,32928,UartTxTask,"[32928, 3758096384, 0, 1]"
172199,9665617.513888888,92,0x20003a48,14920,UartTxTask,"[14920, 3758096384, 0, 1]"
172200,9665628.935185185,92,0x200080a0,32928,UartTxTask,"[32928, 3758096384, 0, 1]"
172205,9685617.782407407,92,0x20003a48,14920,UartTxTask,"[14920, 3758096384, 0, 1]"
172206,9685629.388888888,92,0x200080a0,32928,UartTxTask,"[32928, 3758096384, 0, 1]"
172211,9705617.976851853,92,0x20003a48,14920,UartTxTask,"[14920, 3758096384, 0, 1]"
172212,9705629.287037037,92,0x200080a0,32928,UartTxTask,"[32928, 3758096384, 0, 1]"
172217,9725618.004629629,92,0x20003a48,14920,UartTxTask,"[14920, 3758096384, 0, 1]"
172218,9725629.324074075,92,0x200080a0,32928,UartTxTask,"[32928, 3758096384, 0, 1]"
172223,9745617.768518519,92,0x20003a48,14920,UartTxTask,"[14920, 3758096384, 0, 1]"
172224,9745629.152777778,92,0x200080a0,32928,UartTxTask,"[32928, 3758096384, 0, 1]"
172229,9765618.106481481,92,0x20003a48,14920,UartTxTask,"[14920, 3758096384, 0, 1]"
172230,9765629.402777778,92,0x200080a0,32928,UartTxTask,"[32928, 3758096384, 0, 1]"
172235,9785617.300925925,92,0x20003a48,14920,UartTxTask,"[14920, 3758096384, 0, 1]"
172236,9785628.601851853,92,0x200080a0,32928,UartTxTask,"[32928, 3758096384, 0, 1]"
172241,9805617.439814815,92,0x20003a48,14920,UartTxTask,"[14920, 3758096384, 0, 1]"
172242,9805628.810185185,92,0x200080a0,32928,UartTxTask,"[32928, 3758096384, 0, 1]"
172247,9825617.694444444,92,0x20003a48,14920,UartTxTask,"[14920, 3758096384, 0, 1]"
172248,9825628.851851853,92,0x200080a0,32928,UartTxTask,"[32928, 3758096384, 0, 1]"
172253,9845617.662037037,92,0x20003a48,14920,UartTxTask,"[14920, 3758096384, 0, 1]"
172254,9845628.726851853,92,0x200080a0,32928,UartTxTask,"[32928, 3758096384, 0, 1]"
172259,9865617.870370371,92,0x20003a48,14920,UartTxTask,"[14920, 3758096384, 0, 1]"
172260,9865629.236111112,92,0x200080a0,32928,UartTxTask,"[32928, 3758096384, 0, 1]"
172265,9885617.49074074,92,0x20003a48,14920,UartTxTask,"[14920, 3758096384, 0, 1]"
172266,9885628.657407407,92,0x200080a0,32928,UartTxTask,"[32928, 3758096384, 0, 1]"
172271,9905617.995370371,92,0x20003a48,14920,UartTxTask,"[14920, 3758096384, 0, 1]"
172272,9905629.24074074,92,0x200080a0,32928,UartTxTask,"[32928, 3758096384, 0, 1]"
172277,9925617.402777778,92,0x20003a48,14920,UartTxTask,"[14920, 3758096384, 0, 1]"
172278,9925628.50925926,92,0x200080a0,32928,UartTxTask,"[32928, 3758096384, 0, 1]"
172283,9945617.921296297,92,0x20003a48,14920,UartTxTask,"[14920, 3758096384, 0, 1]"
172284,9945629.314814815,92,0x200080a0,32928,UartTxTask,"[32928, 3758096384, 0, 1]"
172289,9965617.504629629,92,0x20003a48,14920,UartTxTask,"[14920, 3758096384, 0, 1]"
172290,9965628.717592593,92,0x200080a0,32928,UartTxTask,"[32928, 3758096384, 0, 1]"
172295,9985617.787037037,92,0x20003a48,14920,UartTxTask,"[14920, 3758096384, 0, 1]"
172296,9985629.268518519,92,0x200080a0,32928,UartTxTask,"[32928, 3758096384, 0, 1]"
172301,10005617.435185185,92,0x20003a48,14920,UartTxTask,"[14920, 3758096384, 0, 1]"
172302,10005628.782407407,92,0x200080a0,32928,UartTxTask,"[32928, 3758096384, 0, 1]"
172307,10025617.597222222,92,0x20003a48,14920,UartTxTask,"[14920, 3758096384, 0, 1]"
172308,10025629.175925925,92,0x200080a0,32928,UartTxTask,"[32928, 3758096384, 0, 1]"
172311,10037695.541666666,96,0x200080a0,32928,Idle,"[32928, 537198232]"
172314,10045617.967592593,92,0x20003a48,14920,UartTxTask,"[14920, 3758096384, 0, 1]"
172315,10045630.074074075,92,0x200080a0,32928,UartTxTask,"[32928, 3758096384, 0, 1]"
172384,10060374.833333334,92,0x200080a0,32928,UartTxTask,"[32928, 3758096384, 0, 1]"
172389,10079617.333333334,92,0x20003a48,14920,UartTxTask,"[14920, 3758096384, 0, 1]"
172390,10079629.254629629,92,0x200080a0,32928,UartTxTask,"[32928, 3758096384, 0, 1]"
172395,10099618.0,92,0x20003a48,14920,UartTxTask,"[14920, 3758096384, 0, 1]"
172396,10099629.472222222,92,0x200080a0,32928,UartTxTask,"[32928, 3758096384, 0, 1]"
172401,10119617.523148147,92,0x20003a48,14920,UartTxTask,"[14920, 3758096384, 0, 1]"
172402,10119628.916666666,92,0x200080a0,32928,UartTxTask,"[32928, 3758096384, 0, 1]"
172407,10139617.564814815,92,0x20003a48,14920,UartTxTask,"[14920, 3758096384, 0, 1]"
172408,10139628.898148147,92,0x200080a0,32928,UartTxTask,"[32928, 3758096384, 0, 1]"
172413,10159617.935185185,92,0x20003a48,14920,UartTxTask,"[14920, 3758096384, 0, 1]"
172414,10159629.324074075,92,0x200080a0,32928,UartTxTask,"[32928, 3758096384, 0, 1]"
172419,10179617.717592593,92,0x20003a48,14920,UartTxTask,"[14920, 3758096384, 0, 1]"
172420,10179629.217592593,92,0x200080a0,32928,UartTxTask,"[32928, 3758096384, 0, 1]"
172425,10199618.060185185,92,0x20003a48,14920,UartTxTask,"[14920, 3758096384, 0, 1]"
172426,10199629.421296297,92,0x200080a0,32928,UartTxTask,"[32928, 3758096384, 0, 1]"
172431,10219617.736111112,92,0x20003a48,14920,UartTxTask,"[14920, 3758096384, 0, 1]"
172432,10219629.25925926,92,0x200080a0,32928,UartTxTask,"[32928, 3758096384, 0, 1]"
172437,10239617.810185185,92,0x20003a48,14920,UartTxTask,"[14920, 3758096384, 0, 1]"
172438,10239629.263888888,92,0x200080a0,32928,UartTxTask,"[32928, 3758096384, 0, 1]"
172443,10259617.037037037,92,0x20003a48,14920,UartTxTask,"[14920, 3758096384, 0, 1]"
172444,10259628.532407407,92,0x200080a0,32928,UartTxTask,"[32928, 3758096384, 0, 1]"
172449,10279617.652777778,92,0x20003a48,14920,UartTxTask,"[14920, 3758096384, 0, 1]"
172450,10279628.972222222,92,0x200080a0,32928,UartTxTask,"[32928, 3758096384, 0, 1]"
172455,10299617.74074074,92,0x20003a48,14920,UartTxTask,"[14920, 3758096384, 0, 1]"
172456,10299629.069444444,92,0x200080a0,32928,UartTxTask,"[32928, 3758096384, 0, 1]"
172461,10319618.171296297,92,0x20003a48,14920,UartTxTask,"[14920, 3758096384, 0, 1]"
172462,10319629.379629629,92,0x200080a0,32928,UartTxTask,"[32928, 3758096384, 0, 1]"
172467,10339617.61574074,92,0x20003a48,14920,UartTxTask,"[14920, 3758096384, 0, 1]"
172468,10339628.907407407,92,0x200080a0,32928,UartTxTask,"[32928, 3758096384, 0, 1]"
172473,10359617.74074074,92,0x20003a48,14920,UartTxTask,"[14920, 3758096384, 0, 1]"
172474,10359629.189814815,92,0x200080a0,32928,UartTxTask,"[32928, 3758096384, 0, 1]"
172479,10379617.662037037,92,0x20003a48,14920,UartTxTask,"[14920, 3758096384, 0, 1]"
172480,10379629.111111112,92,0x200080a0,32928,UartTxTask,"[32928, 3758096384, 0, 1]"
172485,10399618.018518519,92,0x20003a48,14920,UartTxTask,"[14920, 3758096384, 0, 1]"
172486,10399629.217592593,92,0x200080a0,32928,UartTxTask,"[32928, 3758096384, 0, 1]"
172491,10419617.703703703,92,0x20003a48,14920,UartTxTask,"[14920, 3758096384, 0, 1]"
172492,10419628.99074074,92,0x200080a0,32928,UartTxTask,"[32928, 3758096384, 0, 1]"
172497,10439617.61574074,92,0x20003a48,14920,UartTxTask,"[14920, 3758096384, 0, 1]"
172498,10439629.111111112,92,0x200080a0,32928,UartTxTask,"[32928, 3758096384, 0, 1]"
172503,10459618.0,92,0x20003a48,14920,UartTxTask,"[14920, 3758096384, 0, 1]"
172504,10459629.263888888,92,0x200080a0,32928,UartTxTask,"[32928, 3758096384, 0, 1]"
172509,10479617.555555556,92,0x20003a48,14920,UartTxTask,"[14920, 3758096384, 0, 1]"
172510,10479629.032407407,92,0x200080a0,32928,UartTxTask,"[32928, 3758096384, 0, 1]"
172515,10499617.638888888,92,0x20003a48,14920,UartTxTask,"[14920, 3758096384, 0, 1]"
172516,10499629.032407407,92,0x200080a0,32928,UartTxTask,"[32928, 3758096384, 0, 1]"
172521,10519617.449074075,92,0x20003a48,14920,UartTxTask,"[14920, 3758096384, 0, 1]"
172522,10519628.898148147,92,0x200080a0,32928,UartTxTask,"[32928, 3758096384, 0, 1]"
172527,10539617.648148147,92,0x20003a48,14920,UartTxTask,"[14920, 3758096384, 0, 1]"
172528,10539629.143518519,92,0x200080a0,32928,UartTxTask,"[32928, 3758096384, 0, 1]"
172533,10559618.027777778,92,0x20003a48,14920,UartTxTask,"[14920, 3758096384, 0, 1]"
172534,10559629.287037037,92,0x200080a0,32928,UartTxTask,"[32928, 3758096384, 0, 1]"
172539,10579617.800925925,92,0x20003a48,14920,UartTxTask,"[14920, 3758096384, 0, 1]"
172540,10579629.333333334,92,0x200080a0,32928,UartTxTask,"[32928, 3758096384, 0, 1]"
172545,10599617.560185185,92,0x20003a48,14920,UartTxTask,"[14920, 3758096384, 0, 1]"
172546,10599628.75925926,92,0x200080a0,32928,UartTxTask,"[32928, 3758096384, 0, 1]"
172551,10619617.476851853,92,0x20003a48,14920,UartTxTask,"[14920, 3758096384, 0, 1]"
172552,10619628.736111112,92,0x200080a0,32928,UartTxTask,"[32928, 3758096384, 0, 1]"
172557,10639618.023148147,92,0x20003a48,14920,UartTxTask,"[14920, 3758096384, 0, 1]"
172558,10639629.212962963,92,0x200080a0,32928,UartTxTask,"[32928, 3758096384, 0, 1]"
172563,10659617.620370371,92,0x20003a48,14920,UartTxTask,"[14920, 3758096384, 0, 1]"
172564,10659629.273148147,92,0x200080a0,32928,UartTxTask,"[32928, 3758096384, 0, 1]"
172569,10679617.657407407,92,0x20003a48,14920,UartTxTask,"[14920, 3758096384, 0, 1]"
172570,10679628.833333334,92,0x200080a0,32928,UartTxTask,"[32928, 3758096384, 0, 1]"
172575,10699618.106481481,92,0x20003a48,14920,UartTxTask,"[14920, 3758096384, 0, 1]"
172576,10699629.888888888,92,0x200080a0,32928,UartTxTask,"[32928, 3758096384, 0, 1]"
172581,10719617.458333334,92,0x20003a48,14920,UartTxTask,"[14920, 3758096384, 0, 1]"
172582,10719628.703703703,92,0x200080a0,32928,UartTxTask,"[32928, 3758096384, 0, 1]"
172587,10739617.620370371,92,0x20003a48,14920,UartTxTask,"[14920, 3758096384, 0, 1]"
172588,10739629.101851853,92,0x200080a0,32928,UartTxTask,"[32928, 3758096384, 0, 1]"
172593,10759617.564814815,92,0x20003a48,14920,UartTxTask,"[14920, 3758096384, 0, 1]"
172594,10759628.699074075,92,0x200080a0,32928,UartTxTask,"[32928, 3758096384, 0, 1]"
172599,10779617.63425926,92,0x20003a48,14920,UartTxTask,"[14920, 3758096384, 0, 1]"
172600,10779628.870370371,92,0x200080a0,32928,UartTxTask,"[32928, 3758096384, 0, 1]"
172605,10799617.560185185,92,0x20003a48,14920,UartTxTask,"[14920, 3758096384, 0, 1]"
172606,10799628.972222222,92,0x200080a0,32928,UartTxTask,"[32928, 3758096384, 0, 1]"
172611,10819617.50925926,92,0x20003a48,14920,UartTxTask,"[14920, 3758096384, 0, 1]"
172612,10819629.023148147,92,0x200080a0,32928,UartTxTask,"[32928, 3758096384, 0, 1]"
172617,10839618.236111112,92,0x20003a48,14920,UartTxTask,"[14920, 3758096384, 0, 1]"
172618,10839629.555555556,92,0x200080a0,32928,UartTxTask,"[32928, 3758096384, 0, 1]"
172623,10859617.708333334,92,0x20003a48,14920,UartTxTask,"[14920, 3758096384, 0, 1]"
172624,10859628.916666666,92,0x200080a0,32928,UartTxTask,"[32928, 3758096384, 0, 1]"
172629,10879617.86574074,92,0x20003a48,14920,UartTxTask,"[14920, 3758096384, 0, 1]"
172630,10879629.314814815,92,0x200080a0,32928,UartTxTask,"[32928, 3758096384, 0, 1]"
172635,10899617.611111112,92,0x20003a48,14920,UartTxTask,"[14920, 3758096384, 0, 1]"
172636,10899629.138888888,92,0x200080a0,32928,UartTxTask,"[32928, 3758096384, 0, 1]"
172641,10919617.578703703,92,0x20003a48,14920,UartTxTask,"[14920, 3758096384, 0, 1]"
172642,10919628.958333334,92,0x200080a0,32928,UartTxTask,"[32928, 3758096384, 0, 1]"
172647,10939617.495370371,92,0x20003a48,14920,UartTxTask,"[14920, 3758096384, 0, 1]"
172648,10939628.662037037,92,0x200080a0,32928,UartTxTask,"[32928, 3758096384, 0, 1]"
