block_event,ready_event,block_us,ready_us,duration_us,initial_snapshot
158430,158438,277.375,5739.050925925926,5461.675925925926,True
158442,158444,5799.439814814815,6489.74537037037,690.3055555555555,False
158447,158452,6533.740740740741,15739.185185185184,9205.444444444445,False
158456,158458,15799.24537037037,16489.59259259259,690.3472222222222,False
158461,158466,16533.583333333332,25738.98611111111,9205.402777777777,False
158470,158472,25798.73148148148,26488.875,690.1435185185185,False
158475,158480,26532.462962962964,35739.28240740741,9206.819444444445,False
158484,158486,35799.13888888889,36489.66203703704,690.5231481481482,False
158489,158494,36533.569444444445,45739.38425925926,9205.814814814816,False
158498,158500,45799.87037037037,46490.28240740741,690.4120370370371,False
158503,158512,46533.625,50176.055555555555,3642.4305555555557,False
158516,158518,50234.351851851854,50924.430555555555,690.0787037037037,False
158521,158526,50963.09722222222,55738.96759259259,4775.87037037037,False
158530,158532,55799.53703703704,56489.708333333336,690.1712962962963,False
158535,158540,56533.583333333336,65739.33333333333,9205.75,False
158544,158546,65799.71296296296,66489.84722222222,690.1342592592592,False
158549,158554,66533.55555555556,75740.09722222222,9206.541666666666,False
158558,158560,75800.76851851853,76491.19444444444,690.425925925926,False
158563,158568,76534.77314814815,85738.97685185185,9204.203703703704,False
158572,158574,85799.49537037036,86489.66666666667,690.1712962962963,False
158577,158582,86533.35185185185,95739.0324074074,9205.680555555555,False
158586,158588,95798.78703703704,96488.91203703704,690.125,False
158591,158596,96533.0,105738.9675925926,9205.967592592593,False
158600,158602,105799.37962962964,106489.53703703704,690.1574074074074,False
158605,158610,106533.46296296296,115739.70833333333,9206.24537037037,False
158614,158616,115799.49537037036,116490.02777777778,690.5324074074074,False
158619,158624,116533.92592592593,125739.24074074074,9205.314814814816,False
158628,158630,125799.17592592593,126489.93055555556,690.7546296296297,False
158633,158638,126533.30555555556,135738.42592592593,9205.12037037037,False
158642,158644,135798.69444444444,136489.03240740742,690.3379629629629,False
158647,158652,136532.75462962964,145738.1064814815,9205.351851851852,False
158656,158658,145798.27777777778,146488.49074074073,690.2129629629629,False
158661,158666,146532.63425925927,155738.9351851852,9206.300925925925,False
158670,158672,155798.7314814815,156488.99537037036,690.2638888888889,False
158675,158680,156532.32407407407,165738.87037037036,9206.546296296296,False
158684,158686,165799.00462962964,166489.59722222222,690.5925925925926,False
158689,158694,166533.80555555556,175738.38425925927,9204.578703703704,False
158698,158700,175798.5648148148,176488.74537037036,690.1805555555555,False
158703,158708,176532.66203703705,185739.21759259258,9206.555555555555,False
158712,158714,185799.03240740742,186489.32407407407,690.2916666666666,False
158717,158722,186532.34259259258,195738.86574074073,9206.523148148148,False
158726,158728,195799.12962962964,196489.33333333334,690.2037037037037,False
158731,158736,196533.33333333334,205739.41203703705,9206.078703703704,False
158740,158742,205799.11111111112,206489.36111111112,690.25,False
158745,158750,206532.16203703705,215738.59722222222,9206.435185185184,False
158754,158756,215798.44444444444,216488.72222222222,690.2777777777778,False
158759,158764,216533.12037037036,225738.46296296295,9205.342592592593,False
158768,158770,225799.125,226489.0787037037,689.9537037037037,False
158773,158778,226532.6435185185,235738.6898148148,9206.046296296296,False
158782,158784,235798.91666666666,236489.3148148148,690.3981481481482,False
158787,158792,236533.00925925927,245738.82407407407,9205.814814814816,False
158796,158798,245798.4814814815,246488.59722222222,690.1157407407408,False
158801,158806,246532.25462962964,255739.24074074073,9206.986111111111,False
158810,158812,255799.13425925927,256489.13888888888,690.0046296296297,False
158815,158820,256533.31944444444,265738.39351851854,9205.074074074075,False
158824,158826,265798.56018518517,266488.4537037037,689.8935185185185,False
158829,158834,266531.68981481483,275739.0740740741,9207.38425925926,False
158838,158840,275798.43055555556,276488.625,690.1944444444445,False
158843,158848,276532.43981481483,285739.5925925926,9207.152777777777,False
158852,158854,285799.5046296296,286490.10648148146,690.6018518518518,False
158857,158862,286534.11574074073,295739.8703703704,9205.75462962963,False
158866,158868,295800.912037037,296490.97685185185,690.0648148148148,False
158871,158876,296534.5925925926,305738.1296296296,9203.537037037036,False
158880,158882,305797.837962963,306488.287037037,690.449074074074,False
158885,158890,306531.34722222225,315739.3425925926,9207.99537037037,False
158894,158896,315799.0462962963,316489.4861111111,690.4398148148148,False
158899,158904,316533.02314814815,325738.8240740741,9205.800925925925,False
158908,158910,325798.50925925927,326488.9675925926,690.4583333333334,False
158913,158918,326532.375,335738.8009259259,9206.425925925925,False
158922,158924,335798.7824074074,336488.962962963,690.1805555555555,False
158927,158932,336532.662037037,345740.0138888889,9207.351851851852,False
158936,158938,345800.2037037037,346490.23148148146,690.0277777777778,False
158941,158946,346533.6574074074,355739.2824074074,9205.625,False
158950,158952,355799.2083333333,356489.4074074074,690.199074074074,False
158955,158960,356533.1574074074,365739.61574074073,9206.458333333334,False
158964,158966,365799.6111111111,366489.93981481483,690.3287037037037,False
158969,158974,366533.7824074074,375738.35648148146,9204.574074074075,False
158978,158980,375797.81481481483,376488.18055555556,690.3657407407408,False
158983,158988,376531.6296296296,385739.412037037,9207.782407407407,False
158992,158994,385799.662037037,386489.8703703704,690.2083333333334,False
158997,159002,386533.6712962963,395739.64814814815,9205.976851851852,False
159006,159008,395799.19444444444,396489.81018518517,690.6157407407408,False
159011,159016,396533.2453703704,405739.1296296296,9205.88425925926,False
159020,159022,405799.625,406489.84722222225,690.2222222222222,False
159025,159030,406533.7453703704,415739.4212962963,9205.675925925925,False
159034,159036,415798.8425925926,416489.2453703704,690.4027777777778,False
159039,159044,416533.06018518517,425740.3611111111,9207.300925925925,False
159048,159050,425799.75,426489.9583333333,690.2083333333334,False
159053,159058,426534.037037037,435737.9490740741,9203.912037037036,False
159062,159064,435798.39351851854,436489.0046296296,690.6111111111111,False
159067,159072,436533.40277777775,445739.1666666667,9205.763888888889,False
159076,159078,445798.7361111111,446488.9259259259,690.1898148148148,False
159081,159086,446533.2037037037,455738.52777777775,9205.324074074075,False
159090,159092,455798.98148148146,456489.162037037,690.1805555555555,False
159095,159100,456533.1990740741,465738.6990740741,9205.5,False
159104,159106,465799.2175925926,466489.39814814815,690.1805555555555,False
159109,159114,466532.93981481483,475738.93518518517,9205.99537037037,False
159118,159120,475799.2453703704,476488.9166666667,689.6712962962963,False
159123,159128,476532.4675925926,485739.18055555556,9206.712962962964,False
159132,159134,485798.52777777775,486488.8333333333,690.3055555555555,False
159137,159142,486531.625,495739.0787037037,9207.453703703704,False
159146,159148,495799.10185185185,496489.22222222225,690.1203703703703,False
159151,159156,496532.51851851854,505738.6203703704,9206.101851851852,False
159160,159162,505798.8425925926,506489.3009259259,690.4583333333334,False
159165,159170,506533.3009259259,515739.06018518517,9205.75925925926,False
159174,159176,515799.22222222225,516489.4212962963,690.199074074074,False
159179,159184,516533.2361111111,525739.7037037037,9206.467592592593,False
159188,159190,525800.1435185185,526490.7268518518,690.5833333333334,False
159193,159198,526534.0462962963,535738.7361111111,9204.689814814816,False
159202,159204,535798.8657407408,536488.699074074,689.8333333333334,False
159207,159212,536532.199074074,545738.8888888889,9206.689814814816,False
159216,159218,545799.4166666666,546489.7129629629,690.2962962962963,False
159221,159226,546533.4398148148,555739.2407407408,9205.800925925925,False
159230,159232,555799.5416666666,556489.8564814815,690.3148148148148,False
159235,159240,556533.5185185185,565738.9120370371,9205.393518518518,False
159244,159246,565799.2592592592,566489.5694444445,690.3101851851852,False
159249,159254,566533.2592592592,575738.2962962963,9205.037037037036,False
159258,159260,575798.5046296297,576489.050925926,690.5462962962963,False
159263,159268,576532.949074074,585738.6342592592,9205.685185185184,False
159272,159274,585799.050925926,586489.3564814815,690.3055555555555,False
159277,159282,586533.0231481482,595738.375,9205.351851851852,False
159286,159288,595798.6203703703,596489.0601851852,690.4398148148148,False
159291,159296,596532.9074074074,605738.6388888889,9205.731481481482,False
159300,159302,605798.7037037037,606488.7129629629,690.0092592592592,False
159305,159310,606532.574074074,615738.675925926,9206.101851851852,False
159314,159316,615799.4953703703,616489.3796296297,689.8842592592592,False
159319,159324,616532.7592592592,625738.925925926,9206.166666666666,False
159328,159330,625799.1527777778,626489.0,689.8472222222222,False
159333,159338,626532.6620370371,635739.0694444445,9206.407407407407,False
159342,159344,635799.1574074074,636489.5416666666,690.3842592592592,False
159347,159352,636533.125,645739.8333333334,9206.708333333334,False
159356,159358,645800.5462962963,646490.3194444445,689.7731481481482,False
159361,159366,646533.800925926,655739.625,9205.824074074075,False
159370,159372,655799.7824074074,656489.5694444445,689.7870370370371,False
159375,159380,656532.9027777778,665739.0,9206.097222222223,False
159384,159386,665799.1805555555,666489.324074074,690.1435185185185,False
159389,159394,666532.6388888889,675738.3194444445,9205.680555555555,False
159398,159400,675798.875,676489.0416666666,690.1666666666666,False
159403,159408,676532.5925925926,685739.1574074074,9206.564814814816,False
159412,159414,685800.2777777778,686490.2777777778,690.0,False
159417,159422,686534.3703703703,695739.2037037037,9204.833333333334,False
159426,159428,695799.5046296297,696489.5925925926,690.0879629629629,False
159431,159436,696533.2361111111,705738.625,9205.388888888889,False
159440,159442,705798.4444444445,706488.6898148148,690.2453703703703,False
159445,159450,706532.5787037037,715739.9120370371,9207.333333333334,False
159454,159456,715800.6435185185,716490.9398148148,690.2962962962963,False
159459,159464,716534.4583333334,725739.550925926,9205.092592592593,False
159468,159470,725800.2592592592,726490.625,690.3657407407408,False
159473,159478,726534.4212962963,735738.3472222222,9203.925925925925,False
159482,159484,735799.2083333334,736489.2037037037,689.9953703703703,False
159487,159492,736532.875,745738.7592592592,9205.88425925926,False
159496,159498,745797.9953703703,746488.4675925926,690.4722222222222,False
159501,159506,746532.1111111111,755739.3564814815,9207.24537037037,False
159510,159512,755799.4305555555,756489.2361111111,689.8055555555555,False
159515,159520,756533.0462962963,765739.0787037037,9206.032407407407,False
159524,159526,765799.7592592592,766489.7638888889,690.0046296296297,False
159529,159534,766533.074074074,775738.8888888889,9205.814814814816,False
159538,159540,775798.7268518518,776488.5972222222,689.8703703703703,False
159543,159548,776532.4583333334,785739.3796296297,9206.921296296296,False
159552,159554,785799.6527777778,786489.5277777778,689.875,False
159557,159562,786533.5925925926,795740.3935185185,9206.800925925925,False
159566,159568,795800.3796296297,796490.6805555555,690.300925925926,False
159571,159576,796534.6851851852,805738.8888888889,9204.203703703704,False
159580,159582,805799.3657407408,806489.3657407408,690.0,False
159585,159590,806533.3611111111,815738.4675925926,9205.106481481482,False
159594,159596,815798.4583333334,816488.6296296297,690.1712962962963,False
159599,159604,816532.0046296297,825738.4444444445,9206.439814814816,False
159608,159610,825797.8657407408,826488.4629629629,690.5972222222222,False
159613,159618,826531.8796296297,835738.8842592592,9207.00462962963,False
159622,159624,835799.6574074074,836489.9074074074,690.25,False
159627,159632,836534.1203703703,845738.9537037037,9204.833333333334,False
159636,159638,845799.5555555555,846489.7592592592,690.2037037037037,False
159641,159646,846533.5787037037,855738.574074074,9204.99537037037,False
159650,159652,855798.800925926,856488.7638888889,689.9629629629629,False
159655,159660,856533.1157407408,865739.1388888889,9206.023148148148,False
159664,159666,865799.2870370371,866489.3055555555,690.0185185185185,False
159669,159674,866532.8194444445,875738.6342592592,9205.814814814816,False
159678,159680,875799.0787037037,876489.2037037037,690.125,False
159683,159688,876532.7824074074,885739.0787037037,9206.296296296296,False
159692,159694,885799.6018518518,886490.050925926,690.449074074074,False
159697,159702,886533.8101851852,895738.7777777778,9204.967592592593,False
159706,159708,895799.6481481482,896490.0231481482,690.375,False
159711,159716,896533.6898148148,905739.5879629629,9205.898148148148,False
159720,159722,905800.0972222222,906489.9120370371,689.8148148148148,False
159725,159730,906533.8101851852,915739.3518518518,9205.541666666666,False
159734,159736,915799.6805555555,916489.5648148148,689.8842592592592,False
159739,159744,916533.4351851852,925739.1435185185,9205.708333333334,False
159748,159750,925799.0092592592,926489.1481481482,690.1388888888889,False
159753,159758,926532.6064814815,935739.050925926,9206.444444444445,False
159762,159764,935798.9768518518,936489.3425925926,690.3657407407408,False
159767,159772,936532.4768518518,945740.0416666666,9207.564814814816,False
159776,159778,945800.2916666666,946490.5277777778,690.2361111111111,False
159781,159786,946534.3703703703,955738.1064814815,9203.736111111111,False
159790,159792,955797.7592592592,956487.7453703703,689.9861111111111,False
159795,159800,956531.1157407408,965739.4629629629,9208.347222222223,False
159804,159806,965800.0231481482,966490.2175925926,690.1944444444445,False
159809,159814,966533.925925926,975739.4629629629,9205.537037037036,False
159818,159820,975799.6203703703,976489.9675925926,690.3472222222222,False
159823,159828,976533.7824074074,985738.6111111111,9204.828703703704,False
159832,159834,985798.4722222222,986488.5972222222,690.125,False
159837,159842,986532.6157407408,995739.0277777778,9206.412037037036,False
159846,159848,995799.9027777778,996490.25,690.3472222222222,False
159851,159856,996533.2361111111,1005739.4166666666,9206.180555555555,False
159860,159862,1005799.625,1006489.8981481482,690.2731481481482,False
159865,159870,1006533.4120370371,1015738.5138888889,9205.101851851852,False
159874,159876,1015798.8379629629,1016488.5185185185,689.6805555555555,False
159879,159884,1016532.1481481482,1025738.8611111111,9206.712962962964,False
159888,159890,1025798.7268518518,1026488.925925926,690.199074074074,False
159893,159898,1026532.6666666666,1035739.2777777778,9206.611111111111,False
159902,159904,1035799.1805555555,1036489.5787037037,690.3981481481482,False
159907,159912,1036533.7129629629,1045739.1203703703,9205.407407407407,False
159916,159918,1045799.2685185185,1046489.5231481482,690.2546296296297,False
159921,159926,1046533.3194444445,1055739.3055555555,9205.986111111111,False
159930,159932,1055798.962962963,1056489.0185185184,690.0555555555555,False
159935,159940,1056532.5046296297,1065739.2222222222,9206.717592592593,False
159944,159946,1065799.4305555555,1066489.6527777778,690.2222222222222,False
159949,159954,1066533.2037037036,1075738.4305555555,9205.226851851852,False
159958,159960,1075798.375,1076488.3333333333,689.9583333333334,False
159963,159968,1076531.6712962964,1085738.2962962964,9206.625,False
159972,159974,1085798.5509259258,1086488.5694444445,690.0185185185185,False
159977,159982,1086531.7916666667,1095738.5787037036,9206.787037037036,False
159986,159988,1095798.8009259258,1096488.8240740742,690.0231481481482,False
159991,159996,1096532.0046296297,1105739.7453703703,9207.74074074074,False
160000,160002,1105800.1712962964,1106490.1342592593,689.9629629629629,False
160005,160010,1106533.8287037036,1115739.087962963,9205.25925925926,False
160014,160016,1115799.388888889,1116489.5694444445,690.1805555555555,False
160019,160024,1116533.1574074074,1125739.3703703703,9206.212962962964,False
160028,160030,1125799.662037037,1126489.888888889,690.2268518518518,False
160033,160042,1126533.5648148148,1132188.7916666667,5655.226851851852,False
160046,160048,1132247.1527777778,1132937.4953703703,690.3425925925926,False
160051,160056,1132975.625,1135738.5324074074,2762.9074074074074,False
160060,160062,1135798.837962963,1136489.4351851852,690.5972222222222,False
160065,160070,1136533.6342592593,1145737.537037037,9203.902777777777,False
160074,160076,1145797.8101851852,1146487.9305555555,690.1203703703703,False
160079,160084,1146531.2453703703,1155739.1574074074,9207.912037037036,False
160088,160090,1155799.2453703703,1156489.6296296297,690.3842592592592,False
160093,160098,1156533.4166666667,1165737.962962963,9204.546296296296,False
160102,160104,1165798.398148148,1166488.4351851852,690.0370370370371,False
160107,160112,1166532.7407407407,1175738.9166666667,9206.175925925925,False
160116,160118,1175798.9953703703,1176489.3101851852,690.3148148148148,False
160121,160126,1176533.3009259258,1185738.8935185184,9205.592592592593,False
160130,160132,1185798.6851851852,1186488.9027777778,690.2175925925926,False
160135,160140,1186532.3055555555,1195739.5601851852,9207.25462962963,False
160144,160146,1195800.6203703703,1196490.9166666667,690.2962962962963,False
160149,160154,1196534.8564814816,1205738.8935185184,9204.037037037036,False
160158,160160,1205799.1666666667,1206489.1805555555,690.0138888888889,False
160163,160168,1206532.9074074074,1215739.8796296297,9206.972222222223,False
160172,160174,1215801.0324074074,1216491.1805555555,690.1481481481482,False
160177,160182,1216535.5092592593,1225737.898148148,9202.388888888889,False
160186,160188,1225799.0694444445,1226489.212962963,690.1435185185185,False
160191,160196,1226533.4259259258,1235739.2175925926,9205.791666666666,False
160200,160202,1235799.6666666667,1236490.226851852,690.5601851851852,False
160205,160210,1236534.0555555555,1245739.2962962964,9205.24074074074,False
160214,160216,1245799.1574074074,1246489.162037037,690.0046296296297,False
160219,160224,1246532.3472222222,1255738.8333333333,9206.486111111111,False
160228,160230,1255798.5462962964,1256488.8009259258,690.2546296296297,False
160233,160238,1256532.3194444445,1265739.3240740742,9207.00462962963,False
160242,160244,1265798.9537037036,1266489.0740740742,690.1203703703703,False
160247,160252,1266532.0555555555,1275738.9583333333,9206.902777777777,False
160256,160258,1275800.125,1276490.2407407407,690.1157407407408,False
160261,160266,1276533.7685185184,1285738.5648148148,9204.796296296296,False
160270,160272,1285798.6759259258,1286488.9305555555,690.2546296296297,False
160275,160280,1286533.1898148148,1295739.398148148,9206.208333333334,False
160284,160286,1295800.226851852,1296490.3564814816,690.1296296296297,False
160289,160294,1296534.1759259258,1305738.875,9204.699074074075,False
160298,160300,1305798.4675925926,1306488.8842592593,690.4166666666666,False
160303,160308,1306532.7314814816,1315739.0787037036,9206.347222222223,False
160312,160314,1315799.0092592593,1316489.0925925926,690.0833333333334,False
160317,160322,1316533.375,1325739.3287037036,9205.953703703704,False
160326,160334,1325799.6574074074,1326490.3287037036,690.6712962962963,False
160340,160342,1326596.712962963,1327286.8240740742,690.1111111111111,False
160345,160350,1327325.7824074074,1335738.773148148,8412.99074074074,False
160354,160356,1335798.7314814816,1336489.1296296297,690.3981481481482,False
160359,160364,1336532.6990740742,1345737.9305555555,9205.231481481482,False
160368,160370,1345798.3472222222,1346488.726851852,690.3796296296297,False
160373,160378,1346531.9259259258,1355738.0185185184,9206.092592592593,False
160382,160384,1355798.4907407407,1356488.3240740742,689.8333333333334,False
160387,160392,1356532.3055555555,1365738.8194444445,9206.513888888889,False
160396,160398,1365799.1990740742,1366489.736111111,690.5370370370371,False
160401,160406,1366533.8240740742,1375738.5694444445,9204.74537037037,False
160410,160412,1375799.0509259258,1376489.125,690.074074074074,False
160415,160420,1376532.851851852,1385738.773148148,9205.921296296296,False
160424,160426,1385798.9953703703,1386488.9953703703,690.0,False
160429,160434,1386532.412037037,1395739.1851851852,9206.773148148148,False
160438,160440,1395799.4166666667,1396489.4537037036,690.0370370370371,False
160443,160448,1396533.0185185184,1405738.3842592593,9205.36574074074,False
160452,160454,1405797.851851852,1406488.5694444445,690.7175925925926,False
160457,160462,1406532.3657407407,1415738.162037037,9205.796296296296,False
160466,160468,1415798.662037037,1416488.9953703703,690.3333333333334,False
160471,160476,1416532.1435185184,1425738.8842592593,9206.74074074074,False
160480,160482,1425798.7546296297,1426489.1712962964,690.4166666666666,False
160485,160490,1426532.4351851852,1435738.6296296297,9206.194444444445,False
160494,160496,1435798.138888889,1436488.3009259258,690.1620370370371,False
160499,160504,1436531.9074074074,1445739.1064814816,9207.199074074075,False
160508,160510,1445799.3101851852,1446489.3796296297,690.0694444444445,False
160513,160518,1446533.0555555555,1455738.3101851852,9205.25462962963,False
160522,160524,1455798.625,1456488.773148148,690.1481481481482,False
160527,160532,1456532.3935185184,1465738.773148148,9206.37962962963,False
160536,160538,1465799.763888889,1466489.9953703703,690.2314814814815,False
160541,160546,1466533.111111111,1475739.2314814816,9206.12037037037,False
160550,160552,1475799.0787037036,1476489.4490740742,690.3703703703703,False
160555,160560,1476533.5925925926,1485739.1851851852,9205.592592592593,False
160564,160566,1485800.212962963,1486490.1666666667,689.9537037037037,False
160569,160574,1486533.5092592593,1495739.75,9206.24074074074,False
160578,160580,1495800.361111111,1496490.6527777778,690.2916666666666,False
160583,160588,1496534.462962963,1505739.638888889,9205.175925925925,False
160592,160594,1505800.148148148,1506490.611111111,690.4629629629629,False
160597,160602,1506534.837962963,1515737.773148148,9202.935185185184,False
160606,160608,1515797.9398148148,1516488.148148148,690.2083333333334,False
160611,160616,1516531.9675925926,1525738.9351851852,9206.967592592593,False
160620,160622,1525799.0601851852,1526489.5324074074,690.4722222222222,False
160625,160630,1526532.9722222222,1535738.5740740742,9205.601851851852,False
160634,160636,1535799.0601851852,1536489.3240740742,690.2638888888889,False
160639,160644,1536533.1712962964,1545739.4074074074,9206.236111111111,False
160648,160650,1545799.912037037,1546490.0694444445,690.1574074074074,False
160653,160658,1546534.1435185184,1555739.5046296297,9205.361111111111,False
160662,160664,1555799.7453703703,1556489.9027777778,690.1574074074074,False
160667,160672,1556533.4444444445,1565738.888888889,9205.444444444445,False
160676,160678,1565799.7916666667,1566489.9722222222,690.1805555555555,False
160681,160686,1566534.1944444445,1575738.1712962964,9203.976851851852,False
160690,160692,1575798.712962963,1576489.412037037,690.699074074074,False
160695,160700,1576532.8009259258,1585739.5416666667,9206.74074074074,False
160704,160706,1585799.4722222222,1586489.6296296297,690.1574074074074,False
160709,160714,1586533.5509259258,1595739.6898148148,9206.138888888889,False
160718,160720,1595800.087962963,1596490.2824074074,690.1944444444445,False
160723,160728,1596534.7916666667,1605738.5324074074,9203.74074074074,False
160732,160734,1605798.9583333333,1606488.9398148148,689.9814814814815,False
160737,160742,1606532.3703703703,1615739.9027777778,9207.532407407407,False
160746,160748,1615800.4444444445,1616490.3842592593,689.9398148148148,False
160751,160756,1616534.2546296297,1625738.6712962964,9204.416666666666,False
160760,160762,1625798.8055555555,1626489.087962963,690.2824074074074,False
160765,160770,1626532.4722222222,1635738.4814814816,9206.00925925926,False
160774,160776,1635798.1574074074,1636488.3472222222,690.1898148148148,False
160779,160784,1636532.6712962964,1645739.6064814816,9206.935185185184,False
160788,160790,1645798.9027777778,1646489.4398148148,690.5370370370371,False
160793,160798,1646533.5555555555,1655739.962962963,9206.407407407407,False
160802,160804,1655800.111111111,1656490.1527777778,690.0416666666666,False
160807,160812,1656533.5277777778,1665738.9074074074,9205.37962962963,False
160816,160818,1665799.3194444445,1666489.6435185184,690.324074074074,False
160821,160826,1666533.5925925926,1675738.3055555555,9204.712962962964,False
160830,160832,1675798.9537037036,1676489.0925925926,690.1388888888889,False
160835,160840,1676532.4444444445,1685739.0787037036,9206.63425925926,False
160844,160846,1685799.898148148,1686489.6898148148,689.7916666666666,False
160849,160854,1686534.1203703703,1695738.9259259258,9204.805555555555,False
160858,160860,1695798.5694444445,1696488.6342592593,690.0648148148148,False
160863,160868,1696532.273148148,1705738.7824074074,9206.50925925926,False
160872,160874,1705798.2222222222,1706488.8564814816,690.6342592592592,False
160877,160882,1706532.6759259258,1715739.212962963,9206.537037037036,False
160886,160888,1715799.537037037,1716489.6064814816,690.0694444444445,False
160891,160896,1716532.476851852,1725738.273148148,9205.796296296296,False
160900,160902,1725798.8425925926,1726488.8287037036,689.9861111111111,False
160905,160910,1726532.1574074074,1735738.0925925926,9205.935185185184,False
160914,160916,1735798.226851852,1736488.6203703703,690.3935185185185,False
160919,160924,1736531.875,1745739.0787037036,9207.203703703704,False
160928,160930,1745798.662037037,1746489.101851852,690.4398148148148,False
160933,160938,1746533.1157407407,1755738.8425925926,9205.726851851852,False
160942,160944,1755798.8425925926,1756488.787037037,689.9444444444445,False
160947,160952,1756532.4814814816,1765738.398148148,9205.916666666666,False
160956,160958,1765798.7175925926,1766488.8796296297,690.1620370370371,False
160961,160966,1766532.4583333333,1775738.5925925926,9206.13425925926,False
160970,160972,1775799.1064814816,1776489.4398148148,690.3333333333334,False
160975,160980,1776532.7777777778,1785739.7175925926,9206.939814814816,False
160984,160986,1785800.3055555555,1786490.1759259258,689.8703703703703,False
160989,160994,1786533.6990740742,1795738.8194444445,9205.12037037037,False
160998,161000,1795799.3333333333,1796489.4814814816,690.1481481481482,False
161003,161008,1796532.898148148,1805739.361111111,9206.462962962964,False
161012,161014,1805799.111111111,1806489.013888889,689.9027777777778,False
161017,161022,1806532.8564814816,1815739.0694444445,9206.212962962964,False
161026,161028,1815798.7453703703,1816488.8240740742,690.0787037037037,False
161031,161036,1816533.3009259258,1825738.875,9205.574074074075,False
161040,161042,1825798.9212962964,1826489.0324074074,690.1111111111111,False
161045,161050,1826532.6759259258,1835738.7824074074,9206.106481481482,False
161054,161056,1835798.3009259258,1836488.662037037,690.3611111111111,False
161059,161064,1836532.4675925926,1845738.8287037036,9206.361111111111,False
161068,161070,1845799.125,1846489.1435185184,690.0185185185185,False
161073,161078,1846532.875,1855738.9259259258,9206.050925925925,False
161082,161084,1855798.837962963,1856488.976851852,690.1388888888889,False
161087,161092,1856532.611111111,1865739.8148148148,9207.203703703704,False
161096,161098,1865799.5601851852,1866489.898148148,690.3379629629629,False
161101,161106,1866533.638888889,1875738.8194444445,9205.180555555555,False
161110,161112,1875799.087962963,1876489.1203703703,690.0324074074074,False
161115,161120,1876532.976851852,1885739.1851851852,9206.208333333334,False
161124,161126,1885799.2314814816,1886489.476851852,690.2453703703703,False
161129,161134,1886532.986111111,1895740.2546296297,9207.268518518518,False
161138,161140,1895800.9259259258,1896491.2592592593,690.3333333333334,False
161143,161148,1896534.875,1905739.273148148,9204.398148148148,False
161152,161154,1905798.9814814816,1906489.0972222222,690.1157407407408,False
161157,161162,1906533.1666666667,1915738.8842592593,9205.717592592593,False
161166,161168,1915799.1527777778,1916489.587962963,690.4351851851852,False
161171,161176,1916533.3287037036,1925738.7777777778,9205.449074074075,False
161180,161182,1925798.8009259258,1926489.4074074074,690.6064814814815,False
161185,161190,1926533.0509259258,1935738.7824074074,9205.731481481482,False
161194,161196,1935799.4259259258,1936489.5277777778,690.1018518518518,False
161199,161204,1936533.5,1945739.648148148,9206.148148148148,False
161208,161210,1945799.0833333333,1946489.4027777778,690.3194444444445,False
161213,161218,1946533.4583333333,1955739.0972222222,9205.638888888889,False
161222,161224,1955798.7916666667,1956489.1574074074,690.3657407407408,False
161227,161232,1956532.9444444445,1965739.0462962964,9206.101851851852,False
161236,161238,1965798.851851852,1966489.1712962964,690.3194444444445,False
161241,161246,1966533.4583333333,1975738.9074074074,9205.449074074075,False
161250,161252,1975799.0787037036,1976488.9305555555,689.8518518518518,False
161255,161260,1976533.037037037,1985739.0694444445,9206.032407407407,False
161264,161266,1985799.3657407407,1986489.7175925926,690.3518518518518,False
161269,161274,1986532.898148148,1995737.5416666667,9204.643518518518,False
161278,161280,1995797.7916666667,1996488.125,690.3333333333334,False
161283,161288,1996531.5833333333,2005738.8287037036,9207.24537037037,False
161292,161294,2005798.6944444445,2006489.0833333333,690.3888888888889,False
161297,161302,2006532.5462962964,2015740.25,9207.703703703704,False
161306,161308,2015800.537037037,2016490.4398148148,689.9027777777778,False
161311,161316,2016534.2083333333,2025739.087962963,9204.87962962963,False
161320,161322,2025799.1944444445,2026489.3935185184,690.199074074074,False
161325,161330,2026533.5694444445,2035738.6064814816,9205.037037037036,False
161334,161336,2035798.398148148,2036488.2916666667,689.8935185185185,False
161339,161344,2036531.9722222222,2045738.4074074074,9206.435185185184,False
161348,161350,2045798.3148148148,2046488.4490740742,690.1342592592592,False
161353,161358,2046532.388888889,2055739.888888889,9207.5,False
161362,161364,2055799.6851851852,2056489.9212962964,690.2361111111111,False
161367,161372,2056533.0694444445,2065738.9351851852,9205.86574074074,False
161376,161378,2065799.486111111,2066489.861111111,690.375,False
161381,161386,2066533.9490740742,2075737.736111111,9203.787037037036,False
161390,161392,2075797.8657407407,2076487.9027777778,690.0370370370371,False
161395,161400,2076531.5972222222,2085738.5462962964,9206.949074074075,False
161404,161406,2085799.476851852,2086489.3240740742,689.8472222222222,False
161409,161414,2086533.1759259258,2095738.6666666667,9205.49074074074,False
161418,161420,2095798.611111111,2096488.8564814816,690.2453703703703,False
161423,161428,2096532.138888889,2105739.0694444445,9206.930555555555,False
161432,161434,2105799.5555555555,2106489.625,690.0694444444445,False
161437,161442,2106533.282407407,2115739.2407407407,9205.958333333334,False
161446,161448,2115799.3981481483,2116489.6342592593,690.2361111111111,False
161451,161456,2116532.671296296,2125739.0185185187,9206.347222222223,False
161460,161462,2125799.222222222,2126489.4768518517,690.2546296296297,False
161465,161470,2126533.6296296297,2135739.8564814813,9206.226851851852,False
161474,161476,2135800.625,2136490.5092592593,689.8842592592592,False
161479,161484,2136535.0,2145739.2685185187,9204.268518518518,False
161488,161490,2145799.2314814813,2146489.472222222,690.2407407407408,False
161493,161498,2146532.9583333335,2155738.328703704,9205.37037037037,False
161502,161504,2155798.662037037,2156488.842592593,690.1805555555555,False
161507,161512,2156532.236111111,2165739.1064814813,9206.87037037037,False
161516,161518,2165799.3703703703,2166489.6064814813,690.2361111111111,False
161521,161526,2166533.310185185,2175738.4583333335,9205.148148148148,False
161530,161532,2175798.842592593,2176488.814814815,689.9722222222222,False
161535,161540,2176532.277777778,2185739.8518518517,9207.574074074075,False
161544,161546,2185800.263888889,2186490.078703704,689.8148148148148,False
161549,161554,2186533.638888889,2195738.7314814813,9205.092592592593,False
161558,161560,2195798.467592593,2196488.888888889,690.4212962962963,False
161563,161568,2196532.2592592593,2205739.300925926,9207.041666666666,False
161572,161574,2205798.574074074,2206489.1296296297,690.5555555555555,False
161577,161582,2206532.9814814813,2215739.0231481483,9206.041666666666,False
161586,161588,2215798.986111111,2216489.212962963,690.2268518518518,False
161591,161596,2216532.722222222,2225739.185185185,9206.462962962964,False
161600,161602,2225799.5185185187,2226489.5231481483,690.0046296296297,False
161605,161610,2226533.050925926,2235740.0416666665,9206.99074074074,False
161614,161616,2235800.560185185,2236490.9444444445,690.3842592592592,False
161619,161624,2236534.4907407407,2245738.902777778,9204.412037037036,False
161628,161630,2245799.421296296,2246489.486111111,690.0648148148148,False
161633,161638,2246533.046296296,2255739.578703704,9206.532407407407,False
161642,161644,2255799.467592593,2256489.9305555555,690.4629629629629,False
161647,161652,2256533.842592593,2265738.546296296,9204.703703703704,False
161656,161658,2265798.574074074,2266488.921296296,690.3472222222222,False
161661,161666,2266532.4814814813,2275739.412037037,9206.930555555555,False
161670,161672,2275800.152777778,2276490.152777778,690.0,False
161675,161680,2276534.078703704,2285738.6018518517,9204.523148148148,False
161684,161686,2285798.277777778,2286488.3518518517,690.074074074074,False
161689,161694,2286532.097222222,2295739.1805555555,9207.083333333334,False
161698,161700,2295799.1342592593,2296489.2731481483,690.1388888888889,False
161703,161708,2296533.1203703703,2305739.328703704,9206.208333333334,False
161712,161714,2305799.111111111,2306489.407407407,690.2962962962963,False
161717,161722,2306532.8194444445,2315739.3564814813,9206.537037037036,False
161726,161728,2315799.324074074,2316489.8194444445,690.4953703703703,False
161731,161736,2316533.912037037,2325739.347222222,9205.435185185184,False
161740,161742,2325798.875,2326489.287037037,690.4120370370371,False
161745,161750,2326532.439814815,2335739.189814815,9206.75,False
161754,161756,2335798.9768518517,2336489.1805555555,690.2037037037037,False
161759,161768,2336533.171296296,2345515.532407407,8982.361111111111,False
161772,161779,2345573.888888889,2346264.217592593,690.3287037037037,False
161783,161785,2346317.347222222,2347007.7731481483,690.425925925926,False
161788,161793,2347042.7314814813,2355739.3055555555,8696.574074074075,False
161797,161799,2355799.8518518517,2356490.1203703703,690.2685185185185,False
161802,161807,2356533.3055555555,2365739.550925926,9206.24537037037,False
161811,161813,2365799.574074074,2366489.5185185187,689.9444444444445,False
161816,161821,2366533.092592593,2375739.064814815,9205.972222222223,False
161825,161827,2375799.912037037,2376489.9305555555,690.0185185185185,False
161830,161835,2376533.5185185187,2385739.1435185187,9205.625,False
161839,161841,2385799.074074074,2386489.199074074,690.125,False
161844,161849,2386533.1157407407,2395738.888888889,9205.773148148148,False
161853,161855,2395799.0185185187,2396489.6805555555,690.6620370370371,False
161858,161863,2396533.7731481483,2405737.9768518517,9204.203703703704,False
161867,161869,2405797.407407407,2406487.527777778,690.1203703703703,False
161872,161877,2406531.046296296,2415738.9583333335,9207.912037037036,False
161881,161883,2415799.277777778,2416489.6481481483,690.3703703703703,False
161886,161891,2416533.1203703703,2425738.8657407407,9205.74537037037,False
161895,161897,2425798.888888889,2426489.199074074,690.3101851851852,False
161900,161905,2426532.796296296,2435738.9768518517,9206.180555555555,False
161909,161911,2435799.5092592593,2436489.4953703703,689.9861111111111,False
161914,161919,2436532.7407407407,2445739.421296296,9206.680555555555,False
161923,161925,2445799.6296296297,2446490.097222222,690.4675925925926,False
161928,161933,2446533.9583333335,2455738.6203703703,9204.662037037036,False
161937,161939,2455798.5694444445,2456488.513888889,689.9444444444445,False
161942,161947,2456532.574074074,2465738.2731481483,9205.699074074075,False
161951,161953,2465798.5555555555,2466488.777777778,690.2222222222222,False
161956,161961,2466532.5416666665,2475739.3842592593,9206.842592592593,False
161965,161967,2475799.439814815,2476489.662037037,690.2222222222222,False
161970,161975,2476533.3981481483,2485739.611111111,9206.212962962964,False
161979,161981,2485798.712962963,2486489.4166666665,690.7037037037037,False
161984,161989,2486533.578703704,2495739.9907407407,9206.412037037036,False
161993,161995,2495799.925925926,2496490.560185185,690.6342592592592,False
161998,162003,2496533.949074074,2505738.097222222,9204.148148148148,False
162007,162009,2505798.1342592593,2506488.282407407,690.1481481481482,False
162012,162017,2506530.9768518517,2515737.796296296,9206.819444444445,False
162021,162023,2515798.652777778,2516488.5694444445,689.9166666666666,False
162026,162031,2516532.2314814813,2525739.3055555555,9207.074074074075,False
162035,162037,2525799.486111111,2526489.4583333335,689.9722222222222,False
162040,162045,2526532.921296296,2535738.625,9205.703703703704,False
162049,162051,2535798.7546296297,2536488.949074074,690.1944444444445,False
162054,162059,2536532.6944444445,2545740.439814815,9207.74537037037,False
162063,162065,2545800.2083333335,2546490.1203703703,689.9120370370371,False
162068,162073,2546533.8657407407,2555739.9444444445,9206.078703703704,False
162077,162079,2555799.513888889,2556489.9907407407,690.4768518518518,False
162082,162087,2556533.592592593,2565739.310185185,9205.717592592593,False
162091,162093,2565799.972222222,2566490.328703704,690.3564814814815,False
162096,162101,2566533.7268518517,2575738.782407407,9205.055555555555,False
162105,162107,2575799.5555555555,2576489.685185185,690.1296296296297,False
162110,162115,2576533.435185185,2585739.0185185187,9205.583333333334,False
162119,162121,2585799.2731481483,2586489.5555555555,690.2824074074074,False
162124,162129,2586532.8194444445,2595739.6203703703,9206.800925925925,False
162133,162135,2595799.685185185,2596490.078703704,690.3935185185185,False
162138,162143,2596533.486111111,2605738.7731481483,9205.287037037036,False
162147,162149,2605798.560185185,2606488.611111111,690.050925925926,False
162152,162157,2606532.7453703703,2615739.2453703703,9206.5,False
162161,162163,2615799.9814814813,2616489.75,689.7685185185185,False
162166,162171,2616533.25,2625739.328703704,9206.078703703704,False
162175,162177,2625799.782407407,2626489.6944444445,689.9120370370371,False
162180,162185,2626533.0092592593,2635738.861111111,9205.851851851852,False
162189,162191,2635799.162037037,2636489.2407407407,690.0787037037037,False
162194,162199,2636532.814814815,2645738.578703704,9205.763888888889,False
162203,162205,2645798.662037037,2646488.6064814813,689.9444444444445,False
162208,162213,2646532.287037037,2655738.828703704,9206.541666666666,False
162217,162219,2655798.953703704,2656489.439814815,690.4861111111111,False
162222,162227,2656533.7546296297,2665739.6296296297,9205.875,False
162231,162233,2665799.902777778,2666490.1805555555,690.2777777777778,False
162236,162241,2666533.763888889,2675739.4166666665,9205.652777777777,False
162245,162247,2675799.4814814813,2676489.657407407,690.175925925926,False
162250,162255,2676533.300925926,2685739.0555555555,9205.75462962963,False
162259,162261,2685799.046296296,2686489.3564814813,690.3101851851852,False
162264,162269,2686532.8703703703,2695739.6944444445,9206.824074074075,False
162273,162275,2695799.9768518517,2696490.236111111,690.2592592592592,False
162278,162283,2696533.824074074,2705738.6805555555,9204.856481481482,False
162287,162289,2705798.657407407,2706488.703703704,690.0462962962963,False
162292,162297,2706532.8703703703,2715738.162037037,9205.291666666666,False
162301,162303,2715798.824074074,2716489.2916666665,690.4675925925926,False
162306,162311,2716533.111111111,2725739.342592593,9206.231481481482,False
162315,162317,2725799.3935185187,2726489.402777778,690.0092592592592,False
162320,162325,2726532.967592593,2735738.3194444445,9205.351851851852,False
162329,162331,2735797.3564814813,2736487.689814815,690.3333333333334,False
162334,162339,2736531.314814815,2745738.652777778,9207.337962962964,False
162343,162345,2745798.9444444445,2746489.4583333335,690.5138888888889,False
162348,162353,2746533.7314814813,2755738.842592593,9205.111111111111,False
162357,162359,2755798.7268518517,2756489.0833333335,690.3564814814815,False
162362,162367,2756532.787037037,2765738.5092592593,9205.722222222223,False
162371,162373,2765798.7268518517,2766489.111111111,690.3842592592592,False
162376,162381,2766533.157407407,2775739.282407407,9206.125,False
162385,162387,2775799.203703704,2776489.1064814813,689.9027777777778,False
162390,162395,2776533.3333333335,2785738.513888889,9205.180555555555,False
162399,162401,2785798.796296296,2786488.611111111,689.8148148148148,False
162404,162409,2786531.986111111,2795738.9907407407,9207.00462962963,False
162413,162415,2795798.2083333335,2796488.375,690.1666666666666,False
162418,162423,2796531.8703703703,2805738.587962963,9206.717592592593,False
162427,162429,2805798.9583333335,2806488.814814815,689.8564814814815,False
162432,162437,2806532.3981481483,2815738.712962963,9206.314814814816,False
162441,162443,2815798.8703703703,2816488.847222222,689.9768518518518,False
162446,162451,2816532.828703704,2825739.564814815,9206.736111111111,False
162455,162457,2825799.6481481483,2826489.9907407407,690.3425925925926,False
162460,162465,2826533.435185185,2835739.0231481483,9205.587962962964,False
162469,162471,2835799.027777778,2836489.4444444445,690.4166666666666,False
162474,162479,2836532.8194444445,2845738.8564814813,9206.037037037036,False
162483,162485,2845799.425925926,2846489.550925926,690.125,False
162488,162493,2846532.7546296297,2855738.736111111,9205.981481481482,False
162497,162499,2855798.861111111,2856489.1435185187,690.2824074074074,False
162502,162507,2856532.8657407407,2865738.736111111,9205.87037037037,False
162511,162513,2865799.050925926,2866488.861111111,689.8101851851852,False
162516,162521,2866532.578703704,2875739.013888889,9206.435185185184,False
162525,162527,2875799.310185185,2876489.800925926,690.4907407407408,False
162530,162535,2876533.513888889,2885740.3657407407,9206.851851851852,False
162539,162541,2885800.421296296,2886490.3194444445,689.8981481481482,False
162544,162549,2886533.907407407,2895738.814814815,9204.907407407407,False
162553,162555,2895798.7407407407,2896488.736111111,689.9953703703703,False
162558,162563,2896532.1944444445,2905739.060185185,9206.86574074074,False
162567,162569,2905799.5046296297,2906489.328703704,689.824074074074,False
162572,162577,2906532.699074074,2915739.138888889,9206.439814814816,False
162581,162583,2915799.8518518517,2916490.0185185187,690.1666666666666,False
162586,162591,2916534.152777778,2925738.800925926,9204.648148148148,False
162595,162597,2925798.967592593,2926489.314814815,690.3472222222222,False
162600,162605,2926532.717592593,2935739.3518518517,9206.63425925926,False
162609,162611,2935799.4768518517,2936489.7731481483,690.2962962962963,False
162614,162619,2936532.9166666665,2945738.3055555555,9205.388888888889,False
162623,162625,2945798.662037037,2946489.037037037,690.375,False
162628,162633,2946533.087962963,2955739.6296296297,9206.541666666666,False
162637,162639,2955800.7314814813,2956490.638888889,689.9074074074074,False
162642,162647,2956534.1157407407,2965738.439814815,9204.324074074075,False
162651,162653,2965798.8518518517,2966489.1203703703,690.2685185185185,False
162656,162661,2966532.800925926,2975738.8657407407,9206.064814814816,False
162665,162667,2975798.9305555555,2976488.7314814813,689.800925925926,False
162670,162675,2976532.1481481483,2985738.902777778,9206.75462962963,False
162679,162681,2985799.842592593,2986489.578703704,689.7361111111111,False
162684,162689,2986533.1203703703,2995739.199074074,9206.078703703704,False
162693,162695,2995799.064814815,2996488.9444444445,689.8796296296297,False
162698,162703,2996532.3981481483,3005739.763888889,9207.36574074074,False
162707,162709,3005800.013888889,3006490.078703704,690.0648148148148,False
162712,162717,3006533.9166666665,3015738.486111111,9204.569444444445,False
162721,162723,3015798.467592593,3016488.7314814813,690.2638888888889,False
162726,162731,3016531.7314814813,3025738.675925926,9206.944444444445,False
162735,162737,3025799.0046296297,3026489.0833333335,690.0787037037037,False
162740,162745,3026532.25,3035739.611111111,9207.361111111111,False
162749,162751,3035799.7592592593,3036489.967592593,690.2083333333334,False
162754,162759,3036534.0,3045738.671296296,9204.671296296296,False
162763,162765,3045798.6296296297,3046488.8935185187,690.2638888888889,False
162768,162773,3046533.046296296,3055739.296296296,9206.25,False
162777,162779,3055798.8333333335,3056489.1018518517,690.2685185185185,False
162782,162787,3056533.175925926,3065739.2407407407,9206.064814814816,False
162791,162793,3065799.837962963,3066489.875,690.0370370370371,False
162796,162801,3066532.689814815,3075739.361111111,9206.671296296296,False
162805,162807,3075799.912037037,3076489.875,689.9629629629629,False
162810,162815,3076533.1064814813,3085738.837962963,9205.731481481482,False
162819,162821,3085799.1342592593,3086489.1342592593,690.0,False
162824,162829,3086532.7407407407,3095738.2916666665,9205.550925925925,False
162833,162835,3095799.074074074,3096489.412037037,690.3379629629629,False
162838,162843,3096532.652777778,3105739.0555555555,9206.402777777777,False
162847,162849,3105798.939814815,3106489.0231481483,690.0833333333334,False
162852,162857,3106532.412037037,3115738.842592593,9206.430555555555,False
162861,162863,3115798.486111111,3116488.921296296,690.4351851851852,False
162866,162871,3116532.7314814813,3125739.162037037,9206.430555555555,False
162875,162877,3125799.203703704,3126489.097222222,689.8935185185185,False
162880,162885,3126532.1296296297,3135738.25,9206.12037037037,False
162889,162891,3135799.837962963,3136489.675925926,689.8379629629629,False
162894,162899,3136533.5092592593,3145738.8333333335,9205.324074074075,False
162903,162905,3145800.1666666665,3146489.810185185,689.6435185185185,False
162908,162913,3146533.296296296,3155739.3703703703,9206.074074074075,False
162917,162919,3155799.4814814813,3156489.9444444445,690.4629629629629,False
162922,162927,3156533.842592593,3165739.712962963,9205.87037037037,False
162931,162933,3165800.337962963,3166490.717592593,690.3796296296297,False
162936,162941,3166534.6203703703,3175739.185185185,9204.564814814816,False
162945,162947,3175799.027777778,3176489.736111111,690.7083333333334,False
162950,162955,3176533.2731481483,3185739.736111111,9206.462962962964,False
162959,162961,3185799.310185185,3186489.7083333335,690.3981481481482,False
162964,162969,3186533.171296296,3195739.2453703703,9206.074074074075,False
162973,162975,3195799.462962963,3196489.337962963,689.875,False
162978,162983,3196533.1064814813,3205737.560185185,9204.453703703704,False
162987,162989,3205797.685185185,3206488.0416666665,690.3564814814815,False
162992,162997,3206531.4768518517,3215739.0185185187,9207.541666666666,False
163001,163003,3215800.212962963,3216490.2268518517,690.0138888888889,False
163006,163011,3216533.7083333335,3225738.9953703703,9205.287037037036,False
163015,163017,3225799.097222222,3226489.046296296,689.949074074074,False
163020,163025,3226533.0231481483,3235738.310185185,9205.287037037036,False
163029,163031,3235798.342592593,3236488.402777778,690.0601851851852,False
163034,163039,3236531.717592593,3245739.212962963,9207.49537037037,False
163043,163045,3245799.236111111,3246489.6666666665,690.4305555555555,False
163048,163053,3246532.5231481483,3255739.449074074,9206.925925925925,False
163057,163059,3255799.657407407,3256489.861111111,690.2037037037037,False
163062,163067,3256533.222222222,3265738.3703703703,9205.148148148148,False
163071,163073,3265798.6666666665,3266489.157407407,690.4907407407408,False
163076,163081,3266533.3935185187,3275739.152777778,9205.75925925926,False
163085,163087,3275799.375,3276489.4444444445,690.0694444444445,False
163090,163095,3276532.3194444445,3285739.8333333335,9207.513888888889,False
163099,163101,3285799.935185185,3286490.037037037,690.1018518518518,False
163104,163109,3286533.1944444445,3295739.6296296297,9206.435185185184,False
163113,163115,3295799.046296296,3296489.1481481483,690.1018518518518,False
163118,163123,3296532.3796296297,3305739.078703704,9206.699074074075,False
163127,163129,3305799.25,3306489.1481481483,689.8981481481482,False
163132,163137,3306532.8842592593,3315738.939814815,9206.055555555555,False
163141,163143,3315798.837962963,3316488.800925926,689.9629629629629,False
163146,163151,3316532.5555555555,3325739.2083333335,9206.652777777777,False
163155,163157,3325799.0231481483,3326489.2731481483,690.25,False
163160,163165,3326533.703703704,3335738.9305555555,9205.226851851852,False
163169,163171,3335799.527777778,3336489.671296296,690.1435185185185,False
163174,163179,3336532.9444444445,3345739.703703704,9206.75925925926,False
163183,163185,3345800.0,3346489.9583333335,689.9583333333334,False
163188,163193,3346533.652777778,3355739.1157407407,9205.462962962964,False
163197,163199,3355799.162037037,3356489.7083333335,690.5462962962963,False
163202,163207,3356533.3842592593,3365739.4444444445,9206.060185185184,False
163211,163213,3365799.324074074,3366489.435185185,690.1111111111111,False
163216,163221,3366532.6018518517,3375738.152777778,9205.550925925925,False
163225,163227,3375798.060185185,3376488.050925926,689.9907407407408,False
163230,163235,3376532.0694444445,3385739.611111111,9207.541666666666,False
163239,163241,3385799.902777778,3386489.925925926,690.0231481481482,False
163244,163249,3386533.925925926,3395739.296296296,9205.37037037037,False
163253,163255,3395799.6203703703,3396489.587962963,689.9675925925926,False
163258,163263,3396533.189814815,3405739.0092592593,9205.819444444445,False
163267,163269,3405800.3333333335,3406490.546296296,690.2129629629629,False
163272,163277,3406533.699074074,3415739.0694444445,9205.37037037037,False
163281,163292,3415798.699074074,3416488.902777778,690.2037037037037,False
163296,163298,3416538.4768518517,3417228.5185185187,690.0416666666666,False
163301,163306,3417267.7083333335,3425738.962962963,8471.25462962963,False
163310,163312,3425799.217592593,3426489.189814815,689.9722222222222,False
163315,163320,3426532.7268518517,3435738.5833333335,9205.856481481482,False
163324,163326,3435798.796296296,3436489.087962963,690.2916666666666,False
163329,163334,3436532.7546296297,3445739.287037037,9206.532407407407,False
163338,163340,3445799.736111111,3446489.7407407407,690.0046296296297,False
163343,163348,3446533.9166666665,3455738.3935185187,9204.476851851852,False
163352,163354,3455799.0231481483,3456488.7592592593,689.7361111111111,False
163357,163362,3456532.8518518517,3465739.717592593,9206.86574074074,False
163366,163368,3465799.8981481483,3466490.175925926,690.2777777777778,False
163371,163376,3466534.5046296297,3475738.777777778,9204.273148148148,False
163380,163382,3475798.6944444445,3476489.3796296297,690.6851851851852,False
163385,163390,3476532.888888889,3485738.949074074,9206.060185185184,False
163394,163396,3485799.342592593,3486489.685185185,690.3425925925926,False
163399,163404,3486533.0416666665,3495739.2731481483,9206.231481481482,False
163408,163410,3495799.685185185,3496489.777777778,690.0925925925926,False
163413,163418,3496533.3842592593,3505738.074074074,9204.689814814816,False
163422,163424,3505798.425925926,3506488.4814814813,690.0555555555555,False
163427,163432,3506532.3055555555,3515737.7453703703,9205.439814814816,False
163436,163438,3515797.986111111,3516488.2453703703,690.2592592592592,False
163441,163446,3516532.0092592593,3525738.560185185,9206.550925925925,False
163450,163452,3525798.550925926,3526488.513888889,689.9629629629629,False
163455,163460,3526532.2592592593,3535738.657407407,9206.398148148148,False
163464,163466,3535799.027777778,3536489.3657407407,690.3379629629629,False
163469,163474,3536533.439814815,3545739.5416666665,9206.101851851852,False
163478,163480,3545799.4768518517,3546489.611111111,690.1342592592592,False
163483,163488,3546533.6342592593,3555738.527777778,9204.893518518518,False
163492,163494,3555798.888888889,3556489.5,690.6111111111111,False
163497,163502,3556533.2453703703,3565738.671296296,9205.425925925925,False
163506,163508,3565799.5185185187,3566489.6666666665,690.1481481481482,False
163511,163516,3566532.638888889,3575738.8518518517,9206.212962962964,False
163520,163522,3575799.1296296297,3576489.337962963,690.2083333333334,False
163525,163530,3576532.7453703703,3585739.3657407407,9206.62037037037,False
163534,163536,3585799.6203703703,3586489.4583333335,689.8379629629629,False
163539,163544,3586533.157407407,3595739.125,9205.967592592593,False
163548,163550,3595799.277777778,3596489.699074074,690.4212962962963,False
163553,163558,3596533.074074074,3605739.199074074,9206.125,False
163562,163564,3605799.347222222,3606489.6203703703,690.2731481481482,False
163567,163572,3606533.597222222,3615739.0833333335,9205.486111111111,False
163576,163578,3615799.375,3616489.5046296297,690.1296296296297,False
163581,163586,3616533.449074074,3625739.703703704,9206.25462962963,False
163590,163592,3625799.574074074,3626490.1064814813,690.5324074074074,False
163595,163600,3626533.546296296,3635739.402777778,9205.856481481482,False
163604,163606,3635800.2916666665,3636489.907407407,689.6157407407408,False
163609,163614,3636533.4444444445,3645738.7546296297,9205.310185185184,False
163618,163620,3645799.0416666665,3646488.777777778,689.7361111111111,False
163623,163628,3646533.199074074,3655739.050925926,9205.851851851852,False
163632,163634,3655799.8796296297,3656490.324074074,690.4444444444445,False
163637,163642,3656533.712962963,3665738.5694444445,9204.856481481482,False
163646,163648,3665798.7314814813,3666489.0555555555,690.324074074074,False
163651,163656,3666532.685185185,3675737.5555555555,9204.87037037037,False
163660,163662,3675797.7453703703,3676488.2268518517,690.4814814814815,False
163665,163670,3676531.9583333335,3685739.0555555555,9207.097222222223,False
163674,163676,3685799.3796296297,3686489.722222222,690.3425925925926,False
163679,163684,3686533.2453703703,3695739.2685185187,9206.023148148148,False
163688,163690,3695798.796296296,3696488.9444444445,690.1481481481482,False
163693,163698,3696532.6064814813,3705738.949074074,9206.342592592593,False
163702,163704,3705799.5416666665,3706489.8564814813,690.3148148148148,False
163707,163712,3706533.439814815,3715739.5092592593,9206.069444444445,False
163716,163718,3715800.1064814813,3716490.3194444445,690.2129629629629,False
163721,163726,3716534.5416666665,3725738.2453703703,9203.703703703704,False
163730,163732,3725798.7731481483,3726488.7685185187,689.9953703703703,False
163735,163740,3726532.625,3735739.310185185,9206.685185185184,False
163744,163746,3735799.064814815,3736489.611111111,690.5462962962963,False
163749,163754,3736533.9953703703,3745739.013888889,9205.018518518518,False
163758,163760,3745799.282407407,3746489.662037037,690.3796296296297,False
163763,163768,3746534.222222222,3755738.3518518517,9204.12962962963,False
163772,163774,3755799.347222222,3756489.592592593,690.2453703703703,False
163777,163782,3756533.3796296297,3765739.013888889,9205.63425925926,False
163786,163788,3765799.342592593,3766489.324074074,689.9814814814815,False
163791,163796,3766532.9953703703,3775738.9768518517,9205.981481481482,False
163800,163802,3775799.388888889,3776489.287037037,689.8981481481482,False
163805,163810,3776533.111111111,3785738.263888889,9205.152777777777,False
163814,163816,3785798.4305555555,3786488.097222222,689.6666666666666,False
163819,163824,3786531.324074074,3795738.439814815,9207.11574074074,False
163828,163830,3795798.1805555555,3796488.421296296,690.2407407407408,False
163833,163838,3796532.7685185187,3805738.9953703703,9206.226851851852,False
163842,163844,3805799.236111111,3806489.4583333335,690.2222222222222,False
163847,163852,3806532.8981481483,3815739.2268518517,9206.328703703704,False
163856,163858,3815799.689814815,3816489.597222222,689.9074074074074,False
163861,163866,3816533.6018518517,3825737.412037037,9203.810185185184,False
163870,163872,3825798.282407407,3826488.6018518517,690.3194444444445,False
163875,163880,3826532.189814815,3835738.0231481483,9205.833333333334,False
163884,163886,3835798.546296296,3836488.597222222,690.050925925926,False
163889,163894,3836532.138888889,3845739.1018518517,9206.962962962964,False
163898,163900,3845798.671296296,3846489.1064814813,690.4351851851852,False
163903,163908,3846532.527777778,3855738.7268518517,9206.199074074075,False
163912,163914,3855799.6944444445,3856489.685185185,689.9907407407408,False
163917,163922,3856533.4305555555,3865738.513888889,9205.083333333334,False
163926,163928,3865798.435185185,3866488.611111111,690.175925925926,False
163931,163936,3866532.175925926,3875739.453703704,9207.277777777777,False
163940,163942,3875800.1342592593,3876489.986111111,689.8518518518518,False
163945,163950,3876534.3703703703,3885738.4583333335,9204.087962962964,False
163954,163956,3885798.5092592593,3886488.402777778,689.8935185185185,False
163959,163964,3886532.287037037,3895738.7407407407,9206.453703703704,False
163968,163970,3895798.587962963,3896488.685185185,690.0972222222222,False
163973,163978,3896531.810185185,3905738.388888889,9206.578703703704,False
163982,163984,3905799.1342592593,3906488.810185185,689.675925925926,False
163987,163992,3906532.861111111,3915738.189814815,9205.328703703704,False
163996,163998,3915798.337962963,3916488.912037037,690.574074074074,False
164001,164006,3916532.5694444445,3925738.6018518517,9206.032407407407,False
164010,164012,3925799.25,3926489.4166666665,690.1666666666666,False
164015,164020,3926532.800925926,3935738.217592593,9205.416666666666,False
164024,164026,3935797.7453703703,3936488.0231481483,690.2777777777778,False
164029,164034,3936531.421296296,3945738.689814815,9207.268518518518,False
164038,164040,3945798.2407407407,3946488.4583333335,690.2175925925926,False
164043,164048,3946532.0185185187,3955739.3518518517,9207.333333333334,False
164052,164054,3955799.888888889,3956489.9166666665,690.0277777777778,False
164057,164062,3956533.3935185187,3965739.138888889,9205.74537037037,False
164066,164068,3965799.888888889,3966489.7592592593,689.8703703703703,False
164071,164076,3966533.310185185,3975738.4814814813,9205.171296296296,False
164080,164082,3975798.8796296297,3976489.2731481483,690.3935185185185,False
164085,164090,3976533.217592593,3985738.939814815,9205.722222222223,False
164094,164096,3985798.388888889,3986488.675925926,690.2870370370371,False
164099,164104,3986532.347222222,3995738.361111111,9206.013888888889,False
164108,164110,3995797.527777778,3996487.587962963,690.0601851851852,False
164113,164118,3996531.111111111,4005738.5231481483,9207.412037037036,False
164122,164124,4005799.189814815,4006489.4583333335,690.2685185185185,False
164127,164132,4006533.212962963,4015738.467592593,9205.25462962963,False
164136,164138,4015798.222222222,4016488.782407407,690.5601851851852,False
164141,164146,4016532.657407407,4025739.546296296,9206.888888888889,False
164150,164152,4025799.532407407,4026489.967592593,690.4351851851852,False
164155,164160,4026533.2546296297,4035738.5833333335,9205.328703703704,False
164164,164166,4035798.777777778,4036488.763888889,689.9861111111111,False
164169,164174,4036532.3055555555,4045738.652777778,9206.347222222223,False
164178,164180,4045798.796296296,4046489.0092592593,690.2129629629629,False
164183,164188,4046532.814814815,4055738.939814815,9206.125,False
164192,164194,4055798.625,4056488.782407407,690.1574074074074,False
164197,164202,4056532.5,4065738.472222222,9205.972222222223,False
164206,164208,4065798.388888889,4066488.847222222,690.4583333333334,False
164211,164216,4066532.6481481483,4075738.7453703703,9206.097222222223,False
164220,164222,4075799.263888889,4076489.027777778,689.7638888888889,False
164225,164230,4076532.375,4085738.1018518517,9205.726851851852,False
164234,164236,4085797.847222222,4086488.3564814813,690.5092592592592,False
164239,164244,4086531.472222222,4095739.2083333335,9207.736111111111,False
164248,164250,4095798.828703704,4096489.125,690.2962962962963,False
164253,164258,4096532.7314814813,4105738.0694444445,9205.337962962964,False
164262,164264,4105798.9305555555,4106488.824074074,689.8935185185185,False
164267,164272,4106532.2314814813,4115738.4444444445,9206.212962962964,False
164276,164278,4115799.2268518517,4116489.314814815,690.0879629629629,False
164281,164286,4116533.027777778,4125738.578703704,9205.550925925925,False
164290,164292,4125798.3935185187,4126488.986111111,690.5925925925926,False
164295,164300,4126532.1342592593,4135738.7685185187,9206.63425925926,False
164304,164306,4135799.388888889,4136489.597222222,690.2083333333334,False
164309,164314,4136533.2453703703,4145739.217592593,9205.972222222223,False
164318,164320,4145798.5833333335,4146489.152777778,690.5694444444445,False
164323,164328,4146532.949074074,4155738.337962963,9205.388888888889,False
164332,164334,4155798.537037037,4156488.6435185187,690.1064814814815,False
164337,164342,4156533.1666666665,4165738.9907407407,9205.824074074075,False
164346,164348,4165798.7453703703,4166489.407407407,690.6620370370371,False
164351,164356,4166532.907407407,4175738.236111111,9205.328703703704,False
164360,164362,4175798.032407407,4176488.527777778,690.4953703703703,False
164365,164370,4176532.638888889,4185738.9907407407,9206.351851851852,False
164374,164376,4185798.5416666665,4186488.953703704,690.4120370370371,False
164379,164384,4186532.592592593,4195740.671296297,9208.078703703704,False
164388,164390,4195800.467592592,4196490.666666667,690.199074074074,False
164393,164398,4196534.314814814,4205739.560185186,9205.24537037037,False
164402,164404,4205799.694444444,4206490.078703703,690.3842592592592,False
164407,164412,4206533.458333333,4215739.00462963,9205.546296296296,False
164416,164418,4215798.675925926,4216488.726851852,690.050925925926,False
164421,164426,4216532.439814814,4225739.328703703,9206.888888888889,False
164430,164432,4225799.703703703,4226489.777777778,690.074074074074,False
164435,164440,4226533.62037037,4235739.194444444,9205.574074074075,False
164444,164446,4235798.986111111,4236489.194444444,690.2083333333334,False
164449,164454,4236533.305555556,4245738.740740741,9205.435185185184,False
164458,164460,4245799.060185186,4246488.87037037,689.8101851851852,False
164463,164468,4246532.861111111,4255738.402777778,9205.541666666666,False
164472,164474,4255798.189814814,4256488.268518519,690.0787037037037,False
164477,164482,4256532.074074074,4265739.62037037,9207.546296296296,False
164486,164488,4265800.125,4266490.388888889,690.2638888888889,False
164491,164496,4266534.125,4275738.930555556,9204.805555555555,False
164500,164502,4275799.430555556,4276489.62962963,690.199074074074,False
164505,164510,4276533.300925926,4285739.194444444,9205.893518518518,False
164514,164516,4285798.518518519,4286489.12037037,690.6018518518518,False
164519,164524,4286532.888888889,4295737.962962963,9205.074074074075,False
164528,164530,4295798.060185186,4296487.986111111,689.925925925926,False
164533,164538,4296531.703703703,4305739.560185186,9207.856481481482,False
164542,164544,4305799.37962963,4306489.305555556,689.925925925926,False
164547,164552,4306532.782407408,4315738.74537037,9205.962962962964,False
164556,164558,4315798.541666667,4316488.87037037,690.3287037037037,False
164561,164566,4316532.069444444,4325738.166666667,9206.097222222223,False
164570,164572,4325797.912037037,4326488.347222222,690.4351851851852,False
164575,164580,4326531.75462963,4335740.37037037,9208.61574074074,False
164584,164586,4335800.050925926,4336490.638888889,690.5879629629629,False
164589,164594,4336535.12962963,4345738.134259259,9203.00462962963,False
164598,164600,4345798.231481481,4346488.37962963,690.1481481481482,False
164603,164608,4346532.069444444,4355739.148148148,9207.078703703704,False
164612,164614,4355799.00462963,4356489.189814814,690.1851851851852,False
164617,164622,4356533.00462963,4365738.856481481,9205.851851851852,False
164626,164628,4365799.055555556,4366489.069444444,690.0138888888889,False
164631,164636,4366532.981481481,4375738.675925926,9205.694444444445,False
164640,164642,4375798.537037037,4376488.546296297,690.0092592592592,False
164645,164650,4376532.055555556,4385739.00462963,9206.949074074075,False
164654,164656,4385799.638888889,4386489.666666667,690.0277777777778,False
164659,164664,4386533.125,4395738.763888889,9205.638888888889,False
164668,164670,4395799.421296297,4396489.851851852,690.4305555555555,False
164673,164678,4396533.791666667,4405739.532407408,9205.74074074074,False
164682,164684,4405799.75,4406489.847222222,690.0972222222222,False
164687,164692,4406533.902777778,4415739.175925926,9205.273148148148,False
164696,164698,4415799.546296297,4416489.865740741,690.3194444444445,False
164701,164706,4416533.824074074,4425739.513888889,9205.689814814816,False
164710,164712,4425799.625,4426490.291666667,690.6666666666666,False
164715,164720,4426533.550925926,4435738.509259259,9204.958333333334,False
164724,164726,4435799.018518519,4436489.111111111,690.0925925925926,False
164729,164734,4436532.944444444,4445738.675925926,9205.731481481482,False
164738,164740,4445799.333333333,4446489.796296297,690.4629629629629,False
164743,164748,4446533.490740741,4455739.208333333,9205.717592592593,False
164752,164754,4455799.217592592,4456489.685185186,690.4675925925926,False
164757,164762,4456533.532407408,4465738.231481481,9204.699074074075,False
164766,164776,4465798.49537037,4466488.787037037,690.2916666666666,False
164780,164782,4466537.5,4467227.981481481,690.4814814814815,False
164785,164790,4467266.388888889,4475738.87037037,8472.481481481482,False
164794,164796,4475799.157407408,4476489.5,690.3425925925926,False
164799,164804,4476533.532407408,4485739.694444444,9206.162037037036,False
164808,164810,4485800.217592592,4486490.282407408,690.0648148148148,False
164813,164818,4486534.050925926,4495738.884259259,9204.833333333334,False
164822,164824,4495799.791666667,4496489.99537037,690.2037037037037,False
164827,164832,4496533.356481481,4505739.75462963,9206.398148148148,False
164836,164838,4505800.027777778,4506490.763888889,690.7361111111111,False
164841,164846,4506534.773148148,4515738.939814814,9204.166666666666,False
164850,164852,4515799.277777778,4516489.328703703,690.050925925926,False
164855,164860,4516533.222222222,4525739.143518519,9205.921296296296,False
164864,164866,4525799.263888889,4526489.819444444,690.5555555555555,False
164869,164874,4526533.847222222,4535739.300925926,9205.453703703704,False
164878,164880,4535799.300925926,4536489.333333333,690.0324074074074,False
164883,164888,4536533.347222222,4545739.027777778,9205.680555555555,False
164892,164894,4545799.027777778,4546488.875,689.8472222222222,False
164897,164902,4546532.527777778,4555739.421296297,9206.893518518518,False
164906,164908,4555800.833333333,4556491.083333333,690.25,False
164911,164916,4556534.555555556,4565738.986111111,9204.430555555555,False
164920,164922,4565798.875,4566489.050925926,690.175925925926,False
164925,164930,4566532.689814814,4575739.25462963,9206.564814814816,False
164934,164936,4575799.439814814,4576489.699074074,690.2592592592592,False
164939,164944,4576533.648148148,4585738.912037037,9205.263888888889,False
164948,164950,4585798.916666667,4586489.513888889,690.5972222222222,False
164953,164958,4586533.268518519,4595738.657407408,9205.388888888889,False
164962,164964,4595799.111111111,4596489.375,690.2638888888889,False
164967,164972,4596533.513888889,4605739.5,9205.986111111111,False
164976,164978,4605799.055555556,4606489.592592592,690.5370370370371,False
164981,164986,4606532.99537037,4615738.472222222,9205.476851851852,False
164990,164992,4615798.50462963,4616488.490740741,689.9861111111111,False
164995,165000,4616532.240740741,4625738.930555556,9206.689814814816,False
165004,165006,4625798.712962963,4626489.115740741,690.4027777777778,False
165009,165014,4626532.777777778,4635739.486111111,9206.708333333334,False
165018,165020,4635799.375,4636489.634259259,690.2592592592592,False
165023,165028,4636533.138888889,4645738.458333333,9205.319444444445,False
165032,165034,4645798.810185186,4646488.689814814,689.8796296296297,False
165037,165042,4646532.189814814,4655738.805555556,9206.61574074074,False
165046,165048,4655799.296296297,4656489.337962963,690.0416666666666,False
165051,165060,4656533.092592592,4659629.694444444,3096.6018518518517,False
165064,165066,4659688.046296297,4660378.222222222,690.175925925926,False
165069,165074,4660417.453703703,4665739.722222222,5322.268518518518,False
165078,165080,4665799.532407408,4666489.824074074,690.2916666666666,False
165083,165088,4666533.587962963,4675739.555555556,9205.967592592593,False
165092,165094,4675799.611111111,4676490.050925926,690.4398148148148,False
165097,165102,4676533.481481481,4685738.481481481,9205.0,False
165106,165108,4685798.083333333,4686488.407407408,690.324074074074,False
165111,165116,4686531.555555556,4695738.180555556,9206.625,False
165120,165122,4695798.726851852,4696488.615740741,689.8888888888889,False
165125,165130,4696531.990740741,4705739.00462963,9207.013888888889,False
165134,165136,4705798.75,4706489.032407408,690.2824074074074,False
165139,165144,4706532.513888889,4715739.342592592,9206.828703703704,False
165148,165150,4715799.893518519,4716489.949074074,690.0555555555555,False
165153,165158,4716534.217592592,4725738.601851852,9204.38425925926,False
165162,165164,4725798.555555556,4726488.597222222,690.0416666666666,False
165167,165172,4726532.050925926,4735739.560185186,9207.50925925926,False
165176,165178,4735799.967592592,4736489.925925926,689.9583333333334,False
165181,165186,4736533.837962963,4745738.064814814,9204.226851851852,False
165190,165192,4745797.824074074,4746488.087962963,690.2638888888889,False
165195,165200,4746531.319444444,4755738.819444444,9207.5,False
165204,165206,4755799.115740741,4756489.009259259,689.8935185185185,False
165209,165214,4756533.194444444,4765739.74537037,9206.550925925925,False
165218,165220,4765799.99537037,4766490.361111111,690.3657407407408,False
165223,165228,4766533.638888889,4775738.865740741,9205.226851851852,False
165232,165234,4775798.592592592,4776489.421296297,690.8287037037037,False
165237,165242,4776533.115740741,4785738.939814814,9205.824074074075,False
165246,165248,4785799.587962963,4786489.666666667,690.0787037037037,False
165251,165256,4786533.671296297,4795738.148148148,9204.476851851852,False
165260,165262,4795798.425925926,4796488.833333333,690.4074074074074,False
165265,165270,4796532.990740741,4805739.523148148,9206.532407407407,False
165274,165276,4805800.49537037,4806490.569444444,690.074074074074,False
165279,165284,4806534.87962963,4815738.564814814,9203.685185185184,False
165288,165290,4815798.324074074,4816488.300925926,689.9768518518518,False
165293,165298,4816531.768518519,4825739.5,9207.731481481482,False
165302,165304,4825799.708333333,4826489.675925926,689.9675925925926,False
165307,165312,4826533.12037037,4835739.361111111,9206.24074074074,False
165316,165318,4835799.962962963,4836490.236111111,690.2731481481482,False
165321,165330,4836534.337962963,4845438.032407408,8903.694444444445,False
165334,165341,4845496.259259259,4846186.837962963,690.5787037037037,False
165345,165347,4846239.787037037,4846930.0,690.2129629629629,False
165350,165355,4846964.111111111,4855738.773148148,8774.662037037036,False
165359,165361,4855798.689814814,4856488.930555556,690.2407407407408,False
165364,165369,4856532.731481481,4865739.217592592,9206.486111111111,False
165373,165375,4865799.486111111,4866489.546296297,690.0601851851852,False
165378,165383,4866533.101851852,4875738.967592592,9205.86574074074,False
165387,165389,4875799.726851852,4876489.444444444,689.7175925925926,False
165392,165397,4876533.606481481,4885738.00462963,9204.398148148148,False
165401,165403,4885798.162037037,4886488.550925926,690.3888888888889,False
165406,165411,4886532.865740741,4895739.365740741,9206.5,False
165415,165417,4895799.236111111,4896489.37037037,690.1342592592592,False
165420,165425,4896533.023148148,4905739.685185186,9206.662037037036,False
165429,165431,4905800.680555556,4906490.847222222,690.1666666666666,False
165434,165439,4906534.162037037,4915738.657407408,9204.49537037037,False
165443,165445,4915799.662037037,4916489.62962963,689.9675925925926,False
165448,165453,4916533.62962963,4925739.273148148,9205.643518518518,False
165457,165459,4925799.513888889,4926489.717592592,690.2037037037037,False
165462,165467,4926533.541666667,4935739.25462963,9205.712962962964,False
165471,165473,4935799.083333333,4936489.263888889,690.1805555555555,False
165476,165481,4936533.212962963,4945738.342592592,9205.12962962963,False
165485,165487,4945797.606481481,4946488.439814814,690.8333333333334,False
165490,165495,4946532.023148148,4955738.569444444,9206.546296296296,False
165499,165501,4955797.967592592,4956488.273148148,690.3055555555555,False
165504,165509,4956532.212962963,4965738.421296297,9206.208333333334,False
165513,165515,4965797.949074074,4966488.180555556,690.2314814814815,False
165518,165523,4966531.731481481,4975738.666666667,9206.935185185184,False
165527,165529,4975798.828703703,4976488.875,690.0462962962963,False
165532,165537,4976532.384259259,4985738.736111111,9206.351851851852,False
165541,165543,4985799.282407408,4986489.518518519,690.2361111111111,False
165546,165551,4986533.986111111,4995738.263888889,9204.277777777777,False
165555,165557,4995798.115740741,4996488.287037037,690.1712962962963,False
165560,165565,4996532.597222222,5005738.731481481,9206.13425925926,False
165569,165571,5005798.814814814,5006488.768518519,689.9537037037037,False
165574,165583,5006532.5,5012114.041666667,5581.541666666667,False
165587,165589,5012172.555555556,5012862.75,690.1944444444445,False
165592,165597,5012901.365740741,5015738.773148148,2837.4074074074074,False
165601,165603,5015798.509259259,5016488.916666667,690.4074074074074,False
165606,165611,5016532.587962963,5025739.449074074,9206.861111111111,False
165615,165617,5025798.828703703,5026489.388888889,690.5601851851852,False
165620,165625,5026532.796296297,5035738.356481481,9205.560185185184,False
165629,165631,5035798.282407408,5036488.680555556,690.3981481481482,False
165634,165639,5036532.898148148,5045738.541666667,9205.643518518518,False
165643,165645,5045798.472222222,5046488.851851852,690.3796296296297,False
165648,165653,5046531.699074074,5055739.087962963,9207.388888888889,False
165657,165659,5055798.87962963,5056488.930555556,690.050925925926,False
165662,165667,5056532.569444444,5065738.796296297,9206.226851851852,False
165671,165673,5065798.421296297,5066488.615740741,690.1944444444445,False
165676,165681,5066533.148148148,5075738.509259259,9205.361111111111,False
165685,165687,5075798.296296297,5076488.967592592,690.6712962962963,False
165690,165695,5076532.675925926,5085738.972222222,9206.296296296296,False
165699,165701,5085798.791666667,5086488.722222222,689.9305555555555,False
165704,165709,5086532.458333333,5095739.606481481,9207.148148148148,False
165713,165715,5095799.824074074,5096490.00462963,690.1805555555555,False
165718,165723,5096533.425925926,5105737.944444444,9204.518518518518,False
165727,165729,5105798.5,5106488.717592592,690.2175925925926,False
165732,165737,5106532.587962963,5115738.930555556,9206.342592592593,False
165741,165743,5115798.824074074,5116488.888888889,690.0648148148148,False
165746,165751,5116532.773148148,5125739.421296297,9206.648148148148,False
165755,165757,5125800.101851852,5126490.421296297,690.3194444444445,False
165760,165765,5126534.217592592,5135738.467592592,9204.25,False
165769,165771,5135798.671296297,5136488.847222222,690.175925925926,False
165774,165779,5136532.828703703,5145739.208333333,9206.37962962963,False
165783,165785,5145799.416666667,5146489.981481481,690.5648148148148,False
165788,165793,5146532.87037037,5155738.671296297,9205.800925925925,False
165797,165799,5155799.087962963,5156489.194444444,690.1064814814815,False
165802,165811,5156532.569444444,5162960.828703703,6428.259259259259,False
165815,165817,5163021.398148148,5163711.902777778,690.5046296296297,False
165820,165825,5163750.101851852,5165738.944444444,1988.8425925925926,False
165829,165831,5165799.898148148,5166489.638888889,689.7407407407408,False
165834,165839,5166533.157407408,5175739.199074074,9206.041666666666,False
165843,165845,5175799.212962963,5176489.175925926,689.9629629629629,False
165848,165853,5176533.143518519,5185739.634259259,9206.49074074074,False
165857,165859,5185799.800925926,5186489.907407408,690.1064814814815,False
165862,165867,5186533.486111111,5195739.282407408,9205.796296296296,False
165871,165873,5195799.643518519,5196489.99537037,690.3518518518518,False
165876,165881,5196533.560185186,5205738.101851852,9204.541666666666,False
165885,165887,5205797.888888889,5206488.597222222,690.7083333333334,False
165890,165895,5206533.486111111,5215738.25462963,9204.768518518518,False
165899,165901,5215798.532407408,5216488.912037037,690.3796296296297,False
165904,165909,5216532.962962963,5225740.328703703,9207.36574074074,False
165913,165915,5225800.25,5226490.643518519,690.3935185185185,False
165918,165923,5226534.055555556,5235739.203703703,9205.148148148148,False
165927,165929,5235799.75462963,5236489.444444444,689.6898148148148,False
165932,165937,5236532.689814814,5245738.5,9205.810185185184,False
165941,165943,5245798.291666667,5246488.337962963,690.0462962962963,False
165946,165951,5246531.532407408,5255739.060185186,9207.527777777777,False
165955,165957,5255799.157407408,5256489.782407408,690.625,False
165960,165965,5256533.375,5265737.893518519,9204.518518518518,False
165969,165971,5265798.023148148,5266488.203703703,690.1805555555555,False
165974,165979,5266532.5,5275737.902777778,9205.402777777777,False
165983,165985,5275798.12037037,5276488.152777778,690.0324074074074,False
165988,165993,5276531.810185186,5285739.009259259,9207.199074074075,False
165997,165999,5285798.416666667,5286488.685185186,690.2685185185185,False
166002,166007,5286532.611111111,5295738.74537037,9206.13425925926,False
166011,166013,5295798.990740741,5296488.99537037,690.0046296296297,False
166016,166021,5296532.587962963,5305738.958333333,9206.37037037037,False
166025,166027,5305799.699074074,5306489.740740741,690.0416666666666,False
166030,166035,5306533.837962963,5315738.657407408,9204.819444444445,False
166039,166041,5315798.842592592,5316488.912037037,690.0694444444445,False
166044,166049,5316532.763888889,5325738.953703703,9206.189814814816,False
166053,166055,5325799.171296297,5326489.162037037,689.9907407407408,False
166058,166063,5326532.074074074,5335739.148148148,9207.074074074075,False
166067,166069,5335799.648148148,5336489.564814814,689.9166666666666,False
166072,166077,5336533.24537037,5345739.203703703,9205.958333333334,False
166081,166083,5345799.990740741,5346490.310185186,690.3194444444445,False
166086,166091,5346534.101851852,5355739.263888889,9205.162037037036,False
166095,166097,5355799.12962963,5356489.138888889,690.0092592592592,False
166100,166105,5356532.814814814,5365739.032407408,9206.217592592593,False
166109,166111,5365799.356481481,5366489.509259259,690.1527777777778,False
166114,166119,5366533.263888889,5375737.643518519,9204.37962962963,False
166123,166125,5375798.171296297,5376488.361111111,690.1898148148148,False
166128,166133,5376532.416666667,5385738.694444444,9206.277777777777,False
166137,166139,5385799.060185186,5386489.189814814,690.1296296296297,False
166142,166147,5386533.013888889,5395739.361111111,9206.347222222223,False
166151,166153,5395799.328703703,5396489.805555556,690.4768518518518,False
166156,166161,5396533.689814814,5405738.717592592,9205.027777777777,False
166165,166167,5405799.449074074,5406489.287037037,689.8379629629629,False
166170,166175,5406533.222222222,5415739.606481481,9206.38425925926,False
166179,166181,5415799.694444444,5416490.439814814,690.7453703703703,False
166184,166189,5416534.009259259,5425739.467592592,9205.458333333334,False
166193,166195,5425799.171296297,5426489.324074074,690.1527777777778,False
166198,166203,5426533.023148148,5435738.75462963,9205.731481481482,False
166207,166209,5435798.675925926,5436488.981481481,690.3055555555555,False
166212,166217,5436533.013888889,5445738.856481481,9205.842592592593,False
166221,166223,5445798.412037037,5446488.49537037,690.0833333333334,False
166226,166231,5446531.648148148,5455738.611111111,9206.962962962964,False
166235,166237,5455798.87962963,5456488.972222222,690.0925925925926,False
166240,166245,5456532.546296297,5465738.935185186,9206.388888888889,False
166249,166251,5465799.402777778,5466489.375,689.9722222222222,False
166254,166259,5466532.708333333,5475738.921296297,9206.212962962964,False
166263,166265,5475799.601851852,5476489.50462963,689.9027777777778,False
166268,166273,5476533.189814814,5485738.986111111,9205.796296296296,False
166277,166279,5485799.25462963,5486489.606481481,690.3518518518518,False
166282,166287,5486532.773148148,5495738.703703703,9205.930555555555,False
166291,166293,5495798.300925926,5496488.916666667,690.6157407407408,False
166296,166301,5496532.12037037,5505739.634259259,9207.513888888889,False
166305,166307,5505799.356481481,5506489.398148148,690.0416666666666,False
166310,166315,5506533.074074074,5515739.083333333,9206.00925925926,False
166319,166321,5515798.527777778,5516489.055555556,690.5277777777778,False
166324,166329,5516532.458333333,5525739.050925926,9206.592592592593,False
166333,166335,5525799.351851852,5526489.587962963,690.2361111111111,False
166338,166343,5526532.328703703,5535739.125,9206.796296296296,False
166347,166349,5535800.24537037,5536489.828703703,689.5833333333334,False
166352,166357,5536533.273148148,5545738.532407408,9205.25925925926,False
166361,166363,5545798.574074074,5546488.509259259,689.9351851851852,False
166366,166371,5546532.060185186,5555738.601851852,9206.541666666666,False
166375,166377,5555798.921296297,5556489.287037037,690.3657407407408,False
166380,166385,5556532.962962963,5565739.319444444,9206.356481481482,False
166389,166391,5565799.162037037,5566489.337962963,690.175925925926,False
166394,166399,5566532.740740741,5575739.99537037,9207.25462962963,False
166403,166405,5575800.708333333,5576491.097222222,690.3888888888889,False
166408,166413,5576534.949074074,5585738.361111111,9203.412037037036,False
166417,166419,5585799.041666667,5586488.921296297,689.8796296296297,False
166422,166427,5586532.449074074,5595738.824074074,9206.375,False
166431,166433,5595798.518518519,5596488.861111111,690.3425925925926,False
166436,166441,5596532.962962963,5605739.425925926,9206.462962962964,False
166445,166447,5605799.037037037,5606489.097222222,690.0601851851852,False
166450,166455,5606532.458333333,5615738.791666667,9206.333333333334,False
166459,166461,5615798.726851852,5616488.888888889,690.1620370370371,False
166464,166469,5616532.759259259,5625740.435185186,9207.675925925925,False
166473,166475,5625800.740740741,5626491.226851852,690.4861111111111,False
166478,166483,5626534.912037037,5635739.101851852,9204.189814814816,False
166487,166489,5635798.958333333,5636489.560185186,690.6018518518518,False
166492,166497,5636533.134259259,5645739.384259259,9206.25,False
166501,166503,5645799.976851852,5646489.962962963,689.9861111111111,False
166506,166511,5646533.768518519,5655739.074074074,9205.305555555555,False
166515,166517,5655798.569444444,5656488.541666667,689.9722222222222,False
166520,166525,5656532.393518519,5665738.685185186,9206.291666666666,False
166529,166531,5665798.587962963,5666488.634259259,690.0462962962963,False
166534,166539,5666532.263888889,5675738.902777778,9206.638888888889,False
166543,166545,5675799.467592592,5676489.476851852,690.0092592592592,False
166548,166553,5676534.083333333,5685739.958333333,9205.875,False
166557,166559,5685800.476851852,5686490.375,689.8981481481482,False
166562,166567,5686534.194444444,5695738.509259259,9204.314814814816,False
166571,166573,5695798.435185186,5696488.666666667,690.2314814814815,False
166576,166581,5696533.074074074,5705739.282407408,9206.208333333334,False
166585,166587,5705798.768518519,5706488.777777778,690.0092592592592,False
166590,166595,5706532.513888889,5715739.37037037,9206.856481481482,False
166599,166601,5715799.263888889,5716489.490740741,690.2268518518518,False
166604,166609,5716532.842592592,5725740.106481481,9207.263888888889,False
166613,166615,5725800.523148148,5726490.351851852,689.8287037037037,False
166618,166623,5726534.171296297,5735738.888888889,9204.717592592593,False
166627,166629,5735799.578703703,5736489.458333333,689.8796296296297,False
166632,166637,5736532.958333333,5745737.847222222,9204.888888888889,False
166641,166643,5745797.907407408,5746488.421296297,690.5138888888889,False
166646,166651,5746531.833333333,5755739.513888889,9207.680555555555,False
166655,166657,5755798.837962963,5756488.787037037,689.949074074074,False
166660,166665,5756532.194444444,5765739.384259259,9207.189814814816,False
166669,166671,5765800.092592592,5766490.523148148,690.4305555555555,False
166674,166679,5766534.509259259,5775739.425925926,9204.916666666666,False
166683,166685,5775799.296296297,5776489.203703703,689.9074074074074,False
166688,166693,5776532.939814814,5785739.282407408,9206.342592592593,False
166697,166699,5785799.310185186,5786489.74537037,690.4351851851852,False
166702,166707,5786533.486111111,5795738.953703703,9205.467592592593,False
166711,166713,5795799.055555556,5796489.092592592,690.0370370370371,False
166716,166721,5796531.939814814,5805738.75462963,9206.814814814816,False
166725,166727,5805799.305555556,5806489.444444444,690.1388888888889,False
166730,166735,5806533.092592592,5815738.916666667,9205.824074074075,False
166739,166741,5815798.796296297,5816489.402777778,690.6064814814815,False
166744,166749,5816533.287037037,5825738.981481481,9205.694444444445,False
166753,166755,5825799.407407408,5826489.435185186,690.0277777777778,False
166758,166763,5826532.837962963,5835739.319444444,9206.481481481482,False
166767,166769,5835798.986111111,5836489.189814814,690.2037037037037,False
166772,166777,5836532.736111111,5845739.134259259,9206.398148148148,False
166781,166783,5845798.842592592,5846489.064814814,690.2222222222222,False
166786,166791,5846532.611111111,5855739.546296297,9206.935185185184,False
166795,166797,5855799.893518519,5856490.24537037,690.3518518518518,False
166800,166805,5856534.277777778,5865739.064814814,9204.787037037036,False
166809,166811,5865799.699074074,5866489.490740741,689.7916666666666,False
166814,166819,5866533.092592592,5875739.532407408,9206.439814814816,False
166823,166825,5875799.935185186,5876490.347222222,690.4120370370371,False
166828,166833,5876533.916666667,5885739.356481481,9205.439814814816,False
166837,166839,5885800.416666667,5886489.828703703,689.4120370370371,False
166842,166847,5886533.115740741,5895739.347222222,9206.231481481482,False
166851,166853,5895799.564814814,5896489.708333333,690.1435185185185,False
166856,166861,5896533.375,5905738.851851852,9205.476851851852,False
166865,166867,5905799.648148148,5906489.828703703,690.1805555555555,False
166870,166875,5906533.032407408,5915738.814814814,9205.782407407407,False
166879,166881,5915798.944444444,5916489.138888889,690.1944444444445,False
166884,166889,5916532.708333333,5925739.25,9206.541666666666,False
166893,166895,5925799.125,5926489.736111111,690.6111111111111,False
166898,166903,5926533.569444444,5935739.865740741,9206.296296296296,False
166907,166909,5935799.791666667,5936489.828703703,690.0370370370371,False
166912,166917,5936534.143518519,5945738.935185186,9204.791666666666,False
166921,166923,5945799.685185186,5946489.819444444,690.1342592592592,False
166926,166931,5946533.439814814,5955740.736111111,9207.296296296296,False
166935,166937,5955801.685185186,5956491.777777778,690.0925925925926,False
166940,166945,5956536.00462963,5965739.523148148,9203.518518518518,False
166949,166951,5965799.615740741,5966489.87037037,690.2546296296297,False
166954,166959,5966533.231481481,5975739.472222222,9206.24074074074,False
166963,166965,5975800.986111111,5976490.986111111,690.0,False
166968,166973,5976534.712962963,5985739.398148148,9204.685185185184,False
166977,166979,5985799.828703703,5986489.726851852,689.8981481481482,False
166982,166987,5986533.324074074,5995738.527777778,9205.203703703704,False
166991,166993,5995798.837962963,5996489.333333333,690.4953703703703,False
166996,167001,5996532.662037037,6005739.37037037,9206.708333333334,False
167005,167007,6005799.388888889,6006489.912037037,690.5231481481482,False
167010,167015,6006533.939814814,6015739.314814814,9205.375,False
167019,167021,6015799.592592592,6016489.837962963,690.2453703703703,False
167024,167029,6016533.648148148,6025739.601851852,9205.953703703704,False
167033,167035,6025799.856481481,6026489.958333333,690.1018518518518,False
167038,167043,6026533.615740741,6035738.828703703,9205.212962962964,False
167047,167049,6035799.560185186,6036489.402777778,689.8425925925926,False
167052,167057,6036533.625,6045739.467592592,9205.842592592593,False
167061,167063,6045799.236111111,6046489.398148148,690.1620370370371,False
167066,167071,6046533.916666667,6055739.439814814,9205.523148148148,False
167075,167077,6055798.731481481,6056488.731481481,690.0,False
167080,167085,6056531.921296297,6065738.564814814,9206.643518518518,False
167089,167091,6065798.773148148,6066489.273148148,690.5,False
167094,167099,6066532.708333333,6075739.722222222,9207.013888888889,False
167103,167105,6075799.819444444,6076489.981481481,690.1620370370371,False
167108,167113,6076533.611111111,6085739.467592592,9205.856481481482,False
167117,167119,6085799.046296297,6086489.458333333,690.4120370370371,False
167122,167127,6086533.231481481,6095738.787037037,9205.555555555555,False
167131,167133,6095798.578703703,6096488.532407408,689.9537037037037,False
167136,167141,6096532.486111111,6105737.699074074,9205.212962962964,False
167145,167147,6105798.578703703,6106488.865740741,690.2870370370371,False
167150,167155,6106532.800925926,6115739.018518519,9206.217592592593,False
167159,167161,6115799.018518519,6116488.99537037,689.9768518518518,False
167164,167169,6116532.393518519,6125739.268518519,9206.875,False
167173,167175,6125799.518518519,6126489.888888889,690.3703703703703,False
167178,167183,6126533.171296297,6135738.856481481,9205.685185185184,False
167187,167189,6135799.282407408,6136489.337962963,690.0555555555555,False
167192,167197,6136533.49537037,6145739.101851852,9205.606481481482,False
167201,167203,6145798.777777778,6146488.777777778,690.0,False
167206,167211,6146532.694444444,6155738.921296297,9206.226851851852,False
167215,167217,6155798.564814814,6156488.930555556,690.3657407407408,False
167220,167225,6156532.898148148,6165739.388888889,9206.49074074074,False
167229,167231,6165799.828703703,6166489.824074074,689.9953703703703,False
167234,167239,6166532.62962963,6175739.773148148,9207.143518518518,False
167243,167245,6175799.949074074,6176490.37037037,690.4212962962963,False
167248,167253,6176534.240740741,6185739.736111111,9205.49537037037,False
167257,167259,6185799.875,6186490.194444444,690.3194444444445,False
167262,167267,6186534.601851852,6195740.226851852,9205.625,False
167271,167273,6195800.703703703,6196490.74537037,690.0416666666666,False
167276,167281,6196534.541666667,6205739.486111111,9204.944444444445,False
167285,167287,6205799.671296297,6206489.407407408,689.7361111111111,False
167290,167295,6206533.111111111,6215739.148148148,9206.037037037036,False
167299,167301,6215799.574074074,6216489.708333333,690.1342592592592,False
167304,167309,6216533.578703703,6225738.967592592,9205.388888888889,False
167313,167315,6225799.064814814,6226489.259259259,690.1944444444445,False
167318,167323,6226532.953703703,6235739.337962963,9206.38425925926,False
167327,167329,6235799.393518519,6236489.523148148,690.1296296296297,False
167332,167337,6236532.828703703,6245739.310185186,9206.481481481482,False
167341,167343,6245799.62037037,6246489.75,690.1296296296297,False
167346,167351,6246533.416666667,6255738.49537037,9205.078703703704,False
167355,167357,6255798.564814814,6256488.527777778,689.9629629629629,False
167360,167365,6256532.592592592,6265738.416666667,9205.824074074075,False
167369,167371,6265797.944444444,6266488.180555556,690.2361111111111,False
167374,167379,6266532.689814814,6275739.277777778,9206.587962962964,False
167383,167385,6275799.027777778,6276489.787037037,690.7592592592592,False
167388,167393,6276534.12962963,6285739.351851852,9205.222222222223,False
167397,167399,6285799.773148148,6286490.328703703,690.5555555555555,False
167402,167407,6286533.907407408,6295739.791666667,9205.88425925926,False
167411,167413,6295799.791666667,6296489.666666667,689.875,False
167416,167421,6296533.546296297,6305739.041666667,9205.49537037037,False
167425,167427,6305799.212962963,6306489.310185186,690.0972222222222,False
167430,167435,6306533.490740741,6315738.731481481,9205.24074074074,False
167439,167441,6315799.185185186,6316488.949074074,689.7638888888889,False
167444,167449,6316532.652777778,6325739.240740741,9206.587962962964,False
167453,167455,6325799.37962963,6326489.921296297,690.5416666666666,False
167458,167463,6326533.851851852,6335738.842592592,9204.99074074074,False
167467,167469,6335799.12037037,6336489.467592592,690.3472222222222,False
167472,167477,6336533.555555556,6345739.037037037,9205.481481481482,False
167481,167483,6345799.49537037,6346488.939814814,689.4444444444445,False
167486,167491,6346533.314814814,6355739.481481481,9206.166666666666,False
167495,167497,6355801.00462963,6356490.796296297,689.7916666666666,False
167500,167505,6356534.541666667,6365738.615740741,9204.074074074075,False
167509,167511,6365798.967592592,6366489.037037037,690.0694444444445,False
167514,167519,6366533.217592592,6375738.425925926,9205.208333333334,False
167523,167525,6375798.666666667,6376488.944444444,690.2777777777778,False
167528,167533,6376532.740740741,6385738.916666667,9206.175925925925,False
167537,167539,6385799.194444444,6386489.25462963,690.0601851851852,False
167542,167547,6386532.99537037,6395739.023148148,9206.027777777777,False
167551,167553,6395798.990740741,6396488.944444444,689.9537037037037,False
167556,167561,6396531.935185186,6405738.527777778,9206.592592592593,False
167565,167567,6405798.99537037,6406489.319444444,690.324074074074,False
167570,167575,6406533.027777778,6415739.212962963,9206.185185185184,False
167579,167581,6415798.819444444,6416488.930555556,690.1111111111111,False
167584,167589,6416532.791666667,6425739.0,9206.208333333334,False
167593,167595,6425799.449074074,6426489.486111111,690.0370370370371,False
167598,167603,6426533.25,6435739.240740741,9205.99074074074,False
167607,167609,6435798.962962963,6436489.314814814,690.3518518518518,False
167612,167617,6436533.00462963,6445739.87037037,9206.86574074074,False
167621,167623,6445800.050925926,6446490.296296297,690.2453703703703,False
167626,167631,6446534.175925926,6455740.078703703,9205.902777777777,False
167635,167637,6455800.217592592,6456490.356481481,690.1388888888889,False
167640,167645,6456534.351851852,6465739.337962963,9204.986111111111,False
167649,167651,6465800.162037037,6466490.282407408,690.1203703703703,False
167654,167659,6466533.856481481,6475738.407407408,9204.550925925925,False
167663,167665,6475799.541666667,6476489.106481481,689.5648148148148,False
167668,167673,6476532.634259259,6485739.240740741,9206.606481481482,False
167677,167679,6485798.888888889,6486489.662037037,690.7731481481482,False
167682,167687,6486533.148148148,6495739.578703703,9206.430555555555,False
167691,167693,6495799.287037037,6496489.481481481,690.1944444444445,False
167696,167701,6496533.180555556,6505738.791666667,9205.611111111111,False
167705,167707,6505799.111111111,6506489.305555556,690.1944444444445,False
167710,167715,6506532.342592592,6515739.462962963,9207.12037037037,False
167719,167721,6515800.861111111,6516490.611111111,689.75,False
167724,167729,6516534.587962963,6525738.662037037,9204.074074074075,False
167733,167735,6525799.111111111,6526489.472222222,690.3611111111111,False
167738,167743,6526533.402777778,6535739.388888889,9205.986111111111,False
167747,167749,6535800.037037037,6536489.944444444,689.9074074074074,False
167752,167757,6536533.675925926,6545739.439814814,9205.763888888889,False
167761,167763,6545799.944444444,6546490.305555556,690.3611111111111,False
167766,167771,6546534.069444444,6555738.87037037,9204.800925925925,False
167775,167777,6555799.018518519,6556489.189814814,690.1712962962963,False
167780,167785,6556532.75,6565739.263888889,9206.513888888889,False
167789,167791,6565798.819444444,6566489.106481481,690.2870370370371,False
167794,167799,6566532.458333333,6575739.097222222,9206.638888888889,False
167803,167805,6575799.300925926,6576489.666666667,690.3657407407408,False
167808,167813,6576533.324074074,6585739.458333333,9206.13425925926,False
167817,167819,6585799.810185186,6586490.134259259,690.324074074074,False
167822,167827,6586533.393518519,6595739.731481481,9206.337962962964,False
167831,167833,6595800.009259259,6596490.203703703,690.1944444444445,False
167836,167841,6596534.388888889,6605739.393518519,9205.00462962963,False
167845,167847,6605799.671296297,6606489.708333333,690.0370370370371,False
167850,167855,6606533.560185186,6615739.037037037,9205.476851851852,False
167859,167870,6615799.125,6616489.587962963,690.4629629629629,False
167874,167876,6616538.796296297,6617229.277777778,690.4814814814815,False
167879,167884,6617268.143518519,6625738.773148148,8470.62962962963,False
167888,167890,6625799.009259259,6626489.180555556,690.1712962962963,False
167893,167898,6626533.143518519,6635739.324074074,9206.180555555555,False
167902,167904,6635800.143518519,6636490.25,690.1064814814815,False
167907,167912,6636534.097222222,6645739.138888889,9205.041666666666,False
167916,167918,6645799.912037037,6646489.847222222,689.9351851851852,False
167921,167926,6646534.083333333,6655739.37037037,9205.287037037036,False
167930,167932,6655799.550925926,6656489.958333333,690.4074074074074,False
167935,167940,6656533.708333333,6665738.652777778,9204.944444444445,False
167944,167946,6665798.787037037,6666489.101851852,690.3148148148148,False
167949,167954,6666533.097222222,6675738.972222222,9205.875,False
167958,167960,6675798.935185186,6676489.208333333,690.2731481481482,False
167963,167968,6676533.25,6685738.310185186,9205.060185185184,False
167972,167974,6685797.625,6686487.773148148,690.1481481481482,False
167977,167982,6686531.074074074,6695739.638888889,9208.564814814816,False
167986,167988,6695800.032407408,6696490.162037037,690.1296296296297,False
167991,167996,6696533.74537037,6705739.171296297,9205.425925925925,False
168000,168002,6705800.00462963,6706490.069444444,690.0648148148148,False
168005,168010,6706533.25462963,6715739.810185186,9206.555555555555,False
168014,168016,6715800.24537037,6716490.208333333,689.9629629629629,False
168019,168024,6716533.833333333,6725739.337962963,9205.50462962963,False
168028,168030,6725798.74537037,6726489.171296297,690.425925925926,False
168033,168038,6726533.736111111,6735739.064814814,9205.328703703704,False
168042,168044,6735799.763888889,6736489.347222222,689.5833333333334,False
168047,168052,6736532.773148148,6745739.578703703,9206.805555555555,False
168056,168058,6745799.398148148,6746489.449074074,690.050925925926,False
168061,168066,6746532.634259259,6755739.481481481,9206.847222222223,False
168070,168072,6755799.402777778,6756489.291666667,689.8888888888889,False
168075,168080,6756533.541666667,6765738.152777778,9204.611111111111,False
168084,168086,6765797.648148148,6766487.662037037,690.0138888888889,False
168089,168094,6766531.060185186,6775739.37037037,9208.310185185184,False
168098,168100,6775799.611111111,6776489.819444444,690.2083333333334,False
168103,168108,6776533.199074074,6785739.194444444,9205.99537037037,False
168112,168114,6785799.236111111,6786489.467592592,690.2314814814815,False
168117,168122,6786533.092592592,6795739.00462963,9205.912037037036,False
168126,168128,6795798.490740741,6796488.592592592,690.1018518518518,False
168131,168136,6796532.625,6805738.962962963,9206.337962962964,False
168140,168142,6805798.925925926,6806489.115740741,690.1898148148148,False
168145,168154,6806532.99537037,6807076.777777778,543.7824074074074,False
168158,168160,6807134.601851852,6807825.263888889,690.6620370370371,False
168163,168168,6807863.541666667,6815739.157407408,7875.615740740741,False
168172,168174,6815800.060185186,6816490.402777778,690.3425925925926,False
168177,168182,6816534.467592592,6825739.546296297,9205.078703703704,False
168186,168188,6825799.175925926,6826489.509259259,690.3333333333334,False
168191,168196,6826533.189814814,6835738.625,9205.435185185184,False
168200,168202,6835798.949074074,6836489.138888889,690.1898148148148,False
168205,168210,6836533.087962963,6845739.805555556,9206.717592592593,False
168214,168216,6845799.805555556,6846489.550925926,689.7453703703703,False
168219,168224,6846533.666666667,6855738.560185186,9204.893518518518,False
168228,168230,6855798.99537037,6856488.791666667,689.7962962962963,False
168233,168238,6856532.314814814,6865739.958333333,9207.643518518518,False
168242,168244,6865800.847222222,6866490.875,690.0277777777778,False
168247,168252,6866534.680555556,6875739.101851852,9204.421296296296,False
168256,168258,6875798.958333333,6876489.162037037,690.2037037037037,False
168261,168266,6876533.662037037,6885739.601851852,9205.939814814816,False
168270,168272,6885799.671296297,6886489.953703703,690.2824074074074,False
168275,168280,6886533.939814814,6895740.546296297,9206.606481481482,False
168284,168286,6895800.75462963,6896490.981481481,690.2268518518518,False
168289,168294,6896534.930555556,6905738.430555556,9203.5,False
168298,168300,6905799.273148148,6906489.453703703,690.1805555555555,False
168303,168308,6906533.657407408,6915739.824074074,9206.166666666666,False
168312,168314,6915799.986111111,6916490.240740741,690.2546296296297,False
168317,168322,6916534.106481481,6925739.37962963,9205.273148148148,False
168326,168328,6925799.203703703,6926489.773148148,690.5694444444445,False
168331,168336,6926534.027777778,6935739.398148148,9205.37037037037,False
168340,168342,6935799.430555556,6936489.490740741,690.0601851851852,False
168345,168350,6936533.634259259,6945739.819444444,9206.185185185184,False
168354,168356,6945800.430555556,6946490.805555556,690.375,False
168359,168364,6946534.666666667,6955739.685185186,9205.018518518518,False
168368,168370,6955799.467592592,6956489.666666667,690.199074074074,False
168373,168378,6956532.62037037,6965738.078703703,9205.458333333334,False
168382,168384,6965798.50462963,6966488.884259259,690.3796296296297,False
168387,168392,6966533.101851852,6975740.032407408,9206.930555555555,False
168396,168398,6975800.472222222,6976490.49537037,690.0231481481482,False
168401,168406,6976534.648148148,6985739.662037037,9205.013888888889,False
168410,168412,6985800.865740741,6986490.888888889,690.0231481481482,False
168415,168420,6986534.347222222,6995739.125,9204.777777777777,False
168424,168426,6995799.625,6996489.851851852,690.2268518518518,False
168429,168434,6996533.143518519,7005738.546296297,9205.402777777777,False
168438,168440,7005798.587962963,7006488.981481481,690.3935185185185,False
168443,168448,7006532.810185186,7015738.958333333,9206.148148148148,False
168452,168454,7015799.462962963,7016489.37962963,689.9166666666666,False
168457,168462,7016533.180555556,7025739.023148148,9205.842592592593,False
168466,168468,7025799.273148148,7026489.384259259,690.1111111111111,False
168471,168476,7026532.342592592,7035739.62037037,9207.277777777777,False
168480,168482,7035800.101851852,7036490.185185186,690.0833333333334,False
168485,168490,7036533.893518519,7045739.046296297,9205.152777777777,False
168494,168496,7045798.601851852,7046489.157407408,690.5555555555555,False
168499,168504,7046533.467592592,7055740.050925926,9206.583333333334,False
168508,168510,7055800.412037037,7056490.287037037,689.875,False
168513,168518,7056533.574074074,7065739.851851852,9206.277777777777,False
168522,168524,7065800.166666667,7066490.398148148,690.2314814814815,False
168527,168532,7066534.152777778,7075739.62037037,9205.467592592593,False
168536,168538,7075800.041666667,7076490.101851852,690.0601851851852,False
168541,168546,7076534.115740741,7085740.268518519,9206.152777777777,False
168550,168552,7085800.935185186,7086491.189814814,690.2546296296297,False
168555,168560,7086534.564814814,7095738.601851852,9204.037037037036,False
168564,168566,7095798.731481481,7096489.439814814,690.7083333333334,False
168569,168574,7096532.916666667,7105739.662037037,9206.74537037037,False
168578,168580,7105800.259259259,7106490.259259259,690.0,False
168583,168588,7106534.319444444,7115739.199074074,9204.87962962963,False
168592,168594,7115798.810185186,7116488.810185186,690.0,False
168597,168602,7116532.24537037,7125739.171296297,9206.925925925925,False
168606,168608,7125798.893518519,7126489.222222222,690.3287037037037,False
168611,168616,7126532.916666667,7135739.055555556,9206.138888888889,False
168620,168622,7135799.532407408,7136489.865740741,690.3333333333334,False
168625,168630,7136533.768518519,7145738.930555556,9205.162037037036,False
168634,168636,7145799.097222222,7146489.134259259,690.0370370370371,False
168639,168644,7146533.287037037,7155739.875,9206.587962962964,False
168648,168650,7155799.486111111,7156489.990740741,690.5046296296297,False
168653,168658,7156533.078703703,7165738.722222222,9205.643518518518,False
168662,168664,7165799.435185186,7166489.671296297,690.2361111111111,False
168667,168672,7166533.597222222,7175739.578703703,9205.981481481482,False
168676,168678,7175800.240740741,7176490.319444444,690.0787037037037,False
168681,168686,7176533.861111111,7185739.884259259,9206.023148148148,False
168690,168692,7185799.814814814,7186490.180555556,690.3657407407408,False
168695,168700,7186534.481481481,7195738.902777778,9204.421296296296,False
168704,168706,7195799.384259259,7196489.236111111,689.8518518518518,False
168709,168714,7196533.574074074,7205740.0,9206.425925925925,False
168718,168720,7205799.944444444,7206490.532407408,690.5879629629629,False
168723,168728,7206534.083333333,7215738.856481481,9204.773148148148,False
168732,168734,7215799.037037037,7216489.453703703,690.4166666666666,False
168737,168742,7216532.731481481,7225739.217592592,9206.486111111111,False
168746,168748,7225799.768518519,7226490.009259259,690.2407407407408,False
168751,168756,7226533.564814814,7235738.773148148,9205.208333333334,False
168760,168762,7235798.851851852,7236488.986111111,690.1342592592592,False
168765,168770,7236533.125,7245739.282407408,9206.157407407407,False
168774,168776,7245799.583333333,7246489.75462963,690.1712962962963,False
168779,168784,7246533.712962963,7255739.171296297,9205.458333333334,False
168788,168790,7255798.458333333,7256488.662037037,690.2037037037037,False
168793,168798,7256532.287037037,7265738.87037037,9206.583333333334,False
168802,168804,7265799.078703703,7266488.74537037,689.6666666666666,False
168807,168812,7266532.481481481,7275739.305555556,9206.824074074075,False
168816,168818,7275799.662037037,7276489.819444444,690.1574074074074,False
168821,168826,7276533.189814814,7285739.097222222,9205.907407407407,False
168830,168832,7285798.902777778,7286489.189814814,690.2870370370371,False
168835,168840,7286532.37962963,7295739.74537037,9207.36574074074,False
168844,168846,7295800.263888889,7296490.226851852,689.9629629629629,False
168849,168854,7296533.569444444,7305738.175925926,9204.606481481482,False
168858,168860,7305797.300925926,7306488.203703703,690.9027777777778,False
168863,168868,7306531.694444444,7315737.851851852,9206.157407407407,False
168872,168874,7315798.097222222,7316488.222222222,690.125,False
168877,168882,7316532.726851852,7325738.430555556,9205.703703703704,False
168886,168888,7325799.074074074,7326489.236111111,690.1620370370371,False
168891,168896,7326532.333333333,7335739.462962963,9207.12962962963,False
168900,168902,7335799.597222222,7336490.157407408,690.5601851851852,False
168905,168910,7336533.564814814,7345739.49537037,9205.930555555555,False
168914,168916,7345799.898148148,7346490.402777778,690.5046296296297,False
168919,168924,7346533.615740741,7355739.208333333,9205.592592592593,False
168928,168930,7355799.708333333,7356489.699074074,689.9907407407408,False
168933,168938,7356532.694444444,7365739.305555556,9206.611111111111,False
168942,168944,7365799.236111111,7366489.467592592,690.2314814814815,False
168947,168952,7366533.337962963,7375739.101851852,9205.763888888889,False
168956,168958,7375798.740740741,7376488.62962963,689.8888888888889,False
168961,168966,7376532.412037037,7385740.032407408,9207.62037037037,False
168970,168972,7385800.143518519,7386490.537037037,690.3935185185185,False
168975,168980,7386534.097222222,7395738.564814814,9204.467592592593,False
168984,168986,7395798.180555556,7396488.287037037,690.1064814814815,False
168989,168994,7396532.240740741,7405739.240740741,9207.0,False
168998,169000,7405799.638888889,7406489.74537037,690.1064814814815,False
169003,169008,7406533.898148148,7415739.273148148,9205.375,False
169012,169014,7415799.842592592,7416490.467592592,690.625,False
169017,169022,7416534.263888889,7425740.157407408,9205.893518518518,False
169026,169028,7425800.708333333,7426490.666666667,689.9583333333334,False
169031,169036,7426534.537037037,7435739.49537037,9204.958333333334,False
169040,169042,7435798.884259259,7436489.328703703,690.4444444444445,False
169045,169050,7436533.087962963,7445739.046296297,9205.958333333334,False
169054,169056,7445799.763888889,7446489.740740741,689.9768518518518,False
169059,169064,7446533.069444444,7455739.550925926,9206.481481481482,False
169068,169070,7455798.990740741,7456489.481481481,690.4907407407408,False
169073,169078,7456533.212962963,7465738.787037037,9205.574074074075,False
169082,169084,7465799.472222222,7466489.481481481,690.0092592592592,False
169087,169092,7466532.708333333,7475739.930555556,9207.222222222223,False
169096,169098,7475799.657407408,7476489.930555556,690.2731481481482,False
169101,169106,7476533.592592592,7485738.976851852,9205.38425925926,False
169110,169112,7485799.472222222,7486489.564814814,690.0925925925926,False
169115,169120,7486533.564814814,7495738.842592592,9205.277777777777,False
169124,169126,7495798.537037037,7496488.527777778,689.9907407407408,False
169129,169134,7496532.393518519,7505739.268518519,9206.875,False
169138,169140,7505799.606481481,7506490.092592592,690.4861111111111,False
169143,169148,7506533.833333333,7515738.453703703,9204.62037037037,False
169152,169154,7515798.740740741,7516489.087962963,690.3472222222222,False
169157,169162,7516532.981481481,7525738.726851852,9205.74537037037,False
169166,169168,7525798.634259259,7526488.689814814,690.0555555555555,False
169171,169176,7526532.393518519,7535740.046296297,9207.652777777777,False
169180,169182,7535800.106481481,7536490.5,690.3935185185185,False
169185,169190,7536534.481481481,7545738.958333333,9204.476851851852,False
169194,169196,7545799.148148148,7546489.157407408,690.0092592592592,False
169199,169204,7546532.708333333,7555738.592592592,9205.88425925926,False
169208,169210,7555798.902777778,7556489.314814814,690.4120370370371,False
169213,169218,7556533.564814814,7565739.305555556,9205.74074074074,False
169222,169224,7565800.541666667,7566490.444444444,689.9027777777778,False
169227,169232,7566534.0,7575739.287037037,9205.287037037036,False
169236,169238,7575800.435185186,7576490.310185186,689.875,False
169241,169246,7576534.166666667,7585739.949074074,9205.782407407407,False
169250,169252,7585799.782407408,7586489.842592592,690.0601851851852,False
169255,169260,7586534.277777778,7595738.773148148,9204.49537037037,False
169264,169266,7595799.101851852,7596489.337962963,690.2361111111111,False
169269,169274,7596533.240740741,7605739.083333333,9205.842592592593,False
169278,169280,7605799.462962963,7606489.467592592,690.0046296296297,False
169283,169288,7606533.898148148,7615739.458333333,9205.560185185184,False
169292,169294,7615798.990740741,7616489.532407408,690.5416666666666,False
169297,169302,7616533.796296297,7625739.296296297,9205.5,False
169306,169308,7625799.050925926,7626489.203703703,690.1527777777778,False
169311,169316,7626532.560185186,7635739.157407408,9206.597222222223,False
169320,169322,7635799.226851852,7636489.333333333,690.1064814814815,False
169325,169330,7636533.333333333,7645738.787037037,9205.453703703704,False
169334,169336,7645799.407407408,7646489.634259259,690.2268518518518,False
169339,169344,7646532.560185186,7655739.393518519,9206.833333333334,False
169348,169350,7655798.685185186,7656489.050925926,690.3657407407408,False
169353,169358,7656532.787037037,7665739.865740741,9207.078703703704,False
169362,169364,7665799.842592592,7666490.194444444,690.3518518518518,False
169367,169372,7666533.356481481,7675739.472222222,9206.11574074074,False
169376,169378,7675799.222222222,7676489.509259259,690.2870370370371,False
169381,169386,7676533.462962963,7685739.763888889,9206.300925925925,False
169390,169392,7685800.097222222,7686490.324074074,690.2268518518518,False
169395,169400,7686534.333333333,7695738.907407408,9204.574074074075,False
169404,169406,7695798.555555556,7696488.856481481,690.300925925926,False
169409,169414,7696532.763888889,7705739.268518519,9206.50462962963,False
169418,169420,7705799.652777778,7706489.856481481,690.2037037037037,False
169423,169428,7706533.185185186,7715739.791666667,9206.606481481482,False
169432,169434,7715800.097222222,7716490.638888889,690.5416666666666,False
169437,169442,7716534.194444444,7725738.800925926,9204.606481481482,False
169446,169448,7725799.027777778,7726489.157407408,690.1296296296297,False
169451,169456,7726533.087962963,7735739.259259259,9206.171296296296,False
169460,169462,7735799.662037037,7736489.763888889,690.1018518518518,False
169465,169470,7736533.361111111,7745738.425925926,9205.064814814816,False
169474,169476,7745798.134259259,7746488.425925926,690.2916666666666,False
169479,169484,7746532.444444444,7755739.222222222,9206.777777777777,False
169488,169490,7755799.12962963,7756489.37962963,690.25,False
169493,169498,7756533.027777778,7765739.912037037,9206.88425925926,False
169502,169504,7765799.736111111,7766489.912037037,690.175925925926,False
169507,169512,7766533.560185186,7775740.203703703,9206.643518518518,False
169516,169518,7775800.486111111,7776490.819444444,690.3333333333334,False
169521,169526,7776534.518518519,7785738.166666667,9203.648148148148,False
169530,169532,7785798.032407408,7786488.402777778,690.3703703703703,False
169535,169540,7786532.199074074,7795739.388888889,9207.189814814816,False
169544,169546,7795799.837962963,7796489.662037037,689.824074074074,False
169549,169554,7796534.314814814,7805739.324074074,9205.00925925926,False
169558,169560,7805798.712962963,7806489.37962963,690.6666666666666,False
169563,169568,7806533.125,7815739.166666667,9206.041666666666,False
169572,169574,7815799.162037037,7816489.486111111,690.324074074074,False
169577,169582,7816532.722222222,7825740.25,9207.527777777777,False
169586,169588,7825800.384259259,7826490.439814814,690.0555555555555,False
169591,169600,7826534.62962963,7831935.208333333,5400.5787037037035,False
169604,169606,7831992.916666667,7832683.259259259,690.3425925925926,False
169609,169614,7832721.763888889,7835739.513888889,3017.75,False
169618,169620,7835799.574074074,7836489.925925926,690.3518518518518,False
169623,169628,7836533.398148148,7845739.37962963,9205.981481481482,False
169632,169634,7845799.273148148,7846489.356481481,690.0833333333334,False
169637,169642,7846533.0,7855739.703703703,9206.703703703704,False
169646,169648,7855800.981481481,7856490.740740741,689.7592592592592,False
169651,169656,7856534.574074074,7865739.208333333,9204.63425925926,False
169660,169662,7865799.342592592,7866489.564814814,690.2222222222222,False
169665,169670,7866533.342592592,7875740.152777778,9206.810185185184,False
169674,169676,7875800.990740741,7876490.990740741,690.0,False
169679,169684,7876534.810185186,7885739.944444444,9205.13425925926,False
169688,169690,7885800.300925926,7886490.185185186,689.8842592592592,False
169693,169698,7886533.375,7895739.407407408,9206.032407407407,False
169702,169704,7895799.439814814,7896489.722222222,690.2824074074074,False
169707,169712,7896533.231481481,7905738.796296297,9205.564814814816,False
169716,169718,7905799.148148148,7906489.208333333,690.0601851851852,False
169721,169726,7906532.833333333,7915738.875,9206.041666666666,False
169730,169732,7915798.587962963,7916488.99537037,690.4074074074074,False
169735,169740,7916532.884259259,7925740.041666667,9207.157407407407,False
169744,169746,7925799.824074074,7926490.037037037,690.2129629629629,False
169749,169754,7926533.291666667,7935738.273148148,9204.981481481482,False
169758,169760,7935798.800925926,7936488.625,689.824074074074,False
169763,169768,7936532.300925926,7945740.00462963,9207.703703703704,False
169772,169774,7945800.398148148,7946490.833333333,690.4351851851852,False
169777,169782,7946534.481481481,7955739.907407408,9205.425925925925,False
169786,169788,7955800.046296297,7956490.162037037,690.1157407407408,False
169791,169796,7956533.791666667,7965739.856481481,9206.064814814816,False
169800,169802,7965799.953703703,7966490.134259259,690.1805555555555,False
169805,169810,7966533.805555556,7975738.25,9204.444444444445,False
169814,169816,7975798.972222222,7976488.967592592,689.9953703703703,False
169819,169824,7976532.990740741,7985739.152777778,9206.162037037036,False
169828,169830,7985798.824074074,7986488.921296297,690.0972222222222,False
169833,169838,7986532.865740741,7995739.736111111,9206.87037037037,False
169842,169844,7995800.236111111,7996490.12037037,689.8842592592592,False
169847,169852,7996533.935185186,8005739.439814814,9205.50462962963,False
169856,169858,8005799.662037037,8006490.060185186,690.3981481481482,False
169861,169866,8006533.513888889,8015739.597222222,9206.083333333334,False
169870,169872,8015800.069444444,8016490.171296297,690.1018518518518,False
169875,169880,8016534.282407408,8025738.481481481,9204.199074074075,False
169884,169886,8025798.907407408,8026489.055555556,690.1481481481482,False
169889,169894,8026532.930555556,8035738.236111111,9205.305555555555,False
169898,169900,8035798.875,8036489.208333333,690.3333333333334,False
169903,169912,8036532.583333333,8044540.333333333,8007.75,False
169916,169918,8044600.638888889,8045291.009259259,690.3703703703703,False
169921,169926,8045329.231481481,8045712.314814814,383.0833333333333,False
169930,169932,8045765.833333333,8046456.800925926,690.9675925925926,False
169935,169940,8046491.467592592,8055739.337962963,9247.87037037037,False
169944,169946,8055798.87037037,8056489.111111111,690.2407407407408,False
169949,169954,8056532.481481481,8065739.375,9206.893518518518,False
169958,169960,8065799.259259259,8066489.675925926,690.4166666666666,False
169963,169968,8066533.893518519,8075739.430555556,9205.537037037036,False
169972,169974,8075799.449074074,8076489.875,690.425925925926,False
169977,169982,8076534.060185186,8085739.791666667,9205.731481481482,False
169986,169988,8085800.888888889,8086491.00462963,690.1157407407408,False
169991,169996,8086534.430555556,8095738.782407408,9204.351851851852,False
170000,170002,8095798.407407408,8096488.625,690.2175925925926,False
170005,170010,8096532.560185186,8105739.476851852,9206.916666666666,False
170014,170016,8105799.703703703,8106490.050925926,690.3472222222222,False
170019,170024,8106533.296296297,8115739.847222222,9206.550925925925,False
170028,170030,8115799.555555556,8116489.740740741,690.1851851851852,False
170033,170038,8116533.712962963,8125739.490740741,9205.777777777777,False
170042,170044,8125799.296296297,8126489.652777778,690.3564814814815,False
170047,170052,8126533.407407408,8135738.935185186,9205.527777777777,False
170056,170058,8135798.592592592,8136488.875,690.2824074074074,False
170061,170066,8136532.402777778,8145739.277777778,9206.875,False
170070,170072,8145799.703703703,8146489.958333333,690.2546296296297,False
170075,170080,8146534.259259259,8155738.842592592,9204.583333333334,False
170084,170086,8155798.759259259,8156489.055555556,690.2962962962963,False
170089,170094,8156532.402777778,8165739.805555556,9207.402777777777,False
170098,170100,8165800.134259259,8166490.356481481,690.2222222222222,False
170103,170108,8166534.259259259,8175739.310185186,9205.050925925925,False
170112,170114,8175798.652777778,8176488.981481481,690.3287037037037,False
170117,170122,8176532.782407408,8185740.027777778,9207.24537037037,False
170126,170128,8185800.509259259,8186490.509259259,690.0,False
170131,170136,8186534.222222222,8195739.060185186,9204.837962962964,False
170140,170142,8195798.958333333,8196489.009259259,690.050925925926,False
170145,170150,8196532.115740741,8205739.439814814,9207.324074074075,False
170154,170160,8205799.842592592,8206517.615740741,717.7731481481482,False
170168,170170,8206712.199074074,8207402.694444444,690.4953703703703,False
170173,170178,8207445.453703703,8215739.462962963,8294.00925925926,False
170182,170184,8215800.314814814,8216490.800925926,690.4861111111111,False
170187,170192,8216534.111111111,8225738.972222222,9204.861111111111,False
170196,170198,8225799.407407408,8226489.634259259,690.2268518518518,False
170201,170206,8226533.277777778,8235738.259259259,9204.981481481482,False
170210,170212,8235799.055555556,8236489.171296297,690.1157407407408,False
170215,170220,8236533.444444444,8245738.685185186,9205.24074074074,False
170224,170226,8245799.425925926,8246489.768518519,690.3425925925926,False
170229,170234,8246533.097222222,8255739.574074074,9206.476851851852,False
170238,170240,8255799.722222222,8256490.134259259,690.4120370370371,False
170243,170248,8256533.680555556,8265738.912037037,9205.231481481482,False
170252,170254,8265799.222222222,8266489.365740741,690.1435185185185,False
170257,170262,8266532.689814814,8275738.407407408,9205.717592592593,False
170266,170268,8275798.361111111,8276488.476851852,690.1157407407408,False
170271,170276,8276532.356481481,8285739.597222222,9207.24074074074,False
170280,170282,8285799.25462963,8286489.726851852,690.4722222222222,False
170285,170290,8286533.24537037,8295739.277777778,9206.032407407407,False
170294,170296,8295800.087962963,8296490.62962963,690.5416666666666,False
170299,170304,8296534.421296297,8305739.162037037,9204.74074074074,False
170308,170310,8305798.953703703,8306488.787037037,689.8333333333334,False
170313,170318,8306532.134259259,8315738.615740741,9206.481481481482,False
170322,170324,8315798.949074074,8316489.416666667,690.4675925925926,False
170327,170332,8316533.625,8325739.333333333,9205.708333333334,False
170336,170338,8325799.824074074,8326489.615740741,689.7916666666666,False
170341,170346,8326532.458333333,8335739.615740741,9207.157407407407,False
170350,170352,8335799.787037037,8336489.953703703,690.1666666666666,False
170355,170360,8336533.143518519,8345739.615740741,9206.472222222223,False
170364,170366,8345800.287037037,8346490.458333333,690.1712962962963,False
170369,170374,8346533.962962963,8355739.157407408,9205.194444444445,False
170378,170380,8355799.032407408,8356489.37037037,690.3379629629629,False
170383,170388,8356532.388888889,8365739.412037037,9207.023148148148,False
170392,170394,8365799.490740741,8366489.606481481,690.1157407407408,False
170397,170402,8366532.962962963,8375739.171296297,9206.208333333334,False
170406,170408,8375799.24537037,8376489.657407408,690.4120370370371,False
170411,170416,8376533.037037037,8385739.921296297,9206.88425925926,False
170420,170422,8385800.060185186,8386490.236111111,690.175925925926,False
170425,170430,8386534.444444444,8395738.88425926,9204.439814814816,False
170434,170436,8395799.435185185,8396489.851851853,690.4166666666666,False
170439,170444,8396533.458333334,8405739.388888888,9205.930555555555,False
170448,170450,8405799.143518519,8406489.032407407,689.8888888888889,False
170453,170458,8406532.722222222,8415738.50925926,9205.787037037036,False
170462,170464,8415799.106481481,8416488.782407407,689.675925925926,False
170467,170472,8416532.472222222,8425738.828703703,9206.356481481482,False
170476,170478,8425799.180555556,8426489.402777778,690.2222222222222,False
170481,170486,8426533.13425926,8435739.5,9206.36574074074,False
170490,170492,8435800.291666666,8436490.791666666,690.5,False
170495,170500,8436534.231481481,8445739.689814815,9205.458333333334,False
170504,170506,8445799.638888888,8446489.773148147,690.1342592592592,False
170509,170514,8446533.74074074,8455738.967592593,9205.226851851852,False
170518,170520,8455798.453703703,8456488.652777778,690.199074074074,False
170523,170528,8456532.25,8465738.574074075,9206.324074074075,False
170532,170534,8465798.629629629,8466489.064814815,690.4351851851852,False
170537,170542,8466532.875,8475739.370370371,9206.49537037037,False
170546,170548,8475799.333333334,8476489.546296297,690.2129629629629,False
170551,170556,8476533.148148147,8485739.050925925,9205.902777777777,False
170560,170562,8485799.305555556,8486489.592592593,690.2870370370371,False
170565,170570,8486533.0,8495739.648148147,9206.648148148148,False
170574,170576,8495799.171296297,8496489.541666666,690.3703703703703,False
170579,170584,8496533.101851853,8505738.976851853,9205.875,False
170588,170590,8505799.537037037,8506489.921296297,690.3842592592592,False
170593,170598,8506533.351851853,8515738.995370371,9205.643518518518,False
170602,170604,8515799.435185185,8516489.310185185,689.875,False
170607,170612,8516532.851851853,8525738.564814815,9205.712962962964,False
170616,170618,8525798.601851853,8526489.217592593,690.6157407407408,False
170621,170626,8526532.800925925,8535739.430555556,9206.62962962963,False
170630,170632,8535798.407407407,8536488.75,690.3425925925926,False
170635,170640,8536533.203703703,8545739.245370371,9206.041666666666,False
170644,170646,8545799.449074075,8546489.416666666,689.9675925925926,False
170649,170654,8546533.694444444,8555739.305555556,9205.611111111111,False
170658,170660,8555799.291666666,8556489.486111112,690.1944444444445,False
170663,170668,8556533.486111112,8565738.773148147,9205.287037037036,False
170672,170674,8565799.310185185,8566489.666666666,690.3564814814815,False
170677,170682,8566533.319444444,8575738.819444444,9205.5,False
170686,170688,8575798.981481481,8576489.050925925,690.0694444444445,False
170691,170696,8576532.712962963,8585739.314814815,9206.601851851852,False
170700,170702,8585798.662037037,8586489.018518519,690.3564814814815,False
170705,170710,8586532.796296297,8595739.949074075,9207.152777777777,False
170714,170716,8595801.00925926,8596491.231481481,690.2222222222222,False
170719,170724,8596535.629629629,8605739.824074075,9204.194444444445,False
170728,170730,8605799.921296297,8606490.203703703,690.2824074074074,False
170733,170738,8606533.856481481,8615739.643518519,9205.787037037036,False
170742,170744,8615799.837962963,8616489.800925925,689.9629629629629,False
170747,170752,8616534.078703703,8625739.106481481,9205.027777777777,False
170756,170758,8625798.75,8626488.814814815,690.0648148148148,False
170761,170766,8626532.356481481,8635739.481481481,9207.125,False
170770,170772,8635799.958333334,8636490.296296297,690.3379629629629,False
170775,170780,8636534.236111112,8645739.203703703,9204.967592592593,False
170784,170786,8645798.935185185,8646489.175925925,690.2407407407408,False
170789,170794,8646532.893518519,8655739.037037037,9206.143518518518,False
170798,170800,8655799.50925926,8656489.689814815,690.1805555555555,False
170803,170808,8656533.361111112,8665738.61574074,9205.25462962963,False
170812,170814,8665798.532407407,8666488.685185185,690.1527777777778,False
170817,170822,8666532.055555556,8675738.898148147,9206.842592592593,False
170826,170828,8675799.287037037,8676489.504629629,690.2175925925926,False
170831,170836,8676533.189814815,8685739.148148147,9205.958333333334,False
170840,170842,8685799.398148147,8686489.976851853,690.5787037037037,False
170845,170850,8686533.592592593,8695739.370370371,9205.777777777777,False
170854,170856,8695799.560185185,8696489.421296297,689.8611111111111,False
170859,170864,8696533.435185185,8705739.111111112,9205.675925925925,False
170868,170870,8705799.88425926,8706489.782407407,689.8981481481482,False
170873,170878,8706534.13425926,8715738.25925926,9204.125,False
170882,170884,8715797.824074075,8716488.069444444,690.2453703703703,False
170887,170892,8716531.518518519,8725738.842592593,9207.324074074075,False
170896,170898,8725798.851851853,8726489.337962963,690.4861111111111,False
170901,170906,8726532.606481481,8735739.495370371,9206.888888888889,False
170910,170912,8735799.333333334,8736489.75,690.4166666666666,False
170915,170920,8736532.523148147,8745739.120370371,9206.597222222223,False
170924,170926,8745798.953703703,8746489.305555556,690.3518518518518,False
170929,170934,8746532.916666666,8755739.226851853,9206.310185185184,False
170938,170940,8755798.976851853,8756489.560185185,690.5833333333334,False
170943,170948,8756533.699074075,8765740.166666666,9206.467592592593,False
170952,170954,8765801.162037037,8766491.546296297,690.3842592592592,False
170957,170962,8766535.393518519,8775739.75925926,9204.36574074074,False
170966,170968,8775799.810185185,8776489.851851853,690.0416666666666,False
170971,170976,8776533.254629629,8785740.222222222,9206.967592592593,False
170980,170982,8785799.953703703,8786490.194444444,690.2407407407408,False
170985,170990,8786533.657407407,8795739.226851853,9205.569444444445,False
170994,170996,8795799.587962963,8796489.828703703,690.2407407407408,False
170999,171004,8796534.138888888,8805739.824074075,9205.685185185184,False
171008,171010,8805800.064814815,8806489.837962963,689.7731481481482,False
171013,171018,8806532.63425926,8815739.273148147,9206.638888888889,False
171022,171024,8815799.527777778,8816489.652777778,690.125,False
171027,171032,8816533.351851853,8825739.356481481,9206.00462962963,False
171036,171038,8825799.157407407,8826489.300925925,690.1435185185185,False
171041,171046,8826532.916666666,8835738.754629629,9205.837962962964,False
171050,171052,8835799.092592593,8836489.027777778,689.9351851851852,False
171055,171060,8836532.430555556,8845738.412037037,9205.981481481482,False
171064,171066,8845799.263888888,8846489.347222222,690.0833333333334,False
171069,171074,8846532.875,8855739.018518519,9206.143518518518,False
171078,171080,8855798.444444444,8856488.981481481,690.5370370370371,False
171083,171088,8856532.819444444,8865740.120370371,9207.300925925925,False
171092,171094,8865800.638888888,8866491.226851853,690.5879629629629,False
171097,171102,8866535.013888888,8875739.629629629,9204.61574074074,False
171106,171108,8875799.611111112,8876489.879629629,690.2685185185185,False
171111,171116,8876532.898148147,8885739.912037037,9207.013888888889,False
171120,171122,8885800.555555556,8886490.523148147,689.9675925925926,False
171125,171130,8886534.476851853,8895738.407407407,9203.930555555555,False
171134,171136,8895798.458333334,8896489.013888888,690.5555555555555,False
171139,171144,8896532.481481481,8905739.50925926,9207.027777777777,False
171148,171150,8905799.833333334,8906490.129629629,690.2962962962963,False
171153,171158,8906533.75925926,8915739.800925925,9206.041666666666,False
171162,171164,8915799.828703703,8916490.148148147,690.3194444444445,False
171167,171172,8916533.731481481,8925740.212962963,9206.481481481482,False
171176,171178,8925800.898148147,8926491.148148147,690.25,False
171181,171186,8926534.888888888,8935738.513888888,9203.625,False
171190,171192,8935798.444444444,8936488.995370371,690.550925925926,False
171195,171200,8936532.861111112,8945739.018518519,9206.157407407407,False
171204,171206,8945798.671296297,8946488.458333334,689.7870370370371,False
171209,171214,8946532.069444444,8955739.606481481,9207.537037037036,False
171218,171220,8955799.675925925,8956489.875,690.199074074074,False
171223,171228,8956533.171296297,8965740.152777778,9206.981481481482,False
171232,171234,8965800.361111112,8966490.712962963,690.3518518518518,False
171237,171242,8966534.407407407,8975738.833333334,9204.425925925925,False
171246,171248,8975800.416666666,8976490.120370371,689.7037037037037,False
171251,171256,8976533.995370371,8985738.111111112,9204.11574074074,False
171260,171262,8985798.111111112,8986488.38425926,690.2731481481482,False
171265,171270,8986532.226851853,8995738.546296297,9206.319444444445,False
171274,171276,8995798.601851853,8996488.532407407,689.9305555555555,False
171279,171284,8996532.5,9005738.324074075,9205.824074074075,False
171288,171290,9005798.856481481,9006488.976851853,690.1203703703703,False
171293,171298,9006532.63425926,9015739.194444444,9206.560185185184,False
171302,171304,9015798.675925925,9016489.00925926,690.3333333333334,False
171307,171312,9016532.958333334,9025739.652777778,9206.694444444445,False
171316,171318,9025799.699074075,9026490.092592593,690.3935185185185,False
171321,171326,9026533.925925925,9035738.953703703,9205.027777777777,False
171330,171332,9035799.208333334,9036489.481481481,690.2731481481482,False
171335,171340,9036533.287037037,9045739.504629629,9206.217592592593,False
171344,171346,9045798.912037037,9046489.023148147,690.1111111111111,False
171349,171354,9046532.203703703,9055739.495370371,9207.291666666666,False
171358,171360,9055799.976851853,9056489.837962963,689.8611111111111,False
171363,171368,9056533.254629629,9065740.592592593,9207.337962962964,False
171372,171374,9065800.708333334,9066490.888888888,690.1805555555555,False
171377,171382,9066534.268518519,9075739.11574074,9204.847222222223,False
171386,171388,9075798.592592593,9076488.986111112,690.3935185185185,False
171391,171396,9076532.671296297,9085739.208333334,9206.537037037036,False
171400,171402,9085799.064814815,9086489.50925926,690.4444444444445,False
171405,171410,9086532.949074075,9095739.236111112,9206.287037037036,False
171414,171416,9095798.86574074,9096489.361111112,690.4953703703703,False
171419,171424,9096533.324074075,9105739.375,9206.050925925925,False
171428,171430,9105799.888888888,9106490.143518519,690.2546296296297,False
171433,171438,9106533.907407407,9115738.462962963,9204.555555555555,False
171442,171444,9115799.148148147,9116489.36574074,690.2175925925926,False
171447,171452,9116532.962962963,9125739.148148147,9206.185185185184,False
171456,171458,9125799.055555556,9126489.023148147,689.9675925925926,False
171461,171466,9126532.222222222,9135740.375,9208.152777777777,False
171470,171472,9135800.666666666,9136490.824074075,690.1574074074074,False
171475,171480,9136534.138888888,9145739.393518519,9205.25462962963,False
171484,171486,9145799.273148147,9146489.361111112,690.0879629629629,False
171489,171494,9146532.88425926,9155739.787037037,9206.902777777777,False
171498,171500,9155800.092592593,9156489.976851853,689.8842592592592,False
171503,171508,9156533.625,9165739.555555556,9205.930555555555,False
171512,171514,9165800.291666666,9166490.24074074,689.949074074074,False
171517,171522,9166534.162037037,9175737.847222222,9203.685185185184,False
171526,171528,9175797.518518519,9176487.574074075,690.0555555555555,False
171531,171536,9176530.995370371,9185740.027777778,9209.032407407407,False
171540,171542,9185800.296296297,9186490.351851853,690.0555555555555,False
171545,171550,9186534.074074075,9195739.523148147,9205.449074074075,False
171554,171556,9195799.643518519,9196489.527777778,689.8842592592592,False
171559,171564,9196532.888888888,9205739.328703703,9206.439814814816,False
171568,171570,9205799.782407407,9206489.703703703,689.9212962962963,False
171573,171578,9206533.583333334,9215738.666666666,9205.083333333334,False
171582,171584,9215798.606481481,9216489.097222222,690.4907407407408,False
171587,171592,9216532.976851853,9225738.541666666,9205.564814814816,False
171596,171598,9225798.541666666,9226488.625,690.0833333333334,False
171601,171606,9226532.597222222,9235739.046296297,9206.449074074075,False
171610,171612,9235799.217592593,9236489.453703703,690.2361111111111,False
171615,171620,9236533.49074074,9245738.129629629,9204.638888888889,False
171624,171626,9245798.333333334,9246488.703703703,690.3703703703703,False
171629,171634,9246532.592592593,9255739.606481481,9207.013888888889,False
171638,171640,9255799.699074075,9256489.763888888,690.0648148148148,False
171643,171648,9256533.347222222,9265739.189814815,9205.842592592593,False
171652,171654,9265799.49074074,9266489.856481481,690.3657407407408,False
171657,171662,9266533.361111112,9275739.564814815,9206.203703703704,False
171666,171668,9275799.49074074,9276489.453703703,689.9629629629629,False
171671,171676,9276533.745370371,9285738.842592593,9205.097222222223,False
171680,171682,9285799.569444444,9286489.398148147,689.8287037037037,False
171685,171690,9286532.930555556,9295739.138888888,9206.208333333334,False
171694,171696,9295799.388888888,9296489.680555556,690.2916666666666,False
171699,171704,9296532.675925925,9305739.453703703,9206.777777777777,False
171708,171710,9305799.083333334,9306489.046296297,689.9629629629629,False
171713,171718,9306532.611111112,9315739.870370371,9207.25925925926,False
171722,171724,9315799.833333334,9316490.106481481,690.2731481481482,False
171727,171732,9316533.439814815,9325739.662037037,9206.222222222223,False
171736,171738,9325799.587962963,9326489.532407407,689.9444444444445,False
171741,171746,9326532.726851853,9335739.662037037,9206.935185185184,False
171750,171752,9335799.203703703,9336489.439814815,690.2361111111111,False
171755,171760,9336533.152777778,9345739.277777778,9206.125,False
171764,171766,9345799.083333334,9346489.453703703,690.3703703703703,False
171769,171774,9346532.611111112,9355738.430555556,9205.819444444445,False
171778,171780,9355798.814814815,9356488.967592593,690.1527777777778,False
171783,171788,9356532.898148147,9365740.074074075,9207.175925925925,False
171792,171794,9365800.504629629,9366490.629629629,690.125,False
171797,171802,9366533.921296297,9375739.175925925,9205.25462962963,False
171806,171808,9375799.388888888,9376489.63425926,690.2453703703703,False
171811,171816,9376533.046296297,9385740.342592593,9207.296296296296,False
171820,171822,9385800.995370371,9386490.949074075,689.9537037037037,False
171825,171830,9386534.060185185,9395739.171296297,9205.111111111111,False
171834,171836,9395799.523148147,9396489.814814815,690.2916666666666,False
171839,171844,9396533.458333334,9405740.087962963,9206.62962962963,False
171848,171850,9405800.268518519,9406490.231481481,689.9629629629629,False
171853,171858,9406533.745370371,9415739.518518519,9205.773148148148,False
171862,171864,9415798.564814815,9416489.11574074,690.550925925926,False
171867,171872,9416533.032407407,9425738.907407407,9205.875,False
171876,171878,9425798.74074074,9426488.699074075,689.9583333333334,False
171881,171886,9426532.226851853,9435739.069444444,9206.842592592593,False
171890,171892,9435799.925925925,9436490.129629629,690.2037037037037,False
171895,171900,9436534.097222222,9445739.625,9205.527777777777,False
171904,171906,9445799.74074074,9446489.944444444,690.2037037037037,False
171909,171914,9446533.337962963,9455739.199074075,9205.861111111111,False
171918,171920,9455798.407407407,9456488.717592593,690.3101851851852,False
171923,171928,9456532.523148147,9465739.722222222,9207.199074074075,False
171932,171934,9465800.356481481,9466490.791666666,690.4351851851852,False
171937,171942,9466535.171296297,9475739.629629629,9204.458333333334,False
171946,171948,9475799.888888888,9476490.032407407,690.1435185185185,False
171951,171956,9476533.800925925,9485738.717592593,9204.916666666666,False
171960,171962,9485798.425925925,9486488.467592593,690.0416666666666,False
171965,171970,9486532.495370371,9495739.305555556,9206.810185185184,False
171974,171976,9495799.648148147,9496489.921296297,690.2731481481482,False
171979,171984,9496533.282407407,9505739.152777778,9205.87037037037,False
171988,171990,9505799.083333334,9506489.050925925,689.9675925925926,False
171993,171998,9506533.004629629,9515739.245370371,9206.24074074074,False
172002,172004,9515799.189814815,9516489.180555556,689.9907407407408,False
172007,172012,9516532.847222222,9525739.467592593,9206.62037037037,False
172016,172018,9525800.699074075,9526490.796296297,690.0972222222222,False
172021,172026,9526534.5,9535739.319444444,9204.819444444445,False
172030,172032,9535799.597222222,9536489.916666666,690.3194444444445,False
172035,172040,9536532.976851853,9545739.148148147,9206.171296296296,False
172044,172046,9545799.486111112,9546489.314814815,689.8287037037037,False
172049,172054,9546532.833333334,9555738.722222222,9205.888888888889,False
172058,172060,9555799.041666666,9556489.254629629,690.2129629629629,False
172063,172068,9556533.212962963,9565739.078703703,9205.86574074074,False
172072,172074,9565799.675925925,9566489.643518519,689.9675925925926,False
172077,172082,9566533.425925925,9575739.097222222,9205.671296296296,False
172086,172088,9575799.370370371,9576489.476851853,690.1064814814815,False
172091,172096,9576533.481481481,9585739.078703703,9205.597222222223,False
172100,172102,9585799.305555556,9586489.375,690.0694444444445,False
172105,172110,9586532.921296297,9595738.907407407,9205.986111111111,False
172114,172116,9595798.356481481,9596488.319444444,689.9629629629629,False
172119,172124,9596532.175925925,9605738.958333334,9206.782407407407,False
172128,172130,9605799.324074075,9606489.504629629,690.1805555555555,False
172133,172138,9606533.583333334,9615738.486111112,9204.902777777777,False
172142,172144,9615798.601851853,9616488.583333334,689.9814814814815,False
172147,172152,9616531.49074074,9625740.208333334,9208.717592592593,False
172156,172158,9625799.777777778,9626490.023148147,690.2453703703703,False
172161,172166,9626533.601851853,9635739.699074075,9206.097222222223,False
172170,172172,9635799.972222222,9636489.902777778,689.9305555555555,False
172175,172181,9636533.606481481,9645739.212962963,9205.606481481482,False
172185,172187,9645799.481481481,9646489.643518519,690.1620370370371,False
172191,172197,9646557.476851853,9665587.555555556,19030.078703703704,False
172201,172203,9665642.611111112,9685587.555555556,19944.944444444445,False
172207,172209,9685643.046296297,9705587.527777778,19944.48148148148,False
172213,172215,9705643.083333334,9725587.578703703,19944.49537037037,False
172219,172221,9725643.060185185,9745587.629629629,19944.569444444445,False
172225,172227,9745643.25925926,9765587.625,19944.36574074074,False
172231,172233,9765643.013888888,9785587.462962963,19944.449074074073,False
172237,172239,9785642.393518519,9805587.671296297,19945.277777777777,False
172243,172245,9805642.393518519,9825587.574074075,19945.180555555555,False
172249,172251,9825642.74074074,9845587.61574074,19944.875,False
172255,172257,9845642.439814815,9865587.611111112,19945.171296296296,False
172261,172263,9865643.578703703,9885587.504629629,19943.925925925927,False
172267,172269,9885642.481481481,9905587.5,19945.01851851852,False
172273,172275,9905643.055555556,9925587.527777778,19944.472222222223,False
172279,172281,9925642.25925926,9945587.620370371,19945.36111111111,False
172285,172287,9945643.412037037,9965587.527777778,19944.11574074074,False
172291,172293,9965642.657407407,9985587.61574074,19944.958333333332,False
172297,172299,9985642.629629629,10005587.546296297,19944.916666666668,False
172303,172305,10005643.125,10025587.527777778,19944.402777777777,False
172309,172312,10025642.861111112,10045587.685185185,19944.824074074073,False
172316,172318,10045793.425925925,10046483.518518519,690.0925925925926,False
172320,172322,10046665.819444444,10047355.74074074,689.9212962962963,False
172324,172326,10047535.898148147,10048225.898148147,690.0,False
172328,172330,10048406.407407407,10049096.574074075,690.1666666666666,False
172332,172334,10049276.912037037,10049966.689814815,689.7777777777778,False
172336,172338,10050150.875,10050840.61574074,689.7407407407408,False
172340,172342,10051023.916666666,10051713.995370371,690.0787037037037,False
172344,172346,10051894.49074074,10052584.407407407,689.9166666666666,False
172348,172350,10052768.129629629,10053458.296296297,690.1666666666666,False
172352,172354,10053641.060185185,10054331.481481481,690.4212962962963,False
172356,172358,10054512.61574074,10055203.00925926,690.3935185185185,False
172360,172362,10055383.393518519,10056073.444444444,690.050925925926,False
172364,172366,10056254.305555556,10056944.106481481,689.800925925926,False
172368,172370,10057129.064814815,10057818.638888888,689.574074074074,False
172372,172374,10058002.458333334,10058689.611111112,687.1527777777778,False
172376,172378,10058855.074074075,10059540.527777778,685.4537037037037,False
172380,172382,10059657.796296297,10060347.851851853,690.0555555555555,False
172385,172387,10060392.166666666,10079587.435185185,19195.26851851852,False
172391,172393,10079643.319444444,10099587.50925926,19944.189814814814,False
172397,172399,10099643.254629629,10119587.555555556,19944.300925925927,False
172403,172405,10119642.703703703,10139587.680555556,19944.97685185185,False
172409,172411,10139642.606481481,10159587.597222222,19944.99074074074,False
172415,172417,10159643.162037037,10179587.50925926,19944.347222222223,False
172421,172423,10179642.967592593,10199587.708333334,19944.74074074074,False
172427,172429,10199643.388888888,10219587.504629629,19944.11574074074,False
172433,172435,10219643.277777778,10239587.666666666,19944.38888888889,False
172439,172441,10239643.023148147,10259587.504629629,19944.48148148148,False
172445,172447,10259642.055555556,10279587.435185185,19945.37962962963,False
172451,172453,10279642.791666666,10299587.638888888,19944.847222222223,False
172457,172459,10299643.074074075,10319587.564814815,19944.49074074074,False
172463,172465,10319643.189814815,10339587.587962963,19944.39814814815,False
172469,172471,10339643.101851853,10359587.537037037,19944.435185185186,False
172475,172477,10359643.027777778,10379587.61574074,19944.587962962964,False
172481,172483,10379642.819444444,10399587.356481481,19944.537037037036,False
172487,172489,10399642.986111112,10419587.504629629,19944.51851851852,False
172493,172495,10419642.861111112,10439587.592592593,19944.73148148148,False
172499,172501,10439642.870370371,10459587.597222222,19944.72685185185,False
172505,172507,10459643.416666666,10479587.675925925,19944.25925925926,False
172511,172513,10479642.722222222,10499587.675925925,19944.953703703704,False
172517,172519,10499642.680555556,10519587.430555556,19944.75,False
172523,172525,10519642.546296297,10539587.606481481,19945.060185185186,False
172529,172531,10539643.300925925,10559587.694444444,19944.39351851852,False
172535,172537,10559643.481481481,10579587.532407407,19944.050925925927,False
172541,172543,10579643.467592593,10599587.564814815,19944.097222222223,False
172547,172549,10599642.888888888,10619587.50925926,19944.62037037037,False
172553,172555,10619643.101851853,10639587.731481481,19944.62962962963,False
172559,172561,10639643.328703703,10659587.550925925,19944.222222222223,False
172565,172567,10659642.763888888,10679587.638888888,19944.875,False
172571,172573,10679642.532407407,10699587.601851853,19945.069444444445,False
172577,172579,10699643.870370371,10719587.458333334,19943.587962962964,False
172583,172585,10719642.231481481,10739587.601851853,19945.37037037037,False
172589,172591,10739643.222222222,10759587.435185185,19944.212962962964,False
172595,172597,10759642.88425926,10779587.518518519,19944.63425925926,False
172601,172603,10779642.347222222,10799587.712962963,19945.36574074074,False
172607,172609,10799642.837962963,10819587.50925926,19944.671296296296,False
172613,172615,10819642.467592593,10839587.620370371,19945.152777777777,False
172619,172621,10839643.745370371,10859587.476851853,19943.73148148148,False
172625,172627,10859642.699074075,10879587.61574074,19944.916666666668,False
172631,172633,10879642.662037037,10899587.601851853,19944.939814814814,False
172637,172639,10899643.087962963,10919587.546296297,19944.458333333332,False
172643,172645,10919642.671296297,10939587.689814815,19945.01851851852,False
