task,ready_event,run_event,ready_cycles,start_cycles,exec_cycles,valid,sends,run_count,block_cycles,block_event,cause,wall_us,exec_us,start_us,block_us
TelemetryTask,158435,158436,1206961,1209970,33961,True,1,1,1243931,158439,4,157.22685185185185,157.22685185185185,5601.712962962963,5758.939814814815
UartTxTask,158438,158440,1239635,1246462,6217,True,0,1,1252679,158442,4,28.78240740740741,28.78240740740741,5770.657407407408,5799.439814814815
UartTxTask,158444,158445,1401785,1404948,6340,True,0,1,1411288,158447,4,29.35185185185185,29.35185185185185,6504.388888888889,6533.740740740741
TelemetryTask,158449,158450,3366910,3369957,33988,True,1,1,3403945,158453,4,157.35185185185185,157.35185185185185,15601.652777777777,15759.00462962963
UartTxTask,158452,158454,3399664,3406463,6174,True,0,1,3412637,158456,4,28.583333333333332,28.583333333333332,15770.662037037036,15799.24537037037
UartTxTask,158458,158459,3561752,3564964,6290,True,0,1,3571254,158461,4,29.12037037037037,29.12037037037037,16504.462962962964,16533.583333333332
TelemetryTask,158463,158464,5526939,5530018,33833,True,1,1,5563851,158467,4,156.63425925925927,156.63425925925927,25601.935185185186,25758.569444444445
UartTxTask,158466,158468,5559621,5566379,6147,True,0,1,5572526,158470,4,28.458333333333332,28.458333333333332,25770.27314814815,25798.73148148148
UartTxTask,158472,158473,5721597,5724782,6230,True,0,1,5731012,158475,4,28.84259259259259,28.84259259259259,26503.62037037037,26532.462962962964
TelemetryTask,158477,158478,7686922,7689933,33996,True,1,1,7723929,158481,4,157.38888888888889,157.38888888888889,35601.541666666664,35758.930555555555
UartTxTask,158480,158482,7719685,7726487,6127,True,0,1,7732614,158484,4,28.36574074074074,28.36574074074074,35770.773148148146,35799.13888888889
UartTxTask,158486,158487,7881767,7884943,6308,True,0,1,7891251,158489,4,29.203703703703702,29.203703703703702,36504.36574074074,36533.569444444445
TelemetryTask,158491,158492,9846957,9849994,34060,True,1,1,9884054,158495,4,157.6851851851852,157.6851851851852,45601.82407407407,45759.50925925926
UartTxTask,158494,158496,9879707,9886585,6187,True,0,1,9892772,158498,4,28.64351851851852,28.64351851851852,45771.226851851854,45799.87037037037
UartTxTask,158500,158501,10041901,10045102,6161,True,0,1,10051263,158503,4,28.52314814814815,28.52314814814815,46505.101851851854,46533.625
ButtonTask,158507,158509,10809038,10812222,29413,True,1,1,10841635,158513,4,136.1712962962963,136.1712962962963,50056.583333333336,50192.75462962963
UartTxTask,158512,158514,10838028,10844396,6224,True,0,1,10850620,158516,4,28.814814814814813,28.814814814814813,50205.53703703704,50234.351851851854
UartTxTask,158518,158519,10999677,11001630,6399,True,0,1,11008029,158521,4,29.625,29.625,50933.47222222222,50963.09722222222
TelemetryTask,158523,158524,12006931,12010055,33865,True,1,1,12043920,158527,4,156.78240740740742,156.78240740740742,55602.10648148148,55758.88888888889
UartTxTask,158526,158528,12039617,12046448,6252,True,0,1,12052700,158530,4,28.944444444444443,28.944444444444443,55770.59259259259,55799.53703703704
UartTxTask,158532,158533,12201777,12205028,6226,True,0,1,12211254,158535,4,28.824074074074073,28.824074074074073,56504.75925925926,56533.583333333336
TelemetryTask,158537,158538,14166939,14169989,34031,True,1,1,14204020,158541,4,157.55092592592592,157.55092592592592,65601.80092592593,65759.35185185185
UartTxTask,158540,158542,14199696,14206501,6237,True,0,1,14212738,158544,4,28.875,28.875,65770.83796296296,65799.71296296296
UartTxTask,158546,158547,14361807,14365060,6188,True,0,1,14371248,158549,4,28.64814814814815,28.64814814814815,66504.9074074074,66533.55555555556
TelemetryTask,158551,158552,16326932,16329950,34293,True,1,1,16364243,158555,4,158.76388888888889,158.76388888888889,75601.62037037036,75760.38425925926
UartTxTask,158554,158556,16359861,16366806,6160,True,0,1,16372966,158558,4,28.51851851851852,28.51851851851852,75772.25,75800.76851851853
UartTxTask,158560,158561,16522098,16525233,6278,True,0,1,16531511,158563,4,29.064814814814813,29.064814814814813,76505.70833333333,76534.77314814815
TelemetryTask,158565,158566,18486950,18489985,33946,True,1,1,18523931,158569,4,157.15740740740742,157.15740740740742,85601.7824074074,85758.93981481482
UartTxTask,158568,158570,18519619,18526496,6195,True,0,1,18532691,158572,4,28.680555555555557,28.680555555555557,85770.81481481482,85799.49537037036
UartTxTask,158574,158575,18681768,18684920,6284,True,0,1,18691204,158577,4,29.09259259259259,29.09259259259259,86504.25925925926,86533.35185185185
TelemetryTask,158579,158580,20646951,20650031,33851,True,1,1,20683882,158583,4,156.71759259259258,156.71759259259258,95601.99537037036,95758.71296296296
UartTxTask,158582,158584,20679631,20686327,6211,True,0,1,20692538,158586,4,28.75462962962963,28.75462962962963,95770.0324074074,95798.78703703704
UartTxTask,158588,158589,20841605,20844805,6323,True,0,1,20851128,158591,4,29.27314814814815,29.27314814814815,96503.72685185185,96533.0
TelemetryTask,158593,158594,22806972,22810060,33878,True,1,1,22843938,158597,4,156.84259259259258,156.84259259259258,105602.12962962964,105758.97222222222
UartTxTask,158596,158598,22839617,22846474,6192,True,0,1,22852666,158600,4,28.666666666666668,28.666666666666668,105770.71296296296,105799.37962962964
UartTxTask,158602,158603,23001740,23004978,6250,True,0,1,23011228,158605,4,28.935185185185187,28.935185185185187,106504.52777777778,106533.46296296296
TelemetryTask,158607,158608,24966969,24970002,33960,True,1,1,25003962,158611,4,157.22222222222223,157.22222222222223,115601.86111111111,115759.08333333333
UartTxTask,158610,158612,24999777,25006504,6187,True,0,1,25012691,158614,4,28.64351851851852,28.64351851851852,115770.85185185185,115799.49537037036
UartTxTask,158616,158617,25161846,25165014,6314,True,0,1,25171328,158619,4,29.23148148148148,29.23148148148148,116504.69444444444,116533.92592592593
TelemetryTask,158621,158622,27126982,27130074,33833,True,1,1,27163907,158625,4,156.63425925925927,156.63425925925927,125602.19444444444,125758.82870370371
UartTxTask,158624,158626,27159676,27166448,6174,True,0,1,27172622,158628,4,28.583333333333332,28.583333333333332,125770.5925925926,125799.17592592593
UartTxTask,158630,158631,27321825,27325016,6178,True,0,1,27331194,158633,4,28.60185185185185,28.60185185185185,126504.70370370371,126533.30555555556
TelemetryTask,158635,158636,29286966,29289999,33804,True,1,1,29323803,158639,4,156.5,156.5,135601.84722222222,135758.34722222222
UartTxTask,158638,158640,29319500,29326351,6167,True,0,1,29332518,158642,4,28.550925925925927,28.550925925925927,135770.1435185185,135798.69444444444
UartTxTask,158644,158645,29481631,29484861,6214,True,0,1,29491075,158647,4,28.76851851851852,28.76851851851852,136503.98611111112,136532.75462962964
TelemetryTask,158649,158650,31446948,31449948,33770,True,1,1,31483718,158653,4,156.34259259259258,156.34259259259258,145601.61111111112,145757.9537037037
UartTxTask,158652,158654,31479431,31486202,6226,True,0,1,31492428,158656,4,28.824074074074073,28.824074074074073,145769.4537037037,145798.27777777778
UartTxTask,158658,158659,31641514,31644702,6347,True,0,1,31651049,158661,4,29.38425925925926,29.38425925925926,146503.25,146532.63425925927
TelemetryTask,158663,158664,33606930,33609969,33864,True,1,1,33643833,158667,4,156.77777777777777,156.77777777777777,155601.70833333334,155758.48611111112
UartTxTask,158666,158668,33639610,33646345,6181,True,0,1,33652526,158670,4,28.61574074074074,28.61574074074074,155770.11574074073,155798.7314814815
UartTxTask,158672,158673,33801623,33804808,6174,True,0,1,33810982,158675,4,28.583333333333332,28.583333333333332,156503.74074074073,156532.32407407407
TelemetryTask,158677,158678,35766952,35769975,33908,True,1,1,35803883,158681,4,156.9814814814815,156.9814814814815,165601.73611111112,165758.71759259258
UartTxTask,158680,158682,35799596,35806429,6156,True,0,1,35812585,158684,4,28.5,28.5,165770.50462962964,165799.00462962964
UartTxTask,158686,158687,35961753,35964967,6335,True,0,1,35971302,158689,4,29.328703703703702,29.328703703703702,166504.47685185185,166533.80555555556
TelemetryTask,158691,158692,37926958,37929887,33882,True,1,1,37963769,158695,4,156.86111111111111,156.86111111111111,175601.3287037037,175758.1898148148
UartTxTask,158694,158696,37959491,37966293,6197,True,0,1,37972490,158698,4,28.689814814814813,28.689814814814813,175769.875,175798.5648148148
UartTxTask,158700,158701,38121569,38124758,6297,True,0,1,38131055,158703,4,29.15277777777778,29.15277777777778,176503.50925925927,176532.66203703705
TelemetryTask,158705,158706,40086952,40090001,33907,True,1,1,40123908,158709,4,156.97685185185185,156.97685185185185,185601.8564814815,185758.83333333334
UartTxTask,158708,158710,40119671,40126411,6180,True,0,1,40132591,158712,4,28.61111111111111,28.61111111111111,185770.4212962963,185799.03240740742
UartTxTask,158714,158715,40281694,40284855,6131,True,0,1,40290986,158717,4,28.38425925925926,28.38425925925926,186503.95833333334,186532.34259259258
TelemetryTask,158719,158720,42246949,42249967,33939,True,1,1,42283906,158723,4,157.125,157.125,195601.69907407407,195758.82407407407
UartTxTask,158722,158724,42279595,42286422,6190,True,0,1,42292612,158726,4,28.65740740740741,28.65740740740741,195770.47222222222,195799.12962962964
UartTxTask,158728,158729,42441696,42444871,6329,True,0,1,42451200,158731,4,29.300925925925927,29.300925925925927,196504.03240740742,196533.33333333334
TelemetryTask,158733,158734,44406935,44410041,33855,True,1,1,44443896,158737,4,156.73611111111111,156.73611111111111,205602.04166666666,205758.77777777778
UartTxTask,158736,158738,44439713,44446431,6177,True,0,1,44452608,158740,4,28.59722222222222,28.59722222222222,205770.51388888888,205799.11111111112
UartTxTask,158742,158743,44601702,44604822,6125,True,0,1,44610947,158745,4,28.35648148148148,28.35648148148148,206503.80555555556,206532.16203703705
TelemetryTask,158747,158748,46566943,46569904,33868,True,1,1,46603772,158751,4,156.7962962962963,156.7962962962963,215601.40740740742,215758.2037037037
UartTxTask,158750,158752,46599537,46606284,6180,True,0,1,46612464,158754,4,28.61111111111111,28.61111111111111,215769.83333333334,215798.44444444444
UartTxTask,158756,158757,46761564,46764826,6328,True,0,1,46771154,158759,4,29.296296296296298,29.296296296296298,216503.82407407407,216533.12037037036
TelemetryTask,158761,158762,48726954,48729966,33856,True,1,1,48763822,158765,4,156.74074074074073,156.74074074074073,225601.69444444444,225758.4351851852
UartTxTask,158764,158766,48759508,48766326,6285,True,0,1,48772611,158768,4,29.09722222222222,29.09722222222222,225770.02777777778,225799.125
UartTxTask,158770,158771,48921641,48924860,6191,True,0,1,48931051,158773,4,28.662037037037038,28.662037037037038,226503.9814814815,226532.6435185185
TelemetryTask,158775,158776,50886917,50889916,33902,True,1,1,50923818,158779,4,156.9537037037037,156.9537037037037,235601.46296296295,235758.41666666666
UartTxTask,158778,158780,50919557,50926372,6194,True,0,1,50932566,158782,4,28.675925925925927,28.675925925925927,235770.24074074073,235798.91666666666
UartTxTask,158784,158785,51081692,51084865,6265,True,0,1,51091130,158787,4,29.00462962962963,29.00462962962963,236504.00462962964,236533.00925925927
TelemetryTask,158789,158790,53046968,53050001,33825,True,1,1,53083826,158793,4,156.59722222222223,156.59722222222223,245601.8564814815,245758.4537037037
UartTxTask,158792,158794,53079586,53086328,6144,True,0,1,53092472,158796,4,28.444444444444443,28.444444444444443,245770.03703703705,245798.4814814815
UartTxTask,158798,158799,53241537,53244789,6178,True,0,1,53250967,158801,4,28.60185185185185,28.60185185185185,246503.65277777778,246532.25462962964
TelemetryTask,158803,158804,55206945,55209973,33955,True,1,1,55243928,158807,4,157.19907407407408,157.19907407407408,255601.72685185185,255758.92592592593
UartTxTask,158806,158808,55239676,55246425,6188,True,0,1,55252613,158810,4,28.64814814814815,28.64814814814815,255770.48611111112,255799.13425925927
UartTxTask,158812,158813,55401654,55404855,6342,True,0,1,55411197,158815,4,29.36111111111111,29.36111111111111,256503.95833333334,256533.31944444444
TelemetryTask,158817,158818,57366948,57369955,33713,True,1,1,57403668,158821,4,156.0787037037037,156.0787037037037,265601.64351851854,265757.72222222225
UartTxTask,158820,158822,57399493,57406184,6305,True,0,1,57412489,158824,4,29.189814814814813,29.189814814814813,265769.3703703704,265798.56018518517
UartTxTask,158826,158827,57561506,57564667,6178,True,0,1,57570845,158829,4,28.60185185185185,28.60185185185185,266503.087962963,266531.68981481483
TelemetryTask,158831,158832,59526943,59529926,33973,True,1,1,59563899,158835,4,157.28240740740742,157.28240740740742,275601.50925925927,275758.7916666667
UartTxTask,158834,158836,59559640,59566378,6083,True,0,1,59572461,158838,4,28.162037037037038,28.162037037037038,275770.26851851854,275798.43055555556
UartTxTask,158840,158841,59721543,59724759,6248,True,0,1,59731007,158843,4,28.925925925925927,28.925925925925927,276503.5138888889,276532.43981481483
TelemetryTask,158845,158846,61686948,61689993,34050,True,1,1,61724043,158849,4,157.63888888888889,157.63888888888889,285601.81944444444,285759.4583333333
UartTxTask,158848,158850,61719752,61726573,6120,True,0,1,61732693,158852,4,28.333333333333332,28.333333333333332,285771.1712962963,285799.5046296296
UartTxTask,158854,158855,61881863,61885069,6300,True,0,1,61891369,158857,4,29.166666666666668,29.166666666666668,286504.9490740741,286534.11574074073
TelemetryTask,158859,158860,63846932,63849972,34090,True,1,1,63884062,158863,4,157.82407407407408,157.82407407407408,295601.72222222225,295759.5462962963
UartTxTask,158862,158864,63879812,63886651,6346,True,0,1,63892997,158866,4,29.37962962962963,29.37962962962963,295771.5324074074,295800.912037037
UartTxTask,158868,158869,64042051,64045309,6163,True,0,1,64051472,158871,4,28.53240740740741,28.53240740740741,296506.06018518517,296534.5925925926
TelemetryTask,158873,158874,66006921,66009954,33650,True,1,1,66043604,158877,4,155.78703703703704,155.78703703703704,305601.6388888889,305757.4259259259
UartTxTask,158876,158878,66039436,66046063,6270,True,0,1,66052333,158880,4,29.02777777777778,29.02777777777778,305768.81018518517,305797.837962963
UartTxTask,158882,158883,66201470,66204646,6125,True,0,1,66210771,158885,4,28.35648148148148,28.35648148148148,306502.99074074073,306531.34722222225
TelemetryTask,158887,158888,68166954,68170060,33859,True,1,1,68203919,158891,4,156.75462962962962,156.75462962962962,315602.1296296296,315758.88425925927
UartTxTask,158890,158892,68199698,68206442,6152,True,0,1,68212594,158894,4,28.48148148148148,28.48148148148148,315770.56481481483,315799.0462962963
UartTxTask,158896,158897,68361729,68364920,6213,True,0,1,68371133,158899,4,28.76388888888889,28.76388888888889,316504.25925925927,316533.02314814815
TelemetryTask,158901,158902,70326939,70329990,33854,True,1,1,70363844,158905,4,156.7314814814815,156.7314814814815,325601.80555555556,325758.537037037
UartTxTask,158904,158906,70359586,70366355,6123,True,0,1,70372478,158908,4,28.34722222222222,28.34722222222222,325770.162037037,325798.50925925927
UartTxTask,158910,158911,70521617,70524755,6238,True,0,1,70530993,158913,4,28.87962962962963,28.87962962962963,326503.4953703704,326532.375
TelemetryTask,158915,158916,72486938,72490057,33778,True,1,1,72523835,158919,4,156.37962962962962,156.37962962962962,335602.11574074073,335758.4953703704
UartTxTask,158918,158920,72519581,72526366,6171,True,0,1,72532537,158922,4,28.569444444444443,28.569444444444443,335770.212962963,335798.7824074074
UartTxTask,158924,158925,72681616,72684841,6214,True,0,1,72691055,158927,4,28.76851851851852,28.76851851851852,336503.89351851854,336532.662037037
TelemetryTask,158929,158930,74646973,74650011,34055,True,1,1,74684066,158933,4,157.66203703703704,157.66203703703704,345601.90277777775,345759.56481481483
UartTxTask,158932,158934,74679843,74686626,6218,True,0,1,74692844,158936,4,28.787037037037038,28.787037037037038,345771.4166666667,345800.2037037037
UartTxTask,158938,158939,74841890,74844937,6333,True,0,1,74851270,158941,4,29.319444444444443,29.319444444444443,346504.337962963,346533.6574074074
TelemetryTask,158943,158944,76806923,76810008,33844,True,1,1,76843852,158947,4,156.6851851851852,156.6851851851852,355601.8888888889,355758.5740740741
UartTxTask,158946,158948,76839685,76846413,6216,True,0,1,76852629,158950,4,28.77777777777778,28.77777777777778,355770.43055555556,355799.2083333333
UartTxTask,158952,158953,77001712,77004924,6238,True,0,1,77011162,158955,4,28.87962962962963,28.87962962962963,356504.27777777775,356533.1574074074
TelemetryTask,158957,158958,78966944,78969952,34126,True,1,1,79004078,158961,4,157.99074074074073,157.99074074074073,365601.6296296296,365759.6203703704
UartTxTask,158960,158962,78999757,79006634,6082,True,0,1,79012716,158964,4,28.15740740740741,28.15740740740741,365771.4537037037,365799.6111111111
UartTxTask,158966,158967,79161827,79165088,6209,True,0,1,79171297,158969,4,28.74537037037037,28.74537037037037,366505.037037037,366533.7824074074
TelemetryTask,158971,158972,81126891,81129972,33766,True,1,1,81163738,158975,4,156.32407407407408,156.32407407407408,375601.72222222225,375758.0462962963
UartTxTask,158974,158976,81159485,81166222,6106,True,0,1,81172328,158978,4,28.26851851851852,28.26851851851852,375769.5462962963,375797.81481481483
UartTxTask,158980,158981,81321447,81324616,6216,True,0,1,81330832,158983,4,28.77777777777778,28.77777777777778,376502.85185185185,376531.6296296296
TelemetryTask,158985,158986,83286976,83290014,34109,True,1,1,83324123,158989,4,157.91203703703704,157.91203703703704,385601.9166666667,385759.8287037037
UartTxTask,158988,158990,83319713,83326602,6125,True,0,1,83332727,158992,4,28.35648148148148,28.35648148148148,385771.30555555556,385799.662037037
UartTxTask,158994,158995,83481812,83484999,6274,True,0,1,83491273,158997,4,29.046296296296298,29.046296296296298,386504.625,386533.6712962963
TelemetryTask,158999,159000,85446963,85449983,34000,True,1,1,85483983,159003,4,157.40740740740742,157.40740740740742,395601.77314814815,395759.18055555556
UartTxTask,159002,159004,85479764,85486525,6101,True,0,1,85492626,159006,4,28.24537037037037,28.24537037037037,395770.9490740741,395799.19444444444
UartTxTask,159008,159009,85641799,85644892,6289,True,0,1,85651181,159011,4,29.11574074074074,29.11574074074074,396504.1296296296,396533.2453703704
TelemetryTask,159013,159014,87606968,87609986,33903,True,1,1,87643889,159017,4,156.95833333333334,156.95833333333334,405601.787037037,405758.7453703704
UartTxTask,159016,159018,87639652,87646424,6295,True,0,1,87652719,159020,4,29.14351851851852,29.14351851851852,405770.48148148146,405799.625
UartTxTask,159022,159023,87801807,87805014,6275,True,0,1,87811289,159025,4,29.050925925925927,29.050925925925927,406504.69444444444,406533.7453703704
TelemetryTask,159027,159028,89766920,89770005,33988,True,1,1,89803993,159031,4,157.35185185185185,157.35185185185185,415601.875,415759.22685185185
UartTxTask,159030,159032,89799715,89806527,6023,True,0,1,89812550,159034,4,27.88425925925926,27.88425925925926,415770.9583333333,415798.8425925926
UartTxTask,159036,159037,89961677,89964892,6249,True,0,1,89971141,159039,4,28.930555555555557,28.930555555555557,416504.1296296296,416533.06018518517
TelemetryTask,159041,159042,91926979,91930063,34027,True,1,1,91964090,159045,4,157.53240740740742,157.53240740740742,425602.14351851854,425759.6759259259
UartTxTask,159044,159046,91959918,91966552,6194,True,0,1,91972746,159048,4,28.675925925925927,28.675925925925927,425771.0740740741,425799.75
UartTxTask,159050,159051,92121831,92125054,6298,True,0,1,92131352,159053,4,29.15740740740741,29.15740740740741,426504.8796296296,426534.037037037
TelemetryTask,159055,159056,94086967,94089921,33767,True,1,1,94123688,159059,4,156.3287037037037,156.3287037037037,435601.4861111111,435757.81481481483
UartTxTask,159058,159060,94119397,94126146,6307,True,0,1,94132453,159062,4,29.199074074074073,29.199074074074073,435769.19444444444,435798.39351851854
UartTxTask,159064,159065,94281625,94284873,6342,True,0,1,94291215,159067,4,29.36111111111111,29.36111111111111,436504.0416666667,436533.40277777775
TelemetryTask,159069,159070,96246922,96250023,33869,True,1,1,96283892,159073,4,156.80092592592592,156.80092592592592,445601.9583333333,445758.75925925927
UartTxTask,159072,159074,96279660,96286401,6126,True,0,1,96292527,159076,4,28.36111111111111,28.36111111111111,445770.375,445798.7361111111
UartTxTask,159078,159079,96441608,96444830,6342,True,0,1,96451172,159081,4,29.36111111111111,29.36111111111111,446503.8425925926,446533.2037037037
TelemetryTask,159083,159084,98406950,98410011,33782,True,1,1,98443793,159087,4,156.39814814814815,156.39814814814815,455601.90277777775,455758.3009259259
UartTxTask,159086,159088,98439522,98446286,6294,True,0,1,98452580,159090,4,29.13888888888889,29.13888888888889,455769.8425925926,455798.98148148146
UartTxTask,159092,159093,98601659,98604862,6309,True,0,1,98611171,159095,4,29.208333333333332,29.208333333333332,456503.99074074073,456533.1990740741
TelemetryTask,159097,159098,100566967,100570063,33830,True,1,1,100603893,159101,4,156.62037037037038,156.62037037037038,465602.14351851854,465758.7638888889
UartTxTask,159100,159102,100599559,100606423,6208,True,0,1,100612631,159104,4,28.74074074074074,28.74074074074074,465770.47685185185,465799.2175925926
UartTxTask,159106,159107,100761710,100764893,6222,True,0,1,100771115,159109,4,28.805555555555557,28.805555555555557,466504.13425925927,466532.93981481483
TelemetryTask,159111,159112,102726948,102729992,33854,True,1,1,102763846,159115,4,156.7314814814815,156.7314814814815,475601.81481481483,475758.5462962963
UartTxTask,159114,159116,102759610,102766383,6254,True,0,1,102772637,159118,4,28.953703703703702,28.953703703703702,475770.2916666667,475799.2453703704
UartTxTask,159120,159121,102921606,102924814,6199,True,0,1,102931013,159123,4,28.699074074074073,28.699074074074073,476503.76851851854,476532.4675925926
TelemetryTask,159125,159126,104886978,104889988,33896,True,1,1,104923884,159129,4,156.92592592592592,156.92592592592592,485601.7962962963,485758.72222222225
UartTxTask,159128,159130,104919663,104926348,6134,True,0,1,104932482,159132,4,28.39814814814815,28.39814814814815,485770.1296296296,485798.52777777775
UartTxTask,159134,159135,105081588,105084729,6102,True,0,1,105090831,159137,4,28.25,28.25,486503.375,486531.625
TelemetryTask,159139,159140,107046954,107050103,33773,True,1,1,107083876,159143,4,156.3564814814815,156.3564814814815,495602.3287037037,495758.68518518517
UartTxTask,159142,159144,107079641,107086349,6257,True,0,1,107092606,159146,4,28.96759259259259,28.96759259259259,495770.13425925927,495799.10185185185
UartTxTask,159148,159149,107241672,107244845,6179,True,0,1,107251024,159151,4,28.60648148148148,28.60648148148148,496503.912037037,496532.51851851854
TelemetryTask,159153,159154,109206946,109210011,33820,True,1,1,109243831,159157,4,156.57407407407408,156.57407407407408,505601.90277777775,505758.47685185185
UartTxTask,159156,159158,109239542,109246383,6167,True,0,1,109252550,159160,4,28.550925925925927,28.550925925925927,505770.2916666667,505798.8425925926
UartTxTask,159162,159163,109401689,109404868,6325,True,0,1,109411193,159165,4,29.28240740740741,29.28240740740741,506504.01851851854,506533.3009259259
TelemetryTask,159167,159168,111366936,111369979,33882,True,1,1,111403861,159171,4,156.86111111111111,156.86111111111111,515601.7546296296,515758.61574074073
UartTxTask,159170,159172,111399637,111406422,6210,True,0,1,111412632,159174,4,28.75,28.75,515770.47222222225,515799.22222222225
UartTxTask,159176,159177,111561715,111565001,6178,True,0,1,111571179,159179,4,28.60185185185185,28.60185185185185,516504.63425925927,516533.2361111111
TelemetryTask,159181,159182,113526950,113530006,34097,True,1,1,113564103,159185,4,157.8564814814815,157.8564814814815,525601.8796296297,525759.7361111111
UartTxTask,159184,159186,113559776,113566631,6200,True,0,1,113572831,159188,4,28.703703703703702,28.703703703703702,525771.4398148148,525800.1435185185
UartTxTask,159190,159191,113721997,113725133,6221,True,0,1,113731354,159193,4,28.800925925925927,28.800925925925927,526505.2453703703,526534.0462962963
TelemetryTask,159195,159196,115686932,115690066,33765,True,1,1,115723831,159199,4,156.31944444444446,156.31944444444446,535602.1574074074,535758.4768518518
UartTxTask,159198,159200,115719567,115726318,6237,True,0,1,115732555,159202,4,28.875,28.875,535769.9907407408,535798.8657407408
UartTxTask,159204,159205,115881559,115884744,6211,True,0,1,115890955,159207,4,28.75462962962963,28.75462962962963,536503.4444444445,536532.199074074
TelemetryTask,159209,159210,117846957,117849937,33920,True,1,1,117883857,159213,4,157.03703703703704,157.03703703703704,545601.5601851852,545758.5972222222
UartTxTask,159212,159214,117879600,117886429,6245,True,0,1,117892674,159216,4,28.912037037037038,28.912037037037038,545770.5046296297,545799.4166666666
UartTxTask,159218,159219,118041778,118044981,6242,True,0,1,118051223,159221,4,28.89814814814815,28.89814814814815,546504.5416666666,546533.4398148148
TelemetryTask,159223,159224,120006978,120010013,33933,True,1,1,120043946,159227,4,157.09722222222223,157.09722222222223,555601.9120370371,555759.0092592592
UartTxTask,159226,159228,120039676,120046430,6271,True,0,1,120052701,159230,4,29.03240740740741,29.03240740740741,555770.5092592592,555799.5416666666
UartTxTask,159232,159233,120201809,120205012,6228,True,0,1,120211240,159235,4,28.833333333333332,28.833333333333332,556504.6851851852,556533.5185185185
TelemetryTask,159237,159238,122166930,122169884,33957,True,1,1,122203841,159241,4,157.20833333333334,157.20833333333334,565601.3148148148,565758.5231481482
UartTxTask,159240,159242,122199605,122206383,6257,True,0,1,122212640,159244,4,28.96759259259259,28.96759259259259,565770.2916666666,565799.2592592592
UartTxTask,159246,159247,122361747,122364954,6230,True,0,1,122371184,159249,4,28.84259259259259,28.84259259259259,566504.4166666666,566533.2592592592
TelemetryTask,159251,159252,124326935,124330019,33777,True,1,1,124363796,159255,4,156.375,156.375,575601.9398148148,575758.3148148148
UartTxTask,159254,159256,124359472,124366237,6240,True,0,1,124372477,159258,4,28.88888888888889,28.88888888888889,575769.6157407408,575798.5046296297
UartTxTask,159260,159261,124521635,124524791,6326,True,0,1,124531117,159263,4,29.287037037037038,29.287037037037038,576503.6620370371,576532.949074074
TelemetryTask,159265,159266,126486939,126489959,33860,True,1,1,126523819,159269,4,156.75925925925927,156.75925925925927,585601.6620370371,585758.4212962963
UartTxTask,159268,159270,126519545,126526368,6227,True,0,1,126532595,159272,4,28.828703703703702,28.828703703703702,585770.2222222222,585799.050925926
UartTxTask,159274,159275,126681701,126684836,6297,True,0,1,126691133,159277,4,29.15277777777778,29.15277777777778,586503.8703703703,586533.0231481482
TelemetryTask,159279,159280,128646939,128649950,33857,True,1,1,128683807,159283,4,156.74537037037038,156.74537037037038,595601.6203703703,595758.3657407408
UartTxTask,159282,159284,128679489,128686353,6149,True,0,1,128692502,159286,4,28.46759259259259,28.46759259259259,595770.1527777778,595798.6203703703
UartTxTask,159288,159289,128841637,128844767,6341,True,0,1,128851108,159291,4,29.35648148148148,29.35648148148148,596503.550925926,596532.9074074074
TelemetryTask,159293,159294,130806940,130809947,33881,True,1,1,130843828,159297,4,156.8564814814815,156.8564814814815,605601.6064814815,605758.4629629629
UartTxTask,159296,159298,130839546,130846337,6183,True,0,1,130852520,159300,4,28.625,28.625,605770.0787037037,605798.7037037037
UartTxTask,159302,159303,131001562,131004771,6265,True,0,1,131011036,159305,4,29.00462962962963,29.00462962962963,606503.5694444445,606532.574074074
TelemetryTask,159307,159308,132966941,132970010,33898,True,1,1,133003908,159311,4,156.9351851851852,156.9351851851852,615601.8981481482,615758.8333333334
UartTxTask,159310,159312,132999554,133006430,6261,True,0,1,133012691,159314,4,28.98611111111111,28.98611111111111,615770.5092592592,615799.4953703703
UartTxTask,159316,159317,133161706,133164865,6211,True,0,1,133171076,159319,4,28.75462962962963,28.75462962962963,616504.0046296297,616532.7592592592
TelemetryTask,159321,159322,135126948,135130003,33888,True,1,1,135163891,159325,4,156.88888888888889,156.88888888888889,625601.8657407408,625758.7546296297
UartTxTask,159324,159326,135159608,135166398,6219,True,0,1,135172617,159328,4,28.791666666666668,28.791666666666668,625770.3611111111,625799.1527777778
UartTxTask,159330,159331,135321624,135324810,6245,True,0,1,135331055,159333,4,28.912037037037038,28.912037037037038,626503.75,626532.6620370371
TelemetryTask,159335,159336,137286929,137290025,33858,True,1,1,137323883,159339,4,156.75,156.75,635601.9675925926,635758.7175925926
UartTxTask,159338,159340,137319639,137326403,6215,True,0,1,137332618,159342,4,28.77314814814815,28.77314814814815,635770.3842592592,635799.1574074074
UartTxTask,159344,159345,137481741,137484980,6175,True,0,1,137491155,159347,4,28.587962962962962,28.587962962962962,636504.5370370371,636533.125
TelemetryTask,159349,159350,139446949,139449948,34120,True,1,1,139484068,159353,4,157.96296296296296,157.96296296296296,645601.6111111111,645759.574074074
UartTxTask,159352,159354,139479804,139486574,6344,True,0,1,139492918,159356,4,29.37037037037037,29.37037037037037,645771.175925926,645800.5462962963
UartTxTask,159358,159359,139641909,139645081,6220,True,0,1,139651301,159361,4,28.796296296296298,28.796296296296298,646505.0046296297,646533.800925926
TelemetryTask,159363,159364,141606961,141610003,34045,True,1,1,141644048,159367,4,157.61574074074073,157.61574074074073,655601.8657407408,655759.4814814815
UartTxTask,159366,159368,141639759,141646563,6190,True,0,1,141652753,159370,4,28.65740740740741,28.65740740740741,655771.125,655799.7824074074
UartTxTask,159372,159373,141801747,141804884,6223,True,0,1,141811107,159375,4,28.810185185185187,28.810185185185187,656504.0925925926,656532.9027777778
TelemetryTask,159377,159378,143766942,143769826,34125,True,1,1,143803951,159381,4,157.98611111111111,157.98611111111111,665601.0462962963,665759.0324074074
UartTxTask,159380,159382,143799624,143806467,6156,True,0,1,143812623,159384,4,28.5,28.5,665770.6805555555,665799.1805555555
UartTxTask,159386,159387,143961694,143964806,6244,True,0,1,143971050,159389,4,28.90740740740741,28.90740740740741,666503.7314814815,666532.6388888889
TelemetryTask,159391,159392,145926914,145929918,33914,True,1,1,145963832,159395,4,157.00925925925927,157.00925925925927,675601.4722222222,675758.4814814815
UartTxTask,159394,159396,145959477,145966306,6251,True,0,1,145972557,159398,4,28.939814814814813,28.939814814814813,675769.9351851852,675798.875
UartTxTask,159400,159401,146121633,146124859,6181,True,0,1,146131040,159403,4,28.61574074074074,28.61574074074074,676503.9768518518,676532.5925925926
TelemetryTask,159405,159406,148086928,148089950,34076,True,1,1,148124026,159409,4,157.75925925925927,157.75925925925927,685601.6203703703,685759.3796296297
UartTxTask,159408,159410,148119658,148126593,6267,True,0,1,148132860,159412,4,29.01388888888889,29.01388888888889,685771.2638888889,685800.2777777778
UartTxTask,159414,159415,148281900,148285108,6316,True,0,1,148291424,159417,4,29.24074074074074,29.24074074074074,686505.1296296297,686534.3703703703
TelemetryTask,159419,159420,150246973,150249948,34069,True,1,1,150284017,159423,4,157.72685185185185,157.72685185185185,695601.6111111111,695759.3379629629
UartTxTask,159422,159424,150279668,150286579,6114,True,0,1,150292693,159426,4,28.305555555555557,28.305555555555557,695771.199074074,695799.5046296297
UartTxTask,159428,159429,150441752,150444846,6333,True,0,1,150451179,159431,4,29.319444444444443,29.319444444444443,696503.9166666666,696533.2361111111
TelemetryTask,159433,159434,152406961,152410059,33638,True,1,1,152443697,159437,4,155.7314814814815,155.7314814814815,705602.125,705757.8564814815
UartTxTask,159436,159438,152439543,152446226,6238,True,0,1,152452464,159440,4,28.87962962962963,28.87962962962963,705769.5648148148,705798.4444444445
UartTxTask,159442,159443,152601557,152604758,6279,True,0,1,152611037,159445,4,29.069444444444443,29.069444444444443,706503.5092592592,706532.5787037037
TelemetryTask,159447,159448,154566951,154570019,34155,True,1,1,154604174,159451,4,158.125,158.125,715601.9398148148,715760.0648148148
UartTxTask,159450,159452,154599821,154606710,6229,True,0,1,154612939,159454,4,28.837962962962962,28.837962962962962,715771.8055555555,715800.6435185185
UartTxTask,159456,159457,154762043,154765191,6252,True,0,1,154771443,159459,4,28.944444444444443,28.944444444444443,716505.5138888889,716534.4583333334
TelemetryTask,159461,159462,156726939,156729924,34046,True,1,1,156763970,159465,4,157.62037037037038,157.62037037037038,725601.5,725759.1203703703
UartTxTask,159464,159466,156759743,156766577,6279,True,0,1,156772856,159468,4,29.069444444444443,29.069444444444443,725771.1898148148,725800.2592592592
UartTxTask,159470,159471,156921975,156925187,6248,True,0,1,156931435,159473,4,28.925925925925927,28.925925925925927,726505.4953703703,726534.4212962963
TelemetryTask,159475,159476,158886965,158890054,33726,True,1,1,158923780,159479,4,156.13888888888889,156.13888888888889,735602.1018518518,735758.2407407408
UartTxTask,159478,159480,158919483,158926252,6377,True,0,1,158932629,159482,4,29.52314814814815,29.52314814814815,735769.6851851852,735799.2083333334
UartTxTask,159484,159485,159081668,159084880,6221,True,0,1,159091101,159487,4,28.800925925925927,28.800925925925927,736504.074074074,736532.875
TelemetryTask,159489,159490,161046924,161049960,33802,True,1,1,161083762,159493,4,156.49074074074073,156.49074074074073,745601.6666666666,745758.1574074074
UartTxTask,159492,159494,161079572,161086264,6103,True,0,1,161092367,159496,4,28.25462962962963,28.25462962962963,745769.7407407408,745797.9953703703
UartTxTask,159498,159499,161241509,161244677,6259,True,0,1,161250936,159501,4,28.97685185185185,28.97685185185185,746503.1342592592,746532.1111111111
TelemetryTask,159503,159504,163206940,163210012,33917,True,1,1,163243929,159507,4,157.02314814814815,157.02314814814815,755601.9074074074,755758.9305555555
UartTxTask,159506,159508,163239701,163246379,6298,True,0,1,163252677,159510,4,29.15740740740741,29.15740740740741,755770.2731481482,755799.4305555555
UartTxTask,159512,159513,163401675,163404865,6273,True,0,1,163411138,159515,4,29.041666666666668,29.041666666666668,756504.0046296297,756533.0462962963
TelemetryTask,159517,159518,165366961,165369957,34017,True,1,1,165403974,159521,4,157.48611111111111,157.48611111111111,765601.6527777778,765759.1388888889
UartTxTask,159520,159522,165399641,165406500,6248,True,0,1,165412748,159524,4,28.925925925925927,28.925925925925927,765770.8333333334,765799.7592592592
UartTxTask,159526,159527,165561789,165564926,6218,True,0,1,165571144,159529,4,28.787037037037038,28.787037037037038,766504.2870370371,766533.074074074
TelemetryTask,159531,159532,167526952,167530045,33843,True,1,1,167563888,159535,4,156.68055555555554,156.68055555555554,775602.0601851852,775758.7407407408
UartTxTask,159534,159536,167559600,167566388,6137,True,0,1,167572525,159538,4,28.412037037037038,28.412037037037038,775770.3148148148,775798.7268518518
UartTxTask,159540,159541,167721537,167724756,6255,True,0,1,167731011,159543,4,28.958333333333332,28.958333333333332,776503.5,776532.4583333334
TelemetryTask,159545,159546,169686911,169689891,34134,True,1,1,169724025,159549,4,158.02777777777777,158.02777777777777,785601.3472222222,785759.375
UartTxTask,159548,159550,169719706,169726545,6180,True,0,1,169732725,159552,4,28.61111111111111,28.61111111111111,785771.0416666666,785799.6527777778
UartTxTask,159554,159555,169881738,169884947,6309,True,0,1,169891256,159557,4,29.208333333333332,29.208333333333332,786504.3842592592,786533.5925925926
TelemetryTask,159559,159560,171846948,171850015,34083,True,1,1,171884098,159563,4,157.79166666666666,157.79166666666666,795601.9212962963,795759.7129629629
UartTxTask,159562,159564,171879925,171886647,6235,True,0,1,171892882,159566,4,28.86574074074074,28.86574074074074,795771.5138888889,795800.3796296297
UartTxTask,159568,159569,172041987,172045165,6327,True,0,1,172051492,159571,4,29.291666666666668,29.291666666666668,796505.3935185185,796534.6851851852
TelemetryTask,159573,159574,174006953,174010002,33923,True,1,1,174043925,159577,4,157.05092592592592,157.05092592592592,805601.8611111111,805758.9120370371
UartTxTask,159576,159578,174039600,174046464,6199,True,0,1,174052663,159580,4,28.699074074074073,28.699074074074073,805770.6666666666,805799.3657407408
UartTxTask,159582,159583,174201703,174204920,6286,True,0,1,174211206,159585,4,29.10185185185185,29.10185185185185,806504.2592592592,806533.3611111111
TelemetryTask,159587,159588,176166949,176169989,33754,True,1,1,176203743,159591,4,156.2685185185185,156.2685185185185,815601.800925926,815758.0694444445
UartTxTask,159590,159592,176199509,176206226,6241,True,0,1,176212467,159594,4,28.89351851851852,28.89351851851852,815769.5648148148,815798.4583333334
UartTxTask,159596,159597,176361544,176364750,6163,True,0,1,176370913,159599,4,28.53240740740741,28.53240740740741,816503.4722222222,816532.0046296297
TelemetryTask,159601,159602,178326942,178329969,33755,True,1,1,178363724,159605,4,156.27314814814815,156.27314814814815,825601.7083333334,825757.9814814815
UartTxTask,159604,159606,178359504,178366249,6090,True,0,1,178372339,159608,4,28.194444444444443,28.194444444444443,825769.6712962963,825797.8657407408
UartTxTask,159610,159611,178521508,178524691,6195,True,0,1,178530886,159613,4,28.680555555555557,28.680555555555557,826503.199074074,826531.8796296297
TelemetryTask,159615,159616,180486914,180489951,33922,True,1,1,180523873,159619,4,157.0462962962963,157.0462962962963,835601.625,835758.6712962963
UartTxTask,159618,159620,180519599,180526422,6304,True,0,1,180532726,159622,4,29.185185185185187,29.185185185185187,835770.4722222222,835799.6574074074
UartTxTask,159624,159625,180681820,180685073,6297,True,0,1,180691370,159627,4,29.15277777777778,29.15277777777778,836504.9675925926,836534.1203703703
TelemetryTask,159629,159630,182646953,182649975,33929,True,1,1,182683904,159633,4,157.0787037037037,157.0787037037037,845601.7361111111,845758.8148148148
UartTxTask,159632,159634,182679614,182686433,6271,True,0,1,182692704,159636,4,29.03240740740741,29.03240740740741,845770.5231481482,845799.5555555555
UartTxTask,159638,159639,182841788,182844970,6283,True,0,1,182851253,159641,4,29.087962962962962,29.087962962962962,846504.4907407408,846533.5787037037
TelemetryTask,159643,159644,184806946,184810024,33819,True,1,1,184843843,159647,4,156.56944444444446,156.56944444444446,855601.9629629629,855758.5324074074
UartTxTask,159646,159648,184839532,184846376,6165,True,0,1,184852541,159650,4,28.541666666666668,28.541666666666668,855770.2592592592,855798.800925926
UartTxTask,159652,159653,185001573,185004738,6415,True,0,1,185011153,159655,4,29.699074074074073,29.699074074074073,856503.4166666666,856533.1157407408
TelemetryTask,159657,159658,186966969,186970068,33790,True,1,1,187003858,159661,4,156.4351851851852,156.4351851851852,865602.1666666666,865758.6018518518
UartTxTask,159660,159662,186999654,187006377,6269,True,0,1,187012646,159664,4,29.02314814814815,29.02314814814815,865770.2638888889,865799.2870370371
UartTxTask,159666,159667,187161690,187164799,6290,True,0,1,187171089,159669,4,29.12037037037037,29.12037037037037,866503.699074074,866532.8194444445
TelemetryTask,159671,159672,189126971,189129972,33925,True,1,1,189163897,159675,4,157.0601851851852,157.0601851851852,875601.7222222222,875758.7824074074
UartTxTask,159674,159676,189159545,189166413,6188,True,0,1,189172601,159678,4,28.64814814814815,28.64814814814815,875770.4305555555,875799.0787037037
UartTxTask,159680,159681,189321668,189324871,6210,True,0,1,189331081,159683,4,28.75,28.75,876504.0324074074,876532.7824074074
TelemetryTask,159685,159686,191286917,191290020,33923,True,1,1,191323943,159689,4,157.05092592592592,157.05092592592592,885601.9444444445,885758.9953703703
UartTxTask,159688,159690,191319641,191326482,6232,True,0,1,191332714,159692,4,28.85185185185185,28.85185185185185,885770.75,885799.6018518518
UartTxTask,159694,159695,191481851,191485057,6246,True,0,1,191491303,159697,4,28.916666666666668,28.916666666666668,886504.8935185185,886533.8101851852
TelemetryTask,159699,159700,193446937,193449923,34009,True,1,1,193483932,159703,4,157.44907407407408,157.44907407407408,895601.4953703703,895758.9444444445
UartTxTask,159702,159704,193479576,193486471,6253,True,0,1,193492724,159706,4,28.949074074074073,28.949074074074073,895770.699074074,895799.6481481482
UartTxTask,159708,159709,193641845,193644985,6292,True,0,1,193651277,159711,4,29.12962962962963,29.12962962962963,896504.5601851852,896533.6898148148
TelemetryTask,159713,159714,195606958,195609997,34007,True,1,1,195644004,159717,4,157.4398148148148,157.4398148148148,905601.8379629629,905759.2777777778
UartTxTask,159716,159718,195639751,195646564,6257,True,0,1,195652821,159720,4,28.96759259259259,28.96759259259259,905771.1296296297,905800.0972222222
UartTxTask,159722,159723,195801821,195805028,6275,True,0,1,195811303,159725,4,29.050925925925927,29.050925925925927,906504.7592592592,906533.8101851852
TelemetryTask,159727,159728,197766951,197770006,34006,True,1,1,197804012,159731,4,157.4351851851852,157.4351851851852,915601.8796296297,915759.3148148148
UartTxTask,159730,159732,197799700,197806520,6211,True,0,1,197812731,159734,4,28.75462962962963,28.75462962962963,915770.925925926,915799.6805555555
UartTxTask,159736,159737,197961746,197964967,6255,True,0,1,197971222,159739,4,28.958333333333332,28.958333333333332,916504.4768518518,916533.4351851852
TelemetryTask,159741,159742,199926962,199930040,33902,True,1,1,199963942,159745,4,156.9537037037037,156.9537037037037,925602.0370370371,925758.9907407408
UartTxTask,159744,159746,199959655,199966517,6069,True,0,1,199972586,159748,4,28.09722222222222,28.09722222222222,925770.9120370371,925799.0092592592
UartTxTask,159750,159751,200121656,200124842,6201,True,0,1,200131043,159753,4,28.708333333333332,28.708333333333332,926503.8981481482,926532.6064814815
TelemetryTask,159755,159756,202086936,202089966,33921,True,1,1,202123887,159759,4,157.04166666666666,157.04166666666666,935601.6944444445,935758.7361111111
UartTxTask,159758,159760,202119635,202126399,6180,True,0,1,202132579,159762,4,28.61111111111111,28.61111111111111,935770.3657407408,935798.9768518518
UartTxTask,159764,159765,202281698,202284793,6222,True,0,1,202291015,159767,4,28.805555555555557,28.805555555555557,936503.6712962963,936532.4768518518
TelemetryTask,159769,159770,204246957,204250050,34107,True,1,1,204284157,159773,4,157.90277777777777,157.90277777777777,945602.0833333334,945759.9861111111
UartTxTask,159772,159774,204279849,204286680,6183,True,0,1,204292863,159776,4,28.625,28.625,945771.6666666666,945800.2916666666
UartTxTask,159778,159779,204441954,204445124,6300,True,0,1,204451424,159781,4,29.166666666666668,29.166666666666668,946505.2037037037,946534.3703703703
TelemetryTask,159783,159784,206406932,206409863,33746,True,1,1,206443609,159787,4,156.2314814814815,156.2314814814815,955601.2175925926,955757.449074074
UartTxTask,159786,159788,206439431,206446127,6189,True,0,1,206452316,159790,4,28.65277777777778,28.65277777777778,955769.1064814815,955797.7592592592
UartTxTask,159792,159793,206601353,206604467,6254,True,0,1,206610721,159795,4,28.953703703703702,28.953703703703702,956502.1620370371,956531.1157407408
TelemetryTask,159797,159798,208566976,208570059,33989,True,1,1,208604048,159801,4,157.3564814814815,157.3564814814815,965602.125,965759.4814814815
UartTxTask,159800,159802,208599724,208606620,6185,True,0,1,208612805,159804,4,28.63425925925926,28.63425925925926,965771.3888888889,965800.0231481482
UartTxTask,159806,159807,208761887,208765072,6256,True,0,1,208771328,159809,4,28.962962962962962,28.962962962962962,966504.9629629629,966533.925925926
TelemetryTask,159811,159812,210726974,210730013,33971,True,1,1,210763984,159815,4,157.27314814814815,157.27314814814815,975601.9120370371,975759.1851851852
UartTxTask,159814,159816,210759724,210766520,6198,True,0,1,210772718,159818,4,28.694444444444443,28.694444444444443,975770.925925926,975799.6203703703
UartTxTask,159820,159821,210921833,210924985,6312,True,0,1,210931297,159823,4,29.22222222222222,29.22222222222222,976504.5601851852,976533.7824074074
TelemetryTask,159825,159826,212886961,212889957,33862,True,1,1,212923819,159829,4,156.7685185185185,156.7685185185185,985601.6527777778,985758.4212962963
UartTxTask,159828,159830,212919540,212926324,6146,True,0,1,212932470,159832,4,28.453703703703702,28.453703703703702,985770.0185185185,985798.4722222222
UartTxTask,159834,159835,213081537,213084760,6285,True,0,1,213091045,159837,4,29.09722222222222,29.09722222222222,986503.5185185185,986532.6157407408
TelemetryTask,159839,159840,215046950,215049912,34118,True,1,1,215084030,159843,4,157.9537037037037,157.9537037037037,995601.4444444445,995759.3981481482
UartTxTask,159842,159844,215079630,215086590,6189,True,0,1,215092779,159846,4,28.65277777777778,28.65277777777778,995771.25,995799.9027777778
UartTxTask,159848,159849,215241894,215245042,6137,True,0,1,215251179,159851,4,28.412037037037038,28.412037037037038,996504.824074074,996533.2361111111
TelemetryTask,159853,159854,217206928,217209974,34006,True,1,1,217243980,159857,4,157.4351851851852,157.4351851851852,1005601.7314814815,1005759.1666666666
UartTxTask,159856,159858,217239714,217246532,6187,True,0,1,217252719,159860,4,28.64351851851852,28.64351851851852,1005770.9814814815,1005799.625
UartTxTask,159862,159863,217401818,217405006,6211,True,0,1,217411217,159865,4,28.75462962962963,28.75462962962963,1006504.6574074074,1006533.4120370371
TelemetryTask,159867,159868,219366932,219369955,33876,True,1,1,219403831,159871,4,156.83333333333334,156.83333333333334,1015601.6435185185,1015758.4768518518
UartTxTask,159870,159872,219399519,219406295,6254,True,0,1,219412549,159874,4,28.953703703703702,28.953703703703702,1015769.8842592592,1015798.8379629629
UartTxTask,159876,159877,219561520,219564760,6184,True,0,1,219570944,159879,4,28.62962962962963,28.62962962962963,1016503.5185185185,1016532.1481481482
TelemetryTask,159881,159882,221526944,221530015,33842,True,1,1,221563857,159885,4,156.67592592592592,156.67592592592592,1025601.9212962963,1025758.5972222222
UartTxTask,159884,159886,221559594,221566387,6138,True,0,1,221572525,159888,4,28.416666666666668,28.416666666666668,1025770.3101851852,1025798.7268518518
UartTxTask,159890,159891,221721608,221724825,6231,True,0,1,221731056,159893,4,28.84722222222222,28.84722222222222,1026503.8194444445,1026532.6666666666
TelemetryTask,159895,159896,223686928,223689957,33968,True,1,1,223723925,159899,4,157.25925925925927,157.25925925925927,1035601.6527777778,1035758.9120370371
UartTxTask,159898,159900,223719684,223726431,6192,True,0,1,223732623,159902,4,28.666666666666668,28.666666666666668,1035770.5138888889,1035799.1805555555
UartTxTask,159904,159905,223881749,223885029,6253,True,0,1,223891282,159907,4,28.949074074074073,28.949074074074073,1036504.7638888889,1036533.7129629629
TelemetryTask,159909,159910,225846952,225850085,33824,True,1,1,225883909,159913,4,156.59259259259258,156.59259259259258,1045602.2453703703,1045758.8379629629
UartTxTask,159912,159914,225879650,225886470,6172,True,0,1,225892642,159916,4,28.574074074074073,28.574074074074073,1045770.6944444445,1045799.2685185185
UartTxTask,159918,159919,226041737,226044949,6248,True,0,1,226051197,159921,4,28.925925925925927,28.925925925925927,1046504.3935185185,1046533.3194444445
TelemetryTask,159923,159924,228006924,228009970,34006,True,1,1,228043976,159927,4,157.4351851851852,157.4351851851852,1055601.712962963,1055759.148148148
UartTxTask,159926,159928,228039690,228046507,6069,True,0,1,228052576,159930,4,28.09722222222222,28.09722222222222,1055770.8657407407,1055798.962962963
UartTxTask,159932,159933,228201628,228204855,6166,True,0,1,228211021,159935,4,28.546296296296298,28.546296296296298,1056503.9583333333,1056532.5046296297
TelemetryTask,159937,159938,230166956,230170014,33981,True,1,1,230203995,159941,4,157.31944444444446,157.31944444444446,1065601.9166666667,1065759.236111111
UartTxTask,159940,159942,230199672,230206488,6189,True,0,1,230212677,159944,4,28.65277777777778,28.65277777777778,1065770.7777777778,1065799.4305555555
UartTxTask,159946,159947,230361765,230364982,6190,True,0,1,230371172,159949,4,28.65740740740741,28.65740740740741,1066504.5462962964,1066533.2037037036
TelemetryTask,159951,159952,232326958,232329961,33796,True,1,1,232363757,159955,4,156.46296296296296,156.46296296296296,1075601.6712962964,1075758.1342592593
UartTxTask,159954,159956,232359501,232366248,6201,True,0,1,232372449,159958,4,28.708333333333332,28.708333333333332,1075769.6666666667,1075798.375
UartTxTask,159960,159961,232521480,232524618,6223,True,0,1,232530841,159963,4,28.810185185185187,28.810185185185187,1076502.861111111,1076531.6712962964
TelemetryTask,159965,159966,234486971,234489972,33742,True,1,1,234523714,159969,4,156.21296296296296,156.21296296296296,1085601.7222222222,1085757.9351851852
UartTxTask,159968,159970,234519472,234526213,6274,True,0,1,234532487,159972,4,29.046296296296298,29.046296296296298,1085769.5046296297,1085798.5509259258
UartTxTask,159974,159975,234681531,234684668,6199,True,0,1,234690867,159977,4,28.699074074074073,28.699074074074073,1086503.0925925926,1086531.7916666667
TelemetryTask,159979,159980,236646955,236649956,33980,True,1,1,236683936,159983,4,157.3148148148148,157.3148148148148,1095601.648148148,1095758.962962963
UartTxTask,159982,159984,236679533,236686404,6137,True,0,1,236692541,159986,4,28.412037037037038,28.412037037037038,1095770.388888889,1095798.8009259258
UartTxTask,159988,159989,236841586,236844730,6183,True,0,1,236850913,159991,4,28.625,28.625,1096503.3796296297,1096532.0046296297
TelemetryTask,159993,159994,238806957,238810093,33916,True,1,1,238844009,159997,4,157.0185185185185,157.0185185185185,1105602.2824074074,1105759.3009259258
UartTxTask,159996,159998,238839785,238846528,6309,True,0,1,238852837,160000,4,29.208333333333332,29.208333333333332,1105770.962962963,1105800.1712962964
UartTxTask,160002,160003,239001869,239005120,6187,True,0,1,239011307,160005,4,28.64351851851852,28.64351851851852,1106505.1851851852,1106533.8287037036
TelemetryTask,160007,160008,240966977,240970033,33912,True,1,1,241003945,160011,4,157.0,157.0,1115602.0046296297,1115759.0046296297
UartTxTask,160010,160012,240999643,241006433,6235,True,0,1,241012668,160014,4,28.86574074074074,28.86574074074074,1115770.523148148,1115799.388888889
UartTxTask,160016,160017,241161747,241164915,6247,True,0,1,241171162,160019,4,28.921296296296298,28.921296296296298,1116504.236111111,1116533.1574074074
TelemetryTask,160021,160022,243126946,243130009,34032,True,1,1,243164041,160025,4,157.55555555555554,157.55555555555554,1125601.8935185184,1125759.4490740742
UartTxTask,160024,160026,243159704,243166587,6140,True,0,1,243172727,160028,4,28.425925925925927,28.425925925925927,1125771.236111111,1125799.662037037
UartTxTask,160030,160031,243321816,243325039,6211,True,0,1,243331250,160033,4,28.75462962962963,28.75462962962963,1126504.8101851852,1126533.5648148148
ButtonTask,160037,160039,244523610,244526821,29634,True,1,1,244556455,160043,4,137.19444444444446,137.19444444444446,1132068.6157407407,1132205.8101851852
UartTxTask,160042,160044,244552779,244559210,6175,True,0,1,244565385,160046,4,28.587962962962962,28.587962962962962,1132218.5648148148,1132247.1527777778
UartTxTask,160048,160049,244714499,244716478,6257,True,0,1,244722735,160051,4,28.96759259259259,28.96759259259259,1132946.6574074074,1132975.625
TelemetryTask,160053,160054,245286962,245289967,33904,True,1,1,245323871,160057,4,156.96296296296296,156.96296296296296,1135601.6990740742,1135758.662037037
UartTxTask,160056,160058,245319523,245326405,6144,True,0,1,245332549,160060,4,28.444444444444443,28.444444444444443,1135770.3935185184,1135798.837962963
UartTxTask,160062,160063,245481718,245484974,6291,True,0,1,245491265,160065,4,29.125,29.125,1136504.5092592593,1136533.6342592593
TelemetryTask,160067,160068,247446918,247449949,33685,True,1,1,247483634,160071,4,155.94907407407408,155.94907407407408,1145601.6157407407,1145757.5648148148
UartTxTask,160070,160072,247479308,247486127,6200,True,0,1,247492327,160074,4,28.703703703703702,28.703703703703702,1145769.1064814816,1145797.8101851852
UartTxTask,160076,160077,247641393,247644600,6149,True,0,1,247650749,160079,4,28.46759259259259,28.46759259259259,1146502.7777777778,1146531.2453703703
TelemetryTask,160081,160082,249606943,249609949,34012,True,1,1,249643961,160085,4,157.46296296296296,157.46296296296296,1155601.6157407407,1155759.0787037036
UartTxTask,160084,160086,249639658,249646456,6181,True,0,1,249652637,160088,4,28.61574074074074,28.61574074074074,1155770.6296296297,1155799.2453703703
UartTxTask,160090,160091,249801760,249804929,6289,True,0,1,249811218,160093,4,29.11574074074074,29.11574074074074,1156504.3009259258,1156533.4166666667
TelemetryTask,160095,160096,251766919,251769895,33733,True,1,1,251803628,160099,4,156.1712962962963,156.1712962962963,1165601.3657407407,1165757.537037037
UartTxTask,160098,160100,251799400,251806139,6315,True,0,1,251812454,160102,4,29.23611111111111,29.23611111111111,1165769.162037037,1165798.398148148
UartTxTask,160104,160105,251961502,251964740,6332,True,0,1,251971072,160107,4,29.314814814814813,29.314814814814813,1166503.4259259258,1166532.7407407407
TelemetryTask,160109,160110,253926979,253930022,33887,True,1,1,253963909,160113,4,156.88425925925927,156.88425925925927,1175601.9537037036,1175758.837962963
UartTxTask,160112,160114,253959606,253966423,6160,True,0,1,253972583,160116,4,28.51851851851852,28.51851851851852,1175770.476851852,1175798.9953703703
UartTxTask,160118,160119,254121691,254124946,6247,True,0,1,254131193,160121,4,28.921296296296298,28.921296296296298,1176504.3796296297,1176533.3009259258
TelemetryTask,160123,160124,256086974,256090002,33833,True,1,1,256123835,160127,4,156.63425925925927,156.63425925925927,1185601.861111111,1185758.4953703703
UartTxTask,160126,160128,256119601,256126383,6133,True,0,1,256132516,160130,4,28.39351851851852,28.39351851851852,1185770.2916666667,1185798.6851851852
UartTxTask,160132,160133,256281603,256284819,6159,True,0,1,256290978,160135,4,28.51388888888889,28.51388888888889,1186503.7916666667,1186532.3055555555
TelemetryTask,160137,160138,258246956,258250045,34103,True,1,1,258284148,160141,4,157.88425925925927,157.88425925925927,1195602.0601851852,1195759.9444444445
UartTxTask,160140,160142,258279745,258286724,6210,True,0,1,258292934,160144,4,28.75,28.75,1195771.8703703703,1195800.6203703703
UartTxTask,160146,160147,258442038,258445239,6290,True,0,1,258451529,160149,4,29.12037037037037,29.12037037037037,1196505.736111111,1196534.8564814816
TelemetryTask,160151,160152,260406923,260409913,33952,True,1,1,260443865,160155,4,157.1851851851852,157.1851851851852,1205601.4490740742,1205758.6342592593
UartTxTask,160154,160156,260439601,260446409,6211,True,0,1,260452620,160158,4,28.75462962962963,28.75462962962963,1205770.412037037,1205799.1666666667
UartTxTask,160160,160161,260601663,260604852,6256,True,0,1,260611108,160163,4,28.962962962962962,28.962962962962962,1206503.9444444445,1206532.9074074074
TelemetryTask,160165,160166,262566954,262570037,34120,True,1,1,262604157,160169,4,157.96296296296296,157.96296296296296,1215602.023148148,1215759.986111111
UartTxTask,160168,160170,262599814,262606701,6322,True,0,1,262613023,160172,4,29.26851851851852,29.26851851851852,1215771.763888889,1215801.0324074074
UartTxTask,160174,160175,262762095,262765359,6311,True,0,1,262771670,160177,4,29.21759259259259,29.21759259259259,1216506.2916666667,1216535.5092592593
TelemetryTask,160179,160180,264726944,264729897,33767,True,1,1,264763664,160183,4,156.3287037037037,156.3287037037037,1225601.375,1225757.7037037036
UartTxTask,160182,160184,264759386,264766204,6395,True,0,1,264772599,160186,4,29.60648148148148,29.60648148148148,1225769.462962963,1225799.0694444445
UartTxTask,160188,160189,264921670,264924819,6401,True,0,1,264931220,160191,4,29.63425925925926,29.63425925925926,1226503.7916666667,1226533.4259259258
TelemetryTask,160193,160194,266886942,266890003,34007,True,1,1,266924010,160197,4,157.4398148148148,157.4398148148148,1235601.8657407407,1235759.3055555555
UartTxTask,160196,160198,266919671,266926512,6216,True,0,1,266932728,160200,4,28.77777777777778,28.77777777777778,1235770.888888889,1235799.6666666667
UartTxTask,160202,160203,267081889,267085061,6295,True,0,1,267091356,160205,4,29.14351851851852,29.14351851851852,1236504.912037037,1236534.0555555555
TelemetryTask,160207,160208,269046953,269049952,33997,True,1,1,269083949,160211,4,157.3935185185185,157.3935185185185,1245601.6296296297,1245759.023148148
UartTxTask,160210,160212,269079688,269086508,6110,True,0,1,269092618,160214,4,28.287037037037038,28.287037037037038,1245770.8703703703,1245799.1574074074
UartTxTask,160216,160217,269241659,269244839,6148,True,0,1,269250987,160219,4,28.462962962962962,28.462962962962962,1246503.8842592593,1246532.3472222222
TelemetryTask,160221,160222,271206938,271209954,33818,True,1,1,271243772,160225,4,156.5648148148148,156.5648148148148,1255601.638888889,1255758.2037037036
UartTxTask,160224,160226,271239588,271246293,6193,True,0,1,271252486,160228,4,28.671296296296298,28.671296296296298,1255769.875,1255798.5462962964
UartTxTask,160230,160231,271401581,271404770,6211,True,0,1,271410981,160233,4,28.75462962962963,28.75462962962963,1256503.5648148148,1256532.3194444445
TelemetryTask,160235,160236,273366940,273369991,33901,True,1,1,273403892,160239,4,156.94907407407408,156.94907407407408,1265601.8101851852,1265758.7592592593
UartTxTask,160238,160240,273399694,273406342,6232,True,0,1,273412574,160242,4,28.85185185185185,28.85185185185185,1265770.101851852,1265798.9537037036
UartTxTask,160244,160245,273561640,273564800,6124,True,0,1,273570924,160247,4,28.35185185185185,28.35185185185185,1266503.7037037036,1266532.0555555555
TelemetryTask,160249,160250,275526923,275530008,33904,True,1,1,275563912,160253,4,156.96296296296296,156.96296296296296,1275601.888888889,1275758.851851852
UartTxTask,160252,160254,275559615,275566486,6341,True,0,1,275572827,160256,4,29.35648148148148,29.35648148148148,1275770.7685185184,1275800.125
UartTxTask,160258,160259,275721892,275725111,6183,True,0,1,275731294,160261,4,28.625,28.625,1276505.1435185184,1276533.7685185184
TelemetryTask,160263,160264,277686958,277689943,33923,True,1,1,277723866,160267,4,157.05092592592592,157.05092592592592,1285601.587962963,1285758.638888889
UartTxTask,160266,160268,277719530,277726365,6149,True,0,1,277732514,160270,4,28.46759259259259,28.46759259259259,1285770.2083333333,1285798.6759259258
UartTxTask,160272,160273,277881609,277884791,6378,True,0,1,277891169,160275,4,29.52777777777778,29.52777777777778,1286503.662037037,1286533.1898148148
TelemetryTask,160277,160278,279846932,279849979,34083,True,1,1,279884062,160281,4,157.79166666666666,157.79166666666666,1295601.7546296297,1295759.5462962964
UartTxTask,160280,160282,279879710,279886565,6284,True,0,1,279892849,160284,4,29.09259259259259,29.09259259259259,1295771.1342592593,1295800.226851852
UartTxTask,160286,160287,280041917,280045138,6244,True,0,1,280051382,160289,4,28.90740740740741,28.90740740740741,1296505.2685185184,1296534.1759259258
TelemetryTask,160291,160292,282006963,282010055,33760,True,1,1,282043815,160295,4,156.2962962962963,156.2962962962963,1305602.1064814816,1305758.4027777778
UartTxTask,160294,160296,282039597,282046335,6134,True,0,1,282052469,160298,4,28.39814814814815,28.39814814814815,1305770.0694444445,1305798.4675925926
UartTxTask,160300,160301,282201599,282204779,6291,True,0,1,282211070,160303,4,29.125,29.125,1306503.6064814816,1306532.7314814816
TelemetryTask,160305,160306,284166955,284170054,33831,True,1,1,284203885,160309,4,156.625,156.625,1315602.101851852,1315758.726851852
UartTxTask,160308,160310,284199641,284206398,6188,True,0,1,284212586,160312,4,28.64814814814815,28.64814814814815,1315770.361111111,1315799.0092592593
UartTxTask,160314,160315,284361644,284364849,6360,True,0,1,284371209,160317,4,29.444444444444443,29.444444444444443,1316503.9305555555,1316533.375
TelemetryTask,160319,160320,286326918,286329985,33966,True,1,1,286363951,160323,4,157.25,157.25,1325601.7824074074,1325759.0324074074
UartTxTask,160322,160324,286359695,286366454,6272,True,0,1,286372726,160326,4,29.037037037037038,29.037037037037038,1325770.6203703703,1325799.6574074074
ButtonTask,160330,160332,286498581,286503225,29821,True,1,1,286533046,160336,4,138.0601851851852,138.0601851851852,1326403.8194444445,1326541.8796296297
UartTxTask,160334,160337,286521911,286535887,9003,True,0,1,286544890,160340,4,41.68055555555556,41.68055555555556,1326555.0324074074,1326596.712962963
UartTxTask,160342,160343,286693954,286695959,6410,True,0,1,286702369,160345,4,29.675925925925927,29.675925925925927,1327296.1064814816,1327325.7824074074
TelemetryTask,160347,160348,288486927,288489925,33910,True,1,1,288523835,160351,4,156.99074074074073,156.99074074074073,1335601.5046296297,1335758.4953703703
UartTxTask,160350,160352,288519575,288526389,6137,True,0,1,288532526,160354,4,28.412037037037038,28.412037037037038,1335770.3194444445,1335798.7314814816
UartTxTask,160356,160357,288681652,288684807,6256,True,0,1,288691063,160359,4,28.962962962962962,28.962962962962962,1336503.736111111,1336532.6990740742
TelemetryTask,160361,160362,290646954,290649965,33751,True,1,1,290683716,160365,4,156.25462962962962,156.25462962962962,1345601.6898148148,1345757.9444444445
UartTxTask,160364,160366,290679393,290686228,6215,True,0,1,290692443,160368,4,28.77314814814815,28.77314814814815,1345769.5740740742,1345798.3472222222
UartTxTask,160370,160371,290841565,290844745,6151,True,0,1,290850896,160373,4,28.47685185185185,28.47685185185185,1346503.4490740742,1346531.9259259258
TelemetryTask,160375,160376,292806935,292809955,33793,True,1,1,292843748,160379,4,156.44907407407408,156.44907407407408,1355601.6435185184,1355758.0925925926
UartTxTask,160378,160380,292839412,292846213,6261,True,0,1,292852474,160382,4,28.98611111111111,28.98611111111111,1355769.5046296297,1355798.4907407407
UartTxTask,160384,160385,293001478,293004629,6349,True,0,1,293010978,160387,4,29.39351851851852,29.39351851851852,1356502.912037037,1356532.3055555555
TelemetryTask,160389,160390,294966961,294970013,33929,True,1,1,295003942,160393,4,157.0787037037037,157.0787037037037,1365601.912037037,1365758.9907407407
UartTxTask,160392,160394,294999585,295006459,6168,True,0,1,295012627,160396,4,28.555555555555557,28.555555555555557,1365770.6435185184,1365799.1990740742
UartTxTask,160398,160399,295161783,295165007,6299,True,0,1,295171306,160401,4,29.162037037037038,29.162037037037038,1366504.662037037,1366533.8240740742
TelemetryTask,160403,160404,297126908,297129961,33913,True,1,1,297163874,160407,4,157.00462962962962,157.00462962962962,1375601.6712962964,1375758.6759259258
UartTxTask,160406,160408,297159531,297166395,6200,True,0,1,297172595,160410,4,28.703703703703702,28.703703703703702,1375770.3472222222,1375799.0509259258
UartTxTask,160412,160413,297321651,297324842,6254,True,0,1,297331096,160415,4,28.953703703703702,28.953703703703702,1376503.898148148,1376532.851851852
TelemetryTask,160417,160418,299286959,299290035,33739,True,1,1,299323774,160421,4,156.19907407407408,156.19907407407408,1385602.013888889,1385758.212962963
UartTxTask,160420,160422,299319575,299326309,6274,True,0,1,299332583,160424,4,29.046296296296298,29.046296296296298,1385769.9490740742,1385798.9953703703
UartTxTask,160426,160427,299481623,299484801,6200,True,0,1,299491001,160429,4,28.703703703703702,28.703703703703702,1386503.7083333333,1386532.412037037
TelemetryTask,160431,160432,301446944,301449924,34090,True,1,1,301484014,160435,4,157.82407407407408,157.82407407407408,1395601.5,1395759.3240740742
UartTxTask,160434,160436,301479664,301486500,6174,True,0,1,301492674,160438,4,28.583333333333332,28.583333333333332,1395770.8333333333,1395799.4166666667
UartTxTask,160440,160441,301641722,301644892,6240,True,0,1,301651132,160443,4,28.88888888888889,28.88888888888889,1396504.1296296297,1396533.0185185184
TelemetryTask,160445,160446,303606921,303609992,33752,True,1,1,303643744,160449,4,156.25925925925927,156.25925925925927,1405601.8148148148,1405758.0740740742
UartTxTask,160448,160450,303639491,303646231,6105,True,0,1,303652336,160452,4,28.26388888888889,28.26388888888889,1405769.587962963,1405797.851851852
UartTxTask,160454,160455,303801531,303804788,6203,True,0,1,303810991,160457,4,28.71759259259259,28.71759259259259,1406503.648148148,1406532.3657407407
TelemetryTask,160459,160460,305766940,305769974,33800,True,1,1,305803774,160463,4,156.4814814814815,156.4814814814815,1415601.7314814816,1415758.212962963
UartTxTask,160462,160464,305799443,305806305,6206,True,0,1,305812511,160466,4,28.73148148148148,28.73148148148148,1415769.9305555555,1415798.662037037
UartTxTask,160468,160469,305961623,305964720,6223,True,0,1,305970943,160471,4,28.810185185185187,28.810185185185187,1416503.3333333333,1416532.1435185184
TelemetryTask,160473,160474,307926968,307929988,33882,True,1,1,307963870,160477,4,156.86111111111111,156.86111111111111,1425601.7962962964,1425758.6574074074
UartTxTask,160476,160478,307959599,307966380,6151,True,0,1,307972531,160480,4,28.47685185185185,28.47685185185185,1425770.2777777778,1425798.7546296297
UartTxTask,160482,160483,308121661,308124852,6154,True,0,1,308131006,160485,4,28.49074074074074,28.49074074074074,1426503.9444444445,1426532.4351851852
TelemetryTask,160487,160488,310086978,310089969,33855,True,1,1,310123824,160491,4,156.73611111111111,156.73611111111111,1435601.7083333333,1435758.4444444445
UartTxTask,160490,160492,310119544,310126314,6084,True,0,1,310132398,160494,4,28.166666666666668,28.166666666666668,1435769.9722222222,1435798.138888889
UartTxTask,160496,160497,310281473,310284653,6239,True,0,1,310290892,160499,4,28.88425925925926,28.88425925925926,1436503.023148148,1436531.9074074074
TelemetryTask,160501,160502,312246981,312250050,33795,True,1,1,312283845,160505,4,156.45833333333334,156.45833333333334,1445602.0833333333,1445758.5416666667
UartTxTask,160504,160506,312279647,312286368,6283,True,0,1,312292651,160508,4,29.087962962962962,29.087962962962962,1445770.2222222222,1445799.3101851852
UartTxTask,160510,160511,312441706,312444948,6192,True,0,1,312451140,160513,4,28.666666666666668,28.666666666666668,1446504.388888889,1446533.0555555555
TelemetryTask,160515,160516,314406929,314409937,33849,True,1,1,314443786,160519,4,156.70833333333334,156.70833333333334,1455601.5601851852,1455758.2685185184
UartTxTask,160518,160520,314439475,314446327,6176,True,0,1,314452503,160522,4,28.59259259259259,28.59259259259259,1455770.0324074074,1455798.625
UartTxTask,160524,160525,314601575,314604718,6279,True,0,1,314610997,160527,4,29.069444444444443,29.069444444444443,1456503.3240740742,1456532.3935185184
TelemetryTask,160529,160530,316566932,316569960,33978,True,1,1,316603938,160533,4,157.30555555555554,157.30555555555554,1465601.6666666667,1465758.9722222222
UartTxTask,160532,160534,316599575,316606498,6251,True,0,1,316612749,160536,4,28.939814814814813,28.939814814814813,1465770.8240740742,1465799.763888889
UartTxTask,160538,160539,316761839,316765021,6131,True,0,1,316771152,160541,4,28.38425925925926,28.38425925925926,1466504.726851852,1466533.111111111
TelemetryTask,160543,160544,318726972,318730090,33778,True,1,1,318763868,160547,4,156.37962962962962,156.37962962962962,1475602.2685185184,1475758.648148148
UartTxTask,160546,160548,318759674,318766387,6214,True,0,1,318772601,160550,4,28.76851851851852,28.76851851851852,1475770.3101851852,1475799.0787037036
UartTxTask,160552,160553,318921721,318924967,6289,True,0,1,318931256,160555,4,29.11574074074074,29.11574074074074,1476504.476851852,1476533.5925925926
TelemetryTask,160557,160558,320886946,320889923,34157,True,1,1,320924080,160561,4,158.13425925925927,158.13425925925927,1485601.4953703703,1485759.6296296297
UartTxTask,160560,160562,320919664,320926567,6279,True,0,1,320932846,160564,4,29.069444444444443,29.069444444444443,1485771.1435185184,1485800.212962963
UartTxTask,160566,160567,321081876,321085024,6214,True,0,1,321091238,160569,4,28.76851851851852,28.76851851851852,1486504.7407407407,1486533.5092592593
TelemetryTask,160571,160572,323046928,323049994,34119,True,1,1,323084113,160575,4,157.95833333333334,157.95833333333334,1495601.8240740742,1495759.7824074074
UartTxTask,160574,160576,323079786,323086612,6266,True,0,1,323092878,160578,4,29.00925925925926,29.00925925925926,1495771.351851852,1495800.361111111
UartTxTask,160580,160581,323241981,323245148,6296,True,0,1,323251444,160583,4,29.14814814814815,29.14814814814815,1496505.3148148148,1496534.462962963
TelemetryTask,160585,160586,325206962,325210045,34038,True,1,1,325244083,160589,4,157.58333333333334,157.58333333333334,1505602.0601851852,1505759.6435185184
UartTxTask,160588,160590,325239762,325246619,6213,True,0,1,325252832,160592,4,28.76388888888889,28.76388888888889,1505771.3842592593,1505800.148148148
UartTxTask,160594,160595,325401972,325405171,6354,True,0,1,325411525,160597,4,29.416666666666668,29.416666666666668,1506505.4212962964,1506534.837962963
TelemetryTask,160599,160600,327366921,327369923,33722,True,1,1,327403645,160603,4,156.12037037037038,156.12037037037038,1515601.4953703703,1515757.6157407407
UartTxTask,160602,160604,327399359,327406179,6176,True,0,1,327412355,160606,4,28.59259259259259,28.59259259259259,1515769.3472222222,1515797.9398148148
UartTxTask,160608,160609,327561440,327564557,6348,True,0,1,327570905,160611,4,29.38888888888889,29.38888888888889,1516502.5787037036,1516531.9675925926
TelemetryTask,160613,160614,329526950,329529965,33864,True,1,1,329563829,160617,4,156.77777777777777,156.77777777777777,1525601.6898148148,1525758.4675925926
UartTxTask,160616,160618,329559610,329566381,6216,True,0,1,329572597,160620,4,28.77777777777778,28.77777777777778,1525770.2824074074,1525799.0601851852
UartTxTask,160622,160623,329721739,329724843,6279,True,0,1,329731122,160625,4,29.069444444444443,29.069444444444443,1526503.9027777778,1526532.9722222222
TelemetryTask,160627,160628,331686946,331690001,33793,True,1,1,331723794,160631,4,156.44907407407408,156.44907407407408,1535601.8564814816,1535758.3055555555
UartTxTask,160630,160632,331719532,331726374,6223,True,0,1,331732597,160634,4,28.810185185185187,28.810185185185187,1535770.25,1535799.0601851852
UartTxTask,160636,160637,331881694,331884873,6292,True,0,1,331891165,160639,4,29.12962962962963,29.12962962962963,1536504.0416666667,1536533.1712962964
TelemetryTask,160641,160642,333846952,333849932,34118,True,1,1,333884050,160645,4,157.9537037037037,157.9537037037037,1545601.537037037,1545759.4907407407
UartTxTask,160644,160646,333879712,333886573,6208,True,0,1,333892781,160648,4,28.74074074074074,28.74074074074074,1545771.1712962964,1545799.912037037
UartTxTask,160650,160651,334041855,334045091,6284,True,0,1,334051375,160653,4,29.09259259259259,29.09259259259259,1546505.0509259258,1546534.1435185184
TelemetryTask,160655,160656,336006968,336010024,33992,True,1,1,336044016,160659,4,157.37037037037038,157.37037037037038,1555601.962962963,1555759.3333333333
UartTxTask,160658,160660,336039733,336046539,6206,True,0,1,336052745,160662,4,28.73148148148148,28.73148148148148,1555771.013888889,1555799.7453703703
UartTxTask,160664,160665,336201819,336204986,6238,True,0,1,336211224,160667,4,28.87962962962963,28.87962962962963,1556504.5648148148,1556533.4444444445
TelemetryTask,160669,160670,338166919,338169946,34017,True,1,1,338203963,160673,4,157.48611111111111,157.48611111111111,1565601.601851852,1565759.087962963
UartTxTask,160672,160674,338199600,338206480,6275,True,0,1,338212755,160676,4,29.050925925925927,29.050925925925927,1565770.7407407407,1565799.7916666667
UartTxTask,160678,160679,338361834,338365118,6268,True,0,1,338371386,160681,4,29.01851851851852,29.01851851851852,1566505.1759259258,1566534.1944444445
TelemetryTask,160683,160684,340326960,340329972,33880,True,1,1,340363852,160687,4,156.85185185185185,156.85185185185185,1575601.7222222222,1575758.5740740742
UartTxTask,160686,160688,340359445,340366425,6097,True,0,1,340372522,160690,4,28.22685185185185,28.22685185185185,1575770.486111111,1575798.712962963
UartTxTask,160692,160693,340521713,340524877,6208,True,0,1,340531085,160695,4,28.74074074074074,28.74074074074074,1576504.0601851852,1576532.8009259258
TelemetryTask,160697,160698,342486963,342490055,33896,True,1,1,342523951,160701,4,156.92592592592592,156.92592592592592,1585602.1064814816,1585759.0324074074
UartTxTask,160700,160702,342519741,342526515,6171,True,0,1,342532686,160704,4,28.569444444444443,28.569444444444443,1585770.9027777778,1585799.4722222222
UartTxTask,160706,160707,342681760,342684925,6322,True,0,1,342691247,160709,4,29.26851851851852,29.26851851851852,1586504.2824074074,1586533.5509259258
TelemetryTask,160711,160712,344646924,344649967,34129,True,1,1,344684096,160715,4,158.00462962962962,158.00462962962962,1595601.6990740742,1595759.7037037036
UartTxTask,160714,160716,344679773,344686637,6182,True,0,1,344692819,160718,4,28.62037037037037,28.62037037037037,1595771.4675925926,1595800.087962963
UartTxTask,160720,160721,344841901,344845179,6336,True,0,1,344851515,160723,4,29.333333333333332,29.333333333333332,1596505.4583333333,1596534.7916666667
TelemetryTask,160725,160726,346806966,346810026,33780,True,1,1,346843806,160729,4,156.38888888888889,156.38888888888889,1605601.9722222222,1605758.361111111
UartTxTask,160728,160730,346839523,346846313,6262,True,0,1,346852575,160732,4,28.99074074074074,28.99074074074074,1605769.9675925926,1605798.9583333333
UartTxTask,160734,160735,347001611,347004766,6226,True,0,1,347010992,160737,4,28.824074074074073,28.824074074074073,1606503.5462962964,1606532.3703703703
TelemetryTask,160739,160740,348966921,348969954,34150,True,1,1,349004104,160743,4,158.10185185185185,158.10185185185185,1615601.638888889,1615759.7407407407
UartTxTask,160742,160744,348999819,349006613,6283,True,0,1,349012896,160746,4,29.087962962962962,29.087962962962962,1615771.3564814816,1615800.4444444445
UartTxTask,160748,160749,349161923,349165068,6331,True,0,1,349171399,160751,4,29.310185185185187,29.310185185185187,1616504.9444444445,1616534.2546296297
TelemetryTask,160753,160754,351126921,351129939,33919,True,1,1,351163858,160757,4,157.03240740740742,157.03240740740742,1625601.5694444445,1625758.601851852
UartTxTask,160756,160758,351159553,351166394,6148,True,0,1,351172542,160760,4,28.462962962962962,28.462962962962962,1625770.3425925926,1625798.8055555555
UartTxTask,160762,160763,351321643,351324793,6221,True,0,1,351331014,160765,4,28.800925925925927,28.800925925925927,1626503.6712962964,1626532.4722222222
TelemetryTask,160767,160768,353286954,353289963,33786,True,1,1,353323749,160771,4,156.41666666666666,156.41666666666666,1635601.6805555555,1635758.0972222222
UartTxTask,160770,160772,353319512,353326265,6137,True,0,1,353332402,160774,4,28.412037037037038,28.412037037037038,1635769.7453703703,1635798.1574074074
UartTxTask,160776,160777,353481483,353484663,6394,True,0,1,353491057,160779,4,29.60185185185185,29.60185185185185,1636503.0694444445,1636532.6712962964
TelemetryTask,160781,160782,355446914,355450000,33977,True,1,1,355483977,160785,4,157.30092592592592,157.30092592592592,1645601.851851852,1645759.1527777778
UartTxTask,160784,160786,355479755,355486494,6069,True,0,1,355492563,160788,4,28.09722222222222,28.09722222222222,1645770.8055555555,1645798.9027777778
UartTxTask,160790,160791,355641719,355644954,6294,True,0,1,355651248,160793,4,29.13888888888889,29.13888888888889,1646504.4166666667,1646533.5555555555
TelemetryTask,160795,160796,357606943,357609985,34098,True,1,1,357644083,160799,4,157.86111111111111,157.86111111111111,1655601.7824074074,1655759.6435185184
UartTxTask,160798,160800,357639832,357646565,6259,True,0,1,357652824,160802,4,28.97685185185185,28.97685185185185,1655771.1342592593,1655800.111111111
UartTxTask,160804,160805,357801873,357805065,6177,True,0,1,357811242,160807,4,28.59722222222222,28.59722222222222,1656504.9305555555,1656533.5277777778
TelemetryTask,160809,160810,359766985,359770052,33856,True,1,1,359803908,160813,4,156.74074074074073,156.74074074074073,1665602.0925925926,1665758.8333333333
UartTxTask,160812,160814,359799604,359806480,6173,True,0,1,359812653,160816,4,28.578703703703702,28.578703703703702,1665770.7407407407,1665799.3194444445
UartTxTask,160818,160819,359961763,359964969,6287,True,0,1,359971256,160821,4,29.10648148148148,29.10648148148148,1666504.486111111,1666533.5925925926
TelemetryTask,160823,160824,361926926,361929987,33762,True,1,1,361963749,160827,4,156.30555555555554,156.30555555555554,1675601.7916666667,1675758.0972222222
UartTxTask,160826,160828,361959474,361966307,6267,True,0,1,361972574,160830,4,29.01388888888889,29.01388888888889,1675769.9398148148,1675798.9537037036
UartTxTask,160832,160833,362121644,362124764,6244,True,0,1,362131008,160835,4,28.90740740740741,28.90740740740741,1676503.537037037,1676532.4444444445
TelemetryTask,160837,160838,364086941,364089964,34035,True,1,1,364123999,160841,4,157.56944444444446,157.56944444444446,1685601.6851851852,1685759.2546296297
UartTxTask,160840,160842,364119641,364126586,6192,True,0,1,364132778,160844,4,28.666666666666668,28.666666666666668,1685771.2314814816,1685799.898148148
UartTxTask,160846,160847,364281773,364285014,6356,True,0,1,364291370,160849,4,29.425925925925927,29.425925925925927,1686504.6944444445,1686534.1203703703
TelemetryTask,160851,160852,366246919,366249948,33920,True,1,1,366283868,160855,4,157.03703703703704,157.03703703703704,1695601.611111111,1695758.648148148
UartTxTask,160854,160856,366279608,366286370,6121,True,0,1,366292491,160858,4,28.337962962962962,28.337962962962962,1695770.2314814816,1695798.5694444445
UartTxTask,160860,160861,366441545,366444729,6242,True,0,1,366450971,160863,4,28.89814814814815,28.89814814814815,1696503.375,1696532.273148148
TelemetryTask,160865,160866,368406939,368409936,33885,True,1,1,368443821,160869,4,156.875,156.875,1705601.5555555555,1705758.4305555555
UartTxTask,160868,160870,368439577,368446267,6149,True,0,1,368452416,160872,4,28.46759259259259,28.46759259259259,1705769.7546296297,1705798.2222222222
UartTxTask,160874,160875,368601593,368604872,6186,True,0,1,368611058,160877,4,28.63888888888889,28.63888888888889,1706504.037037037,1706532.6759259258
TelemetryTask,160879,160880,370566939,370569923,34104,True,1,1,370604027,160883,4,157.88888888888889,157.88888888888889,1715601.4953703703,1715759.3842592593
UartTxTask,160882,160884,370599670,370606532,6168,True,0,1,370612700,160886,4,28.555555555555557,28.555555555555557,1715770.9814814816,1715799.537037037
UartTxTask,160888,160889,370761755,370764894,6121,True,0,1,370771015,160891,4,28.337962962962962,28.337962962962962,1716504.138888889,1716532.476851852
TelemetryTask,160893,160894,372726927,372729870,33902,True,1,1,372763772,160897,4,156.9537037037037,156.9537037037037,1725601.25,1725758.2037037036
UartTxTask,160896,160898,372759467,372766343,6207,True,0,1,372772550,160900,4,28.73611111111111,28.73611111111111,1725770.1064814816,1725798.8425925926
UartTxTask,160902,160903,372921587,372924734,6212,True,0,1,372930946,160905,4,28.75925925925926,28.75925925925926,1726503.398148148,1726532.1574074074
TelemetryTask,160907,160908,374886928,374889912,33797,True,1,1,374923709,160911,4,156.46759259259258,156.46759259259258,1735601.4444444445,1735757.912037037
UartTxTask,160910,160912,374919428,374926268,6149,True,0,1,374932417,160914,4,28.46759259259259,28.46759259259259,1735769.7592592593,1735798.226851852
UartTxTask,160916,160917,375081542,375084673,6212,True,0,1,375090885,160919,4,28.75925925925926,28.75925925925926,1736503.1157407407,1736531.875
TelemetryTask,160921,160922,377046912,377049908,33982,True,1,1,377083890,160925,4,157.32407407407408,157.32407407407408,1745601.4259259258,1745758.75
UartTxTask,160924,160926,377079641,377086356,6155,True,0,1,377092511,160928,4,28.49537037037037,28.49537037037037,1745770.1666666667,1745798.662037037
UartTxTask,160930,160931,377241646,377244858,6295,True,0,1,377251153,160933,4,29.14351851851852,29.14351851851852,1746503.9722222222,1746533.1157407407
TelemetryTask,160935,160936,379206909,379209937,33836,True,1,1,379243773,160939,4,156.64814814814815,156.64814814814815,1755601.5601851852,1755758.2083333333
UartTxTask,160938,160940,379239590,379246289,6261,True,0,1,379252550,160942,4,28.98611111111111,28.98611111111111,1755769.8564814816,1755798.8425925926
UartTxTask,160944,160945,379401578,379404754,6262,True,0,1,379411016,160947,4,28.99074074074074,28.99074074074074,1756503.4907407407,1756532.4814814816
TelemetryTask,160949,160950,381366962,381369987,33822,True,1,1,381403809,160953,4,156.58333333333334,156.58333333333334,1765601.7916666667,1765758.375
UartTxTask,160952,160954,381399494,381406313,6210,True,0,1,381412523,160956,4,28.75,28.75,1765769.9675925926,1765798.7175925926
UartTxTask,160958,160959,381561598,381564768,6243,True,0,1,381571011,160961,4,28.90277777777778,28.90277777777778,1766503.5555555555,1766532.4583333333
TelemetryTask,160963,160964,383526971,383529930,33887,True,1,1,383563817,160967,4,156.88425925925927,156.88425925925927,1775601.5277777778,1775758.412037037
UartTxTask,160966,160968,383559536,383566392,6215,True,0,1,383572607,160970,4,28.77314814814815,28.77314814814815,1775770.3333333333,1775799.1064814816
UartTxTask,160972,160973,383721719,383724873,6207,True,0,1,383731080,160975,4,28.73611111111111,28.73611111111111,1776504.0416666667,1776532.7777777778
TelemetryTask,160977,160978,385686939,385690077,33963,True,1,1,385724040,160981,4,157.23611111111111,157.23611111111111,1785602.2083333333,1785759.4444444445
UartTxTask,160980,160982,385719779,385726560,6306,True,0,1,385732866,160984,4,29.194444444444443,29.194444444444443,1785771.111111111,1785800.3055555555
UartTxTask,160986,160987,385881878,385885080,6199,True,0,1,385891279,160989,4,28.699074074074073,28.699074074074073,1786505.0,1786533.6990740742
TelemetryTask,160991,160992,387846907,387849956,33896,True,1,1,387883852,160995,4,156.92592592592592,156.92592592592592,1795601.648148148,1795758.5740740742
UartTxTask,160994,160996,387879585,387886430,6226,True,0,1,387892656,160998,4,28.824074074074073,28.824074074074073,1795770.5092592593,1795799.3333333333
UartTxTask,161000,161001,388041728,388044891,6215,True,0,1,388051106,161003,4,28.77314814814815,28.77314814814815,1796504.125,1796532.898148148
TelemetryTask,161005,161006,390006963,390010085,33829,True,1,1,390043914,161009,4,156.61574074074073,156.61574074074073,1805602.2453703703,1805758.861111111
UartTxTask,161008,161010,390039702,390046430,6178,True,0,1,390052608,161012,4,28.60185185185185,28.60185185185185,1805770.5092592593,1805799.111111111
UartTxTask,161014,161015,390201627,390204789,6308,True,0,1,390211097,161017,4,29.203703703703702,29.203703703703702,1806503.6527777778,1806532.8564814816
TelemetryTask,161019,161020,392166965,392170019,33808,True,1,1,392203827,161023,4,156.5185185185185,156.5185185185185,1815601.9398148148,1815758.4583333333
UartTxTask,161022,161024,392199639,392206289,6240,True,0,1,392212529,161026,4,28.88888888888889,28.88888888888889,1815769.8564814816,1815798.7453703703
UartTxTask,161028,161029,392361586,392364836,6357,True,0,1,392371193,161031,4,29.430555555555557,29.430555555555557,1816503.8703703703,1816533.3009259258
TelemetryTask,161033,161034,394326940,394330045,33812,True,1,1,394363857,161037,4,156.53703703703704,156.53703703703704,1825602.0601851852,1825758.5972222222
UartTxTask,161036,161038,394359597,394366379,6188,True,0,1,394372567,161040,4,28.64814814814815,28.64814814814815,1825770.273148148,1825798.9212962964
UartTxTask,161042,161043,394521631,394524844,6214,True,0,1,394531058,161045,4,28.76851851851852,28.76851851851852,1826503.9074074074,1826532.6759259258
TelemetryTask,161047,161048,396486958,396489916,33923,True,1,1,396523839,161051,4,157.05092592592592,157.05092592592592,1835601.462962963,1835758.513888889
UartTxTask,161050,161052,396519577,396526368,6065,True,0,1,396532433,161054,4,28.078703703703702,28.078703703703702,1835770.2222222222,1835798.3009259258
UartTxTask,161056,161057,396681551,396684709,6304,True,0,1,396691013,161059,4,29.185185185185187,29.185185185185187,1836503.2824074074,1836532.4675925926
TelemetryTask,161061,161062,398646961,398650005,33827,True,1,1,398683832,161065,4,156.6064814814815,156.6064814814815,1845601.875,1845758.4814814816
UartTxTask,161064,161066,398679587,398686315,6296,True,0,1,398692611,161068,4,29.14814814814815,29.14814814814815,1845769.976851852,1845799.125
UartTxTask,161070,161071,398841655,398844808,6293,True,0,1,398851101,161073,4,29.13425925925926,29.13425925925926,1846503.7407407407,1846532.875
TelemetryTask,161075,161076,400806946,400810018,33836,True,1,1,400843854,161079,4,156.64814814814815,156.64814814814815,1855601.9351851852,1855758.5833333333
UartTxTask,161078,161080,400839608,400846408,6141,True,0,1,400852549,161082,4,28.430555555555557,28.430555555555557,1855770.4074074074,1855798.837962963
UartTxTask,161084,161085,401001619,401004778,6266,True,0,1,401011044,161087,4,29.00925925925926,29.00925925925926,1856503.601851852,1856532.611111111
TelemetryTask,161089,161090,402966970,402969914,34157,True,1,1,403004071,161093,4,158.13425925925927,158.13425925925927,1865601.4537037036,1865759.587962963
UartTxTask,161092,161094,402999800,403006529,6176,True,0,1,403012705,161096,4,28.59259259259259,28.59259259259259,1865770.9675925926,1865799.5601851852
UartTxTask,161098,161099,403161818,403165028,6238,True,0,1,403171266,161101,4,28.87962962962963,28.87962962962963,1866504.7592592593,1866533.638888889
TelemetryTask,161103,161104,405126947,405129987,33888,True,1,1,405163875,161107,4,156.88888888888889,156.88888888888889,1875601.7916666667,1875758.6805555555
UartTxTask,161106,161108,405159585,405166371,6232,True,0,1,405172603,161110,4,28.85185185185185,28.85185185185185,1875770.236111111,1875799.087962963
UartTxTask,161112,161113,405321650,405324875,6248,True,0,1,405331123,161115,4,28.925925925925927,28.925925925925927,1876504.0509259258,1876532.976851852
TelemetryTask,161117,161118,407286936,407289972,33854,True,1,1,407323826,161121,4,156.7314814814815,156.7314814814815,1885601.7222222222,1885758.4537037036
UartTxTask,161120,161122,407319664,407326308,6326,True,0,1,407332634,161124,4,29.287037037037038,29.287037037037038,1885769.9444444445,1885799.2314814816
UartTxTask,161126,161127,407481727,407484855,6270,True,0,1,407491125,161129,4,29.02777777777778,29.02777777777778,1886503.9583333333,1886532.986111111
TelemetryTask,161131,161132,409446932,409450038,34160,True,1,1,409484198,161135,4,158.14814814814815,158.14814814814815,1895602.0277777778,1895760.1759259258
UartTxTask,161134,161136,409479895,409486699,6301,True,0,1,409493000,161138,4,29.171296296296298,29.171296296296298,1895771.7546296297,1895800.9259259258
UartTxTask,161140,161141,409642112,409645226,6307,True,0,1,409651533,161143,4,29.199074074074073,29.199074074074073,1896505.6759259258,1896534.875
TelemetryTask,161145,161146,411606932,411609945,33993,True,1,1,411643938,161149,4,157.375,157.375,1905601.5972222222,1905758.9722222222
UartTxTask,161148,161150,411639683,411646411,6169,True,0,1,411652580,161152,4,28.560185185185187,28.560185185185187,1905770.4212962964,1905798.9814814816
UartTxTask,161154,161155,411801645,411804815,6349,True,0,1,411811164,161157,4,29.39351851851852,29.39351851851852,1906503.773148148,1906533.1666666667
TelemetryTask,161159,161160,413766963,413769965,33936,True,1,1,413803901,161163,4,157.11111111111111,157.11111111111111,1915601.6898148148,1915758.8009259258
UartTxTask,161162,161164,413799599,413806426,6191,True,0,1,413812617,161166,4,28.662037037037038,28.662037037037038,1915770.4907407407,1915799.1527777778
UartTxTask,161168,161169,413961751,413964969,6230,True,0,1,413971199,161171,4,28.84259259259259,28.84259259259259,1916504.486111111,1916533.3287037036
TelemetryTask,161173,161174,415926971,415930028,33819,True,1,1,415963847,161177,4,156.56944444444446,156.56944444444446,1925601.9814814816,1925758.5509259258
UartTxTask,161176,161178,415959576,415966361,6180,True,0,1,415972541,161180,4,28.61111111111111,28.61111111111111,1925770.1898148148,1925798.8009259258
UartTxTask,161182,161183,416121712,416124844,6295,True,0,1,416131139,161185,4,29.14351851851852,29.14351851851852,1926503.9074074074,1926533.0509259258
TelemetryTask,161187,161188,418086938,418089979,33916,True,1,1,418123895,161191,4,157.0185185185185,157.0185185185185,1935601.7546296297,1935758.773148148
UartTxTask,161190,161192,418119577,418126474,6202,True,0,1,418132676,161194,4,28.712962962962962,28.712962962962962,1935770.712962963,1935799.4259259258
UartTxTask,161196,161197,418281738,418285002,6234,True,0,1,418291236,161199,4,28.86111111111111,28.86111111111111,1936504.638888889,1936533.5
TelemetryTask,161201,161202,420246957,420250071,33843,True,1,1,420283914,161205,4,156.68055555555554,156.68055555555554,1945602.1805555555,1945758.861111111
UartTxTask,161204,161206,420279764,420286455,6147,True,0,1,420292602,161208,4,28.458333333333332,28.458333333333332,1945770.625,1945799.0833333333
UartTxTask,161210,161211,420441711,420444963,6264,True,0,1,420451227,161213,4,29.0,29.0,1946504.4583333333,1946533.4583333333
TelemetryTask,161215,161216,422406934,422409999,33826,True,1,1,422443825,161219,4,156.60185185185185,156.60185185185185,1955601.8472222222,1955758.4490740742
UartTxTask,161218,161220,422439645,422446360,6179,True,0,1,422452539,161222,4,28.60648148148148,28.60648148148148,1955770.1851851852,1955798.7916666667
UartTxTask,161224,161225,422601658,422604844,6272,True,0,1,422611116,161227,4,29.037037037037038,29.037037037037038,1956503.9074074074,1956532.9444444445
TelemetryTask,161229,161230,424566962,424570071,33761,True,1,1,424603832,161233,4,156.30092592592592,156.30092592592592,1965602.1805555555,1965758.4814814816
UartTxTask,161232,161234,424599634,424606332,6220,True,0,1,424612552,161236,4,28.796296296296298,28.796296296296298,1965770.0555555555,1965798.851851852
UartTxTask,161238,161239,424761661,424764881,6346,True,0,1,424771227,161241,4,29.37962962962963,29.37962962962963,1966504.0787037036,1966533.4583333333
TelemetryTask,161243,161244,426726931,426729903,33902,True,1,1,426763805,161247,4,156.9537037037037,156.9537037037037,1975601.4027777778,1975758.3564814816
UartTxTask,161246,161248,426759604,426766360,6241,True,0,1,426772601,161250,4,28.89351851851852,28.89351851851852,1975770.1851851852,1975799.0787037036
UartTxTask,161252,161253,426921609,426924799,6337,True,0,1,426931136,161255,4,29.337962962962962,29.337962962962962,1976503.6990740742,1976533.037037037
TelemetryTask,161257,161258,428886961,428889929,34039,True,1,1,428923968,161261,4,157.58796296296296,157.58796296296296,1985601.523148148,1985759.111111111
UartTxTask,161260,161262,428919639,428926569,6094,True,0,1,428932663,161264,4,28.212962962962962,28.212962962962962,1985771.1527777778,1985799.3657407407
UartTxTask,161266,161267,429081779,429085003,6103,True,0,1,429091106,161269,4,28.25462962962963,28.25462962962963,1986504.6435185184,1986532.898148148
TelemetryTask,161271,161272,431046943,431049924,33726,True,1,1,431083650,161275,4,156.13888888888889,156.13888888888889,1995601.5,1995757.638888889
UartTxTask,161274,161276,431079309,431086144,6179,True,0,1,431092323,161278,4,28.60648148148148,28.60648148148148,1995769.1851851852,1995797.7916666667
UartTxTask,161280,161281,431241435,431244640,6182,True,0,1,431250822,161283,4,28.62037037037037,28.62037037037037,1996502.962962963,1996531.5833333333
TelemetryTask,161285,161286,433206952,433210035,33835,True,1,1,433243870,161289,4,156.6435185185185,156.6435185185185,2005602.013888889,2005758.6574074074
UartTxTask,161288,161290,433239587,433246357,6161,True,0,1,433252518,161292,4,28.52314814814815,28.52314814814815,2005770.1712962964,2005798.6944444445
UartTxTask,161294,161295,433401642,433404833,6197,True,0,1,433411030,161297,4,28.689814814814813,28.689814814814813,2006503.8564814816,2006532.5462962964
TelemetryTask,161299,161300,435366968,435370071,34049,True,1,1,435404120,161303,4,157.63425925925927,157.63425925925927,2015602.1805555555,2015759.8148148148
UartTxTask,161302,161304,435399894,435406610,6306,True,0,1,435412916,161306,4,29.194444444444443,29.194444444444443,2015771.3425925926,2015800.537037037
UartTxTask,161308,161309,435561935,435565185,6204,True,0,1,435571389,161311,4,28.72222222222222,28.72222222222222,2016505.486111111,2016534.2083333333
TelemetryTask,161313,161314,437526934,437529951,33967,True,1,1,437563918,161317,4,157.25462962962962,157.25462962962962,2025601.625,2025758.8796296297
UartTxTask,161316,161318,437559643,437566437,6189,True,0,1,437572626,161320,4,28.65277777777778,28.65277777777778,2025770.5416666667,2025799.1944444445
UartTxTask,161322,161323,437721709,437724912,6339,True,0,1,437731251,161325,4,29.34722222222222,29.34722222222222,2026504.2222222222,2026533.5694444445
TelemetryTask,161327,161328,439686919,439689945,33791,True,1,1,439723736,161331,4,156.4398148148148,156.4398148148148,2035601.5972222222,2035758.037037037
UartTxTask,161330,161332,439719539,439726226,6228,True,0,1,439732454,161334,4,28.833333333333332,28.833333333333332,2035769.5648148148,2035798.398148148
UartTxTask,161336,161337,439881471,439884651,6255,True,0,1,439890906,161339,4,28.958333333333332,28.958333333333332,2036503.013888889,2036531.9722222222
TelemetryTask,161341,161342,441846981,441849973,33784,True,1,1,441883757,161345,4,156.40740740740742,156.40740740740742,2045601.726851852,2045758.1342592593
UartTxTask,161344,161346,441879496,441886300,6136,True,0,1,441892436,161348,4,28.40740740740741,28.40740740740741,2045769.9074074074,2045798.3148148148
UartTxTask,161350,161351,442041505,442044637,6359,True,0,1,442050996,161353,4,29.439814814814813,29.439814814814813,2046502.9490740742,2046532.388888889
TelemetryTask,161355,161356,444006934,444009927,34058,True,1,1,444043985,161359,4,157.67592592592592,157.67592592592592,2055601.513888889,2055759.1898148148
UartTxTask,161358,161360,444039816,444046436,6296,True,0,1,444052732,161362,4,29.14814814814815,29.14814814814815,2055770.537037037,2055799.6851851852
UartTxTask,161364,161365,444201823,444204885,6258,True,0,1,444211143,161367,4,28.97222222222222,28.97222222222222,2056504.0972222222,2056533.0694444445
TelemetryTask,161369,161370,446166937,446169987,33986,True,1,1,446203973,161373,4,157.34259259259258,157.34259259259258,2065601.7916666667,2065759.1342592593
UartTxTask,161372,161374,446199610,446206456,6233,True,0,1,446212689,161376,4,28.85648148148148,28.85648148148148,2065770.6296296297,2065799.486111111
UartTxTask,161378,161379,446361810,446365001,6332,True,0,1,446371333,161381,4,29.314814814814813,29.314814814814813,2066504.6342592593,2066533.9490740742
TelemetryTask,161383,161384,448326902,448329916,33748,True,1,1,448363664,161387,4,156.24074074074073,156.24074074074073,2075601.462962963,2075757.7037037036
UartTxTask,161386,161388,448359351,448366144,6195,True,0,1,448372339,161390,4,28.680555555555557,28.680555555555557,2075769.1851851852,2075797.8657407407
UartTxTask,161392,161393,448521387,448524585,6240,True,0,1,448530825,161395,4,28.88888888888889,28.88888888888889,2076502.7083333333,2076531.5972222222
TelemetryTask,161397,161398,450486962,450489975,33930,True,1,1,450523905,161401,4,157.08333333333334,157.08333333333334,2085601.736111111,2085758.8194444445
UartTxTask,161400,161402,450519526,450526471,6216,True,0,1,450532687,161404,4,28.77777777777778,28.77777777777778,2085770.6990740742,2085799.476851852
UartTxTask,161406,161407,450681694,450684898,6268,True,0,1,450691166,161409,4,29.01851851851852,29.01851851851852,2086504.1574074074,2086533.1759259258
TelemetryTask,161411,161412,452646944,452649969,33803,True,1,1,452683772,161415,4,156.49537037037038,156.49537037037038,2095601.7083333333,2095758.2037037036
UartTxTask,161414,161416,452679552,452686278,6222,True,0,1,452692500,161418,4,28.805555555555557,28.805555555555557,2095769.8055555555,2095798.611111111
UartTxTask,161420,161421,452841593,452844747,6195,True,0,1,452850942,161423,4,28.680555555555557,28.680555555555557,2096503.4583333333,2096532.138888889
TelemetryTask,161425,161426,454806962,454810020,33926,True,1,1,454843946,161429,4,157.0648148148148,157.0648148148148,2105601.9444444445,2105759.0092592593
UartTxTask,161428,161430,454839639,454846468,6236,True,0,1,454852704,161432,4,28.87037037037037,28.87037037037037,2105770.685185185,2105799.5555555555
UartTxTask,161434,161435,455001759,455004962,6227,True,0,1,455011189,161437,4,28.828703703703702,28.828703703703702,2106504.453703704,2106533.282407407
TelemetryTask,161439,161440,456966957,456969982,33913,True,1,1,457003895,161443,4,157.00462962962962,157.00462962962962,2115601.7685185187,2115758.7731481483
UartTxTask,161442,161444,456999676,457006427,6243,True,0,1,457012670,161446,4,28.90277777777778,28.90277777777778,2115770.4953703703,2115799.3981481483
UartTxTask,161448,161449,457161761,457164866,6191,True,0,1,457171057,161451,4,28.662037037037038,28.662037037037038,2116504.0092592593,2116532.671296296
TelemetryTask,161453,161454,459126975,459129987,33914,True,1,1,459163901,161457,4,157.00925925925927,157.00925925925927,2125601.7916666665,2125758.800925926
UartTxTask,161456,161458,459159628,459166416,6216,True,0,1,459172632,161460,4,28.77777777777778,28.77777777777778,2125770.4444444445,2125799.222222222
UartTxTask,161462,161463,459321727,459324914,6350,True,0,1,459331264,161465,4,29.39814814814815,29.39814814814815,2126504.2314814813,2126533.6296296297
TelemetryTask,161467,161468,461286975,461289989,34205,True,1,1,461324194,161471,4,158.3564814814815,158.3564814814815,2135601.800925926,2135760.157407407
UartTxTask,161470,161472,461319809,461326710,6225,True,0,1,461332935,161474,4,28.819444444444443,28.819444444444443,2135771.8055555555,2135800.625
UartTxTask,161476,161477,461481950,461485215,6345,True,0,1,461491560,161479,4,29.375,29.375,2136505.625,2136535.0
TelemetryTask,161481,161482,463446953,463450033,33954,True,1,1,463483987,161485,4,157.19444444444446,157.19444444444446,2145602.0046296297,2145759.199074074
UartTxTask,161484,161486,463479682,463486504,6130,True,0,1,463492634,161488,4,28.37962962962963,28.37962962962963,2145770.8518518517,2145799.2314814813
UartTxTask,161490,161491,463641726,463644859,6260,True,0,1,463651119,161493,4,28.98148148148148,28.98148148148148,2146503.9768518517,2146532.9583333335
TelemetryTask,161495,161496,465606923,465609886,33898,True,1,1,465643784,161499,4,156.9351851851852,156.9351851851852,2155601.324074074,2155758.2592592593
UartTxTask,161498,161500,465639479,465646268,6243,True,0,1,465652511,161502,4,28.90277777777778,28.90277777777778,2155769.7592592593,2155798.662037037
UartTxTask,161504,161505,465801590,465804794,6169,True,0,1,465810963,161507,4,28.560185185185187,28.560185185185187,2156503.675925926,2156532.236111111
TelemetryTask,161509,161510,467766979,467770115,33850,True,1,1,467803965,161513,4,156.71296296296296,156.71296296296296,2165602.3842592593,2165759.097222222
UartTxTask,161512,161514,467799647,467806495,6169,True,0,1,467812664,161516,4,28.560185185185187,28.560185185185187,2165770.810185185,2165799.3703703703
UartTxTask,161518,161519,467961755,467964971,6224,True,0,1,467971195,161521,4,28.814814814814813,28.814814814814813,2166504.4953703703,2166533.310185185
TelemetryTask,161523,161524,469926940,469929944,33936,True,1,1,469963880,161527,4,157.11111111111111,157.11111111111111,2175601.592592593,2175758.703703704
UartTxTask,161526,161528,469959507,469966348,6202,True,0,1,469972550,161530,4,28.712962962962962,28.712962962962962,2175770.1296296297,2175798.842592593
UartTxTask,161532,161533,470121584,470124765,6207,True,0,1,470130972,161535,4,28.73611111111111,28.73611111111111,2176503.5416666665,2176532.277777778
TelemetryTask,161537,161538,472086963,472090020,34143,True,1,1,472124163,161541,4,158.06944444444446,158.06944444444446,2185601.9444444445,2185760.013888889
UartTxTask,161540,161542,472119808,472126653,6204,True,0,1,472132857,161544,4,28.72222222222222,28.72222222222222,2185771.5416666665,2185800.263888889
UartTxTask,161546,161547,472281857,472285049,6217,True,0,1,472291266,161549,4,28.78240740740741,28.78240740740741,2186504.8564814813,2186533.638888889
TelemetryTask,161551,161552,474246932,474249983,33734,True,1,1,474283717,161555,4,156.17592592592592,156.17592592592592,2195601.7731481483,2195757.949074074
UartTxTask,161554,161556,474279566,474286255,6214,True,0,1,474292469,161558,4,28.76851851851852,28.76851851851852,2195769.699074074,2195798.467592593
UartTxTask,161560,161561,474441600,474444753,6215,True,0,1,474450968,161563,4,28.77314814814815,28.77314814814815,2196503.486111111,2196532.2592592593
TelemetryTask,161565,161566,476406934,476410014,33843,True,1,1,476443857,161569,4,156.68055555555554,156.68055555555554,2205601.9166666665,2205758.597222222
UartTxTask,161568,161570,476439689,476446353,6139,True,0,1,476452492,161572,4,28.421296296296298,28.421296296296298,2205770.152777778,2205798.574074074
UartTxTask,161574,161575,476601652,476604849,6275,True,0,1,476611124,161577,4,29.050925925925927,29.050925925925927,2206503.9305555555,2206532.9814814813
TelemetryTask,161579,161580,478566962,478570014,33881,True,1,1,478603895,161583,4,156.8564814814815,156.8564814814815,2215601.9166666665,2215758.7731481483
UartTxTask,161582,161584,478599629,478606399,6182,True,0,1,478612581,161586,4,28.62037037037037,28.62037037037037,2215770.3657407407,2215798.986111111
UartTxTask,161588,161589,478761670,478764822,6246,True,0,1,478771068,161591,4,28.916666666666668,28.916666666666668,2216503.8055555555,2216532.722222222
TelemetryTask,161593,161594,480726965,480730021,33912,True,1,1,480763933,161597,4,157.0,157.0,2225601.949074074,2225758.949074074
UartTxTask,161596,161598,480759664,480766479,6217,True,0,1,480772696,161600,4,28.78240740740741,28.78240740740741,2225770.736111111,2225799.5185185187
UartTxTask,161602,161603,480921737,480924943,6196,True,0,1,480931139,161605,4,28.685185185185187,28.685185185185187,2226504.3657407407,2226533.050925926
TelemetryTask,161607,161608,482886955,482890254,33912,True,1,1,482924166,161611,4,157.0,157.0,2235603.027777778,2235760.027777778
UartTxTask,161610,161612,482919849,482926694,6227,True,0,1,482932921,161614,4,28.828703703703702,28.828703703703702,2235771.7314814813,2235800.560185185
UartTxTask,161616,161617,483082044,483085188,6262,True,0,1,483091450,161619,4,28.99074074074074,28.99074074074074,2236505.5,2236534.4907407407
TelemetryTask,161621,161622,485046964,485050016,33844,True,1,1,485083860,161625,4,156.6851851851852,156.6851851851852,2245601.925925926,2245758.611111111
UartTxTask,161624,161626,485079603,485086396,6279,True,0,1,485092675,161628,4,29.069444444444443,29.069444444444443,2245770.3518518517,2245799.421296296
UartTxTask,161630,161631,485241729,485244929,6209,True,0,1,485251138,161633,4,28.74537037037037,28.74537037037037,2246504.300925926,2246533.046296296
TelemetryTask,161635,161636,487206976,487210009,34012,True,1,1,487244021,161639,4,157.46296296296296,157.46296296296296,2255601.8935185187,2255759.3564814813
UartTxTask,161638,161640,487239749,487246516,6169,True,0,1,487252685,161642,4,28.560185185185187,28.560185185185187,2255770.907407407,2255799.467592593
UartTxTask,161644,161645,487401825,487405063,6247,True,0,1,487411310,161647,4,28.921296296296298,28.921296296296298,2256504.921296296,2256533.842592593
TelemetryTask,161649,161650,489366959,489370033,33736,True,1,1,489403769,161653,4,156.1851851851852,156.1851851851852,2265602.0046296297,2265758.189814815
UartTxTask,161652,161654,489399526,489406279,6213,True,0,1,489412492,161656,4,28.76388888888889,28.76388888888889,2265769.810185185,2265798.574074074
UartTxTask,161658,161659,489561607,489564804,6212,True,0,1,489571016,161661,4,28.75925925925926,28.75925925925926,2266503.722222222,2266532.4814814813
TelemetryTask,161663,161664,491526933,491529952,34123,True,1,1,491564075,161667,4,157.97685185185185,157.97685185185185,2275601.6296296297,2275759.6064814813
UartTxTask,161666,161668,491559713,491566624,6209,True,0,1,491572833,161670,4,28.74537037037037,28.74537037037037,2275771.407407407,2275800.152777778
UartTxTask,161672,161673,491721873,491725108,6253,True,0,1,491731361,161675,4,28.949074074074073,28.949074074074073,2276505.1296296297,2276534.078703704
TelemetryTask,161677,161678,493686955,493689955,33748,True,1,1,493723703,161681,4,156.24074074074073,156.24074074074073,2285601.6435185187,2285757.8842592593
UartTxTask,161680,161682,493719538,493726196,6232,True,0,1,493732428,161684,4,28.85185185185185,28.85185185185185,2285769.425925926,2285798.277777778
UartTxTask,161686,161687,493881484,493884659,6274,True,0,1,493890933,161689,4,29.046296296296298,29.046296296296298,2286503.050925926,2286532.097222222
TelemetryTask,161691,161692,495846941,495849933,33975,True,1,1,495883908,161695,4,157.29166666666666,157.29166666666666,2295601.5416666665,2295758.8333333335
UartTxTask,161694,161696,495879663,495886433,6180,True,0,1,495892613,161698,4,28.61111111111111,28.61111111111111,2295770.5231481483,2295799.1342592593
UartTxTask,161700,161701,496041683,496044851,6303,True,0,1,496051154,161703,4,29.180555555555557,29.180555555555557,2296503.939814815,2296533.1203703703
TelemetryTask,161705,161706,498006931,498009951,33962,True,1,1,498043913,161709,4,157.2314814814815,157.2314814814815,2305601.625,2305758.8564814813
UartTxTask,161708,161710,498039695,498046417,6191,True,0,1,498052608,161712,4,28.662037037037038,28.662037037037038,2305770.449074074,2305799.111111111
UartTxTask,161714,161715,498201712,498204862,6227,True,0,1,498211089,161717,4,28.828703703703702,28.828703703703702,2306503.9907407407,2306532.8194444445
TelemetryTask,161719,161720,500166928,500169960,34019,True,1,1,500203979,161723,4,157.49537037037038,157.49537037037038,2315601.6666666665,2315759.162037037
UartTxTask,161722,161724,500199701,500206488,6166,True,0,1,500212654,161726,4,28.546296296296298,28.546296296296298,2315770.777777778,2315799.324074074
UartTxTask,161728,161729,500361801,500365000,6325,True,0,1,500371325,161731,4,29.28240740740741,29.28240740740741,2316504.6296296297,2316533.912037037
TelemetryTask,161733,161734,502326945,502329992,33914,True,1,1,502363906,161737,4,157.00925925925927,157.00925925925927,2325601.814814815,2325758.824074074
UartTxTask,161736,161738,502359699,502366452,6105,True,0,1,502372557,161740,4,28.26388888888889,28.26388888888889,2325770.611111111,2325798.875
UartTxTask,161742,161743,502521686,502524806,6201,True,0,1,502531007,161745,4,28.708333333333332,28.708333333333332,2326503.7314814813,2326532.439814815
TelemetryTask,161747,161748,504486953,504490008,33953,True,1,1,504523961,161751,4,157.1898148148148,157.1898148148148,2335601.888888889,2335759.078703704
UartTxTask,161750,161752,504519665,504526471,6108,True,0,1,504532579,161754,4,28.27777777777778,28.27777777777778,2335770.699074074,2335798.9768518517
UartTxTask,161756,161757,504681663,504684802,6363,True,0,1,504691165,161759,4,29.458333333333332,29.458333333333332,2336503.712962963,2336533.171296296
ButtonTask,161763,161765,506602399,506605704,29267,True,1,1,506634971,161769,4,135.49537037037038,135.49537037037038,2345396.777777778,2345532.2731481483
UartTxTask,161768,161770,506631355,506637706,6254,True,0,1,506643960,161772,4,28.953703703703702,28.953703703703702,2345544.935185185,2345573.888888889
TelemetryTask,161774,161775,506648110,506649704,26786,True,1,1,506676490,161777,4,124.00925925925925,124.00925925925925,2345600.4814814813,2345724.4907407407
UartTxTask,161779,161780,506793071,506795051,9496,True,0,1,506804547,161783,4,43.96296296296296,43.96296296296296,2346273.3842592593,2346317.347222222
UartTxTask,161785,161786,506953679,506955610,5620,True,0,1,506961230,161788,4,26.01851851851852,26.01851851851852,2347016.712962963,2347042.7314814813
TelemetryTask,161790,161791,508806944,508809983,33999,True,1,1,508843982,161794,4,157.40277777777777,157.40277777777777,2355601.7731481483,2355759.175925926
UartTxTask,161793,161795,508839690,508846556,6212,True,0,1,508852768,161797,4,28.75925925925926,28.75925925925926,2355771.092592593,2355799.8518518517
UartTxTask,161799,161800,509001866,509004970,6224,True,0,1,509011194,161802,4,28.814814814814813,28.814814814814813,2356504.4907407407,2356533.3055555555
TelemetryTask,161804,161805,510966945,510969968,34011,True,1,1,511003979,161808,4,157.45833333333334,157.45833333333334,2365601.703703704,2365759.162037037
UartTxTask,161807,161809,510999743,511006482,6226,True,0,1,511012708,161811,4,28.824074074074073,28.824074074074073,2365770.75,2365799.574074074
UartTxTask,161813,161814,511161736,511164928,6220,True,0,1,511171148,161816,4,28.796296296296298,28.796296296296298,2366504.296296296,2366533.092592593
TelemetryTask,161818,161819,513126946,513130037,33910,True,1,1,513163947,161822,4,156.99074074074073,156.99074074074073,2375602.0231481483,2375759.013888889
UartTxTask,161821,161823,513159638,513166487,6294,True,0,1,513172781,161825,4,29.13888888888889,29.13888888888889,2375770.7731481483,2375799.912037037
UartTxTask,161827,161828,513321825,513325032,6208,True,0,1,513331240,161830,4,28.74074074074074,28.74074074074074,2376504.777777778,2376533.5185185187
TelemetryTask,161832,161833,515286965,515290048,33856,True,1,1,515323904,161836,4,156.74074074074073,156.74074074074073,2385602.074074074,2385758.814814815
UartTxTask,161835,161837,515319655,515326362,6238,True,0,1,515332600,161839,4,28.87962962962963,28.87962962962963,2385770.1944444445,2385799.074074074
UartTxTask,161841,161842,515481667,515484816,6337,True,0,1,515491153,161844,4,29.337962962962962,29.337962962962962,2386503.777777778,2386533.1157407407
TelemetryTask,161846,161847,517446965,517450024,33903,True,1,1,517483927,161850,4,156.95833333333334,156.95833333333334,2395601.962962963,2395758.921296296
UartTxTask,161849,161851,517479600,517486484,6104,True,0,1,517492588,161853,4,28.25925925925926,28.25925925925926,2395770.7592592593,2395799.0185185187
UartTxTask,161855,161856,517641771,517644985,6310,True,0,1,517651295,161858,4,29.212962962962962,29.212962962962962,2396504.560185185,2396533.7731481483
TelemetryTask,161860,161861,519606943,519609989,33596,True,1,1,519643585,161864,4,155.53703703703704,155.53703703703704,2405601.800925926,2405757.337962963
UartTxTask,161863,161865,519639403,519646073,6167,True,0,1,519652240,161867,4,28.550925925925927,28.550925925925927,2405768.8564814813,2405797.407407407
UartTxTask,161869,161870,519801306,519804494,6212,True,0,1,519810706,161872,4,28.75925925925926,28.75925925925926,2406502.287037037,2406531.046296296
TelemetryTask,161874,161875,521766974,521770024,33845,True,1,1,521803869,161878,4,156.6898148148148,156.6898148148148,2415601.962962963,2415758.652777778
UartTxTask,161877,161879,521799615,521806386,6258,True,0,1,521812644,161881,4,28.97222222222222,28.97222222222222,2415770.3055555555,2415799.277777778
UartTxTask,161883,161884,521961764,521964956,6198,True,0,1,521971154,161886,4,28.694444444444443,28.694444444444443,2416504.425925926,2416533.1203703703
TelemetryTask,161888,161889,523926949,523930025,33827,True,1,1,523963852,161892,4,156.6064814814815,156.6064814814815,2425601.967592593,2425758.574074074
UartTxTask,161891,161893,523959595,523966361,6199,True,0,1,523972560,161895,4,28.699074074074073,28.699074074074073,2425770.189814815,2425798.888888889
UartTxTask,161897,161898,524121667,524124845,6239,True,0,1,524131084,161900,4,28.88425925925926,28.88425925925926,2426503.912037037,2426532.796296296
TelemetryTask,161902,161903,526086926,526089977,33963,True,1,1,526123940,161906,4,157.23611111111111,157.23611111111111,2435601.7453703703,2435758.9814814813
UartTxTask,161905,161907,526119619,526126464,6230,True,0,1,526132694,161909,4,28.84259259259259,28.84259259259259,2435770.6666666665,2435799.5092592593
UartTxTask,161911,161912,526281731,526284895,6177,True,0,1,526291072,161914,4,28.59722222222222,28.59722222222222,2436504.1435185187,2436532.7407407407
TelemetryTask,161916,161917,528246977,528250036,33945,True,1,1,528283981,161920,4,157.15277777777777,157.15277777777777,2445602.0185185187,2445759.171296296
UartTxTask,161919,161921,528279715,528286560,6160,True,0,1,528292720,161923,4,28.51851851851852,28.51851851851852,2445771.111111111,2445799.6296296297
UartTxTask,161925,161926,528441861,528445101,6234,True,0,1,528451335,161928,4,28.86111111111111,28.86111111111111,2446505.097222222,2446533.9583333335
TelemetryTask,161930,161931,530406946,530409895,33905,True,1,1,530443800,161934,4,156.96759259259258,156.96759259259258,2455601.3657407407,2455758.3333333335
UartTxTask,161933,161935,530439542,530446304,6187,True,0,1,530452491,161937,4,28.64351851851852,28.64351851851852,2455769.925925926,2455798.5694444445
UartTxTask,161939,161940,530601519,530604700,6336,True,0,1,530611036,161942,4,29.333333333333332,29.333333333333332,2456503.2407407407,2456532.574074074
TelemetryTask,161944,161945,532566930,532569879,33878,True,1,1,532603757,161948,4,156.84259259259258,156.84259259259258,2465601.2916666665,2465758.1342592593
UartTxTask,161947,161949,532599467,532606266,6222,True,0,1,532612488,161951,4,28.805555555555557,28.805555555555557,2465769.75,2465798.5555555555
UartTxTask,161953,161954,532761576,532764727,6302,True,0,1,532771029,161956,4,29.175925925925927,29.175925925925927,2466503.3657407407,2466532.5416666665
TelemetryTask,161958,161959,534726929,534729979,33952,True,1,1,534763931,161962,4,157.1851851851852,157.1851851851852,2475601.7546296297,2475758.939814815
UartTxTask,161961,161963,534759707,534766444,6235,True,0,1,534772679,161965,4,28.86574074074074,28.86574074074074,2475770.574074074,2475799.439814815
UartTxTask,161967,161968,534921767,534924998,6216,True,0,1,534931214,161970,4,28.77777777777778,28.77777777777778,2476504.6203703703,2476533.3981481483
TelemetryTask,161972,161973,536886965,536890050,33896,True,1,1,536923946,161976,4,156.92592592592592,156.92592592592592,2485602.0833333335,2485759.0092592593
UartTxTask,161975,161977,536919756,536926450,6072,True,0,1,536932522,161979,4,28.11111111111111,28.11111111111111,2485770.6018518517,2485798.712962963
UartTxTask,161981,161982,537081714,537084866,6387,True,0,1,537091253,161984,4,29.569444444444443,29.569444444444443,2486504.0092592593,2486533.578703704
TelemetryTask,161986,161987,539046933,539049971,34132,True,1,1,539084103,161990,4,158.0185185185185,158.0185185185185,2495601.717592593,2495759.736111111
UartTxTask,161989,161991,539079838,539086628,6156,True,0,1,539092784,161993,4,28.5,28.5,2495771.425925926,2495799.925925926
UartTxTask,161995,161996,539241961,539245110,6223,True,0,1,539251333,161998,4,28.810185185185187,28.810185185185187,2496505.138888889,2496533.949074074
TelemetryTask,162000,162001,541206944,541209904,33830,True,1,1,541243734,162004,4,156.62037037037038,156.62037037037038,2505601.407407407,2505758.027777778
UartTxTask,162003,162005,541239429,541246244,6153,True,0,1,541252397,162007,4,28.48611111111111,28.48611111111111,2505769.6481481483,2505798.1342592593
UartTxTask,162009,162010,541401469,541404643,6048,True,0,1,541410691,162012,4,28.0,28.0,2506502.9768518517,2506530.9768518517
TelemetryTask,162014,162015,543366914,543369925,33776,True,1,1,543403701,162018,4,156.37037037037038,156.37037037037038,2515601.5046296297,2515757.875
UartTxTask,162017,162019,543399364,543406242,6267,True,0,1,543412509,162021,4,29.01388888888889,29.01388888888889,2515769.638888889,2515798.652777778
UartTxTask,162023,162024,543561531,543564715,6247,True,0,1,543570962,162026,4,28.921296296296298,28.921296296296298,2516503.310185185,2516532.2314814813
TelemetryTask,162028,162029,545526943,545530006,33958,True,1,1,545563964,162032,4,157.21296296296296,157.21296296296296,2525601.8796296297,2525759.092592593
UartTxTask,162031,162033,545559690,545566444,6245,True,0,1,545572689,162035,4,28.912037037037038,28.912037037037038,2525770.574074074,2525799.486111111
UartTxTask,162037,162038,545721723,545724874,6237,True,0,1,545731111,162040,4,28.875,28.875,2526504.046296296,2526532.921296296
TelemetryTask,162042,162043,547686943,547690032,33817,True,1,1,547723849,162046,4,156.5601851851852,156.5601851851852,2535602.0,2535758.560185185
UartTxTask,162045,162047,547719543,547726356,6175,True,0,1,547732531,162049,4,28.587962962962962,28.587962962962962,2535770.1666666665,2535798.7546296297
UartTxTask,162051,162052,547881613,547884791,6271,True,0,1,547891062,162054,4,29.03240740740741,29.03240740740741,2536503.662037037,2536532.6944444445
TelemetryTask,162056,162057,549846964,549850056,34046,True,1,1,549884102,162060,4,157.62037037037038,157.62037037037038,2545602.111111111,2545759.7314814813
UartTxTask,162059,162061,549879935,549886649,6196,True,0,1,549892845,162063,4,28.685185185185187,28.685185185185187,2545771.5231481483,2545800.2083333335
UartTxTask,162065,162066,550041866,550045069,6246,True,0,1,550051315,162068,4,28.916666666666668,28.916666666666668,2546504.949074074,2546533.8657407407
TelemetryTask,162070,162071,552006975,552010047,34063,True,1,1,552044110,162074,4,157.69907407407408,157.69907407407408,2555602.0694444445,2555759.7685185187
UartTxTask,162073,162075,552039828,552046610,6085,True,0,1,552052695,162077,4,28.171296296296298,28.171296296296298,2555771.342592593,2555799.513888889
UartTxTask,162079,162080,552201838,552204980,6276,True,0,1,552211256,162082,4,29.055555555555557,29.055555555555557,2556504.537037037,2556533.592592593
TelemetryTask,162084,162085,554166968,554169983,34086,True,1,1,554204069,162088,4,157.80555555555554,157.80555555555554,2565601.7731481483,2565759.578703704
UartTxTask,162087,162089,554199691,554206642,6152,True,0,1,554212794,162091,4,28.48148148148148,28.48148148148148,2565771.4907407407,2565799.972222222
UartTxTask,162093,162094,554361911,554365141,6144,True,0,1,554371285,162096,4,28.444444444444443,28.444444444444443,2566505.282407407,2566533.7268518517
TelemetryTask,162098,162099,556326939,556330013,33848,True,1,1,556363861,162102,4,156.7037037037037,156.7037037037037,2575601.912037037,2575758.6157407407
UartTxTask,162101,162103,556359577,556366395,6309,True,0,1,556372704,162105,4,29.208333333333332,29.208333333333332,2575770.347222222,2575799.5555555555
UartTxTask,162107,162108,556521772,556525001,6221,True,0,1,556531222,162110,4,28.800925925925927,28.800925925925927,2576504.6342592593,2576533.435185185
TelemetryTask,162112,162113,558486937,558489987,33987,True,1,1,558523974,162116,4,157.34722222222223,157.34722222222223,2585601.7916666665,2585759.138888889
UartTxTask,162115,162117,558519628,558526464,6179,True,0,1,558532643,162119,4,28.60648148148148,28.60648148148148,2585770.6666666665,2585799.2731481483
UartTxTask,162121,162122,558681744,558684911,6178,True,0,1,558691089,162124,4,28.60185185185185,28.60185185185185,2586504.217592593,2586532.8194444445
TelemetryTask,162126,162127,560646943,560650064,33983,True,1,1,560684047,162130,4,157.3287037037037,157.3287037037037,2595602.1481481483,2595759.4768518517
UartTxTask,162129,162131,560679758,560686585,6147,True,0,1,560692732,162133,4,28.458333333333332,28.458333333333332,2595771.2268518517,2595799.685185185
UartTxTask,162135,162136,560841857,560844997,6236,True,0,1,560851233,162138,4,28.87037037037037,28.87037037037037,2596504.6157407407,2596533.486111111
TelemetryTask,162140,162141,562806975,562810042,33771,True,1,1,562843813,162144,4,156.34722222222223,156.34722222222223,2605602.046296296,2605758.3935185187
UartTxTask,162143,162145,562839575,562846282,6207,True,0,1,562852489,162147,4,28.73611111111111,28.73611111111111,2605769.824074074,2605798.560185185
UartTxTask,162149,162150,563001540,563004735,6338,True,0,1,563011073,162152,4,29.34259259259259,29.34259259259259,2606503.402777778,2606532.7453703703
TelemetryTask,162154,162155,564966962,564970044,33955,True,1,1,565003999,162158,4,157.19907407407408,157.19907407407408,2615602.0555555555,2615759.2546296297
UartTxTask,162157,162159,564999677,565006534,6262,True,0,1,565012796,162161,4,28.99074074074074,28.99074074074074,2615770.9907407407,2615799.9814814813
UartTxTask,162163,162164,565161786,565164936,6246,True,0,1,565171182,162166,4,28.916666666666668,28.916666666666668,2616504.3333333335,2616533.25
TelemetryTask,162168,162169,567126973,567129969,34020,True,1,1,567163989,162172,4,157.5,157.5,2625601.7083333335,2625759.2083333335
UartTxTask,162171,162173,567159695,567166445,6308,True,0,1,567172753,162175,4,29.203703703703702,29.203703703703702,2625770.578703704,2625799.782407407
UartTxTask,162177,162178,567321774,567324952,6178,True,0,1,567331130,162180,4,28.60185185185185,28.60185185185185,2626504.407407407,2626533.0092592593
TelemetryTask,162182,162183,569286963,569290041,33852,True,1,1,569323893,162186,4,156.72222222222223,156.72222222222223,2635602.0416666665,2635758.763888889
UartTxTask,162185,162187,569319594,569326400,6219,True,0,1,569332619,162189,4,28.791666666666668,28.791666666666668,2635770.3703703703,2635799.162037037
UartTxTask,162191,162192,569481676,569484827,6261,True,0,1,569491088,162194,4,28.98611111111111,28.98611111111111,2636503.828703704,2636532.814814815
TelemetryTask,162196,162197,571446927,571449931,33817,True,1,1,571483748,162200,4,156.5601851851852,156.5601851851852,2645601.532407407,2645758.092592593
UartTxTask,162199,162201,571479533,571486244,6267,True,0,1,571492511,162203,4,29.01388888888889,29.01388888888889,2645769.6481481483,2645798.662037037
UartTxTask,162205,162206,571641539,571644762,6212,True,0,1,571650974,162208,4,28.75925925925926,28.75925925925926,2646503.527777778,2646532.287037037
TelemetryTask,162210,162211,573606908,573609924,34006,True,1,1,573643930,162214,4,157.4351851851852,157.4351851851852,2655601.5,2655758.935185185
UartTxTask,162213,162215,573639587,573646461,6113,True,0,1,573652574,162217,4,28.300925925925927,28.300925925925927,2655770.652777778,2655798.953703704
UartTxTask,162219,162220,573801719,573804927,6364,True,0,1,573811291,162222,4,29.462962962962962,29.462962962962962,2656504.2916666665,2656533.7546296297
TelemetryTask,162224,162225,575766940,575769955,34193,True,1,1,575804148,162228,4,158.30092592592592,158.30092592592592,2665601.6435185187,2665759.9444444445
UartTxTask,162227,162229,575799760,575806670,6109,True,0,1,575812779,162231,4,28.28240740740741,28.28240740740741,2665771.6203703703,2665799.902777778
UartTxTask,162233,162234,575961879,575965092,6201,True,0,1,575971293,162236,4,28.708333333333332,28.708333333333332,2666505.0555555555,2666533.763888889
TelemetryTask,162238,162239,577926951,577930058,33926,True,1,1,577963984,162242,4,157.0648148148148,157.0648148148148,2675602.1203703703,2675759.185185185
UartTxTask,162241,162243,577959714,577966463,6225,True,0,1,577972688,162245,4,28.819444444444443,28.819444444444443,2675770.662037037,2675799.4814814813
UartTxTask,162247,162248,578121766,578124940,6253,True,0,1,578131193,162250,4,28.949074074074073,28.949074074074073,2676504.3518518517,2676533.300925926
TelemetryTask,162252,162253,580086949,580090003,33834,True,1,1,580123837,162256,4,156.63888888888889,156.63888888888889,2685601.8657407407,2685758.5046296297
UartTxTask,162255,162257,580119636,580126380,6214,True,0,1,580132594,162259,4,28.76851851851852,28.76851851851852,2685770.277777778,2685799.046296296
UartTxTask,162261,162262,580281701,580284894,6206,True,0,1,580291100,162264,4,28.73148148148148,28.73148148148148,2686504.138888889,2686532.8703703703
TelemetryTask,162266,162267,582246976,582250026,33950,True,1,1,582283976,162270,4,157.17592592592592,157.17592592592592,2695601.972222222,2695759.1481481483
UartTxTask,162269,162271,582279774,582286468,6327,True,0,1,582292795,162273,4,29.291666666666668,29.291666666666668,2695770.685185185,2695799.9768518517
UartTxTask,162275,162276,582441891,582445042,6264,True,0,1,582451306,162278,4,29.0,29.0,2696504.824074074,2696533.824074074
TelemetryTask,162280,162281,584406962,584410038,33733,True,1,1,584443771,162284,4,156.1712962962963,156.1712962962963,2705602.027777778,2705758.199074074
UartTxTask,162283,162285,584439555,584446253,6257,True,0,1,584452510,162287,4,28.96759259259259,28.96759259259259,2705769.689814815,2705798.657407407
UartTxTask,162289,162290,584601560,584604761,6339,True,0,1,584611100,162292,4,29.34722222222222,29.34722222222222,2706503.5231481483,2706532.8703703703
TelemetryTask,162294,162295,586566971,586569941,33804,True,1,1,586603745,162298,4,156.5,156.5,2715601.578703704,2715758.078703704
UartTxTask,162297,162299,586599443,586606328,6218,True,0,1,586612546,162301,4,28.787037037037038,28.787037037037038,2715770.037037037,2715798.824074074
UartTxTask,162303,162304,586761687,586764846,6306,True,0,1,586771152,162306,4,29.194444444444443,29.194444444444443,2716503.9166666665,2716533.111111111
TelemetryTask,162308,162309,588726945,588730034,33921,True,1,1,588763955,162312,4,157.04166666666666,157.04166666666666,2725602.0092592593,2725759.050925926
UartTxTask,162311,162313,588759698,588766488,6181,True,0,1,588772669,162315,4,28.61574074074074,28.61574074074074,2725770.777777778,2725799.3935185187
UartTxTask,162317,162318,588921711,588924883,6238,True,0,1,588931121,162320,4,28.87962962962963,28.87962962962963,2726504.087962963,2726532.967592593
TelemetryTask,162322,162323,590886941,590889942,33732,True,1,1,590923674,162326,4,156.16666666666666,156.16666666666666,2735601.5833333335,2735757.75
UartTxTask,162325,162327,590919477,590926189,6040,True,0,1,590932229,162329,4,27.962962962962962,27.962962962962962,2735769.3935185187,2735797.3564814813
UartTxTask,162331,162332,591081341,591084579,6185,True,0,1,591090764,162334,4,28.63425925925926,28.63425925925926,2736502.6805555555,2736531.314814815
TelemetryTask,162336,162337,593046932,593049970,33879,True,1,1,593083849,162340,4,156.84722222222223,156.84722222222223,2745601.712962963,2745758.560185185
UartTxTask,162339,162341,593079549,593086358,6214,True,0,1,593092572,162343,4,28.76851851851852,28.76851851851852,2745770.175925926,2745798.9444444445
UartTxTask,162345,162346,593241723,593244940,6346,True,0,1,593251286,162348,4,29.37962962962963,29.37962962962963,2746504.3518518517,2746533.7314814813
TelemetryTask,162350,162351,595206925,595209954,33924,True,1,1,595243878,162354,4,157.05555555555554,157.05555555555554,2755601.638888889,2755758.6944444445
UartTxTask,162353,162355,595239590,595246392,6133,True,0,1,595252525,162357,4,28.39351851851852,28.39351851851852,2755770.3333333335,2755798.7268518517
UartTxTask,162359,162360,595401642,595404837,6245,True,0,1,595411082,162362,4,28.912037037037038,28.912037037037038,2756503.875,2756532.787037037
TelemetryTask,162364,162365,597366944,597369989,33839,True,1,1,597403828,162368,4,156.66203703703704,156.66203703703704,2765601.800925926,2765758.462962963
UartTxTask,162367,162369,597399518,597406365,6160,True,0,1,597412525,162371,4,28.51851851851852,28.51851851851852,2765770.2083333335,2765798.7268518517
UartTxTask,162373,162374,597561648,597564841,6321,True,0,1,597571162,162376,4,29.26388888888889,29.26388888888889,2766503.8935185187,2766533.157407407
TelemetryTask,162378,162379,599526968,599529888,33985,True,1,1,599563873,162382,4,157.33796296296296,157.33796296296296,2775601.3333333335,2775758.671296296
UartTxTask,162381,162383,599559685,599566384,6244,True,0,1,599572628,162385,4,28.90740740740741,28.90740740740741,2775770.296296296,2775799.203703704
UartTxTask,162387,162388,599721647,599724865,6335,True,0,1,599731200,162390,4,29.328703703703702,29.328703703703702,2776504.0046296297,2776533.3333333335
TelemetryTask,162392,162393,601686930,601689959,33846,True,1,1,601723805,162396,4,156.69444444444446,156.69444444444446,2785601.662037037,2785758.3564814813
UartTxTask,162395,162397,601719519,601726283,6257,True,0,1,601732540,162399,4,28.96759259259259,28.96759259259259,2785769.828703704,2785798.796296296
UartTxTask,162401,162402,601881540,601884688,6221,True,0,1,601890909,162404,4,28.800925925925927,28.800925925925927,2786503.185185185,2786531.986111111
TelemetryTask,162406,162407,603846963,603849954,33827,True,1,1,603883781,162410,4,156.6064814814815,156.6064814814815,2795601.638888889,2795758.2453703703
UartTxTask,162409,162411,603879622,603886279,6134,True,0,1,603892413,162413,4,28.39814814814815,28.39814814814815,2795769.810185185,2795798.2083333335
UartTxTask,162415,162416,604041489,604044714,6170,True,0,1,604050884,162418,4,28.564814814814813,28.564814814814813,2796503.3055555555,2796531.8703703703
TelemetryTask,162420,162421,606006923,606009999,33816,True,1,1,606043815,162424,4,156.55555555555554,156.55555555555554,2805601.847222222,2805758.402777778
UartTxTask,162423,162425,606039535,606046372,6203,True,0,1,606052575,162427,4,28.71759259259259,28.71759259259259,2805770.2407407407,2805798.9583333335
UartTxTask,162429,162430,606201584,606204712,6286,True,0,1,606210998,162432,4,29.10185185185185,29.10185185185185,2806503.296296296,2806532.3981481483
TelemetryTask,162434,162435,608166971,608169963,33871,True,1,1,608203834,162438,4,156.8101851851852,156.8101851851852,2815601.6805555555,2815758.4907407407
UartTxTask,162437,162439,608199562,608206330,6226,True,0,1,608212556,162441,4,28.824074074074073,28.824074074074073,2815770.046296296,2815798.8703703703
UartTxTask,162443,162444,608361591,608364832,6259,True,0,1,608371091,162446,4,28.97685185185185,28.97685185185185,2816503.8518518517,2816532.828703704
TelemetryTask,162448,162449,610326929,610329996,34050,True,1,1,610364046,162452,4,157.63888888888889,157.63888888888889,2825601.8333333335,2825759.472222222
UartTxTask,162451,162453,610359746,610366559,6165,True,0,1,610372724,162455,4,28.541666666666668,28.541666666666668,2825771.1064814813,2825799.6481481483
UartTxTask,162457,162458,610521838,610525041,6181,True,0,1,610531222,162460,4,28.61574074074074,28.61574074074074,2826504.8194444445,2826533.435185185
TelemetryTask,162462,162463,612486957,612489946,33899,True,1,1,612523845,162466,4,156.9398148148148,156.9398148148148,2835601.6018518517,2835758.5416666665
UartTxTask,162465,162467,612519629,612526353,6237,True,0,1,612532590,162469,4,28.875,28.875,2835770.152777778,2835799.027777778
UartTxTask,162471,162472,612681720,612684937,6152,True,0,1,612691089,162474,4,28.48148148148148,28.48148148148148,2836504.337962963,2836532.8194444445
TelemetryTask,162476,162477,614646900,614649950,33916,True,1,1,614683866,162480,4,157.0185185185185,157.0185185185185,2845601.6203703703,2845758.638888889
UartTxTask,162479,162481,614679593,614686431,6245,True,0,1,614692676,162483,4,28.912037037037038,28.912037037037038,2845770.513888889,2845799.425925926
UartTxTask,162485,162486,614841743,614844953,6122,True,0,1,614851075,162488,4,28.34259259259259,28.34259259259259,2846504.412037037,2846532.7546296297
TelemetryTask,162490,162491,616806949,616810010,33815,True,1,1,616843825,162494,4,156.55092592592592,156.55092592592592,2855601.8981481483,2855758.449074074
UartTxTask,162493,162495,616839567,616846357,6197,True,0,1,616852554,162497,4,28.689814814814813,28.689814814814813,2855770.171296296,2855798.861111111
UartTxTask,162499,162500,617001655,617004878,6221,True,0,1,617011099,162502,4,28.800925925925927,28.800925925925927,2856504.064814815,2856532.8657407407
TelemetryTask,162504,162505,618966936,618969940,33879,True,1,1,619003819,162508,4,156.84722222222223,156.84722222222223,2865601.574074074,2865758.421296296
UartTxTask,162507,162509,618999567,619006343,6252,True,0,1,619012595,162511,4,28.944444444444443,28.944444444444443,2865770.1064814813,2865799.050925926
UartTxTask,162513,162514,619161594,619164823,6214,True,0,1,619171037,162516,4,28.76851851851852,28.76851851851852,2866503.810185185,2866532.578703704
TelemetryTask,162518,162519,621126963,621130057,33902,True,1,1,621163959,162522,4,156.9537037037037,156.9537037037037,2875602.1157407407,2875759.0694444445
UartTxTask,162521,162523,621159627,621166485,6166,True,0,1,621172651,162525,4,28.546296296296298,28.546296296296298,2875770.763888889,2875799.310185185
UartTxTask,162527,162528,621321797,621324937,6302,True,0,1,621331239,162530,4,29.175925925925927,29.175925925925927,2876504.337962963,2876533.513888889
TelemetryTask,162532,162533,623286964,623290018,34135,True,1,1,623324153,162536,4,158.03240740740742,158.03240740740742,2885601.935185185,2885759.967592593
UartTxTask,162535,162537,623319919,623326660,6231,True,0,1,623332891,162539,4,28.84722222222222,28.84722222222222,2885771.574074074,2885800.421296296
UartTxTask,162541,162542,623481909,623485107,6217,True,0,1,623491324,162544,4,28.78240740740741,28.78240740740741,2886505.125,2886533.907407407
TelemetryTask,162546,162547,625446970,625450021,33812,True,1,1,625483833,162550,4,156.53703703703704,156.53703703703704,2895601.949074074,2895758.486111111
UartTxTask,162549,162551,625479584,625486256,6272,True,0,1,625492528,162553,4,29.037037037037038,29.037037037037038,2895769.703703704,2895798.7407407407
UartTxTask,162555,162556,625641567,625644742,6212,True,0,1,625650954,162558,4,28.75925925925926,28.75925925925926,2896503.435185185,2896532.1944444445
TelemetryTask,162560,162561,627606933,627609973,34016,True,1,1,627643989,162564,4,157.4814814814815,157.4814814814815,2905601.7268518517,2905759.2083333335
UartTxTask,162563,162565,627639637,627646477,6216,True,0,1,627652693,162567,4,28.77777777777778,28.77777777777778,2905770.7268518517,2905799.5046296297
UartTxTask,162569,162570,627801695,627804812,6251,True,0,1,627811063,162572,4,28.939814814814813,28.939814814814813,2906503.7592592593,2906532.699074074
TelemetryTask,162574,162575,629766979,629769969,34064,True,1,1,629804033,162578,4,157.7037037037037,157.7037037037037,2915601.7083333335,2915759.412037037
UartTxTask,162577,162579,629799654,629806590,6178,True,0,1,629812768,162581,4,28.60185185185185,28.60185185185185,2915771.25,2915799.8518518517
UartTxTask,162583,162584,629961844,629965081,6296,True,0,1,629971377,162586,4,29.14814814814815,29.14814814814815,2916505.0046296297,2916534.152777778
TelemetryTask,162588,162589,631926936,631929919,33919,True,1,1,631963838,162592,4,157.03240740740742,157.03240740740742,2925601.4768518517,2925758.5092592593
UartTxTask,162591,162593,631959581,631966377,6200,True,0,1,631972577,162595,4,28.703703703703702,28.703703703703702,2925770.263888889,2925798.967592593
UartTxTask,162597,162598,632121692,632124900,6167,True,0,1,632131067,162600,4,28.550925925925927,28.550925925925927,2926504.1666666665,2926532.717592593
TelemetryTask,162602,162603,634086942,634089997,33954,True,1,1,634123951,162606,4,157.19444444444446,157.19444444444446,2935601.837962963,2935759.032407407
UartTxTask,162605,162607,634119700,634126480,6207,True,0,1,634132687,162609,4,28.73611111111111,28.73611111111111,2935770.7407407407,2935799.4768518517
UartTxTask,162611,162612,634281791,634284960,6150,True,0,1,634291110,162614,4,28.47222222222222,28.47222222222222,2936504.4444444445,2936532.9166666665
TelemetryTask,162616,162617,636246962,636249988,33784,True,1,1,636283772,162620,4,156.40740740740742,156.40740740740742,2945601.796296296,2945758.203703704
UartTxTask,162619,162621,636279474,636286299,6212,True,0,1,636292511,162623,4,28.75925925925926,28.75925925925926,2945769.902777778,2945798.662037037
UartTxTask,162625,162626,636441632,636444823,6324,True,0,1,636451147,162628,4,29.27777777777778,29.27777777777778,2946503.810185185,2946533.087962963
TelemetryTask,162630,162631,638406982,638409995,34084,True,1,1,638444079,162634,4,157.7962962962963,157.7962962962963,2955601.828703704,2955759.625
UartTxTask,162633,162635,638439760,638446629,6329,True,0,1,638452958,162637,4,29.300925925925927,29.300925925925927,2955771.4305555555,2955800.7314814813
UartTxTask,162639,162640,638601978,638605120,6249,True,0,1,638611369,162642,4,28.930555555555557,28.930555555555557,2956505.185185185,2956534.1157407407
TelemetryTask,162644,162645,640566919,640569951,33834,True,1,1,640603785,162648,4,156.63888888888889,156.63888888888889,2965601.625,2965758.263888889
UartTxTask,162647,162649,640599503,640606279,6273,True,0,1,640612552,162651,4,29.041666666666668,29.041666666666668,2965769.810185185,2965798.8518518517
UartTxTask,162653,162654,640761650,640764842,6243,True,0,1,640771085,162656,4,28.90277777777778,28.90277777777778,2966503.8981481483,2966532.800925926
TelemetryTask,162658,162659,642726950,642730033,33741,True,1,1,642763774,162662,4,156.20833333333334,156.20833333333334,2975602.0046296297,2975758.212962963
UartTxTask,162661,162663,642759595,642766267,6302,True,0,1,642772569,162665,4,29.175925925925927,29.175925925925927,2975769.7546296297,2975798.9305555555
UartTxTask,162667,162668,642921566,642924733,6211,True,0,1,642930944,162670,4,28.75462962962963,28.75462962962963,2976503.3935185187,2976532.1481481483
TelemetryTask,162672,162673,644886954,644889943,33971,True,1,1,644923914,162676,4,157.27314814814815,157.27314814814815,2985601.587962963,2985758.861111111
UartTxTask,162675,162677,644919603,644926456,6310,True,0,1,644932766,162679,4,29.212962962962962,29.212962962962962,2985770.6296296297,2985799.842592593
UartTxTask,162681,162682,645081749,645084982,6172,True,0,1,645091154,162684,4,28.574074074074073,28.574074074074073,2986504.546296296,2986533.1203703703
TelemetryTask,162686,162687,647046948,647049971,33982,True,1,1,647083953,162690,4,157.32407407407408,157.32407407407408,2995601.717592593,2995759.0416666665
UartTxTask,162689,162691,647079667,647086430,6168,True,0,1,647092598,162693,4,28.555555555555557,28.555555555555557,2995770.5092592593,2995799.064814815
UartTxTask,162695,162696,647241612,647244831,6167,True,0,1,647250998,162698,4,28.550925925925927,28.550925925925927,2996503.847222222,2996532.3981481483
TelemetryTask,162700,162701,649206952,649210061,34040,True,1,1,649244101,162704,4,157.59259259259258,157.59259259259258,3005602.1342592593,3005759.7268518517
UartTxTask,162703,162705,649239789,649246668,6135,True,0,1,649252803,162707,4,28.40277777777778,28.40277777777778,3005771.611111111,3005800.013888889
UartTxTask,162709,162710,649401857,649405061,6265,True,0,1,649411326,162712,4,29.00462962962963,29.00462962962963,3006504.912037037,3006533.9166666665
TelemetryTask,162714,162715,651366937,651369984,33776,True,1,1,651403760,162718,4,156.37037037037038,156.37037037037038,3015601.777777778,3015758.1481481483
UartTxTask,162717,162719,651399513,651406276,6193,True,0,1,651412469,162721,4,28.671296296296298,28.671296296296298,3015769.796296296,3015798.467592593
UartTxTask,162723,162724,651561566,651564729,6125,True,0,1,651570854,162726,4,28.35648148148148,28.35648148148148,3016503.375,3016531.7314814813
TelemetryTask,162728,162729,653526960,653529971,33858,True,1,1,653563829,162732,4,156.75,156.75,3025601.717592593,3025758.467592593
UartTxTask,162731,162733,653559554,653566375,6210,True,0,1,653572585,162735,4,28.75,28.75,3025770.2546296297,3025799.0046296297
UartTxTask,162737,162738,653721642,653724794,6172,True,0,1,653730966,162740,4,28.574074074074073,28.574074074074073,3026503.675925926,3026532.25
TelemetryTask,162742,162743,655686960,655690088,33931,True,1,1,655724019,162746,4,157.08796296296296,157.08796296296296,3035602.2592592593,3035759.347222222
UartTxTask,162745,162747,655719756,655726520,6228,True,0,1,655732748,162749,4,28.833333333333332,28.833333333333332,3035770.925925926,3035799.7592592593
UartTxTask,162751,162752,655881833,655885010,6334,True,0,1,655891344,162754,4,29.324074074074073,29.324074074074073,3036504.675925926,3036534.0
TelemetryTask,162756,162757,657846925,657849883,33911,True,1,1,657883794,162760,4,156.99537037037038,156.99537037037038,3045601.310185185,3045758.3055555555
UartTxTask,162759,162761,657879553,657886283,6221,True,0,1,657892504,162763,4,28.800925925925927,28.800925925925927,3045769.828703704,3045798.6296296297
UartTxTask,162765,162766,658041601,658044858,6280,True,0,1,658051138,162768,4,29.074074074074073,29.074074074074073,3046503.972222222,3046533.046296296
TelemetryTask,162770,162771,660006923,660009963,33924,True,1,1,660043887,162774,4,157.05555555555554,157.05555555555554,3055601.6805555555,3055758.736111111
UartTxTask,162773,162775,660039688,660046360,6188,True,0,1,660052548,162777,4,28.64814814814815,28.64814814814815,3055770.185185185,3055798.8333333335
UartTxTask,162779,162780,660201646,660204884,6282,True,0,1,660211166,162782,4,29.083333333333332,29.083333333333332,3056504.092592593,3056533.175925926
TelemetryTask,162784,162785,662166952,662169984,34076,True,1,1,662204060,162788,4,157.75925925925927,157.75925925925927,3065601.777777778,3065759.537037037
UartTxTask,162787,162789,662199676,662206558,6207,True,0,1,662212765,162791,4,28.73611111111111,28.73611111111111,3065771.1018518517,3065799.837962963
UartTxTask,162793,162794,662361813,662364978,6083,True,0,1,662371061,162796,4,28.162037037037038,28.162037037037038,3066504.527777778,3066532.689814815
TelemetryTask,162798,162799,664326962,664329974,34027,True,1,1,664364001,162802,4,157.53240740740742,157.53240740740742,3075601.7314814813,3075759.263888889
UartTxTask,162801,162803,664359702,664366516,6265,True,0,1,664372781,162805,4,29.00462962962963,29.00462962962963,3075770.907407407,3075799.912037037
UartTxTask,162807,162808,664521813,664524991,6160,True,0,1,664531151,162810,4,28.51851851851852,28.51851851851852,3076504.587962963,3076533.1064814813
TelemetryTask,162812,162813,666486957,666489943,33910,True,1,1,666523853,162816,4,156.99074074074073,156.99074074074073,3085601.587962963,3085758.578703704
UartTxTask,162815,162817,666519589,666526403,6210,True,0,1,666532613,162819,4,28.75,28.75,3085770.3842592593,3085799.1342592593
UartTxTask,162821,162822,666681653,666684839,6233,True,0,1,666691072,162824,4,28.85648148148148,28.85648148148148,3086503.8842592593,3086532.7407407407
TelemetryTask,162826,162827,668646938,668649968,33882,True,1,1,668683850,162830,4,156.86111111111111,156.86111111111111,3095601.703703704,3095758.564814815
UartTxTask,162829,162831,668679471,668686468,6132,True,0,1,668692600,162833,4,28.38888888888889,28.38888888888889,3095770.685185185,3095799.074074074
UartTxTask,162835,162836,668841713,668844913,6140,True,0,1,668851053,162838,4,28.425925925925927,28.425925925925927,3096504.2268518517,3096532.652777778
TelemetryTask,162840,162841,670806918,670809920,33924,True,1,1,670843844,162844,4,157.05555555555554,157.05555555555554,3105601.4814814813,3105758.537037037
UartTxTask,162843,162845,670839636,670846303,6268,True,0,1,670852571,162847,4,29.01851851851852,29.01851851851852,3105769.921296296,3105798.939814815
UartTxTask,162849,162850,671001629,671004802,6199,True,0,1,671011001,162852,4,28.699074074074073,28.699074074074073,3106503.712962963,3106532.412037037
TelemetryTask,162854,162855,672966949,672969991,33837,True,1,1,673003828,162858,4,156.65277777777777,156.65277777777777,3115601.810185185,3115758.462962963
UartTxTask,162857,162859,672999590,673006362,6111,True,0,1,673012473,162861,4,28.291666666666668,28.291666666666668,3115770.1944444445,3115798.486111111
UartTxTask,162863,162864,673161607,673164844,6226,True,0,1,673171070,162866,4,28.824074074074073,28.824074074074073,3116503.907407407,3116532.7314814813
TelemetryTask,162868,162869,675126952,675129959,33946,True,1,1,675163905,162872,4,157.15740740740742,157.15740740740742,3125601.662037037,3125758.8194444445
UartTxTask,162871,162873,675159659,675166440,6188,True,0,1,675172628,162875,4,28.64814814814815,28.64814814814815,3125770.5555555555,3125799.203703704
UartTxTask,162877,162878,675321645,675324756,6184,True,0,1,675330940,162880,4,28.62962962962963,28.62962962962963,3126503.5,3126532.1296296297
TelemetryTask,162882,162883,677286923,677289963,33898,True,1,1,677323861,162886,4,156.9351851851852,156.9351851851852,3135601.6805555555,3135758.6157407407
UartTxTask,162885,162887,677319462,677326422,6343,True,0,1,677332765,162889,4,29.36574074074074,29.36574074074074,3135770.472222222,3135799.837962963
UartTxTask,162891,162892,677481770,677485024,6214,True,0,1,677491238,162894,4,28.76851851851852,28.76851851851852,3136504.7407407407,3136533.5092592593
TelemetryTask,162896,162897,679446961,679450009,33967,True,1,1,679483976,162900,4,157.25462962962962,157.25462962962962,3145601.8935185187,3145759.1481481483
UartTxTask,162899,162901,679479588,679486486,6350,True,0,1,679492836,162903,4,29.39814814814815,29.39814814814815,3145770.7685185187,3145800.1666666665
UartTxTask,162905,162906,679641799,679645036,6156,True,0,1,679651192,162908,4,28.5,28.5,3146504.796296296,3146533.296296296
TelemetryTask,162910,162911,681606962,681609976,34010,True,1,1,681643986,162914,4,157.4537037037037,157.4537037037037,3155601.7407407407,3155759.1944444445
UartTxTask,162913,162915,681639704,681646501,6187,True,0,1,681652688,162917,4,28.64351851851852,28.64351851851852,3155770.837962963,3155799.4814814813
UartTxTask,162919,162920,681801828,681805022,6288,True,0,1,681811310,162922,4,29.11111111111111,29.11111111111111,3156504.7314814813,3156533.842592593
TelemetryTask,162924,162925,683766936,683769948,34218,True,1,1,683804166,162928,4,158.41666666666666,158.41666666666666,3165601.611111111,3165760.027777778
UartTxTask,162927,162929,683799778,683806679,6194,True,0,1,683812873,162931,4,28.675925925925927,28.675925925925927,3165771.662037037,3165800.337962963
UartTxTask,162933,162934,683961995,683965245,6233,True,0,1,683971478,162936,4,28.85648148148148,28.85648148148148,3166505.763888889,3166534.6203703703
TelemetryTask,162938,162939,685926906,685929967,33985,True,1,1,685963952,162942,4,157.33796296296296,157.33796296296296,3175601.699074074,3175759.037037037
UartTxTask,162941,162943,685959664,685966477,6113,True,0,1,685972590,162945,4,28.300925925925927,28.300925925925927,3175770.7268518517,3175799.027777778
UartTxTask,162947,162948,686121783,686124978,6209,True,0,1,686131187,162950,4,28.74537037037037,28.74537037037037,3176504.527777778,3176533.2731481483
TelemetryTask,162952,162953,688086948,688089955,34009,True,1,1,688123964,162956,4,157.44907407407408,157.44907407407408,3185601.6435185187,3185759.092592593
UartTxTask,162955,162957,688119783,688126495,6156,True,0,1,688132651,162959,4,28.5,28.5,3185770.810185185,3185799.310185185
UartTxTask,162961,162962,688281777,688284946,6219,True,0,1,688291165,162964,4,28.791666666666668,28.791666666666668,3186504.3796296297,3186533.171296296
TelemetryTask,162966,162967,690246916,690249913,34083,True,1,1,690283996,162970,4,157.79166666666666,157.79166666666666,3195601.449074074,3195759.2407407407
UartTxTask,162969,162971,690279677,690286437,6247,True,0,1,690292684,162973,4,28.921296296296298,28.921296296296298,3195770.5416666665,3195799.462962963
UartTxTask,162975,162976,690441697,690444889,6262,True,0,1,690451151,162978,4,28.99074074074074,28.99074074074074,3196504.1157407407,3196533.1064814813
TelemetryTask,162980,162981,692406932,692409905,33639,True,1,1,692443544,162984,4,155.73611111111111,155.73611111111111,3205601.412037037,3205757.1481481483
UartTxTask,162983,162985,692439313,692446073,6227,True,0,1,692452300,162987,4,28.828703703703702,28.828703703703702,3205768.8564814813,3205797.685185185
UartTxTask,162989,162990,692601417,692604574,6225,True,0,1,692610799,162992,4,28.819444444444443,28.819444444444443,3206502.657407407,3206531.4768518517
TelemetryTask,162994,162995,694566917,694569992,34041,True,1,1,694604033,162998,4,157.59722222222223,157.59722222222223,3215601.814814815,3215759.412037037
UartTxTask,162997,162999,694599628,694606568,6278,True,0,1,694612846,163001,4,29.064814814814813,29.064814814814813,3215771.1481481483,3215800.212962963
UartTxTask,163003,163004,694761889,694765098,6183,True,0,1,694771281,163006,4,28.625,28.625,3216505.0833333335,3216533.7083333335
TelemetryTask,163008,163009,696726941,696729946,33857,True,1,1,696763803,163012,4,156.74537037037038,156.74537037037038,3225601.6018518517,3225758.347222222
UartTxTask,163011,163013,696759623,696766325,6280,True,0,1,696772605,163015,4,29.074074074074073,29.074074074074073,3225770.0231481483,3225799.097222222
UartTxTask,163017,163018,696921634,696924849,6284,True,0,1,696931133,163020,4,29.09259259259259,29.09259259259259,3226503.9305555555,3226533.0231481483
TelemetryTask,163022,163023,698886891,698889892,33796,True,1,1,698923688,163026,4,156.46296296296296,156.46296296296296,3235601.3518518517,3235757.814814815
UartTxTask,163025,163027,698919475,698926199,6243,True,0,1,698932442,163029,4,28.90277777777778,28.90277777777778,3235769.439814815,3235798.342592593
UartTxTask,163031,163032,699081495,699084671,6180,True,0,1,699090851,163034,4,28.61111111111111,28.61111111111111,3236503.1064814813,3236531.717592593
TelemetryTask,163036,163037,701046935,701049985,33964,True,1,1,701083949,163040,4,157.24074074074073,157.24074074074073,3245601.782407407,3245759.0231481483
UartTxTask,163039,163041,701079670,701086463,6172,True,0,1,701092635,163043,4,28.574074074074073,28.574074074074073,3245770.662037037,3245799.236111111
UartTxTask,163045,163046,701241768,701244935,6090,True,0,1,701251025,163048,4,28.194444444444443,28.194444444444443,3246504.328703704,3246532.5231481483
TelemetryTask,163050,163051,703206918,703209951,34054,True,1,1,703244005,163054,4,157.65740740740742,157.65740740740742,3255601.625,3255759.282407407
UartTxTask,163053,163055,703239721,703246561,6165,True,0,1,703252726,163057,4,28.541666666666668,28.541666666666668,3255771.1157407407,3255799.657407407
UartTxTask,163059,163060,703401810,703404949,6227,True,0,1,703411176,163062,4,28.828703703703702,28.828703703703702,3256504.3935185187,3256533.222222222
TelemetryTask,163064,163065,705366927,705370006,33798,True,1,1,705403804,163068,4,156.47222222222223,156.47222222222223,3265601.8796296297,3265758.3518518517
UartTxTask,163067,163069,705399488,705406352,6160,True,0,1,705412512,163071,4,28.51851851851852,28.51851851851852,3265770.1481481483,3265798.6666666665
UartTxTask,163073,163074,705561658,705564870,6343,True,0,1,705571213,163076,4,29.36574074074074,29.36574074074074,3266504.027777778,3266533.3935185187
TelemetryTask,163078,163079,707526919,707529992,33987,True,1,1,707563979,163082,4,157.34722222222223,157.34722222222223,3275601.814814815,3275759.162037037
UartTxTask,163081,163083,707559657,707566444,6221,True,0,1,707572665,163085,4,28.800925925925927,28.800925925925927,3275770.574074074,3275799.375
UartTxTask,163087,163088,707721720,707724851,6130,True,0,1,707730981,163090,4,28.37962962962963,28.37962962962963,3276503.939814815,3276532.3194444445
TelemetryTask,163092,163093,709686942,709689977,34022,True,1,1,709723999,163096,4,157.50925925925927,157.50925925925927,3285601.7453703703,3285759.2546296297
UartTxTask,163095,163097,709719804,709726494,6292,True,0,1,709732786,163099,4,29.12962962962963,29.12962962962963,3285770.8055555555,3285799.935185185
UartTxTask,163101,163102,709881848,709884972,6198,True,0,1,709891170,163104,4,28.694444444444443,28.694444444444443,3286504.5,3286533.1944444445
TelemetryTask,163106,163107,711846952,711850027,33858,True,1,1,711883885,163110,4,156.75,156.75,3295601.9768518517,3295758.7268518517
UartTxTask,163109,163111,711879760,711886431,6163,True,0,1,711892594,163113,4,28.53240740740741,28.53240740740741,3295770.513888889,3295799.046296296
UartTxTask,163115,163116,712041656,712044831,6163,True,0,1,712050994,163118,4,28.53240740740741,28.53240740740741,3296503.847222222,3296532.3796296297
TelemetryTask,163120,163121,714006945,714009960,34021,True,1,1,714043981,163124,4,157.50462962962962,157.50462962962962,3305601.6666666665,3305759.171296296
UartTxTask,163123,163125,714039641,714046468,6170,True,0,1,714052638,163127,4,28.564814814814813,28.564814814814813,3305770.685185185,3305799.25
UartTxTask,163129,163130,714201656,714204833,6270,True,0,1,714211103,163132,4,29.02777777777778,29.02777777777778,3306503.8564814813,3306532.8842592593
TelemetryTask,163134,163135,716166921,716169997,33814,True,1,1,716203811,163138,4,156.5462962962963,156.5462962962963,3315601.837962963,3315758.3842592593
UartTxTask,163137,163139,716199611,716206284,6265,True,0,1,716212549,163141,4,29.00462962962963,29.00462962962963,3315769.8333333335,3315798.837962963
UartTxTask,163143,163144,716361581,716364779,6253,True,0,1,716371032,163146,4,28.949074074074073,28.949074074074073,3316503.6064814813,3316532.5555555555
TelemetryTask,163148,163149,718326951,718329986,33884,True,1,1,718363870,163152,4,156.87037037037038,156.87037037037038,3325601.787037037,3325758.657407407
UartTxTask,163151,163153,718359669,718366363,6226,True,0,1,718372589,163155,4,28.824074074074073,28.824074074074073,3325770.199074074,3325799.0231481483
UartTxTask,163157,163158,718521683,718524908,6372,True,0,1,718531280,163160,4,29.5,29.5,3326504.203703704,3326533.703703704
TelemetryTask,163162,163163,720486965,720490032,33881,True,1,1,720523913,163166,4,156.8564814814815,156.8564814814815,3335602.0,3335758.8564814813
UartTxTask,163165,163167,720519609,720526458,6240,True,0,1,720532698,163169,4,28.88888888888889,28.88888888888889,3335770.638888889,3335799.527777778
UartTxTask,163171,163172,720681769,720684906,6210,True,0,1,720691116,163174,4,28.75,28.75,3336504.1944444445,3336532.9444444445
TelemetryTask,163176,163177,722646961,722650046,33980,True,1,1,722684026,163180,4,157.3148148148148,157.3148148148148,3345602.064814815,3345759.3796296297
UartTxTask,163179,163181,722679776,722686516,6284,True,0,1,722692800,163183,4,29.09259259259259,29.09259259259259,3345770.907407407,3345800.0
UartTxTask,163185,163186,722841831,722845017,6252,True,0,1,722851269,163188,4,28.944444444444443,28.944444444444443,3346504.7083333335,3346533.652777778
TelemetryTask,163190,163191,724806953,724809940,33986,True,1,1,724843926,163194,4,157.34259259259258,157.34259259259258,3355601.574074074,3355758.9166666665
UartTxTask,163193,163195,724839649,724846448,6171,True,0,1,724852619,163197,4,28.569444444444443,28.569444444444443,3355770.592592593,3355799.162037037
UartTxTask,163199,163200,725001777,725005006,6205,True,0,1,725011211,163202,4,28.72685185185185,28.72685185185185,3356504.657407407,3356533.3842592593
TelemetryTask,163204,163205,726966949,726970009,33939,True,1,1,727003948,163208,4,157.125,157.125,3365601.8935185187,3365759.0185185187
UartTxTask,163207,163209,726999720,727006491,6163,True,0,1,727012654,163211,4,28.53240740740741,28.53240740740741,3365770.7916666665,3365799.324074074
UartTxTask,163213,163214,727161718,727164892,6150,True,0,1,727171042,163216,4,28.47222222222222,28.47222222222222,3366504.1296296297,3366532.6018518517
TelemetryTask,163218,163219,729126946,729129967,33768,True,1,1,729163735,163222,4,156.33333333333334,156.33333333333334,3375601.699074074,3375758.032407407
UartTxTask,163221,163223,729159441,729166217,6164,True,0,1,729172381,163225,4,28.537037037037038,28.537037037037038,3375769.5231481483,3375798.060185185
UartTxTask,163227,163228,729321419,729324644,6283,True,0,1,729330927,163230,4,29.087962962962962,29.087962962962962,3376502.9814814813,3376532.0694444445
TelemetryTask,163232,163233,731286958,731289987,34031,True,1,1,731324018,163236,4,157.55092592592592,157.55092592592592,3385601.7916666665,3385759.342592593
UartTxTask,163235,163237,731319756,731326519,6260,True,0,1,731332779,163239,4,28.98148148148148,28.98148148148148,3385770.921296296,3385799.902777778
UartTxTask,163241,163242,731481824,731485048,6280,True,0,1,731491328,163244,4,29.074074074074073,29.074074074074073,3386504.8518518517,3386533.925925926
TelemetryTask,163246,163247,733446945,733449975,34101,True,1,1,733484076,163250,4,157.875,157.875,3395601.736111111,3395759.611111111
UartTxTask,163249,163251,733479688,733486601,6117,True,0,1,733492718,163253,4,28.319444444444443,28.319444444444443,3395771.300925926,3395799.6203703703
UartTxTask,163255,163256,733641751,733644950,6219,True,0,1,733651169,163258,4,28.791666666666668,28.791666666666668,3396504.3981481483,3396533.189814815
TelemetryTask,163260,163261,735606986,735610031,34050,True,1,1,735644081,163264,4,157.63888888888889,157.63888888888889,3405601.9953703703,3405759.6342592593
UartTxTask,163263,163265,735639626,735646564,6308,True,0,1,735652872,163267,4,29.203703703703702,29.203703703703702,3405771.1296296297,3405800.3333333335
UartTxTask,163269,163270,735801958,735805121,6158,True,0,1,735811279,163272,4,28.50925925925926,28.50925925925926,3406505.189814815,3406533.699074074
TelemetryTask,163274,163275,737766936,737769949,33941,True,1,1,737803890,163278,4,157.13425925925927,157.13425925925927,3415601.6157407407,3415758.75
UartTxTask,163277,163279,737799639,737806427,6092,True,0,1,737812519,163281,4,28.203703703703702,28.203703703703702,3415770.4953703703,3415798.699074074
ButtonTask,163285,163287,737858548,737861184,26173,True,1,1,737887357,163290,4,121.17129629629629,121.17129629629629,3416024.0,3416145.171296296
UartTxTask,163292,163293,737961603,737963576,8735,True,0,1,737972311,163296,4,40.43981481481482,40.43981481481482,3416498.037037037,3416538.4768518517
UartTxTask,163298,163299,738121360,738123368,6457,True,0,1,738129825,163301,4,29.89351851851852,29.89351851851852,3417237.814814815,3417267.7083333335
TelemetryTask,163303,163304,739926949,739929927,33949,True,1,1,739963876,163307,4,157.1712962962963,157.1712962962963,3425601.513888889,3425758.685185185
UartTxTask,163306,163308,739959616,739966404,6227,True,0,1,739972631,163310,4,28.828703703703702,28.828703703703702,3425770.388888889,3425799.217592593
UartTxTask,163312,163313,740121665,740124812,6257,True,0,1,740131069,163315,4,28.96759259259259,28.96759259259259,3426503.7592592593,3426532.7268518517
TelemetryTask,163317,163318,742086906,742089922,33903,True,1,1,742123825,163321,4,156.95833333333334,156.95833333333334,3435601.4907407407,3435758.449074074
UartTxTask,163320,163322,742119534,742126334,6206,True,0,1,742132540,163324,4,28.73148148148148,28.73148148148148,3435770.064814815,3435798.796296296
UartTxTask,163326,163327,742281643,742284785,6290,True,0,1,742291075,163329,4,29.12037037037037,29.12037037037037,3436503.6342592593,3436532.7546296297
TelemetryTask,163331,163332,744246965,744249972,34018,True,1,1,744283990,163335,4,157.49074074074073,157.49074074074073,3445601.722222222,3445759.212962963
UartTxTask,163334,163336,744279686,744286477,6266,True,0,1,744292743,163338,4,29.00925925925926,29.00925925925926,3445770.7268518517,3445799.736111111
UartTxTask,163340,163341,744441784,744445003,6323,True,0,1,744451326,163343,4,29.27314814814815,29.27314814814815,3446504.6435185187,3446533.9166666665
TelemetryTask,163345,163346,746406907,746409955,33787,True,1,1,746443742,163349,4,156.4212962962963,156.4212962962963,3455601.6435185187,3455758.064814815
UartTxTask,163348,163350,746439493,746446227,6362,True,0,1,746452589,163352,4,29.453703703703702,29.453703703703702,3455769.5694444445,3455799.0231481483
UartTxTask,163354,163355,746601572,746604802,6294,True,0,1,746611096,163357,4,29.13888888888889,29.13888888888889,3456503.712962963,3456532.8518518517
TelemetryTask,163359,163360,748566976,748570043,34007,True,1,1,748604050,163363,4,157.4398148148148,157.4398148148148,3465602.050925926,3465759.4907407407
UartTxTask,163362,163364,748599779,748606549,6229,True,0,1,748612778,163366,4,28.837962962962962,28.837962962962962,3465771.060185185,3465799.8981481483
UartTxTask,163368,163369,748761878,748765050,6403,True,0,1,748771453,163371,4,29.64351851851852,29.64351851851852,3466504.861111111,3466534.5046296297
TelemetryTask,163373,163374,750726935,750729997,33750,True,1,1,750763747,163377,4,156.25,156.25,3475601.837962963,3475758.087962963
UartTxTask,163376,163378,750759576,750766287,6231,True,0,1,750772518,163380,4,28.84722222222222,28.84722222222222,3475769.847222222,3475798.6944444445
UartTxTask,163382,163383,750921706,750924867,6237,True,0,1,750931104,163385,4,28.875,28.875,3476504.013888889,3476532.888888889
TelemetryTask,163387,163388,752886934,752889929,34041,True,1,1,752923970,163391,4,157.59722222222223,157.59722222222223,3485601.5231481483,3485759.1203703703
UartTxTask,163390,163392,752919613,752926476,6182,True,0,1,752932658,163394,4,28.62037037037037,28.62037037037037,3485770.722222222,3485799.342592593
UartTxTask,163396,163397,753081772,753084953,6184,True,0,1,753091137,163399,4,28.62962962962963,28.62962962962963,3486504.412037037,3486533.0416666665
TelemetryTask,163401,163402,755046939,755049978,34004,True,1,1,755083982,163405,4,157.42592592592592,157.42592592592592,3495601.75,3495759.175925926
UartTxTask,163404,163406,755079683,755086452,6280,True,0,1,755092732,163408,4,29.074074074074073,29.074074074074073,3495770.611111111,3495799.685185185
UartTxTask,163410,163411,755241792,755244985,6226,True,0,1,755251211,163413,4,28.824074074074073,28.824074074074073,3496504.560185185,3496533.3842592593
TelemetryTask,163415,163416,757206946,757210009,33747,True,1,1,757243756,163419,4,156.23611111111111,156.23611111111111,3505601.8935185187,3505758.1296296297
UartTxTask,163418,163420,757239424,757246199,6261,True,0,1,757252460,163422,4,28.98611111111111,28.98611111111111,3505769.439814815,3505798.425925926
UartTxTask,163424,163425,757401512,757404743,6235,True,0,1,757410978,163427,4,28.86574074074074,28.86574074074074,3506503.439814815,3506532.3055555555
TelemetryTask,163429,163430,759366938,759369894,33691,True,1,1,759403585,163433,4,155.97685185185185,155.97685185185185,3515601.361111111,3515757.337962963
UartTxTask,163432,163434,759399353,759406082,6283,True,0,1,759412365,163436,4,29.087962962962962,29.087962962962962,3515768.8981481483,3515797.986111111
UartTxTask,163438,163439,759561461,759564606,6308,True,0,1,759570914,163441,4,29.203703703703702,29.203703703703702,3516502.8055555555,3516532.0092592593
TelemetryTask,163443,163444,761526906,761529922,33890,True,1,1,761563812,163447,4,156.89814814814815,156.89814814814815,3525601.4907407407,3525758.388888889
UartTxTask,163446,163448,761559529,761566303,6184,True,0,1,761572487,163450,4,28.62962962962963,28.62962962962963,3525769.921296296,3525798.550925926
UartTxTask,163452,163453,761721519,761724680,6288,True,0,1,761730968,163455,4,29.11111111111111,29.11111111111111,3526503.1481481483,3526532.2592592593
TelemetryTask,163457,163458,763686948,763689984,33877,True,1,1,763723861,163461,4,156.83796296296296,156.83796296296296,3535601.777777778,3535758.6157407407
UartTxTask,163460,163462,763719550,763726424,6166,True,0,1,763732590,163464,4,28.546296296296298,28.546296296296298,3535770.4814814813,3535799.027777778
UartTxTask,163466,163467,763881703,763884921,6302,True,0,1,763891223,163469,4,29.175925925925927,29.175925925925927,3536504.263888889,3536533.439814815
TelemetryTask,163471,163472,765846932,765850004,33925,True,1,1,765883929,163475,4,157.0601851851852,157.0601851851852,3545601.8703703703,3545758.9305555555
UartTxTask,163474,163476,765879741,765886440,6247,True,0,1,765892687,163478,4,28.921296296296298,28.921296296296298,3545770.5555555555,3545799.4768518517
UartTxTask,163480,163481,766041756,766044935,6330,True,0,1,766051265,163483,4,29.305555555555557,29.305555555555557,3546504.328703704,3546533.6342592593
TelemetryTask,163485,163486,768006952,768009935,33871,True,1,1,768043806,163489,4,156.8101851851852,156.8101851851852,3555601.550925926,3555758.361111111
UartTxTask,163488,163490,768039522,768046323,6237,True,0,1,768052560,163492,4,28.875,28.875,3555770.013888889,3555798.888888889
UartTxTask,163494,163495,768201732,768204905,6276,True,0,1,768211181,163497,4,29.055555555555557,29.055555555555557,3556504.189814815,3556533.2453703703
TelemetryTask,163499,163500,770166938,770169950,33966,True,1,1,770203916,163503,4,157.25,157.25,3565601.6203703703,3565758.8703703703
UartTxTask,163502,163504,770199553,770206495,6201,True,0,1,770212696,163506,4,28.708333333333332,28.708333333333332,3565770.810185185,3565799.5185185187
UartTxTask,163508,163509,770361768,770364899,6151,True,0,1,770371050,163511,4,28.47685185185185,28.47685185185185,3566504.162037037,3566532.638888889
TelemetryTask,163513,163514,772326910,772329876,34029,True,1,1,772363905,163517,4,157.54166666666666,157.54166666666666,3575601.277777778,3575758.8194444445
UartTxTask,163516,163518,772359592,772366393,6219,True,0,1,772372612,163520,4,28.791666666666668,28.791666666666668,3575770.337962963,3575799.1296296297
UartTxTask,163522,163523,772521697,772524879,6194,True,0,1,772531073,163525,4,28.675925925925927,28.675925925925927,3576504.0694444445,3576532.7453703703
TelemetryTask,163527,163528,774486969,774490104,33879,True,1,1,774523983,163531,4,156.84722222222223,156.84722222222223,3585602.3333333335,3585759.1805555555
UartTxTask,163530,163532,774519703,774526480,6238,True,0,1,774532718,163534,4,28.87962962962963,28.87962962962963,3585770.7407407407,3585799.6203703703
UartTxTask,163536,163537,774681723,774684906,6256,True,0,1,774691162,163539,4,28.962962962962962,28.962962962962962,3586504.1944444445,3586533.157407407
TelemetryTask,163541,163542,776646948,776649963,34034,True,1,1,776683997,163545,4,157.5648148148148,157.5648148148148,3595601.6805555555,3595759.2453703703
UartTxTask,163544,163546,776679651,776686518,6126,True,0,1,776692644,163548,4,28.36111111111111,28.36111111111111,3595770.9166666665,3595799.277777778
UartTxTask,163550,163551,776841775,776844945,6199,True,0,1,776851144,163553,4,28.699074074074073,28.699074074074073,3596504.375,3596533.074074074
TelemetryTask,163555,163556,778806953,778809952,34009,True,1,1,778843961,163559,4,157.44907407407408,157.44907407407408,3605601.6296296297,3605759.078703704
UartTxTask,163558,163560,778839667,778846487,6172,True,0,1,778852659,163562,4,28.574074074074073,28.574074074074073,3605770.7731481483,3605799.347222222
UartTxTask,163564,163565,779001758,779004954,6303,True,0,1,779011257,163567,4,29.180555555555557,29.180555555555557,3606504.4166666665,3606533.597222222
TelemetryTask,163569,163570,780966936,780969967,33980,True,1,1,781003947,163573,4,157.3148148148148,157.3148148148148,3615601.699074074,3615759.013888889
UartTxTask,163572,163574,780999642,781006413,6252,True,0,1,781012665,163576,4,28.944444444444443,28.944444444444443,3615770.4305555555,3615799.375
UartTxTask,163578,163579,781161733,781164906,6319,True,0,1,781171225,163581,4,29.25462962962963,29.25462962962963,3616504.1944444445,3616533.449074074
TelemetryTask,163583,163584,783126956,783129988,33999,True,1,1,783163987,163587,4,157.40277777777777,157.40277777777777,3625601.796296296,3625759.199074074
UartTxTask,163586,163588,783159776,783166547,6161,True,0,1,783172708,163590,4,28.52314814814815,28.52314814814815,3625771.050925926,3625799.574074074
UartTxTask,163592,163593,783321863,783325026,6220,True,0,1,783331246,163595,4,28.796296296296298,28.796296296296298,3626504.75,3626533.546296296
TelemetryTask,163597,163598,785286950,785289945,34104,True,1,1,785324049,163601,4,157.88888888888889,157.88888888888889,3635601.597222222,3635759.486111111
UartTxTask,163600,163602,785319711,785326556,6307,True,0,1,785332863,163604,4,29.199074074074073,29.199074074074073,3635771.092592593,3635800.2916666665
UartTxTask,163606,163607,785481820,785484979,6245,True,0,1,785491224,163609,4,28.912037037037038,28.912037037037038,3636504.532407407,3636533.4444444445
TelemetryTask,163611,163612,787446948,787449935,33811,True,1,1,787483746,163615,4,156.53240740740742,156.53240740740742,3645601.550925926,3645758.0833333335
UartTxTask,163614,163616,787479571,787486301,6292,True,0,1,787492593,163618,4,29.12962962962963,29.12962962962963,3645769.912037037,3645799.0416666665
UartTxTask,163620,163621,787641576,787644813,6358,True,0,1,787651171,163623,4,29.435185185185187,29.435185185185187,3646503.763888889,3646533.199074074
TelemetryTask,163625,163626,789606959,789610034,33950,True,1,1,789643984,163629,4,157.17592592592592,157.17592592592592,3655602.0092592593,3655759.185185185
UartTxTask,163628,163630,789639635,789646577,6197,True,0,1,789652774,163632,4,28.689814814814813,28.689814814814813,3655771.189814815,3655799.8796296297
UartTxTask,163634,163635,789801910,789805093,6189,True,0,1,789811282,163637,4,28.65277777777778,28.65277777777778,3656505.060185185,3656533.712962963
TelemetryTask,163639,163640,791766934,791769991,33822,True,1,1,791803813,163643,4,156.58333333333334,156.58333333333334,3665601.810185185,3665758.3935185187
UartTxTask,163642,163644,791799531,791806343,6183,True,0,1,791812526,163646,4,28.625,28.625,3665770.1064814813,3665798.7314814813
UartTxTask,163648,163649,791961636,791964899,6161,True,0,1,791971060,163651,4,28.52314814814815,28.52314814814815,3666504.162037037,3666532.685185185
TelemetryTask,163653,163654,793926939,793929914,33679,True,1,1,793963593,163657,4,155.9212962962963,155.9212962962963,3675601.453703704,3675757.375
UartTxTask,163656,163658,793959312,793966125,6188,True,0,1,793972313,163660,4,28.64814814814815,28.64814814814815,3675769.097222222,3675797.7453703703
UartTxTask,163662,163663,794121457,794124678,6225,True,0,1,794130903,163665,4,28.819444444444443,28.819444444444443,3676503.138888889,3676531.9583333335
TelemetryTask,163667,163668,796086962,796090028,33907,True,1,1,796123935,163671,4,156.97685185185185,156.97685185185185,3685601.9814814813,3685758.9583333335
UartTxTask,163670,163672,796119636,796126414,6252,True,0,1,796132666,163674,4,28.944444444444443,28.944444444444443,3685770.435185185,3685799.3796296297
UartTxTask,163676,163677,796281780,796285005,6176,True,0,1,796291181,163679,4,28.59259259259259,28.59259259259259,3686504.652777778,3686533.2453703703
TelemetryTask,163681,163682,798246963,798250020,33906,True,1,1,798283926,163685,4,156.97222222222223,156.97222222222223,3695601.9444444445,3695758.9166666665
UartTxTask,163684,163686,798279682,798286387,6153,True,0,1,798292540,163688,4,28.48611111111111,28.48611111111111,3695770.310185185,3695798.796296296
UartTxTask,163690,163691,798441612,798444846,6197,True,0,1,798451043,163693,4,28.689814814814813,28.689814814814813,3696503.9166666665,3696532.6064814813
TelemetryTask,163695,163696,800406965,800410021,33875,True,1,1,800443896,163699,4,156.8287037037037,156.8287037037037,3705601.949074074,3705758.777777778
UartTxTask,163698,163700,800439613,800446467,6234,True,0,1,800452701,163702,4,28.86111111111111,28.86111111111111,3705770.6805555555,3705799.5416666665
UartTxTask,163704,163705,800601809,800604982,6241,True,0,1,800611223,163707,4,28.89351851851852,28.89351851851852,3706504.546296296,3706533.439814815
TelemetryTask,163709,163710,802566946,802569918,34088,True,1,1,802604006,163713,4,157.8148148148148,157.8148148148148,3715601.472222222,3715759.287037037
UartTxTask,163712,163714,802599734,802606546,6277,True,0,1,802612823,163716,4,29.060185185185187,29.060185185185187,3715771.046296296,3715800.1064814813
UartTxTask,163718,163719,802761909,802765105,6356,True,0,1,802771461,163721,4,29.425925925925927,29.425925925925927,3716505.1157407407,3716534.5416666665
TelemetryTask,163723,163724,804726966,804729986,33840,True,1,1,804763826,163727,4,156.66666666666666,156.66666666666666,3725601.787037037,3725758.453703704
UartTxTask,163726,163728,804759461,804766292,6243,True,0,1,804772535,163730,4,28.90277777777778,28.90277777777778,3725769.8703703703,3725798.7731481483
UartTxTask,163732,163733,804921574,804924798,6249,True,0,1,804931047,163735,4,28.930555555555557,28.930555555555557,3726503.6944444445,3726532.625
TelemetryTask,163737,163738,806886949,806889992,33904,True,1,1,806923896,163741,4,156.96296296296296,156.96296296296296,3735601.814814815,3735758.777777778
UartTxTask,163740,163742,806919691,806926451,6147,True,0,1,806932598,163744,4,28.458333333333332,28.458333333333332,3735770.6064814813,3735799.064814815
UartTxTask,163746,163747,807081756,807084988,6355,True,0,1,807091343,163749,4,29.421296296296298,29.421296296296298,3736504.574074074,3736533.9953703703
TelemetryTask,163751,163752,809046930,809049974,33962,True,1,1,809083936,163755,4,157.2314814814815,157.2314814814815,3745601.7314814813,3745758.962962963
UartTxTask,163754,163756,809079627,809086465,6180,True,0,1,809092645,163758,4,28.61111111111111,28.61111111111111,3745770.671296296,3745799.282407407
UartTxTask,163760,163761,809241767,809245012,6380,True,0,1,809251392,163763,4,29.537037037037038,29.537037037037038,3746504.685185185,3746534.222222222
TelemetryTask,163765,163766,811206956,811209993,33768,True,1,1,811243761,163769,4,156.33333333333334,156.33333333333334,3755601.8194444445,3755758.152777778
UartTxTask,163768,163770,811239484,811246286,6373,True,0,1,811252659,163772,4,29.50462962962963,29.50462962962963,3755769.842592593,3755799.347222222
UartTxTask,163774,163775,811401752,811404929,6281,True,0,1,811411210,163777,4,29.078703703703702,29.078703703703702,3756504.300925926,3756533.3796296297
TelemetryTask,163779,163780,813366940,813369975,33881,True,1,1,813403856,163783,4,156.8564814814815,156.8564814814815,3765601.736111111,3765758.592592593
UartTxTask,163782,163784,813399627,813406371,6287,True,0,1,813412658,163786,4,29.10648148148148,29.10648148148148,3765770.236111111,3765799.342592593
UartTxTask,163788,163789,813561694,813564871,6256,True,0,1,813571127,163791,4,28.962962962962962,28.962962962962962,3766504.032407407,3766532.9953703703
TelemetryTask,163793,163794,815526946,815530033,33856,True,1,1,815563889,163797,4,156.74074074074073,156.74074074074073,3775602.0046296297,3775758.7453703703
UartTxTask,163796,163798,815559619,815566407,6261,True,0,1,815572668,163800,4,28.98611111111111,28.98611111111111,3775770.402777778,3775799.388888889
UartTxTask,163802,163803,815721686,815724882,6270,True,0,1,815731152,163805,4,29.02777777777778,29.02777777777778,3776504.0833333335,3776533.111111111
TelemetryTask,163807,163808,817686915,817689979,33685,True,1,1,817723664,163811,4,155.94907407407408,155.94907407407408,3785601.7546296297,3785757.703703704
UartTxTask,163810,163812,817719465,817726180,6281,True,0,1,817732461,163814,4,29.078703703703702,29.078703703703702,3785769.3518518517,3785798.4305555555
UartTxTask,163816,163817,817881429,817884601,6165,True,0,1,817890766,163819,4,28.541666666666668,28.541666666666668,3786502.782407407,3786531.324074074
TelemetryTask,163821,163822,819846901,819849950,33754,True,1,1,819883704,163825,4,156.2685185185185,156.2685185185185,3795601.6203703703,3795757.888888889
UartTxTask,163824,163826,819879503,819886214,6193,True,0,1,819892407,163828,4,28.671296296296298,28.671296296296298,3795769.5092592593,3795798.1805555555
UartTxTask,163830,163831,820041499,820044786,6292,True,0,1,820051078,163833,4,29.12962962962963,29.12962962962963,3796503.638888889,3796532.7685185187
TelemetryTask,163835,163836,822006939,822009948,33976,True,1,1,822043924,163839,4,157.2962962962963,157.2962962962963,3805601.611111111,3805758.907407407
UartTxTask,163838,163840,822039623,822046457,6178,True,0,1,822052635,163842,4,28.60185185185185,28.60185185185185,3805770.6342592593,3805799.236111111
UartTxTask,163844,163845,822201723,822204872,6234,True,0,1,822211106,163847,4,28.86111111111111,28.86111111111111,3806504.037037037,3806532.8981481483
TelemetryTask,163849,163850,824166977,824169996,33977,True,1,1,824203973,163853,4,157.30092592592592,157.30092592592592,3815601.8333333335,3815759.1342592593
UartTxTask,163852,163854,824199673,824206513,6220,True,0,1,824212733,163856,4,28.796296296296298,28.796296296296298,3815770.8935185187,3815799.689814815
UartTxTask,163858,163859,824361753,824364969,6289,True,0,1,824371258,163861,4,29.11574074074074,29.11574074074074,3816504.486111111,3816533.6018518517
TelemetryTask,163863,163864,826326951,826329920,33740,True,1,1,826363660,163867,4,156.2037037037037,156.2037037037037,3825601.4814814813,3825757.685185185
UartTxTask,163866,163868,826359281,826366230,6199,True,0,1,826372429,163870,4,28.699074074074073,28.699074074074073,3825769.5833333335,3825798.282407407
UartTxTask,163872,163873,826521538,826524756,6197,True,0,1,826530953,163875,4,28.689814814814813,28.689814814814813,3826503.5,3826532.189814815
TelemetryTask,163877,163878,828486948,828489963,33700,True,1,1,828523663,163881,4,156.0185185185185,156.0185185185185,3835601.6805555555,3835757.699074074
UartTxTask,163880,163882,828519413,828526151,6335,True,0,1,828532486,163884,4,29.328703703703702,29.328703703703702,3835769.217592593,3835798.546296296
UartTxTask,163886,163887,828681537,828684715,6227,True,0,1,828690942,163889,4,28.828703703703702,28.828703703703702,3836503.310185185,3836532.138888889
TelemetryTask,163891,163892,830646963,830650002,33863,True,1,1,830683865,163895,4,156.77314814814815,156.77314814814815,3845601.861111111,3845758.6342592593
UartTxTask,163894,163896,830679646,830686382,6131,True,0,1,830692513,163898,4,28.38425925925926,28.38425925925926,3845770.287037037,3845798.671296296
UartTxTask,163900,163901,830841647,830844797,6229,True,0,1,830851026,163903,4,28.837962962962962,28.837962962962962,3846503.689814815,3846532.527777778
TelemetryTask,163905,163906,832806967,832810010,33817,True,1,1,832843827,163909,4,156.5601851851852,156.5601851851852,3855601.8981481483,3855758.4583333335
UartTxTask,163908,163910,832839565,832846390,6344,True,0,1,832852734,163912,4,29.37037037037037,29.37037037037037,3855770.324074074,3855799.6944444445
UartTxTask,163914,163915,833001772,833004955,6266,True,0,1,833011221,163917,4,29.00925925925926,29.00925925925926,3856504.421296296,3856533.4305555555
TelemetryTask,163919,163920,834966956,834970016,33772,True,1,1,835003788,163923,4,156.35185185185185,156.35185185185185,3865601.925925926,3865758.277777778
UartTxTask,163922,163924,834999519,835006245,6217,True,0,1,835012462,163926,4,28.78240740740741,28.78240740740741,3865769.652777778,3865798.435185185
UartTxTask,163928,163929,835161540,835164710,6240,True,0,1,835170950,163931,4,28.88888888888889,28.88888888888889,3866503.287037037,3866532.175925926
TelemetryTask,163933,163934,837126948,837129912,34063,True,1,1,837163975,163937,4,157.69907407407408,157.69907407407408,3875601.4444444445,3875759.1435185187
UartTxTask,163936,163938,837159722,837166509,6320,True,0,1,837172829,163940,4,29.25925925925926,29.25925925925926,3875770.875,3875800.1342592593
UartTxTask,163942,163943,837321837,837325124,6300,True,0,1,837331424,163945,4,29.166666666666668,29.166666666666668,3876505.203703704,3876534.3703703703
TelemetryTask,163947,163948,839286980,839290042,33723,True,1,1,839323765,163951,4,156.125,156.125,3885602.046296296,3885758.171296296
UartTxTask,163950,163952,839319507,839326250,6228,True,0,1,839332478,163954,4,28.833333333333332,28.833333333333332,3885769.675925926,3885798.5092592593
UartTxTask,163956,163957,839481495,839484679,6295,True,0,1,839490974,163959,4,29.14351851851852,29.14351851851852,3886503.1435185187,3886532.287037037
TelemetryTask,163961,163962,841446933,841449942,33830,True,1,1,841483772,163965,4,156.62037037037038,156.62037037037038,3895601.5833333335,3895758.203703704
UartTxTask,163964,163966,841479568,841486313,6182,True,0,1,841492495,163968,4,28.62037037037037,28.62037037037037,3895769.967592593,3895798.587962963
UartTxTask,163970,163971,841641556,841644711,6160,True,0,1,841650871,163973,4,28.51851851851852,28.51851851851852,3896503.2916666665,3896531.810185185
TelemetryTask,163975,163976,843606922,843609913,33829,True,1,1,843643742,163979,4,156.61574074074073,156.61574074074073,3905601.449074074,3905758.064814815
UartTxTask,163978,163980,843639492,843646247,6366,True,0,1,843652613,163982,4,29.47222222222222,29.47222222222222,3905769.662037037,3905799.1342592593
UartTxTask,163984,163985,843801583,843804790,6308,True,0,1,843811098,163987,4,29.203703703703702,29.203703703703702,3906503.657407407,3906532.861111111
TelemetryTask,163989,163990,845766914,845769861,33889,True,1,1,845803750,163993,4,156.8935185185185,156.8935185185185,3915601.2083333335,3915758.1018518517
UartTxTask,163992,163994,845799449,845806246,6195,True,0,1,845812441,163996,4,28.680555555555557,28.680555555555557,3915769.657407407,3915798.337962963
UartTxTask,163998,163999,845961605,845964696,6339,True,0,1,845971035,164001,4,29.34722222222222,29.34722222222222,3916503.222222222,3916532.5694444445
TelemetryTask,164003,164004,847926940,847929972,33926,True,1,1,847963898,164007,4,157.0648148148148,157.0648148148148,3925601.722222222,3925758.787037037
UartTxTask,164006,164008,847959538,847966434,6204,True,0,1,847972638,164010,4,28.72222222222222,28.72222222222222,3925770.527777778,3925799.25
UartTxTask,164012,164013,848121714,848124907,6178,True,0,1,848131085,164015,4,28.60185185185185,28.60185185185185,3926504.199074074,3926532.800925926
TelemetryTask,164017,164018,850086956,850089948,33733,True,1,1,850123681,164021,4,156.1712962962963,156.1712962962963,3935601.611111111,3935757.782407407
UartTxTask,164020,164022,850119455,850126163,6150,True,0,1,850132313,164024,4,28.47222222222222,28.47222222222222,3935769.2731481483,3935797.7453703703
UartTxTask,164026,164027,850281413,850284584,6203,True,0,1,850290787,164029,4,28.71759259259259,28.71759259259259,3936502.703703704,3936531.421296296
TelemetryTask,164031,164032,852246974,852249979,33812,True,1,1,852283791,164035,4,156.53703703703704,156.53703703703704,3945601.7546296297,3945758.2916666665
UartTxTask,164034,164036,852279557,852286309,6111,True,0,1,852292420,164038,4,28.291666666666668,28.291666666666668,3945769.949074074,3945798.2407407407
UartTxTask,164040,164041,852441507,852444661,6255,True,0,1,852450916,164043,4,28.958333333333332,28.958333333333332,3946503.060185185,3946532.0185185187
TelemetryTask,164045,164046,854406970,854410064,33868,True,1,1,854443932,164049,4,156.7962962962963,156.7962962962963,3955602.1481481483,3955758.9444444445
UartTxTask,164048,164050,854439700,854446486,6290,True,0,1,854452776,164052,4,29.12037037037037,29.12037037037037,3955770.7685185187,3955799.888888889
UartTxTask,164054,164055,854601822,854604983,6230,True,0,1,854611213,164057,4,28.84259259259259,28.84259259259259,3956504.550925926,3956533.3935185187
TelemetryTask,164059,164060,856566944,856569937,33981,True,1,1,856603918,164063,4,157.31944444444446,157.31944444444446,3965601.560185185,3965758.8796296297
UartTxTask,164062,164064,856599654,856606422,6354,True,0,1,856612776,164066,4,29.416666666666668,29.416666666666668,3965770.472222222,3965799.888888889
UartTxTask,164068,164069,856761788,856764924,6271,True,0,1,856771195,164071,4,29.03240740740741,29.03240740740741,3966504.277777778,3966533.310185185
TelemetryTask,164073,164074,858726968,858730001,33826,True,1,1,858763827,164077,4,156.60185185185185,156.60185185185185,3975601.8564814813,3975758.4583333335
UartTxTask,164076,164078,858759512,858766354,6204,True,0,1,858772558,164080,4,28.72222222222222,28.72222222222222,3975770.157407407,3975798.8796296297
UartTxTask,164082,164083,858921683,858924917,6258,True,0,1,858931175,164085,4,28.97222222222222,28.97222222222222,3976504.2453703703,3976533.217592593
TelemetryTask,164087,164088,860886932,860889966,33831,True,1,1,860923797,164091,4,156.625,156.625,3985601.6944444445,3985758.3194444445
UartTxTask,164090,164092,860919611,860926263,6189,True,0,1,860932452,164094,4,28.65277777777778,28.65277777777778,3985769.736111111,3985798.388888889
UartTxTask,164096,164097,861081554,861084735,6252,True,0,1,861090987,164099,4,28.944444444444443,28.944444444444443,3986503.402777778,3986532.347222222
TelemetryTask,164101,164102,863046918,863049933,33757,True,1,1,863083690,164105,4,156.28240740740742,156.28240740740742,3995601.5416666665,3995757.824074074
UartTxTask,164104,164106,863079486,863086191,6075,True,0,1,863092266,164108,4,28.125,28.125,3995769.402777778,3995797.527777778
UartTxTask,164110,164111,863241319,863244547,6173,True,0,1,863250720,164113,4,28.578703703703702,28.578703703703702,3996502.532407407,3996531.111111111
TelemetryTask,164115,164116,865206952,865209979,33849,True,1,1,865243828,164119,4,156.70833333333334,156.70833333333334,4005601.7546296297,4005758.462962963
UartTxTask,164118,164120,865239521,865246386,6239,True,0,1,865252625,164122,4,28.88425925925926,28.88425925925926,4005770.3055555555,4005799.189814815
UartTxTask,164124,164125,865401723,865404920,6254,True,0,1,865411174,164127,4,28.953703703703702,28.953703703703702,4006504.2592592593,4006533.212962963
TelemetryTask,164129,164130,867366946,867370054,33778,True,1,1,867403832,164133,4,156.37962962962962,156.37962962962962,4015602.1018518517,4015758.4814814813
UartTxTask,164132,164134,867399509,867406275,6141,True,0,1,867412416,164136,4,28.430555555555557,28.430555555555557,4015769.7916666665,4015798.222222222
UartTxTask,164138,164139,867561577,867564762,6292,True,0,1,867571054,164141,4,29.12962962962963,29.12962962962963,4016503.527777778,4016532.657407407
TelemetryTask,164143,164144,869526938,869529858,34186,True,1,1,869564044,164147,4,158.2685185185185,158.2685185185185,4025601.1944444445,4025759.462962963
UartTxTask,164146,164148,869559742,869566574,6125,True,0,1,869572699,164150,4,28.35648148148148,28.35648148148148,4025771.175925926,4025799.532407407
UartTxTask,164152,164153,869721833,869725037,6146,True,0,1,869731183,164155,4,28.453703703703702,28.453703703703702,4026504.800925926,4026533.2546296297
TelemetryTask,164157,164158,871686898,871689929,33857,True,1,1,871723786,164161,4,156.74537037037038,156.74537037037038,4035601.5231481483,4035758.2685185187
UartTxTask,164160,164162,871719534,871726317,6219,True,0,1,871732536,164164,4,28.791666666666668,28.791666666666668,4035769.986111111,4035798.777777778
UartTxTask,164166,164167,871881573,871884729,6249,True,0,1,871890978,164169,4,28.930555555555557,28.930555555555557,4036503.375,4036532.3055555555
TelemetryTask,164171,164172,873846929,873849884,34008,True,1,1,873883892,164175,4,157.44444444444446,157.44444444444446,4045601.314814815,4045758.7592592593
UartTxTask,164174,164176,873879549,873886386,6154,True,0,1,873892540,164178,4,28.49074074074074,28.49074074074074,4045770.3055555555,4045798.796296296
UartTxTask,164180,164181,874041626,874044773,6315,True,0,1,874051088,164183,4,29.23611111111111,29.23611111111111,4046503.578703704,4046532.814814815
TelemetryTask,164185,164186,876006940,876009965,33881,True,1,1,876043846,164189,4,156.8564814814815,156.8564814814815,4055601.689814815,4055758.546296296
UartTxTask,164188,164190,876039611,876046385,6118,True,0,1,876052503,164192,4,28.324074074074073,28.324074074074073,4055770.300925926,4055798.625
UartTxTask,164194,164195,876201577,876204774,6246,True,0,1,876211020,164197,4,28.916666666666668,28.916666666666668,4056503.5833333335,4056532.5
TelemetryTask,164199,164200,878166958,878169993,33727,True,1,1,878203720,164203,4,156.1435185185185,156.1435185185185,4065601.8194444445,4065757.962962963
UartTxTask,164202,164204,878199510,878206238,6214,True,0,1,878212452,164206,4,28.76851851851852,28.76851851851852,4065769.6203703703,4065798.388888889
UartTxTask,164208,164209,878361591,878364770,6282,True,0,1,878371052,164211,4,29.083333333333332,29.083333333333332,4066503.564814815,4066532.6481481483
TelemetryTask,164213,164214,880326924,880329978,33831,True,1,1,880363809,164217,4,156.625,156.625,4075601.75,4075758.375
UartTxTask,164216,164218,880359569,880366309,6332,True,0,1,880372641,164220,4,29.314814814814813,29.314814814814813,4075769.949074074,4075799.263888889
UartTxTask,164222,164223,880521630,880524837,6156,True,0,1,880530993,164225,4,28.5,28.5,4076503.875,4076532.375
TelemetryTask,164227,164228,882486951,882489953,33706,True,1,1,882523659,164231,4,156.0462962962963,156.0462962962963,4085601.6342592593,4085757.6805555555
UartTxTask,164230,164232,882519430,882526184,6151,True,0,1,882532335,164234,4,28.47685185185185,28.47685185185185,4085769.3703703703,4085797.847222222
UartTxTask,164236,164237,882681485,882684637,6161,True,0,1,882690798,164239,4,28.52314814814815,28.52314814814815,4086502.949074074,4086531.472222222
TelemetryTask,164241,164242,884646981,884650067,33823,True,1,1,884683890,164245,4,156.58796296296296,156.58796296296296,4095602.162037037,4095758.75
UartTxTask,164244,164246,884679669,884686407,6140,True,0,1,884692547,164248,4,28.425925925925927,28.425925925925927,4095770.402777778,4095798.828703704
UartTxTask,164250,164251,884841651,884844839,6231,True,0,1,884851070,164253,4,28.84722222222222,28.84722222222222,4096503.8842592593,4096532.7314814813
TelemetryTask,164255,164256,886806961,886809909,33835,True,1,1,886843744,164259,4,156.6435185185185,156.6435185185185,4105601.4305555555,4105758.074074074
UartTxTask,164258,164260,886839423,886846272,6297,True,0,1,886852569,164262,4,29.15277777777778,29.15277777777778,4105769.777777778,4105798.9305555555
UartTxTask,164264,164265,887001586,887004758,6204,True,0,1,887010962,164267,4,28.72222222222222,28.72222222222222,4106503.5092592593,4106532.2314814813
TelemetryTask,164269,164270,888966977,888969990,33794,True,1,1,889003784,164273,4,156.4537037037037,156.4537037037037,4115601.8055555555,4115758.2592592593
UartTxTask,164272,164274,888999504,889006349,6284,True,0,1,889012633,164276,4,29.09259259259259,29.09259259259259,4115770.1342592593,4115799.2268518517
UartTxTask,164278,164279,889161692,889164902,6232,True,0,1,889171134,164281,4,28.85185185185185,28.85185185185185,4116504.175925926,4116533.027777778
TelemetryTask,164283,164284,891126919,891129863,33916,True,1,1,891163779,164287,4,157.0185185185185,157.0185185185185,4125601.217592593,4125758.236111111
UartTxTask,164286,164288,891159533,891166252,6201,True,0,1,891172453,164290,4,28.708333333333332,28.708333333333332,4125769.685185185,4125798.3935185187
UartTxTask,164292,164293,891321621,891324805,6136,True,0,1,891330941,164295,4,28.40740740740741,28.40740740740741,4126503.7268518517,4126532.1342592593
TelemetryTask,164297,164298,893286957,893290014,33804,True,1,1,893323818,164301,4,156.5,156.5,4135601.9166666665,4135758.4166666665
UartTxTask,164300,164302,893319574,893326309,6359,True,0,1,893332668,164304,4,29.439814814814813,29.439814814814813,4135769.949074074,4135799.388888889
UartTxTask,164306,164307,893481753,893484928,6253,True,0,1,893491181,164309,4,28.949074074074073,28.949074074074073,4136504.296296296,4136533.2453703703
TelemetryTask,164311,164312,895446955,895449985,33941,True,1,1,895483926,164315,4,157.13425925925927,157.13425925925927,4145601.782407407,4145758.9166666665
UartTxTask,164314,164316,895479671,895486414,6080,True,0,1,895492494,164318,4,28.14814814814815,28.14814814814815,4145770.435185185,4145798.5833333335
UartTxTask,164320,164321,895641657,895644794,6323,True,0,1,895651117,164323,4,29.27314814814815,29.27314814814815,4146503.675925926,4146532.949074074
TelemetryTask,164325,164326,897606959,897609993,33789,True,1,1,897643782,164329,4,156.43055555555554,156.43055555555554,4155601.8194444445,4155758.25
UartTxTask,164328,164330,897639481,897646299,6185,True,0,1,897652484,164332,4,28.63425925925926,28.63425925925926,4155769.902777778,4155798.537037037
UartTxTask,164334,164335,897801547,897804796,6368,True,0,1,897811164,164337,4,29.48148148148148,29.48148148148148,4156503.685185185,4156533.1666666665
TelemetryTask,164339,164340,899766964,899770087,33826,True,1,1,899803913,164343,4,156.60185185185185,156.60185185185185,4165602.2546296297,4165758.8564814813
UartTxTask,164342,164344,899799622,899806463,6066,True,0,1,899812529,164346,4,28.083333333333332,28.083333333333332,4165770.662037037,4165798.7453703703
UartTxTask,164348,164349,899961712,899964880,6228,True,0,1,899971108,164351,4,28.833333333333332,28.833333333333332,4166504.074074074,4166532.907407407
TelemetryTask,164353,164354,901926952,901929971,33716,True,1,1,901963687,164357,4,156.09259259259258,156.09259259259258,4175601.717592593,4175757.810185185
UartTxTask,164356,164358,901959459,901966218,6157,True,0,1,901972375,164360,4,28.50462962962963,28.50462962962963,4175769.527777778,4175798.032407407
UartTxTask,164362,164363,902121522,902124756,6294,True,0,1,902131050,164365,4,29.13888888888889,29.13888888888889,4176503.5,4176532.638888889
TelemetryTask,164367,164368,904086976,904090013,33876,True,1,1,904123889,164371,4,156.83333333333334,156.83333333333334,4185601.912037037,4185758.7453703703
UartTxTask,164370,164372,904119622,904126406,6079,True,0,1,904132485,164374,4,28.14351851851852,28.14351851851852,4185770.3981481483,4185798.5416666665
UartTxTask,164376,164377,904281614,904284843,6197,True,0,1,904291040,164379,4,28.689814814814813,28.689814814814813,4186503.902777778,4186532.592592593
TelemetryTask,164381,164382,906246972,906250057,34148,True,1,1,906284205,164385,4,158.09259259259258,158.09259259259258,4195602.115740741,4195760.208333333
UartTxTask,164384,164386,906279985,906286677,6224,True,0,1,906292901,164388,4,28.814814814814813,28.814814814814813,4195771.652777778,4195800.467592592
UartTxTask,164390,164391,906441984,906445197,6215,True,0,1,906451412,164393,4,28.77314814814815,28.77314814814815,4196505.541666667,4196534.314814814
TelemetryTask,164395,164396,908406916,908409944,34048,True,1,1,908443992,164399,4,157.62962962962962,157.62962962962962,4205601.592592592,4205759.222222222
UartTxTask,164398,164400,908439745,908446522,6212,True,0,1,908452734,164402,4,28.75925925925926,28.75925925925926,4205770.935185186,4205799.694444444
UartTxTask,164404,164405,908601857,908604982,6245,True,0,1,908611227,164407,4,28.912037037037038,28.912037037037038,4206504.546296297,4206533.458333333
TelemetryTask,164409,164410,910566939,910569970,33895,True,1,1,910603865,164413,4,156.9212962962963,156.9212962962963,4215601.712962963,4215758.634259259
UartTxTask,164412,164414,910599625,910606371,6143,True,0,1,910612514,164416,4,28.439814814814813,28.439814814814813,4215770.236111111,4215798.675925926
UartTxTask,164418,164419,910761565,910764699,6308,True,0,1,910771007,164421,4,29.203703703703702,29.203703703703702,4216503.236111111,4216532.439814814
TelemetryTask,164423,164424,912726917,912730004,33950,True,1,1,912763954,164427,4,157.17592592592592,157.17592592592592,4225601.87037037,4225759.046296297
UartTxTask,164426,164428,912759695,912766464,6272,True,0,1,912772736,164430,4,29.037037037037038,29.037037037037038,4225770.666666667,4225799.703703703
UartTxTask,164432,164433,912921792,912924975,6287,True,0,1,912931262,164435,4,29.10648148148148,29.10648148148148,4226504.513888889,4226533.62037037
TelemetryTask,164437,164438,914886946,914890004,33882,True,1,1,914923886,164441,4,156.86111111111111,156.86111111111111,4235601.87037037,4235758.731481481
UartTxTask,164440,164442,914919666,914926439,6142,True,0,1,914932581,164444,4,28.435185185185187,28.435185185185187,4235770.550925926,4235798.986111111
UartTxTask,164446,164447,915081666,915084810,6384,True,0,1,915091194,164449,4,29.555555555555557,29.555555555555557,4236503.75,4236533.305555556
TelemetryTask,164451,164452,917046943,917050009,33853,True,1,1,917083862,164455,4,156.72685185185185,156.72685185185185,4245601.893518519,4245758.62037037
UartTxTask,164454,164456,917079568,917086340,6257,True,0,1,917092597,164458,4,28.96759259259259,28.96759259259259,4245770.092592592,4245799.060185186
UartTxTask,164460,164461,917241596,917244798,6300,True,0,1,917251098,164463,4,29.166666666666668,29.166666666666668,4246503.694444444,4246532.861111111
TelemetryTask,164465,164466,919206932,919209996,33685,True,1,1,919243681,164469,4,155.94907407407408,155.94907407407408,4255601.833333333,4255757.782407408
UartTxTask,164468,164470,919239495,919246126,6283,True,0,1,919252409,164472,4,29.087962962962962,29.087962962962962,4255769.101851852,4255798.189814814
UartTxTask,164474,164475,919401466,919404631,6297,True,0,1,919410928,164477,4,29.15277777777778,29.15277777777778,4256502.921296297,4256532.074074074
TelemetryTask,164479,164480,921366968,921370023,34014,True,1,1,921404037,164483,4,157.47222222222223,157.47222222222223,4265601.958333333,4265759.430555556
UartTxTask,164482,164484,921399758,921406546,6281,True,0,1,921412827,164486,4,29.078703703703702,29.078703703703702,4265771.046296297,4265800.125
UartTxTask,164488,164489,921561924,921565090,6281,True,0,1,921571371,164491,4,29.078703703703702,29.078703703703702,4266505.046296297,4266534.125
TelemetryTask,164493,164494,923526953,923529965,33888,True,1,1,923563853,164497,4,156.88888888888889,156.88888888888889,4275601.689814814,4275758.578703703
UartTxTask,164496,164498,923559609,923566391,6286,True,0,1,923572677,164500,4,29.10185185185185,29.10185185185185,4275770.328703703,4275799.430555556
UartTxTask,164502,164503,923721760,923724952,6241,True,0,1,923731193,164505,4,28.89351851851852,28.89351851851852,4276504.407407408,4276533.300925926
TelemetryTask,164507,164508,925686961,925689971,33846,True,1,1,925723817,164511,4,156.69444444444446,156.69444444444446,4285601.717592592,4285758.412037037
UartTxTask,164510,164512,925719666,925726360,6120,True,0,1,925732480,164514,4,28.333333333333332,28.333333333333332,4285770.185185186,4285798.518518519
UartTxTask,164516,164517,925881650,925884855,6249,True,0,1,925891104,164519,4,28.930555555555557,28.930555555555557,4286503.958333333,4286532.888888889
TelemetryTask,164521,164522,927846924,927849953,33709,True,1,1,927883662,164525,4,156.0601851851852,156.0601851851852,4295601.634259259,4295757.694444444
UartTxTask,164524,164526,927879400,927886217,6164,True,0,1,927892381,164528,4,28.537037037037038,28.537037037037038,4295769.523148148,4295798.060185186
UartTxTask,164530,164531,928041405,928044633,6215,True,0,1,928050848,164533,4,28.77314814814815,28.77314814814815,4296502.930555556,4296531.703703703
TelemetryTask,164535,164536,930006923,930009977,33997,True,1,1,930043974,164539,4,157.3935185185185,157.3935185185185,4305601.74537037,4305759.138888889
UartTxTask,164538,164540,930039745,930046501,6165,True,0,1,930052666,164542,4,28.541666666666668,28.541666666666668,4305770.837962963,4305799.37962963
UartTxTask,164544,164545,930201690,930204838,6243,True,0,1,930211081,164547,4,28.90277777777778,28.90277777777778,4306503.87962963,4306532.782407408
TelemetryTask,164549,164550,932166963,932170003,33887,True,1,1,932203890,164553,4,156.88425925925927,156.88425925925927,4315601.865740741,4315758.75
UartTxTask,164552,164554,932199569,932206429,6056,True,0,1,932212485,164556,4,28.037037037037038,28.037037037037038,4315770.50462963,4315798.541666667
UartTxTask,164558,164559,932361596,932364734,6193,True,0,1,932370927,164561,4,28.671296296296298,28.671296296296298,4316503.398148148,4316532.069444444
TelemetryTask,164563,164564,934326921,934329879,33811,True,1,1,934363690,164567,4,156.53240740740742,156.53240740740742,4325601.291666667,4325757.824074074
UartTxTask,164566,164568,934359444,934366180,6169,True,0,1,934372349,164570,4,28.560185185185187,28.560185185185187,4325769.351851852,4325797.912037037
UartTxTask,164572,164573,934521483,934524652,6207,True,0,1,934530859,164575,4,28.73611111111111,28.73611111111111,4326503.018518519,4326531.75462963
TelemetryTask,164577,164578,936486942,936489976,34156,True,1,1,936524132,164581,4,158.12962962962962,158.12962962962962,4335601.740740741,4335759.87037037
UartTxTask,164580,164582,936519920,936526628,6183,True,0,1,936532811,164584,4,28.625,28.625,4335771.425925926,4335800.050925926
UartTxTask,164586,164587,936681978,936685277,6311,True,0,1,936691588,164589,4,29.21759259259259,29.21759259259259,4336505.912037037,4336535.12962963
TelemetryTask,164591,164592,938646914,938649907,33737,True,1,1,938683644,164595,4,156.1898148148148,156.1898148148148,4345601.421296297,4345757.611111111
UartTxTask,164594,164596,938679437,938686185,6233,True,0,1,938692418,164598,4,28.85648148148148,28.85648148148148,4345769.375,4345798.231481481
UartTxTask,164600,164601,938841490,938844682,6245,True,0,1,938850927,164603,4,28.912037037037038,28.912037037037038,4346503.157407408,4346532.069444444
TelemetryTask,164605,164606,940806978,940810025,33862,True,1,1,940843887,164609,4,156.7685185185185,156.7685185185185,4355601.967592592,4355758.736111111
UartTxTask,164608,164610,940839656,940846374,6211,True,0,1,940852585,164612,4,28.75462962962963,28.75462962962963,4355770.25,4355799.00462963
UartTxTask,164614,164615,941001665,941004866,6263,True,0,1,941011129,164617,4,28.99537037037037,28.99537037037037,4356504.009259259,4356533.00462963
TelemetryTask,164619,164620,942966935,942969986,33867,True,1,1,943003853,164623,4,156.79166666666666,156.79166666666666,4365601.787037037,4365758.578703703
UartTxTask,164622,164624,942999593,943006352,6244,True,0,1,943012596,164626,4,28.90740740740741,28.90740740740741,4365770.148148148,4365799.055555556
UartTxTask,164628,164629,943161639,943164829,6295,True,0,1,943171124,164631,4,29.14351851851852,29.14351851851852,4366503.837962963,4366532.981481481
TelemetryTask,164633,164634,945126930,945129945,33889,True,1,1,945163834,164637,4,156.8935185185185,156.8935185185185,4375601.597222222,4375758.490740741
UartTxTask,164636,164638,945159554,945166314,6170,True,0,1,945172484,164640,4,28.564814814814813,28.564814814814813,4375769.972222222,4375798.537037037
UartTxTask,164642,164643,945321526,945324678,6246,True,0,1,945330924,164645,4,28.916666666666668,28.916666666666668,4376503.138888889,4376532.055555556
TelemetryTask,164647,164648,947286946,947290039,33943,True,1,1,947323982,164651,4,157.1435185185185,157.1435185185185,4385602.032407408,4385759.175925926
UartTxTask,164650,164652,947319625,947326508,6214,True,0,1,947332722,164654,4,28.76851851851852,28.76851851851852,4385770.87037037,4385799.638888889
UartTxTask,164656,164657,947481768,947484967,6188,True,0,1,947491155,164659,4,28.64814814814815,28.64814814814815,4386504.476851852,4386533.125
TelemetryTask,164661,164662,949446957,949450000,33898,True,1,1,949483898,164665,4,156.9351851851852,156.9351851851852,4395601.851851852,4395758.787037037
UartTxTask,164664,164666,949479573,949486418,6257,True,0,1,949492675,164668,4,28.96759259259259,28.96759259259259,4395770.453703703,4395799.421296297
UartTxTask,164670,164671,949641808,949645041,6258,True,0,1,949651299,164673,4,28.97222222222222,28.97222222222222,4396504.819444444,4396533.791666667
TelemetryTask,164675,164676,951606947,951609957,34035,True,1,1,951643992,164679,4,157.56944444444446,157.56944444444446,4405601.652777778,4405759.222222222
UartTxTask,164678,164680,951639739,951646544,6202,True,0,1,951652746,164682,4,28.712962962962962,28.712962962962962,4405771.037037037,4405799.75
UartTxTask,164684,164685,951801807,951805025,6298,True,0,1,951811323,164687,4,29.15740740740741,29.15740740740741,4406504.74537037,4406533.902777778
TelemetryTask,164689,164690,953766930,953769915,34026,True,1,1,953803941,164693,4,157.52777777777777,157.52777777777777,4415601.458333333,4415758.986111111
UartTxTask,164692,164694,953799662,953806497,6205,True,0,1,953812702,164696,4,28.72685185185185,28.72685185185185,4415770.819444444,4415799.546296297
UartTxTask,164698,164699,953961811,953965019,6287,True,0,1,953971306,164701,4,29.10648148148148,29.10648148148148,4416504.717592592,4416533.824074074
TelemetryTask,164703,164704,955926933,955929967,34111,True,1,1,955964078,164707,4,157.9212962962963,157.9212962962963,4425601.699074074,4425759.62037037
UartTxTask,164706,164708,955959735,955966628,6091,True,0,1,955972719,164710,4,28.199074074074073,28.199074074074073,4425771.425925926,4425799.625
UartTxTask,164712,164713,956121903,956125102,6145,True,0,1,956131247,164715,4,28.449074074074073,28.449074074074073,4426505.101851852,4426533.550925926
TelemetryTask,164717,164718,958086941,958089957,33825,True,1,1,958123782,164721,4,156.59722222222223,156.59722222222223,4435601.652777778,4435758.25
UartTxTask,164720,164722,958119518,958126319,6269,True,0,1,958132588,164724,4,29.02314814814815,29.02314814814815,4435769.99537037,4435799.018518519
UartTxTask,164726,164727,958281648,958284769,6347,True,0,1,958291116,164729,4,29.38425925925926,29.38425925925926,4436503.560185186,4436532.944444444
TelemetryTask,164731,164732,960246973,960250048,33790,True,1,1,960283838,164735,4,156.4351851851852,156.4351851851852,4445602.074074074,4445758.509259259
UartTxTask,164734,164736,960279554,960286360,6296,True,0,1,960292656,164738,4,29.14814814814815,29.14814814814815,4445770.185185186,4445799.333333333
UartTxTask,164740,164741,960441796,960445000,6234,True,0,1,960451234,164743,4,28.86111111111111,28.86111111111111,4446504.62962963,4446533.490740741
TelemetryTask,164745,164746,962406953,962410053,33880,True,1,1,962443933,164749,4,156.85185185185185,156.85185185185185,4455602.097222222,4455758.949074074
UartTxTask,164748,164750,962439669,962446458,6173,True,0,1,962452631,164752,4,28.578703703703702,28.578703703703702,4455770.638888889,4455799.217592592
UartTxTask,164754,164755,962601772,962604992,6251,True,0,1,962611243,164757,4,28.939814814814813,28.939814814814813,4456504.592592592,4456533.532407408
TelemetryTask,164759,164760,964566939,964569950,33817,True,1,1,964603767,164763,4,156.5601851851852,156.5601851851852,4465601.62037037,4465758.180555556
UartTxTask,164762,164764,964599458,964606289,6186,True,0,1,964612475,164766,4,28.63888888888889,28.63888888888889,4465769.856481481,4465798.49537037
ButtonTask,164770,164771,964620417,964622057,26463,True,1,1,964648520,164774,4,122.51388888888889,122.51388888888889,4465842.856481481,4465965.37037037
UartTxTask,164776,164777,964761578,964763565,8535,True,0,1,964772100,164780,4,39.513888888888886,39.513888888888886,4466497.986111111,4466537.5
UartTxTask,164782,164783,964921244,964923249,6291,True,0,1,964929540,164785,4,29.125,29.125,4467237.263888889,4467266.388888889
TelemetryTask,164787,164788,966726968,966730002,33867,True,1,1,966763869,164791,4,156.79166666666666,156.79166666666666,4475601.861111111,4475758.652777778
UartTxTask,164790,164792,966759596,966766394,6224,True,0,1,966772618,164794,4,28.814814814814813,28.814814814814813,4475770.342592592,4475799.157407408
UartTxTask,164796,164797,966921732,966924896,6347,True,0,1,966931243,164799,4,29.38425925925926,29.38425925925926,4476504.148148148,4476533.532407408
TelemetryTask,164801,164802,968886933,968889991,34162,True,1,1,968924153,164805,4,158.15740740740742,158.15740740740742,4485601.810185186,4485759.967592592
UartTxTask,164804,164806,968919774,968926648,6199,True,0,1,968932847,164808,4,28.699074074074073,28.699074074074073,4485771.518518519,4485800.217592592
UartTxTask,164810,164811,969081901,969085038,6317,True,0,1,969091355,164813,4,29.24537037037037,29.24537037037037,4486504.805555556,4486534.050925926
TelemetryTask,164815,164816,971046940,971050028,33954,True,1,1,971083982,164819,4,157.19444444444446,157.19444444444446,4495601.981481481,4495759.175925926
UartTxTask,164818,164820,971079599,971086546,6209,True,0,1,971092755,164822,4,28.74537037037037,28.74537037037037,4495771.046296297,4495799.791666667
UartTxTask,164824,164825,971241839,971244993,6212,True,0,1,971251205,164827,4,28.75925925925926,28.75925925925926,4496504.597222222,4496533.356481481
TelemetryTask,164829,164830,973206915,973209979,34201,True,1,1,973244180,164833,4,158.33796296296296,158.33796296296296,4505601.75462963,4505760.092592592
UartTxTask,164832,164834,973239787,973246596,6210,True,0,1,973252806,164836,4,28.75,28.75,4505771.277777778,4505800.027777778
UartTxTask,164838,164839,973402005,973405208,6303,True,0,1,973411511,164841,4,29.180555555555557,29.180555555555557,4506505.592592592,4506534.773148148
TelemetryTask,164843,164844,975366895,975369948,33898,True,1,1,975403846,164847,4,156.9351851851852,156.9351851851852,4515601.611111111,4515758.546296297
UartTxTask,164846,164848,975399611,975406330,6314,True,0,1,975412644,164850,4,29.23148148148148,29.23148148148148,4515770.046296297,4515799.277777778
UartTxTask,164852,164853,975561695,975564896,6280,True,0,1,975571176,164855,4,29.074074074074073,29.074074074074073,4516504.148148148,4516533.222222222
TelemetryTask,164857,164858,977526934,977530029,33868,True,1,1,977563897,164861,4,156.7962962962963,156.7962962962963,4525601.986111111,4525758.782407408
UartTxTask,164860,164862,977559655,977566458,6183,True,0,1,977572641,164864,4,28.625,28.625,4525770.638888889,4525799.263888889
UartTxTask,164866,164867,977721801,977725037,6274,True,0,1,977731311,164869,4,29.046296296296298,29.046296296296298,4526504.800925926,4526533.847222222
TelemetryTask,164871,164872,979686968,979690052,33804,True,1,1,979723856,164875,4,156.5,156.5,4535602.092592592,4535758.592592592
UartTxTask,164874,164876,979719689,979726371,6278,True,0,1,979732649,164878,4,29.064814814814813,29.064814814814813,4535770.236111111,4535799.300925926
UartTxTask,164880,164881,979881696,979884947,6256,True,0,1,979891203,164883,4,28.962962962962962,28.962962962962962,4536504.384259259,4536533.347222222
TelemetryTask,164885,164886,981846964,981850043,33837,True,1,1,981883880,164889,4,156.65277777777777,156.65277777777777,4545602.050925926,4545758.703703703
UartTxTask,164888,164890,981879630,981886441,6149,True,0,1,981892590,164892,4,28.46759259259259,28.46759259259259,4545770.560185186,4545799.027777778
UartTxTask,164894,164895,982041597,982044765,6261,True,0,1,982051026,164897,4,28.98611111111111,28.98611111111111,4546503.541666667,4546532.527777778
TelemetryTask,164899,164900,984006951,984010053,34049,True,1,1,984044102,164903,4,157.63425925925927,157.63425925925927,4555602.097222222,4555759.731481481
UartTxTask,164902,164904,984039715,984046632,6348,True,0,1,984052980,164906,4,29.38888888888889,29.38888888888889,4555771.444444444,4555800.833333333
UartTxTask,164908,164909,984202074,984205360,6104,True,0,1,984211464,164911,4,28.25925925925926,28.25925925925926,4556506.296296297,4556534.555555556
TelemetryTask,164913,164914,986166975,986170050,33838,True,1,1,986203888,164917,4,156.65740740740742,156.65740740740742,4565602.083333333,4565758.740740741
UartTxTask,164916,164918,986199621,986206404,6153,True,0,1,986212557,164920,4,28.48611111111111,28.48611111111111,4565770.388888889,4565798.875
UartTxTask,164922,164923,986361635,986364840,6221,True,0,1,986371061,164925,4,28.800925925925927,28.800925925925927,4566503.888888889,4566532.689814814
TelemetryTask,164927,164928,988326942,988330020,33958,True,1,1,988363978,164931,4,157.21296296296296,157.21296296296296,4575601.944444444,4575759.157407408
UartTxTask,164930,164932,988359679,988366516,6163,True,0,1,988372679,164934,4,28.53240740740741,28.53240740740741,4575770.907407408,4575799.439814814
UartTxTask,164936,164937,988521775,988524963,6305,True,0,1,988531268,164939,4,29.189814814814813,29.189814814814813,4576504.458333333,4576533.648148148
TelemetryTask,164941,164942,990486967,990490005,33830,True,1,1,990523835,164945,4,156.62037037037038,156.62037037037038,4585601.875,4585758.49537037
UartTxTask,164944,164946,990519605,990526346,6220,True,0,1,990532566,164948,4,28.796296296296298,28.796296296296298,4585770.12037037,4585798.916666667
UartTxTask,164950,164951,990681735,990684913,6273,True,0,1,990691186,164953,4,29.041666666666668,29.041666666666668,4586504.226851852,4586533.268518519
TelemetryTask,164955,164956,992646968,992650007,33844,True,1,1,992683851,164959,4,156.6851851851852,156.6851851851852,4595601.884259259,4595758.569444444
UartTxTask,164958,164960,992679550,992686406,6202,True,0,1,992692608,164962,4,28.712962962962962,28.712962962962962,4595770.398148148,4595799.111111111
UartTxTask,164964,164965,992841705,992844937,6302,True,0,1,992851239,164967,4,29.175925925925927,29.175925925925927,4596504.337962963,4596533.513888889
TelemetryTask,164969,164970,994806968,994810091,33856,True,1,1,994843947,164973,4,156.74074074074073,156.74074074074073,4605602.273148148,4605759.013888889
UartTxTask,164972,164974,994839732,994846433,6163,True,0,1,994852596,164976,4,28.53240740740741,28.53240740740741,4605770.523148148,4605799.055555556
UartTxTask,164978,164979,995001752,995004922,6205,True,0,1,995011127,164981,4,28.72685185185185,28.72685185185185,4606504.268518519,4606532.99537037
TelemetryTask,164983,164984,996966942,996969963,33801,True,1,1,997003764,164987,4,156.48611111111111,156.48611111111111,4615601.680555556,4615758.166666667
UartTxTask,164986,164988,996999510,997006356,6121,True,0,1,997012477,164990,4,28.337962962962962,28.337962962962962,4615770.166666667,4615798.50462963
UartTxTask,164992,164993,997161514,997164701,6263,True,0,1,997170964,164995,4,28.99537037037037,28.99537037037037,4616503.24537037,4616532.240740741
TelemetryTask,164997,164998,999126951,999129963,33887,True,1,1,999163850,165001,4,156.88425925925927,156.88425925925927,4625601.680555556,4625758.564814814
UartTxTask,165000,165002,999159609,999166350,6172,True,0,1,999172522,165004,4,28.574074074074073,28.574074074074073,4625770.138888889,4625798.712962963
UartTxTask,165006,165007,999321649,999324827,6253,True,0,1,999331080,165009,4,28.949074074074073,28.949074074074073,4626503.828703703,4626532.777777778
TelemetryTask,165011,165012,1001286924,1001289985,33983,True,1,1,1001323968,165015,4,157.3287037037037,157.3287037037037,4635601.782407408,4635759.111111111
UartTxTask,165014,165016,1001319729,1001326477,6188,True,0,1,1001332665,165018,4,28.64814814814815,28.64814814814815,4635770.726851852,4635799.375
UartTxTask,165020,165021,1001481761,1001485004,6154,True,0,1,1001491158,165023,4,28.49074074074074,28.49074074074074,4636504.648148148,4636533.138888889
TelemetryTask,165025,165026,1003446949,1003450003,33768,True,1,1,1003483771,165029,4,156.33333333333334,156.33333333333334,4645601.865740741,4645758.199074074
UartTxTask,165028,165030,1003479507,1003486249,6294,True,0,1,1003492543,165032,4,29.13888888888889,29.13888888888889,4645769.671296297,4645798.810185186
UartTxTask,165034,165035,1003641557,1003644717,6236,True,0,1,1003650953,165037,4,28.87037037037037,28.87037037037037,4646503.319444444,4646532.189814814
TelemetryTask,165039,165040,1005606935,1005610029,33915,True,1,1,1005643944,165043,4,157.01388888888889,157.01388888888889,4655601.986111111,4655759.0
UartTxTask,165042,165044,1005639582,1005646463,6185,True,0,1,1005652648,165046,4,28.63425925925926,28.63425925925926,4655770.662037037,4655799.296296297
UartTxTask,165048,165049,1005801697,1005804903,6245,True,0,1,1005811148,165051,4,28.912037037037038,28.912037037037038,4656504.180555556,4656533.092592592
ButtonTask,165055,165057,1006450594,1006453795,29853,True,1,1,1006483648,165061,4,138.20833333333334,138.20833333333334,4659508.310185186,4659646.518518519
UartTxTask,165060,165062,1006480014,1006486422,6196,True,0,1,1006492618,165064,4,28.685185185185187,28.685185185185187,4659659.361111111,4659688.046296297
UartTxTask,165066,165067,1006641696,1006643711,6459,True,0,1,1006650170,165069,4,29.90277777777778,29.90277777777778,4660387.550925926,4660417.453703703
TelemetryTask,165071,165072,1007766974,1007770053,33945,True,1,1,1007803998,165075,4,157.15277777777777,157.15277777777777,4665602.097222222,4665759.25
UartTxTask,165074,165076,1007799780,1007806554,6145,True,0,1,1007812699,165078,4,28.449074074074073,28.449074074074073,4665771.083333333,4665799.532407408
UartTxTask,165080,165081,1007961802,1007965066,6189,True,0,1,1007971255,165083,4,28.65277777777778,28.65277777777778,4666504.935185186,4666533.587962963
TelemetryTask,165085,165086,1009926951,1009929965,34077,True,1,1,1009964042,165089,4,157.76388888888889,157.76388888888889,4675601.689814814,4675759.453703703
UartTxTask,165088,165090,1009959744,1009966578,6138,True,0,1,1009972716,165092,4,28.416666666666668,28.416666666666668,4675771.194444444,4675799.611111111
UartTxTask,165094,165095,1010121851,1010125029,6203,True,0,1,1010131232,165097,4,28.71759259259259,28.71759259259259,4676504.763888889,4676533.481481481
TelemetryTask,165099,165100,1012086960,1012090004,33741,True,1,1,1012123745,165103,4,156.20833333333334,156.20833333333334,4685601.87037037,4685758.078703703
UartTxTask,165102,165104,1012119512,1012126254,6132,True,0,1,1012132386,165106,4,28.38888888888889,28.38888888888889,4685769.694444444,4685798.083333333
UartTxTask,165108,165109,1012281496,1012284617,6199,True,0,1,1012290816,165111,4,28.699074074074073,28.699074074074073,4686502.856481481,4686531.555555556
TelemetryTask,165113,165114,1014246938,1014249933,33795,True,1,1,1014283728,165117,4,156.45833333333334,156.45833333333334,4695601.541666667,4695758.0
UartTxTask,165116,165118,1014279447,1014286246,6279,True,0,1,1014292525,165120,4,29.069444444444443,29.069444444444443,4695769.657407408,4695798.726851852
UartTxTask,165122,165123,1014441541,1014444675,6235,True,0,1,1014450910,165125,4,28.86574074074074,28.86574074074074,4696503.125,4696531.990740741
TelemetryTask,165127,165128,1016406929,1016409989,33746,True,1,1,1016443735,165131,4,156.2314814814815,156.2314814814815,4705601.800925926,4705758.032407408
UartTxTask,165130,165132,1016439625,1016446235,6295,True,0,1,1016452530,165134,4,29.14351851851852,29.14351851851852,4705769.606481481,4705798.75
UartTxTask,165136,165137,1016601631,1016604851,6172,True,0,1,1016611023,165139,4,28.574074074074073,28.574074074074073,4706503.939814814,4706532.513888889
TelemetryTask,165141,165142,1018566945,1018569970,34106,True,1,1,1018604076,165145,4,157.89814814814815,157.89814814814815,4715601.712962963,4715759.611111111
UartTxTask,165144,165146,1018599698,1018606575,6202,True,0,1,1018612777,165148,4,28.712962962962962,28.712962962962962,4715771.180555556,4715799.893518519
UartTxTask,165150,165151,1018761829,1018765076,6315,True,0,1,1018771391,165153,4,29.23611111111111,29.23611111111111,4716504.981481481,4716534.217592592
TelemetryTask,165155,165156,1020726943,1020729818,33934,True,1,1,1020763752,165159,4,157.10185185185185,157.10185185185185,4725601.009259259,4725758.111111111
UartTxTask,165158,165160,1020759538,1020766294,6194,True,0,1,1020772488,165162,4,28.675925925925927,28.675925925925927,4725769.87962963,4725798.555555556
UartTxTask,165164,165165,1020921537,1020924687,6236,True,0,1,1020930923,165167,4,28.87037037037037,28.87037037037037,4726503.180555556,4726532.050925926
TelemetryTask,165169,165170,1022886948,1022890045,33951,True,1,1,1022923996,165173,4,157.18055555555554,157.18055555555554,4735602.060185186,4735759.240740741
UartTxTask,165172,165174,1022919745,1022926548,6245,True,0,1,1022932793,165176,4,28.912037037037038,28.912037037037038,4735771.055555556,4735799.967592592
UartTxTask,165178,165179,1023081824,1023085074,6235,True,0,1,1023091309,165181,4,28.86574074074074,28.86574074074074,4736504.972222222,4736533.837962963
TelemetryTask,165183,165184,1025046942,1025049903,33814,True,1,1,1025083717,165187,4,156.5462962962963,156.5462962962963,4745601.402777778,4745757.949074074
UartTxTask,165186,165188,1025079422,1025086200,6130,True,0,1,1025092330,165190,4,28.37962962962963,28.37962962962963,4745769.444444444,4745797.824074074
UartTxTask,165192,165193,1025241427,1025244613,6152,True,0,1,1025250765,165195,4,28.48148148148148,28.48148148148148,4746502.837962963,4746531.319444444
TelemetryTask,165197,165198,1027206942,1027209971,33916,True,1,1,1027243887,165201,4,157.0185185185185,157.0185185185185,4755601.717592592,4755758.736111111
UartTxTask,165200,165202,1027239585,1027246446,6163,True,0,1,1027252609,165204,4,28.53240740740741,28.53240740740741,4755770.583333333,4755799.115740741
UartTxTask,165206,165207,1027401626,1027404892,6278,True,0,1,1027411170,165209,4,29.064814814814813,29.064814814814813,4756504.12962963,4756533.194444444
TelemetryTask,165211,165212,1029366951,1029369973,34123,True,1,1,1029404096,165215,4,157.97685185185185,157.97685185185185,4765601.726851852,4765759.703703703
UartTxTask,165214,165216,1029399785,1029406590,6209,True,0,1,1029412799,165218,4,28.74537037037037,28.74537037037037,4765771.25,4765799.99537037
UartTxTask,165220,165221,1029561918,1029565113,6153,True,0,1,1029571266,165223,4,28.48611111111111,28.48611111111111,4766505.152777778,4766533.638888889
TelemetryTask,165225,165226,1031526960,1031529905,34032,True,1,1,1031563937,165229,4,157.55555555555554,157.55555555555554,4775601.412037037,4775758.967592592
UartTxTask,165228,165230,1031559595,1031566443,6053,True,0,1,1031572496,165232,4,28.02314814814815,28.02314814814815,4775770.569444444,4775798.592592592
UartTxTask,165234,165235,1031721715,1031724893,6260,True,0,1,1031731153,165237,4,28.98148148148148,28.98148148148148,4776504.134259259,4776533.115740741
TelemetryTask,165239,165240,1033686935,1033689957,33903,True,1,1,1033723860,165243,4,156.95833333333334,156.95833333333334,4785601.652777778,4785758.611111111
UartTxTask,165242,165244,1033719611,1033726363,6348,True,0,1,1033732711,165246,4,29.38888888888889,29.38888888888889,4785770.199074074,4785799.587962963
UartTxTask,165248,165249,1033881768,1033885033,6240,True,0,1,1033891273,165251,4,28.88888888888889,28.88888888888889,4786504.782407408,4786533.671296297
TelemetryTask,165253,165254,1035846948,1035849919,33808,True,1,1,1035883727,165257,4,156.5185185185185,156.5185185185185,4795601.476851852,4795757.99537037
UartTxTask,165256,165258,1035879440,1035886219,6241,True,0,1,1035892460,165260,4,28.89351851851852,28.89351851851852,4795769.532407408,4795798.425925926
UartTxTask,165262,165263,1036041588,1036044824,6302,True,0,1,1036051126,165265,4,29.175925925925927,29.175925925925927,4796503.814814814,4796532.990740741
TelemetryTask,165267,165268,1038006948,1038010043,34100,True,1,1,1038044143,165271,4,157.87037037037038,157.87037037037038,4805602.050925926,4805759.921296297
UartTxTask,165270,165272,1038039737,1038046683,6224,True,0,1,1038052907,165274,4,28.814814814814813,28.814814814814813,4805771.680555556,4805800.49537037
UartTxTask,165276,165277,1038201963,1038205153,6381,True,0,1,1038211534,165279,4,29.541666666666668,29.541666666666668,4806505.337962963,4806534.87962963
TelemetryTask,165281,165282,1040166957,1040169969,33889,True,1,1,1040203858,165285,4,156.8935185185185,156.8935185185185,4815601.708333333,4815758.601851852
UartTxTask,165284,165286,1040199530,1040206382,6056,True,0,1,1040212438,165288,4,28.037037037037038,28.037037037037038,4815770.287037037,4815798.324074074
UartTxTask,165290,165291,1040361473,1040364691,6171,True,0,1,1040370862,165293,4,28.569444444444443,28.569444444444443,4816503.199074074,4816531.768518519
TelemetryTask,165295,165296,1042326965,1042330013,33988,True,1,1,1042364001,165299,4,157.35185185185185,157.35185185185185,4825601.912037037,4825759.263888889
UartTxTask,165298,165300,1042359732,1042366523,6214,True,0,1,1042372737,165302,4,28.76851851851852,28.76851851851852,4825770.939814814,4825799.708333333
UartTxTask,165304,165305,1042521770,1042524928,6226,True,0,1,1042531154,165307,4,28.824074074074073,28.824074074074073,4826504.296296297,4826533.12037037
TelemetryTask,165309,165310,1044486955,1044490032,34016,True,1,1,1044524048,165313,4,157.4814814814815,157.4814814814815,4835602.0,4835759.481481481
UartTxTask,165312,165314,1044519702,1044526606,6186,True,0,1,1044532792,165316,4,28.63888888888889,28.63888888888889,4835771.324074074,4835799.962962963
UartTxTask,165318,165319,1044681891,1044685109,6308,True,0,1,1044691417,165321,4,29.203703703703702,29.203703703703702,4836505.134259259,4836534.337962963
ButtonTask,165325,165327,1046585396,1046588628,29625,True,1,1,1046618253,165331,4,137.15277777777777,137.15277777777777,4845317.722222222,4845454.875
UartTxTask,165330,165332,1046614615,1046621027,6165,True,0,1,1046627192,165334,4,28.541666666666668,28.541666666666668,4845467.717592592,4845496.259259259
TelemetryTask,165336,165337,1046646964,1046648639,26022,True,1,1,1046674661,165339,4,120.47222222222223,120.47222222222223,4845595.550925926,4845716.023148148
UartTxTask,165341,165342,1046776357,1046778337,9457,True,0,1,1046787794,165345,4,43.782407407407405,43.782407407407405,4846196.00462963,4846239.787037037
UartTxTask,165347,165348,1046936880,1046938783,5465,True,0,1,1046944248,165350,4,25.300925925925927,25.300925925925927,4846938.810185186,4846964.111111111
TelemetryTask,165352,165353,1048806963,1048809987,33803,True,1,1,1048843790,165356,4,156.49537037037038,156.49537037037038,4855601.791666667,4855758.287037037
UartTxTask,165355,165357,1048839575,1048846305,6212,True,0,1,1048852517,165359,4,28.75925925925926,28.75925925925926,4855769.930555556,4855798.689814814
UartTxTask,165361,165362,1049001609,1049004780,6290,True,0,1,1049011070,165364,4,29.12037037037037,29.12037037037037,4856503.611111111,4856532.731481481
TelemetryTask,165366,165367,1050966978,1050969981,33920,True,1,1,1051003901,165370,4,157.03703703703704,157.03703703703704,4865601.763888889,4865758.800925926
UartTxTask,165369,165371,1050999671,1051006454,6235,True,0,1,1051012689,165373,4,28.86574074074074,28.86574074074074,4865770.62037037,4865799.486111111
UartTxTask,165375,165376,1051161742,1051164934,6216,True,0,1,1051171150,165378,4,28.77777777777778,28.77777777777778,4866504.324074074,4866533.101851852
TelemetryTask,165380,165381,1053126957,1053129944,33955,True,1,1,1053163899,165384,4,157.19907407407408,157.19907407407408,4875601.592592592,4875758.791666667
UartTxTask,165383,165385,1053159617,1053166424,6317,True,0,1,1053172741,165387,4,29.24537037037037,29.24537037037037,4875770.481481481,4875799.726851852
UartTxTask,165389,165390,1053321720,1053324955,6304,True,0,1,1053331259,165392,4,29.185185185185187,29.185185185185187,4876504.421296297,4876533.606481481
TelemetryTask,165394,165395,1055286938,1055289926,33743,True,1,1,1055323669,165398,4,156.21759259259258,156.21759259259258,4885601.509259259,4885757.726851852
UartTxTask,165397,165399,1055319409,1055326232,6171,True,0,1,1055332403,165401,4,28.569444444444443,28.569444444444443,4885769.592592592,4885798.162037037
UartTxTask,165403,165404,1055481527,1055484801,6298,True,0,1,1055491099,165406,4,29.15740740740741,29.15740740740741,4886503.708333333,4886532.865740741
TelemetryTask,165408,165409,1057446920,1057449913,34027,True,1,1,1057483940,165412,4,157.53240740740742,157.53240740740742,4895601.449074074,4895758.981481481
UartTxTask,165411,165413,1057479703,1057486440,6195,True,0,1,1057492635,165415,4,28.680555555555557,28.680555555555557,4895770.555555556,4895799.236111111
UartTxTask,165417,165418,1057641704,1057644911,6222,True,0,1,1057651133,165420,4,28.805555555555557,28.805555555555557,4896504.217592592,4896533.023148148
TelemetryTask,165422,165423,1059606919,1059609990,34086,True,1,1,1059644076,165426,4,157.80555555555554,157.80555555555554,4905601.805555556,4905759.611111111
UartTxTask,165425,165427,1059639772,1059646613,6334,True,0,1,1059652947,165429,4,29.324074074074073,29.324074074074073,4905771.356481481,4905800.680555556
UartTxTask,165431,165432,1059802023,1059805151,6228,True,0,1,1059811379,165434,4,28.833333333333332,28.833333333333332,4906505.328703703,4906534.162037037
TelemetryTask,165436,165437,1061766939,1061769986,33886,True,1,1,1061803872,165440,4,156.87962962962962,156.87962962962962,4915601.787037037,4915758.666666667
UartTxTask,165439,165441,1061799550,1061806418,6309,True,0,1,1061812727,165443,4,29.208333333333332,29.208333333333332,4915770.453703703,4915799.662037037
UartTxTask,165445,165446,1061961760,1061965023,6241,True,0,1,1061971264,165448,4,28.89351851851852,28.89351851851852,4916504.736111111,4916533.62962963
TelemetryTask,165450,165451,1063926942,1063929877,34095,True,1,1,1063963972,165454,4,157.84722222222223,157.84722222222223,4925601.282407408,4925759.12962963
UartTxTask,165453,165455,1063959683,1063966428,6267,True,0,1,1063972695,165457,4,29.01388888888889,29.01388888888889,4925770.5,4925799.513888889
UartTxTask,165459,165460,1064121779,1064124972,6273,True,0,1,1064131245,165462,4,29.041666666666668,29.041666666666668,4926504.5,4926533.541666667
TelemetryTask,165464,165465,1066086937,1066089978,33968,True,1,1,1066123946,165468,4,157.25925925925927,157.25925925925927,4935601.75,4935759.009259259
UartTxTask,165467,165469,1066119679,1066126410,6192,True,0,1,1066132602,165471,4,28.666666666666668,28.666666666666668,4935770.416666667,4935799.083333333
UartTxTask,165473,165474,1066281681,1066284854,6320,True,0,1,1066291174,165476,4,29.25925925925926,29.25925925925926,4936503.953703703,4936533.212962963
TelemetryTask,165478,165479,1068246946,1068249923,33811,True,1,1,1068283734,165482,4,156.53240740740742,156.53240740740742,4945601.49537037,4945758.027777778
UartTxTask,165481,165483,1068279482,1068286248,6035,True,0,1,1068292283,165485,4,27.939814814814813,27.939814814814813,4945769.666666667,4945797.606481481
UartTxTask,165487,165488,1068441503,1068444675,6242,True,0,1,1068450917,165490,4,28.89814814814815,28.89814814814815,4946503.125,4946532.023148148
TelemetryTask,165492,165493,1070406960,1070409952,33786,True,1,1,1070443738,165496,4,156.41666666666666,156.41666666666666,4955601.62962963,4955758.046296297
UartTxTask,165495,165497,1070439531,1070446300,6061,True,0,1,1070452361,165499,4,28.060185185185187,28.060185185185187,4955769.907407408,4955797.967592592
UartTxTask,165501,165502,1070601467,1070604654,6304,True,0,1,1070610958,165504,4,29.185185185185187,29.185185185185187,4956503.027777778,4956532.212962963
TelemetryTask,165506,165507,1072566928,1072569943,33755,True,1,1,1072603698,165510,4,156.27314814814815,156.27314814814815,4965601.587962963,4965757.861111111
UartTxTask,165509,165511,1072599499,1072606201,6156,True,0,1,1072612357,165513,4,28.5,28.5,4965769.449074074,4965797.949074074
UartTxTask,165515,165516,1072761447,1072764630,6224,True,0,1,1072770854,165518,4,28.814814814814813,28.814814814814813,4966502.916666667,4966531.731481481
TelemetryTask,165520,165521,1074726938,1074729985,33840,True,1,1,1074763825,165524,4,156.66666666666666,156.66666666666666,4975601.782407408,4975758.449074074
UartTxTask,165523,165525,1074759552,1074766334,6213,True,0,1,1074772547,165527,4,28.76388888888889,28.76388888888889,4975770.064814814,4975798.828703703
UartTxTask,165529,165530,1074921597,1074924800,6195,True,0,1,1074930995,165532,4,28.680555555555557,28.680555555555557,4976503.703703703,4976532.384259259
TelemetryTask,165534,165535,1076886933,1076890026,33851,True,1,1,1076923877,165538,4,156.71759259259258,156.71759259259258,4985601.972222222,4985758.689814814
UartTxTask,165537,165539,1076919567,1076926413,6232,True,0,1,1076932645,165541,4,28.85185185185185,28.85185185185185,4985770.430555556,4985799.282407408
UartTxTask,165543,165544,1077081736,1077084980,6361,True,0,1,1077091341,165546,4,29.449074074074073,29.449074074074073,4986504.537037037,4986533.986111111
TelemetryTask,165548,165549,1079046954,1079049919,33722,True,1,1,1079083641,165552,4,156.12037037037038,156.12037037037038,4995601.476851852,4995757.597222222
UartTxTask,165551,165553,1079079465,1079086146,6247,True,0,1,1079092393,165555,4,28.921296296296298,28.921296296296298,4995769.194444444,4995798.115740741
UartTxTask,165557,165558,1079241470,1079244733,6308,True,0,1,1079251041,165560,4,29.203703703703702,29.203703703703702,4996503.393518519,4996532.597222222
TelemetryTask,165562,165563,1081206944,1081210011,33754,True,1,1,1081243765,165566,4,156.2685185185185,156.2685185185185,5005601.902777778,5005758.171296297
UartTxTask,165565,165567,1081239566,1081246293,6251,True,0,1,1081252544,165569,4,28.939814814814813,28.939814814814813,5005769.875,5005798.814814814
UartTxTask,165571,165572,1081401574,1081404763,6257,True,0,1,1081411020,165574,4,28.96759259259259,28.96759259259259,5006503.532407408,5006532.5
ButtonTask,165578,165580,1082587159,1082590311,29921,True,1,1,1082620232,165584,4,138.52314814814815,138.52314814814815,5011992.180555556,5012130.703703703
UartTxTask,165583,165585,1082616633,1082623052,6220,True,0,1,1082629272,165587,4,28.796296296296298,28.796296296296298,5012143.759259259,5012172.555555556
UartTxTask,165589,165590,1082778354,1082780338,6357,True,0,1,1082786695,165592,4,29.430555555555557,29.430555555555557,5012871.935185186,5012901.365740741
TelemetryTask,165594,165595,1083366924,1083370041,33784,True,1,1,1083403825,165598,4,156.40740740740742,156.40740740740742,5015602.041666667,5015758.449074074
UartTxTask,165597,165599,1083399575,1083406326,6152,True,0,1,1083412478,165601,4,28.48148148148148,28.48148148148148,5015770.027777778,5015798.509259259
UartTxTask,165603,165604,1083561606,1083564836,6203,True,0,1,1083571039,165606,4,28.71759259259259,28.71759259259259,5016503.87037037,5016532.587962963
TelemetryTask,165608,165609,1085526956,1085529998,33850,True,1,1,1085563848,165612,4,156.71296296296296,156.71296296296296,5025601.842592592,5025758.555555556
UartTxTask,165611,165613,1085559721,1085566349,6198,True,0,1,1085572547,165615,4,28.694444444444443,28.694444444444443,5025770.134259259,5025798.828703703
UartTxTask,165617,165618,1085721708,1085724876,6208,True,0,1,1085731084,165620,4,28.74074074074074,28.74074074074074,5026504.055555556,5026532.796296297
TelemetryTask,165622,165623,1087686945,1087689992,33767,True,1,1,1087723759,165626,4,156.3287037037037,156.3287037037037,5035601.814814814,5035758.143518519
UartTxTask,165625,165627,1087719485,1087726242,6187,True,0,1,1087732429,165629,4,28.64351851851852,28.64351851851852,5035769.638888889,5035798.282407408
UartTxTask,165631,165632,1087881555,1087884744,6362,True,0,1,1087891106,165634,4,29.453703703703702,29.453703703703702,5036503.444444444,5036532.898148148
TelemetryTask,165636,165637,1089846929,1089850011,33750,True,1,1,1089883761,165640,4,156.25,156.25,5045601.902777778,5045758.152777778
UartTxTask,165639,165641,1089879525,1089886235,6235,True,0,1,1089892470,165643,4,28.86574074074074,28.86574074074074,5045769.606481481,5045798.472222222
UartTxTask,165645,165646,1090041592,1090044770,6077,True,0,1,1090050847,165648,4,28.13425925925926,28.13425925925926,5046503.564814814,5046531.699074074
TelemetryTask,165650,165651,1092006933,1092009992,33868,True,1,1,1092043860,165654,4,156.7962962962963,156.7962962962963,5055601.814814814,5055758.611111111
UartTxTask,165653,165655,1092039643,1092046317,6241,True,0,1,1092052558,165657,4,28.89351851851852,28.89351851851852,5055769.986111111,5055798.87962963
UartTxTask,165659,165660,1092201609,1092204793,6242,True,0,1,1092211035,165662,4,28.89814814814815,28.89814814814815,5056503.671296297,5056532.569444444
TelemetryTask,165664,165665,1094166925,1094169926,33908,True,1,1,1094203834,165668,4,156.9814814814815,156.9814814814815,5065601.509259259,5065758.490740741
UartTxTask,165667,165669,1094199580,1094206326,6133,True,0,1,1094212459,165671,4,28.39351851851852,28.39351851851852,5065770.027777778,5065798.421296297
UartTxTask,165673,165674,1094361541,1094364748,6412,True,0,1,1094371160,165676,4,29.685185185185187,29.685185185185187,5066503.462962963,5066533.148148148
TelemetryTask,165678,165679,1096326911,1096329904,33893,True,1,1,1096363797,165682,4,156.91203703703704,156.91203703703704,5075601.407407408,5075758.319444444
UartTxTask,165681,165683,1096359518,1096366283,6149,True,0,1,1096372432,165685,4,28.46759259259259,28.46759259259259,5075769.828703703,5075798.296296297
UartTxTask,165687,165688,1096521617,1096524830,6228,True,0,1,1096531058,165690,4,28.833333333333332,28.833333333333332,5076503.842592592,5076532.675925926
TelemetryTask,165692,165693,1098486961,1098490044,33819,True,1,1,1098523863,165696,4,156.56944444444446,156.56944444444446,5085602.055555556,5085758.625
UartTxTask,165695,165697,1098519618,1098526333,6206,True,0,1,1098532539,165699,4,28.73148148148148,28.73148148148148,5085770.060185186,5085798.791666667
UartTxTask,165701,165702,1098681564,1098684733,6278,True,0,1,1098691011,165704,4,29.064814814814813,29.064814814814813,5086503.393518519,5086532.458333333
TelemetryTask,165706,165707,1100646930,1100649992,34052,True,1,1,1100684044,165710,4,157.64814814814815,157.64814814814815,5095601.814814814,5095759.462962963
UartTxTask,165709,165711,1100679755,1100686533,6229,True,0,1,1100692762,165713,4,28.837962962962962,28.837962962962962,5095770.986111111,5095799.824074074
UartTxTask,165715,165716,1100841841,1100845042,6178,True,0,1,1100851220,165718,4,28.60185185185185,28.60185185185185,5096504.824074074,5096533.425925926
TelemetryTask,165720,165721,1102806939,1102809911,33805,True,1,1,1102843716,165724,4,156.50462962962962,156.50462962962962,5105601.439814814,5105757.944444444
UartTxTask,165723,165725,1102839396,1102846197,6279,True,0,1,1102852476,165727,4,29.069444444444443,29.069444444444443,5105769.430555556,5105798.5
UartTxTask,165729,165730,1103001563,1103004748,6291,True,0,1,1103011039,165732,4,29.125,29.125,5106503.462962963,5106532.587962963
TelemetryTask,165734,165735,1104966938,1104969981,33884,True,1,1,1105003865,165738,4,156.87037037037038,156.87037037037038,5115601.763888889,5115758.634259259
UartTxTask,165737,165739,1104999609,1105006350,6196,True,0,1,1105012546,165741,4,28.685185185185187,28.685185185185187,5115770.138888889,5115798.824074074
UartTxTask,165743,165744,1105161600,1105164802,6277,True,0,1,1105171079,165746,4,29.060185185185187,29.060185185185187,5116503.712962963,5116532.773148148
TelemetryTask,165748,165749,1107126968,1107130076,33961,True,1,1,1107164037,165752,4,157.22685185185185,157.22685185185185,5125602.203703703,5125759.430555556
UartTxTask,165751,165753,1107159715,1107166543,6279,True,0,1,1107172822,165755,4,29.069444444444443,29.069444444444443,5125771.032407408,5125800.101851852
UartTxTask,165757,165758,1107321931,1107325108,6283,True,0,1,1107331391,165760,4,29.087962962962962,29.087962962962962,5126505.12962963,5126534.217592592
TelemetryTask,165762,165763,1109286957,1109290040,33716,True,1,1,1109323756,165766,4,156.09259259259258,156.09259259259258,5135602.037037037,5135758.12962963
UartTxTask,165765,165767,1109319509,1109326311,6202,True,0,1,1109332513,165769,4,28.712962962962962,28.712962962962962,5135769.958333333,5135798.671296297
UartTxTask,165771,165772,1109481591,1109484787,6304,True,0,1,1109491091,165774,4,29.185185185185187,29.185185185185187,5136503.643518519,5136532.828703703
TelemetryTask,165776,165777,1111446960,1111449962,34010,True,1,1,1111483972,165780,4,157.4537037037037,157.4537037037037,5145601.675925926,5145759.12962963
UartTxTask,165779,165781,1111479669,1111486533,6141,True,0,1,1111492674,165783,4,28.430555555555557,28.430555555555557,5145770.986111111,5145799.416666667
UartTxTask,165785,165786,1111641836,1111644981,6119,True,0,1,1111651100,165788,4,28.328703703703702,28.328703703703702,5146504.541666667,5146532.87037037
TelemetryTask,165790,165791,1113606946,1113610010,33727,True,1,1,1113643737,165794,4,156.1435185185185,156.1435185185185,5155601.898148148,5155758.041666667
UartTxTask,165793,165795,1113639553,1113646241,6362,True,0,1,1113652603,165797,4,29.453703703703702,29.453703703703702,5155769.634259259,5155799.087962963
UartTxTask,165799,165800,1113801666,1113804881,6154,True,0,1,1113811035,165802,4,28.49074074074074,28.49074074074074,5156504.078703703,5156532.569444444
ButtonTask,165806,165808,1115170282,1115173537,29647,True,1,1,1115203184,165812,4,137.25462962962962,137.25462962962962,5162840.449074074,5162977.703703703
UartTxTask,165811,165813,1115199539,1115205924,6698,True,0,1,1115212622,165815,4,31.00925925925926,31.00925925925926,5162990.388888889,5163021.398148148
UartTxTask,165817,165818,1115361771,1115363710,6312,True,0,1,1115370022,165820,4,29.22222222222222,29.22222222222222,5163720.87962963,5163750.101851852
TelemetryTask,165822,165823,1115766951,1115769960,33916,True,1,1,1115803876,165826,4,157.0185185185185,157.0185185185185,5165601.666666667,5165758.685185186
UartTxTask,165825,165827,1115799612,1115806388,6390,True,0,1,1115812778,165829,4,29.583333333333332,29.583333333333332,5165770.314814814,5165799.898148148
UartTxTask,165831,165832,1115961762,1115964888,6274,True,0,1,1115971162,165834,4,29.046296296296298,29.046296296296298,5166504.111111111,5166533.157407408
TelemetryTask,165836,165837,1117926936,1117929940,33979,True,1,1,1117963919,165840,4,157.3101851851852,157.3101851851852,5175601.574074074,5175758.884259259
UartTxTask,165839,165841,1117959667,1117966420,6210,True,0,1,1117972630,165843,4,28.75,28.75,5175770.462962963,5175799.212962963
UartTxTask,165845,165846,1118121662,1118124855,6304,True,0,1,1118131159,165848,4,29.185185185185187,29.185185185185187,5176503.958333333,5176533.143518519
TelemetryTask,165850,165851,1120086960,1120090083,33892,True,1,1,1120123975,165854,4,156.90740740740742,156.90740740740742,5185602.236111111,5185759.143518519
UartTxTask,165853,165855,1120119761,1120126530,6227,True,0,1,1120132757,165857,4,28.828703703703702,28.828703703703702,5185770.972222222,5185799.800925926
UartTxTask,165859,165860,1120281820,1120285055,6178,True,0,1,1120291233,165862,4,28.60185185185185,28.60185185185185,5186504.884259259,5186533.486111111
TelemetryTask,165864,165865,1122246943,1122249985,33915,True,1,1,1122283900,165868,4,157.01388888888889,157.01388888888889,5195601.782407408,5195758.796296297
UartTxTask,165867,165869,1122279685,1122286425,6298,True,0,1,1122292723,165871,4,29.15740740740741,29.15740740740741,5195770.486111111,5195799.643518519
UartTxTask,165873,165874,1122441839,1122445039,6210,True,0,1,1122451249,165876,4,28.75,28.75,5196504.810185186,5196533.560185186
TelemetryTask,165878,165879,1124406934,1124409950,33725,True,1,1,1124443675,165882,4,156.13425925925927,156.13425925925927,5205601.62037037,5205757.75462963
UartTxTask,165881,165883,1124439430,1124446206,6138,True,0,1,1124452344,165885,4,28.416666666666668,28.416666666666668,5205769.472222222,5205797.888888889
UartTxTask,165887,165888,1124601537,1124604771,6462,True,0,1,1124611233,165890,4,29.916666666666668,29.916666666666668,5206503.569444444,5206533.486111111
TelemetryTask,165892,165893,1126566907,1126569904,33811,True,1,1,1126603715,165896,4,156.53240740740742,156.53240740740742,5215601.407407408,5215757.939814814
UartTxTask,165895,165897,1126599463,1126606203,6280,True,0,1,1126612483,165899,4,29.074074074074073,29.074074074074073,5215769.458333333,5215798.532407408
UartTxTask,165901,165902,1126761605,1126764797,6323,True,0,1,1126771120,165904,4,29.27314814814815,29.27314814814815,5216503.689814814,5216532.962962963
TelemetryTask,165906,165907,1128726943,1128730037,34155,True,1,1,1128764192,165910,4,158.125,158.125,5225602.023148148,5225760.148148148
UartTxTask,165909,165911,1128759911,1128766703,6151,True,0,1,1128772854,165913,4,28.47685185185185,28.47685185185185,5225771.773148148,5225800.25
UartTxTask,165915,165916,1128921979,1128925164,6192,True,0,1,1128931356,165918,4,28.666666666666668,28.666666666666668,5226505.388888889,5226534.055555556
TelemetryTask,165920,165921,1130886939,1130890073,33900,True,1,1,1130923973,165924,4,156.94444444444446,156.94444444444446,5235602.189814814,5235759.134259259
UartTxTask,165923,165925,1130919668,1130926531,6216,True,0,1,1130932747,165927,4,28.77777777777778,28.77777777777778,5235770.976851852,5235799.75462963
UartTxTask,165929,165930,1131081720,1131084958,6103,True,0,1,1131091061,165932,4,28.25462962962963,28.25462962962963,5236504.435185186,5236532.689814814
TelemetryTask,165934,165935,1133046938,1133049886,33808,True,1,1,1133083694,165938,4,156.5185185185185,156.5185185185185,5245601.324074074,5245757.842592592
UartTxTask,165937,165939,1133079516,1133086192,6239,True,0,1,1133092431,165941,4,28.88425925925926,28.88425925925926,5245769.407407408,5245798.291666667
UartTxTask,165943,165944,1133241481,1133244588,6223,True,0,1,1133250811,165946,4,28.810185185185187,28.810185185185187,5246502.722222222,5246531.532407408
TelemetryTask,165948,165949,1135206938,1135209936,34080,True,1,1,1135244016,165952,4,157.77777777777777,157.77777777777777,5255601.555555556,5255759.333333333
UartTxTask,165951,165953,1135239637,1135246542,6076,True,0,1,1135252618,165955,4,28.12962962962963,28.12962962962963,5255771.027777778,5255799.157407408
UartTxTask,165957,165958,1135401793,1135404974,6235,True,0,1,1135411209,165960,4,28.86574074074074,28.86574074074074,5256504.509259259,5256533.375
TelemetryTask,165962,165963,1137366947,1137369896,33749,True,1,1,1137403645,165966,4,156.24537037037038,156.24537037037038,5265601.37037037,5265757.615740741
UartTxTask,165965,165967,1137399385,1137406158,6215,True,0,1,1137412373,165969,4,28.77314814814815,28.77314814814815,5265769.25,5265798.023148148
UartTxTask,165971,165972,1137561452,1137564674,6346,True,0,1,1137571020,165974,4,29.37962962962963,29.37962962962963,5266503.12037037,5266532.5
TelemetryTask,165976,165977,1139526919,1139529950,33690,True,1,1,1139563640,165980,4,155.97222222222223,155.97222222222223,5275601.62037037,5275757.592592592
UartTxTask,165979,165981,1139559387,1139566175,6219,True,0,1,1139572394,165983,4,28.791666666666668,28.791666666666668,5275769.328703703,5275798.12037037
UartTxTask,165985,165986,1139721441,1139724636,6235,True,0,1,1139730871,165988,4,28.86574074074074,28.86574074074074,5276502.944444444,5276531.810185186
TelemetryTask,165990,165991,1141686939,1141689971,33830,True,1,1,1141723801,165994,4,156.62037037037038,156.62037037037038,5285601.717592592,5285758.337962963
UartTxTask,165993,165995,1141719626,1141726297,6161,True,0,1,1141732458,165997,4,28.52314814814815,28.52314814814815,5285769.893518519,5285798.416666667
UartTxTask,165999,166000,1141881556,1141884749,6295,True,0,1,1141891044,166002,4,29.14351851851852,29.14351851851852,5286503.467592592,5286532.611111111
TelemetryTask,166004,166005,1143846968,1143850057,33774,True,1,1,1143883831,166008,4,156.36111111111111,156.36111111111111,5295602.115740741,5295758.476851852
UartTxTask,166007,166009,1143879569,1143886396,6186,True,0,1,1143892582,166011,4,28.63888888888889,28.63888888888889,5295770.351851852,5295798.990740741
UartTxTask,166013,166014,1144041623,1144044806,6233,True,0,1,1144051039,166016,4,28.85648148148148,28.85648148148148,5296503.731481481,5296532.587962963
TelemetryTask,166018,166019,1146006922,1146009940,34049,True,1,1,1146043989,166022,4,157.63425925925927,157.63425925925927,5305601.574074074,5305759.208333333
UartTxTask,166021,166023,1146039615,1146046539,6196,True,0,1,1146052735,166025,4,28.685185185185187,28.685185185185187,5305771.013888889,5305799.699074074
UartTxTask,166027,166028,1146201784,1146204975,6334,True,0,1,1146211309,166030,4,29.324074074074073,29.324074074074073,5306504.513888889,5306533.837962963
TelemetryTask,166032,166033,1148166921,1148169896,33859,True,1,1,1148203755,166036,4,156.75462962962962,156.75462962962962,5315601.37037037,5315758.125
UartTxTask,166035,166037,1148199550,1148206230,6320,True,0,1,1148212550,166039,4,29.25925925925926,29.25925925925926,5315769.583333333,5315798.842592592
UartTxTask,166041,166042,1148361605,1148364773,6304,True,0,1,1148371077,166044,4,29.185185185185187,29.185185185185187,5316503.578703703,5316532.763888889
TelemetryTask,166046,166047,1150326937,1150329967,33935,True,1,1,1150363902,166050,4,157.1064814814815,157.1064814814815,5325601.699074074,5325758.805555556
UartTxTask,166049,166051,1150359614,1150366447,6174,True,0,1,1150372621,166053,4,28.583333333333332,28.583333333333332,5325770.587962963,5325799.171296297
UartTxTask,166055,166056,1150521659,1150524766,6162,True,0,1,1150530928,166058,4,28.52777777777778,28.52777777777778,5326503.546296297,5326532.074074074
TelemetryTask,166060,166061,1152486937,1152489990,33912,True,1,1,1152523902,166064,4,157.0,157.0,5335601.805555556,5335758.805555556
UartTxTask,166063,166065,1152519656,1152526468,6256,True,0,1,1152532724,166067,4,28.962962962962962,28.962962962962962,5335770.685185186,5335799.648148148
UartTxTask,166069,166070,1152681746,1152684958,6223,True,0,1,1152691181,166072,4,28.810185185185187,28.810185185185187,5336504.435185186,5336533.24537037
TelemetryTask,166074,166075,1154646957,1154649924,34078,True,1,1,1154684002,166078,4,157.7685185185185,157.7685185185185,5345601.5,5345759.268518519
UartTxTask,166077,166079,1154679668,1154686588,6210,True,0,1,1154692798,166081,4,28.75,28.75,5345771.240740741,5345799.990740741
UartTxTask,166083,166084,1154841907,1154845156,6210,True,0,1,1154851366,166086,4,28.75,28.75,5346505.351851852,5346534.101851852
TelemetryTask,166088,166089,1156806946,1156810056,33832,True,1,1,1156843888,166092,4,156.62962962962962,156.62962962962962,5355602.111111111,5355758.740740741
UartTxTask,166091,166093,1156839681,1156846411,6201,True,0,1,1156852612,166095,4,28.708333333333332,28.708333333333332,5355770.421296297,5355799.12962963
UartTxTask,166097,166098,1157001654,1157004795,6293,True,0,1,1157011088,166100,4,29.13425925925926,29.13425925925926,5356503.680555556,5356532.814814814
TelemetryTask,166102,166103,1158966943,1158969960,33948,True,1,1,1159003908,166106,4,157.16666666666666,157.16666666666666,5365601.666666667,5365758.833333333
UartTxTask,166105,166107,1158999631,1159006406,6255,True,0,1,1159012661,166109,4,28.958333333333332,28.958333333333332,5365770.398148148,5365799.356481481
UartTxTask,166111,166112,1159161734,1159164944,6241,True,0,1,1159171185,166114,4,28.89351851851852,28.89351851851852,5366504.37037037,5366533.263888889
TelemetryTask,166116,166117,1161126939,1161129929,33757,True,1,1,1161163686,166120,4,156.28240740740742,156.28240740740742,5375601.523148148,5375757.805555556
UartTxTask,166119,166121,1161159331,1161166160,6245,True,0,1,1161172405,166123,4,28.912037037037038,28.912037037037038,5375769.259259259,5375798.171296297
UartTxTask,166125,166126,1161321486,1161324670,6332,True,0,1,1161331002,166128,4,29.314814814814813,29.314814814814813,5376503.101851852,5376532.416666667
TelemetryTask,166130,166131,1163286968,1163290013,33793,True,1,1,1163323806,166134,4,156.44907407407408,156.44907407407408,5385601.912037037,5385758.361111111
UartTxTask,166133,166135,1163319558,1163326307,6290,True,0,1,1163332597,166137,4,29.12037037037037,29.12037037037037,5385769.939814814,5385799.060185186
UartTxTask,166139,166140,1163481665,1163484850,6281,True,0,1,1163491131,166142,4,29.078703703703702,29.078703703703702,5386503.935185186,5386533.013888889
TelemetryTask,166144,166145,1165446935,1165449955,34007,True,1,1,1165483962,166148,4,157.4398148148148,157.4398148148148,5395601.643518519,5395759.083333333
UartTxTask,166147,166149,1165479702,1165486469,6186,True,0,1,1165492655,166151,4,28.63888888888889,28.63888888888889,5395770.689814814,5395799.328703703
UartTxTask,166153,166154,1165641798,1165645033,6244,True,0,1,1165651277,166156,4,28.90740740740741,28.90740740740741,5396504.782407408,5396533.689814814
TelemetryTask,166158,166159,1167606932,1167609959,33923,True,1,1,1167643882,166162,4,157.05092592592592,157.05092592592592,5405601.662037037,5405758.712962963
UartTxTask,166161,166163,1167639563,1167646395,6286,True,0,1,1167652681,166165,4,29.10185185185185,29.10185185185185,5405770.347222222,5405799.449074074
UartTxTask,166167,166168,1167801686,1167804858,6318,True,0,1,1167811176,166170,4,29.25,29.25,5406503.972222222,5406533.222222222
TelemetryTask,166172,166173,1169766952,1169769964,34071,True,1,1,1169804035,166176,4,157.73611111111111,157.73611111111111,5415601.685185186,5415759.421296297
UartTxTask,166175,166177,1169799755,1169806591,6143,True,0,1,1169812734,166179,4,28.439814814814813,28.439814814814813,5415771.25462963,5415799.694444444
UartTxTask,166181,166182,1169961935,1169965095,6251,True,0,1,1169971346,166184,4,28.939814814814813,28.939814814814813,5416505.069444444,5416534.009259259
TelemetryTask,166186,166187,1171926933,1171930049,33851,True,1,1,1171963900,166190,4,156.71759259259258,156.71759259259258,5425602.078703703,5425758.796296297
UartTxTask,166189,166191,1171959725,1171966379,6242,True,0,1,1171972621,166193,4,28.89814814814815,28.89814814814815,5425770.273148148,5425799.171296297
UartTxTask,166195,166196,1172121694,1172124914,6219,True,0,1,1172131133,166198,4,28.791666666666668,28.791666666666668,5426504.231481481,5426533.023148148
TelemetryTask,166200,166201,1174086930,1174089913,33968,True,1,1,1174123881,166204,4,157.25925925925927,157.25925925925927,5435601.449074074,5435758.708333333
UartTxTask,166203,166205,1174119571,1174126404,6110,True,0,1,1174132514,166207,4,28.287037037037038,28.287037037037038,5435770.388888889,5435798.675925926
UartTxTask,166209,166210,1174281620,1174284824,6307,True,0,1,1174291131,166212,4,29.199074074074073,29.199074074074073,5436503.814814814,5436533.013888889
TelemetryTask,166214,166215,1176246939,1176249982,33854,True,1,1,1176283836,166218,4,156.7314814814815,156.7314814814815,5445601.768518519,5445758.5
UartTxTask,166217,166219,1176279593,1176286367,6090,True,0,1,1176292457,166221,4,28.194444444444443,28.194444444444443,5445770.217592592,5445798.412037037
UartTxTask,166223,166224,1176441515,1176444658,6178,True,0,1,1176450836,166226,4,28.60185185185185,28.60185185185185,5446503.046296297,5446531.648148148
TelemetryTask,166228,166229,1178406951,1178409983,33858,True,1,1,1178443841,166232,4,156.75,156.75,5455601.773148148,5455758.523148148
UartTxTask,166231,166233,1178439540,1178446365,6193,True,0,1,1178452558,166235,4,28.671296296296298,28.671296296296298,5455770.208333333,5455798.87962963
UartTxTask,166237,166238,1178601618,1178604833,6197,True,0,1,1178611030,166240,4,28.689814814814813,28.689814814814813,5456503.856481481,5456532.546296297
TelemetryTask,166242,166243,1180566934,1180569940,33947,True,1,1,1180603887,166246,4,157.16203703703704,157.16203703703704,5465601.574074074,5465758.736111111
UartTxTask,166245,166247,1180599610,1180606426,6245,True,0,1,1180612671,166249,4,28.912037037037038,28.912037037037038,5465770.490740741,5465799.402777778
UartTxTask,166251,166252,1180761705,1180764829,6236,True,0,1,1180771065,166254,4,28.87037037037037,28.87037037037037,5466503.837962963,5466532.708333333
TelemetryTask,166256,166257,1182726932,1182729926,33978,True,1,1,1182763904,166260,4,157.30555555555554,157.30555555555554,5475601.509259259,5475758.814814814
UartTxTask,166259,166261,1182759607,1182766442,6272,True,0,1,1182772714,166263,4,29.037037037037038,29.037037037037038,5475770.564814814,5475799.601851852
UartTxTask,166265,166266,1182921733,1182924948,6221,True,0,1,1182931169,166268,4,28.800925925925927,28.800925925925927,5476504.388888889,5476533.189814814
TelemetryTask,166270,166271,1184886933,1184889985,33997,True,1,1,1184923982,166274,4,157.3935185185185,157.3935185185185,5485601.782407408,5485759.175925926
UartTxTask,166273,166275,1184919621,1184926463,6176,True,0,1,1184932639,166277,4,28.59259259259259,28.59259259259259,5485770.662037037,5485799.25462963
UartTxTask,166279,166280,1185081755,1185084882,6197,True,0,1,1185091079,166282,4,28.689814814814813,28.689814814814813,5486504.083333333,5486532.773148148
TelemetryTask,166284,166285,1187046985,1187049968,33850,True,1,1,1187083818,166288,4,156.71296296296296,156.71296296296296,5495601.703703703,5495758.416666667
UartTxTask,166287,166289,1187079560,1187086316,6117,True,0,1,1187092433,166291,4,28.319444444444443,28.319444444444443,5495769.981481481,5495798.300925926
UartTxTask,166293,166294,1187241606,1187244713,6225,True,0,1,1187250938,166296,4,28.819444444444443,28.819444444444443,5496503.300925926,5496532.12037037
TelemetryTask,166298,166299,1189206930,1189209925,34010,True,1,1,1189243935,166302,4,157.4537037037037,157.4537037037037,5505601.50462963,5505758.958333333
UartTxTask,166301,166303,1189239761,1189246507,6154,True,0,1,1189252661,166305,4,28.49074074074074,28.49074074074074,5505770.865740741,5505799.356481481
UartTxTask,166307,166308,1189401710,1189404934,6210,True,0,1,1189411144,166310,4,28.75,28.75,5506504.324074074,5506533.074074074
TelemetryTask,166312,166313,1191366936,1191369980,33864,True,1,1,1191403844,166316,4,156.77777777777777,156.77777777777777,5515601.759259259,5515758.537037037
UartTxTask,166315,166317,1191399642,1191406305,6177,True,0,1,1191412482,166319,4,28.59722222222222,28.59722222222222,5515769.930555556,5515798.527777778
UartTxTask,166321,166322,1191561636,1191564780,6231,True,0,1,1191571011,166324,4,28.84722222222222,28.84722222222222,5516503.611111111,5516532.458333333
TelemetryTask,166326,166327,1193526943,1193530000,33971,True,1,1,1193563971,166330,4,157.27314814814815,157.27314814814815,5525601.851851852,5525759.125
UartTxTask,166329,166331,1193559635,1193566445,6215,True,0,1,1193572660,166333,4,28.77314814814815,28.77314814814815,5525770.578703703,5525799.351851852
UartTxTask,166335,166336,1193721751,1193724823,6160,True,0,1,1193730983,166338,4,28.51851851851852,28.51851851851852,5526503.810185186,5526532.328703703
TelemetryTask,166340,166341,1195686923,1195689980,33901,True,1,1,1195723881,166344,4,156.94907407407408,156.94907407407408,5535601.759259259,5535758.708333333
UartTxTask,166343,166345,1195719651,1195726413,6440,True,0,1,1195732853,166347,4,29.814814814814813,29.814814814814813,5535770.430555556,5535800.24537037
UartTxTask,166349,166350,1195881803,1195885017,6170,True,0,1,1195891187,166352,4,28.564814814814813,28.564814814814813,5536504.708333333,5536533.273148148
TelemetryTask,166354,166355,1197846917,1197849928,33793,True,1,1,1197883721,166358,4,156.44907407407408,156.44907407407408,5545601.518518519,5545757.967592592
UartTxTask,166357,166359,1197879523,1197886192,6300,True,0,1,1197892492,166361,4,29.166666666666668,29.166666666666668,5545769.407407408,5545798.574074074
UartTxTask,166363,166364,1198041518,1198044653,6272,True,0,1,1198050925,166366,4,29.037037037037038,29.037037037037038,5546503.023148148,5546532.060185186
TelemetryTask,166368,166369,1200006951,1200009868,33985,True,1,1,1200043853,166372,4,157.33796296296296,157.33796296296296,5555601.240740741,5555758.578703703
UartTxTask,166371,166373,1200039538,1200046317,6250,True,0,1,1200052567,166375,4,28.935185185185187,28.935185185185187,5555769.986111111,5555798.921296297
UartTxTask,166377,166378,1200201686,1200204892,6228,True,0,1,1200211120,166380,4,28.833333333333332,28.833333333333332,5556504.12962963,5556532.962962963
TelemetryTask,166382,166383,1202166941,1202169984,33964,True,1,1,1202203948,166386,4,157.24074074074073,157.24074074074073,5565601.777777778,5565759.018518519
UartTxTask,166385,166387,1202199693,1202206444,6175,True,0,1,1202212619,166389,4,28.587962962962962,28.587962962962962,5565770.574074074,5565799.162037037
UartTxTask,166391,166392,1202361697,1202364845,6227,True,0,1,1202371072,166394,4,28.828703703703702,28.828703703703702,5566503.912037037,5566532.740740741
TelemetryTask,166396,166397,1204326930,1204330040,34129,True,1,1,1204364169,166400,4,158.00462962962962,158.00462962962962,5575602.037037037,5575760.041666667
UartTxTask,166399,166401,1204359839,1204366730,6223,True,0,1,1204372953,166403,4,28.810185185185187,28.810185185185187,5575771.898148148,5575800.708333333
UartTxTask,166405,166406,1204522077,1204525267,6282,True,0,1,1204531549,166408,4,29.083333333333332,29.083333333333332,5576505.865740741,5576534.949074074
TelemetryTask,166410,166411,1206486924,1206489956,33856,True,1,1,1206523812,166414,4,156.74074074074073,156.74074074074073,5585601.648148148,5585758.388888889
UartTxTask,166413,166415,1206519486,1206526335,6258,True,0,1,1206532593,166417,4,28.97222222222222,28.97222222222222,5585770.069444444,5585799.041666667
UartTxTask,166419,166420,1206681607,1206684814,6195,True,0,1,1206691009,166422,4,28.680555555555557,28.680555555555557,5586503.768518519,5586532.449074074
TelemetryTask,166424,166425,1208646919,1208649935,33934,True,1,1,1208683869,166428,4,157.10185185185185,157.10185185185185,5595601.550925926,5595758.652777778
UartTxTask,166427,166429,1208679586,1208686397,6083,True,0,1,1208692480,166431,4,28.162037037037038,28.162037037037038,5595770.356481481,5595798.518518519
UartTxTask,166433,166434,1208841594,1208844825,6295,True,0,1,1208851120,166436,4,29.14351851851852,29.14351851851852,5596503.819444444,5596532.962962963
TelemetryTask,166438,166439,1210806945,1210809975,33900,True,1,1,1210843875,166442,4,156.94444444444446,156.94444444444446,5605601.736111111,5605758.680555556
UartTxTask,166441,166443,1210839716,1210846416,6176,True,0,1,1210852592,166445,4,28.59259259259259,28.59259259259259,5605770.444444444,5605799.037037037
UartTxTask,166447,166448,1211001645,1211004780,6231,True,0,1,1211011011,166450,4,28.84722222222222,28.84722222222222,5606503.611111111,5606532.458333333
TelemetryTask,166452,166453,1212966978,1212969984,33830,True,1,1,1213003814,166456,4,156.62037037037038,156.62037037037038,5615601.777777778,5615758.398148148
UartTxTask,166455,166457,1212999579,1213006326,6199,True,0,1,1213012525,166459,4,28.699074074074073,28.699074074074073,5615770.027777778,5615798.726851852
UartTxTask,166461,166462,1213161600,1213164774,6302,True,0,1,1213171076,166464,4,29.175925925925927,29.175925925925927,5616503.583333333,5616532.759259259
TelemetryTask,166466,166467,1215126921,1215130055,34129,True,1,1,1215164184,166470,4,158.00462962962962,158.00462962962962,5625602.106481481,5625760.111111111
UartTxTask,166469,166471,1215159934,1215166718,6242,True,0,1,1215172960,166473,4,28.89814814814815,28.89814814814815,5625771.842592592,5625800.740740741
UartTxTask,166475,166476,1215322105,1215325253,6288,True,0,1,1215331541,166478,4,29.11111111111111,29.11111111111111,5626505.800925926,5626534.912037037
TelemetryTask,166480,166481,1217286967,1217290035,33839,True,1,1,1217323874,166484,4,156.66203703703704,156.66203703703704,5635602.013888889,5635758.675925926
UartTxTask,166483,166485,1217319646,1217326401,6174,True,0,1,1217332575,166487,4,28.583333333333332,28.583333333333332,5635770.375,5635798.958333333
UartTxTask,166489,166490,1217481745,1217484890,6267,True,0,1,1217491157,166492,4,29.01388888888889,29.01388888888889,5636504.12037037,5636533.134259259
TelemetryTask,166494,166495,1219446951,1219450005,34003,True,1,1,1219484008,166498,4,157.4212962962963,157.4212962962963,5645601.875,5645759.296296297
UartTxTask,166497,166499,1219479707,1219486547,6248,True,0,1,1219492795,166501,4,28.925925925925927,28.925925925925927,5645771.050925926,5645799.976851852
UartTxTask,166503,166504,1219641832,1219645070,6224,True,0,1,1219651294,166506,4,28.814814814814813,28.814814814814813,5646504.953703703,5646533.768518519
TelemetryTask,166508,166509,1221606958,1221610014,33810,True,1,1,1221643824,166512,4,156.52777777777777,156.52777777777777,5655601.916666667,5655758.444444444
UartTxTask,166511,166513,1221639640,1221646338,6153,True,0,1,1221652491,166515,4,28.48611111111111,28.48611111111111,5655770.083333333,5655798.569444444
UartTxTask,166517,166518,1221801525,1221804763,6234,True,0,1,1221810997,166520,4,28.86111111111111,28.86111111111111,5656503.532407408,5656532.393518519
TelemetryTask,166522,166523,1223766924,1223770002,33802,True,1,1,1223803804,166526,4,156.49074074074073,156.49074074074073,5665601.861111111,5665758.351851852
UartTxTask,166525,166527,1223799556,1223806309,6186,True,0,1,1223812495,166529,4,28.63888888888889,28.63888888888889,5665769.949074074,5665798.587962963
UartTxTask,166531,166532,1223961545,1223964652,6317,True,0,1,1223970969,166534,4,29.24537037037037,29.24537037037037,5666503.018518519,5666532.263888889
TelemetryTask,166536,166537,1225926949,1225929931,34015,True,1,1,1225963946,166540,4,157.47685185185185,157.47685185185185,5675601.532407408,5675759.009259259
UartTxTask,166539,166541,1225959603,1225966486,6199,True,0,1,1225972685,166543,4,28.699074074074073,28.699074074074073,5675770.768518519,5675799.467592592
UartTxTask,166545,166546,1226121727,1226124959,6403,True,0,1,1226131362,166548,4,29.64351851851852,29.64351851851852,5676504.439814814,5676534.083333333
TelemetryTask,166550,166551,1228086944,1228090041,34122,True,1,1,1228124163,166554,4,157.97222222222223,157.97222222222223,5685602.041666667,5685760.013888889
UartTxTask,166553,166555,1228119831,1228126674,6229,True,0,1,1228132903,166557,4,28.837962962962962,28.837962962962962,5685771.638888889,5685800.476851852
UartTxTask,166559,166560,1228281921,1228285153,6233,True,0,1,1228291386,166562,4,28.85648148148148,28.85648148148148,5686505.337962963,5686534.194444444
TelemetryTask,166564,166565,1230246948,1230249947,33889,True,1,1,1230283836,166568,4,156.8935185185185,156.8935185185185,5695601.606481481,5695758.5
UartTxTask,166567,166569,1230279518,1230286348,6114,True,0,1,1230292462,166571,4,28.305555555555557,28.305555555555557,5695770.12962963,5695798.435185186
UartTxTask,166573,166574,1230441552,1230444721,6423,True,0,1,1230451144,166576,4,29.73611111111111,29.73611111111111,5696503.337962963,5696533.074074074
TelemetryTask,166578,166579,1232406967,1232409966,33929,True,1,1,1232443895,166582,4,157.0787037037037,157.0787037037037,5705601.694444444,5705758.773148148
UartTxTask,166581,166583,1232439685,1232446437,6097,True,0,1,1232452534,166585,4,28.22685185185185,28.22685185185185,5705770.541666667,5705798.768518519
UartTxTask,166587,166588,1232601576,1232604732,6291,True,0,1,1232611023,166590,4,29.125,29.125,5706503.388888889,5706532.513888889
TelemetryTask,166592,166593,1234566964,1234570002,33909,True,1,1,1234603911,166596,4,156.98611111111111,156.98611111111111,5715601.861111111,5715758.847222222
UartTxTask,166595,166597,1234599704,1234606412,6229,True,0,1,1234612641,166599,4,28.837962962962962,28.837962962962962,5715770.425925926,5715799.263888889
UartTxTask,166601,166602,1234761730,1234764909,6185,True,0,1,1234771094,166604,4,28.63425925925926,28.63425925925926,5716504.208333333,5716532.842592592
TelemetryTask,166606,166607,1236726933,1236730002,34104,True,1,1,1236764106,166610,4,157.88888888888889,157.88888888888889,5725601.861111111,5725759.75
UartTxTask,166609,166611,1236759863,1236766604,6309,True,0,1,1236772913,166613,4,29.208333333333332,29.208333333333332,5725771.314814814,5725800.523148148
UartTxTask,166615,166616,1236921916,1236925111,6270,True,0,1,1236931381,166618,4,29.02777777777778,29.02777777777778,5726505.143518519,5726534.171296297
TelemetryTask,166620,166621,1238886963,1238889926,34013,True,1,1,1238923939,166624,4,157.46759259259258,157.46759259259258,5735601.509259259,5735758.976851852
UartTxTask,166623,166625,1238919600,1238926490,6219,True,0,1,1238932709,166627,4,28.791666666666668,28.791666666666668,5735770.787037037,5735799.578703703
UartTxTask,166629,166630,1239081723,1239084909,6210,True,0,1,1239091119,166632,4,28.75,28.75,5736504.208333333,5736532.958333333
TelemetryTask,166634,166635,1241046924,1241049830,33768,True,1,1,1241083598,166638,4,156.33333333333334,156.33333333333334,5745601.064814814,5745757.398148148
UartTxTask,166637,166639,1241079375,1241086082,6266,True,0,1,1241092348,166641,4,29.00925925925926,29.00925925925926,5745768.898148148,5745797.907407408
UartTxTask,166643,166644,1241241499,1241244665,6211,True,0,1,1241250876,166646,4,28.75462962962963,28.75462962962963,5746503.078703703,5746531.833333333
TelemetryTask,166648,166649,1243206966,1243209991,33929,True,1,1,1243243920,166652,4,157.0787037037037,157.0787037037037,5755601.810185186,5755758.888888889
UartTxTask,166651,166653,1243239735,1243246463,6086,True,0,1,1243252549,166655,4,28.175925925925927,28.175925925925927,5755770.662037037,5755798.837962963
UartTxTask,166657,166658,1243401578,1243404704,6250,True,0,1,1243410954,166660,4,28.935185185185187,28.935185185185187,5756503.259259259,5756532.194444444
TelemetryTask,166662,166663,1245366916,1245369965,34085,True,1,1,1245404050,166666,4,157.80092592592592,157.80092592592592,5765601.689814814,5765759.490740741
UartTxTask,166665,166667,1245399707,1245406596,6224,True,0,1,1245412820,166669,4,28.814814814814813,28.814814814814813,5765771.277777778,5765800.092592592
UartTxTask,166671,166672,1245561953,1245565197,6257,True,0,1,1245571454,166674,4,28.96759259259259,28.96759259259259,5766505.541666667,5766534.509259259
TelemetryTask,166676,166677,1247526943,1247529954,34028,True,1,1,1247563982,166680,4,157.53703703703704,157.53703703703704,5775601.638888889,5775759.175925926
UartTxTask,166679,166681,1247559716,1247566475,6173,True,0,1,1247572648,166683,4,28.578703703703702,28.578703703703702,5775770.717592592,5775799.296296297
UartTxTask,166685,166686,1247721668,1247724897,6218,True,0,1,1247731115,166688,4,28.787037037037038,28.787037037037038,5776504.152777778,5776532.939814814
TelemetryTask,166690,166691,1249686973,1249690062,33836,True,1,1,1249723898,166694,4,156.64814814814815,156.64814814814815,5785602.138888889,5785758.787037037
UartTxTask,166693,166695,1249719685,1249726416,6235,True,0,1,1249732651,166697,4,28.86574074074074,28.86574074074074,5785770.444444444,5785799.310185186
UartTxTask,166699,166700,1249881785,1249885060,6173,True,0,1,1249891233,166702,4,28.578703703703702,28.578703703703702,5786504.907407408,5786533.486111111
TelemetryTask,166704,166705,1251846967,1251849996,33867,True,1,1,1251883863,166708,4,156.79166666666666,156.79166666666666,5795601.833333333,5795758.625
UartTxTask,166707,166709,1251879614,1251886435,6161,True,0,1,1251892596,166711,4,28.52314814814815,28.52314814814815,5795770.532407408,5795799.055555556
UartTxTask,166713,166714,1252041644,1252044763,6136,True,0,1,1252050899,166716,4,28.40740740740741,28.40740740740741,5796503.532407408,5796531.939814814
TelemetryTask,166718,166719,1254006918,1254009909,33934,True,1,1,1254043843,166722,4,157.10185185185185,157.10185185185185,5805601.430555556,5805758.532407408
UartTxTask,166721,166723,1254039571,1254046384,6266,True,0,1,1254052650,166725,4,29.00925925925926,29.00925925925926,5805770.296296297,5805799.305555556
UartTxTask,166727,166728,1254201720,1254204848,6300,True,0,1,1254211148,166730,4,29.166666666666668,29.166666666666668,5806503.925925926,5806533.092592592
TelemetryTask,166732,166733,1256166946,1256169962,33956,True,1,1,1256203918,166736,4,157.2037037037037,157.2037037037037,5815601.675925926,5815758.87962963
UartTxTask,166735,166737,1256199606,1256206482,6058,True,0,1,1256212540,166739,4,28.046296296296298,28.046296296296298,5815770.75,5815798.796296297
UartTxTask,166741,166742,1256361711,1256364936,6254,True,0,1,1256371190,166744,4,28.953703703703702,28.953703703703702,5816504.333333333,5816533.287037037
TelemetryTask,166746,166747,1258326961,1258330023,33889,True,1,1,1258363912,166750,4,156.8935185185185,156.8935185185185,5825601.958333333,5825758.851851852
UartTxTask,166749,166751,1258359620,1258366456,6216,True,0,1,1258372672,166753,4,28.77777777777778,28.77777777777778,5825770.62962963,5825799.407407408
UartTxTask,166755,166756,1258521718,1258524890,6203,True,0,1,1258531093,166758,4,28.71759259259259,28.71759259259259,5826504.12037037,5826532.837962963
TelemetryTask,166760,166761,1260486943,1260490019,33909,True,1,1,1260523928,166764,4,156.98611111111111,156.98611111111111,5835601.939814814,5835758.925925926
UartTxTask,166763,166765,1260519693,1260526478,6103,True,0,1,1260532581,166767,4,28.25462962962963,28.25462962962963,5835770.731481481,5835798.986111111
UartTxTask,166769,166770,1260681665,1260684837,6234,True,0,1,1260691071,166772,4,28.86111111111111,28.86111111111111,5836503.875,5836532.736111111
TelemetryTask,166774,166775,1262646930,1262649994,33825,True,1,1,1262683819,166778,4,156.59722222222223,156.59722222222223,5845601.824074074,5845758.421296297
UartTxTask,166777,166779,1262679653,1262686321,6229,True,0,1,1262692550,166781,4,28.837962962962962,28.837962962962962,5845770.00462963,5845798.842592592
UartTxTask,166783,166784,1262841638,1262844766,6278,True,0,1,1262851044,166786,4,29.064814814814813,29.064814814814813,5846503.546296297,5846532.611111111
TelemetryTask,166788,166789,1264806967,1264809998,34065,True,1,1,1264844063,166792,4,157.70833333333334,157.70833333333334,5855601.842592592,5855759.550925926
UartTxTask,166791,166793,1264839742,1264846557,6220,True,0,1,1264852777,166795,4,28.796296296296298,28.796296296296298,5855771.097222222,5855799.893518519
UartTxTask,166797,166798,1265001893,1265005149,6255,True,0,1,1265011404,166800,4,28.958333333333332,28.958333333333332,5856505.319444444,5856534.277777778
TelemetryTask,166802,166803,1266966930,1266969991,33909,True,1,1,1267003900,166806,4,156.98611111111111,156.98611111111111,5865601.810185186,5865758.796296297
UartTxTask,166805,166807,1266999638,1267006441,6294,True,0,1,1267012735,166809,4,29.13888888888889,29.13888888888889,5865770.560185186,5865799.699074074
UartTxTask,166811,166812,1267161730,1267164910,6238,True,0,1,1267171148,166814,4,28.87962962962963,28.87962962962963,5866504.212962963,5866533.092592592
TelemetryTask,166816,166817,1269126952,1269130023,34059,True,1,1,1269164082,166820,4,157.68055555555554,157.68055555555554,5875601.958333333,5875759.638888889
UartTxTask,166819,166821,1269159739,1269166608,6178,True,0,1,1269172786,166823,4,28.60185185185185,28.60185185185185,5875771.333333333,5875799.935185186
UartTxTask,166825,166826,1269321915,1269325074,6252,True,0,1,1269331326,166828,4,28.944444444444443,28.944444444444443,5876504.972222222,5876533.916666667
TelemetryTask,166830,166831,1271286938,1271289959,34108,True,1,1,1271324067,166834,4,157.90740740740742,157.90740740740742,5885601.662037037,5885759.569444444
UartTxTask,166833,166835,1271319701,1271326549,6341,True,0,1,1271332890,166837,4,29.35648148148148,29.35648148148148,5885771.060185186,5885800.416666667
UartTxTask,166839,166840,1271481803,1271485011,6142,True,0,1,1271491153,166842,4,28.435185185185187,28.435185185185187,5886504.680555556,5886533.115740741
TelemetryTask,166844,166845,1273446966,1273449993,33946,True,1,1,1273483939,166848,4,157.15740740740742,157.15740740740742,5895601.819444444,5895758.976851852
UartTxTask,166847,166849,1273479699,1273486495,6211,True,0,1,1273492706,166851,4,28.75462962962963,28.75462962962963,5895770.810185186,5895799.564814814
UartTxTask,166853,166854,1273641777,1273644983,6226,True,0,1,1273651209,166856,4,28.824074074074073,28.824074074074073,5896504.550925926,5896533.375
TelemetryTask,166858,166859,1275606926,1275609950,33900,True,1,1,1275643850,166862,4,156.94444444444446,156.94444444444446,5905601.62037037,5905758.564814814
UartTxTask,166861,166863,1275639592,1275646378,6346,True,0,1,1275652724,166865,4,29.37962962962963,29.37962962962963,5905770.268518519,5905799.648148148
UartTxTask,166867,166868,1275801803,1275805015,6120,True,0,1,1275811135,166870,4,28.333333333333332,28.333333333333332,5906504.699074074,5906533.032407408
TelemetryTask,166872,166873,1277766950,1277769982,33908,True,1,1,1277803890,166876,4,156.9814814814815,156.9814814814815,5915601.768518519,5915758.75
UartTxTask,166875,166877,1277799584,1277806353,6219,True,0,1,1277812572,166879,4,28.791666666666668,28.791666666666668,5915770.152777778,5915798.944444444
UartTxTask,166881,166882,1277961654,1277964833,6232,True,0,1,1277971065,166884,4,28.85185185185185,28.85185185185185,5916503.856481481,5916532.708333333
TelemetryTask,166886,166887,1279926964,1279930052,33852,True,1,1,1279963904,166890,4,156.72222222222223,156.72222222222223,5925602.092592592,5925758.814814814
UartTxTask,166889,166891,1279959678,1279966420,6191,True,0,1,1279972611,166893,4,28.662037037037038,28.662037037037038,5925770.462962963,5925799.125
UartTxTask,166895,166896,1280121783,1280124946,6305,True,0,1,1280131251,166898,4,29.189814814814813,29.189814814814813,5926504.37962963,5926533.569444444
TelemetryTask,166900,166901,1282086968,1282090039,33998,True,1,1,1282124037,166904,4,157.39814814814815,157.39814814814815,5935602.032407408,5935759.430555556
UartTxTask,166903,166905,1282119811,1282126610,6145,True,0,1,1282132755,166907,4,28.449074074074073,28.449074074074073,5935771.342592592,5935799.791666667
UartTxTask,166909,166910,1282281803,1282285042,6333,True,0,1,1282291375,166912,4,29.319444444444443,29.319444444444443,5936504.824074074,5936534.143518519
TelemetryTask,166914,166915,1284246937,1284249969,34024,True,1,1,1284283993,166918,4,157.5185185185185,157.5185185185185,5945601.708333333,5945759.226851852
UartTxTask,166917,166919,1284279610,1284286531,6201,True,0,1,1284292732,166921,4,28.708333333333332,28.708333333333332,5945770.976851852,5945799.685185186
UartTxTask,166923,166924,1284441801,1284444960,6263,True,0,1,1284451223,166926,4,28.99537037037037,28.99537037037037,5946504.444444444,5946533.439814814
TelemetryTask,166928,166929,1286406930,1286410054,34337,True,1,1,1286444391,166932,4,158.96759259259258,158.96759259259258,5955602.101851852,5955761.069444444
UartTxTask,166931,166933,1286439999,1286446918,6246,True,0,1,1286453164,166935,4,28.916666666666668,28.916666666666668,5955772.768518519,5955801.685185186
UartTxTask,166937,166938,1286602224,1286605472,6305,True,0,1,1286611777,166940,4,29.189814814814813,29.189814814814813,5956506.814814814,5956536.00462963
TelemetryTask,166942,166943,1288566981,1288569977,34041,True,1,1,1288604018,166946,4,157.59722222222223,157.59722222222223,5965601.74537037,5965759.342592592
UartTxTask,166945,166947,1288599737,1288606559,6158,True,0,1,1288612717,166949,4,28.50925925925926,28.50925925925926,5965771.106481481,5965799.615740741
UartTxTask,166951,166952,1288761812,1288765038,6140,True,0,1,1288771178,166954,4,28.425925925925927,28.425925925925927,5966504.805555556,5966533.231481481
TelemetryTask,166956,166957,1290726948,1290730064,34127,True,1,1,1290764191,166960,4,157.99537037037038,157.99537037037038,5975602.148148148,5975760.143518519
UartTxTask,166959,166961,1290759726,1290766719,6294,True,0,1,1290773013,166963,4,29.13888888888889,29.13888888888889,5975771.847222222,5975800.986111111
UartTxTask,166965,166966,1290922053,1290925276,6222,True,0,1,1290931498,166968,4,28.805555555555557,28.805555555555557,5976505.907407408,5976534.712962963
TelemetryTask,166970,166971,1292886924,1292889944,34067,True,1,1,1292924011,166974,4,157.71759259259258,157.71759259259258,5985601.592592592,5985759.310185186
UartTxTask,166973,166975,1292919710,1292926538,6225,True,0,1,1292932763,166977,4,28.819444444444443,28.819444444444443,5985771.009259259,5985799.828703703
UartTxTask,166979,166980,1293081781,1293084953,6245,True,0,1,1293091198,166982,4,28.912037037037038,28.912037037037038,5986504.412037037,5986533.324074074
TelemetryTask,166984,166985,1295046917,1295049933,33926,True,1,1,1295083859,166988,4,157.0648148148148,157.0648148148148,5995601.541666667,5995758.606481481
UartTxTask,166987,166989,1295079522,1295086395,6154,True,0,1,1295092549,166991,4,28.49074074074074,28.49074074074074,5995770.347222222,5995798.837962963
UartTxTask,166993,166994,1295241696,1295244839,6216,True,0,1,1295251055,166996,4,28.77777777777778,28.77777777777778,5996503.884259259,5996532.662037037
TelemetryTask,166998,166999,1297206931,1297209948,34031,True,1,1,1297243979,167002,4,157.55092592592592,157.55092592592592,6005601.611111111,6005759.162037037
UartTxTask,167001,167003,1297239704,1297246487,6181,True,0,1,1297252668,167005,4,28.61574074074074,28.61574074074074,6005770.773148148,6005799.388888889
UartTxTask,167007,167008,1297401821,1297405045,6286,True,0,1,1297411331,167010,4,29.10185185185185,29.10185185185185,6006504.837962963,6006533.939814814
TelemetryTask,167012,167013,1299366935,1299370033,33969,True,1,1,1299404002,167016,4,157.26388888888889,157.26388888888889,6015602.00462963,6015759.268518519
UartTxTask,167015,167017,1299399692,1299406531,6181,True,0,1,1299412712,167019,4,28.61574074074074,28.61574074074074,6015770.976851852,6015799.592592592
UartTxTask,167021,167022,1299561805,1299564976,6292,True,0,1,1299571268,167024,4,29.12962962962963,29.12962962962963,6016504.518518519,6016533.648148148
TelemetryTask,167026,167027,1301526964,1301530089,33979,True,1,1,1301564068,167030,4,157.3101851851852,157.3101851851852,6025602.263888889,6025759.574074074
UartTxTask,167029,167031,1301559754,1301566581,6188,True,0,1,1301572769,167033,4,28.64814814814815,28.64814814814815,6025771.208333333,6025799.856481481
UartTxTask,167035,167036,1301721831,1301725040,6221,True,0,1,1301731261,167038,4,28.800925925925927,28.800925925925927,6026504.814814814,6026533.615740741
TelemetryTask,167040,167041,1303686919,1303689955,33936,True,1,1,1303723891,167044,4,157.11111111111111,157.11111111111111,6035601.643518519,6035758.75462963
UartTxTask,167043,167045,1303719587,1303726414,6291,True,0,1,1303732705,167047,4,29.125,29.125,6035770.435185186,6035799.560185186
UartTxTask,167049,167050,1303881711,1303884916,6347,True,0,1,1303891263,167052,4,29.38425925925926,29.38425925925926,6036504.240740741,6036533.625
TelemetryTask,167054,167055,1305846959,1305850060,33880,True,1,1,1305883940,167058,4,156.85185185185185,156.85185185185185,6045602.12962963,6045758.981481481
UartTxTask,167057,167059,1305879725,1305886438,6197,True,0,1,1305892635,167061,4,28.689814814814813,28.689814814814813,6045770.546296297,6045799.236111111
UartTxTask,167063,167064,1306041710,1306044967,6359,True,0,1,1306051326,167066,4,29.439814814814813,29.439814814814813,6046504.476851852,6046533.916666667
TelemetryTask,167068,167069,1308006924,1308010020,33864,True,1,1,1308043884,167072,4,156.77777777777777,156.77777777777777,6055601.944444444,6055758.722222222
UartTxTask,167071,167073,1308039719,1308046396,6130,True,0,1,1308052526,167075,4,28.37962962962963,28.37962962962963,6055770.351851852,6055798.731481481
UartTxTask,167077,167078,1308201566,1308204677,6218,True,0,1,1308210895,167080,4,28.787037037037038,28.787037037037038,6056503.134259259,6056531.921296297
TelemetryTask,167082,167083,1310166920,1310169957,33787,True,1,1,1310203744,167086,4,156.4212962962963,156.4212962962963,6065601.652777778,6065758.074074074
UartTxTask,167085,167087,1310199530,1310206295,6240,True,0,1,1310212535,167089,4,28.88888888888889,28.88888888888889,6065769.884259259,6065798.773148148
UartTxTask,167091,167092,1310361683,1310364869,6196,True,0,1,1310371065,167094,4,28.685185185185187,28.685185185185187,6066504.023148148,6066532.708333333
TelemetryTask,167096,167097,1312326969,1312329981,34029,True,1,1,1312364010,167100,4,157.54166666666666,157.54166666666666,6075601.763888889,6075759.305555556
UartTxTask,167099,167101,1312359780,1312366538,6223,True,0,1,1312372761,167103,4,28.810185185185187,28.810185185185187,6075771.009259259,6075799.819444444
UartTxTask,167105,167106,1312521836,1312525088,6172,True,0,1,1312531260,167108,4,28.574074074074073,28.574074074074073,6076505.037037037,6076533.611111111
TelemetryTask,167110,167111,1314486938,1314489975,33939,True,1,1,1314523914,167114,4,157.125,157.125,6085601.736111111,6085758.861111111
UartTxTask,167113,167115,1314519725,1314526458,6136,True,0,1,1314532594,167117,4,28.40740740740741,28.40740740740741,6085770.638888889,6085799.046296297
UartTxTask,167119,167120,1314681723,1314684907,6271,True,0,1,1314691178,167122,4,29.03240740740741,29.03240740740741,6086504.199074074,6086533.231481481
TelemetryTask,167124,167125,1316646944,1316649919,33848,True,1,1,1316683767,167128,4,156.7037037037037,156.7037037037037,6095601.476851852,6095758.180555556
UartTxTask,167127,167129,1316679578,1316686275,6218,True,0,1,1316692493,167131,4,28.787037037037038,28.787037037037038,6095769.791666667,6095798.578703703
UartTxTask,167133,167134,1316841523,1316844693,6324,True,0,1,1316851017,167136,4,29.27777777777778,29.27777777777778,6096503.208333333,6096532.486111111
TelemetryTask,167138,167139,1318806895,1318809946,33670,True,1,1,1318843616,167142,4,155.87962962962962,155.87962962962962,6105601.601851852,6105757.481481481
UartTxTask,167141,167143,1318839343,1318846148,6345,True,0,1,1318852493,167145,4,29.375,29.375,6105769.203703703,6105798.578703703
UartTxTask,167147,167148,1319001595,1319004831,6254,True,0,1,1319011085,167150,4,28.953703703703702,28.953703703703702,6106503.847222222,6106532.800925926
TelemetryTask,167152,167153,1320966919,1320969928,33921,True,1,1,1321003849,167156,4,157.04166666666666,157.04166666666666,6115601.518518519,6115758.560185186
UartTxTask,167155,167157,1320999628,1321006376,6212,True,0,1,1321012588,167159,4,28.75925925925926,28.75925925925926,6115770.259259259,6115799.018518519
UartTxTask,167161,167162,1321161623,1321164757,6240,True,0,1,1321170997,167164,4,28.88888888888889,28.88888888888889,6116503.50462963,6116532.393518519
TelemetryTask,167166,167167,1323126934,1323130011,33916,True,1,1,1323163927,167170,4,157.0185185185185,157.0185185185185,6125601.902777778,6125758.921296297
UartTxTask,167169,167171,1323159682,1323166476,6220,True,0,1,1323172696,167173,4,28.796296296296298,28.796296296296298,6125770.722222222,6125799.518518519
UartTxTask,167175,167176,1323321816,1323325029,6136,True,0,1,1323331165,167178,4,28.40740740740741,28.40740740740741,6126504.763888889,6126533.171296297
TelemetryTask,167180,167181,1325286946,1325289997,33899,True,1,1,1325323896,167184,4,156.9398148148148,156.9398148148148,6135601.837962963,6135758.777777778
UartTxTask,167183,167185,1325319593,1325326407,6238,True,0,1,1325332645,167187,4,28.87962962962963,28.87962962962963,6135770.402777778,6135799.282407408
UartTxTask,167189,167190,1325481697,1325484915,6320,True,0,1,1325491235,167192,4,29.25925925925926,29.25925925925926,6136504.236111111,6136533.49537037
TelemetryTask,167194,167195,1327446944,1327450001,33857,True,1,1,1327483858,167198,4,156.74537037037038,156.74537037037038,6145601.856481481,6145758.601851852
UartTxTask,167197,167199,1327479646,1327486377,6159,True,0,1,1327492536,167201,4,28.51388888888889,28.51388888888889,6145770.263888889,6145798.777777778
UartTxTask,167203,167204,1327641576,1327644772,6290,True,0,1,1327651062,167206,4,29.12037037037037,29.12037037037037,6146503.574074074,6146532.694444444
TelemetryTask,167208,167209,1329606910,1329609984,33934,True,1,1,1329643918,167212,4,157.10185185185185,157.10185185185185,6155601.777777778,6155758.87962963
UartTxTask,167211,167213,1329639607,1329646435,6055,True,0,1,1329652490,167215,4,28.03240740740741,28.03240740740741,6155770.532407408,6155798.564814814
UartTxTask,167217,167218,1329801609,1329804788,6318,True,0,1,1329811106,167220,4,29.25,29.25,6156503.648148148,6156532.898148148
TelemetryTask,167222,167223,1331766924,1331769917,34086,True,1,1,1331804003,167226,4,157.80555555555554,157.80555555555554,6165601.467592592,6165759.273148148
UartTxTask,167225,167227,1331799708,1331806505,6258,True,0,1,1331812763,167229,4,28.97222222222222,28.97222222222222,6165770.856481481,6165799.828703703
UartTxTask,167231,167232,1331961802,1331964920,6128,True,0,1,1331971048,167234,4,28.37037037037037,28.37037037037037,6166504.259259259,6166532.62962963
TelemetryTask,167236,167237,1333926927,1333929998,34101,True,1,1,1333964099,167240,4,157.875,157.875,6175601.842592592,6175759.717592592
UartTxTask,167239,167241,1333959791,1333966599,6190,True,0,1,1333972789,167243,4,28.65740740740741,28.65740740740741,6175771.291666667,6175799.949074074
UartTxTask,167245,167246,1334121920,1334125183,6213,True,0,1,1334131396,167248,4,28.76388888888889,28.76388888888889,6176505.476851852,6176534.240740741
TelemetryTask,167250,167251,1336086947,1336089975,34107,True,1,1,1336124082,167254,4,157.90277777777777,157.90277777777777,6185601.736111111,6185759.638888889
UartTxTask,167253,167255,1336119783,1336126583,6190,True,0,1,1336132773,167257,4,28.65740740740741,28.65740740740741,6185771.217592592,6185799.875
UartTxTask,167259,167260,1336281882,1336285145,6329,True,0,1,1336291474,167262,4,29.300925925925927,29.300925925925927,6186505.300925926,6186534.601851852
TelemetryTask,167264,167265,1338246941,1338249940,34251,True,1,1,1338284191,167268,4,158.56944444444446,158.56944444444446,6195601.574074074,6195760.143518519
UartTxTask,167267,167269,1338279889,1338286731,6221,True,0,1,1338292952,167271,4,28.800925925925927,28.800925925925927,6195771.902777778,6195800.703703703
UartTxTask,167273,167274,1338442001,1338445212,6249,True,0,1,1338451461,167276,4,28.930555555555557,28.930555555555557,6196505.611111111,6196534.541666667
TelemetryTask,167278,167279,1340406936,1340409936,34031,True,1,1,1340443967,167282,4,157.55092592592592,157.55092592592592,6205601.555555556,6205759.106481481
UartTxTask,167281,167283,1340439729,1340446487,6242,True,0,1,1340452729,167285,4,28.89814814814815,28.89814814814815,6205770.773148148,6205799.671296297
UartTxTask,167287,167288,1340601712,1340604903,6249,True,0,1,1340611152,167290,4,28.930555555555557,28.930555555555557,6206504.180555556,6206533.111111111
TelemetryTask,167292,167293,1342566927,1342569955,34011,True,1,1,1342603966,167296,4,157.45833333333334,157.45833333333334,6215601.643518519,6215759.101851852
UartTxTask,167295,167297,1342599656,1342606503,6205,True,0,1,1342612708,167299,4,28.72685185185185,28.72685185185185,6215770.847222222,6215799.574074074
UartTxTask,167301,167302,1342761777,1342765000,6253,True,0,1,1342771253,167304,4,28.949074074074073,28.949074074074073,6216504.62962963,6216533.578703703
TelemetryTask,167306,167307,1344726941,1344729981,33807,True,1,1,1344763788,167310,4,156.51388888888889,156.51388888888889,6225601.763888889,6225758.277777778
UartTxTask,167309,167311,1344759617,1344766346,6252,True,0,1,1344772598,167313,4,28.944444444444443,28.944444444444443,6225770.12037037,6225799.064814814
UartTxTask,167315,167316,1344921680,1344924836,6282,True,0,1,1344931118,167318,4,29.083333333333332,29.083333333333332,6226503.87037037,6226532.953703703
TelemetryTask,167320,167321,1346886968,1346889982,33923,True,1,1,1346923905,167324,4,157.05092592592592,157.05092592592592,6235601.768518519,6235758.819444444
UartTxTask,167323,167325,1346919697,1346926433,6236,True,0,1,1346932669,167327,4,28.87037037037037,28.87037037037037,6235770.523148148,6235799.393518519
UartTxTask,167329,167330,1347081737,1347084925,6166,True,0,1,1347091091,167332,4,28.546296296296298,28.546296296296298,6236504.282407408,6236532.828703703
TelemetryTask,167334,167335,1349046937,1349049937,34078,True,1,1,1349084015,167338,4,157.7685185185185,157.7685185185185,6245601.560185186,6245759.328703703
UartTxTask,167337,167339,1349079691,1349086506,6212,True,0,1,1349092718,167341,4,28.75925925925926,28.75925925925926,6245770.861111111,6245799.62037037
UartTxTask,167343,167344,1349241786,1349244960,6258,True,0,1,1349251218,167346,4,28.97222222222222,28.97222222222222,6246504.444444444,6246533.416666667
TelemetryTask,167348,167349,1351206910,1351209920,33846,True,1,1,1351243766,167352,4,156.69444444444446,156.69444444444446,6255601.481481481,6255758.175925926
UartTxTask,167351,167353,1351239515,1351246257,6233,True,0,1,1351252490,167355,4,28.85648148148148,28.85648148148148,6255769.708333333,6255798.564814814
UartTxTask,167357,167358,1351401522,1351404733,6307,True,0,1,1351411040,167360,4,29.199074074074073,29.199074074074073,6256503.393518519,6256532.592592592
TelemetryTask,167362,167363,1353366939,1353369993,33690,True,1,1,1353403683,167366,4,155.97222222222223,155.97222222222223,6265601.819444444,6265757.791666667
UartTxTask,167365,167367,1353399498,1353406214,6142,True,0,1,1353412356,167369,4,28.435185185185187,28.435185185185187,6265769.509259259,6265797.944444444
UartTxTask,167371,167372,1353561447,1353564698,6363,True,0,1,1353571061,167374,4,29.458333333333332,29.458333333333332,6266503.231481481,6266532.689814814
TelemetryTask,167376,167377,1355526953,1355529980,33918,True,1,1,1355563898,167380,4,157.02777777777777,157.02777777777777,6275601.759259259,6275758.787037037
UartTxTask,167379,167381,1355559684,1355566386,6204,True,0,1,1355572590,167383,4,28.72222222222222,28.72222222222222,6275770.305555556,6275799.027777778
UartTxTask,167385,167386,1355721794,1355725094,6278,True,0,1,1355731372,167388,4,29.064814814814813,29.064814814814813,6276505.064814814,6276534.12962963
TelemetryTask,167390,167391,1357686950,1357689945,34116,True,1,1,1357724061,167394,4,157.94444444444446,157.94444444444446,6285601.597222222,6285759.541666667
UartTxTask,167393,167395,1357719700,1357726583,6168,True,0,1,1357732751,167397,4,28.555555555555557,28.555555555555557,6285771.217592592,6285799.773148148
UartTxTask,167399,167400,1357881911,1357885141,6183,True,0,1,1357891324,167402,4,28.625,28.625,6286505.282407408,6286533.907407408
TelemetryTask,167404,167405,1359846936,1359849938,34087,True,1,1,1359884025,167408,4,157.8101851851852,157.8101851851852,6295601.564814814,6295759.375
UartTxTask,167407,167409,1359879795,1359886543,6212,True,0,1,1359892755,167411,4,28.75925925925926,28.75925925925926,6295771.032407408,6295799.791666667
UartTxTask,167413,167414,1360041768,1360044982,6264,True,0,1,1360051246,167416,4,29.0,29.0,6296504.546296297,6296533.546296297
TelemetryTask,167418,167419,1362006940,1362009985,33918,True,1,1,1362043903,167422,4,157.02777777777777,157.02777777777777,6305601.782407408,6305758.810185186
UartTxTask,167421,167423,1362039633,1362046464,6166,True,0,1,1362052630,167425,4,28.546296296296298,28.546296296296298,6305770.666666667,6305799.212962963
UartTxTask,167427,167428,1362201691,1362204892,6342,True,0,1,1362211234,167430,4,29.36111111111111,29.36111111111111,6306504.12962963,6306533.490740741
TelemetryTask,167432,167433,1364166920,1364169966,33896,True,1,1,1364203862,167436,4,156.92592592592592,156.92592592592592,6315601.694444444,6315758.62037037
UartTxTask,167435,167437,1364199566,1364206390,6234,True,0,1,1364212624,167439,4,28.86111111111111,28.86111111111111,6315770.324074074,6315799.185185186
UartTxTask,167441,167442,1364361613,1364364774,6279,True,0,1,1364371053,167444,4,29.069444444444443,29.069444444444443,6316503.583333333,6316532.652777778
TelemetryTask,167446,167447,1366326942,1366329964,34013,True,1,1,1366363977,167450,4,157.46759259259258,157.46759259259258,6325601.685185186,6325759.152777778
UartTxTask,167449,167451,1366359676,1366366518,6148,True,0,1,1366372666,167453,4,28.462962962962962,28.462962962962962,6325770.916666667,6325799.37962963
UartTxTask,167455,167456,1366521823,1366525048,6264,True,0,1,1366531312,167458,4,29.0,29.0,6326504.851851852,6326533.851851852
TelemetryTask,167460,167461,1368486962,1368489995,33912,True,1,1,1368523907,167464,4,157.0,157.0,6335601.828703703,6335758.828703703
UartTxTask,167463,167465,1368519590,1368526401,6209,True,0,1,1368532610,167467,4,28.74537037037037,28.74537037037037,6335770.375,6335799.12037037
UartTxTask,167469,167470,1368681725,1368684922,6326,True,0,1,1368691248,167472,4,29.287037037037038,29.287037037037038,6336504.268518519,6336533.555555556
TelemetryTask,167474,167475,1370646929,1370649961,33903,True,1,1,1370683864,167478,4,156.95833333333334,156.95833333333334,6345601.671296297,6345758.62962963
UartTxTask,167477,167479,1370679632,1370686360,6331,True,0,1,1370692691,167481,4,29.310185185185187,29.310185185185187,6345770.185185186,6345799.49537037
UartTxTask,167483,167484,1370841611,1370844874,6322,True,0,1,1370851196,167486,4,29.26851851851852,29.26851851851852,6346504.046296297,6346533.314814814
TelemetryTask,167488,167489,1372806961,1372809999,34068,True,1,1,1372844067,167492,4,157.72222222222223,157.72222222222223,6355601.847222222,6355759.569444444
UartTxTask,167491,167493,1372839728,1372846612,6405,True,0,1,1372853017,167495,4,29.65277777777778,29.65277777777778,6355771.351851852,6355801.00462963
UartTxTask,167497,167498,1373002012,1373005188,6273,True,0,1,1373011461,167500,4,29.041666666666668,29.041666666666668,6356505.5,6356534.541666667
TelemetryTask,167502,167503,1374966930,1374969947,33884,True,1,1,1375003831,167506,4,156.87037037037038,156.87037037037038,6365601.606481481,6365758.476851852
UartTxTask,167505,167507,1374999541,1375006388,6189,True,0,1,1375012577,167509,4,28.65277777777778,28.65277777777778,6365770.314814814,6365798.967592592
UartTxTask,167511,167512,1375161632,1375164908,6267,True,0,1,1375171175,167514,4,29.01388888888889,29.01388888888889,6366504.203703703,6366533.217592592
TelemetryTask,167516,167517,1377126950,1377129944,33779,True,1,1,1377163723,167520,4,156.38425925925927,156.38425925925927,6375601.592592592,6375757.976851852
UartTxTask,167519,167521,1377159500,1377166239,6273,True,0,1,1377172512,167523,4,29.041666666666668,29.041666666666668,6375769.625,6375798.666666667
UartTxTask,167525,167526,1377321612,1377324823,6249,True,0,1,1377331072,167528,4,28.930555555555557,28.930555555555557,6376503.810185186,6376532.740740741
TelemetryTask,167530,167531,1379286977,1379289961,33923,True,1,1,1379323884,167534,4,157.05092592592592,157.05092592592592,6385601.671296297,6385758.722222222
UartTxTask,167533,167535,1379319606,1379326419,6207,True,0,1,1379332626,167537,4,28.73611111111111,28.73611111111111,6385770.458333333,6385799.194444444
UartTxTask,167539,167540,1379481679,1379484939,6188,True,0,1,1379491127,167542,4,28.64814814814815,28.64814814814815,6386504.347222222,6386532.99537037
TelemetryTask,167544,167545,1381446931,1381449889,33997,True,1,1,1381483886,167548,4,157.3935185185185,157.3935185185185,6395601.337962963,6395758.731481481
UartTxTask,167547,167549,1381479629,1381486468,6114,True,0,1,1381492582,167551,4,28.305555555555557,28.305555555555557,6395770.685185186,6395798.990740741
UartTxTask,167553,167554,1381641612,1381644776,6122,True,0,1,1381650898,167556,4,28.34259259259259,28.34259259259259,6396503.592592592,6396531.935185186
TelemetryTask,167558,167559,1383606960,1383609928,34007,True,1,1,1383643935,167562,4,157.4398148148148,157.4398148148148,6405601.518518519,6405758.958333333
UartTxTask,167561,167563,1383639522,1383646415,6168,True,0,1,1383652583,167565,4,28.555555555555557,28.555555555555557,6405770.439814814,6405798.99537037
UartTxTask,167567,167568,1383801693,1383804923,6211,True,0,1,1383811134,167570,4,28.75462962962963,28.75462962962963,6406504.273148148,6406533.027777778
TelemetryTask,167572,167573,1385766946,1385769905,34014,True,1,1,1385803919,167576,4,157.47222222222223,157.47222222222223,6415601.412037037,6415758.884259259
UartTxTask,167575,167577,1385799670,1385806368,6177,True,0,1,1385812545,167579,4,28.59722222222222,28.59722222222222,6415770.222222222,6415798.819444444
UartTxTask,167581,167582,1385961609,1385964834,6249,True,0,1,1385971083,167584,4,28.930555555555557,28.930555555555557,6416503.861111111,6416532.791666667
TelemetryTask,167586,167587,1387926923,1387929935,33964,True,1,1,1387963899,167590,4,157.24074074074073,157.24074074074073,6425601.550925926,6425758.791666667
UartTxTask,167589,167591,1387959624,1387966419,6262,True,0,1,1387972681,167593,4,28.99074074074074,28.99074074074074,6425770.458333333,6425799.449074074
UartTxTask,167595,167596,1388121729,1388124928,6254,True,0,1,1388131182,167598,4,28.953703703703702,28.953703703703702,6426504.296296297,6426533.25
TelemetryTask,167600,167601,1390086950,1390089961,33957,True,1,1,1390123918,167604,4,157.20833333333334,157.20833333333334,6435601.671296297,6435758.87962963
UartTxTask,167603,167605,1390119676,1390126447,6129,True,0,1,1390132576,167607,4,28.375,28.375,6435770.587962963,6435798.962962963
UartTxTask,167609,167610,1390281692,1390284851,6278,True,0,1,1390291129,167612,4,29.064814814814813,29.064814814814813,6436503.939814814,6436533.00462963
TelemetryTask,167614,167615,1392246955,1392250041,34099,True,1,1,1392284140,167618,4,157.86574074074073,157.86574074074073,6445602.041666667,6445759.907407408
UartTxTask,167617,167619,1392279812,1392286663,6148,True,0,1,1392292811,167621,4,28.462962962962962,28.462962962962962,6445771.587962963,6445800.050925926
UartTxTask,167623,167624,1392441904,1392445097,6285,True,0,1,1392451382,167626,4,29.09722222222222,29.09722222222222,6446505.078703703,6446534.175925926
TelemetryTask,167628,167629,1394406975,1394410098,34054,True,1,1,1394444152,167632,4,157.65740740740742,157.65740740740742,6455602.305555556,6455759.962962963
UartTxTask,167631,167633,1394439857,1394446688,6159,True,0,1,1394452847,167635,4,28.51388888888889,28.51388888888889,6455771.703703703,6455800.217592592
UartTxTask,167637,167638,1394601917,1394605143,6277,True,0,1,1394611420,167640,4,29.060185185185187,29.060185185185187,6456505.291666667,6456534.351851852
TelemetryTask,167642,167643,1396566959,1396569968,34064,True,1,1,1396604032,167646,4,157.7037037037037,157.7037037037037,6465601.703703703,6465759.407407408
UartTxTask,167645,167647,1396599697,1396606628,6207,True,0,1,1396612835,167649,4,28.73611111111111,28.73611111111111,6465771.425925926,6465800.162037037
UartTxTask,167651,167652,1396761901,1396765104,6209,True,0,1,1396771313,167654,4,28.74537037037037,28.74537037037037,6466505.111111111,6466533.856481481
TelemetryTask,167656,167657,1398726957,1398729912,33981,True,1,1,1398763893,167660,4,157.31944444444446,157.31944444444446,6475601.444444444,6475758.763888889
UartTxTask,167659,167661,1398759496,1398766432,6269,True,0,1,1398772701,167663,4,29.02314814814815,29.02314814814815,6475770.518518519,6475799.541666667
UartTxTask,167665,167666,1398921647,1398924849,6200,True,0,1,1398931049,167668,4,28.703703703703702,28.703703703703702,6476503.930555556,6476532.634259259
TelemetryTask,167670,167671,1400886972,1400889968,33991,True,1,1,1400923959,167674,4,157.36574074074073,157.36574074074073,6485601.703703703,6485759.069444444
UartTxTask,167673,167675,1400919676,1400926483,6077,True,0,1,1400932560,167677,4,28.13425925925926,28.13425925925926,6485770.75462963,6485798.888888889
UartTxTask,167679,167680,1401081767,1401084945,6215,True,0,1,1401091160,167682,4,28.77314814814815,28.77314814814815,6486504.375,6486533.148148148
TelemetryTask,167684,167685,1403046980,1403050037,33907,True,1,1,1403083944,167688,4,156.97685185185185,156.97685185185185,6495602.023148148,6495759.0
UartTxTask,167687,167689,1403079749,1403086509,6137,True,0,1,1403092646,167691,4,28.412037037037038,28.412037037037038,6495770.875,6495799.287037037
UartTxTask,167693,167694,1403241728,1403244902,6265,True,0,1,1403251167,167696,4,29.00462962962963,29.00462962962963,6496504.175925926,6496533.180555556
TelemetryTask,167698,167699,1405206955,1405209947,33884,True,1,1,1405243831,167702,4,156.87037037037038,156.87037037037038,6505601.606481481,6505758.476851852
UartTxTask,167701,167703,1405239579,1405246338,6270,True,0,1,1405252608,167705,4,29.02777777777778,29.02777777777778,6505770.083333333,6505799.111111111
UartTxTask,167707,167708,1405401690,1405404844,6142,True,0,1,1405410986,167710,4,28.435185185185187,28.435185185185187,6506503.907407408,6506532.342592592
TelemetryTask,167712,167713,1407366976,1407370048,34058,True,1,1,1407404106,167716,4,157.67592592592592,157.67592592592592,6515602.074074074,6515759.75
UartTxTask,167715,167717,1407399724,1407406641,6345,True,0,1,1407412986,167719,4,29.375,29.375,6515771.486111111,6515800.861111111
UartTxTask,167721,167722,1407561972,1407565195,6276,True,0,1,1407571471,167724,4,29.055555555555557,29.055555555555557,6516505.532407408,6516534.587962963
TelemetryTask,167726,167727,1409526952,1409530027,33856,True,1,1,1409563883,167730,4,156.74074074074073,156.74074074074073,6525601.976851852,6525758.717592592
UartTxTask,167729,167731,1409559551,1409566435,6173,True,0,1,1409572608,167733,4,28.578703703703702,28.578703703703702,6525770.532407408,6525799.111111111
UartTxTask,167735,167736,1409721726,1409724888,6327,True,0,1,1409731215,167738,4,29.291666666666668,29.291666666666668,6526504.111111111,6526533.402777778
TelemetryTask,167740,167741,1411686904,1411689958,34017,True,1,1,1411723975,167744,4,157.48611111111111,157.48611111111111,6535601.657407408,6535759.143518519
UartTxTask,167743,167745,1411719708,1411726503,6305,True,0,1,1411732808,167747,4,29.189814814814813,29.189814814814813,6535770.847222222,6535800.037037037
UartTxTask,167749,167750,1411881828,1411885046,6228,True,0,1,1411891274,167752,4,28.833333333333332,28.833333333333332,6536504.842592592,6536533.675925926
TelemetryTask,167754,167755,1413846955,1413849927,34105,True,1,1,1413884032,167758,4,157.8935185185185,157.8935185185185,6545601.513888889,6545759.407407408
UartTxTask,167757,167759,1413879719,1413886557,6231,True,0,1,1413892788,167761,4,28.84722222222222,28.84722222222222,6545771.097222222,6545799.944444444
UartTxTask,167763,167764,1414041906,1414045154,6205,True,0,1,1414051359,167766,4,28.72685185185185,28.72685185185185,6546505.342592592,6546534.069444444
TelemetryTask,167768,167769,1416006966,1416010007,33796,True,1,1,1416043803,167772,4,156.46296296296296,156.46296296296296,6555601.884259259,6555758.347222222
UartTxTask,167771,167773,1416039596,1416046346,6242,True,0,1,1416052588,167775,4,28.89814814814815,28.89814814814815,6555770.12037037,6555799.018518519
UartTxTask,167777,167778,1416201665,1416204780,6294,True,0,1,1416211074,167780,4,29.13888888888889,29.13888888888889,6556503.611111111,6556532.75
TelemetryTask,167782,167783,1418166930,1418169991,33890,True,1,1,1418203881,167786,4,156.89814814814815,156.89814814814815,6565601.810185186,6565758.708333333
UartTxTask,167785,167787,1418199681,1418206436,6109,True,0,1,1418212545,167789,4,28.28240740740741,28.28240740740741,6565770.537037037,6565798.819444444
UartTxTask,167791,167792,1418361647,1418364846,6165,True,0,1,1418371011,167794,4,28.541666666666668,28.541666666666668,6566503.916666667,6566532.458333333
TelemetryTask,167796,167797,1420326987,1420329984,33945,True,1,1,1420363929,167800,4,157.15277777777777,157.15277777777777,6575601.777777778,6575758.930555556
UartTxTask,167799,167801,1420359645,1420366447,6202,True,0,1,1420372649,167803,4,28.712962962962962,28.712962962962962,6575770.587962963,6575799.300925926
UartTxTask,167805,167806,1420521768,1420524935,6263,True,0,1,1420531198,167808,4,28.99537037037037,28.99537037037037,6576504.328703703,6576533.324074074
TelemetryTask,167810,167811,1422486947,1422489958,34075,True,1,1,1422524033,167814,4,157.75462962962962,157.75462962962962,6585601.657407408,6585759.412037037
UartTxTask,167813,167815,1422519723,1422526561,6198,True,0,1,1422532759,167817,4,28.694444444444443,28.694444444444443,6585771.115740741,6585799.810185186
UartTxTask,167819,167820,1422681869,1422685007,6206,True,0,1,1422691213,167822,4,28.73148148148148,28.73148148148148,6586504.662037037,6586533.393518519
TelemetryTask,167824,167825,1424646916,1424649991,34040,True,1,1,1424684031,167828,4,157.59259259259258,157.59259259259258,6595601.810185186,6595759.402777778
UartTxTask,167827,167829,1424679782,1424686552,6250,True,0,1,1424692802,167831,4,28.935185185185187,28.935185185185187,6595771.074074074,6595800.009259259
UartTxTask,167833,167834,1424841884,1424845163,6265,True,0,1,1424851428,167836,4,29.00462962962963,29.00462962962963,6596505.384259259,6596534.388888889
TelemetryTask,167838,167839,1426806948,1426809952,33985,True,1,1,1426843937,167842,4,157.33796296296296,157.33796296296296,6605601.62962963,6605758.967592592
UartTxTask,167841,167843,1426839709,1426846475,6254,True,0,1,1426852729,167845,4,28.953703703703702,28.953703703703702,6605770.717592592,6605799.671296297
UartTxTask,167847,167848,1427001777,1427004947,6302,True,0,1,1427011249,167850,4,29.175925925925927,29.175925925925927,6606504.384259259,6606533.560185186
TelemetryTask,167852,167853,1428966962,1428969944,33986,True,1,1,1429003930,167856,4,157.34259259259258,157.34259259259258,6615601.592592592,6615758.935185186
UartTxTask,167855,167857,1428999632,1429006389,6222,True,0,1,1429012611,167859,4,28.805555555555557,28.805555555555557,6615770.319444444,6615799.125
ButtonTask,167863,167865,1429086073,1429088718,25810,True,1,1,1429114528,167868,4,119.49074074074075,119.49074074074075,6616151.472222222,6616270.962962963
UartTxTask,167870,167871,1429161751,1429163673,8707,True,0,1,1429172380,167874,4,40.31018518518518,40.31018518518518,6616498.486111111,6616538.796296297
UartTxTask,167876,167877,1429321524,1429323507,6412,True,0,1,1429329919,167879,4,29.685185185185187,29.685185185185187,6617238.458333333,6617268.143518519
TelemetryTask,167881,167882,1431126956,1431129979,33858,True,1,1,1431163837,167885,4,156.75,156.75,6625601.75462963,6625758.50462963
UartTxTask,167884,167886,1431159575,1431166405,6181,True,0,1,1431172586,167888,4,28.61574074074074,28.61574074074074,6625770.393518519,6625799.009259259
UartTxTask,167890,167891,1431321663,1431324915,6244,True,0,1,1431331159,167893,4,28.90740740740741,28.90740740740741,6626504.236111111,6626533.143518519
TelemetryTask,167895,167896,1433286932,1433289997,34064,True,1,1,1433324061,167899,4,157.7037037037037,157.7037037037037,6635601.837962963,6635759.541666667
UartTxTask,167898,167900,1433319694,1433326594,6237,True,0,1,1433332831,167902,4,28.875,28.875,6635771.268518519,6635800.143518519
UartTxTask,167904,167905,1433481894,1433485136,6229,True,0,1,1433491365,167907,4,28.837962962962962,28.837962962962962,6636505.259259259,6636534.097222222
TelemetryTask,167909,167910,1435446905,1435449925,34067,True,1,1,1435483992,167913,4,157.71759259259258,157.71759259259258,6645601.50462963,6645759.222222222
UartTxTask,167912,167914,1435479654,1435486530,6251,True,0,1,1435492781,167916,4,28.939814814814813,28.939814814814813,6645770.972222222,6645799.912037037
UartTxTask,167918,167919,1435641807,1435645008,6354,True,0,1,1435651362,167921,4,29.416666666666668,29.416666666666668,6646504.666666667,6646534.083333333
TelemetryTask,167923,167924,1437606973,1437609963,34065,True,1,1,1437644028,167927,4,157.70833333333334,157.70833333333334,6655601.680555556,6655759.388888889
UartTxTask,167926,167928,1437639704,1437646498,6205,True,0,1,1437652703,167930,4,28.72685185185185,28.72685185185185,6655770.824074074,6655799.550925926
UartTxTask,167932,167933,1437801831,1437805029,6252,True,0,1,1437811281,167935,4,28.944444444444443,28.944444444444443,6656504.763888889,6656533.708333333
TelemetryTask,167937,167938,1439766963,1439770043,33764,True,1,1,1439803807,167941,4,156.3148148148148,156.3148148148148,6665602.050925926,6665758.365740741
UartTxTask,167940,167942,1439799549,1439806326,6212,True,0,1,1439812538,167944,4,28.75925925925926,28.75925925925926,6665770.027777778,6665798.787037037
UartTxTask,167946,167947,1439961646,1439964875,6274,True,0,1,1439971149,167949,4,29.046296296296298,29.046296296296298,6666504.050925926,6666533.097222222
TelemetryTask,167951,167952,1441926928,1441929964,33887,True,1,1,1441963851,167955,4,156.88425925925927,156.88425925925927,6675601.685185186,6675758.569444444
UartTxTask,167954,167956,1441959618,1441966357,6213,True,0,1,1441972570,167958,4,28.76388888888889,28.76388888888889,6675770.171296297,6675798.935185186
UartTxTask,167960,167961,1442121669,1442124922,6260,True,0,1,1442131182,167963,4,28.98148148148148,28.98148148148148,6676504.268518519,6676533.25
TelemetryTask,167965,167966,1444086927,1444089899,33757,True,1,1,1444123656,167969,4,156.28240740740742,156.28240740740742,6685601.384259259,6685757.666666667
UartTxTask,167968,167970,1444119475,1444126145,6142,True,0,1,1444132287,167972,4,28.435185185185187,28.435185185185187,6685769.189814814,6685797.625
UartTxTask,167974,167975,1444281359,1444284567,6145,True,0,1,1444290712,167977,4,28.449074074074073,28.449074074074073,6686502.625,6686531.074074074
TelemetryTask,167979,167980,1446246911,1446249929,34115,True,1,1,1446284044,167983,4,157.9398148148148,157.9398148148148,6695601.523148148,6695759.462962963
UartTxTask,167982,167984,1446279762,1446286595,6212,True,0,1,1446292807,167986,4,28.75925925925926,28.75925925925926,6695771.273148148,6695800.032407408
UartTxTask,167988,167989,1446441875,1446445068,6221,True,0,1,1446451289,167991,4,28.800925925925927,28.800925925925927,6696504.944444444,6696533.74537037
TelemetryTask,167993,167994,1448406949,1448409984,34000,True,1,1,1448443984,167997,4,157.40740740740742,157.40740740740742,6705601.777777778,6705759.185185186
UartTxTask,167996,167998,1448439661,1448446483,6318,True,0,1,1448452801,168000,4,29.25,29.25,6705770.75462963,6705800.00462963
UartTxTask,168002,168003,1448601855,1448605014,6169,True,0,1,1448611183,168005,4,28.560185185185187,28.560185185185187,6706504.694444444,6706533.25462963
TelemetryTask,168007,168008,1450566955,1450569981,34080,True,1,1,1450604061,168011,4,157.77777777777777,157.77777777777777,6715601.763888889,6715759.541666667
UartTxTask,168010,168012,1450599799,1450606580,6273,True,0,1,1450612853,168014,4,29.041666666666668,29.041666666666668,6715771.203703703,6715800.24537037
UartTxTask,168016,168017,1450761885,1450765060,6248,True,0,1,1450771308,168019,4,28.925925925925927,28.925925925925927,6716504.907407408,6716533.833333333
TelemetryTask,168021,168022,1452726956,1452729964,33963,True,1,1,1452763927,168025,4,157.23611111111111,157.23611111111111,6725601.685185186,6725758.921296297
UartTxTask,168024,168026,1452759697,1452766397,6132,True,0,1,1452772529,168028,4,28.38888888888889,28.38888888888889,6725770.356481481,6725798.74537037
UartTxTask,168030,168031,1452921661,1452925039,6248,True,0,1,1452931287,168033,4,28.925925925925927,28.925925925925927,6726504.810185186,6726533.736111111
TelemetryTask,168035,168036,1454886932,1454889851,34091,True,1,1,1454923942,168039,4,157.8287037037037,157.8287037037037,6735601.162037037,6735758.990740741
UartTxTask,168038,168040,1454919638,1454926454,6295,True,0,1,1454932749,168042,4,29.14351851851852,29.14351851851852,6735770.62037037,6735799.763888889
UartTxTask,168044,168045,1455081699,1455084903,6176,True,0,1,1455091079,168047,4,28.59259259259259,28.59259259259259,6736504.180555556,6736532.773148148
TelemetryTask,168049,168050,1457046963,1457050016,33955,True,1,1,1457083971,168053,4,157.19907407407408,157.19907407407408,6745601.925925926,6745759.125
UartTxTask,168052,168054,1457079749,1457086473,6197,True,0,1,1457092670,168056,4,28.689814814814813,28.689814814814813,6745770.708333333,6745799.398148148
UartTxTask,168058,168059,1457241721,1457244971,6078,True,0,1,1457251049,168061,4,28.13888888888889,28.13888888888889,6746504.49537037,6746532.634259259
TelemetryTask,168063,168064,1459206958,1459210012,33957,True,1,1,1459243969,168067,4,157.20833333333334,157.20833333333334,6755601.907407408,6755759.115740741
UartTxTask,168066,168068,1459239728,1459246486,6185,True,0,1,1459252671,168070,4,28.63425925925926,28.63425925925926,6755770.768518519,6755799.402777778
UartTxTask,168072,168073,1459401687,1459404926,6319,True,0,1,1459411245,168075,4,29.25462962962963,29.25462962962963,6756504.287037037,6756533.541666667
TelemetryTask,168077,168078,1461366934,1461369988,33706,True,1,1,1461403694,168081,4,156.0462962962963,156.0462962962963,6765601.796296297,6765757.842592592
UartTxTask,168080,168082,1461399441,1461406172,6120,True,0,1,1461412292,168084,4,28.333333333333332,28.333333333333332,6765769.314814814,6765797.648148148
UartTxTask,168086,168087,1461561335,1461564524,6185,True,0,1,1461570709,168089,4,28.63425925925926,28.63425925925926,6766502.425925926,6766531.060185186
TelemetryTask,168091,168092,1463526938,1463530017,33965,True,1,1,1463563982,168095,4,157.24537037037038,157.24537037037038,6775601.930555556,6775759.175925926
UartTxTask,168094,168096,1463559704,1463566517,6199,True,0,1,1463572716,168098,4,28.699074074074073,28.699074074074073,6775770.912037037,6775799.611111111
UartTxTask,168100,168101,1463721801,1463725001,6170,True,0,1,1463731171,168103,4,28.564814814814813,28.564814814814813,6776504.634259259,6776533.199074074
TelemetryTask,168105,168106,1465686948,1465689959,34008,True,1,1,1465723967,168109,4,157.44444444444446,157.44444444444446,6785601.662037037,6785759.106481481
UartTxTask,168108,168110,1465719666,1465726499,6136,True,0,1,1465732635,168112,4,28.40740740740741,28.40740740740741,6785770.828703703,6785799.236111111
UartTxTask,168114,168115,1465881725,1465884949,6199,True,0,1,1465891148,168117,4,28.699074074074073,28.699074074074073,6786504.393518519,6786533.092592592
TelemetryTask,168119,168120,1467846938,1467849869,33953,True,1,1,1467883822,168123,4,157.1898148148148,157.1898148148148,6795601.24537037,6795758.435185186
UartTxTask,168122,168124,1467879625,1467886282,6192,True,0,1,1467892474,168126,4,28.666666666666668,28.666666666666668,6795769.824074074,6795798.490740741
UartTxTask,168128,168129,1468041536,1468044705,6342,True,0,1,1468051047,168131,4,29.36111111111111,29.36111111111111,6796503.263888889,6796532.625
TelemetryTask,168133,168134,1470006928,1470009997,33872,True,1,1,1470043869,168137,4,156.8148148148148,156.8148148148148,6805601.837962963,6805758.652777778
UartTxTask,168136,168138,1470039616,1470046356,6212,True,0,1,1470052568,168140,4,28.75925925925926,28.75925925925926,6805770.166666667,6805798.925925926
UartTxTask,168142,168143,1470201649,1470204863,6264,True,0,1,1470211127,168145,4,29.0,29.0,6806503.99537037,6806532.99537037
ButtonTask,168149,168151,1470298546,1470301796,30392,True,1,1,1470332188,168155,4,140.7037037037037,140.7037037037037,6806952.759259259,6807093.462962963
UartTxTask,168154,168156,1470328584,1470334927,6147,True,0,1,1470341074,168158,4,28.458333333333332,28.458333333333332,6807106.143518519,6807134.601851852
UartTxTask,168160,168161,1470490257,1470492157,6368,True,0,1,1470498525,168163,4,29.48148148148148,29.48148148148148,6807834.060185186,6807863.541666667
TelemetryTask,168165,168166,1472166967,1472170006,34002,True,1,1,1472204008,168169,4,157.41666666666666,157.41666666666666,6815601.87962963,6815759.296296297
UartTxTask,168168,168170,1472199658,1472206589,6224,True,0,1,1472212813,168172,4,28.814814814814813,28.814814814814813,6815771.24537037,6815800.060185186
UartTxTask,168174,168175,1472361927,1472365127,6318,True,0,1,1472371445,168177,4,29.25,29.25,6816505.217592592,6816534.467592592
TelemetryTask,168179,168180,1474326962,1474329988,34051,True,1,1,1474364039,168183,4,157.6435185185185,157.6435185185185,6825601.796296297,6825759.439814814
UartTxTask,168182,168184,1474359742,1474366508,6114,True,0,1,1474372622,168186,4,28.305555555555557,28.305555555555557,6825770.87037037,6825799.175925926
UartTxTask,168188,168189,1474521734,1474524924,6245,True,0,1,1474531169,168191,4,28.912037037037038,28.912037037037038,6826504.277777778,6826533.189814814
TelemetryTask,168193,168194,1476486949,1476489994,33805,True,1,1,1476523799,168197,4,156.50462962962962,156.50462962962962,6835601.824074074,6835758.328703703
UartTxTask,168196,168198,1476519543,1476526311,6262,True,0,1,1476532573,168200,4,28.99074074074074,28.99074074074074,6835769.958333333,6835798.949074074
UartTxTask,168202,168203,1476681654,1476684876,6271,True,0,1,1476691147,168205,4,29.03240740740741,29.03240740740741,6836504.055555556,6836533.087962963
TelemetryTask,168207,168208,1478646944,1478649986,34059,True,1,1,1478684045,168211,4,157.68055555555554,157.68055555555554,6845601.787037037,6845759.467592592
UartTxTask,168210,168212,1478679798,1478686513,6245,True,0,1,1478692758,168214,4,28.912037037037038,28.912037037037038,6845770.893518519,6845799.805555556
UartTxTask,168216,168217,1478841743,1478844984,6288,True,0,1,1478851272,168219,4,29.11111111111111,29.11111111111111,6846504.555555556,6846533.666666667
TelemetryTask,168221,168222,1480806945,1480809868,33946,True,1,1,1480843814,168225,4,157.15740740740742,157.15740740740742,6855601.240740741,6855758.398148148
UartTxTask,168224,168226,1480839529,1480846396,6187,True,0,1,1480852583,168228,4,28.64351851851852,28.64351851851852,6855770.351851852,6855798.99537037
UartTxTask,168230,168231,1481001579,1481004770,6210,True,0,1,1481010980,168233,4,28.75,28.75,6856503.564814814,6856532.314814814
TelemetryTask,168235,168236,1482966968,1482970053,34070,True,1,1,1483004123,168239,4,157.7314814814815,157.7314814814815,6865602.097222222,6865759.828703703
UartTxTask,168238,168240,1482999831,1483006692,6291,True,0,1,1483012983,168242,4,29.125,29.125,6865771.722222222,6865800.847222222
UartTxTask,168244,168245,1483162029,1483165251,6240,True,0,1,1483171491,168247,4,28.88888888888889,28.88888888888889,6866505.791666667,6866534.680555556
TelemetryTask,168249,168250,1485126966,1485129950,33895,True,1,1,1485163845,168253,4,156.9212962962963,156.9212962962963,6875601.62037037,6875758.541666667
UartTxTask,168252,168254,1485159646,1485166361,6214,True,0,1,1485172575,168256,4,28.76851851851852,28.76851851851852,6875770.189814814,6875798.958333333
UartTxTask,168258,168259,1485321659,1485324866,6405,True,0,1,1485331271,168261,4,29.65277777777778,29.65277777777778,6876504.009259259,6876533.662037037
TelemetryTask,168263,168264,1487286968,1487290064,33969,True,1,1,1487324033,168267,4,157.26388888888889,157.26388888888889,6885602.148148148,6885759.412037037
UartTxTask,168266,168268,1487319754,1487326579,6150,True,0,1,1487332729,168270,4,28.47222222222222,28.47222222222222,6885771.199074074,6885799.671296297
UartTxTask,168272,168273,1487481830,1487485024,6307,True,0,1,1487491331,168275,4,29.199074074074073,29.199074074074073,6886504.740740741,6886533.939814814
TelemetryTask,168277,168278,1489446972,1489450057,34168,True,1,1,1489484225,168281,4,158.1851851851852,158.1851851851852,6895602.115740741,6895760.300925926
UartTxTask,168280,168282,1489479958,1489486728,6235,True,0,1,1489492963,168284,4,28.86574074074074,28.86574074074074,6895771.888888889,6895800.75462963
UartTxTask,168286,168287,1489642052,1489645293,6252,True,0,1,1489651545,168289,4,28.944444444444443,28.944444444444443,6896505.986111111,6896534.930555556
TelemetryTask,168291,168292,1491606953,1491609908,33861,True,1,1,1491643769,168295,4,156.76388888888889,156.76388888888889,6905601.425925926,6905758.189814814
UartTxTask,168294,168296,1491639501,1491646319,6324,True,0,1,1491652643,168298,4,29.27777777777778,29.27777777777778,6905769.99537037,6905799.273148148
UartTxTask,168300,168301,1491801722,1491804979,6291,True,0,1,1491811270,168303,4,29.125,29.125,6906504.532407408,6906533.657407408
TelemetryTask,168305,168306,1493766942,1493770045,34028,True,1,1,1493804073,168309,4,157.53703703703704,157.53703703703704,6915602.060185186,6915759.597222222
UartTxTask,168308,168310,1493799802,1493806575,6222,True,0,1,1493812797,168312,4,28.805555555555557,28.805555555555557,6915771.180555556,6915799.986111111
UartTxTask,168314,168315,1493961892,1493965124,6243,True,0,1,1493971367,168317,4,28.90277777777778,28.90277777777778,6916505.203703703,6916534.106481481
TelemetryTask,168319,168320,1495926979,1495930090,33870,True,1,1,1495963960,168323,4,156.80555555555554,156.80555555555554,6925602.268518519,6925759.074074074
UartTxTask,168322,168324,1495959706,1495966442,6186,True,0,1,1495972628,168326,4,28.63888888888889,28.63888888888889,6925770.564814814,6925799.203703703
UartTxTask,168328,168329,1496121791,1496124983,6367,True,0,1,1496131350,168331,4,29.47685185185185,29.47685185185185,6926504.550925926,6926534.027777778
TelemetryTask,168333,168334,1498086946,1498089989,33980,True,1,1,1498123969,168337,4,157.3148148148148,157.3148148148148,6935601.800925926,6935759.115740741
UartTxTask,168336,168338,1498119710,1498126451,6226,True,0,1,1498132677,168340,4,28.824074074074073,28.824074074074073,6935770.606481481,6935799.430555556
UartTxTask,168342,168343,1498281730,1498284888,6377,True,0,1,1498291265,168345,4,29.52314814814815,29.52314814814815,6936504.111111111,6936533.634259259
TelemetryTask,168347,168348,1500246958,1500250018,34136,True,1,1,1500284154,168351,4,158.03703703703704,158.03703703703704,6945601.935185186,6945759.972222222
UartTxTask,168350,168352,1500279801,1500286691,6202,True,0,1,1500292893,168354,4,28.712962962962962,28.712962962962962,6945771.717592592,6945800.430555556
UartTxTask,168356,168357,1500442014,1500445219,6269,True,0,1,1500451488,168359,4,29.02314814814815,29.02314814814815,6946505.643518519,6946534.666666667
TelemetryTask,168361,168362,1502406975,1502409989,33928,True,1,1,1502443917,168365,4,157.07407407407408,157.07407407407408,6955601.800925926,6955758.875
UartTxTask,168364,168366,1502439772,1502446440,6245,True,0,1,1502452685,168368,4,28.912037037037038,28.912037037037038,6955770.555555556,6955799.467592592
UartTxTask,168370,168371,1502601768,1502604917,6129,True,0,1,1502611046,168373,4,28.375,28.375,6956504.24537037,6956532.62037037
TelemetryTask,168375,168376,1504566907,1504569912,33800,True,1,1,1504603712,168379,4,156.4814814814815,156.4814814814815,6965601.444444444,6965757.925925926
UartTxTask,168378,168380,1504599425,1504606207,6270,True,0,1,1504612477,168382,4,29.02777777777778,29.02777777777778,6965769.476851852,6965798.50462963
UartTxTask,168384,168385,1504761599,1504764820,6330,True,0,1,1504771150,168387,4,29.305555555555557,29.305555555555557,6966503.796296297,6966533.101851852
TelemetryTask,168389,168390,1506726971,1506730084,34055,True,1,1,1506764139,168393,4,157.66203703703704,157.66203703703704,6975602.240740741,6975759.902777778
UartTxTask,168392,168394,1506759847,1506766665,6237,True,0,1,1506772902,168396,4,28.875,28.875,6975771.597222222,6975800.472222222
UartTxTask,168398,168399,1506921947,1506925171,6313,True,0,1,1506931484,168401,4,29.22685185185185,29.22685185185185,6976505.421296297,6976534.648148148
TelemetryTask,168403,168404,1508886961,1508890002,34124,True,1,1,1508924126,168407,4,157.9814814814815,157.9814814814815,6985601.861111111,6985759.842592592
UartTxTask,168406,168408,1508919767,1508926659,6328,True,0,1,1508932987,168410,4,29.296296296296298,29.296296296296298,6985771.569444444,6985800.865740741
UartTxTask,168412,168413,1509082032,1509085166,6253,True,0,1,1509091419,168415,4,28.949074074074073,28.949074074074073,6986505.398148148,6986534.347222222
TelemetryTask,168417,168418,1511046908,1511049953,33978,True,1,1,1511083931,168421,4,157.30555555555554,157.30555555555554,6995601.634259259,6995758.939814814
UartTxTask,168420,168422,1511079651,1511086478,6241,True,0,1,1511092719,168424,4,28.89351851851852,28.89351851851852,6995770.731481481,6995799.625
UartTxTask,168426,168427,1511241808,1511244948,6211,True,0,1,1511251159,168429,4,28.75462962962963,28.75462962962963,6996504.388888889,6996533.143518519
TelemetryTask,168431,168432,1513206943,1513209947,33975,True,1,1,1513243922,168435,4,157.29166666666666,157.29166666666666,7005601.606481481,7005758.898148148
UartTxTask,168434,168436,1513239526,1513246451,6044,True,0,1,1513252495,168438,4,27.98148148148148,27.98148148148148,7005770.606481481,7005798.587962963
UartTxTask,168440,168441,1513401620,1513404823,6264,True,0,1,1513411087,168443,4,29.0,29.0,7006503.810185186,7006532.810185186
TelemetryTask,168445,168446,1515366949,1515369937,34034,True,1,1,1515403971,168449,4,157.5648148148148,157.5648148148148,7015601.560185186,7015759.125
UartTxTask,168448,168450,1515399615,1515406469,6215,True,0,1,1515412684,168452,4,28.77314814814815,28.77314814814815,7015770.689814814,7015799.462962963
UartTxTask,168454,168455,1515561706,1515564889,6278,True,0,1,1515571167,168457,4,29.064814814814813,29.064814814814813,7016504.115740741,7016533.180555556
TelemetryTask,168459,168460,1517526951,1517529887,34041,True,1,1,1517563928,168463,4,157.59722222222223,157.59722222222223,7025601.328703703,7025758.925925926
UartTxTask,168462,168464,1517559629,1517566477,6166,True,0,1,1517572643,168466,4,28.546296296296298,28.546296296296298,7025770.726851852,7025799.273148148
UartTxTask,168468,168469,1517721707,1517724873,6113,True,0,1,1517730986,168471,4,28.300925925925927,28.300925925925927,7026504.041666667,7026532.342592592
TelemetryTask,168473,168474,1519686952,1519689976,34054,True,1,1,1519724030,168477,4,157.65740740740742,157.65740740740742,7035601.740740741,7035759.398148148
UartTxTask,168476,168478,1519719758,1519726484,6338,True,0,1,1519732822,168480,4,29.34259259259259,29.34259259259259,7035770.759259259,7035800.101851852
UartTxTask,168482,168483,1519881880,1519885050,6271,True,0,1,1519891321,168485,4,29.03240740740741,29.03240740740741,7036504.861111111,7036533.893518519
TelemetryTask,168487,168488,1521846921,1521849917,33985,True,1,1,1521883902,168491,4,157.33796296296296,157.33796296296296,7045601.467592592,7045758.805555556
UartTxTask,168490,168492,1521879634,1521886418,6080,True,0,1,1521892498,168494,4,28.14814814814815,28.14814814814815,7045770.453703703,7045798.601851852
UartTxTask,168496,168497,1522041658,1522044910,6319,True,0,1,1522051229,168499,4,29.25462962962963,29.25462962962963,7046504.212962963,7046533.467592592
TelemetryTask,168501,168502,1524006935,1524009994,34143,True,1,1,1524044137,168505,4,158.06944444444446,158.06944444444446,7055601.824074074,7055759.893518519
UartTxTask,168504,168506,1524039851,1524046622,6267,True,0,1,1524052889,168508,4,29.01388888888889,29.01388888888889,7055771.398148148,7055800.412037037
UartTxTask,168510,168511,1524201902,1524205061,6191,True,0,1,1524211252,168513,4,28.662037037037038,28.662037037037038,7056504.912037037,7056533.574074074
TelemetryTask,168515,168516,1526166970,1526170038,34085,True,1,1,1526204123,168519,4,157.80092592592592,157.80092592592592,7065602.027777778,7065759.828703703
UartTxTask,168518,168520,1526199808,1526206660,6176,True,0,1,1526212836,168522,4,28.59259259259259,28.59259259259259,7065771.574074074,7065800.166666667
UartTxTask,168524,168525,1526361926,1526365065,6312,True,0,1,1526371377,168527,4,29.22222222222222,29.22222222222222,7066504.930555556,7066534.152777778
TelemetryTask,168529,168530,1528326982,1528330111,33945,True,1,1,1528364056,168533,4,157.15277777777777,157.15277777777777,7075602.365740741,7075759.518518519
UartTxTask,168532,168534,1528359758,1528366614,6195,True,0,1,1528372809,168536,4,28.680555555555557,28.680555555555557,7075771.361111111,7075800.041666667
UartTxTask,168538,168539,1528521862,1528525012,6357,True,0,1,1528531369,168541,4,29.430555555555557,29.430555555555557,7076504.685185186,7076534.115740741
TelemetryTask,168543,168544,1530486960,1530490034,34207,True,1,1,1530524241,168547,4,158.36574074074073,158.36574074074073,7085602.009259259,7085760.375
UartTxTask,168546,168548,1530519898,1530526753,6249,True,0,1,1530533002,168550,4,28.930555555555557,28.930555555555557,7085772.00462963,7085800.935185186
UartTxTask,168552,168553,1530682097,1530685233,6233,True,0,1,1530691466,168555,4,28.85648148148148,28.85648148148148,7086505.708333333,7086534.564814814
TelemetryTask,168557,168558,1532646921,1532649931,33866,True,1,1,1532683797,168561,4,156.78703703703704,156.78703703703704,7095601.532407408,7095758.319444444
UartTxTask,168560,168562,1532679538,1532686319,6207,True,0,1,1532692526,168564,4,28.73611111111111,28.73611111111111,7095769.99537037,7095798.731481481
UartTxTask,168566,168567,1532841719,1532844889,6221,True,0,1,1532851110,168569,4,28.800925925925927,28.800925925925927,7096504.115740741,7096532.916666667
TelemetryTask,168571,168572,1534806935,1534809967,34013,True,1,1,1534843980,168575,4,157.46759259259258,157.46759259259258,7105601.699074074,7105759.166666667
UartTxTask,168574,168576,1534839767,1534846501,6355,True,0,1,1534852856,168578,4,29.421296296296298,29.421296296296298,7105770.837962963,7105800.259259259
UartTxTask,168580,168581,1535001896,1535005048,6365,True,0,1,1535011413,168583,4,29.46759259259259,29.46759259259259,7106504.851851852,7106534.319444444
TelemetryTask,168585,168586,1536966967,1536969946,33925,True,1,1,1537003871,168589,4,157.0601851851852,157.0601851851852,7115601.601851852,7115758.662037037
UartTxTask,168588,168590,1536999667,1537006348,6195,True,0,1,1537012543,168592,4,28.680555555555557,28.680555555555557,7115770.12962963,7115798.810185186
UartTxTask,168594,168595,1537161583,1537164748,6217,True,0,1,1537170965,168597,4,28.78240740740741,28.78240740740741,7116503.462962963,7116532.24537037
TelemetryTask,168599,168600,1539126949,1539130014,33841,True,1,1,1539163855,168603,4,156.6712962962963,156.6712962962963,7125601.916666667,7125758.587962963
UartTxTask,168602,168604,1539159661,1539166360,6201,True,0,1,1539172561,168606,4,28.708333333333332,28.708333333333332,7125770.185185186,7125798.893518519
UartTxTask,168608,168609,1539321672,1539324840,6270,True,0,1,1539331110,168611,4,29.02777777777778,29.02777777777778,7126503.888888889,7126532.916666667
TelemetryTask,168613,168614,1541286933,1541289941,33994,True,1,1,1541323935,168617,4,157.37962962962962,157.37962962962962,7135601.578703703,7135758.958333333
UartTxTask,168616,168618,1541319636,1541326490,6209,True,0,1,1541332699,168620,4,28.74537037037037,28.74537037037037,7135770.787037037,7135799.532407408
UartTxTask,168622,168623,1541481811,1541485017,6277,True,0,1,1541491294,168625,4,29.060185185185187,29.060185185185187,7136504.708333333,7136533.768518519
TelemetryTask,168627,168628,1543446962,1543449990,33937,True,1,1,1543483927,168631,4,157.11574074074073,157.11574074074073,7145601.805555556,7145758.921296297
UartTxTask,168630,168632,1543479609,1543486466,6139,True,0,1,1543492605,168634,4,28.421296296296298,28.421296296296298,7145770.675925926,7145799.097222222
UartTxTask,168636,168637,1543641653,1543644875,6315,True,0,1,1543651190,168639,4,29.23611111111111,29.23611111111111,7146504.050925926,7146533.287037037
TelemetryTask,168641,168642,1545606958,1545610042,34016,True,1,1,1545644058,168645,4,157.4814814814815,157.4814814814815,7155602.046296297,7155759.527777778
UartTxTask,168644,168646,1545639813,1545646551,6138,True,0,1,1545652689,168648,4,28.416666666666668,28.416666666666668,7155771.069444444,7155799.486111111
UartTxTask,168650,168651,1545801838,1545805032,6113,True,0,1,1545811145,168653,4,28.300925925925927,28.300925925925927,7156504.777777778,7156533.078703703
TelemetryTask,168655,168656,1547766957,1547769965,33850,True,1,1,1547803815,168659,4,156.71296296296296,156.71296296296296,7165601.689814814,7165758.402777778
UartTxTask,168658,168660,1547799564,1547806353,6325,True,0,1,1547812678,168662,4,29.28240740740741,29.28240740740741,7165770.152777778,7165799.435185186
UartTxTask,168664,168665,1547961769,1547964999,6258,True,0,1,1547971257,168667,4,28.97222222222222,28.97222222222222,7166504.625,7166533.597222222
TelemetryTask,168669,168670,1549926967,1549929963,34151,True,1,1,1549964114,168673,4,158.1064814814815,158.1064814814815,7175601.680555556,7175759.787037037
UartTxTask,168672,168674,1549959749,1549966642,6210,True,0,1,1549972852,168676,4,28.75,28.75,7175771.490740741,7175800.240740741
UartTxTask,168678,168679,1550121909,1550125007,6307,True,0,1,1550131314,168681,4,29.199074074074073,29.199074074074073,7176504.662037037,7176533.861111111
TelemetryTask,168683,168684,1552086954,1552090016,34055,True,1,1,1552124071,168687,4,157.66203703703704,157.66203703703704,7185601.925925926,7185759.587962963
UartTxTask,168686,168688,1552119815,1552126571,6189,True,0,1,1552132760,168690,4,28.65277777777778,28.65277777777778,7185771.162037037,7185799.814814814
UartTxTask,168692,168693,1552281879,1552285097,6351,True,0,1,1552291448,168695,4,29.40277777777778,29.40277777777778,7186505.078703703,7186534.481481481
TelemetryTask,168697,168698,1554246960,1554249981,33890,True,1,1,1554283871,168701,4,156.89814814814815,156.89814814814815,7195601.763888889,7195758.662037037
UartTxTask,168700,168702,1554279603,1554286400,6267,True,0,1,1554292667,168704,4,29.01388888888889,29.01388888888889,7195770.37037037,7195799.384259259
UartTxTask,168706,168707,1554441675,1554444879,6373,True,0,1,1554451252,168709,4,29.50462962962963,29.50462962962963,7196504.069444444,7196533.574074074
TelemetryTask,168711,168712,1556406928,1556410001,34126,True,1,1,1556444127,168715,4,157.99074074074073,157.99074074074073,7205601.856481481,7205759.847222222
UartTxTask,168714,168716,1556439840,1556446645,6143,True,0,1,1556452788,168718,4,28.439814814814813,28.439814814814813,7205771.50462963,7205799.944444444
UartTxTask,168720,168721,1556601955,1556605135,6227,True,0,1,1556611362,168723,4,28.828703703703702,28.828703703703702,7206505.25462963,7206534.083333333
TelemetryTask,168725,168726,1558566953,1558569973,33890,True,1,1,1558603863,168729,4,156.89814814814815,156.89814814814815,7215601.726851852,7215758.625
UartTxTask,168728,168730,1558599593,1558606382,6210,True,0,1,1558612592,168732,4,28.75,28.75,7215770.287037037,7215799.037037037
UartTxTask,168734,168735,1558761722,1558764865,6205,True,0,1,1558771070,168737,4,28.72685185185185,28.72685185185185,7216504.00462963,7216532.731481481
TelemetryTask,168739,168740,1560726954,1560729993,33956,True,1,1,1560763949,168743,4,157.2037037037037,157.2037037037037,7225601.819444444,7225759.023148148
UartTxTask,168742,168744,1560759671,1560766541,6209,True,0,1,1560772750,168746,4,28.74537037037037,28.74537037037037,7225771.023148148,7225799.768518519
UartTxTask,168748,168749,1560921842,1560924988,6262,True,0,1,1560931250,168751,4,28.99074074074074,28.99074074074074,7226504.574074074,7226533.564814814
TelemetryTask,168753,168754,1562886946,1562889989,33837,True,1,1,1562923826,168757,4,156.65277777777777,156.65277777777777,7235601.800925926,7235758.453703703
UartTxTask,168756,168758,1562919575,1562926355,6197,True,0,1,1562932552,168760,4,28.689814814814813,28.689814814814813,7235770.162037037,7235798.851851852
UartTxTask,168762,168763,1563081621,1563084857,6298,True,0,1,1563091155,168765,4,29.15740740740741,29.15740740740741,7236503.967592592,7236533.125
TelemetryTask,168767,168768,1565046929,1565049934,34087,True,1,1,1565084021,168771,4,157.8101851851852,157.8101851851852,7245601.546296297,7245759.356481481
UartTxTask,168770,168772,1565079685,1565086528,6182,True,0,1,1565092710,168774,4,28.62037037037037,28.62037037037037,7245770.962962963,7245799.583333333
UartTxTask,168776,168777,1565241787,1565245040,6242,True,0,1,1565251282,168779,4,28.89814814814815,28.89814814814815,7246504.814814814,7246533.712962963
TelemetryTask,168781,168782,1567206967,1567209954,33943,True,1,1,1567243897,168785,4,157.1435185185185,157.1435185185185,7255601.638888889,7255758.782407408
UartTxTask,168784,168786,1567239661,1567246377,6090,True,0,1,1567252467,168788,4,28.194444444444443,28.194444444444443,7255770.263888889,7255798.458333333
UartTxTask,168790,168791,1567401551,1567404708,6266,True,0,1,1567410974,168793,4,29.00925925925926,29.00925925925926,7256503.277777778,7256532.287037037
TelemetryTask,168795,168796,1569366967,1569369977,33884,True,1,1,1569403861,168799,4,156.87037037037038,156.87037037037038,7265601.74537037,7265758.615740741
UartTxTask,168798,168800,1569399596,1569406355,6246,True,0,1,1569412601,168802,4,28.916666666666668,28.916666666666668,7265770.162037037,7265799.078703703
UartTxTask,168804,168805,1569561569,1569564777,6239,True,0,1,1569571016,168807,4,28.88425925925926,28.88425925925926,7266503.597222222,7266532.481481481
TelemetryTask,168809,168810,1571526924,1571529977,33915,True,1,1,1571563892,168813,4,157.01388888888889,157.01388888888889,7275601.74537037,7275758.759259259
UartTxTask,168812,168814,1571559690,1571566460,6267,True,0,1,1571572727,168816,4,29.01388888888889,29.01388888888889,7275770.648148148,7275799.662037037
UartTxTask,168818,168819,1571721801,1571724997,6172,True,0,1,1571731169,168821,4,28.574074074074073,28.574074074074073,7276504.615740741,7276533.189814814
TelemetryTask,168823,168824,1573686948,1573689980,33860,True,1,1,1573723840,168827,4,156.75925925925927,156.75925925925927,7285601.759259259,7285758.518518519
UartTxTask,168826,168828,1573719645,1573726383,6180,True,0,1,1573732563,168830,4,28.61111111111111,28.61111111111111,7285770.291666667,7285798.902777778
UartTxTask,168832,168833,1573881665,1573884828,6166,True,0,1,1573890994,168835,4,28.546296296296298,28.546296296296298,7286503.833333333,7286532.37962963
TelemetryTask,168837,168838,1575846968,1575850038,34056,True,1,1,1575884094,168841,4,157.66666666666666,157.66666666666666,7295602.027777778,7295759.694444444
UartTxTask,168840,168842,1575879785,1575886546,6311,True,0,1,1575892857,168844,4,29.21759259259259,29.21759259259259,7295771.046296297,7295800.263888889
UartTxTask,168846,168847,1576041889,1576045028,6223,True,0,1,1576051251,168849,4,28.810185185185187,28.810185185185187,7296504.759259259,7296533.569444444
TelemetryTask,168851,168852,1578006936,1578009971,33756,True,1,1,1578043727,168855,4,156.27777777777777,156.27777777777777,7305601.717592592,7305757.99537037
UartTxTask,168854,168856,1578039446,1578046189,6028,True,0,1,1578052217,168858,4,27.90740740740741,27.90740740740741,7305769.393518519,7305797.300925926
UartTxTask,168860,168861,1578201452,1578204706,6140,True,0,1,1578210846,168863,4,28.425925925925927,28.425925925925927,7306503.268518519,7306531.694444444
TelemetryTask,168865,168866,1580166944,1580169949,33733,True,1,1,1580203682,168869,4,156.1712962962963,156.1712962962963,7315601.615740741,7315757.787037037
UartTxTask,168868,168870,1580199376,1580206139,6250,True,0,1,1580212389,168872,4,28.935185185185187,28.935185185185187,7315769.162037037,7315798.097222222
UartTxTask,168874,168875,1580361456,1580364677,6392,True,0,1,1580371069,168877,4,29.59259259259259,29.59259259259259,7316503.134259259,7316532.726851852
TelemetryTask,168879,168880,1582326936,1582329954,33885,True,1,1,1582363839,168883,4,156.875,156.875,7325601.638888889,7325758.513888889
UartTxTask,168882,168884,1582359501,1582366343,6257,True,0,1,1582372600,168886,4,28.96759259259259,28.96759259259259,7325770.106481481,7325799.074074074
UartTxTask,168888,168889,1582521675,1582524782,6202,True,0,1,1582530984,168891,4,28.712962962962962,28.712962962962962,7326503.62037037,7326532.333333333
TelemetryTask,168893,168894,1584486963,1584490053,33959,True,1,1,1584524012,168897,4,157.21759259259258,157.21759259259258,7335602.097222222,7335759.314814814
UartTxTask,168896,168898,1584519724,1584526524,6189,True,0,1,1584532713,168900,4,28.65277777777778,28.65277777777778,7335770.944444444,7335799.597222222
UartTxTask,168902,168903,1584681874,1584685065,6185,True,0,1,1584691250,168905,4,28.63425925925926,28.63425925925926,7336504.930555556,7336533.564814814
TelemetryTask,168907,168908,1586646956,1586649970,34063,True,1,1,1586684033,168911,4,157.69907407407408,157.69907407407408,7345601.712962963,7345759.412037037
UartTxTask,168910,168912,1586679731,1586686568,6210,True,0,1,1586692778,168914,4,28.75,28.75,7345771.148148148,7345799.898148148
UartTxTask,168916,168917,1586841927,1586845067,6194,True,0,1,1586851261,168919,4,28.675925925925927,28.675925925925927,7346504.939814814,7346533.615740741
TelemetryTask,168921,168922,1588806902,1588810018,33875,True,1,1,1588843893,168925,4,156.8287037037037,156.8287037037037,7355601.935185186,7355758.763888889
UartTxTask,168924,168926,1588839669,1588846416,6321,True,0,1,1588852737,168928,4,29.26388888888889,29.26388888888889,7355770.444444444,7355799.708333333
UartTxTask,168930,168931,1589001775,1589004902,6160,True,0,1,1589011062,168933,4,28.51851851851852,28.51851851851852,7356504.175925926,7356532.694444444
TelemetryTask,168935,168936,1590966963,1590970024,33910,True,1,1,1591003934,168939,4,156.99074074074073,156.99074074074073,7365601.962962963,7365758.953703703
UartTxTask,168938,168940,1590999690,1591006417,6218,True,0,1,1591012635,168942,4,28.787037037037038,28.787037037037038,7365770.449074074,7365799.236111111
UartTxTask,168944,168945,1591161725,1591164900,6301,True,0,1,1591171201,168947,4,29.171296296296298,29.171296296296298,7366504.166666667,7366533.337962963
TelemetryTask,168949,168950,1593126937,1593129992,33798,True,1,1,1593163790,168953,4,156.47222222222223,156.47222222222223,7375601.814814814,7375758.287037037
UartTxTask,168952,168954,1593159646,1593166301,6227,True,0,1,1593172528,168956,4,28.828703703703702,28.828703703703702,7375769.912037037,7375798.740740741
UartTxTask,168958,168959,1593321544,1593324772,6229,True,0,1,1593331001,168961,4,28.837962962962962,28.837962962962962,7376503.574074074,7376532.412037037
TelemetryTask,168963,168964,1595286959,1595289999,34153,True,1,1,1595324152,168967,4,158.11574074074073,158.11574074074073,7385601.847222222,7385759.962962963
UartTxTask,168966,168968,1595319847,1595326673,6158,True,0,1,1595332831,168970,4,28.50925925925926,28.50925925925926,7385771.634259259,7385800.143518519
UartTxTask,168972,168973,1595481956,1595485121,6244,True,0,1,1595491365,168975,4,28.90740740740741,28.90740740740741,7386505.189814814,7386534.097222222
TelemetryTask,168977,168978,1597446960,1597449998,33778,True,1,1,1597483776,168981,4,156.37962962962962,156.37962962962962,7395601.842592592,7395758.222222222
UartTxTask,168980,168982,1597479530,1597486259,6148,True,0,1,1597492407,168984,4,28.462962962962962,28.462962962962962,7395769.717592592,7395798.180555556
UartTxTask,168986,168987,1597641470,1597644687,6277,True,0,1,1597650964,168989,4,29.060185185185187,29.060185185185187,7396503.180555556,7396532.240740741
TelemetryTask,168991,168992,1599606956,1599610010,33908,True,1,1,1599643918,168995,4,156.9814814814815,156.9814814814815,7405601.898148148,7405758.87962963
UartTxTask,168994,168996,1599639676,1599646443,6279,True,0,1,1599652722,168998,4,29.069444444444443,29.069444444444443,7405770.569444444,7405799.638888889
UartTxTask,169000,169001,1599801785,1599805008,6314,True,0,1,1599811322,169003,4,29.23148148148148,29.23148148148148,7406504.666666667,7406533.898148148
TelemetryTask,169005,169006,1601766956,1601769971,34032,True,1,1,1601804003,169009,4,157.55555555555554,157.55555555555554,7415601.717592592,7415759.273148148
UartTxTask,169008,169010,1601799683,1601806579,6187,True,0,1,1601812766,169012,4,28.64351851851852,28.64351851851852,7415771.199074074,7415799.842592592
UartTxTask,169014,169015,1601961941,1601965117,6284,True,0,1,1601971401,169017,4,29.09259259259259,29.09259259259259,7416505.171296297,7416534.263888889
TelemetryTask,169019,169020,1603926941,1603930025,34118,True,1,1,1603964143,169023,4,157.9537037037037,157.9537037037037,7425601.967592592,7425759.921296297
UartTxTask,169022,169024,1603959874,1603966681,6272,True,0,1,1603972953,169026,4,29.037037037037038,29.037037037037038,7425771.671296297,7425800.708333333
UartTxTask,169028,169029,1604121984,1604125136,6324,True,0,1,1604131460,169031,4,29.27777777777778,29.27777777777778,7426505.259259259,7426534.537037037
TelemetryTask,169033,169034,1606086951,1606089923,33972,True,1,1,1606123895,169037,4,157.27777777777777,157.27777777777777,7435601.49537037,7435758.773148148
UartTxTask,169036,169038,1606119731,1606126370,6189,True,0,1,1606132559,169040,4,28.65277777777778,28.65277777777778,7435770.231481481,7435798.884259259
UartTxTask,169042,169043,1606281695,1606284921,6226,True,0,1,1606291147,169045,4,28.824074074074073,28.824074074074073,7436504.263888889,7436533.087962963
TelemetryTask,169047,169048,1608246944,1608250000,33955,True,1,1,1608283955,169051,4,157.19907407407408,157.19907407407408,7445601.851851852,7445759.050925926
UartTxTask,169050,169052,1608279634,1608286501,6248,True,0,1,1608292749,169054,4,28.925925925925927,28.925925925925927,7445770.837962963,7445799.763888889
UartTxTask,169056,169057,1608441784,1608444926,6217,True,0,1,1608451143,169059,4,28.78240740740741,28.78240740740741,7446504.287037037,7446533.069444444
TelemetryTask,169061,169062,1610406963,1610410050,33856,True,1,1,1610443906,169065,4,156.74074074074073,156.74074074074073,7455602.083333333,7455758.824074074
UartTxTask,169064,169066,1610439743,1610446389,6193,True,0,1,1610452582,169068,4,28.671296296296298,28.671296296296298,7455770.319444444,7455798.990740741
UartTxTask,169070,169071,1610601728,1610604900,6274,True,0,1,1610611174,169073,4,29.046296296296298,29.046296296296298,7456504.166666667,7456533.212962963
TelemetryTask,169075,169076,1612566928,1612569952,33922,True,1,1,1612603874,169079,4,157.0462962962963,157.0462962962963,7465601.62962963,7465758.675925926
UartTxTask,169078,169080,1612599578,1612606435,6251,True,0,1,1612612686,169082,4,28.939814814814813,28.939814814814813,7465770.532407408,7465799.472222222
UartTxTask,169084,169085,1612761728,1612764897,6168,True,0,1,1612771065,169087,4,28.555555555555557,28.555555555555557,7466504.152777778,7466532.708333333
TelemetryTask,169089,169090,1614726952,1614730036,34032,True,1,1,1614764068,169093,4,157.55555555555554,157.55555555555554,7475602.018518519,7475759.574074074
UartTxTask,169092,169094,1614759825,1614766600,6126,True,0,1,1614772726,169096,4,28.36111111111111,28.36111111111111,7475771.296296297,7475799.657407408
UartTxTask,169098,169099,1614921825,1614925036,6220,True,0,1,1614931256,169101,4,28.796296296296298,28.796296296296298,7476504.796296297,7476533.592592592
TelemetryTask,169103,169104,1616886950,1616890005,33846,True,1,1,1616923851,169107,4,156.69444444444446,156.69444444444446,7485601.875,7485758.569444444
UartTxTask,169106,169108,1616919619,1616926396,6290,True,0,1,1616932686,169110,4,29.12037037037037,29.12037037037037,7485770.351851852,7485799.472222222
UartTxTask,169112,169113,1617081746,1617085001,6249,True,0,1,1617091250,169115,4,28.930555555555557,28.930555555555557,7486504.634259259,7486533.564814814
TelemetryTask,169117,169118,1619046976,1619050074,33766,True,1,1,1619083840,169121,4,156.32407407407408,156.32407407407408,7495602.194444444,7495758.518518519
UartTxTask,169120,169122,1619079590,1619086350,6134,True,0,1,1619092484,169124,4,28.39814814814815,28.39814814814815,7495770.138888889,7495798.537037037
UartTxTask,169126,169127,1619241522,1619244744,6253,True,0,1,1619250997,169129,4,28.949074074074073,28.949074074074073,7496503.444444444,7496532.393518519
TelemetryTask,169131,169132,1621206948,1621209986,34073,True,1,1,1621244059,169135,4,157.74537037037038,157.74537037037038,7505601.787037037,7505759.532407408
UartTxTask,169134,169136,1621239682,1621246551,6164,True,0,1,1621252715,169138,4,28.537037037037038,28.537037037037038,7505771.069444444,7505799.606481481
UartTxTask,169140,169141,1621401860,1621405006,6302,True,0,1,1621411308,169143,4,29.175925925925927,29.175925925925927,7506504.657407408,7506533.833333333
TelemetryTask,169145,169146,1623366916,1623369854,33978,True,1,1,1623403832,169149,4,157.30555555555554,157.30555555555554,7515601.175925926,7515758.481481481
UartTxTask,169148,169150,1623399506,1623406398,6130,True,0,1,1623412528,169152,4,28.37962962962963,28.37962962962963,7515770.361111111,7515798.740740741
UartTxTask,169154,169155,1623561643,1623564835,6289,True,0,1,1623571124,169157,4,29.11574074074074,29.11574074074074,7516503.865740741,7516532.981481481
TelemetryTask,169159,169160,1625526944,1625529954,33895,True,1,1,1625563849,169163,4,156.9212962962963,156.9212962962963,7525601.638888889,7525758.560185186
UartTxTask,169162,169164,1625559565,1625566384,6121,True,0,1,1625572505,169166,4,28.337962962962962,28.337962962962962,7525770.296296297,7525798.634259259
UartTxTask,169168,169169,1625721557,1625724739,6258,True,0,1,1625730997,169171,4,28.97222222222222,28.97222222222222,7526503.421296297,7526532.393518519
TelemetryTask,169173,169174,1627686950,1627690036,34071,True,1,1,1627724107,169177,4,157.73611111111111,157.73611111111111,7535602.018518519,7535759.75462963
UartTxTask,169176,169178,1627719850,1627726643,6180,True,0,1,1627732823,169180,4,28.61111111111111,28.61111111111111,7535771.49537037,7535800.106481481
UartTxTask,169182,169183,1627881948,1627885141,6307,True,0,1,1627891448,169185,4,29.199074074074073,29.199074074074073,7536505.282407408,7536534.481481481
TelemetryTask,169187,169188,1629846964,1629849951,33900,True,1,1,1629883851,169191,4,156.94444444444446,156.94444444444446,7545601.625,7545758.569444444
UartTxTask,169190,169192,1629879615,1629886387,6229,True,0,1,1629892616,169194,4,28.837962962962962,28.837962962962962,7545770.310185186,7545799.148148148
UartTxTask,169196,169197,1630041658,1630044884,6181,True,0,1,1630051065,169199,4,28.61574074074074,28.61574074074074,7546504.092592592,7546532.708333333
TelemetryTask,169201,169202,1632006964,1632010000,33774,True,1,1,1632043774,169205,4,156.36111111111111,156.36111111111111,7555601.851851852,7555758.212962963
UartTxTask,169204,169206,1632039536,1632046351,6212,True,0,1,1632052563,169208,4,28.75925925925926,28.75925925925926,7555770.143518519,7555798.902777778
UartTxTask,169210,169211,1632201692,1632204925,6325,True,0,1,1632211250,169213,4,29.28240740740741,29.28240740740741,7556504.282407408,7556533.564814814
TelemetryTask,169215,169216,1634166950,1634169976,34143,True,1,1,1634204119,169219,4,158.06944444444446,158.06944444444446,7565601.740740741,7565759.810185186
UartTxTask,169218,169220,1634199690,1634206634,6283,True,0,1,1634212917,169222,4,29.087962962962962,29.087962962962962,7565771.453703703,7565800.541666667
UartTxTask,169224,169225,1634361936,1634365065,6279,True,0,1,1634371344,169227,4,29.069444444444443,29.069444444444443,7566504.930555556,7566534.0
TelemetryTask,169229,169230,1636326934,1636329884,34155,True,1,1,1636364039,169233,4,158.125,158.125,7575601.314814814,7575759.439814814
UartTxTask,169232,169234,1636359686,1636366596,6298,True,0,1,1636372894,169236,4,29.15740740740741,29.15740740740741,7575771.277777778,7575800.435185186
UartTxTask,169238,169239,1636521907,1636525141,6239,True,0,1,1636531380,169241,4,28.88425925925926,28.88425925925926,7576505.282407408,7576534.166666667
TelemetryTask,169243,169244,1638486974,1638489946,34137,True,1,1,1638524083,169247,4,158.04166666666666,158.04166666666666,7585601.601851852,7585759.643518519
UartTxTask,169246,169248,1638519829,1638526553,6200,True,0,1,1638532753,169250,4,28.703703703703702,28.703703703703702,7585771.078703703,7585799.782407408
UartTxTask,169252,169253,1638681806,1638685066,6338,True,0,1,1638691404,169255,4,29.34259259259259,29.34259259259259,7586504.935185186,7586534.277777778
TelemetryTask,169257,169258,1640646957,1640649945,33928,True,1,1,1640683873,169261,4,157.07407407407408,157.07407407407408,7595601.597222222,7595758.671296297
UartTxTask,169260,169262,1640679575,1640686410,6196,True,0,1,1640692606,169264,4,28.685185185185187,28.685185185185187,7595770.416666667,7595799.101851852
UartTxTask,169266,169267,1640841697,1640844849,6331,True,0,1,1640851180,169269,4,29.310185185185187,29.310185185185187,7596503.930555556,7596533.240740741
TelemetryTask,169271,169272,1642806938,1642809918,34025,True,1,1,1642843943,169275,4,157.52314814814815,157.52314814814815,7605601.472222222,7605758.99537037
UartTxTask,169274,169276,1642839642,1642846418,6266,True,0,1,1642852684,169278,4,29.00925925925926,29.00925925925926,7605770.453703703,7605799.462962963
UartTxTask,169280,169281,1643001725,1643004962,6360,True,0,1,1643011322,169283,4,29.444444444444443,29.444444444444443,7606504.453703703,7606533.898148148
TelemetryTask,169285,169286,1644966956,1644969990,33943,True,1,1,1645003933,169289,4,157.1435185185185,157.1435185185185,7615601.805555556,7615758.949074074
UartTxTask,169288,169290,1644999723,1645006413,6169,True,0,1,1645012582,169292,4,28.560185185185187,28.560185185185187,7615770.430555556,7615798.990740741
UartTxTask,169294,169295,1645161739,1645164999,6301,True,0,1,1645171300,169297,4,29.171296296296298,29.171296296296298,7616504.625,7616533.796296297
TelemetryTask,169299,169300,1647126952,1647130027,33900,True,1,1,1647163927,169303,4,156.94444444444446,156.94444444444446,7625601.976851852,7625758.921296297
UartTxTask,169302,169304,1647159688,1647166440,6155,True,0,1,1647172595,169306,4,28.49537037037037,28.49537037037037,7625770.555555556,7625799.050925926
UartTxTask,169308,169309,1647321668,1647324876,6157,True,0,1,1647331033,169311,4,28.50462962962963,28.50462962962963,7626504.055555556,7626532.560185186
TelemetryTask,169313,169314,1649286963,1649290016,33885,True,1,1,1649323901,169317,4,156.875,156.875,7635601.925925926,7635758.800925926
UartTxTask,169316,169318,1649319658,1649326442,6191,True,0,1,1649332633,169320,4,28.662037037037038,28.662037037037038,7635770.564814814,7635799.226851852
UartTxTask,169322,169323,1649481696,1649484941,6259,True,0,1,1649491200,169325,4,28.97685185185185,28.97685185185185,7636504.356481481,7636533.333333333
TelemetryTask,169327,169328,1651446921,1651449942,33856,True,1,1,1651483798,169331,4,156.74074074074073,156.74074074074073,7645601.583333333,7645758.324074074
UartTxTask,169330,169332,1651479578,1651486385,6287,True,0,1,1651492672,169334,4,29.10648148148148,29.10648148148148,7645770.300925926,7645799.407407408
UartTxTask,169336,169337,1651641761,1651644970,6063,True,0,1,1651651033,169339,4,28.069444444444443,28.069444444444443,7646504.490740741,7646532.560185186
TelemetryTask,169341,169342,1653606924,1653610045,33868,True,1,1,1653643913,169345,4,156.7962962962963,156.7962962962963,7655602.060185186,7655758.856481481
UartTxTask,169344,169346,1653639709,1653646376,6140,True,0,1,1653652516,169348,4,28.425925925925927,28.425925925925927,7655770.259259259,7655798.685185186
UartTxTask,169350,169351,1653801635,1653804814,6268,True,0,1,1653811082,169353,4,29.01851851851852,29.01851851851852,7656503.768518519,7656532.787037037
TelemetryTask,169355,169356,1655766940,1655770004,33995,True,1,1,1655803999,169359,4,157.38425925925927,157.38425925925927,7665601.87037037,7665759.25462963
UartTxTask,169358,169360,1655799811,1655806526,6240,True,0,1,1655812766,169362,4,28.88888888888889,28.88888888888889,7665770.953703703,7665799.842592592
UartTxTask,169364,169365,1655961882,1655965046,6159,True,0,1,1655971205,169367,4,28.51388888888889,28.51388888888889,7666504.842592592,7666533.356481481
TelemetryTask,169369,169370,1657926935,1657930023,33913,True,1,1,1657963936,169373,4,157.00462962962962,157.00462962962962,7675601.958333333,7675758.962962963
UartTxTask,169372,169374,1657959726,1657966405,6227,True,0,1,1657972632,169376,4,28.828703703703702,28.828703703703702,7675770.393518519,7675799.222222222
UartTxTask,169378,169379,1658121734,1658124913,6315,True,0,1,1658131228,169381,4,29.23611111111111,29.23611111111111,7676504.226851852,7676533.462962963
TelemetryTask,169383,169384,1660086953,1660090016,34080,True,1,1,1660124096,169387,4,157.77777777777777,157.77777777777777,7685601.925925926,7685759.703703703
UartTxTask,169386,169388,1660119789,1660126604,6217,True,0,1,1660132821,169390,4,28.78240740740741,28.78240740740741,7685771.314814814,7685800.097222222
UartTxTask,169392,169393,1660281910,1660285080,6336,True,0,1,1660291416,169395,4,29.333333333333332,29.333333333333332,7686505.0,7686534.333333333
TelemetryTask,169397,169398,1662246956,1662249923,33861,True,1,1,1662283784,169401,4,156.76388888888889,156.76388888888889,7695601.49537037,7695758.259259259
UartTxTask,169400,169402,1662279604,1662286286,6202,True,0,1,1662292488,169404,4,28.712962962962962,28.712962962962962,7695769.842592592,7695798.555555556
UartTxTask,169406,169407,1662441593,1662444805,6272,True,0,1,1662451077,169409,4,29.037037037037038,29.037037037037038,7696503.726851852,7696532.763888889
TelemetryTask,169411,169412,1664406918,1664409980,34046,True,1,1,1664444026,169415,4,157.62037037037038,157.62037037037038,7705601.759259259,7705759.37962963
UartTxTask,169414,169416,1664439682,1664446537,6188,True,0,1,1664452725,169418,4,28.64814814814815,28.64814814814815,7705771.00462963,7705799.652777778
UartTxTask,169420,169421,1664601809,1664604928,6240,True,0,1,1664611168,169423,4,28.88888888888889,28.88888888888889,7706504.296296297,7706533.185185186
TelemetryTask,169425,169426,1666566927,1666569951,34125,True,1,1,1666604076,169429,4,157.98611111111111,157.98611111111111,7715601.625,7715759.611111111
UartTxTask,169428,169430,1666599795,1666606583,6238,True,0,1,1666612821,169432,4,28.87962962962963,28.87962962962963,7715771.217592592,7715800.097222222
UartTxTask,169434,169435,1666761978,1666765201,6185,True,0,1,1666771386,169437,4,28.63425925925926,28.63425925925926,7716505.560185186,7716534.194444444
TelemetryTask,169439,169440,1668726915,1668729889,33860,True,1,1,1668763749,169443,4,156.75925925925927,156.75925925925927,7725601.337962963,7725758.097222222
UartTxTask,169442,169444,1668759581,1668766271,6319,True,0,1,1668772590,169446,4,29.25462962962963,29.25462962962963,7725769.773148148,7725799.027777778
UartTxTask,169448,169449,1668921658,1668924856,6291,True,0,1,1668931147,169451,4,29.125,29.125,7726503.962962963,7726533.087962963
TelemetryTask,169453,169454,1670886949,1670889934,34002,True,1,1,1670923936,169457,4,157.41666666666666,157.41666666666666,7735601.546296297,7735758.962962963
UartTxTask,169456,169458,1670919680,1670926437,6290,True,0,1,1670932727,169460,4,29.12037037037037,29.12037037037037,7735770.541666667,7735799.662037037
UartTxTask,169462,169463,1671081789,1671084977,6229,True,0,1,1671091206,169465,4,28.837962962962962,28.837962962962962,7736504.523148148,7736533.361111111
TelemetryTask,169467,169468,1673046964,1673049932,33798,True,1,1,1673083730,169471,4,156.47222222222223,156.47222222222223,7745601.537037037,7745758.009259259
UartTxTask,169470,169472,1673079500,1673086235,6162,True,0,1,1673092397,169474,4,28.52777777777778,28.52777777777778,7745769.606481481,7745798.134259259
UartTxTask,169476,169477,1673241500,1673244699,6309,True,0,1,1673251008,169479,4,29.208333333333332,29.208333333333332,7746503.236111111,7746532.444444444
TelemetryTask,169481,169482,1675206926,1675209905,34002,True,1,1,1675243907,169485,4,157.41666666666666,157.41666666666666,7755601.412037037,7755758.828703703
UartTxTask,169484,169486,1675239672,1675246399,6213,True,0,1,1675252612,169488,4,28.76388888888889,28.76388888888889,7755770.365740741,7755799.12962963
UartTxTask,169490,169491,1675401706,1675404900,6234,True,0,1,1675411134,169493,4,28.86111111111111,28.86111111111111,7756504.166666667,7756533.027777778
TelemetryTask,169495,169496,1677366986,1677370088,33963,True,1,1,1677404051,169499,4,157.23611111111111,157.23611111111111,7765602.259259259,7765759.49537037
UartTxTask,169498,169500,1677399821,1677406501,6242,True,0,1,1677412743,169502,4,28.89814814814815,28.89814814814815,7765770.837962963,7765799.736111111
UartTxTask,169504,169505,1677561821,1677564931,6318,True,0,1,1677571249,169507,4,29.25,29.25,7766504.310185186,7766533.560185186
TelemetryTask,169509,169510,1679526981,1679530012,34141,True,1,1,1679564153,169513,4,158.0601851851852,158.0601851851852,7775601.907407408,7775759.967592592
UartTxTask,169512,169514,1679559884,1679566645,6260,True,0,1,1679572905,169516,4,28.98148148148148,28.98148148148148,7775771.50462963,7775800.486111111
UartTxTask,169518,169519,1679722017,1679725239,6217,True,0,1,1679731456,169521,4,28.78240740740741,28.78240740740741,7776505.736111111,7776534.518518519
TelemetryTask,169523,169524,1681686967,1681690020,33650,True,1,1,1681723670,169527,4,155.78703703703704,155.78703703703704,7785601.944444444,7785757.731481481
UartTxTask,169526,169528,1681719444,1681726193,6182,True,0,1,1681732375,169530,4,28.62037037037037,28.62037037037037,7785769.412037037,7785798.032407408
UartTxTask,169532,169533,1681881495,1681884707,6248,True,0,1,1681890955,169535,4,28.925925925925927,28.925925925925927,7786503.273148148,7786532.199074074
TelemetryTask,169537,169538,1683846916,1683850003,34029,True,1,1,1683884032,169541,4,157.54166666666666,157.54166666666666,7795601.865740741,7795759.407407408
UartTxTask,169540,169542,1683879708,1683886508,6257,True,0,1,1683892765,169544,4,28.96759259259259,28.96759259259259,7795770.87037037,7795799.837962963
UartTxTask,169546,169547,1684041767,1684044984,6428,True,0,1,1684051412,169549,4,29.75925925925926,29.75925925925926,7796504.555555556,7796534.314814814
TelemetryTask,169551,169552,1686006929,1686009965,33921,True,1,1,1686043886,169555,4,157.04166666666666,157.04166666666666,7805601.689814814,7805758.731481481
UartTxTask,169554,169556,1686039694,1686046350,6172,True,0,1,1686052522,169558,4,28.574074074074073,28.574074074074073,7805770.138888889,7805798.712962963
UartTxTask,169560,169561,1686201706,1686204926,6229,True,0,1,1686211155,169563,4,28.837962962962962,28.837962962962962,7806504.287037037,7806533.125
TelemetryTask,169565,169566,1688166963,1688170018,33869,True,1,1,1688203887,169569,4,156.80092592592592,156.80092592592592,7815601.935185186,7815758.736111111
UartTxTask,169568,169570,1688199660,1688206419,6200,True,0,1,1688212619,169572,4,28.703703703703702,28.703703703703702,7815770.458333333,7815799.162037037
UartTxTask,169574,169575,1688361729,1688364857,6211,True,0,1,1688371068,169577,4,28.75462962962963,28.75462962962963,7816503.967592592,7816532.722222222
TelemetryTask,169579,169580,1690326968,1690330066,34028,True,1,1,1690364094,169583,4,157.53703703703704,157.53703703703704,7825602.157407408,7825759.694444444
UartTxTask,169582,169584,1690359894,1690366605,6278,True,0,1,1690372883,169586,4,29.064814814814813,29.064814814814813,7825771.319444444,7825800.384259259
UartTxTask,169588,169589,1690521935,1690525170,6310,True,0,1,1690531480,169591,4,29.212962962962962,29.212962962962962,7826505.416666667,7826534.62962963
ButtonTask,169595,169597,1691668805,1691672075,29454,True,1,1,1691701529,169601,4,136.36111111111111,136.36111111111111,7831815.162037037,7831951.523148148
UartTxTask,169600,169602,1691698005,1691704322,6148,True,0,1,1691710470,169604,4,28.462962962962962,28.462962962962962,7831964.453703703,7831992.916666667
UartTxTask,169606,169607,1691859584,1691861589,6312,True,0,1,1691867901,169609,4,29.22222222222222,29.22222222222222,7832692.541666667,7832721.763888889
TelemetryTask,169611,169612,1692486970,1692489985,34013,True,1,1,1692523998,169615,4,157.46759259259258,157.46759259259258,7835601.782407408,7835759.25
UartTxTask,169614,169616,1692519735,1692526468,6240,True,0,1,1692532708,169618,4,28.88888888888889,28.88888888888889,7835770.685185186,7835799.574074074
UartTxTask,169620,169621,1692681824,1692684992,6222,True,0,1,1692691214,169623,4,28.805555555555557,28.805555555555557,7836504.592592592,7836533.398148148
TelemetryTask,169625,169626,1694646956,1694649962,34021,True,1,1,1694683983,169629,4,157.50462962962962,157.50462962962962,7845601.675925926,7845759.180555556
UartTxTask,169628,169630,1694679706,1694686437,6206,True,0,1,1694692643,169632,4,28.73148148148148,28.73148148148148,7845770.541666667,7845799.273148148
UartTxTask,169634,169635,1694841701,1694844877,6251,True,0,1,1694851128,169637,4,28.939814814814813,28.939814814814813,7846504.060185186,7846533.0
TelemetryTask,169639,169640,1696806951,1696810009,34143,True,1,1,1696844152,169643,4,158.06944444444446,158.06944444444446,7855601.893518519,7855759.962962963
UartTxTask,169642,169644,1696839776,1696846744,6268,True,0,1,1696853012,169646,4,29.01851851851852,29.01851851851852,7855771.962962963,7855800.981481481
UartTxTask,169648,169649,1697002000,1697005219,6249,True,0,1,1697011468,169651,4,28.930555555555557,28.930555555555557,7856505.643518519,7856534.574074074
TelemetryTask,169653,169654,1698966928,1698969950,33966,True,1,1,1699003916,169657,4,157.25,157.25,7865601.62037037,7865758.87037037
UartTxTask,169656,169658,1698999669,1699006456,6202,True,0,1,1699012658,169660,4,28.712962962962962,28.712962962962962,7865770.62962963,7865799.342592592
UartTxTask,169662,169663,1699161746,1699164911,6291,True,0,1,1699171202,169665,4,29.125,29.125,7866504.217592592,7866533.342592592
TelemetryTask,169667,169668,1701126957,1701129934,34269,True,1,1,1701164203,169671,4,158.65277777777777,158.65277777777777,7875601.546296297,7875760.199074074
UartTxTask,169670,169672,1701159873,1701166720,6294,True,0,1,1701173014,169674,4,29.13888888888889,29.13888888888889,7875771.851851852,7875800.990740741
UartTxTask,169676,169677,1701322054,1701325223,6296,True,0,1,1701331519,169679,4,29.14814814814815,29.14814814814815,7876505.662037037,7876534.810185186
TelemetryTask,169681,169682,1703286972,1703290065,34022,True,1,1,1703324087,169685,4,157.50925925925927,157.50925925925927,7885602.152777778,7885759.662037037
UartTxTask,169684,169686,1703319828,1703326576,6289,True,0,1,1703332865,169688,4,29.11574074074074,29.11574074074074,7885771.185185186,7885800.300925926
UartTxTask,169690,169691,1703481880,1703485009,6200,True,0,1,1703491209,169693,4,28.703703703703702,28.703703703703702,7886504.671296297,7886533.375
TelemetryTask,169695,169696,1705446934,1705449993,33995,True,1,1,1705483988,169699,4,157.38425925925927,157.38425925925927,7895601.819444444,7895759.203703703
UartTxTask,169698,169700,1705479712,1705486491,6188,True,0,1,1705492679,169702,4,28.64814814814815,28.64814814814815,7895770.791666667,7895799.439814814
UartTxTask,169704,169705,1705641780,1705644986,6192,True,0,1,1705651178,169707,4,28.666666666666668,28.666666666666668,7896504.564814814,7896533.231481481
TelemetryTask,169709,169710,1707606948,1707609967,33896,True,1,1,1707643863,169713,4,156.92592592592592,156.92592592592592,7905601.699074074,7905758.625
UartTxTask,169712,169714,1707639580,1707646424,6192,True,0,1,1707652616,169716,4,28.666666666666668,28.666666666666668,7905770.481481481,7905799.148148148
UartTxTask,169718,169719,1707801669,1707804858,6234,True,0,1,1707811092,169721,4,28.86111111111111,28.86111111111111,7906503.972222222,7906532.833333333
TelemetryTask,169723,169724,1709766952,1709769983,33762,True,1,1,1709803745,169727,4,156.30555555555554,156.30555555555554,7915601.773148148,7915758.078703703
UartTxTask,169726,169728,1709799597,1709806263,6232,True,0,1,1709812495,169730,4,28.85185185185185,28.85185185185185,7915769.736111111,7915798.587962963
UartTxTask,169732,169733,1709961623,1709964847,6256,True,0,1,1709971103,169735,4,28.962962962962962,28.962962962962962,7916503.921296297,7916532.884259259
TelemetryTask,169737,169738,1711926962,1711929958,34067,True,1,1,1711964025,169741,4,157.71759259259258,157.71759259259258,7925601.657407408,7925759.375
UartTxTask,169740,169742,1711959849,1711966539,6223,True,0,1,1711972762,169744,4,28.810185185185187,28.810185185185187,7925771.013888889,7925799.824074074
UartTxTask,169746,169747,1712121848,1712125049,6142,True,0,1,1712131191,169749,4,28.435185185185187,28.435185185185187,7926504.856481481,7926533.291666667
TelemetryTask,169751,169752,1714086952,1714089965,33757,True,1,1,1714123722,169755,4,156.28240740740742,156.28240740740742,7935601.689814814,7935757.972222222
UartTxTask,169754,169756,1714119467,1714126257,6284,True,0,1,1714132541,169758,4,29.09259259259259,29.09259259259259,7935769.708333333,7935798.800925926
UartTxTask,169760,169761,1714281543,1714284788,6189,True,0,1,1714290977,169763,4,28.65277777777778,28.65277777777778,7936503.648148148,7936532.300925926
TelemetryTask,169765,169766,1716246953,1716249975,34156,True,1,1,1716284131,169769,4,158.12962962962962,158.12962962962962,7945601.736111111,7945759.865740741
UartTxTask,169768,169770,1716279841,1716286700,6186,True,0,1,1716292886,169772,4,28.63888888888889,28.63888888888889,7945771.759259259,7945800.398148148
UartTxTask,169774,169775,1716442020,1716445208,6240,True,0,1,1716451448,169777,4,28.88888888888889,28.88888888888889,7946505.592592592,7946534.481481481
TelemetryTask,169779,169780,1718406953,1718409970,34106,True,1,1,1718444076,169783,4,157.89814814814815,157.89814814814815,7955601.712962963,7955759.611111111
UartTxTask,169782,169784,1718439820,1718446594,6216,True,0,1,1718452810,169786,4,28.77777777777778,28.77777777777778,7955771.268518519,7955800.046296297
UartTxTask,169788,169789,1718601875,1718605120,6179,True,0,1,1718611299,169791,4,28.60648148148148,28.60648148148148,7956505.185185186,7956533.791666667
TelemetryTask,169793,169794,1720566937,1720569963,34159,True,1,1,1720604122,169797,4,158.1435185185185,158.1435185185185,7965601.680555556,7965759.824074074
UartTxTask,169796,169798,1720599809,1720606605,6185,True,0,1,1720612790,169800,4,28.63425925925926,28.63425925925926,7965771.319444444,7965799.953703703
UartTxTask,169802,169803,1720761869,1720765040,6262,True,0,1,1720771302,169805,4,28.99074074074074,28.99074074074074,7966504.814814814,7966533.805555556
TelemetryTask,169807,169808,1722726952,1722729955,33884,True,1,1,1722763839,169811,4,156.87037037037038,156.87037037037038,7975601.643518519,7975758.513888889
UartTxTask,169810,169812,1722759462,1722766381,6197,True,0,1,1722772578,169814,4,28.689814814814813,28.689814814814813,7975770.282407408,7975798.972222222
UartTxTask,169816,169817,1722921617,1722924861,6265,True,0,1,1722931126,169819,4,29.00462962962963,29.00462962962963,7976503.986111111,7976532.990740741
TelemetryTask,169821,169822,1724886922,1724889930,33926,True,1,1,1724923856,169825,4,157.0648148148148,157.0648148148148,7985601.527777778,7985758.592592592
UartTxTask,169824,169826,1724919657,1724926404,6142,True,0,1,1724932546,169828,4,28.435185185185187,28.435185185185187,7985770.388888889,7985798.824074074
UartTxTask,169830,169831,1725081607,1725084773,6326,True,0,1,1725091099,169833,4,29.287037037037038,29.287037037037038,7986503.578703703,7986532.865740741
TelemetryTask,169835,169836,1727046954,1727050040,34007,True,1,1,1727084047,169839,4,157.4398148148148,157.4398148148148,7995602.037037037,7995759.476851852
UartTxTask,169838,169840,1727079783,1727086568,6283,True,0,1,1727092851,169842,4,29.087962962962962,29.087962962962962,7995771.148148148,7995800.236111111
UartTxTask,169844,169845,1727241866,1727245103,6227,True,0,1,1727251330,169847,4,28.828703703703702,28.828703703703702,7996505.106481481,7996533.935185186
TelemetryTask,169849,169850,1729206939,1729209971,34057,True,1,1,1729244028,169853,4,157.6712962962963,157.6712962962963,8005601.717592592,8005759.388888889
UartTxTask,169852,169854,1729239719,1729246514,6213,True,0,1,1729252727,169856,4,28.76388888888889,28.76388888888889,8005770.898148148,8005799.662037037
UartTxTask,169858,169859,1729401853,1729405037,6202,True,0,1,1729411239,169861,4,28.712962962962962,28.712962962962962,8006504.800925926,8006533.513888889
TelemetryTask,169863,169864,1731366944,1731370008,34044,True,1,1,1731404052,169867,4,157.61111111111111,157.61111111111111,8015601.888888889,8015759.5
UartTxTask,169866,169868,1731399753,1731406600,6215,True,0,1,1731412815,169870,4,28.77314814814815,28.77314814814815,8015771.296296297,8015800.069444444
UartTxTask,169872,169873,1731561877,1731565085,6320,True,0,1,1731571405,169875,4,29.25925925925926,29.25925925925926,8016505.023148148,8016534.282407408
TelemetryTask,169877,169878,1733526926,1733529940,33889,True,1,1,1733563829,169881,4,156.8935185185185,156.8935185185185,8025601.574074074,8025758.467592592
UartTxTask,169880,169882,1733559512,1733566362,6202,True,0,1,1733572564,169884,4,28.712962962962962,28.712962962962962,8025770.194444444,8025798.907407408
UartTxTask,169886,169887,1733721636,1733724774,6339,True,0,1,1733731113,169889,4,29.34722222222222,29.34722222222222,8026503.583333333,8026532.930555556
TelemetryTask,169891,169892,1735686962,1735689965,33812,True,1,1,1735723777,169895,4,156.53703703703704,156.53703703703704,8035601.689814814,8035758.226851852
UartTxTask,169894,169896,1735719459,1735726316,6241,True,0,1,1735732557,169898,4,28.89351851851852,28.89351851851852,8035769.981481481,8035798.875
UartTxTask,169900,169901,1735881669,1735884862,6176,True,0,1,1735891038,169903,4,28.59259259259259,28.59259259259259,8036503.990740741,8036532.583333333
ButtonTask,169907,169909,1737591577,1737594747,29613,True,1,1,1737624360,169913,4,137.09722222222223,137.09722222222223,8044420.125,8044557.222222222
UartTxTask,169912,169914,1737620712,1737627127,6611,True,0,1,1737633738,169916,4,30.60648148148148,30.60648148148148,8044570.032407408,8044600.638888889
UartTxTask,169918,169919,1737782858,1737784879,6235,True,0,1,1737791114,169921,4,28.86574074074074,28.86574074074074,8045300.365740741,8045329.231481481
TelemetryTask,169923,169924,1737847000,1737848696,27405,True,1,1,1737876101,169927,4,126.875,126.875,8045595.814814814,8045722.689814814
UartTxTask,169926,169928,1737873860,1737878550,6870,True,0,1,1737885420,169930,4,31.805555555555557,31.805555555555557,8045734.027777778,8045765.833333333
UartTxTask,169932,169933,1738034669,1738036715,5442,True,0,1,1738042157,169935,4,25.194444444444443,25.194444444444443,8046466.273148148,8046491.467592592
TelemetryTask,169937,169938,1740006944,1740010046,33832,True,1,1,1740043878,169941,4,156.62962962962962,156.62962962962962,8055602.064814814,8055758.694444444
UartTxTask,169940,169942,1740039697,1740046412,6144,True,0,1,1740052556,169944,4,28.444444444444443,28.444444444444443,8055770.425925926,8055798.87037037
UartTxTask,169946,169947,1740201648,1740204854,6162,True,0,1,1740211016,169949,4,28.52777777777778,28.52777777777778,8056503.953703703,8056532.481481481
TelemetryTask,169951,169952,1742166937,1742169995,33955,True,1,1,1742203950,169955,4,157.19907407407408,157.19907407407408,8065601.828703703,8065759.027777778
UartTxTask,169954,169956,1742199705,1742206508,6132,True,0,1,1742212640,169958,4,28.38888888888889,28.38888888888889,8065770.87037037,8065799.259259259
UartTxTask,169960,169961,1742361770,1742365031,6290,True,0,1,1742371321,169963,4,29.12037037037037,29.12037037037037,8066504.773148148,8066533.893518519
TelemetryTask,169965,169966,1744326941,1744329903,34014,True,1,1,1744363917,169969,4,157.47222222222223,157.47222222222223,8075601.402777778,8075758.875
UartTxTask,169968,169970,1744359717,1744366413,6268,True,0,1,1744372681,169972,4,29.01851851851852,29.01851851851852,8075770.430555556,8075799.449074074
UartTxTask,169974,169975,1744521813,1744525040,6317,True,0,1,1744531357,169977,4,29.24537037037037,29.24537037037037,8076504.814814814,8076534.060185186
TelemetryTask,169979,169980,1746486935,1746489985,34226,True,1,1,1746524211,169983,4,158.4537037037037,158.4537037037037,8085601.782407408,8085760.236111111
UartTxTask,169982,169984,1746519795,1746526707,6285,True,0,1,1746532992,169986,4,29.09722222222222,29.09722222222222,8085771.791666667,8085800.888888889
UartTxTask,169988,169989,1746682057,1746685214,6223,True,0,1,1746691437,169991,4,28.810185185185187,28.810185185185187,8086505.62037037,8086534.430555556
TelemetryTask,169993,169994,1748646937,1748649931,33832,True,1,1,1748683763,169997,4,156.62962962962962,156.62962962962962,8095601.532407408,8095758.162037037
UartTxTask,169996,169998,1748679577,1748686314,6142,True,0,1,1748692456,170000,4,28.435185185185187,28.435185185185187,8095769.972222222,8095798.407407408
UartTxTask,170002,170003,1748841543,1748844781,6252,True,0,1,1748851033,170005,4,28.944444444444443,28.944444444444443,8096503.615740741,8096532.560185186
TelemetryTask,170007,170008,1750806924,1750810033,33972,True,1,1,1750844005,170011,4,157.27777777777777,157.27777777777777,8105602.00462963,8105759.282407408
UartTxTask,170010,170012,1750839727,1750846546,6190,True,0,1,1750852736,170014,4,28.65740740740741,28.65740740740741,8105771.046296297,8105799.703703703
UartTxTask,170016,170017,1751001851,1751004975,6217,True,0,1,1751011192,170019,4,28.78240740740741,28.78240740740741,8106504.513888889,8106533.296296297
TelemetryTask,170021,170022,1752966950,1752970031,34055,True,1,1,1753004086,170025,4,157.66203703703704,157.66203703703704,8115601.99537037,8115759.657407408
UartTxTask,170024,170026,1752999807,1753006597,6107,True,0,1,1753012704,170028,4,28.27314814814815,28.27314814814815,8115771.282407408,8115799.555555556
UartTxTask,170030,170031,1753161784,1753164957,6325,True,0,1,1753171282,170033,4,29.28240740740741,29.28240740740741,8116504.430555556,8116533.712962963
TelemetryTask,170035,170036,1755126963,1755129949,33978,True,1,1,1755163927,170039,4,157.30555555555554,157.30555555555554,8125601.615740741,8125758.921296297
UartTxTask,170038,170040,1755159730,1755166454,6194,True,0,1,1755172648,170042,4,28.675925925925927,28.675925925925927,8125770.62037037,8125799.296296297
UartTxTask,170044,170045,1755321765,1755325010,6206,True,0,1,1755331216,170047,4,28.73148148148148,28.73148148148148,8126504.675925926,8126533.407407408
TelemetryTask,170049,170050,1757286953,1757289924,33922,True,1,1,1757323846,170053,4,157.0462962962963,157.0462962962963,8135601.5,8135758.546296297
UartTxTask,170052,170054,1757319610,1757326345,6151,True,0,1,1757332496,170056,4,28.47685185185185,28.47685185185185,8135770.115740741,8135798.592592592
UartTxTask,170058,170059,1757481597,1757484744,6255,True,0,1,1757490999,170061,4,28.958333333333332,28.958333333333332,8136503.444444444,8136532.402777778
TelemetryTask,170063,170064,1759446952,1759449932,34052,True,1,1,1759483984,170067,4,157.64814814814815,157.64814814814815,8145601.537037037,8145759.185185186
UartTxTask,170066,170068,1759479684,1759486518,6218,True,0,1,1759492736,170070,4,28.787037037037038,28.787037037037038,8145770.916666667,8145799.703703703
UartTxTask,170072,170073,1759641831,1759645010,6390,True,0,1,1759651400,170075,4,29.583333333333332,29.583333333333332,8146504.675925926,8146534.259259259
TelemetryTask,170077,170078,1761606946,1761609959,33904,True,1,1,1761643863,170081,4,156.96296296296296,156.96296296296296,8155601.662037037,8155758.625
UartTxTask,170080,170082,1761639590,1761646384,6148,True,0,1,1761652532,170084,4,28.462962962962962,28.462962962962962,8155770.296296297,8155798.759259259
UartTxTask,170086,170087,1761801636,1761804848,6151,True,0,1,1761810999,170089,4,28.47685185185185,28.47685185185185,8156503.925925926,8156532.402777778
TelemetryTask,170091,170092,1763766968,1763770010,34113,True,1,1,1763804123,170095,4,157.93055555555554,157.93055555555554,8165601.898148148,8165759.828703703
UartTxTask,170094,170096,1763799798,1763806628,6201,True,0,1,1763812829,170098,4,28.708333333333332,28.708333333333332,8165771.425925926,8165800.134259259
UartTxTask,170100,170101,1763961917,1763965055,6345,True,0,1,1763971400,170103,4,29.375,29.375,8166504.884259259,8166534.259259259
TelemetryTask,170105,170106,1765926969,1765930060,33851,True,1,1,1765963911,170109,4,156.71759259259258,156.71759259259258,8175602.12962963,8175758.847222222
UartTxTask,170108,170110,1765959691,1765966428,6081,True,0,1,1765972509,170112,4,28.15277777777778,28.15277777777778,8175770.5,8175798.652777778
UartTxTask,170114,170115,1766121620,1766124783,6298,True,0,1,1766131081,170117,4,29.15740740740741,29.15740740740741,8176503.625,8176532.782407408
TelemetryTask,170119,170120,1768086971,1768090062,34101,True,1,1,1768124163,170123,4,157.875,157.875,8185602.138888889,8185760.013888889
UartTxTask,170122,170124,1768119846,1768126632,6278,True,0,1,1768132910,170126,4,29.064814814814813,29.064814814814813,8185771.444444444,8185800.509259259
UartTxTask,170128,170129,1768281950,1768285157,6235,True,0,1,1768291392,170131,4,28.86574074074074,28.86574074074074,8186505.356481481,8186534.222222222
TelemetryTask,170133,170134,1770246935,1770249999,33917,True,1,1,1770283916,170137,4,157.02314814814815,157.02314814814815,8195601.847222222,8195758.87037037
UartTxTask,170136,170138,1770279637,1770286444,6131,True,0,1,1770292575,170140,4,28.38425925925926,28.38425925925926,8195770.574074074,8195798.958333333
UartTxTask,170142,170143,1770441626,1770444809,6128,True,0,1,1770450937,170145,4,28.37037037037037,28.37037037037037,8196503.74537037,8196532.115740741
TelemetryTask,170147,170148,1772406938,1772409961,34098,True,1,1,1772444059,170151,4,157.86111111111111,157.86111111111111,8205601.671296297,8205759.532407408
UartTxTask,170150,170152,1772439719,1772446561,6205,True,0,1,1772452766,170154,4,28.72685185185185,28.72685185185185,8205771.115740741,8205799.842592592
ButtonTask,170158,170161,1772604186,1772610638,27868,True,1,1,1772638506,170164,4,129.0185185185185,129.0185185185185,8206530.731481481,8206659.75
UartTxTask,170160,170165,1772607805,1772641255,8580,True,0,1,1772649835,170168,4,39.72222222222222,39.72222222222222,8206672.476851852,8206712.199074074
UartTxTask,170170,170171,1772798982,1772800983,7235,True,0,1,1772808218,170173,4,33.495370370370374,33.495370370370374,8207411.958333333,8207445.453703703
TelemetryTask,170175,170176,1774566974,1774570006,34084,True,1,1,1774604090,170179,4,157.7962962962963,157.7962962962963,8215601.87962963,8215759.675925926
UartTxTask,170178,170180,1774599724,1774606590,6278,True,0,1,1774612868,170182,4,29.064814814814813,29.064814814814813,8215771.25,8215800.314814814
UartTxTask,170184,170185,1774762013,1774765166,6202,True,0,1,1774771368,170187,4,28.712962962962962,28.712962962962962,8216505.398148148,8216534.111111111
TelemetryTask,170189,170190,1776726939,1776729978,34014,True,1,1,1776763992,170193,4,157.47222222222223,157.47222222222223,8225601.75,8225759.222222222
UartTxTask,170192,170194,1776759618,1776766463,6209,True,0,1,1776772672,170196,4,28.74537037037037,28.74537037037037,8225770.662037037,8225799.407407408
UartTxTask,170198,170199,1776921761,1776924930,6258,True,0,1,1776931188,170201,4,28.97222222222222,28.97222222222222,8226504.305555556,8226533.277777778
TelemetryTask,170203,170204,1778886936,1778889936,33842,True,1,1,1778923778,170207,4,156.67592592592592,156.67592592592592,8235601.555555556,8235758.231481481
UartTxTask,170206,170208,1778919464,1778926264,6332,True,0,1,1778932596,170210,4,29.314814814814813,29.314814814814813,8235769.740740741,8235799.055555556
UartTxTask,170212,170213,1779081661,1779084891,6333,True,0,1,1779091224,170215,4,29.319444444444443,29.319444444444443,8236504.125,8236533.444444444
TelemetryTask,170217,170218,1781046957,1781049976,33917,True,1,1,1781083893,170221,4,157.02314814814815,157.02314814814815,8245601.740740741,8245758.763888889
UartTxTask,170220,170222,1781079556,1781086425,6251,True,0,1,1781092676,170224,4,28.939814814814813,28.939814814814813,8245770.486111111,8245799.425925926
UartTxTask,170226,170227,1781241790,1781244971,6178,True,0,1,1781251149,170229,4,28.60185185185185,28.60185185185185,8246504.49537037,8246533.097222222
TelemetryTask,170231,170232,1783206928,1783210013,34034,True,1,1,1783244047,170235,4,157.5648148148148,157.5648148148148,8255601.912037037,8255759.476851852
UartTxTask,170234,170236,1783239748,1783246520,6220,True,0,1,1783252740,170238,4,28.796296296296298,28.796296296296298,8255770.925925926,8255799.722222222
UartTxTask,170240,170241,1783401869,1783405136,6139,True,0,1,1783411275,170243,4,28.421296296296298,28.421296296296298,8256505.259259259,8256533.680555556
TelemetryTask,170245,170246,1785366936,1785369998,33890,True,1,1,1785403888,170249,4,156.89814814814815,156.89814814814815,8265601.842592592,8265758.740740741
UartTxTask,170248,170250,1785399605,1785406386,6246,True,0,1,1785412632,170252,4,28.916666666666668,28.916666666666668,8265770.305555556,8265799.222222222
UartTxTask,170254,170255,1785561703,1785564944,6117,True,0,1,1785571061,170257,4,28.319444444444443,28.319444444444443,8266504.37037037,8266532.689814814
TelemetryTask,170259,170260,1787526945,1787529916,33841,True,1,1,1787563757,170263,4,156.6712962962963,156.6712962962963,8275601.462962963,8275758.134259259
UartTxTask,170262,170264,1787559496,1787566289,6157,True,0,1,1787572446,170266,4,28.50462962962963,28.50462962962963,8275769.856481481,8275798.361111111
UartTxTask,170268,170269,1787721511,1787724688,6301,True,0,1,1787730989,170271,4,29.171296296296298,29.171296296296298,8276503.185185186,8276532.356481481
TelemetryTask,170273,170274,1789686936,1789689989,34044,True,1,1,1789724033,170277,4,157.61111111111111,157.61111111111111,8285601.800925926,8285759.412037037
UartTxTask,170276,170278,1789719753,1789726497,6142,True,0,1,1789732639,170280,4,28.435185185185187,28.435185185185187,8285770.819444444,8285799.25462963
UartTxTask,170282,170283,1789881781,1789884983,6198,True,0,1,1789891181,170285,4,28.694444444444443,28.694444444444443,8286504.550925926,8286533.24537037
TelemetryTask,170287,170288,1791846924,1791849956,34087,True,1,1,1791884043,170291,4,157.8101851851852,157.8101851851852,8295601.648148148,8295759.458333333
UartTxTask,170290,170292,1791879684,1791886571,6248,True,0,1,1791892819,170294,4,28.925925925925927,28.925925925925927,8295771.162037037,8295800.087962963
UartTxTask,170296,170297,1792041976,1792045160,6275,True,0,1,1792051435,170299,4,29.050925925925927,29.050925925925927,8296505.37037037,8296534.421296297
TelemetryTask,170301,170302,1794006934,1794010005,33864,True,1,1,1794043869,170305,4,156.77777777777777,156.77777777777777,8305601.875,8305758.652777778
UartTxTask,170304,170306,1794039659,1794046374,6200,True,0,1,1794052574,170308,4,28.703703703703702,28.703703703703702,8305770.25,8305798.953703703
UartTxTask,170310,170311,1794201578,1794204834,6107,True,0,1,1794210941,170313,4,28.27314814814815,28.27314814814815,8306503.861111111,8306532.134259259
TelemetryTask,170315,170316,1796166960,1796169953,33910,True,1,1,1796203863,170319,4,156.99074074074073,156.99074074074073,8315601.634259259,8315758.625
UartTxTask,170318,170320,1796199541,1796206344,6229,True,0,1,1796212573,170322,4,28.837962962962962,28.837962962962962,8315770.111111111,8315798.949074074
UartTxTask,170324,170325,1796361714,1796364955,6308,True,0,1,1796371263,170327,4,29.203703703703702,29.203703703703702,8316504.421296297,8316533.625
TelemetryTask,170329,170330,1798326968,1798329991,33939,True,1,1,1798363930,170333,4,157.125,157.125,8325601.810185186,8325758.935185186
UartTxTask,170332,170334,1798359696,1798366473,6289,True,0,1,1798372762,170336,4,29.11574074074074,29.11574074074074,8325770.708333333,8325799.824074074
UartTxTask,170338,170339,1798521757,1798524880,6131,True,0,1,1798531011,170341,4,28.38425925925926,28.38425925925926,8326504.074074074,8326532.458333333
TelemetryTask,170343,170344,1800486937,1800489974,34073,True,1,1,1800524047,170347,4,157.74537037037038,157.74537037037038,8335601.731481481,8335759.476851852
UartTxTask,170346,170348,1800519757,1800526579,6175,True,0,1,1800532754,170350,4,28.587962962962962,28.587962962962962,8335771.199074074,8335799.787037037
UartTxTask,170352,170353,1800681830,1800684917,6242,True,0,1,1800691159,170355,4,28.89814814814815,28.89814814814815,8336504.24537037,8336533.143518519
TelemetryTask,170357,170358,1802646963,1802650083,34017,True,1,1,1802684100,170361,4,157.48611111111111,157.48611111111111,8345602.236111111,8345759.722222222
UartTxTask,170360,170362,1802679757,1802686624,6238,True,0,1,1802692862,170364,4,28.87962962962963,28.87962962962963,8345771.407407408,8345800.287037037
UartTxTask,170366,170367,1802841939,1802845146,6190,True,0,1,1802851336,170369,4,28.65740740740741,28.65740740740741,8346505.305555556,8346533.962962963
TelemetryTask,170371,170372,1804806953,1804809956,34065,True,1,1,1804844021,170375,4,157.70833333333334,157.70833333333334,8355601.648148148,8355759.356481481
UartTxTask,170374,170376,1804839658,1804846447,6144,True,0,1,1804852591,170378,4,28.444444444444443,28.444444444444443,8355770.587962963,8355799.032407408
UartTxTask,170380,170381,1805001704,1805004858,6138,True,0,1,1805010996,170383,4,28.416666666666668,28.416666666666668,8356503.972222222,8356532.388888889
TelemetryTask,170385,170386,1806966932,1806970011,33916,True,1,1,1807003927,170389,4,157.0185185185185,157.0185185185185,8365601.902777778,8365758.921296297
UartTxTask,170388,170390,1806999713,1807006431,6259,True,0,1,1807012690,170392,4,28.97685185185185,28.97685185185185,8365770.513888889,8365799.490740741
UartTxTask,170394,170395,1807161755,1807164919,6201,True,0,1,1807171120,170397,4,28.708333333333332,28.708333333333332,8366504.25462963,8366532.962962963
TelemetryTask,170399,170400,1809126934,1809129988,33864,True,1,1,1809163852,170403,4,156.77777777777777,156.77777777777777,8375601.796296297,8375758.574074074
UartTxTask,170402,170404,1809159661,1809166381,6256,True,0,1,1809172637,170406,4,28.962962962962962,28.962962962962962,8375770.282407408,8375799.24537037
UartTxTask,170408,170409,1809321766,1809324965,6171,True,0,1,1809331136,170411,4,28.569444444444443,28.569444444444443,8376504.467592592,8376533.037037037
TelemetryTask,170413,170414,1811286944,1811290009,34087,True,1,1,1811324096,170417,4,157.8101851851852,157.8101851851852,8385601.893518519,8385759.703703703
UartTxTask,170416,170418,1811319823,1811326610,6203,True,0,1,1811332813,170420,4,28.71759259259259,28.71759259259259,8385771.342592592,8385800.060185186
UartTxTask,170422,170423,1811481891,1811485098,6342,True,0,1,1811491440,170425,4,29.36111111111111,29.36111111111111,8386505.083333333,8386534.444444444
TelemetryTask,170427,170428,1813446914,1813449915,34022,True,1,1,1813483937,170431,4,157.50925925925927,157.50925925925927,8395601.458333334,8395758.967592593
UartTxTask,170430,170432,1813479599,1813486463,6215,True,0,1,1813492678,170434,4,28.77314814814815,28.77314814814815,8395770.662037037,8395799.435185185
UartTxTask,170436,170437,1813641808,1813645080,6147,True,0,1,1813651227,170439,4,28.458333333333332,28.458333333333332,8396505.0,8396533.458333334
TelemetryTask,170441,170442,1815606924,1815610016,33889,True,1,1,1815643905,170445,4,156.8935185185185,156.8935185185185,8405601.925925925,8405758.819444444
UartTxTask,170444,170446,1815639708,1815646393,6222,True,0,1,1815652615,170448,4,28.805555555555557,28.805555555555557,8405770.337962963,8405799.143518519
UartTxTask,170450,170451,1815801631,1815804834,6234,True,0,1,1815811068,170453,4,28.86111111111111,28.86111111111111,8406503.861111112,8406532.722222222
TelemetryTask,170455,170456,1817766981,1817769993,33861,True,1,1,1817803854,170459,4,156.76388888888889,156.76388888888889,8415601.819444444,8415758.583333334
UartTxTask,170458,170460,1817799518,1817806377,6230,True,0,1,1817812607,170462,4,28.84259259259259,28.84259259259259,8415770.263888888,8415799.106481481
UartTxTask,170464,170465,1817961577,1817964738,6276,True,0,1,1817971014,170467,4,29.055555555555557,29.055555555555557,8416503.416666666,8416532.472222222
TelemetryTask,170469,170470,1819926939,1819930005,33874,True,1,1,1819963879,170473,4,156.82407407407408,156.82407407407408,8425601.875,8425758.699074075
UartTxTask,170472,170474,1819959587,1819966379,6244,True,0,1,1819972623,170476,4,28.90740740740741,28.90740740740741,8425770.273148147,8425799.180555556
UartTxTask,170478,170479,1820121711,1820124948,6209,True,0,1,1820131157,170481,4,28.74537037037037,28.74537037037037,8426504.388888888,8426533.13425926
TelemetryTask,170483,170484,1822086944,1822089954,34122,True,1,1,1822124076,170487,4,157.97222222222223,157.97222222222223,8435601.638888888,8435759.611111112
UartTxTask,170486,170488,1822119732,1822126642,6221,True,0,1,1822132863,170490,4,28.800925925925927,28.800925925925927,8435771.49074074,8435800.291666666
UartTxTask,170492,170493,1822282011,1822285104,6290,True,0,1,1822291394,170495,4,29.12037037037037,29.12037037037037,8436505.111111112,8436534.231481481
TelemetryTask,170497,170498,1824246919,1824249931,34073,True,1,1,1824284004,170501,4,157.74537037037038,157.74537037037038,8445601.532407407,8445759.277777778
UartTxTask,170500,170502,1824279773,1824286537,6185,True,0,1,1824292722,170504,4,28.63425925925926,28.63425925925926,8445771.004629629,8445799.638888888
UartTxTask,170506,170507,1824441791,1824445009,6279,True,0,1,1824451288,170509,4,29.069444444444443,29.069444444444443,8446504.671296297,8446533.74074074
TelemetryTask,170511,170512,1826406921,1826409963,33886,True,1,1,1826443849,170515,4,156.87962962962962,156.87962962962962,8455601.680555556,8455758.560185185
UartTxTask,170514,170516,1826439617,1826446327,6139,True,0,1,1826452466,170518,4,28.421296296296298,28.421296296296298,8455770.032407407,8455798.453703703
UartTxTask,170520,170521,1826601549,1826604736,6230,True,0,1,1826610966,170523,4,28.84259259259259,28.84259259259259,8456503.407407407,8456532.25
TelemetryTask,170525,170526,1828566921,1828570005,33840,True,1,1,1828603845,170529,4,156.66666666666666,156.66666666666666,8465601.875,8465758.541666666
UartTxTask,170528,170530,1828599532,1828606337,6167,True,0,1,1828612504,170532,4,28.550925925925927,28.550925925925927,8465770.078703703,8465798.629629629
UartTxTask,170534,170535,1828761638,1828764787,6314,True,0,1,1828771101,170537,4,29.23148148148148,29.23148148148148,8466503.643518519,8466532.875
TelemetryTask,170539,170540,1830726976,1830730092,33831,True,1,1,1830763923,170543,4,156.625,156.625,8475602.277777778,8475758.902777778
UartTxTask,170542,170544,1830759704,1830766456,6200,True,0,1,1830772656,170546,4,28.703703703703702,28.703703703703702,8475770.629629629,8475799.333333334
UartTxTask,170548,170549,1830921742,1830925000,6160,True,0,1,1830931160,170551,4,28.51851851851852,28.51851851851852,8476504.629629629,8476533.148148147
TelemetryTask,170553,170554,1832886952,1832889951,34032,True,1,1,1832923983,170557,4,157.55555555555554,157.55555555555554,8485601.625,8485759.180555556
UartTxTask,170556,170558,1832919635,1832926498,6152,True,0,1,1832932650,170560,4,28.48148148148148,28.48148148148148,8485770.824074075,8485799.305555556
UartTxTask,170562,170563,1833081752,1833084883,6245,True,0,1,1833091128,170565,4,28.912037037037038,28.912037037037038,8486504.087962963,8486533.0
TelemetryTask,170567,170568,1835046946,1835050021,34017,True,1,1,1835084038,170571,4,157.48611111111111,157.48611111111111,8495601.949074075,8495759.435185185
UartTxTask,170570,170572,1835079764,1835086584,6037,True,0,1,1835092621,170574,4,27.949074074074073,27.949074074074073,8495771.222222222,8495799.171296297
UartTxTask,170576,170577,1835241741,1835244898,6252,True,0,1,1835251150,170579,4,28.944444444444443,28.944444444444443,8496504.157407407,8496533.101851853
TelemetryTask,170581,170582,1837206952,1837209881,34037,True,1,1,1837243918,170585,4,157.5787037037037,157.5787037037037,8505601.300925925,8505758.879629629
UartTxTask,170584,170586,1837239619,1837246475,6225,True,0,1,1837252700,170588,4,28.819444444444443,28.819444444444443,8505770.717592593,8505799.537037037
UartTxTask,170590,170591,1837401823,1837404990,6214,True,0,1,1837411204,170593,4,28.76851851851852,28.76851851851852,8506504.583333334,8506533.351851853
TelemetryTask,170595,170596,1839366967,1839369924,33968,True,1,1,1839403892,170599,4,157.25925925925927,157.25925925925927,8515601.5,8515758.75925926
UartTxTask,170598,170600,1839399623,1839406363,6315,True,0,1,1839412678,170602,4,29.23611111111111,29.23611111111111,8515770.199074075,8515799.435185185
UartTxTask,170604,170605,1839561691,1839564834,6262,True,0,1,1839571096,170607,4,28.99074074074074,28.99074074074074,8516503.861111112,8516532.851851853
TelemetryTask,170609,170610,1841526953,1841529923,33921,True,1,1,1841563844,170613,4,157.04166666666666,157.04166666666666,8525601.495370371,8525758.537037037
UartTxTask,170612,170614,1841559530,1841566405,6093,True,0,1,1841572498,170616,4,28.208333333333332,28.208333333333332,8525770.393518519,8525798.601851853
UartTxTask,170618,170619,1841721671,1841724894,6191,True,0,1,1841731085,170621,4,28.662037037037038,28.662037037037038,8526504.138888888,8526532.800925925
TelemetryTask,170623,170624,1843686924,1843689950,33931,True,1,1,1843723881,170627,4,157.08796296296296,157.08796296296296,8535601.620370371,8535758.708333334
UartTxTask,170626,170628,1843719717,1843726354,6102,True,0,1,1843732456,170630,4,28.25,28.25,8535770.157407407,8535798.407407407
UartTxTask,170632,170633,1843881570,1843884814,6358,True,0,1,1843891172,170635,4,29.435185185185187,29.435185185185187,8536503.768518519,8536533.203703703
TelemetryTask,170637,170638,1845846927,1845849976,33909,True,1,1,1845883885,170641,4,156.98611111111111,156.98611111111111,8545601.74074074,8545758.726851853
UartTxTask,170640,170642,1845879677,1845886401,6280,True,0,1,1845892681,170644,4,29.074074074074073,29.074074074074073,8545770.375,8545799.449074075
UartTxTask,170646,170647,1846041714,1846044955,6323,True,0,1,1846051278,170649,4,29.27314814814815,29.27314814814815,8546504.421296297,8546533.694444444
TelemetryTask,170651,170652,1848006964,1848009998,33914,True,1,1,1848043912,170655,4,157.00925925925927,157.00925925925927,8555601.842592593,8555758.851851853
UartTxTask,170654,170656,1848039690,1848046438,6209,True,0,1,1848052647,170658,4,28.74537037037037,28.74537037037037,8555770.546296297,8555799.291666666
UartTxTask,170660,170661,1848201729,1848204843,6390,True,0,1,1848211233,170663,4,29.583333333333332,29.583333333333332,8556503.902777778,8556533.486111112
TelemetryTask,170665,170666,1850166948,1850169943,33853,True,1,1,1850203796,170669,4,156.72685185185185,156.72685185185185,8565601.587962963,8565758.314814815
UartTxTask,170668,170670,1850199575,1850206327,6324,True,0,1,1850212651,170672,4,29.27777777777778,29.27777777777778,8565770.032407407,8565799.310185185
UartTxTask,170674,170675,1850361768,1850364963,6234,True,0,1,1850371197,170677,4,28.86111111111111,28.86111111111111,8566504.458333334,8566533.319444444
TelemetryTask,170679,170680,1852326939,1852329961,33906,True,1,1,1852363867,170683,4,156.97222222222223,156.97222222222223,8575601.671296297,8575758.643518519
UartTxTask,170682,170684,1852359585,1852366367,6213,True,0,1,1852372580,170686,4,28.76388888888889,28.76388888888889,8575770.217592593,8575798.981481481
UartTxTask,170688,170689,1852521635,1852524833,6233,True,0,1,1852531066,170691,4,28.85648148148148,28.85648148148148,8576503.856481481,8576532.712962963
TelemetryTask,170693,170694,1854486948,1854490017,33844,True,1,1,1854523861,170697,4,156.6851851851852,156.6851851851852,8585601.930555556,8585758.61574074
UartTxTask,170696,170698,1854519692,1854526323,6188,True,0,1,1854532511,170700,4,28.64814814814815,28.64814814814815,8585770.013888888,8585798.662037037
UartTxTask,170702,170703,1854681628,1854684822,6262,True,0,1,1854691084,170705,4,28.99074074074074,28.99074074074074,8586503.805555556,8586532.796296297
TelemetryTask,170707,170708,1856646970,1856650002,34189,True,1,1,1856684191,170711,4,158.28240740740742,158.28240740740742,8595601.861111112,8595760.143518519
UartTxTask,170710,170712,1856679829,1856686705,6313,True,0,1,1856693018,170714,4,29.22685185185185,29.22685185185185,8595771.782407407,8595801.00925926
UartTxTask,170716,170717,1856842106,1856845361,6335,True,0,1,1856851696,170719,4,29.328703703703702,29.328703703703702,8596506.300925925,8596535.629629629
TelemetryTask,170721,170722,1858806943,1858810042,34092,True,1,1,1858844134,170725,4,157.83333333333334,157.83333333333334,8605602.046296297,8605759.879629629
UartTxTask,170724,170726,1858839802,1858846687,6096,True,0,1,1858852783,170728,4,28.22222222222222,28.22222222222222,8605771.699074075,8605799.921296297
UartTxTask,170730,170731,1859001884,1859005050,6263,True,0,1,1859011313,170733,4,28.99537037037037,28.99537037037037,8606504.861111112,8606533.856481481
TelemetryTask,170735,170736,1860966935,1860970003,34082,True,1,1,1861004085,170739,4,157.78703703703704,157.78703703703704,8615601.86574074,8615759.652777778
UartTxTask,170738,170740,1860999763,1861006539,6226,True,0,1,1861012765,170742,4,28.824074074074073,28.824074074074073,8615771.013888888,8615799.837962963
UartTxTask,170744,170745,1861161797,1861165027,6334,True,0,1,1861171361,170747,4,29.324074074074073,29.324074074074073,8616504.754629629,8616534.078703703
TelemetryTask,170749,170750,1863126941,1863129945,33861,True,1,1,1863163806,170753,4,156.76388888888889,156.76388888888889,8625601.597222222,8625758.361111112
UartTxTask,170752,170754,1863159647,1863166323,6207,True,0,1,1863172530,170756,4,28.73611111111111,28.73611111111111,8625770.013888888,8625798.75
UartTxTask,170758,170759,1863321584,1863324790,6199,True,0,1,1863330989,170761,4,28.699074074074073,28.699074074074073,8626503.657407407,8626532.356481481
TelemetryTask,170763,170764,1865286933,1865289998,34146,True,1,1,1865324144,170767,4,158.08333333333334,158.08333333333334,8635601.842592593,8635759.925925925
UartTxTask,170766,170768,1865319728,1865326647,6144,True,0,1,1865332791,170770,4,28.444444444444443,28.444444444444443,8635771.513888888,8635799.958333334
UartTxTask,170772,170773,1865481904,1865485128,6267,True,0,1,1865491395,170775,4,29.01388888888889,29.01388888888889,8636505.222222222,8636534.236111112
TelemetryTask,170777,170778,1867446938,1867449951,33881,True,1,1,1867483832,170781,4,156.8564814814815,156.8564814814815,8645601.625,8645758.481481481
UartTxTask,170780,170782,1867479668,1867486382,6188,True,0,1,1867492570,170784,4,28.64814814814815,28.64814814814815,8645770.287037037,8645798.935185185
UartTxTask,170786,170787,1867641662,1867644894,6211,True,0,1,1867651105,170789,4,28.75462962962963,28.75462962962963,8646504.138888888,8646532.893518519
TelemetryTask,170791,170792,1869606928,1869609925,34049,True,1,1,1869643974,170795,4,157.63425925925927,157.63425925925927,8655601.504629629,8655759.138888888
UartTxTask,170794,170796,1869639632,1869646512,6182,True,0,1,1869652694,170798,4,28.62037037037037,28.62037037037037,8655770.888888888,8655799.50925926
UartTxTask,170800,170801,1869801773,1869804970,6236,True,0,1,1869811206,170803,4,28.87037037037037,28.87037037037037,8656504.49074074,8656533.361111112
TelemetryTask,170805,170806,1871766913,1871769912,33791,True,1,1,1871803703,170809,4,156.4398148148148,156.4398148148148,8665601.444444444,8665757.88425926
UartTxTask,170808,170810,1871799541,1871806225,6258,True,0,1,1871812483,170812,4,28.97222222222222,28.97222222222222,8665769.560185185,8665798.532407407
UartTxTask,170814,170815,1871961556,1871964778,6146,True,0,1,1871970924,170817,4,28.453703703703702,28.453703703703702,8666503.601851853,8666532.055555556
TelemetryTask,170819,170820,1873926932,1873929975,33933,True,1,1,1873963908,170823,4,157.09722222222223,157.09722222222223,8675601.736111112,8675758.833333334
UartTxTask,170822,170824,1873959602,1873966414,6232,True,0,1,1873972646,170826,4,28.85185185185185,28.85185185185185,8675770.435185185,8675799.287037037
UartTxTask,170828,170829,1874121733,1874124924,6245,True,0,1,1874131169,170831,4,28.912037037037038,28.912037037037038,8676504.277777778,8676533.189814815
TelemetryTask,170833,170834,1876086933,1876090015,33985,True,1,1,1876124000,170837,4,157.33796296296296,157.33796296296296,8685601.921296297,8685759.25925926
UartTxTask,170836,170838,1876119656,1876126521,6149,True,0,1,1876132670,170840,4,28.46759259259259,28.46759259259259,8685770.930555556,8685799.398148147
UartTxTask,170842,170843,1876281835,1876284987,6269,True,0,1,1876291256,170845,4,29.02314814814815,29.02314814814815,8686504.569444444,8686533.592592593
TelemetryTask,170847,170848,1878246953,1878250040,33913,True,1,1,1878283953,170851,4,157.00462962962962,157.00462962962962,8695602.037037037,8695759.041666666
UartTxTask,170850,170852,1878279704,1878286469,6236,True,0,1,1878292705,170854,4,28.87037037037037,28.87037037037037,8695770.689814815,8695799.560185185
UartTxTask,170856,170857,1878441715,1878444845,6377,True,0,1,1878451222,170859,4,29.52314814814815,29.52314814814815,8696503.912037037,8696533.435185185
TelemetryTask,170861,170862,1880406939,1880409986,33997,True,1,1,1880443983,170865,4,157.3935185185185,157.3935185185185,8705601.787037037,8705759.180555556
UartTxTask,170864,170866,1880439648,1880446478,6297,True,0,1,1880452775,170868,4,29.15277777777778,29.15277777777778,8705770.731481481,8705799.88425926
UartTxTask,170870,170871,1880601793,1880604997,6376,True,0,1,1880611373,170873,4,29.51851851851852,29.51851851851852,8706504.61574074,8706534.13425926
TelemetryTask,170875,170876,1882566917,1882569924,33787,True,1,1,1882603711,170879,4,156.4212962962963,156.4212962962963,8715601.5,8715757.921296297
UartTxTask,170878,170880,1882599464,1882606224,6106,True,0,1,1882612330,170882,4,28.26851851851852,28.26851851851852,8715769.555555556,8715797.824074075
UartTxTask,170884,170885,1882761423,1882764557,6251,True,0,1,1882770808,170887,4,28.939814814814813,28.939814814814813,8716502.578703703,8716531.518518519
TelemetryTask,170889,170890,1884726939,1884729893,33993,True,1,1,1884763886,170893,4,157.375,157.375,8725601.356481481,8725758.731481481
UartTxTask,170892,170894,1884759590,1884766330,6222,True,0,1,1884772552,170896,4,28.805555555555557,28.805555555555557,8725770.046296297,8725798.851851853
UartTxTask,170898,170899,1884921697,1884924866,6177,True,0,1,1884931043,170901,4,28.59722222222222,28.59722222222222,8726504.00925926,8726532.606481481
TelemetryTask,170903,170904,1886886933,1886889979,33989,True,1,1,1886923968,170907,4,157.3564814814815,157.3564814814815,8735601.754629629,8735759.111111112
UartTxTask,170906,170908,1886919731,1886926512,6144,True,0,1,1886932656,170910,4,28.444444444444443,28.444444444444443,8735770.888888888,8735799.333333334
UartTxTask,170912,170913,1887081786,1887084945,6080,True,0,1,1887091025,170915,4,28.14814814814815,28.14814814814815,8736504.375,8736532.523148147
TelemetryTask,170917,170918,1889046937,1889049943,33921,True,1,1,1889083864,170921,4,157.04166666666666,157.04166666666666,8745601.587962963,8745758.629629629
UartTxTask,170920,170922,1889079650,1889086414,6160,True,0,1,1889092574,170924,4,28.51851851851852,28.51851851851852,8745770.435185185,8745798.953703703
UartTxTask,170926,170927,1889241690,1889244878,6232,True,0,1,1889251110,170929,4,28.85185185185185,28.85185185185185,8746504.064814815,8746532.916666666
TelemetryTask,170931,170932,1891206971,1891210021,33937,True,1,1,1891243958,170935,4,157.11574074074073,157.11574074074073,8755601.949074075,8755759.064814815
UartTxTask,170934,170936,1891239673,1891246516,6063,True,0,1,1891252579,170938,4,28.069444444444443,28.069444444444443,8755770.907407407,8755798.976851853
UartTxTask,170940,170941,1891401745,1891404991,6288,True,0,1,1891411279,170943,4,29.11111111111111,29.11111111111111,8756504.587962963,8756533.699074075
TelemetryTask,170945,170946,1893366967,1893369981,34292,True,1,1,1893404273,170949,4,158.75925925925927,158.75925925925927,8765601.763888888,8765760.523148147
UartTxTask,170948,170950,1893399876,1893406854,6197,True,0,1,1893413051,170952,4,28.689814814814813,28.689814814814813,8765772.472222222,8765801.162037037
UartTxTask,170954,170955,1893562174,1893565336,6309,True,0,1,1893571645,170957,4,29.208333333333332,29.208333333333332,8766506.185185185,8766535.393518519
TelemetryTask,170959,170960,1895526930,1895529989,34047,True,1,1,1895564036,170963,4,157.625,157.625,8775601.800925925,8775759.425925925
UartTxTask,170962,170964,1895559788,1895566588,6171,True,0,1,1895572759,170966,4,28.569444444444443,28.569444444444443,8775771.24074074,8775799.810185185
UartTxTask,170968,170969,1895721808,1895724935,6248,True,0,1,1895731183,170971,4,28.925925925925927,28.925925925925927,8776504.328703703,8776533.254629629
TelemetryTask,170973,170974,1897686963,1897690101,33995,True,1,1,1897724096,170977,4,157.38425925925927,157.38425925925927,8785602.319444444,8785759.703703703
UartTxTask,170976,170978,1897719888,1897726560,6230,True,0,1,1897732790,170980,4,28.84259259259259,28.84259259259259,8785771.111111112,8785799.953703703
UartTxTask,170982,170983,1897881882,1897885042,6228,True,0,1,1897891270,170985,4,28.833333333333332,28.833333333333332,8786504.824074075,8786533.657407407
TelemetryTask,170987,170988,1899846952,1899850059,33879,True,1,1,1899883938,170991,4,156.84722222222223,156.84722222222223,8795602.125,8795758.972222222
UartTxTask,170990,170992,1899879673,1899886433,6278,True,0,1,1899892711,170994,4,29.064814814814813,29.064814814814813,8795770.523148147,8795799.587962963
UartTxTask,170996,170997,1900041803,1900045031,6343,True,0,1,1900051374,170999,4,29.36574074074074,29.36574074074074,8796504.773148147,8796534.138888888
TelemetryTask,171001,171002,1902006973,1902010070,33994,True,1,1,1902044064,171005,4,157.37962962962962,157.37962962962962,8805602.175925925,8805759.555555556
UartTxTask,171004,171006,1902039802,1902046587,6227,True,0,1,1902052814,171008,4,28.828703703703702,28.828703703703702,8805771.236111112,8805800.064814815
UartTxTask,171010,171011,1902201805,1902204964,6085,True,0,1,1902211049,171013,4,28.171296296296298,28.171296296296298,8806504.462962963,8806532.63425926
TelemetryTask,171015,171016,1904166921,1904169988,34020,True,1,1,1904204008,171019,4,157.5,157.5,8815601.796296297,8815759.296296297
UartTxTask,171018,171020,1904199683,1904206509,6189,True,0,1,1904212698,171022,4,28.65277777777778,28.65277777777778,8815770.875,8815799.527777778
UartTxTask,171024,171025,1904361765,1904365006,6198,True,0,1,1904371204,171027,4,28.694444444444443,28.694444444444443,8816504.657407407,8816533.351851853
TelemetryTask,171029,171030,1906326969,1906330030,33909,True,1,1,1906363939,171033,4,156.98611111111111,156.98611111111111,8825601.99074074,8825758.976851853
UartTxTask,171032,171034,1906359701,1906366473,6145,True,0,1,1906372618,171036,4,28.449074074074073,28.449074074074073,8825770.708333334,8825799.157407407
UartTxTask,171038,171039,1906521689,1906524865,6245,True,0,1,1906531110,171041,4,28.912037037037038,28.912037037037038,8826504.004629629,8826532.916666666
TelemetryTask,171043,171044,1908486964,1908490000,33974,True,1,1,1908523974,171047,4,157.28703703703704,157.28703703703704,8835601.851851853,8835759.138888888
UartTxTask,171046,171048,1908519571,1908526414,6190,True,0,1,1908532604,171050,4,28.65740740740741,28.65740740740741,8835770.435185185,8835799.092592593
UartTxTask,171052,171053,1908681630,1908684718,6287,True,0,1,1908691005,171055,4,29.10648148148148,29.10648148148148,8836503.324074075,8836532.430555556
TelemetryTask,171057,171058,1910646923,1910649877,33978,True,1,1,1910683855,171061,4,157.30555555555554,157.30555555555554,8845601.282407407,8845758.587962963
UartTxTask,171060,171062,1910679497,1910686400,6241,True,0,1,1910692641,171064,4,28.89351851851852,28.89351851851852,8845770.370370371,8845799.263888888
UartTxTask,171066,171067,1910841699,1910844868,6233,True,0,1,1910851101,171069,4,28.85648148148148,28.85648148148148,8846504.018518519,8846532.875
TelemetryTask,171071,171072,1912806950,1912809938,33886,True,1,1,1912843824,171075,4,156.87962962962962,156.87962962962962,8855601.564814815,8855758.444444444
UartTxTask,171074,171076,1912839628,1912846298,6166,True,0,1,1912852464,171078,4,28.546296296296298,28.546296296296298,8855769.898148147,8855798.444444444
UartTxTask,171080,171081,1913001620,1913004825,6264,True,0,1,1913011089,171083,4,29.0,29.0,8856503.819444444,8856532.819444444
TelemetryTask,171085,171086,1914966944,1914970053,34159,True,1,1,1915004212,171089,4,158.1435185185185,158.1435185185185,8865602.097222222,8865760.24074074
UartTxTask,171088,171090,1914999866,1915006765,6173,True,0,1,1915012938,171092,4,28.578703703703702,28.578703703703702,8865772.060185185,8865800.638888888
UartTxTask,171094,171095,1915162105,1915165247,6316,True,0,1,1915171563,171097,4,29.24074074074074,29.24074074074074,8866505.773148147,8866535.013888888
TelemetryTask,171099,171100,1917126958,1917130013,34038,True,1,1,1917164051,171103,4,157.58333333333334,157.58333333333334,8875601.912037037,8875759.495370371
UartTxTask,171102,171104,1917159760,1917166562,6154,True,0,1,1917172716,171106,4,28.49074074074074,28.49074074074074,8875771.120370371,8875799.611111112
UartTxTask,171108,171109,1917321814,1917324933,6173,True,0,1,1917331106,171111,4,28.578703703703702,28.578703703703702,8876504.319444444,8876532.898148147
TelemetryTask,171113,171114,1919286948,1919289928,34217,True,1,1,1919324145,171117,4,158.41203703703704,158.41203703703704,8885601.518518519,8885759.930555556
UartTxTask,171116,171118,1919319821,1919326660,6260,True,0,1,1919332920,171120,4,28.98148148148148,28.98148148148148,8885771.574074075,8885800.555555556
UartTxTask,171122,171123,1919481953,1919485171,6276,True,0,1,1919491447,171125,4,29.055555555555557,29.055555555555557,8886505.421296297,8886534.476851853
TelemetryTask,171127,171128,1921446939,1921449957,33762,True,1,1,1921483719,171131,4,156.30555555555554,156.30555555555554,8895601.652777778,8895757.958333334
UartTxTask,171130,171132,1921479496,1921486272,6195,True,0,1,1921492467,171134,4,28.680555555555557,28.680555555555557,8895769.777777778,8895798.458333334
UartTxTask,171136,171137,1921641627,1921644775,6241,True,0,1,1921651016,171139,4,28.89351851851852,28.89351851851852,8896503.587962963,8896532.481481481
TelemetryTask,171141,171142,1923606966,1923609941,34119,True,1,1,1923644060,171145,4,157.95833333333334,157.95833333333334,8905601.578703703,8905759.537037037
UartTxTask,171144,171146,1923639734,1923646589,6175,True,0,1,1923652764,171148,4,28.587962962962962,28.587962962962962,8905771.245370371,8905799.833333334
UartTxTask,171150,171151,1923801868,1923804986,6306,True,0,1,1923811292,171153,4,29.194444444444443,29.194444444444443,8906504.564814815,8906533.75925926
TelemetryTask,171155,171156,1925766952,1925770010,34049,True,1,1,1925804059,171159,4,157.63425925925927,157.63425925925927,8915601.898148147,8915759.532407407
UartTxTask,171158,171160,1925799797,1925806540,6223,True,0,1,1925812763,171162,4,28.810185185185187,28.810185185185187,8915771.018518519,8915799.828703703
UartTxTask,171164,171165,1925961872,1925965069,6217,True,0,1,1925971286,171167,4,28.78240740740741,28.78240740740741,8916504.949074075,8916533.731481481
TelemetryTask,171169,171170,1927926937,1927929984,34204,True,1,1,1927964188,171173,4,158.35185185185185,158.35185185185185,8925601.777777778,8925760.129629629
UartTxTask,171172,171174,1927959886,1927966756,6238,True,0,1,1927972994,171176,4,28.87962962962963,28.87962962962963,8925772.018518519,8925800.898148147
UartTxTask,171178,171179,1928122088,1928125288,6248,True,0,1,1928131536,171181,4,28.925925925925927,28.925925925925927,8926505.962962963,8926534.888888888
TelemetryTask,171183,171184,1930086954,1930090002,33773,True,1,1,1930123775,171187,4,156.3564814814815,156.3564814814815,8935601.861111112,8935758.217592593
UartTxTask,171186,171188,1930119519,1930126305,6159,True,0,1,1930132464,171190,4,28.51388888888889,28.51388888888889,8935769.930555556,8935798.444444444
UartTxTask,171192,171193,1930281623,1930284853,6245,True,0,1,1930291098,171195,4,28.912037037037038,28.912037037037038,8936503.949074075,8936532.861111112
TelemetryTask,171197,171198,1932246959,1932250000,33836,True,1,1,1932283836,171201,4,156.64814814814815,156.64814814814815,8945601.851851853,8945758.5
UartTxTask,171200,171202,1932279628,1932286374,6139,True,0,1,1932292513,171204,4,28.421296296296298,28.421296296296298,8945770.25,8945798.671296297
UartTxTask,171206,171207,1932441507,1932444689,6238,True,0,1,1932450927,171209,4,28.87962962962963,28.87962962962963,8946503.189814815,8946532.069444444
TelemetryTask,171211,171212,1934406945,1934409941,34121,True,1,1,1934444062,171215,4,157.96759259259258,157.96759259259258,8955601.578703703,8955759.546296297
UartTxTask,171214,171216,1934439755,1934446556,6174,True,0,1,1934452730,171218,4,28.583333333333332,28.583333333333332,8955771.092592593,8955799.675925925
UartTxTask,171220,171221,1934601813,1934604978,6187,True,0,1,1934611165,171223,4,28.64351851851852,28.64351851851852,8956504.527777778,8956533.171296297
TelemetryTask,171225,171226,1936566954,1936570062,34133,True,1,1,1936604195,171229,4,158.02314814814815,158.02314814814815,8965602.138888888,8965760.162037037
UartTxTask,171228,171230,1936599873,1936606690,6188,True,0,1,1936612878,171232,4,28.64814814814815,28.64814814814815,8965771.712962963,8965800.361111112
UartTxTask,171234,171235,1936761994,1936765151,6281,True,0,1,1936771432,171237,4,29.078703703703702,29.078703703703702,8966505.328703703,8966534.407407407
TelemetryTask,171239,171240,1938726940,1938729978,34149,True,1,1,1938764127,171243,4,158.09722222222223,158.09722222222223,8975601.75,8975759.847222222
UartTxTask,171242,171244,1938759588,1938766653,6237,True,0,1,1938772890,171246,4,28.875,28.875,8975771.541666666,8975800.416666666
UartTxTask,171248,171249,1938921866,1938925061,6282,True,0,1,1938931343,171251,4,29.083333333333332,29.083333333333332,8976504.912037037,8976533.995370371
TelemetryTask,171253,171254,1940886910,1940889915,33697,True,1,1,1940923612,171257,4,156.00462962962962,156.00462962962962,8985601.458333334,8985757.462962963
UartTxTask,171256,171258,1940919432,1940926124,6268,True,0,1,1940932392,171260,4,29.01851851851852,29.01851851851852,8985769.092592593,8985798.111111112
UartTxTask,171262,171263,1941081491,1941084673,6288,True,0,1,1941090961,171265,4,29.11111111111111,29.11111111111111,8986503.11574074,8986532.226851853
TelemetryTask,171267,171268,1943046924,1943049933,33833,True,1,1,1943083766,171271,4,156.63425925925927,156.63425925925927,8995601.541666666,8995758.175925925
UartTxTask,171270,171272,1943079526,1943086280,6218,True,0,1,1943092498,171274,4,28.787037037037038,28.787037037037038,8995769.814814815,8995798.601851853
UartTxTask,171276,171277,1943241523,1943244712,6308,True,0,1,1943251020,171279,4,29.203703703703702,29.203703703703702,8996503.296296297,8996532.5
TelemetryTask,171281,171282,1945206899,1945209901,33895,True,1,1,1945243796,171285,4,156.9212962962963,156.9212962962963,9005601.393518519,9005758.314814815
UartTxTask,171284,171286,1945239478,1945246357,6196,True,0,1,1945252553,171288,4,28.685185185185187,28.685185185185187,9005770.171296297,9005798.856481481
UartTxTask,171290,171291,1945401619,1945404786,6263,True,0,1,1945411049,171293,4,28.99537037037037,28.99537037037037,9006503.638888888,9006532.63425926
TelemetryTask,171295,171296,1947366946,1947370027,33855,True,1,1,1947403882,171299,4,156.73611111111111,156.73611111111111,9015601.976851853,9015758.712962963
UartTxTask,171298,171300,1947399666,1947406397,6117,True,0,1,1947412514,171302,4,28.319444444444443,28.319444444444443,9015770.356481481,9015798.675925925
UartTxTask,171304,171305,1947561626,1947564824,6295,True,0,1,1947571119,171307,4,29.14351851851852,29.14351851851852,9016503.814814815,9016532.958333334
TelemetryTask,171309,171310,1949526981,1949530026,34022,True,1,1,1949564048,171313,4,157.50925925925927,157.50925925925927,9025601.972222222,9025759.481481481
UartTxTask,171312,171314,1949559765,1949566605,6130,True,0,1,1949572735,171316,4,28.37962962962963,28.37962962962963,9025771.319444444,9025799.699074075
UartTxTask,171318,171319,1949721860,1949725035,6293,True,0,1,1949731328,171321,4,29.13425925925926,29.13425925925926,9026504.791666666,9026533.925925925
TelemetryTask,171323,171324,1951686962,1951689997,33983,True,1,1,1951723980,171327,4,157.3287037037037,157.3287037037037,9035601.837962963,9035759.166666666
UartTxTask,171326,171328,1951719614,1951726496,6133,True,0,1,1951732629,171330,4,28.39351851851852,28.39351851851852,9035770.814814815,9035799.208333334
UartTxTask,171332,171333,1951881728,1951884922,6268,True,0,1,1951891190,171335,4,29.01851851851852,29.01851851851852,9036504.268518519,9036533.287037037
TelemetryTask,171337,171338,1953846967,1953850053,33871,True,1,1,1953883924,171341,4,156.8101851851852,156.8101851851852,9045602.097222222,9045758.907407407
UartTxTask,171340,171342,1953879733,1953886460,6105,True,0,1,1953892565,171344,4,28.26388888888889,28.26388888888889,9045770.648148147,9045798.912037037
UartTxTask,171346,171347,1954041629,1954044801,6155,True,0,1,1954050956,171349,4,28.49537037037037,28.49537037037037,9046503.708333334,9046532.203703703
TelemetryTask,171351,171352,1956006944,1956009970,34055,True,1,1,1956044025,171355,4,157.66203703703704,157.66203703703704,9055601.712962963,9055759.375
UartTxTask,171354,171356,1956039731,1956046547,6248,True,0,1,1956052795,171358,4,28.925925925925927,28.925925925925927,9055771.050925925,9055799.976851853
UartTxTask,171360,171361,1956201805,1956205000,6183,True,0,1,1956211183,171363,4,28.625,28.625,9056504.629629629,9056533.254629629
TelemetryTask,171365,171366,1958166943,1958170034,34158,True,1,1,1958204192,171369,4,158.13888888888889,158.13888888888889,9065602.00925926,9065760.148148147
UartTxTask,171368,171370,1958199968,1958206677,6276,True,0,1,1958212953,171372,4,29.055555555555557,29.055555555555557,9065771.652777778,9065800.708333334
UartTxTask,171374,171375,1958362032,1958365232,6170,True,0,1,1958371402,171377,4,28.564814814814813,28.564814814814813,9066505.703703703,9066534.268518519
TelemetryTask,171379,171380,1960326950,1960329927,33944,True,1,1,1960363871,171383,4,157.14814814814815,157.14814814814815,9075601.513888888,9075758.662037037
UartTxTask,171382,171384,1960359649,1960366415,6081,True,0,1,1960372496,171386,4,28.15277777777778,28.15277777777778,9075770.439814815,9075798.592592593
UartTxTask,171388,171389,1960521621,1960524814,6243,True,0,1,1960531057,171391,4,28.90277777777778,28.90277777777778,9076503.768518519,9076532.671296297
TelemetryTask,171393,171394,1962486906,1962489970,34066,True,1,1,1962524036,171397,4,157.71296296296296,157.71296296296296,9085601.712962963,9085759.425925925
UartTxTask,171396,171398,1962519669,1962526499,6099,True,0,1,1962532598,171400,4,28.23611111111111,28.23611111111111,9085770.828703703,9085799.064814815
UartTxTask,171402,171403,1962681734,1962684908,6209,True,0,1,1962691117,171405,4,28.74537037037037,28.74537037037037,9086504.203703703,9086532.949074075
TelemetryTask,171407,171408,1964646955,1964650009,33832,True,1,1,1964683841,171411,4,156.62962962962962,156.62962962962962,9095601.893518519,9095758.523148147
UartTxTask,171410,171412,1964679675,1964686361,6194,True,0,1,1964692555,171414,4,28.675925925925927,28.675925925925927,9095770.189814815,9095798.86574074
UartTxTask,171416,171417,1964841702,1964844961,6237,True,0,1,1964851198,171419,4,28.875,28.875,9096504.449074075,9096533.324074075
TelemetryTask,171421,171422,1966806962,1966810029,33956,True,1,1,1966843985,171425,4,157.2037037037037,157.2037037037037,9105601.986111112,9105759.189814815
UartTxTask,171424,171426,1966839705,1966846467,6309,True,0,1,1966852776,171428,4,29.208333333333332,29.208333333333332,9105770.680555556,9105799.888888888
UartTxTask,171430,171431,1967001871,1967005078,6246,True,0,1,1967011324,171433,4,28.916666666666668,28.916666666666668,9106504.99074074,9106533.907407407
TelemetryTask,171435,171436,1968966888,1968969931,33838,True,1,1,1969003769,171439,4,156.65740740740742,156.65740740740742,9115601.532407407,9115758.189814815
UartTxTask,171438,171440,1968999508,1969006327,6289,True,0,1,1969012616,171442,4,29.11574074074074,29.11574074074074,9115770.032407407,9115799.148148147
UartTxTask,171444,171445,1969161703,1969164899,6221,True,0,1,1969171120,171447,4,28.800925925925927,28.800925925925927,9116504.162037037,9116532.962962963
TelemetryTask,171449,171450,1971126918,1971129972,33943,True,1,1,1971163915,171453,4,157.1435185185185,157.1435185185185,9125601.722222222,9125758.86574074
UartTxTask,171452,171454,1971159656,1971166436,6160,True,0,1,1971172596,171456,4,28.51851851851852,28.51851851851852,9125770.537037037,9125799.055555556
UartTxTask,171458,171459,1971321629,1971324800,6160,True,0,1,1971330960,171461,4,28.51851851851852,28.51851851851852,9126503.703703703,9126532.222222222
TelemetryTask,171463,171464,1973286971,1973290062,34164,True,1,1,1973324226,171467,4,158.16666666666666,158.16666666666666,9135602.138888888,9135760.305555556
UartTxTask,171466,171468,1973319921,1973326763,6181,True,0,1,1973332944,171470,4,28.61574074074074,28.61574074074074,9135772.050925925,9135800.666666666
UartTxTask,171472,171473,1973482018,1973485210,6164,True,0,1,1973491374,171475,4,28.537037037037038,28.537037037037038,9136505.601851853,9136534.138888888
TelemetryTask,171477,171478,1975446928,1975450058,33888,True,1,1,1975483946,171481,4,156.88888888888889,156.88888888888889,9145602.120370371,9145759.00925926
UartTxTask,171480,171482,1975479709,1975486480,6163,True,0,1,1975492643,171484,4,28.53240740740741,28.53240740740741,9145770.74074074,9145799.273148147
UartTxTask,171486,171487,1975641702,1975644891,6212,True,0,1,1975651103,171489,4,28.75925925925926,28.75925925925926,9146504.125,9146532.88425926
TelemetryTask,171491,171492,1977606932,1977610043,34075,True,1,1,1977644118,171495,4,157.75462962962962,157.75462962962962,9155602.050925925,9155759.805555556
UartTxTask,171494,171496,1977639794,1977646589,6231,True,0,1,1977652820,171498,4,28.84722222222222,28.84722222222222,9155771.245370371,9155800.092592593
UartTxTask,171500,171501,1977801835,1977805025,6238,True,0,1,1977811263,171503,4,28.87962962962963,28.87962962962963,9156504.745370371,9156533.625
TelemetryTask,171505,171506,1979766959,1979770065,34075,True,1,1,1979804140,171509,4,157.75462962962962,157.75462962962962,9165602.152777778,9165759.907407407
UartTxTask,171508,171510,1979799744,1979806647,6216,True,0,1,1979812863,171512,4,28.77777777777778,28.77777777777778,9165771.513888888,9165800.291666666
UartTxTask,171514,171515,1979961892,1979965065,6314,True,0,1,1979971379,171517,4,29.23148148148148,29.23148148148148,9166504.930555556,9166534.162037037
TelemetryTask,171519,171520,1981926939,1981929860,33727,True,1,1,1981963587,171523,4,156.1435185185185,156.1435185185185,9175601.203703703,9175757.347222222
UartTxTask,171522,171524,1981959375,1981966039,6225,True,0,1,1981972264,171526,4,28.819444444444443,28.819444444444443,9175768.699074075,9175797.518518519
UartTxTask,171528,171529,1982121316,1982124416,6279,True,0,1,1982130695,171531,4,29.069444444444443,29.069444444444443,9176501.925925925,9176530.995370371
TelemetryTask,171533,171534,1984086950,1984090019,34064,True,1,1,1984124083,171537,4,157.7037037037037,157.7037037037037,9185601.939814815,9185759.643518519
UartTxTask,171536,171538,1984119846,1984126622,6242,True,0,1,1984132864,171540,4,28.89814814814815,28.89814814814815,9185771.398148147,9185800.296296297
UartTxTask,171542,171543,1984281916,1984285117,6243,True,0,1,1984291360,171545,4,28.90277777777778,28.90277777777778,9186505.171296297,9186534.074074075
TelemetryTask,171547,171548,1986246936,1986250019,33989,True,1,1,1986284008,171551,4,157.3564814814815,157.3564814814815,9195601.939814815,9195759.296296297
UartTxTask,171550,171552,1986279737,1986286512,6211,True,0,1,1986292723,171554,4,28.75462962962963,28.75462962962963,9195770.888888888,9195799.643518519
UartTxTask,171556,171557,1986441738,1986444908,6196,True,0,1,1986451104,171559,4,28.685185185185187,28.685185185185187,9196504.203703703,9196532.888888888
TelemetryTask,171561,171562,1988406951,1988409984,33956,True,1,1,1988443940,171565,4,157.2037037037037,157.2037037037037,9205601.777777778,9205758.981481481
UartTxTask,171564,171566,1988439695,1988446524,6229,True,0,1,1988452753,171568,4,28.837962962962962,28.837962962962962,9205770.944444444,9205799.782407407
UartTxTask,171570,171571,1988601776,1988604982,6272,True,0,1,1988611254,171573,4,29.037037037037038,29.037037037037038,9206504.546296297,9206533.583333334
TelemetryTask,171575,171576,1990566956,1990570007,33765,True,1,1,1990603772,171579,4,156.31944444444446,156.31944444444446,9215601.88425926,9215758.203703703
UartTxTask,171578,171580,1990599552,1990606281,6218,True,0,1,1990612499,171582,4,28.787037037037038,28.787037037037038,9215769.819444444,9215798.606481481
UartTxTask,171584,171585,1990761645,1990764909,6214,True,0,1,1990771123,171587,4,28.76851851851852,28.76851851851852,9216504.208333334,9216532.976851853
TelemetryTask,171589,171590,1992726919,1992729927,33863,True,1,1,1992763790,171593,4,156.77314814814815,156.77314814814815,9225601.513888888,9225758.287037037
UartTxTask,171592,171594,1992759525,1992766315,6170,True,0,1,1992772485,171596,4,28.564814814814813,28.564814814814813,9225769.976851853,9225798.541666666
UartTxTask,171598,171599,1992921543,1992924724,6317,True,0,1,1992931041,171601,4,29.24537037037037,29.24537037037037,9226503.351851853,9226532.597222222
TelemetryTask,171603,171604,1994886937,1994889936,33976,True,1,1,1994923912,171607,4,157.2962962962963,157.2962962962963,9235601.555555556,9235758.851851853
UartTxTask,171606,171608,1994919634,1994926393,6238,True,0,1,1994932631,171610,4,28.87962962962963,28.87962962962963,9235770.337962963,9235799.217592593
UartTxTask,171612,171613,1995081722,1995084955,6279,True,0,1,1995091234,171615,4,29.069444444444443,29.069444444444443,9236504.421296297,9236533.49074074
TelemetryTask,171617,171618,1997046953,1997049897,33825,True,1,1,1997083722,171621,4,156.59722222222223,156.59722222222223,9245601.375,9245757.972222222
UartTxTask,171620,171622,1997079436,1997086218,6222,True,0,1,1997092440,171624,4,28.805555555555557,28.805555555555557,9245769.527777778,9245798.333333334
UartTxTask,171626,171627,1997241560,1997244794,6246,True,0,1,1997251040,171629,4,28.916666666666668,28.916666666666668,9246503.675925925,9246532.592592593
TelemetryTask,171631,171632,1999206938,1999209918,34125,True,1,1,1999244043,171635,4,157.98611111111111,157.98611111111111,9255601.472222222,9255759.458333334
UartTxTask,171634,171636,1999239755,1999246558,6177,True,0,1,1999252735,171638,4,28.59722222222222,28.59722222222222,9255771.101851853,9255799.699074075
UartTxTask,171640,171641,1999401789,1999404996,6207,True,0,1,1999411203,171643,4,28.73611111111111,28.73611111111111,9256504.611111112,9256533.347222222
TelemetryTask,171645,171646,2001366946,2001369966,34025,True,1,1,2001403991,171649,4,157.52314814814815,157.52314814814815,9265601.694444444,9265759.217592593
UartTxTask,171648,171650,2001399665,2001406513,6177,True,0,1,2001412690,171652,4,28.59722222222222,28.59722222222222,9265770.893518519,9265799.49074074
UartTxTask,171654,171655,2001561809,2001564999,6207,True,0,1,2001571206,171657,4,28.73611111111111,28.73611111111111,9266504.625,9266533.361111112
TelemetryTask,171659,171660,2003526939,2003529942,34080,True,1,1,2003564022,171663,4,157.77777777777777,157.77777777777777,9275601.583333334,9275759.361111112
UartTxTask,171662,171664,2003559746,2003566545,6145,True,0,1,2003572690,171666,4,28.449074074074073,28.449074074074073,9275771.041666666,9275799.49074074
UartTxTask,171668,171669,2003721722,2003724915,6374,True,0,1,2003731289,171671,4,29.50925925925926,29.50925925925926,9276504.236111112,9276533.745370371
TelemetryTask,171673,171674,2005686956,2005689939,33930,True,1,1,2005723869,171677,4,157.08333333333334,157.08333333333334,9285601.569444444,9285758.652777778
UartTxTask,171676,171678,2005719590,2005726474,6233,True,0,1,2005732707,171680,4,28.85648148148148,28.85648148148148,9285770.712962963,9285799.569444444
UartTxTask,171682,171683,2005881710,2005884878,6235,True,0,1,2005891113,171685,4,28.86574074074074,28.86574074074074,9286504.064814815,9286532.930555556
TelemetryTask,171687,171688,2007846940,2007850007,33854,True,1,1,2007883861,171691,4,156.7314814814815,156.7314814814815,9295601.88425926,9295758.61574074
UartTxTask,171690,171692,2007879654,2007886378,6290,True,0,1,2007892668,171694,4,29.12037037037037,29.12037037037037,9295770.268518519,9295799.388888888
UartTxTask,171696,171697,2008041771,2008044926,6132,True,0,1,2008051058,171699,4,28.38888888888889,28.38888888888889,9296504.287037037,9296532.675925925
TelemetryTask,171701,171702,2010006959,2010010046,33884,True,1,1,2010043930,171705,4,156.87037037037038,156.87037037037038,9305602.064814815,9305758.935185185
UartTxTask,171704,171706,2010039722,2010046445,6157,True,0,1,2010052602,171708,4,28.50462962962963,28.50462962962963,9305770.578703703,9305799.083333334
UartTxTask,171710,171711,2010201634,2010204778,6266,True,0,1,2010211044,171713,4,29.00925925925926,29.00925925925926,9306503.601851853,9306532.611111112
TelemetryTask,171715,171716,2012166937,2012169912,34111,True,1,1,2012204023,171719,4,157.9212962962963,157.9212962962963,9315601.444444444,9315759.36574074
UartTxTask,171718,171720,2012199812,2012206575,6189,True,0,1,2012212764,171722,4,28.65277777777778,28.65277777777778,9315771.180555556,9315799.833333334
UartTxTask,171724,171725,2012361863,2012365056,6167,True,0,1,2012371223,171727,4,28.550925925925927,28.550925925925927,9316504.888888888,9316533.439814815
TelemetryTask,171729,171730,2014326961,2014330009,34022,True,1,1,2014364031,171733,4,157.50925925925927,157.50925925925927,9325601.893518519,9325759.402777778
UartTxTask,171732,171734,2014359767,2014366555,6156,True,0,1,2014372711,171736,4,28.5,28.5,9325771.087962963,9325799.587962963
UartTxTask,171738,171739,2014521739,2014524880,6189,True,0,1,2014531069,171741,4,28.65277777777778,28.65277777777778,9326504.074074075,9326532.726851853
TelemetryTask,171743,171744,2016486946,2016489997,33894,True,1,1,2016523891,171747,4,156.91666666666666,156.91666666666666,9335601.837962963,9335758.754629629
UartTxTask,171746,171748,2016519767,2016526389,6239,True,0,1,2016532628,171750,4,28.88425925925926,28.88425925925926,9335770.319444444,9335799.203703703
UartTxTask,171752,171753,2016681719,2016684899,6262,True,0,1,2016691161,171755,4,28.99074074074074,28.99074074074074,9336504.162037037,9336533.152777778
TelemetryTask,171757,171758,2018646935,2018649960,33948,True,1,1,2018683908,171761,4,157.16666666666666,157.16666666666666,9345601.666666666,9345758.833333334
UartTxTask,171760,171762,2018679684,2018686396,6206,True,0,1,2018692602,171764,4,28.73148148148148,28.73148148148148,9345770.351851853,9345799.083333334
UartTxTask,171766,171767,2018841722,2018844864,6180,True,0,1,2018851044,171769,4,28.61111111111111,28.61111111111111,9346504.0,9346532.611111112
TelemetryTask,171771,171772,2020806962,2020809942,33921,True,1,1,2020843863,171775,4,157.04166666666666,157.04166666666666,9355601.583333334,9355758.625
UartTxTask,171774,171776,2020839501,2020846384,6160,True,0,1,2020852544,171778,4,28.51851851851852,28.51851851851852,9355770.296296297,9355798.814814815
UartTxTask,171780,171781,2021001617,2021004816,6290,True,0,1,2021011106,171783,4,29.12037037037037,29.12037037037037,9356503.777777778,9356532.898148147
TelemetryTask,171785,171786,2022966967,2022970023,34079,True,1,1,2023004102,171789,4,157.77314814814815,157.77314814814815,9365601.958333334,9365759.731481481
UartTxTask,171788,171790,2022999856,2023006638,6271,True,0,1,2023012909,171792,4,29.03240740740741,29.03240740740741,9365771.472222222,9365800.504629629
UartTxTask,171794,171795,2023161976,2023165146,6181,True,0,1,2023171327,171797,4,28.61574074074074,28.61574074074074,9366505.305555556,9366533.921296297
TelemetryTask,171799,171800,2025126929,2025129963,33870,True,1,1,2025163833,171803,4,156.80555555555554,156.80555555555554,9375601.680555556,9375758.486111112
UartTxTask,171802,171804,2025159662,2025166387,6281,True,0,1,2025172668,171806,4,29.078703703703702,29.078703703703702,9375770.310185185,9375799.388888888
UartTxTask,171808,171809,2025321761,2025324901,6237,True,0,1,2025331138,171811,4,28.875,28.875,9376504.171296297,9376533.046296297
TelemetryTask,171813,171814,2027286947,2027290023,34170,True,1,1,2027324193,171817,4,158.19444444444446,158.19444444444446,9385601.958333334,9385760.152777778
UartTxTask,171816,171818,2027319914,2027326656,6359,True,0,1,2027333015,171820,4,29.439814814814813,29.439814814814813,9385771.555555556,9385800.995370371
UartTxTask,171822,171823,2027482045,2027485193,6164,True,0,1,2027491357,171825,4,28.537037037037038,28.537037037037038,9386505.523148147,9386534.060185185
TelemetryTask,171827,171828,2029446957,2029450019,33923,True,1,1,2029483942,171831,4,157.05092592592592,157.05092592592592,9395601.939814815,9395758.99074074
UartTxTask,171830,171832,2029479661,2029486454,6243,True,0,1,2029492697,171834,4,28.90277777777778,28.90277777777778,9395770.620370371,9395799.523148147
UartTxTask,171836,171837,2029641800,2029644999,6228,True,0,1,2029651227,171839,4,28.833333333333332,28.833333333333332,9396504.625,9396533.458333334
TelemetryTask,171841,171842,2031606936,2031610009,34115,True,1,1,2031644124,171845,4,157.9398148148148,157.9398148148148,9405601.893518519,9405759.833333334
UartTxTask,171844,171846,2031639859,2031646662,6196,True,0,1,2031652858,171848,4,28.685185185185187,28.685185185185187,9405771.583333334,9405800.268518519
UartTxTask,171850,171851,2031801890,2031805055,6234,True,0,1,2031811289,171853,4,28.86111111111111,28.86111111111111,9406504.88425926,9406533.745370371
TelemetryTask,171855,171856,2033766960,2033769935,33930,True,1,1,2033803865,171859,4,157.08333333333334,157.08333333333334,9415601.550925925,9415758.63425926
UartTxTask,171858,171860,2033799736,2033806393,6097,True,0,1,2033812490,171862,4,28.22685185185185,28.22685185185185,9415770.337962963,9415798.564814815
UartTxTask,171864,171865,2033961649,2033964844,6291,True,0,1,2033971135,171867,4,29.125,29.125,9416503.907407407,9416533.032407407
TelemetryTask,171869,171870,2035926927,2035929976,33887,True,1,1,2035963863,171873,4,156.88425925925927,156.88425925925927,9425601.74074074,9425758.625
UartTxTask,171872,171874,2035959604,2035966368,6160,True,0,1,2035972528,171876,4,28.51851851851852,28.51851851851852,9425770.222222222,9425798.74074074
UartTxTask,171878,171879,2036121559,2036124766,6195,True,0,1,2036130961,171881,4,28.680555555555557,28.680555555555557,9426503.546296297,9426532.226851853
TelemetryTask,171883,171884,2038086937,2038090005,34007,True,1,1,2038124012,171887,4,157.4398148148148,157.4398148148148,9435601.875,9435759.314814815
UartTxTask,171886,171888,2038119639,2038126578,6206,True,0,1,2038132784,171890,4,28.73148148148148,28.73148148148148,9435771.194444444,9435799.925925925
UartTxTask,171892,171893,2038281868,2038285080,6285,True,0,1,2038291365,171895,4,29.09722222222222,29.09722222222222,9436505.0,9436534.097222222
TelemetryTask,171897,171898,2040246938,2040250001,34018,True,1,1,2040284019,171901,4,157.49074074074073,157.49074074074073,9445601.856481481,9445759.347222222
UartTxTask,171900,171902,2040279759,2040286531,6213,True,0,1,2040292744,171904,4,28.76388888888889,28.76388888888889,9445770.976851853,9445799.74074074
UartTxTask,171906,171907,2040441828,2040445009,6192,True,0,1,2040451201,171909,4,28.666666666666668,28.666666666666668,9446504.671296297,9446533.337962963
TelemetryTask,171911,171912,2042406947,2042409898,33882,True,1,1,2042443780,171915,4,156.86111111111111,156.86111111111111,9455601.379629629,9455758.24074074
UartTxTask,171914,171916,2042439667,2042446274,6182,True,0,1,2042452456,171918,4,28.62037037037037,28.62037037037037,9455769.787037037,9455798.407407407
UartTxTask,171920,171921,2042601563,2042604764,6261,True,0,1,2042611025,171923,4,28.98611111111111,28.98611111111111,9456503.537037037,9456532.523148147
TelemetryTask,171925,171926,2044566949,2044569985,34136,True,1,1,2044604121,171929,4,158.03703703703704,158.03703703703704,9465601.782407407,9465759.819444444
UartTxTask,171928,171930,2044599780,2044606562,6315,True,0,1,2044612877,171932,4,29.23611111111111,29.23611111111111,9465771.120370371,9465800.356481481
UartTxTask,171934,171935,2044762011,2044765195,6402,True,0,1,2044771597,171937,4,29.63888888888889,29.63888888888889,9466505.532407407,9466535.171296297
TelemetryTask,171939,171940,2046726973,2046730054,34065,True,1,1,2046764119,171943,4,157.70833333333334,157.70833333333334,9475602.101851853,9475759.810185185
UartTxTask,171942,171944,2046759760,2046766591,6185,True,0,1,2046772776,171946,4,28.63425925925926,28.63425925925926,9475771.254629629,9475799.888888888
UartTxTask,171948,171949,2046921847,2046925055,6246,True,0,1,2046931301,171951,4,28.916666666666668,28.916666666666668,9476504.88425926,9476533.800925925
TelemetryTask,171953,171954,2048886946,2048889947,33870,True,1,1,2048923817,171957,4,156.80555555555554,156.80555555555554,9485601.606481481,9485758.412037037
UartTxTask,171956,171958,2048919563,2048926277,6183,True,0,1,2048932460,171960,4,28.625,28.625,9485769.800925925,9485798.425925925
UartTxTask,171962,171963,2049081509,2049084693,6326,True,0,1,2049091019,171965,4,29.287037037037038,29.287037037037038,9486503.208333334,9486532.495370371
TelemetryTask,171967,171968,2051046926,2051050024,33906,True,1,1,2051083930,171971,4,156.97222222222223,156.97222222222223,9495601.962962963,9495758.935185185
UartTxTask,171970,171972,2051079690,2051086502,6222,True,0,1,2051092724,171974,4,28.805555555555557,28.805555555555557,9495770.842592593,9495799.648148147
UartTxTask,171976,171977,2051241823,2051244943,6246,True,0,1,2051251189,171979,4,28.916666666666668,28.916666666666668,9496504.36574074,9496533.282407407
TelemetryTask,171981,171982,2053206971,2053210070,33791,True,1,1,2053243861,171985,4,156.4398148148148,156.4398148148148,9505602.175925925,9505758.61574074
UartTxTask,171984,171986,2053239657,2053246365,6237,True,0,1,2053252602,171988,4,28.875,28.875,9505770.208333334,9505799.083333334
UartTxTask,171990,171991,2053401635,2053404827,6302,True,0,1,2053411129,171993,4,29.175925925925927,29.175925925925927,9506503.828703703,9506533.004629629
TelemetryTask,171995,171996,2055366950,2055370048,33882,True,1,1,2055403930,171999,4,156.86111111111111,156.86111111111111,9515602.074074075,9515758.935185185
UartTxTask,171998,172000,2055399677,2055406411,6214,True,0,1,2055412625,172002,4,28.76851851851852,28.76851851851852,9515770.421296297,9515799.189814815
UartTxTask,172004,172005,2055561663,2055564883,6212,True,0,1,2055571095,172007,4,28.75925925925926,28.75925925925926,9516504.087962963,9516532.847222222
TelemetryTask,172009,172010,2057526979,2057529999,34132,True,1,1,2057564131,172013,4,158.0185185185185,158.0185185185185,9525601.847222222,9525759.86574074
UartTxTask,172012,172014,2057559725,2057566720,6231,True,0,1,2057572951,172016,4,28.84722222222222,28.84722222222222,9525771.851851853,9525800.699074075
UartTxTask,172018,172019,2057722012,2057725171,6281,True,0,1,2057731452,172021,4,29.078703703703702,29.078703703703702,9526505.421296297,9526534.5
TelemetryTask,172023,172024,2059686963,2059690054,33901,True,1,1,2059723955,172027,4,156.94907407407408,156.94907407407408,9535602.101851853,9535759.050925925
UartTxTask,172026,172028,2059719693,2059726505,6208,True,0,1,2059732713,172030,4,28.74074074074074,28.74074074074074,9535770.856481481,9535799.597222222
UartTxTask,172032,172033,2059881822,2059884995,6128,True,0,1,2059891123,172035,4,28.37037037037037,28.37037037037037,9536504.606481481,9536532.976851853
TelemetryTask,172037,172038,2061846906,2061849932,33971,True,1,1,2061883903,172041,4,157.27314814814815,157.27314814814815,9545601.537037037,9545758.810185185
UartTxTask,172040,172042,2061879656,2061886418,6271,True,0,1,2061892689,172044,4,29.03240740740741,29.03240740740741,9545770.453703703,9545799.486111112
UartTxTask,172046,172047,2062041692,2062044890,6202,True,0,1,2062051092,172049,4,28.712962962962962,28.712962962962962,9546504.120370371,9546532.833333334
TelemetryTask,172051,172052,2064006918,2064009987,33899,True,1,1,2064043886,172055,4,156.9398148148148,156.9398148148148,9555601.791666666,9555758.731481481
UartTxTask,172054,172056,2064039564,2064046396,6197,True,0,1,2064052593,172058,4,28.689814814814813,28.689814814814813,9555770.351851853,9555799.041666666
UartTxTask,172060,172061,2064201679,2064204895,6279,True,0,1,2064211174,172063,4,29.069444444444443,29.069444444444443,9556504.143518519,9556533.212962963
TelemetryTask,172065,172066,2066166934,2066169977,33958,True,1,1,2066203935,172069,4,157.21296296296296,157.21296296296296,9565601.745370371,9565758.958333334
UartTxTask,172068,172070,2066199641,2066206451,6279,True,0,1,2066212730,172072,4,29.069444444444443,29.069444444444443,9565770.606481481,9565799.675925925
UartTxTask,172074,172075,2066361763,2066364908,6312,True,0,1,2066371220,172077,4,29.22222222222222,29.22222222222222,9566504.203703703,9566533.425925925
TelemetryTask,172079,172080,2068326936,2068329925,33960,True,1,1,2068363885,172083,4,157.22222222222223,157.22222222222223,9575601.504629629,9575758.726851853
UartTxTask,172082,172084,2068359645,2068366459,6205,True,0,1,2068372664,172086,4,28.72685185185185,28.72685185185185,9575770.643518519,9575799.370370371
UartTxTask,172088,172089,2068521727,2068524971,6261,True,0,1,2068531232,172091,4,28.98611111111111,28.98611111111111,9576504.495370371,9576533.481481481
TelemetryTask,172093,172094,2070486962,2070489947,34053,True,1,1,2070524000,172097,4,157.65277777777777,157.65277777777777,9585601.606481481,9585759.25925926
UartTxTask,172096,172098,2070519641,2070526515,6135,True,0,1,2070532650,172100,4,28.40277777777778,28.40277777777778,9585770.902777778,9585799.305555556
UartTxTask,172102,172103,2070681705,2070684890,6221,True,0,1,2070691111,172105,4,28.800925925925927,28.800925925925927,9586504.120370371,9586532.921296297
TelemetryTask,172107,172108,2072646922,2072649970,33793,True,1,1,2072683763,172111,4,156.44907407407408,156.44907407407408,9595601.712962963,9595758.162037037
UartTxTask,172110,172112,2072679604,2072686205,6240,True,0,1,2072692445,172114,4,28.88888888888889,28.88888888888889,9595769.467592593,9595798.356481481
UartTxTask,172116,172117,2072841477,2072844603,6347,True,0,1,2072850950,172119,4,29.38425925925926,29.38425925925926,9596502.791666666,9596532.175925925
TelemetryTask,172121,172122,2074806924,2074809986,33918,True,1,1,2074843904,172125,4,157.02777777777777,157.02777777777777,9605601.787037037,9605758.814814815
UartTxTask,172124,172126,2074839615,2074846479,6175,True,0,1,2074852654,172128,4,28.587962962962962,28.587962962962962,9605770.736111112,9605799.324074075
UartTxTask,172130,172131,2075001733,2075004914,6340,True,0,1,2075011254,172133,4,29.35185185185185,29.35185185185185,9606504.231481481,9606533.583333334
TelemetryTask,172135,172136,2076966926,2076969896,33908,True,1,1,2077003804,172139,4,156.9814814814815,156.9814814814815,9615601.370370371,9615758.351851853
UartTxTask,172138,172140,2076999513,2077006355,6143,True,0,1,2077012498,172142,4,28.439814814814813,28.439814814814813,9615770.162037037,9615798.601851853
UartTxTask,172144,172145,2077161534,2077164657,6145,True,0,1,2077170802,172147,4,28.449074074074073,28.449074074074073,9616503.041666666,9616531.49074074
TelemetryTask,172149,172150,2079126925,2079129982,34128,True,1,1,2079164110,172153,4,158.0,158.0,9625601.768518519,9625759.768518519
UartTxTask,172152,172154,2079159885,2079166628,6124,True,0,1,2079172752,172156,4,28.35185185185185,28.35185185185185,9625771.425925925,9625799.777777778
UartTxTask,172158,172159,2079321845,2079325055,6203,True,0,1,2079331258,172161,4,28.71759259259259,28.71759259259259,9626504.88425926,9626533.601851853
TelemetryTask,172163,172164,2081286961,2081290060,34057,True,1,1,2081324117,172167,4,157.6712962962963,157.6712962962963,9635602.129629629,9635759.800925925
UartTxTask,172166,172168,2081319775,2081326652,6142,True,0,1,2081332794,172170,4,28.435185185185187,28.435185185185187,9635771.537037037,9635799.972222222
UartTxTask,172172,172173,2081481819,2081485009,6250,True,0,1,2081491259,172175,4,28.935185185185187,28.935185185185187,9636504.671296297,9636533.606481481
TelemetryTask,172178,172179,2083446981,2083450092,33884,True,1,1,2083483976,172182,4,156.87037037037038,156.87037037037038,9645602.277777778,9645759.148148147
UartTxTask,172181,172183,2083479670,2083486549,6139,True,0,1,2083492688,172185,4,28.421296296296298,28.421296296296298,9645771.060185185,9645799.481481481
UartTxTask,172187,172188,2083641763,2083644941,11474,True,0,1,2083656415,172191,4,53.120370370370374,53.120370370370374,9646504.356481481,9646557.476851853
TelemetryTask,172193,172194,2085606920,2085610008,2333,True,0,1,2085612341,172195,4,10.800925925925926,10.800925925925926,9655601.888888888,9655612.689814815
UartTxTask,172197,172198,2087766912,2087769861,8943,True,0,1,2087778804,172201,4,41.40277777777778,41.40277777777778,9665601.208333334,9665642.611111112
UartTxTask,172203,172204,2092086912,2092089907,8991,True,0,1,2092098898,172207,4,41.625,41.625,9685601.421296297,9685643.046296297
UartTxTask,172209,172210,2096406906,2096409934,8972,True,0,1,2096418906,172213,4,41.53703703703704,41.53703703703704,9705601.546296297,9705643.083333334
UartTxTask,172215,172216,2100726917,2100729973,8928,True,0,1,2100738901,172219,4,41.333333333333336,41.333333333333336,9725601.726851853,9725643.060185185
UartTxTask,172221,172222,2105046928,2105049875,9069,True,0,1,2105058944,172225,4,41.986111111111114,41.986111111111114,9745601.273148147,9745643.25925926
UartTxTask,172227,172228,2109366927,2109369971,8920,True,0,1,2109378891,172231,4,41.2962962962963,41.2962962962963,9765601.717592593,9765643.013888888
UartTxTask,172233,172234,2113686892,2113689857,8900,True,0,1,2113698757,172237,4,41.2037037037037,41.2037037037037,9785601.189814815,9785642.393518519
UartTxTask,172239,172240,2118006937,2118009917,8840,True,0,1,2118018757,172243,4,40.925925925925924,40.925925925925924,9805601.467592593,9805642.393518519
UartTxTask,172245,172246,2122326916,2122329971,8861,True,0,1,2122338832,172249,4,41.023148148148145,41.023148148148145,9825601.717592593,9825642.74074074
UartTxTask,172251,172252,2126646925,2126649930,8837,True,0,1,2126658767,172255,4,40.91203703703704,40.91203703703704,9845601.527777778,9845642.439814815
UartTxTask,172257,172258,2130966924,2130969998,9015,True,0,1,2130979013,172261,4,41.736111111111114,41.736111111111114,9865601.842592593,9865643.578703703
UartTxTask,172263,172264,2135286901,2135289893,8883,True,0,1,2135298776,172267,4,41.125,41.125,9885601.356481481,9885642.481481481
UartTxTask,172269,172270,2139606900,2139609968,8932,True,0,1,2139618900,172273,4,41.351851851851855,41.351851851851855,9905601.703703703,9905643.055555556
UartTxTask,172275,172276,2143926906,2143929907,8821,True,0,1,2143938728,172279,4,40.83796296296296,40.83796296296296,9925601.421296297,9925642.25925926
UartTxTask,172281,172282,2148246926,2148249933,9044,True,0,1,2148258977,172285,4,41.870370370370374,41.870370370370374,9945601.541666666,9945643.412037037
UartTxTask,172287,172288,2152566906,2152569926,8888,True,0,1,2152578814,172291,4,41.148148148148145,41.148148148148145,9965601.50925926,9965642.657407407
UartTxTask,172293,172294,2156886925,2156889984,8824,True,0,1,2156898808,172297,4,40.851851851851855,40.851851851851855,9985601.777777778,9985642.629629629
UartTxTask,172299,172300,2161206910,2161209852,9063,True,0,1,2161218915,172303,4,41.958333333333336,41.958333333333336,10005601.166666666,10005643.125
UartTxTask,172305,172306,2165526906,2165529914,8944,True,0,1,2165538858,172309,4,41.407407407407405,41.407407407407405,10025601.453703703,10025642.861111112
UartTxTask,172312,172313,2169846940,2169850032,41348,True,0,1,2169891380,172316,4,191.42592592592592,191.42592592592592,10045602.0,10045793.425925925
UartTxTask,172318,172319,2170040440,2170043567,36250,True,0,1,2170079817,172320,4,167.82407407407408,167.82407407407408,10046497.995370371,10046665.819444444
UartTxTask,172322,172323,2170228840,2170231979,35775,True,0,1,2170267754,172324,4,165.625,165.625,10047370.273148147,10047535.898148147
UartTxTask,172326,172327,2170416794,2170419945,35839,True,0,1,2170455784,172328,4,165.9212962962963,165.9212962962963,10048240.486111112,10048406.407407407
UartTxTask,172330,172331,2170604860,2170608088,35725,True,0,1,2170643813,172332,4,165.3935185185185,165.3935185185185,10049111.518518519,10049276.912037037
UartTxTask,172334,172335,2170792805,2170795994,36595,True,0,1,2170832589,172336,4,169.4212962962963,169.4212962962963,10049981.453703703,10050150.875
UartTxTask,172338,172339,2170981573,2170984657,36509,True,0,1,2171021166,172340,4,169.02314814814815,169.02314814814815,10050854.893518519,10051023.916666666
UartTxTask,172342,172343,2171170223,2171173394,35816,True,0,1,2171209210,172344,4,165.8148148148148,165.8148148148148,10051728.675925925,10051894.49074074
UartTxTask,172346,172347,2171358232,2171361441,36475,True,0,1,2171397916,172348,4,168.86574074074073,168.86574074074073,10052599.263888888,10052768.129629629
UartTxTask,172350,172351,2171546992,2171550182,36287,True,0,1,2171586469,172352,4,167.99537037037038,167.99537037037038,10053473.064814815,10053641.060185185
UartTxTask,172354,172355,2171735600,2171738837,35888,True,0,1,2171774725,172356,4,166.14814814814815,166.14814814814815,10054346.467592593,10054512.61574074
UartTxTask,172358,172359,2171923850,2171927032,35781,True,0,1,2171962813,172360,4,165.65277777777777,165.65277777777777,10055217.74074074,10055383.393518519
UartTxTask,172362,172363,2172111864,2172115057,35873,True,0,1,2172150930,172364,4,166.0787037037037,166.0787037037037,10056088.226851853,10056254.305555556
UartTxTask,172366,172367,2172299927,2172303092,36786,True,0,1,2172339878,172368,4,170.30555555555554,170.30555555555554,10056958.75925926,10057129.064814815
UartTxTask,172370,172371,2172488826,2172492048,36483,True,0,1,2172528531,172372,4,168.90277777777777,168.90277777777777,10057833.555555556,10058002.458333334
UartTxTask,172374,172375,2172676956,2172680161,32535,True,0,1,2172712696,172376,4,150.625,150.625,10058704.449074075,10058855.074074075
UartTxTask,172378,172379,2172860754,2172863919,22165,True,0,1,2172886084,172380,4,102.61574074074075,102.61574074074075,10059555.180555556,10059657.796296297
UartTxTask,172382,172383,2173035136,2173038327,6381,True,0,1,2173044708,172385,4,29.541666666666668,29.541666666666668,10060362.625,10060392.166666666
UartTxTask,172387,172388,2177190886,2177193900,9057,True,0,1,2177202957,172391,4,41.93055555555556,41.93055555555556,10079601.388888888,10079643.319444444
UartTxTask,172393,172394,2181510902,2181513969,8974,True,0,1,2181522943,172397,4,41.5462962962963,41.5462962962963,10099601.708333334,10099643.254629629
UartTxTask,172399,172400,2185830912,2185833936,8888,True,0,1,2185842824,172403,4,41.148148148148145,41.148148148148145,10119601.555555556,10119642.703703703
UartTxTask,172405,172406,2190150939,2190153903,8900,True,0,1,2190162803,172409,4,41.2037037037037,41.2037037037037,10139601.402777778,10139642.606481481
UartTxTask,172411,172412,2194470921,2194473965,8958,True,0,1,2194482923,172415,4,41.47222222222222,41.47222222222222,10159601.689814815,10159643.162037037
UartTxTask,172417,172418,2198790902,2198793872,9009,True,0,1,2198802881,172421,4,41.708333333333336,41.708333333333336,10179601.25925926,10179642.967592593
UartTxTask,172423,172424,2203110945,2203113971,9001,True,0,1,2203122972,172427,4,41.6712962962963,41.6712962962963,10199601.717592593,10199643.388888888
UartTxTask,172429,172430,2207430901,2207433931,9017,True,0,1,2207442948,172433,4,41.745370370370374,41.745370370370374,10219601.532407407,10219643.277777778
UartTxTask,172435,172436,2211750936,2211753944,8949,True,0,1,2211762893,172439,4,41.43055555555556,41.43055555555556,10239601.592592593,10239643.023148147
UartTxTask,172441,172442,2216070901,2216073800,8884,True,0,1,2216082684,172445,4,41.129629629629626,41.129629629629626,10259600.925925925,10259642.055555556
UartTxTask,172447,172448,2220390886,2220393921,8922,True,0,1,2220402843,172451,4,41.30555555555556,41.30555555555556,10279601.486111112,10279642.791666666
UartTxTask,172453,172454,2224710930,2224713940,8964,True,0,1,2224722904,172457,4,41.5,41.5,10299601.574074075,10299643.074074075
UartTxTask,172459,172460,2229030914,2229034022,8907,True,0,1,2229042929,172463,4,41.236111111111114,41.236111111111114,10319601.953703703,10319643.189814815
UartTxTask,172465,172466,2233350919,2233353865,9045,True,0,1,2233362910,172469,4,41.875,41.875,10339601.226851853,10339643.101851853
UartTxTask,172471,172472,2237670908,2237673932,8962,True,0,1,2237682894,172475,4,41.49074074074074,41.49074074074074,10359601.537037037,10359643.027777778
UartTxTask,172477,172478,2241990925,2241993935,8914,True,0,1,2242002849,172481,4,41.26851851851852,41.26851851851852,10379601.550925925,10379642.819444444
UartTxTask,172483,172484,2246310869,2246313965,8920,True,0,1,2246322885,172487,4,41.2962962962963,41.2962962962963,10399601.689814815,10399642.986111112
UartTxTask,172489,172490,2250630901,2250633904,8954,True,0,1,2250642858,172493,4,41.4537037037037,41.4537037037037,10419601.407407407,10419642.861111112
UartTxTask,172495,172496,2254950920,2254953920,8940,True,0,1,2254962860,172499,4,41.388888888888886,41.388888888888886,10439601.481481481,10439642.870370371
UartTxTask,172501,172502,2259270921,2259273984,8994,True,0,1,2259282978,172505,4,41.638888888888886,41.638888888888886,10459601.777777778,10459643.416666666
UartTxTask,172507,172508,2263590938,2263593898,8930,True,0,1,2263602828,172511,4,41.342592592592595,41.342592592592595,10479601.379629629,10479642.722222222
UartTxTask,172513,172514,2267910938,2267913922,8897,True,0,1,2267922819,172517,4,41.18981481481482,41.18981481481482,10499601.49074074,10499642.680555556
UartTxTask,172519,172520,2272230885,2272233876,8914,True,0,1,2272242790,172523,4,41.26851851851852,41.26851851851852,10519601.277777778,10519642.546296297
UartTxTask,172525,172526,2276550923,2276553916,9037,True,0,1,2276562953,172529,4,41.83796296296296,41.83796296296296,10539601.462962963,10539643.300925925
UartTxTask,172531,172532,2280870942,2280873962,9030,True,0,1,2280882992,172535,4,41.80555555555556,41.80555555555556,10559601.675925925,10559643.481481481
UartTxTask,172537,172538,2285190907,2285193926,9063,True,0,1,2285202989,172541,4,41.958333333333336,41.958333333333336,10579601.50925926,10579643.467592593
UartTxTask,172543,172544,2289510914,2289513876,8988,True,0,1,2289522864,172547,4,41.611111111111114,41.611111111111114,10599601.277777778,10599642.888888888
UartTxTask,172549,172550,2293830902,2293833890,9020,True,0,1,2293842910,172553,4,41.75925925925926,41.75925925925926,10619601.342592593,10619643.101851853
UartTxTask,172555,172556,2298150950,2298153990,8969,True,0,1,2298162959,172559,4,41.523148148148145,41.523148148148145,10639601.805555556,10639643.328703703
UartTxTask,172561,172562,2302470911,2302473899,8938,True,0,1,2302482837,172565,4,41.379629629629626,41.379629629629626,10659601.38425926,10659642.763888888
UartTxTask,172567,172568,2306790930,2306793910,8877,True,0,1,2306802787,172571,4,41.09722222222222,41.09722222222222,10679601.435185185,10679642.532407407
UartTxTask,172573,172574,2311110922,2311114008,9068,True,0,1,2311123076,172577,4,41.98148148148148,41.98148148148148,10699601.888888888,10699643.870370371
UartTxTask,172579,172580,2315430891,2315433878,8844,True,0,1,2315442722,172583,4,40.94444444444444,40.94444444444444,10719601.287037037,10719642.231481481
UartTxTask,172585,172586,2319750922,2319753941,8995,True,0,1,2319762936,172589,4,41.64351851851852,41.64351851851852,10739601.578703703,10739643.222222222
UartTxTask,172591,172592,2324070886,2324073876,8987,True,0,1,2324082863,172595,4,41.60648148148148,41.60648148148148,10759601.277777778,10759642.88425926
UartTxTask,172597,172598,2328390904,2328393885,8862,True,0,1,2328402747,172601,4,41.02777777777778,41.02777777777778,10779601.319444444,10779642.347222222
UartTxTask,172603,172604,2332710946,2332713895,8958,True,0,1,2332722853,172607,4,41.47222222222222,41.47222222222222,10799601.36574074,10799642.837962963
UartTxTask,172609,172610,2337030902,2337033927,8846,True,0,1,2337042773,172613,4,40.9537037037037,40.9537037037037,10819601.513888888,10819642.467592593
UartTxTask,172615,172616,2341350926,2341354007,9042,True,0,1,2341363049,172619,4,41.861111111111114,41.861111111111114,10839601.88425926,10839643.745370371
UartTxTask,172621,172622,2345670895,2345673942,8881,True,0,1,2345682823,172625,4,41.11574074074074,41.11574074074074,10859601.583333334,10859642.699074075
UartTxTask,172627,172628,2349990925,2349993963,8852,True,0,1,2350002815,172631,4,40.98148148148148,40.98148148148148,10879601.680555556,10879642.662037037
UartTxTask,172633,172634,2354310922,2354313929,8978,True,0,1,2354322907,172637,4,41.56481481481482,41.56481481481482,10899601.523148147,10899643.087962963
UartTxTask,172639,172640,2358630910,2358633916,8901,True,0,1,2358642817,172643,4,41.208333333333336,41.208333333333336,10919601.462962963,10919642.671296297
UartTxTask,172645,172646,2362950941,2362953887,8859,True,0,1,2362962746,172649,4,41.013888888888886,41.013888888888886,10939601.328703703,10939642.342592593
