task,ready_event,run_event,ready_us,run_us,wait_us,visible_context_us
TelemetryTask,158435,158436,5587.782407407408,5601.712962962963,13.930555555555555,{'Idle': 13.930555555555555}
UartTxTask,158438,158440,5739.050925925926,5770.657407407408,31.60648148148148,{'TelemetryTask': 31.60648148148148}
UartTxTask,158444,158445,6489.74537037037,6504.388888888889,14.643518518518519,{'Idle': 14.643518518518519}
TelemetryTask,158449,158450,15587.546296296296,15601.652777777777,14.106481481481481,{'Idle': 14.106481481481481}
UartTxTask,158452,158454,15739.185185185184,15770.662037037036,31.47685185185185,{'TelemetryTask': 31.476851851851848}
UartTxTask,158458,158459,16489.59259259259,16504.462962962964,14.87037037037037,{'Idle': 14.870370370372527}
TelemetryTask,158463,158464,25587.680555555555,25601.935185185186,14.25462962962963,{'Idle': 14.25462962962963}
UartTxTask,158466,158468,25738.98611111111,25770.27314814815,31.287037037037038,{'TelemetryTask': 31.287037037037038}
UartTxTask,158472,158473,26488.875,26503.62037037037,14.74537037037037,{'Idle': 14.74537037037037}
TelemetryTask,158477,158478,35587.601851851854,35601.541666666664,13.939814814814815,{'Idle': 13.939814814810504}
UartTxTask,158480,158482,35739.28240740741,35770.773148148146,31.49074074074074,{'TelemetryTask': 31.49074074074074}
UartTxTask,158486,158487,36489.66203703704,36504.36574074074,14.703703703703704,{'Idle': 14.703703703699391}
TelemetryTask,158491,158492,45587.76388888889,45601.82407407407,14.060185185185185,{'Idle': 14.060185185185185}
UartTxTask,158494,158496,45739.38425925926,45771.226851851854,31.84259259259259,{'TelemetryTask': 31.842592592592595}
UartTxTask,158500,158501,46490.28240740741,46505.101851851854,14.819444444444445,{'Idle': 14.819444444444445}
ButtonTask,158507,158509,50041.84259259259,50056.583333333336,14.74074074074074,"{'ISR#56': 5.601851851851852, 'Scheduler': 9.13888888888889}"
UartTxTask,158512,158514,50176.055555555555,50205.53703703704,29.48148148148148,{'ButtonTask': 29.48148148148148}
UartTxTask,158518,158519,50924.430555555555,50933.47222222222,9.041666666666666,{'Idle': 9.041666666666666}
TelemetryTask,158523,158524,55587.64351851852,55602.10648148148,14.462962962962964,{'Idle': 14.462962962962964}
UartTxTask,158526,158528,55738.96759259259,55770.59259259259,31.625,{'TelemetryTask': 31.625}
UartTxTask,158532,158533,56489.708333333336,56504.75925925926,15.050925925925926,{'Idle': 15.050925925925926}
TelemetryTask,158537,158538,65587.68055555556,65601.80092592593,14.12037037037037,{'Idle': 14.120370370361748}
UartTxTask,158540,158542,65739.33333333333,65770.83796296296,31.50462962962963,{'TelemetryTask': 31.504629629638252}
UartTxTask,158546,158547,66489.84722222222,66504.9074074074,15.060185185185185,{'Idle': 15.060185185176563}
TelemetryTask,158551,158552,75587.64814814815,75601.62037037036,13.972222222222221,{'Idle': 13.972222222213599}
UartTxTask,158554,158556,75740.09722222222,75772.25,32.15277777777778,{'TelemetryTask': 32.15277777777778}
UartTxTask,158560,158561,76491.19444444444,76505.70833333333,14.51388888888889,{'Idle': 14.51388888888889}
TelemetryTask,158565,158566,85587.73148148147,85601.7824074074,14.050925925925926,{'Idle': 14.050925925925926}
UartTxTask,158568,158570,85738.97685185185,85770.81481481482,31.837962962962962,{'TelemetryTask': 31.837962962962962}
UartTxTask,158574,158575,86489.66666666667,86504.25925925926,14.592592592592593,{'Idle': 14.592592592592593}
TelemetryTask,158579,158580,95587.73611111111,95601.99537037036,14.25925925925926,{'Idle': 14.25925925925926}
UartTxTask,158582,158584,95739.0324074074,95770.0324074074,31.0,{'TelemetryTask': 31.0}
UartTxTask,158588,158589,96488.91203703704,96503.72685185185,14.814814814814815,{'Idle': 14.814814814814815}
TelemetryTask,158593,158594,105587.83333333333,105602.12962962964,14.296296296296296,{'Idle': 14.296296296296296}
UartTxTask,158596,158598,105738.9675925926,105770.71296296296,31.74537037037037,{'TelemetryTask': 31.74537037037037}
UartTxTask,158602,158603,106489.53703703704,106504.52777777778,14.99074074074074,{'Idle': 14.99074074074074}
TelemetryTask,158607,158608,115587.81944444444,115601.86111111111,14.041666666666666,{'Idle': 14.041666666666666}
UartTxTask,158610,158612,115739.70833333333,115770.85185185185,31.14351851851852,{'TelemetryTask': 31.14351851851852}
UartTxTask,158616,158617,116490.02777777778,116504.69444444444,14.666666666666666,{'Idle': 14.666666666666666}
TelemetryTask,158621,158622,125587.87962962964,125602.19444444444,14.314814814814815,{'Idle': 14.314814814814815}
UartTxTask,158624,158626,125739.24074074074,125770.5925925926,31.35185185185185,{'TelemetryTask': 31.35185185185185}
UartTxTask,158630,158631,126489.93055555556,126504.70370370371,14.773148148148149,{'Idle': 14.773148148148149}
TelemetryTask,158635,158636,135587.80555555556,135601.84722222222,14.041666666666666,{'Idle': 14.041666666666666}
UartTxTask,158638,158640,135738.42592592593,135770.1435185185,31.71759259259259,{'TelemetryTask': 31.717592592592595}
UartTxTask,158644,158645,136489.03240740742,136503.98611111112,14.953703703703704,"{'Idle': 14.953703703703704, 'UartTxTask': 1.7246714344731083e-11}"
TelemetryTask,158649,158650,145587.72222222222,145601.61111111112,13.88888888888889,"{'Idle': 13.88888888888889, 'TelemetryTask': 1.7246714344731083e-11}"
UartTxTask,158652,158654,145738.1064814815,145769.4537037037,31.34722222222222,{'TelemetryTask': 31.34722222222222}
UartTxTask,158658,158659,146488.49074074073,146503.25,14.75925925925926,{'Idle': 14.759259259276506}
TelemetryTask,158663,158664,155587.63888888888,155601.70833333334,14.069444444444445,{'Idle': 14.069444444444445}
UartTxTask,158666,158668,155738.9351851852,155770.11574074073,31.180555555555557,{'TelemetryTask': 31.180555555555557}
UartTxTask,158672,158673,156488.99537037036,156503.74074074073,14.74537037037037,{'Idle': 14.74537037037037}
TelemetryTask,158677,158678,165587.74074074073,165601.73611111112,13.99537037037037,{'Idle': 13.99537037037037}
UartTxTask,158680,158682,165738.87037037036,165770.50462962964,31.63425925925926,{'TelemetryTask': 31.63425925925926}
UartTxTask,158686,158687,166489.59722222222,166504.47685185185,14.87962962962963,{'Idle': 14.87962962962963}
TelemetryTask,158691,158692,175587.7685185185,175601.3287037037,13.560185185185185,{'Idle': 13.560185185185185}
UartTxTask,158694,158696,175738.38425925927,175769.875,31.49074074074074,{'TelemetryTask': 31.49074074074074}
UartTxTask,158700,158701,176488.74537037036,176503.50925925927,14.76388888888889,{'Idle': 14.76388888888889}
TelemetryTask,158705,158706,185587.74074074073,185601.8564814815,14.11574074074074,{'Idle': 14.11574074074074}
UartTxTask,158708,158710,185739.21759259258,185770.4212962963,31.203703703703702,{'TelemetryTask': 31.203703703703702}
UartTxTask,158714,158715,186489.32407407407,186503.95833333334,14.63425925925926,{'Idle': 14.63425925925926}
TelemetryTask,158719,158720,195587.72685185185,195601.69907407407,13.972222222222221,{'Idle': 13.972222222222221}
UartTxTask,158722,158724,195738.86574074073,195770.47222222222,31.60648148148148,{'TelemetryTask': 31.60648148148148}
UartTxTask,158728,158729,196489.33333333334,196504.03240740742,14.699074074074074,{'Idle': 14.699074074074074}
TelemetryTask,158733,158734,205587.66203703705,205602.04166666666,14.37962962962963,{'Idle': 14.37962962962963}
UartTxTask,158736,158738,205739.41203703705,205770.51388888888,31.10185185185185,{'TelemetryTask': 31.10185185185185}
UartTxTask,158742,158743,206489.36111111112,206503.80555555556,14.444444444444445,{'Idle': 14.444444444444445}
TelemetryTask,158747,158748,215587.69907407407,215601.40740740742,13.708333333333334,{'Idle': 13.708333333333334}
UartTxTask,158750,158752,215738.59722222222,215769.83333333334,31.23611111111111,{'TelemetryTask': 31.23611111111111}
UartTxTask,158756,158757,216488.72222222222,216503.82407407407,15.101851851851851,{'Idle': 15.101851851851851}
TelemetryTask,158761,158762,225587.75,225601.69444444444,13.944444444444445,{'Idle': 13.944444444444445}
UartTxTask,158764,158766,225738.46296296295,225770.02777777778,31.564814814814813,{'TelemetryTask': 31.564814814814817}
UartTxTask,158770,158771,226489.0787037037,226503.9814814815,14.902777777777779,{'Idle': 14.902777777777779}
TelemetryTask,158775,158776,235587.5787037037,235601.46296296295,13.88425925925926,{'Idle': 13.88425925925926}
UartTxTask,158778,158780,235738.6898148148,235770.24074074073,31.550925925925927,{'TelemetryTask': 31.550925925925924}
UartTxTask,158784,158785,236489.3148148148,236504.00462962964,14.689814814814815,{'Idle': 14.689814814814815}
TelemetryTask,158789,158790,245587.8148148148,245601.8564814815,14.041666666666666,{'Idle': 14.041666666666666}
UartTxTask,158792,158794,245738.82407407407,245770.03703703705,31.212962962962962,{'TelemetryTask': 31.212962962962962}
UartTxTask,158798,158799,246488.59722222222,246503.65277777778,15.055555555555555,{'Idle': 15.055555555555555}
TelemetryTask,158803,158804,255587.70833333334,255601.72685185185,14.018518518518519,{'Idle': 14.018518518518519}
UartTxTask,158806,158808,255739.24074074073,255770.48611111112,31.24537037037037,{'TelemetryTask': 31.245370370370374}
UartTxTask,158812,158813,256489.13888888888,256503.95833333334,14.819444444444445,{'Idle': 14.819444444444445}
TelemetryTask,158817,158818,265587.72222222225,265601.64351851854,13.921296296296296,"{'Idle': 13.921296296261803, 'TelemetryTask': 3.4493428689462165e-11}"
UartTxTask,158820,158822,265738.39351851854,265769.3703703704,30.97685185185185,"{'TelemetryTask': 30.976851851817358, 'UartTxTask': 3.4493428689462165e-11}"
UartTxTask,158826,158827,266488.4537037037,266503.087962963,14.63425925925926,{'Idle': 14.63425925925926}
TelemetryTask,158831,158832,275587.6990740741,275601.50925925927,13.810185185185185,{'Idle': 13.810185185150692}
UartTxTask,158834,158836,275739.0740740741,275770.26851851854,31.194444444444443,"{'TelemetryTask': 31.19444444440995, 'UartTxTask': 3.4493428689462165e-11}"
UartTxTask,158840,158841,276488.625,276503.5138888889,14.88888888888889,{'Idle': 14.88888888888889}
TelemetryTask,158845,158846,285587.72222222225,285601.81944444444,14.097222222222221,{'Idle': 14.097222222187728}
UartTxTask,158848,158850,285739.5925925926,285771.1712962963,31.578703703703702,{'TelemetryTask': 31.578703703703702}
UartTxTask,158854,158855,286490.10648148146,286504.9490740741,14.842592592592593,"{'Idle': 14.842592592627087, 'UartTxTask': 3.4493428689462165e-11}"
TelemetryTask,158859,158860,295587.64814814815,295601.72222222225,14.074074074074074,"{'Idle': 14.074074074074074, 'TelemetryTask': 3.4493428689462165e-11}"
UartTxTask,158862,158864,295739.8703703704,295771.5324074074,31.662037037037038,{'TelemetryTask': 31.662037037002545}
UartTxTask,158868,158869,296490.97685185185,296506.06018518517,15.083333333333334,{'Idle': 15.083333333333334}
TelemetryTask,158873,158874,305587.59722222225,305601.6388888889,14.041666666666666,{'Idle': 14.041666666632173}
UartTxTask,158876,158878,305738.1296296296,305768.81018518517,30.680555555555557,{'TelemetryTask': 30.68055555559005}
UartTxTask,158882,158883,306488.287037037,306502.99074074073,14.703703703703704,{'Idle': 14.703703703703704}
TelemetryTask,158887,158888,315587.75,315602.1296296296,14.37962962962963,{'Idle': 14.37962962962963}
UartTxTask,158890,158892,315739.3425925926,315770.56481481483,31.22222222222222,{'TelemetryTask': 31.22222222222222}
UartTxTask,158896,158897,316489.4861111111,316504.25925925927,14.773148148148149,{'Idle': 14.773148148148149}
TelemetryTask,158901,158902,325587.68055555556,325601.80555555556,14.125,{'Idle': 14.125}
UartTxTask,158904,158906,325738.8240740741,325770.162037037,31.337962962962962,{'TelemetryTask': 31.337962962962962}
UartTxTask,158910,158911,326488.9675925926,326503.4953703704,14.527777777777779,{'Idle': 14.527777777777779}
TelemetryTask,158915,158916,335587.6759259259,335602.11574074073,14.439814814814815,{'Idle': 14.439814814814815}
UartTxTask,158918,158920,335738.8009259259,335770.212962963,31.412037037037038,{'TelemetryTask': 31.412037037037038}
UartTxTask,158924,158925,336488.962962963,336503.89351851854,14.930555555555555,{'Idle': 14.930555555555555}
TelemetryTask,158929,158930,345587.837962963,345601.90277777775,14.064814814814815,{'Idle': 14.064814814814815}
UartTxTask,158932,158934,345740.0138888889,345771.4166666667,31.40277777777778,{'TelemetryTask': 31.40277777777778}
UartTxTask,158938,158939,346490.23148148146,346504.337962963,14.106481481481481,{'Idle': 14.106481481481481}
TelemetryTask,158943,158944,355587.60648148146,355601.8888888889,14.282407407407407,{'Idle': 14.282407407407407}
UartTxTask,158946,158948,355739.2824074074,355770.43055555556,31.14814814814815,{'TelemetryTask': 31.14814814814815}
UartTxTask,158952,158953,356489.4074074074,356504.27777777775,14.87037037037037,{'Idle': 14.87037037037037}
TelemetryTask,158957,158958,365587.7037037037,365601.6296296296,13.925925925925926,{'Idle': 13.925925925925926}
UartTxTask,158960,158962,365739.61574074073,365771.4537037037,31.837962962962962,{'TelemetryTask': 31.837962962962962}
UartTxTask,158966,158967,366489.93981481483,366505.037037037,15.097222222222221,{'Idle': 15.097222222222221}
TelemetryTask,158971,158972,375587.4583333333,375601.72222222225,14.26388888888889,{'Idle': 14.26388888888889}
UartTxTask,158974,158976,375738.35648148146,375769.5462962963,31.189814814814813,{'TelemetryTask': 31.189814814814813}
UartTxTask,158980,158981,376488.18055555556,376502.85185185185,14.671296296296296,{'Idle': 14.671296296296296}
TelemetryTask,158985,158986,385587.85185185185,385601.9166666667,14.064814814814815,{'Idle': 14.064814814814815}
UartTxTask,158988,158990,385739.412037037,385771.30555555556,31.89351851851852,{'TelemetryTask': 31.89351851851852}
UartTxTask,158994,158995,386489.8703703704,386504.625,14.75462962962963,{'Idle': 14.75462962962963}
TelemetryTask,158999,159000,395587.7916666667,395601.77314814815,13.981481481481481,{'Idle': 13.981481481481481}
UartTxTask,159002,159004,395739.64814814815,395770.9490740741,31.300925925925927,{'TelemetryTask': 31.300925925925927}
UartTxTask,159008,159009,396489.81018518517,396504.1296296296,14.319444444444445,{'Idle': 14.319444444444445}
TelemetryTask,159013,159014,405587.81481481483,405601.787037037,13.972222222222221,{'Idle': 13.972222222222221}
UartTxTask,159016,159018,405739.1296296296,405770.48148148146,31.35185185185185,{'TelemetryTask': 31.35185185185185}
UartTxTask,159022,159023,406489.84722222225,406504.69444444444,14.847222222222221,{'Idle': 14.847222222222221}
TelemetryTask,159027,159028,415587.5925925926,415601.875,14.282407407407407,{'Idle': 14.282407407407407}
UartTxTask,159030,159032,415739.4212962963,415770.9583333333,31.537037037037038,{'TelemetryTask': 31.537037037037038}
UartTxTask,159036,159037,416489.2453703704,416504.1296296296,14.88425925925926,{'Idle': 14.88425925925926}
TelemetryTask,159041,159042,425587.86574074073,425602.14351851854,14.277777777777779,{'Idle': 14.277777777777779}
UartTxTask,159044,159046,425740.3611111111,425771.0740740741,30.712962962962962,{'TelemetryTask': 30.712962962962962}
UartTxTask,159050,159051,426489.9583333333,426504.8796296296,14.921296296296296,{'Idle': 14.921296296296296}
TelemetryTask,159055,159056,435587.81018518517,435601.4861111111,13.675925925925926,{'Idle': 13.675925925925926}
UartTxTask,159058,159060,435737.9490740741,435769.19444444444,31.24537037037037,{'TelemetryTask': 31.24537037037037}
UartTxTask,159064,159065,436489.0046296296,436504.0416666667,15.037037037037036,{'Idle': 15.037037037037036}
TelemetryTask,159069,159070,445587.60185185185,445601.9583333333,14.356481481481481,{'Idle': 14.356481481481481}
UartTxTask,159072,159074,445739.1666666667,445770.375,31.208333333333332,{'TelemetryTask': 31.208333333333332}
UartTxTask,159078,159079,446488.9259259259,446503.8425925926,14.916666666666666,{'Idle': 14.916666666666666}
TelemetryTask,159083,159084,455587.73148148146,455601.90277777775,14.171296296296296,{'Idle': 14.171296296296296}
UartTxTask,159086,159088,455738.52777777775,455769.8425925926,31.314814814814813,{'TelemetryTask': 31.314814814814817}
UartTxTask,159092,159093,456489.162037037,456503.99074074073,14.828703703703704,{'Idle': 14.828703703703704}
TelemetryTask,159097,159098,465587.81018518517,465602.14351851854,14.333333333333334,{'Idle': 14.333333333333334}
UartTxTask,159100,159102,465738.6990740741,465770.47685185185,31.77777777777778,{'TelemetryTask': 31.77777777777778}
UartTxTask,159106,159107,466489.39814814815,466504.13425925927,14.73611111111111,{'Idle': 14.73611111111111}
TelemetryTask,159111,159112,475587.72222222225,475601.81481481483,14.092592592592593,{'Idle': 14.092592592592593}
UartTxTask,159114,159116,475738.93518518517,475770.2916666667,31.35648148148148,{'TelemetryTask': 31.35648148148148}
UartTxTask,159120,159121,476488.9166666667,476503.76851851854,14.851851851851851,{'Idle': 14.851851851851851}
TelemetryTask,159125,159126,485587.8611111111,485601.7962962963,13.935185185185185,{'Idle': 13.935185185185185}
UartTxTask,159128,159130,485739.18055555556,485770.1296296296,30.949074074074073,{'TelemetryTask': 30.949074074074076}
UartTxTask,159134,159135,486488.8333333333,486503.375,14.541666666666666,{'Idle': 14.541666666666666}
TelemetryTask,159139,159140,495587.75,495602.3287037037,14.578703703703704,{'Idle': 14.578703703703704}
UartTxTask,159142,159144,495739.0787037037,495770.13425925927,31.055555555555557,{'TelemetryTask': 31.055555555555557}
UartTxTask,159148,159149,496489.22222222225,496503.912037037,14.689814814814815,{'Idle': 14.689814814814815}
TelemetryTask,159153,159154,505587.712962963,505601.90277777775,14.189814814814815,{'Idle': 14.189814814814815}
UartTxTask,159156,159158,505738.6203703704,505770.2916666667,31.671296296296298,{'TelemetryTask': 31.671296296296298}
UartTxTask,159162,159163,506489.3009259259,506504.01851851854,14.717592592592593,{'Idle': 14.717592592592593}
TelemetryTask,159167,159168,515587.6666666667,515601.7546296296,14.087962962962964,{'Idle': 14.087962962962964}
UartTxTask,159170,159172,515739.06018518517,515770.47222222225,31.412037037037038,{'TelemetryTask': 31.412037037037038}
UartTxTask,159176,159177,516489.4212962963,516504.63425925927,15.212962962962964,{'Idle': 15.212962962962964}
TelemetryTask,159181,159182,525587.7314814815,525601.8796296297,14.148148148148149,{'Idle': 14.148148148148149}
UartTxTask,159184,159186,525739.7037037037,525771.4398148148,31.73611111111111,{'TelemetryTask': 31.736111111111114}
UartTxTask,159190,159191,526490.7268518518,526505.2453703703,14.518518518518519,{'Idle': 14.518518518587506}
TelemetryTask,159195,159196,535587.6481481482,535602.1574074074,14.50925925925926,{'Idle': 14.509259259190273}
UartTxTask,159198,159200,535738.7361111111,535769.9907407408,31.25462962962963,"{'TelemetryTask': 31.25462962962963, 'UartTxTask': 6.898685737892433e-11}"
UartTxTask,159204,159205,536488.699074074,536503.4444444445,14.74537037037037,"{'Idle': 14.74537037037037, 'UartTxTask': 6.898685737892433e-11}"
TelemetryTask,159209,159210,545587.7638888889,545601.5601851852,13.796296296296296,{'Idle': 13.796296296296296}
UartTxTask,159212,159214,545738.8888888889,545770.5046296297,31.61574074074074,{'TelemetryTask': 31.61574074074074}
UartTxTask,159218,159219,546489.7129629629,546504.5416666666,14.828703703703704,{'Idle': 14.828703703703704}
TelemetryTask,159223,159224,555587.8611111111,555601.9120370371,14.050925925925926,"{'Idle': 14.050925925925926, 'TelemetryTask': 6.898685737892433e-11}"
UartTxTask,159226,159228,555739.2407407408,555770.5092592592,31.26851851851852,{'TelemetryTask': 31.268518518380546}
UartTxTask,159232,159233,556489.8564814815,556504.6851851852,14.828703703703704,{'Idle': 14.828703703703704}
TelemetryTask,159237,159238,565587.6388888889,565601.3148148148,13.675925925925926,{'Idle': 13.675925925925926}
UartTxTask,159240,159242,565738.9120370371,565770.2916666666,31.37962962962963,{'TelemetryTask': 31.379629629491657}
UartTxTask,159246,159247,566489.5694444445,566504.4166666666,14.847222222222221,{'Idle': 14.847222222084248}
TelemetryTask,159251,159252,575587.6620370371,575601.9398148148,14.277777777777779,{'Idle': 14.27777777770879}
UartTxTask,159254,159256,575738.2962962963,575769.6157407408,31.319444444444443,"{'TelemetryTask': 31.319444444444443, 'UartTxTask': 6.898685737892433e-11}"
UartTxTask,159260,159261,576489.050925926,576503.6620370371,14.61111111111111,"{'Idle': 14.61111111111111, 'UartTxTask': 6.898685737892433e-11}"
TelemetryTask,159265,159266,585587.6805555555,585601.6620370371,13.981481481481481,"{'Idle': 13.981481481550468, 'TelemetryTask': 6.898685737892433e-11}"
UartTxTask,159268,159270,585738.6342592592,585770.2222222222,31.587962962962962,{'TelemetryTask': 31.58796296303195}
UartTxTask,159274,159275,586489.3564814815,586503.8703703703,14.51388888888889,{'Idle': 14.51388888888889}
TelemetryTask,159279,159280,595587.6805555555,595601.6203703703,13.939814814814815,{'Idle': 13.939814814883801}
UartTxTask,159282,159284,595738.375,595770.1527777778,31.77777777777778,{'TelemetryTask': 31.77777777777778}
UartTxTask,159288,159289,596489.0601851852,596503.550925926,14.49074074074074,{'Idle': 14.49074074074074}
TelemetryTask,159293,159294,605587.6851851852,605601.6064814815,13.921296296296296,{'Idle': 13.921296296296296}
UartTxTask,159296,159298,605738.6388888889,605770.0787037037,31.439814814814813,{'TelemetryTask': 31.439814814814813}
UartTxTask,159302,159303,606488.7129629629,606503.5694444445,14.856481481481481,"{'Idle': 14.856481481550468, 'UartTxTask': 6.898685737892433e-11}"
TelemetryTask,159307,159308,615587.6898148148,615601.8981481482,14.208333333333334,"{'Idle': 14.208333333333334, 'TelemetryTask': 6.898685737892433e-11}"
UartTxTask,159310,159312,615738.675925926,615770.5092592592,31.833333333333332,{'TelemetryTask': 31.83333333326435}
UartTxTask,159316,159317,616489.3796296297,616504.0046296297,14.625,{'Idle': 14.625}
TelemetryTask,159321,159322,625587.7222222222,625601.8657407408,14.143518518518519,{'Idle': 14.143518518518519}
UartTxTask,159324,159326,625738.925925926,625770.3611111111,31.435185185185187,{'TelemetryTask': 31.435185185185183}
UartTxTask,159330,159331,626489.0,626503.75,14.75,{'Idle': 14.75}
TelemetryTask,159335,159336,635587.6342592592,635601.9675925926,14.333333333333334,{'Idle': 14.333333333333334}
UartTxTask,159338,159340,635739.0694444445,635770.3842592592,31.314814814814813,{'TelemetryTask': 31.314814814814817}
UartTxTask,159344,159345,636489.5416666666,636504.5370370371,14.99537037037037,{'Idle': 14.99537037037037}
TelemetryTask,159349,159350,645587.7268518518,645601.6111111111,13.88425925925926,{'Idle': 13.88425925925926}
UartTxTask,159352,159354,645739.8333333334,645771.175925926,31.34259259259259,{'TelemetryTask': 31.34259259259259}
UartTxTask,159358,159359,646490.3194444445,646505.0046296297,14.685185185185185,{'Idle': 14.685185185185185}
TelemetryTask,159363,159364,655587.7824074074,655601.8657407408,14.083333333333334,{'Idle': 14.083333333333334}
UartTxTask,159366,159368,655739.625,655771.125,31.5,{'TelemetryTask': 31.5}
UartTxTask,159372,159373,656489.5694444445,656504.0925925926,14.523148148148149,{'Idle': 14.523148148148149}
TelemetryTask,159377,159378,665587.6944444445,665601.0462962963,13.351851851851851,{'Idle': 13.351851851851851}
UartTxTask,159380,159382,665739.0,665770.6805555555,31.680555555555557,{'TelemetryTask': 31.680555555555557}
UartTxTask,159386,159387,666489.324074074,666503.7314814815,14.407407407407407,{'Idle': 14.407407407407407}
TelemetryTask,159391,159392,675587.5648148148,675601.4722222222,13.907407407407407,{'Idle': 13.907407407407407}
UartTxTask,159394,159396,675738.3194444445,675769.9351851852,31.61574074074074,{'TelemetryTask': 31.61574074074074}
UartTxTask,159400,159401,676489.0416666666,676503.9768518518,14.935185185185185,{'Idle': 14.935185185185185}
TelemetryTask,159405,159406,685587.6296296297,685601.6203703703,13.99074074074074,{'Idle': 13.99074074074074}
UartTxTask,159408,159410,685739.1574074074,685771.2638888889,32.10648148148148,{'TelemetryTask': 32.10648148148148}
UartTxTask,159414,159415,686490.2777777778,686505.1296296297,14.851851851851851,{'Idle': 14.851851851851851}
TelemetryTask,159419,159420,695587.8379629629,695601.6111111111,13.773148148148149,{'Idle': 13.773148148148149}
UartTxTask,159422,159424,695739.2037037037,695771.199074074,31.99537037037037,{'TelemetryTask': 31.99537037037037}
UartTxTask,159428,159429,696489.5925925926,696503.9166666666,14.324074074074074,{'Idle': 14.324074074074074}
TelemetryTask,159433,159434,705587.7824074074,705602.125,14.342592592592593,{'Idle': 14.342592592592593}
UartTxTask,159436,159438,705738.625,705769.5648148148,30.939814814814813,{'TelemetryTask': 30.939814814814817}
UartTxTask,159442,159443,706488.6898148148,706503.5092592592,14.819444444444445,{'Idle': 14.819444444444445}
TelemetryTask,159447,159448,715587.7361111111,715601.9398148148,14.203703703703704,{'Idle': 14.203703703703704}
UartTxTask,159450,159452,715739.9120370371,715771.8055555555,31.89351851851852,{'TelemetryTask': 31.89351851851852}
UartTxTask,159456,159457,716490.9398148148,716505.5138888889,14.574074074074074,{'Idle': 14.574074074074074}
TelemetryTask,159461,159462,725587.6805555555,725601.5,13.819444444444445,{'Idle': 13.819444444444445}
UartTxTask,159464,159466,725739.550925926,725771.1898148148,31.63888888888889,{'TelemetryTask': 31.638888888888886}
UartTxTask,159470,159471,726490.625,726505.4953703703,14.87037037037037,{'Idle': 14.87037037037037}
TelemetryTask,159475,159476,735587.800925926,735602.1018518518,14.300925925925926,{'Idle': 14.300925925925926}
UartTxTask,159478,159480,735738.3472222222,735769.6851851852,31.337962962962962,{'TelemetryTask': 31.337962962962962}
UartTxTask,159484,159485,736489.2037037037,736504.074074074,14.87037037037037,{'Idle': 14.87037037037037}
TelemetryTask,159489,159490,745587.6111111111,745601.6666666666,14.055555555555555,{'Idle': 14.055555555555555}
UartTxTask,159492,159494,745738.7592592592,745769.7407407408,30.98148148148148,{'TelemetryTask': 30.98148148148148}
UartTxTask,159498,159499,746488.4675925926,746503.1342592592,14.666666666666666,{'Idle': 14.666666666666666}
TelemetryTask,159503,159504,755587.6851851852,755601.9074074074,14.222222222222221,{'Idle': 14.222222222222221}
UartTxTask,159506,159508,755739.3564814815,755770.2731481482,30.916666666666668,{'TelemetryTask': 30.916666666666664}
UartTxTask,159512,159513,756489.2361111111,756504.0046296297,14.768518518518519,{'Idle': 14.768518518518519}
TelemetryTask,159517,159518,765587.7824074074,765601.6527777778,13.87037037037037,{'Idle': 13.87037037037037}
UartTxTask,159520,159522,765739.0787037037,765770.8333333334,31.75462962962963,{'TelemetryTask': 31.754629629629633}
UartTxTask,159526,159527,766489.7638888889,766504.2870370371,14.523148148148149,{'Idle': 14.523148148148149}
TelemetryTask,159531,159532,775587.7407407408,775602.0601851852,14.319444444444445,{'Idle': 14.319444444444445}
UartTxTask,159534,159536,775738.8888888889,775770.3148148148,31.425925925925927,{'TelemetryTask': 31.425925925925924}
UartTxTask,159540,159541,776488.5972222222,776503.5,14.902777777777779,{'Idle': 14.902777777777779}
TelemetryTask,159545,159546,785587.550925926,785601.3472222222,13.796296296296296,{'Idle': 13.796296296296296}
UartTxTask,159548,159550,785739.3796296297,785771.0416666666,31.662037037037038,{'TelemetryTask': 31.662037037037038}
UartTxTask,159554,159555,786489.5277777778,786504.3842592592,14.856481481481481,{'Idle': 14.856481481481481}
TelemetryTask,159559,159560,795587.7222222222,795601.9212962963,14.199074074074074,{'Idle': 14.199074074074074}
UartTxTask,159562,159564,795740.3935185185,795771.5138888889,31.12037037037037,{'TelemetryTask': 31.120370370370367}
UartTxTask,159568,159569,796490.6805555555,796505.3935185185,14.712962962962964,{'Idle': 14.712962962962964}
TelemetryTask,159573,159574,805587.7453703703,805601.8611111111,14.11574074074074,{'Idle': 14.11574074074074}
UartTxTask,159576,159578,805738.8888888889,805770.6666666666,31.77777777777778,{'TelemetryTask': 31.77777777777778}
UartTxTask,159582,159583,806489.3657407408,806504.2592592592,14.893518518518519,{'Idle': 14.893518518518519}
TelemetryTask,159587,159588,815587.7268518518,815601.800925926,14.074074074074074,{'Idle': 14.074074074074074}
UartTxTask,159590,159592,815738.4675925926,815769.5648148148,31.09722222222222,{'TelemetryTask': 31.09722222222222}
UartTxTask,159596,159597,816488.6296296297,816503.4722222222,14.842592592592593,{'Idle': 14.842592592592593}
TelemetryTask,159601,159602,825587.6944444445,825601.7083333334,14.01388888888889,{'Idle': 14.01388888888889}
UartTxTask,159604,159606,825738.4444444445,825769.6712962963,31.22685185185185,{'TelemetryTask': 31.226851851851855}
UartTxTask,159610,159611,826488.4629629629,826503.199074074,14.73611111111111,{'Idle': 14.73611111111111}
TelemetryTask,159615,159616,835587.5648148148,835601.625,14.060185185185185,{'Idle': 14.060185185185185}
UartTxTask,159618,159620,835738.8842592592,835770.4722222222,31.587962962962962,{'TelemetryTask': 31.587962962962962}
UartTxTask,159624,159625,836489.9074074074,836504.9675925926,15.060185185185185,{'Idle': 15.060185185185185}
TelemetryTask,159629,159630,845587.7453703703,845601.7361111111,13.99074074074074,{'Idle': 13.99074074074074}
UartTxTask,159632,159634,845738.9537037037,845770.5231481482,31.569444444444443,{'TelemetryTask': 31.569444444444443}
UartTxTask,159638,159639,846489.7592592592,846504.4907407408,14.731481481481481,{'Idle': 14.731481481481481}
TelemetryTask,159643,159644,855587.7129629629,855601.9629629629,14.25,{'Idle': 14.25}
UartTxTask,159646,159648,855738.574074074,855770.2592592592,31.685185185185187,{'TelemetryTask': 31.685185185185183}
UartTxTask,159652,159653,856488.7638888889,856503.4166666666,14.652777777777779,{'Idle': 14.652777777777779}
TelemetryTask,159657,159658,865587.8194444445,865602.1666666666,14.347222222222221,{'Idle': 14.347222222222221}
UartTxTask,159660,159662,865739.1388888889,865770.2638888889,31.125,{'TelemetryTask': 31.125}
UartTxTask,159666,159667,866489.3055555555,866503.699074074,14.393518518518519,{'Idle': 14.393518518518519}
TelemetryTask,159671,159672,875587.8287037037,875601.7222222222,13.893518518518519,{'Idle': 13.893518518518519}
UartTxTask,159674,159676,875738.6342592592,875770.4305555555,31.796296296296298,{'TelemetryTask': 31.796296296296298}
UartTxTask,159680,159681,876489.2037037037,876504.0324074074,14.828703703703704,{'Idle': 14.828703703703704}
TelemetryTask,159685,159686,885587.5787037037,885601.9444444445,14.36574074074074,{'Idle': 14.36574074074074}
UartTxTask,159688,159690,885739.0787037037,885770.75,31.671296296296298,{'TelemetryTask': 31.671296296296298}
UartTxTask,159694,159695,886490.050925926,886504.8935185185,14.842592592592593,{'Idle': 14.842592592592593}
TelemetryTask,159699,159700,895587.6712962963,895601.4953703703,13.824074074074074,{'Idle': 13.824074074074074}
UartTxTask,159702,159704,895738.7777777778,895770.699074074,31.921296296296298,{'TelemetryTask': 31.921296296296298}
UartTxTask,159708,159709,896490.0231481482,896504.5601851852,14.537037037037036,{'Idle': 14.537037037037036}
TelemetryTask,159713,159714,905587.7685185185,905601.8379629629,14.069444444444445,{'Idle': 14.069444444444445}
UartTxTask,159716,159718,905739.5879629629,905771.1296296297,31.541666666666668,{'TelemetryTask': 31.541666666666664}
UartTxTask,159722,159723,906489.9120370371,906504.7592592592,14.847222222222221,{'Idle': 14.847222222222221}
TelemetryTask,159727,159728,915587.7361111111,915601.8796296297,14.143518518518519,{'Idle': 14.143518518518519}
UartTxTask,159730,159732,915739.3518518518,915770.925925926,31.574074074074073,{'TelemetryTask': 31.574074074074073}
UartTxTask,159736,159737,916489.5648148148,916504.4768518518,14.912037037037036,{'Idle': 14.912037037037036}
TelemetryTask,159741,159742,925587.7870370371,925602.0370370371,14.25,{'Idle': 14.25}
UartTxTask,159744,159746,925739.1435185185,925770.9120370371,31.76851851851852,{'TelemetryTask': 31.76851851851852}
UartTxTask,159750,159751,926489.1481481482,926503.8981481482,14.75,{'Idle': 14.75}
TelemetryTask,159755,159756,935587.6666666666,935601.6944444445,14.027777777777779,{'Idle': 14.027777777777779}
UartTxTask,159758,159760,935739.050925926,935770.3657407408,31.314814814814813,{'TelemetryTask': 31.314814814814817}
UartTxTask,159764,159765,936489.3425925926,936503.6712962963,14.328703703703704,{'Idle': 14.328703703703704}
TelemetryTask,159769,159770,945587.7638888889,945602.0833333334,14.319444444444445,{'Idle': 14.319444444444445}
UartTxTask,159772,159774,945740.0416666666,945771.6666666666,31.625,{'TelemetryTask': 31.625}
UartTxTask,159778,159779,946490.5277777778,946505.2037037037,14.675925925925926,{'Idle': 14.675925925925926}
TelemetryTask,159783,159784,955587.6481481482,955601.2175925926,13.569444444444445,{'Idle': 13.569444444444445}
UartTxTask,159786,159788,955738.1064814815,955769.1064814815,31.0,{'TelemetryTask': 31.0}
UartTxTask,159792,159793,956487.7453703703,956502.1620370371,14.416666666666666,{'Idle': 14.416666666666666}
TelemetryTask,159797,159798,965587.8518518518,965602.125,14.273148148148149,{'Idle': 14.273148148148149}
UartTxTask,159800,159802,965739.4629629629,965771.3888888889,31.925925925925927,{'TelemetryTask': 31.925925925925924}
UartTxTask,159806,159807,966490.2175925926,966504.9629629629,14.74537037037037,{'Idle': 14.74537037037037}
TelemetryTask,159811,159812,975587.8425925926,975601.9120370371,14.069444444444445,{'Idle': 14.069444444444445}
UartTxTask,159814,159816,975739.4629629629,975770.925925926,31.462962962962962,{'TelemetryTask': 31.462962962962962}
UartTxTask,159820,159821,976489.9675925926,976504.5601851852,14.592592592592593,{'Idle': 14.592592592592593}
TelemetryTask,159825,159826,985587.7824074074,985601.6527777778,13.87037037037037,{'Idle': 13.87037037037037}
UartTxTask,159828,159830,985738.6111111111,985770.0185185185,31.40740740740741,{'TelemetryTask': 31.40740740740741}
UartTxTask,159834,159835,986488.5972222222,986503.5185185185,14.921296296296296,{'Idle': 14.921296296296296}
TelemetryTask,159839,159840,995587.7314814815,995601.4444444445,13.712962962962964,{'Idle': 13.712962962962964}
UartTxTask,159842,159844,995739.0277777778,995771.25,32.22222222222222,{'TelemetryTask': 32.22222222222222}
UartTxTask,159848,159849,996490.25,996504.824074074,14.574074074074074,{'Idle': 14.574074074074074}
TelemetryTask,159853,159854,1005587.6296296297,1005601.7314814815,14.101851851851851,{'Idle': 14.101851851851851}
UartTxTask,159856,159858,1005739.4166666666,1005770.9814814815,31.564814814814813,{'TelemetryTask': 31.564814814814817}
UartTxTask,159862,159863,1006489.8981481482,1006504.6574074074,14.75925925925926,{'Idle': 14.75925925925926}
TelemetryTask,159867,159868,1015587.6481481482,1015601.6435185185,13.99537037037037,{'Idle': 13.99537037037037}
UartTxTask,159870,159872,1015738.5138888889,1015769.8842592592,31.37037037037037,{'TelemetryTask': 31.370370370370367}
UartTxTask,159876,159877,1016488.5185185185,1016503.5185185185,15.0,{'Idle': 15.0}
TelemetryTask,159881,159882,1025587.7037037037,1025601.9212962963,14.217592592592593,{'Idle': 14.217592592592593}
UartTxTask,159884,159886,1025738.8611111111,1025770.3101851852,31.449074074074073,{'TelemetryTask': 31.449074074074076}
UartTxTask,159890,159891,1026488.925925926,1026503.8194444445,14.893518518518519,{'Idle': 14.893518518518519}
TelemetryTask,159895,159896,1035587.6296296297,1035601.6527777778,14.023148148148149,{'Idle': 14.023148148148149}
UartTxTask,159898,159900,1035739.2777777778,1035770.5138888889,31.23611111111111,{'TelemetryTask': 31.23611111111111}
UartTxTask,159904,159905,1036489.5787037037,1036504.7638888889,15.185185185185185,{'Idle': 15.185185185185185}
TelemetryTask,159909,159910,1045587.7407407408,1045602.2453703703,14.50462962962963,{'Idle': 14.50462962962963}
UartTxTask,159912,159914,1045739.1203703703,1045770.6944444445,31.574074074074073,{'TelemetryTask': 31.574074074074073}
UartTxTask,159918,159919,1046489.5231481482,1046504.3935185185,14.87037037037037,{'Idle': 14.87037037037037}
TelemetryTask,159923,159924,1055587.611111111,1055601.712962963,14.101851851851851,{'Idle': 14.101851851989824}
UartTxTask,159926,159928,1055739.3055555555,1055770.8657407407,31.560185185185187,{'TelemetryTask': 31.560185185185183}
UartTxTask,159932,159933,1056489.0185185184,1056503.9583333333,14.939814814814815,{'Idle': 14.939814814814815}
TelemetryTask,159937,159938,1065587.7592592593,1065601.9166666667,14.157407407407407,"{'Idle': 14.157407407407407, 'TelemetryTask': 1.3797371475784866e-10}"
UartTxTask,159940,159942,1065739.2222222222,1065770.7777777778,31.555555555555557,{'TelemetryTask': 31.555555555555557}
UartTxTask,159946,159947,1066489.6527777778,1066504.5462962964,14.893518518518519,"{'Idle': 14.893518518518519, 'UartTxTask': 1.3797371475784866e-10}"
TelemetryTask,159951,159952,1075587.7685185184,1075601.6712962964,13.902777777777779,"{'Idle': 13.902777777915752, 'TelemetryTask': 1.3797371475784866e-10}"
UartTxTask,159954,159956,1075738.4305555555,1075769.6666666667,31.23611111111111,"{'TelemetryTask': 31.236111111111107, 'UartTxTask': 1.3797371475784866e-10}"
UartTxTask,159960,159961,1076488.3333333333,1076502.861111111,14.527777777777779,{'Idle': 14.527777777777777}
TelemetryTask,159965,159966,1085587.8287037036,1085601.7222222222,13.893518518518519,{'Idle': 13.893518518656492}
UartTxTask,159968,159970,1085738.2962962964,1085769.5046296297,31.208333333333332,{'TelemetryTask': 31.208333333195363}
UartTxTask,159974,159975,1086488.5694444445,1086503.0925925926,14.523148148148149,{'Idle': 14.523148148148149}
TelemetryTask,159979,159980,1095587.7546296297,1095601.648148148,13.893518518518519,{'Idle': 13.893518518518519}
UartTxTask,159982,159984,1095738.5787037036,1095770.388888889,31.810185185185187,"{'TelemetryTask': 31.810185185323157, 'UartTxTask': 1.3797371475784866e-10}"
UartTxTask,159988,159989,1096488.8240740742,1096503.3796296297,14.555555555555555,{'Idle': 14.555555555417582}
TelemetryTask,159993,159994,1105587.763888889,1105602.2824074074,14.518518518518519,{'Idle': 14.518518518380544}
UartTxTask,159996,159998,1105739.7453703703,1105770.962962963,31.21759259259259,{'TelemetryTask': 31.217592592592595}
UartTxTask,160002,160003,1106490.1342592593,1106505.1851851852,15.050925925925926,{'Idle': 15.050925925925926}
TelemetryTask,160007,160008,1115587.8564814816,1115602.0046296297,14.148148148148149,{'Idle': 14.148148148010174}
UartTxTask,160010,160012,1115739.087962963,1115770.523148148,31.435185185185187,{'TelemetryTask': 31.435185185185187}
UartTxTask,160016,160017,1116489.5694444445,1116504.236111111,14.666666666666666,{'Idle': 14.666666666528693}
TelemetryTask,160021,160022,1125587.712962963,1125601.8935185184,14.180555555555555,{'Idle': 14.180555555417582}
UartTxTask,160024,160026,1125739.3703703703,1125771.236111111,31.86574074074074,{'TelemetryTask': 31.865740740602767}
UartTxTask,160030,160031,1126489.888888889,1126504.8101851852,14.921296296296296,{'Idle': 14.921296296158323}
ButtonTask,160037,160039,1132053.75,1132068.6157407407,14.86574074074074,"{'ISR#56': 5.916666666666667, 'Scheduler': 8.949074074074074}"
UartTxTask,160042,160044,1132188.7916666667,1132218.5648148148,29.77314814814815,{'ButtonTask': 29.773148148010176}
UartTxTask,160048,160049,1132937.4953703703,1132946.6574074074,9.162037037037036,{'Idle': 9.162037037037036}
TelemetryTask,160053,160054,1135587.787037037,1135601.6990740742,13.912037037037036,"{'Idle': 13.912037037037036, 'TelemetryTask': 1.3797371475784866e-10}"
UartTxTask,160056,160058,1135738.5324074074,1135770.3935185184,31.86111111111111,{'TelemetryTask': 31.861111110973138}
UartTxTask,160062,160063,1136489.4351851852,1136504.5092592593,15.074074074074074,{'Idle': 15.074074074074074}
TelemetryTask,160067,160068,1145587.5833333333,1145601.6157407407,14.032407407407407,{'Idle': 14.03240740754538}
UartTxTask,160070,160072,1145737.537037037,1145769.1064814816,31.569444444444443,"{'TelemetryTask': 31.569444444444443, 'UartTxTask': 1.3797371475784866e-10}"
UartTxTask,160076,160077,1146487.9305555555,1146502.7777777778,14.847222222222221,{'Idle': 14.847222222222221}
TelemetryTask,160081,160082,1155587.6990740742,1155601.6157407407,13.916666666666666,{'Idle': 13.916666666528693}
UartTxTask,160084,160086,1155739.1574074074,1155770.6296296297,31.47222222222222,{'TelemetryTask': 31.47222222222222}
UartTxTask,160090,160091,1156489.6296296297,1156504.3009259258,14.671296296296296,{'Idle': 14.671296296158323}
TelemetryTask,160095,160096,1165587.587962963,1165601.3657407407,13.777777777777779,{'Idle': 13.777777777777779}
UartTxTask,160098,160100,1165737.962962963,1165769.162037037,31.199074074074073,{'TelemetryTask': 31.199074074074073}
UartTxTask,160104,160105,1166488.4351851852,1166503.4259259258,14.99074074074074,{'Idle': 14.990740740602767}
TelemetryTask,160109,160110,1175587.8657407407,1175601.9537037036,14.087962962962964,{'Idle': 14.087962962824989}
UartTxTask,160112,160114,1175738.9166666667,1175770.476851852,31.560185185185187,{'TelemetryTask': 31.56018518504721}
UartTxTask,160118,160119,1176489.3101851852,1176504.3796296297,15.069444444444445,{'Idle': 15.069444444444445}
TelemetryTask,160123,160124,1185587.8425925926,1185601.861111111,14.018518518518519,{'Idle': 14.018518518380544}
UartTxTask,160126,160128,1185738.8935185184,1185770.2916666667,31.39814814814815,"{'TelemetryTask': 31.39814814828612, 'UartTxTask': 1.3797371475784866e-10}"
UartTxTask,160132,160133,1186488.9027777778,1186503.7916666667,14.88888888888889,"{'Idle': 14.88888888888889, 'UartTxTask': 1.3797371475784866e-10}"
TelemetryTask,160137,160138,1195587.7592592593,1195602.0601851852,14.300925925925926,{'Idle': 14.300925925925926}
UartTxTask,160140,160142,1195739.5601851852,1195771.8703703703,32.31018518518518,{'TelemetryTask': 32.31018518518518}
UartTxTask,160146,160147,1196490.9166666667,1196505.736111111,14.819444444444445,{'Idle': 14.819444444168496}
TelemetryTask,160151,160152,1205587.6064814816,1205601.4490740742,13.842592592592593,"{'Idle': 13.842592592454618, 'TelemetryTask': 1.3797371475784866e-10}"
UartTxTask,160154,160156,1205738.8935185184,1205770.412037037,31.51851851851852,{'TelemetryTask': 31.518518518656492}
UartTxTask,160160,160161,1206489.1805555555,1206503.9444444445,14.76388888888889,{'Idle': 14.76388888888889}
TelemetryTask,160165,160166,1215587.75,1215602.023148148,14.273148148148149,{'Idle': 14.273148148148149}
UartTxTask,160168,160170,1215739.8796296297,1215771.763888889,31.88425925925926,"{'TelemetryTask': 31.88425925925926, 'UartTxTask': 1.3797371475784866e-10}"
UartTxTask,160174,160175,1216491.1805555555,1216506.2916666667,15.11111111111111,"{'Idle': 15.11111111111111, 'UartTxTask': 1.3797371475784866e-10}"
TelemetryTask,160179,160180,1225587.7037037036,1225601.375,13.671296296296296,{'Idle': 13.671296296434269}
UartTxTask,160182,160184,1225737.898148148,1225769.462962963,31.564814814814813,{'TelemetryTask': 31.564814814814817}
UartTxTask,160188,160189,1226489.212962963,1226503.7916666667,14.578703703703704,"{'Idle': 14.578703703703704, 'UartTxTask': 1.3797371475784866e-10}"
TelemetryTask,160193,160194,1235587.6944444445,1235601.8657407407,14.171296296296296,{'Idle': 14.171296296296296}
UartTxTask,160196,160198,1235739.2175925926,1235770.888888889,31.671296296296298,"{'TelemetryTask': 31.671296296296298, 'UartTxTask': 1.3797371475784866e-10}"
UartTxTask,160202,160203,1236490.226851852,1236504.912037037,14.685185185185185,{'Idle': 14.685185185185185}
TelemetryTask,160207,160208,1245587.7453703703,1245601.6296296297,13.88425925925926,{'Idle': 13.88425925925926}
UartTxTask,160210,160212,1245739.2962962964,1245770.8703703703,31.574074074074073,{'TelemetryTask': 31.574074074074073}
UartTxTask,160216,160217,1246489.162037037,1246503.8842592593,14.722222222222221,{'Idle': 14.722222222222221}
TelemetryTask,160221,160222,1255587.6759259258,1255601.638888889,13.962962962962964,{'Idle': 13.962962962962964}
UartTxTask,160224,160226,1255738.8333333333,1255769.875,31.041666666666668,{'TelemetryTask': 31.041666666666664}
UartTxTask,160230,160231,1256488.8009259258,1256503.5648148148,14.76388888888889,{'Idle': 14.76388888888889}
TelemetryTask,160235,160236,1265587.6851851852,1265601.8101851852,14.125,{'Idle': 14.125}
UartTxTask,160238,160240,1265739.3240740742,1265770.101851852,30.77777777777778,{'TelemetryTask': 30.77777777777778}
UartTxTask,160244,160245,1266489.0740740742,1266503.7037037036,14.62962962962963,{'Idle': 14.62962962962963}
TelemetryTask,160249,160250,1275587.6064814816,1275601.888888889,14.282407407407407,{'Idle': 14.282407407407407}
UartTxTask,160252,160254,1275738.9583333333,1275770.7685185184,31.810185185185187,{'TelemetryTask': 31.810185185185183}
UartTxTask,160258,160259,1276490.2407407407,1276505.1435185184,14.902777777777779,{'Idle': 14.902777777777779}
TelemetryTask,160263,160264,1285587.7685185184,1285601.587962963,13.819444444444445,{'Idle': 13.819444444444445}
UartTxTask,160266,160268,1285738.5648148148,1285770.2083333333,31.64351851851852,{'TelemetryTask': 31.64351851851852}
UartTxTask,160272,160273,1286488.9305555555,1286503.662037037,14.731481481481481,{'Idle': 14.731481481481481}
TelemetryTask,160277,160278,1295587.648148148,1295601.7546296297,14.106481481481481,{'Idle': 14.106481481481481}
UartTxTask,160280,160282,1295739.398148148,1295771.1342592593,31.73611111111111,{'TelemetryTask': 31.736111111111114}
UartTxTask,160286,160287,1296490.3564814816,1296505.2685185184,14.912037037037036,{'Idle': 14.912037037037036}
TelemetryTask,160291,160292,1305587.7916666667,1305602.1064814816,14.314814814814815,{'Idle': 14.314814814814815}
UartTxTask,160294,160296,1305738.875,1305770.0694444445,31.194444444444443,{'TelemetryTask': 31.194444444444443}
UartTxTask,160300,160301,1306488.8842592593,1306503.6064814816,14.722222222222221,{'Idle': 14.722222222222221}
TelemetryTask,160305,160306,1315587.7546296297,1315602.101851852,14.347222222222221,{'Idle': 14.347222222222221}
UartTxTask,160308,160310,1315739.0787037036,1315770.361111111,31.28240740740741,{'TelemetryTask': 31.28240740740741}
UartTxTask,160314,160315,1316489.0925925926,1316503.9305555555,14.837962962962964,{'Idle': 14.837962962962964}
TelemetryTask,160319,160320,1325587.5833333333,1325601.7824074074,14.199074074074074,{'Idle': 14.199074074074074}
UartTxTask,160322,160324,1325739.3287037036,1325770.6203703703,31.291666666666668,{'TelemetryTask': 31.291666666666664}
ButtonTask,160330,160332,1326382.3194444445,1326403.8194444445,21.5,"{'ISR#56': 5.828703703703703, 'Scheduler': 15.671296296296296}"
UartTxTask,160334,160337,1326490.3287037036,1326555.0324074074,64.70370370370371,{'ButtonTask': 64.7037037037037}
UartTxTask,160342,160343,1327286.8240740742,1327296.1064814816,9.282407407407407,{'Idle': 9.282407407407407}
TelemetryTask,160347,160348,1335587.625,1335601.5046296297,13.87962962962963,{'Idle': 13.87962962962963}
UartTxTask,160350,160352,1335738.773148148,1335770.3194444445,31.546296296296298,{'TelemetryTask': 31.546296296296298}
UartTxTask,160356,160357,1336489.1296296297,1336503.736111111,14.606481481481481,{'Idle': 14.606481481481481}
TelemetryTask,160361,160362,1345587.75,1345601.6898148148,13.939814814814815,{'Idle': 13.939814814814815}
UartTxTask,160364,160366,1345737.9305555555,1345769.5740740742,31.64351851851852,{'TelemetryTask': 31.64351851851852}
UartTxTask,160370,160371,1346488.726851852,1346503.4490740742,14.722222222222221,{'Idle': 14.722222222222221}
TelemetryTask,160375,160376,1355587.662037037,1355601.6435185184,13.981481481481481,{'Idle': 13.981481481481481}
UartTxTask,160378,160380,1355738.0185185184,1355769.5046296297,31.48611111111111,{'TelemetryTask': 31.486111111111107}
UartTxTask,160384,160385,1356488.3240740742,1356502.912037037,14.587962962962964,{'Idle': 14.587962962962964}
TelemetryTask,160389,160390,1365587.7824074074,1365601.912037037,14.12962962962963,{'Idle': 14.12962962962963}
UartTxTask,160392,160394,1365738.8194444445,1365770.6435185184,31.824074074074073,{'TelemetryTask': 31.824074074074076}
UartTxTask,160398,160399,1366489.736111111,1366504.662037037,14.925925925925926,{'Idle': 14.925925925925926}
TelemetryTask,160403,160404,1375587.537037037,1375601.6712962964,14.13425925925926,{'Idle': 14.13425925925926}
UartTxTask,160406,160408,1375738.5694444445,1375770.3472222222,31.77777777777778,{'TelemetryTask': 31.77777777777778}
UartTxTask,160412,160413,1376489.125,1376503.898148148,14.773148148148149,{'Idle': 14.773148148148149}
TelemetryTask,160417,160418,1385587.773148148,1385602.013888889,14.24074074074074,{'Idle': 14.24074074074074}
UartTxTask,160420,160422,1385738.773148148,1385769.9490740742,31.175925925925927,{'TelemetryTask': 31.175925925925924}
UartTxTask,160426,160427,1386488.9953703703,1386503.7083333333,14.712962962962964,{'Idle': 14.712962962962964}
TelemetryTask,160431,160432,1395587.7037037036,1395601.5,13.796296296296296,{'Idle': 13.796296296296296}
UartTxTask,160434,160436,1395739.1851851852,1395770.8333333333,31.64814814814815,{'TelemetryTask': 31.64814814814815}
UartTxTask,160440,160441,1396489.4537037036,1396504.1296296297,14.675925925925926,{'Idle': 14.675925925925926}
TelemetryTask,160445,160446,1405587.5972222222,1405601.8148148148,14.217592592592593,{'Idle': 14.217592592592593}
UartTxTask,160448,160450,1405738.3842592593,1405769.587962963,31.203703703703702,{'TelemetryTask': 31.203703703703702}
UartTxTask,160454,160455,1406488.5694444445,1406503.648148148,15.078703703703704,{'Idle': 15.078703703703704}
TelemetryTask,160459,160460,1415587.6851851852,1415601.7314814816,14.046296296296296,{'Idle': 14.046296296296296}
UartTxTask,160462,160464,1415738.162037037,1415769.9305555555,31.76851851851852,{'TelemetryTask': 31.76851851851852}
UartTxTask,160468,160469,1416488.9953703703,1416503.3333333333,14.337962962962964,{'Idle': 14.337962962962964}
TelemetryTask,160473,160474,1425587.8148148148,1425601.7962962964,13.981481481481481,{'Idle': 13.981481481481481}
UartTxTask,160476,160478,1425738.8842592593,1425770.2777777778,31.39351851851852,{'TelemetryTask': 31.39351851851852}
UartTxTask,160482,160483,1426489.1712962964,1426503.9444444445,14.773148148148149,{'Idle': 14.773148148148149}
TelemetryTask,160487,160488,1435587.861111111,1435601.7083333333,13.847222222222221,{'Idle': 13.847222222222221}
UartTxTask,160490,160492,1435738.6296296297,1435769.9722222222,31.34259259259259,{'TelemetryTask': 31.34259259259259}
UartTxTask,160496,160497,1436488.3009259258,1436503.023148148,14.722222222222221,{'Idle': 14.722222222222221}
TelemetryTask,160501,160502,1445587.875,1445602.0833333333,14.208333333333334,{'Idle': 14.208333333333334}
UartTxTask,160504,160506,1445739.1064814816,1445770.2222222222,31.11574074074074,{'TelemetryTask': 31.11574074074074}
UartTxTask,160510,160511,1446489.3796296297,1446504.388888889,15.00925925925926,{'Idle': 15.00925925925926}
TelemetryTask,160515,160516,1455587.6342592593,1455601.5601851852,13.925925925925926,{'Idle': 13.925925925925926}
UartTxTask,160518,160520,1455738.3101851852,1455770.0324074074,31.72222222222222,{'TelemetryTask': 31.72222222222222}
UartTxTask,160524,160525,1456488.773148148,1456503.3240740742,14.550925925925926,{'Idle': 14.550925925925926}
TelemetryTask,160529,160530,1465587.648148148,1465601.6666666667,14.018518518518519,{'Idle': 14.018518518518519}
UartTxTask,160532,160534,1465738.773148148,1465770.8240740742,32.050925925925924,{'TelemetryTask': 32.050925925925924}
UartTxTask,160538,160539,1466489.9953703703,1466504.726851852,14.731481481481481,{'Idle': 14.731481481481481}
TelemetryTask,160543,160544,1475587.8333333333,1475602.2685185184,14.435185185185185,{'Idle': 14.435185185185185}
UartTxTask,160546,160548,1475739.2314814816,1475770.3101851852,31.078703703703702,{'TelemetryTask': 31.078703703703702}
UartTxTask,160552,160553,1476489.4490740742,1476504.476851852,15.027777777777779,{'Idle': 15.027777777777779}
TelemetryTask,160557,160558,1485587.712962963,1485601.4953703703,13.782407407407407,{'Idle': 13.782407407407407}
UartTxTask,160560,160562,1485739.1851851852,1485771.1435185184,31.958333333333332,{'TelemetryTask': 31.958333333333332}
UartTxTask,160566,160567,1486490.1666666667,1486504.7407407407,14.574074074074074,{'Idle': 14.574074074074074}
TelemetryTask,160571,160572,1495587.6296296297,1495601.8240740742,14.194444444444445,{'Idle': 14.194444444444445}
UartTxTask,160574,160576,1495739.75,1495771.351851852,31.60185185185185,{'TelemetryTask': 31.601851851851855}
UartTxTask,160580,160581,1496490.6527777778,1496505.3148148148,14.662037037037036,{'Idle': 14.662037037037036}
TelemetryTask,160585,160586,1505587.787037037,1505602.0601851852,14.273148148148149,{'Idle': 14.273148148148149}
UartTxTask,160588,160590,1505739.638888889,1505771.3842592593,31.74537037037037,{'TelemetryTask': 31.74537037037037}
UartTxTask,160594,160595,1506490.611111111,1506505.4212962964,14.810185185185185,{'Idle': 14.810185185185185}
TelemetryTask,160599,160600,1515587.5972222222,1515601.4953703703,13.898148148148149,{'Idle': 13.898148148148149}
UartTxTask,160602,160604,1515737.773148148,1515769.3472222222,31.574074074074073,{'TelemetryTask': 31.574074074074073}
UartTxTask,160608,160609,1516488.148148148,1516502.5787037036,14.430555555555555,{'Idle': 14.430555555555555}
TelemetryTask,160613,160614,1525587.7314814816,1525601.6898148148,13.958333333333334,{'Idle': 13.958333333333334}
UartTxTask,160616,160618,1525738.9351851852,1525770.2824074074,31.34722222222222,{'TelemetryTask': 31.34722222222222}
UartTxTask,160622,160623,1526489.5324074074,1526503.9027777778,14.37037037037037,{'Idle': 14.37037037037037}
TelemetryTask,160627,160628,1535587.712962963,1535601.8564814816,14.143518518518519,{'Idle': 14.143518518518519}
UartTxTask,160630,160632,1535738.5740740742,1535770.25,31.675925925925927,{'TelemetryTask': 31.675925925925924}
UartTxTask,160636,160637,1536489.3240740742,1536504.0416666667,14.717592592592593,{'Idle': 14.717592592592593}
TelemetryTask,160641,160642,1545587.7407407407,1545601.537037037,13.796296296296296,{'Idle': 13.796296296296296}
UartTxTask,160644,160646,1545739.4074074074,1545771.1712962964,31.76388888888889,{'TelemetryTask': 31.763888888888886}
UartTxTask,160650,160651,1546490.0694444445,1546505.0509259258,14.981481481481481,{'Idle': 14.981481481481481}
TelemetryTask,160655,160656,1555587.8148148148,1555601.962962963,14.148148148148149,{'Idle': 14.148148148148149}
UartTxTask,160658,160660,1555739.5046296297,1555771.013888889,31.50925925925926,{'TelemetryTask': 31.50925925925926}
UartTxTask,160664,160665,1556489.9027777778,1556504.5648148148,14.662037037037036,{'Idle': 14.662037037037036}
TelemetryTask,160669,160670,1565587.587962963,1565601.601851852,14.01388888888889,{'Idle': 14.01388888888889}
UartTxTask,160672,160674,1565738.888888889,1565770.7407407407,31.85185185185185,{'TelemetryTask': 31.85185185185185}
UartTxTask,160678,160679,1566489.9722222222,1566505.1759259258,15.203703703703704,{'Idle': 15.203703703703704}
TelemetryTask,160683,160684,1575587.7777777778,1575601.7222222222,13.944444444444445,{'Idle': 13.944444444444445}
UartTxTask,160686,160688,1575738.1712962964,1575770.486111111,32.31481481481482,{'TelemetryTask': 32.31481481481482}
UartTxTask,160692,160693,1576489.412037037,1576504.0601851852,14.648148148148149,{'Idle': 14.648148148148149}
TelemetryTask,160697,160698,1585587.7916666667,1585602.1064814816,14.314814814814815,{'Idle': 14.314814814814815}
UartTxTask,160700,160702,1585739.5416666667,1585770.9027777778,31.36111111111111,{'TelemetryTask': 31.36111111111111}
UartTxTask,160706,160707,1586489.6296296297,1586504.2824074074,14.652777777777779,{'Idle': 14.652777777777779}
TelemetryTask,160711,160712,1595587.611111111,1595601.6990740742,14.087962962962964,{'Idle': 14.087962962962964}
UartTxTask,160714,160716,1595739.6898148148,1595771.4675925926,31.77777777777778,{'TelemetryTask': 31.77777777777778}
UartTxTask,160720,160721,1596490.2824074074,1596505.4583333333,15.175925925925926,{'Idle': 15.175925925925926}
TelemetryTask,160725,160726,1605587.8055555555,1605601.9722222222,14.166666666666666,{'Idle': 14.166666666666666}
UartTxTask,160728,160730,1605738.5324074074,1605769.9675925926,31.435185185185187,{'TelemetryTask': 31.435185185185183}
UartTxTask,160734,160735,1606488.9398148148,1606503.5462962964,14.606481481481481,{'Idle': 14.606481481481481}
TelemetryTask,160739,160740,1615587.5972222222,1615601.638888889,14.041666666666666,{'Idle': 14.041666666666666}
UartTxTask,160742,160744,1615739.9027777778,1615771.3564814816,31.453703703703702,{'TelemetryTask': 31.453703703703702}
UartTxTask,160748,160749,1616490.3842592593,1616504.9444444445,14.560185185185185,{'Idle': 14.560185185185185}
TelemetryTask,160753,160754,1625587.5972222222,1625601.5694444445,13.972222222222221,{'Idle': 13.972222222222221}
UartTxTask,160756,160758,1625738.6712962964,1625770.3425925926,31.671296296296298,{'TelemetryTask': 31.671296296296298}
UartTxTask,160762,160763,1626489.087962963,1626503.6712962964,14.583333333333334,{'Idle': 14.583333333333334}
TelemetryTask,160767,160768,1635587.75,1635601.6805555555,13.930555555555555,{'Idle': 13.930555555555555}
UartTxTask,160770,160772,1635738.4814814816,1635769.7453703703,31.26388888888889,{'TelemetryTask': 31.26388888888889}
UartTxTask,160776,160777,1636488.3472222222,1636503.0694444445,14.722222222222221,{'Idle': 14.722222222222221}
TelemetryTask,160781,160782,1645587.5648148148,1645601.851851852,14.287037037037036,{'Idle': 14.287037037037036}
UartTxTask,160784,160786,1645739.6064814816,1645770.8055555555,31.199074074074073,{'TelemetryTask': 31.199074074074076}
UartTxTask,160790,160791,1646489.4398148148,1646504.4166666667,14.976851851851851,{'Idle': 14.976851851851851}
TelemetryTask,160795,160796,1655587.6990740742,1655601.7824074074,14.083333333333334,{'Idle': 14.083333333333334}
UartTxTask,160798,160800,1655739.962962963,1655771.1342592593,31.171296296296298,{'TelemetryTask': 31.171296296296298}
UartTxTask,160804,160805,1656490.1527777778,1656504.9305555555,14.777777777777779,{'Idle': 14.777777777777779}
TelemetryTask,160809,160810,1665587.8935185184,1665602.0925925926,14.199074074074074,{'Idle': 14.199074074074074}
UartTxTask,160812,160814,1665738.9074074074,1665770.7407407407,31.833333333333332,{'TelemetryTask': 31.833333333333336}
UartTxTask,160818,160819,1666489.6435185184,1666504.486111111,14.842592592592593,{'Idle': 14.842592592592593}
TelemetryTask,160823,160824,1675587.6203703703,1675601.7916666667,14.171296296296296,{'Idle': 14.171296296296296}
UartTxTask,160826,160828,1675738.3055555555,1675769.9398148148,31.63425925925926,{'TelemetryTask': 31.63425925925926}
UartTxTask,160832,160833,1676489.0925925926,1676503.537037037,14.444444444444445,{'Idle': 14.444444444444445}
TelemetryTask,160837,160838,1685587.6898148148,1685601.6851851852,13.99537037037037,{'Idle': 13.99537037037037}
UartTxTask,160840,160842,1685739.0787037036,1685771.2314814816,32.15277777777778,{'TelemetryTask': 32.15277777777778}
UartTxTask,160846,160847,1686489.6898148148,1686504.6944444445,15.00462962962963,{'Idle': 15.00462962962963}
TelemetryTask,160851,160852,1695587.587962963,1695601.611111111,14.023148148148149,{'Idle': 14.023148148148149}
UartTxTask,160854,160856,1695738.9259259258,1695770.2314814816,31.305555555555557,{'TelemetryTask': 31.305555555555557}
UartTxTask,160860,160861,1696488.6342592593,1696503.375,14.74074074074074,{'Idle': 14.74074074074074}
TelemetryTask,160865,160866,1705587.6805555555,1705601.5555555555,13.875,{'Idle': 13.875}
UartTxTask,160868,160870,1705738.7824074074,1705769.7546296297,30.97222222222222,{'TelemetryTask': 30.97222222222222}
UartTxTask,160874,160875,1706488.8564814816,1706504.037037037,15.180555555555555,{'Idle': 15.180555555555555}
TelemetryTask,160879,160880,1715587.6805555555,1715601.4953703703,13.814814814814815,{'Idle': 13.814814814814815}
UartTxTask,160882,160884,1715739.212962963,1715770.9814814816,31.76851851851852,{'TelemetryTask': 31.76851851851852}
UartTxTask,160888,160889,1716489.6064814816,1716504.138888889,14.532407407407407,{'Idle': 14.532407407407407}
TelemetryTask,160893,160894,1725587.625,1725601.25,13.625,{'Idle': 13.625}
UartTxTask,160896,160898,1725738.273148148,1725770.1064814816,31.833333333333332,{'TelemetryTask': 31.833333333333336}
UartTxTask,160902,160903,1726488.8287037036,1726503.398148148,14.569444444444445,{'Idle': 14.569444444444445}
TelemetryTask,160907,160908,1735587.6296296297,1735601.4444444445,13.814814814814815,{'Idle': 13.814814814814815}
UartTxTask,160910,160912,1735738.0925925926,1735769.7592592593,31.666666666666668,{'TelemetryTask': 31.666666666666664}
UartTxTask,160916,160917,1736488.6203703703,1736503.1157407407,14.49537037037037,{'Idle': 14.49537037037037}
TelemetryTask,160921,160922,1745587.5555555555,1745601.4259259258,13.87037037037037,{'Idle': 13.87037037037037}
UartTxTask,160924,160926,1745739.0787037036,1745770.1666666667,31.087962962962962,{'TelemetryTask': 31.087962962962962}
UartTxTask,160930,160931,1746489.101851852,1746503.9722222222,14.87037037037037,{'Idle': 14.87037037037037}
TelemetryTask,160935,160936,1755587.5416666667,1755601.5601851852,14.018518518518519,{'Idle': 14.018518518518519}
UartTxTask,160938,160940,1755738.8425925926,1755769.8564814816,31.01388888888889,{'TelemetryTask': 31.01388888888889}
UartTxTask,160944,160945,1756488.787037037,1756503.4907407407,14.703703703703704,{'Idle': 14.703703703703704}
TelemetryTask,160949,160950,1765587.787037037,1765601.7916666667,14.00462962962963,{'Idle': 14.00462962962963}
UartTxTask,160952,160954,1765738.398148148,1765769.9675925926,31.569444444444443,{'TelemetryTask': 31.569444444444443}
UartTxTask,160958,160959,1766488.8796296297,1766503.5555555555,14.675925925925926,{'Idle': 14.675925925925926}
TelemetryTask,160963,160964,1775587.8287037036,1775601.5277777778,13.699074074074074,{'Idle': 13.699074074074074}
UartTxTask,160966,160968,1775738.5925925926,1775770.3333333333,31.74074074074074,{'TelemetryTask': 31.74074074074074}
UartTxTask,160972,160973,1776489.4398148148,1776504.0416666667,14.601851851851851,{'Idle': 14.601851851851851}
TelemetryTask,160977,160978,1785587.6805555555,1785602.2083333333,14.527777777777779,{'Idle': 14.527777777777779}
UartTxTask,160980,160982,1785739.7175925926,1785771.111111111,31.39351851851852,{'TelemetryTask': 31.39351851851852}
UartTxTask,160986,160987,1786490.1759259258,1786505.0,14.824074074074074,{'Idle': 14.824074074074074}
TelemetryTask,160991,160992,1795587.5324074074,1795601.648148148,14.11574074074074,{'Idle': 14.11574074074074}
UartTxTask,160994,160996,1795738.8194444445,1795770.5092592593,31.689814814814813,{'TelemetryTask': 31.689814814814817}
UartTxTask,161000,161001,1796489.4814814816,1796504.125,14.643518518518519,{'Idle': 14.643518518518519}
TelemetryTask,161005,161006,1805587.7916666667,1805602.2453703703,14.453703703703704,{'Idle': 14.453703703703704}
UartTxTask,161008,161010,1805739.361111111,1805770.5092592593,31.14814814814815,{'TelemetryTask': 31.14814814814815}
UartTxTask,161014,161015,1806489.013888889,1806503.6527777778,14.63888888888889,{'Idle': 14.63888888888889}
TelemetryTask,161019,161020,1815587.8009259258,1815601.9398148148,14.13888888888889,{'Idle': 14.13888888888889}
UartTxTask,161022,161024,1815739.0694444445,1815769.8564814816,30.787037037037038,{'TelemetryTask': 30.787037037037038}
UartTxTask,161028,161029,1816488.8240740742,1816503.8703703703,15.046296296296296,{'Idle': 15.046296296296296}
TelemetryTask,161033,161034,1825587.6851851852,1825602.0601851852,14.375,{'Idle': 14.375}
UartTxTask,161036,161038,1825738.875,1825770.273148148,31.39814814814815,{'TelemetryTask': 31.398148148148145}
UartTxTask,161042,161043,1826489.0324074074,1826503.9074074074,14.875,{'Idle': 14.875}
TelemetryTask,161047,161048,1835587.7685185184,1835601.462962963,13.694444444444445,{'Idle': 13.694444444444445}
UartTxTask,161050,161052,1835738.7824074074,1835770.2222222222,31.439814814814813,{'TelemetryTask': 31.439814814814817}
UartTxTask,161056,161057,1836488.662037037,1836503.2824074074,14.62037037037037,{'Idle': 14.62037037037037}
TelemetryTask,161061,161062,1845587.7824074074,1845601.875,14.092592592592593,{'Idle': 14.092592592592593}
UartTxTask,161064,161066,1845738.8287037036,1845769.976851852,31.14814814814815,{'TelemetryTask': 31.14814814814815}
UartTxTask,161070,161071,1846489.1435185184,1846503.7407407407,14.597222222222221,{'Idle': 14.597222222222221}
TelemetryTask,161075,161076,1855587.712962963,1855601.9351851852,14.222222222222221,{'Idle': 14.222222222222221}
UartTxTask,161078,161080,1855738.9259259258,1855770.4074074074,31.48148148148148,{'TelemetryTask': 31.48148148148148}
UartTxTask,161084,161085,1856488.976851852,1856503.601851852,14.625,{'Idle': 14.625}
TelemetryTask,161089,161090,1865587.8240740742,1865601.4537037036,13.62962962962963,{'Idle': 13.62962962962963}
UartTxTask,161092,161094,1865739.8148148148,1865770.9675925926,31.15277777777778,{'TelemetryTask': 31.15277777777778}
UartTxTask,161098,161099,1866489.898148148,1866504.7592592593,14.86111111111111,{'Idle': 14.86111111111111}
TelemetryTask,161103,161104,1875587.7175925926,1875601.7916666667,14.074074074074074,{'Idle': 14.074074074074074}
UartTxTask,161106,161108,1875738.8194444445,1875770.236111111,31.416666666666668,{'TelemetryTask': 31.416666666666664}
UartTxTask,161112,161113,1876489.1203703703,1876504.0509259258,14.930555555555555,{'Idle': 14.930555555555555}
TelemetryTask,161117,161118,1885587.6666666667,1885601.7222222222,14.055555555555555,{'Idle': 14.055555555555555}
UartTxTask,161120,161122,1885739.1851851852,1885769.9444444445,30.75925925925926,{'TelemetryTask': 30.75925925925926}
UartTxTask,161126,161127,1886489.476851852,1886503.9583333333,14.481481481481481,{'Idle': 14.481481481481481}
TelemetryTask,161131,161132,1895587.648148148,1895602.0277777778,14.37962962962963,{'Idle': 14.37962962962963}
UartTxTask,161134,161136,1895740.2546296297,1895771.7546296297,31.5,{'TelemetryTask': 31.5}
UartTxTask,161140,161141,1896491.2592592593,1896505.6759259258,14.416666666666666,{'Idle': 14.416666666666666}
TelemetryTask,161145,161146,1905587.648148148,1905601.5972222222,13.949074074074074,{'Idle': 13.949074074074074}
UartTxTask,161148,161150,1905739.273148148,1905770.4212962964,31.14814814814815,{'TelemetryTask': 31.148148148148145}
UartTxTask,161154,161155,1906489.0972222222,1906503.773148148,14.675925925925926,{'Idle': 14.675925925925926}
TelemetryTask,161159,161160,1915587.7916666667,1915601.6898148148,13.898148148148149,{'Idle': 13.898148148148149}
UartTxTask,161162,161164,1915738.8842592593,1915770.4907407407,31.60648148148148,{'TelemetryTask': 31.60648148148148}
UartTxTask,161168,161169,1916489.587962963,1916504.486111111,14.898148148148149,{'Idle': 14.898148148148149}
TelemetryTask,161173,161174,1925587.8287037036,1925601.9814814816,14.152777777777779,{'Idle': 14.152777777777779}
UartTxTask,161176,161178,1925738.7777777778,1925770.1898148148,31.412037037037038,{'TelemetryTask': 31.412037037037038}
UartTxTask,161182,161183,1926489.4074074074,1926503.9074074074,14.5,{'Idle': 14.5}
TelemetryTask,161187,161188,1935587.6759259258,1935601.7546296297,14.078703703703704,{'Idle': 14.078703703703704}
UartTxTask,161190,161192,1935738.7824074074,1935770.712962963,31.930555555555557,{'TelemetryTask': 31.930555555555557}
UartTxTask,161196,161197,1936489.5277777778,1936504.638888889,15.11111111111111,{'Idle': 15.11111111111111}
TelemetryTask,161201,161202,1945587.763888889,1945602.1805555555,14.416666666666666,{'Idle': 14.416666666666666}
UartTxTask,161204,161206,1945739.648148148,1945770.625,30.97685185185185,{'TelemetryTask': 30.97685185185185}
UartTxTask,161210,161211,1946489.4027777778,1946504.4583333333,15.055555555555555,{'Idle': 15.055555555555555}
TelemetryTask,161215,161216,1955587.6574074074,1955601.8472222222,14.189814814814815,{'Idle': 14.189814814814815}
UartTxTask,161218,161220,1955739.0972222222,1955770.1851851852,31.087962962962962,{'TelemetryTask': 31.087962962962962}
UartTxTask,161224,161225,1956489.1574074074,1956503.9074074074,14.75,{'Idle': 14.75}
TelemetryTask,161229,161230,1965587.787037037,1965602.1805555555,14.393518518518519,{'Idle': 14.393518518518519}
UartTxTask,161232,161234,1965739.0462962964,1965770.0555555555,31.00925925925926,{'TelemetryTask': 31.00925925925926}
UartTxTask,161238,161239,1966489.1712962964,1966504.0787037036,14.907407407407407,{'Idle': 14.907407407407407}
TelemetryTask,161243,161244,1975587.6435185184,1975601.4027777778,13.75925925925926,{'Idle': 13.75925925925926}
UartTxTask,161246,161248,1975738.9074074074,1975770.1851851852,31.27777777777778,{'TelemetryTask': 31.27777777777778}
UartTxTask,161252,161253,1976488.9305555555,1976503.6990740742,14.768518518518519,{'Idle': 14.768518518518519}
TelemetryTask,161257,161258,1985587.7824074074,1985601.523148148,13.74074074074074,{'Idle': 13.74074074074074}
UartTxTask,161260,161262,1985739.0694444445,1985771.1527777778,32.083333333333336,{'TelemetryTask': 32.083333333333336}
UartTxTask,161266,161267,1986489.7175925926,1986504.6435185184,14.925925925925926,{'Idle': 14.925925925925926}
TelemetryTask,161271,161272,1995587.6990740742,1995601.5,13.800925925925926,{'Idle': 13.800925925925926}
UartTxTask,161274,161276,1995737.5416666667,1995769.1851851852,31.64351851851852,{'TelemetryTask': 31.64351851851852}
UartTxTask,161280,161281,1996488.125,1996502.962962963,14.837962962962964,{'Idle': 14.837962962962964}
TelemetryTask,161285,161286,2005587.7407407407,2005602.013888889,14.273148148148149,{'Idle': 14.273148148148149}
UartTxTask,161288,161290,2005738.8287037036,2005770.1712962964,31.34259259259259,{'TelemetryTask': 31.34259259259259}
UartTxTask,161294,161295,2006489.0833333333,2006503.8564814816,14.773148148148149,{'Idle': 14.773148148148149}
TelemetryTask,161299,161300,2015587.8148148148,2015602.1805555555,14.36574074074074,{'Idle': 14.36574074074074}
UartTxTask,161302,161304,2015740.25,2015771.3425925926,31.09259259259259,{'TelemetryTask': 31.09259259259259}
UartTxTask,161308,161309,2016490.4398148148,2016505.486111111,15.046296296296296,{'Idle': 15.046296296296296}
TelemetryTask,161313,161314,2025587.6574074074,2025601.625,13.967592592592593,{'Idle': 13.967592592592593}
UartTxTask,161316,161318,2025739.087962963,2025770.5416666667,31.453703703703702,{'TelemetryTask': 31.453703703703702}
UartTxTask,161322,161323,2026489.3935185184,2026504.2222222222,14.828703703703704,{'Idle': 14.828703703703704}
TelemetryTask,161327,161328,2035587.587962963,2035601.5972222222,14.00925925925926,{'Idle': 14.00925925925926}
UartTxTask,161330,161332,2035738.6064814816,2035769.5648148148,30.958333333333332,{'TelemetryTask': 30.958333333333336}
UartTxTask,161336,161337,2036488.2916666667,2036503.013888889,14.722222222222221,{'Idle': 14.722222222222221}
TelemetryTask,161341,161342,2045587.875,2045601.726851852,13.851851851851851,{'Idle': 13.851851851851851}
UartTxTask,161344,161346,2045738.4074074074,2045769.9074074074,31.5,{'TelemetryTask': 31.5}
UartTxTask,161350,161351,2046488.4490740742,2046502.9490740742,14.5,{'Idle': 14.5}
TelemetryTask,161355,161356,2055587.6574074074,2055601.513888889,13.856481481481481,{'Idle': 13.856481481481481}
UartTxTask,161358,161360,2055739.888888889,2055770.537037037,30.64814814814815,{'TelemetryTask': 30.64814814814815}
UartTxTask,161364,161365,2056489.9212962964,2056504.0972222222,14.175925925925926,{'Idle': 14.175925925925926}
TelemetryTask,161369,161370,2065587.6712962964,2065601.7916666667,14.12037037037037,{'Idle': 14.12037037037037}
UartTxTask,161372,161374,2065738.9351851852,2065770.6296296297,31.694444444444443,{'TelemetryTask': 31.694444444444443}
UartTxTask,161378,161379,2066489.861111111,2066504.6342592593,14.773148148148149,{'Idle': 14.773148148148149}
TelemetryTask,161383,161384,2075587.5092592593,2075601.462962963,13.953703703703704,{'Idle': 13.953703703703704}
UartTxTask,161386,161388,2075737.736111111,2075769.1851851852,31.449074074074073,{'TelemetryTask': 31.449074074074073}
UartTxTask,161392,161393,2076487.9027777778,2076502.7083333333,14.805555555555555,{'Idle': 14.805555555555555}
TelemetryTask,161397,161398,2085587.787037037,2085601.736111111,13.949074074074074,{'Idle': 13.949074074074074}
UartTxTask,161400,161402,2085738.5462962964,2085770.6990740742,32.15277777777778,{'TelemetryTask': 32.15277777777778}
UartTxTask,161406,161407,2086489.3240740742,2086504.1574074074,14.833333333333334,{'Idle': 14.833333333333334}
TelemetryTask,161411,161412,2095587.7037037036,2095601.7083333333,14.00462962962963,{'Idle': 14.00462962962963}
UartTxTask,161414,161416,2095738.6666666667,2095769.8055555555,31.13888888888889,{'TelemetryTask': 31.13888888888889}
UartTxTask,161420,161421,2096488.8564814816,2096503.4583333333,14.601851851851851,{'Idle': 14.601851851851851}
TelemetryTask,161425,161426,2105587.787037037,2105601.9444444445,14.157407407407407,{'Idle': 14.157407407683355}
UartTxTask,161428,161430,2105739.0694444445,2105770.685185185,31.61574074074074,{'TelemetryTask': 31.61574074074074}
UartTxTask,161434,161435,2106489.625,2106504.453703704,14.828703703703704,{'Idle': 14.828703703703704}
TelemetryTask,161439,161440,2115587.763888889,2115601.7685185187,14.00462962962963,{'Idle': 14.00462962962963}
UartTxTask,161442,161444,2115739.2407407407,2115770.4953703703,31.25462962962963,{'TelemetryTask': 31.25462962962963}
UartTxTask,161448,161449,2116489.6342592593,2116504.0092592593,14.375,{'Idle': 14.375}
TelemetryTask,161453,161454,2125587.847222222,2125601.7916666665,13.944444444444445,{'Idle': 13.944444444444445}
UartTxTask,161456,161458,2125739.0185185187,2125770.4444444445,31.425925925925927,{'TelemetryTask': 31.425925925925927}
UartTxTask,161462,161463,2126489.4768518517,2126504.2314814813,14.75462962962963,{'Idle': 14.754629629905578}
TelemetryTask,161467,161468,2135587.847222222,2135601.800925926,13.953703703703704,{'Idle': 13.953703703979652}
UartTxTask,161470,161472,2135739.8564814813,2135771.8055555555,31.949074074074073,{'TelemetryTask': 31.949074074074076}
UartTxTask,161476,161477,2136490.5092592593,2136505.625,15.11574074074074,{'Idle': 15.11574074074074}
TelemetryTask,161481,161482,2145587.7453703703,2145602.0046296297,14.25925925925926,{'Idle': 14.25925925925926}
UartTxTask,161484,161486,2145739.2685185187,2145770.8518518517,31.583333333333332,{'TelemetryTask': 31.58333333305739}
UartTxTask,161490,161491,2146489.472222222,2146503.9768518517,14.50462962962963,{'Idle': 14.50462962962963}
TelemetryTask,161495,161496,2155587.6064814813,2155601.324074074,13.717592592592593,{'Idle': 13.717592592592593}
UartTxTask,161498,161500,2155738.328703704,2155769.7592592593,31.430555555555557,{'TelemetryTask': 31.430555555555557}
UartTxTask,161504,161505,2156488.842592593,2156503.675925926,14.833333333333334,{'Idle': 14.833333333057386}
TelemetryTask,161509,161510,2165587.8657407407,2165602.3842592593,14.518518518518519,{'Idle': 14.518518518518519}
UartTxTask,161512,161514,2165739.1064814813,2165770.810185185,31.703703703703702,{'TelemetryTask': 31.703703703703702}
UartTxTask,161518,161519,2166489.6064814813,2166504.4953703703,14.88888888888889,{'Idle': 14.88888888888889}
TelemetryTask,161523,161524,2175587.685185185,2175601.592592593,13.907407407407407,"{'Idle': 13.907407407407407, 'TelemetryTask': 2.759474295156973e-10}"
UartTxTask,161526,161528,2175738.4583333335,2175770.1296296297,31.671296296296298,{'TelemetryTask': 31.67129629602035}
UartTxTask,161532,161533,2176488.814814815,2176503.5416666665,14.726851851851851,{'Idle': 14.726851851575905}
TelemetryTask,161537,161538,2185587.7916666665,2185601.9444444445,14.152777777777779,{'Idle': 14.152777778053727}
UartTxTask,161540,161542,2185739.8518518517,2185771.5416666665,31.689814814814813,{'TelemetryTask': 31.689814814814817}
UartTxTask,161546,161547,2186490.078703704,2186504.8564814813,14.777777777777779,{'Idle': 14.777777777777779}
TelemetryTask,161551,161552,2195587.6481481483,2195601.7731481483,14.125,"{'Idle': 14.124999999724052, 'TelemetryTask': 2.759474295156973e-10}"
UartTxTask,161554,161556,2195738.7314814813,2195769.699074074,30.96759259259259,{'TelemetryTask': 30.96759259259259}
UartTxTask,161560,161561,2196488.888888889,2196503.486111111,14.597222222222221,{'Idle': 14.597222222222221}
TelemetryTask,161565,161566,2205587.657407407,2205601.9166666665,14.25925925925926,{'Idle': 14.25925925925926}
UartTxTask,161568,161570,2205739.300925926,2205770.152777778,30.85185185185185,"{'TelemetryTask': 30.851851851851855, 'UartTxTask': 2.759474295156973e-10}"
UartTxTask,161574,161575,2206489.1296296297,2206503.9305555555,14.800925925925926,{'Idle': 14.800925925925926}
TelemetryTask,161579,161580,2215587.787037037,2215601.9166666665,14.12962962962963,{'Idle': 14.12962962962963}
UartTxTask,161582,161584,2215739.0231481483,2215770.3657407407,31.34259259259259,{'TelemetryTask': 31.34259259231665}
UartTxTask,161588,161589,2216489.212962963,2216503.8055555555,14.592592592592593,{'Idle': 14.592592592316645}
TelemetryTask,161593,161594,2225587.800925926,2225601.949074074,14.148148148148149,{'Idle': 14.148148148148149}
UartTxTask,161596,161598,2225739.185185185,2225770.736111111,31.550925925925927,{'TelemetryTask': 31.550925925925924}
UartTxTask,161602,161603,2226489.5231481483,2226504.3657407407,14.842592592592593,{'Idle': 14.842592592316645}
TelemetryTask,161607,161608,2235587.7546296297,2235603.027777778,15.273148148148149,"{'Idle': 15.273148148148149, 'TelemetryTask': 2.759474295156973e-10}"
UartTxTask,161610,161612,2235740.0416666665,2235771.7314814813,31.689814814814813,{'TelemetryTask': 31.689814815090763}
UartTxTask,161616,161617,2236490.9444444445,2236505.5,14.555555555555555,{'Idle': 14.555555555555555}
TelemetryTask,161621,161622,2245587.796296296,2245601.925925926,14.12962962962963,{'Idle': 14.12962962962963}
UartTxTask,161624,161626,2245738.902777778,2245770.3518518517,31.449074074074073,{'TelemetryTask': 31.44907407352218}
UartTxTask,161630,161631,2246489.486111111,2246504.300925926,14.814814814814815,{'Idle': 14.814814814814815}
TelemetryTask,161635,161636,2255587.8518518517,2255601.8935185187,14.041666666666666,{'Idle': 14.041666666942614}
UartTxTask,161638,161640,2255739.578703704,2255770.907407407,31.328703703703702,{'TelemetryTask': 31.328703703427756}
UartTxTask,161644,161645,2256489.9305555555,2256504.921296296,14.99074074074074,{'Idle': 14.99074074074074}
TelemetryTask,161649,161650,2265587.7731481483,2265602.0046296297,14.231481481481481,{'Idle': 14.231481481205535}
UartTxTask,161652,161654,2265738.546296296,2265769.810185185,31.26388888888889,{'TelemetryTask': 31.26388888888889}
UartTxTask,161658,161659,2266488.921296296,2266503.722222222,14.800925925925926,{'Idle': 14.80092592564998}
TelemetryTask,161663,161664,2275587.652777778,2275601.6296296297,13.976851851851851,{'Idle': 13.976851851575905}
UartTxTask,161666,161668,2275739.412037037,2275771.407407407,31.99537037037037,{'TelemetryTask': 31.995370370370367}
UartTxTask,161672,161673,2276490.152777778,2276505.1296296297,14.976851851851851,{'Idle': 14.976851851575905}
TelemetryTask,161677,161678,2285587.7546296297,2285601.6435185187,13.88888888888889,{'Idle': 13.88888888888889}
UartTxTask,161680,161682,2285738.6018518517,2285769.425925926,30.824074074074073,{'TelemetryTask': 30.824074074350023}
UartTxTask,161686,161687,2286488.3518518517,2286503.050925926,14.699074074074074,{'Idle': 14.699074074350023}
TelemetryTask,161691,161692,2295587.689814815,2295601.5416666665,13.851851851851851,{'Idle': 13.851851851575905}
UartTxTask,161694,161696,2295739.1805555555,2295770.5231481483,31.34259259259259,"{'TelemetryTask': 31.342592592592595, 'UartTxTask': 2.759474295156973e-10}"
UartTxTask,161700,161701,2296489.2731481483,2296503.939814815,14.666666666666666,{'Idle': 14.66666666639072}
TelemetryTask,161705,161706,2305587.6435185187,2305601.625,13.981481481481481,{'Idle': 13.981481481481481}
UartTxTask,161708,161710,2305739.328703704,2305770.449074074,31.12037037037037,{'TelemetryTask': 31.120370370370374}
UartTxTask,161714,161715,2306489.407407407,2306503.9907407407,14.583333333333334,{'Idle': 14.583333333609282}
TelemetryTask,161719,161720,2315587.6296296297,2315601.6666666665,14.037037037037036,{'Idle': 14.03703703676109}
UartTxTask,161722,161724,2315739.3564814813,2315770.777777778,31.421296296296298,"{'TelemetryTask': 31.421296296296298, 'UartTxTask': 2.759474295156973e-10}"
UartTxTask,161728,161729,2316489.8194444445,2316504.6296296297,14.810185185185185,{'Idle': 14.810185185185185}
TelemetryTask,161733,161734,2325587.7083333335,2325601.814814815,14.106481481481481,{'Idle': 14.106481481205535}
UartTxTask,161736,161738,2325739.347222222,2325770.611111111,31.26388888888889,{'TelemetryTask': 31.263888889164832}
UartTxTask,161742,161743,2326489.287037037,2326503.7314814813,14.444444444444445,{'Idle': 14.444444444720393}
TelemetryTask,161747,161748,2335587.7453703703,2335601.888888889,14.143518518518519,{'Idle': 14.143518518518519}
UartTxTask,161750,161752,2335739.189814815,2335770.699074074,31.50925925925926,{'TelemetryTask': 31.50925925925926}
UartTxTask,161756,161757,2336489.1805555555,2336503.712962963,14.532407407407407,"{'Idle': 14.532407407407407, 'UartTxTask': 2.759474295156973e-10}"
ButtonTask,161763,161765,2345381.4768518517,2345396.777777778,15.300925925925926,"{'ISR#56': 5.95833333360928, 'Scheduler': 9.342592592592593, 'ButtonTask': 2.759474295156973e-10}"
UartTxTask,161768,161770,2345515.532407407,2345544.935185185,29.40277777777778,{'ButtonTask': 29.402777778053725}
TelemetryTask,161774,161775,2345593.1018518517,2345600.4814814813,7.37962962962963,{'Idle': 7.379629629905577}
UartTxTask,161779,161780,2346264.217592593,2346273.3842592593,9.166666666666666,{'Idle': 9.16666666639072}
UartTxTask,161785,161786,2347007.7731481483,2347016.712962963,8.939814814814815,"{'Idle': 8.939814814538867, 'UartTxTask': 2.759474295156973e-10}"
TelemetryTask,161790,161791,2355587.703703704,2355601.7731481483,14.069444444444445,"{'Idle': 14.069444444444445, 'TelemetryTask': 2.759474295156973e-10}"
UartTxTask,161793,161795,2355739.3055555555,2355771.092592593,31.787037037037038,"{'TelemetryTask': 31.787037037037038, 'UartTxTask': 2.759474295156973e-10}"
UartTxTask,161799,161800,2356490.1203703703,2356504.4907407407,14.37037037037037,{'Idle': 14.37037037037037}
TelemetryTask,161804,161805,2365587.7083333335,2365601.703703704,13.99537037037037,{'Idle': 13.995370370094422}
UartTxTask,161807,161809,2365739.550925926,2365770.75,31.199074074074073,{'TelemetryTask': 31.199074074074076}
UartTxTask,161813,161814,2366489.5185185187,2366504.296296296,14.777777777777779,{'Idle': 14.777777777777779}
TelemetryTask,161818,161819,2375587.712962963,2375602.0231481483,14.310185185185185,"{'Idle': 14.310185184909237, 'TelemetryTask': 2.759474295156973e-10}"
UartTxTask,161821,161823,2375739.064814815,2375770.7731481483,31.708333333333332,"{'TelemetryTask': 31.708333333333332, 'UartTxTask': 2.759474295156973e-10}"
UartTxTask,161827,161828,2376489.9305555555,2376504.777777778,14.847222222222221,"{'Idle': 14.847222222222221, 'UartTxTask': 2.759474295156973e-10}"
TelemetryTask,161832,161833,2385587.800925926,2385602.074074074,14.273148148148149,{'Idle': 14.273148148148149}
UartTxTask,161835,161837,2385739.1435185187,2385770.1944444445,31.050925925925927,{'TelemetryTask': 31.050925925925927}
UartTxTask,161841,161842,2386489.199074074,2386503.777777778,14.578703703703704,"{'Idle': 14.578703703703704, 'UartTxTask': 2.759474295156973e-10}"
TelemetryTask,161846,161847,2395587.800925926,2395601.962962963,14.162037037037036,"{'Idle': 14.162037037037036, 'TelemetryTask': 2.759474295156973e-10}"
UartTxTask,161849,161851,2395738.888888889,2395770.7592592593,31.87037037037037,{'TelemetryTask': 31.870370370370374}
UartTxTask,161855,161856,2396489.6805555555,2396504.560185185,14.87962962962963,{'Idle': 14.87962962962963}
TelemetryTask,161860,161861,2405587.699074074,2405601.800925926,14.101851851851851,{'Idle': 14.101851851851851}
UartTxTask,161863,161865,2405737.9768518517,2405768.8564814813,30.87962962962963,{'TelemetryTask': 30.879629629905576}
UartTxTask,161869,161870,2406487.527777778,2406502.287037037,14.75925925925926,{'Idle': 14.759259258707365}
TelemetryTask,161874,161875,2415587.842592593,2415601.962962963,14.12037037037037,"{'Idle': 14.120370370094422, 'TelemetryTask': 2.759474295156973e-10}"
UartTxTask,161877,161879,2415738.9583333335,2415770.3055555555,31.34722222222222,{'TelemetryTask': 31.347222221946275}
UartTxTask,161883,161884,2416489.6481481483,2416504.425925926,14.777777777777779,{'Idle': 14.77777777750183}
TelemetryTask,161888,161889,2425587.7268518517,2425601.967592593,14.24074074074074,"{'Idle': 14.240740741016689, 'TelemetryTask': 2.759474295156973e-10}"
UartTxTask,161891,161893,2425738.8657407407,2425770.189814815,31.324074074074073,{'TelemetryTask': 31.324074074074073}
UartTxTask,161897,161898,2426489.199074074,2426503.912037037,14.712962962962964,{'Idle': 14.712962962687016}
TelemetryTask,161902,161903,2435587.6203703703,2435601.7453703703,14.125,{'Idle': 14.125}
UartTxTask,161905,161907,2435738.9768518517,2435770.6666666665,31.689814814814813,{'TelemetryTask': 31.689814814814813}
UartTxTask,161911,161912,2436489.4953703703,2436504.1435185187,14.648148148148149,{'Idle': 14.648148148148149}
TelemetryTask,161916,161917,2445587.8564814813,2445602.0185185187,14.162037037037036,{'Idle': 14.162037037037036}
UartTxTask,161919,161921,2445739.421296296,2445771.111111111,31.689814814814813,{'TelemetryTask': 31.689814814814817}
UartTxTask,161925,161926,2446490.097222222,2446505.097222222,15.0,{'Idle': 15.0}
TelemetryTask,161930,161931,2455587.712962963,2455601.3657407407,13.652777777777779,{'Idle': 13.65277777750183}
UartTxTask,161933,161935,2455738.6203703703,2455769.925925926,31.305555555555557,{'TelemetryTask': 31.305555555555557}
UartTxTask,161939,161940,2456488.513888889,2456503.2407407407,14.726851851851851,{'Idle': 14.726851851851851}
TelemetryTask,161944,161945,2465587.638888889,2465601.2916666665,13.652777777777779,{'Idle': 13.65277777750183}
UartTxTask,161947,161949,2465738.2731481483,2465769.75,31.47685185185185,{'TelemetryTask': 31.476851851575905}
UartTxTask,161953,161954,2466488.777777778,2466503.3657407407,14.587962962962964,{'Idle': 14.587962962687016}
TelemetryTask,161958,161959,2475587.6342592593,2475601.7546296297,14.12037037037037,{'Idle': 14.12037037037037}
UartTxTask,161961,161963,2475739.3842592593,2475770.574074074,31.189814814814813,{'TelemetryTask': 31.189814814814817}
UartTxTask,161967,161968,2476489.662037037,2476504.6203703703,14.958333333333334,{'Idle': 14.958333333609282}
TelemetryTask,161972,161973,2485587.800925926,2485602.0833333335,14.282407407407407,{'Idle': 14.282407407407407}
UartTxTask,161975,161977,2485739.611111111,2485770.6018518517,30.99074074074074,{'TelemetryTask': 30.99074074074074}
UartTxTask,161981,161982,2486489.4166666665,2486504.0092592593,14.592592592592593,{'Idle': 14.592592592592593}
TelemetryTask,161986,161987,2495587.652777778,2495601.717592593,14.064814814814815,{'Idle': 14.064814814814815}
UartTxTask,161989,161991,2495739.9907407407,2495771.425925926,31.435185185185187,{'TelemetryTask': 31.435185185185183}
UartTxTask,161995,161996,2496490.560185185,2496505.138888889,14.578703703703704,{'Idle': 14.578703703703704}
TelemetryTask,162000,162001,2505587.703703704,2505601.407407407,13.703703703703704,{'Idle': 13.703703703703704}
UartTxTask,162003,162005,2505738.097222222,2505769.6481481483,31.550925925925927,{'TelemetryTask': 31.550925925925927}
UartTxTask,162009,162010,2506488.282407407,2506502.9768518517,14.694444444444445,{'Idle': 14.694444444444445}
TelemetryTask,162014,162015,2515587.564814815,2515601.5046296297,13.939814814814815,{'Idle': 13.939814814814815}
UartTxTask,162017,162019,2515737.796296296,2515769.638888889,31.84259259259259,{'TelemetryTask': 31.84259259259259}
UartTxTask,162023,162024,2516488.5694444445,2516503.310185185,14.74074074074074,{'Idle': 14.74074074074074}
TelemetryTask,162028,162029,2525587.699074074,2525601.8796296297,14.180555555555555,{'Idle': 14.180555555555555}
UartTxTask,162031,162033,2525739.3055555555,2525770.574074074,31.26851851851852,{'TelemetryTask': 31.26851851851852}
UartTxTask,162037,162038,2526489.4583333335,2526504.046296296,14.587962962962964,{'Idle': 14.587962962962964}
TelemetryTask,162042,162043,2535587.699074074,2535602.0,14.300925925925926,{'Idle': 14.300925925925926}
UartTxTask,162045,162047,2535738.625,2535770.1666666665,31.541666666666668,{'TelemetryTask': 31.541666666666668}
UartTxTask,162051,162052,2536488.949074074,2536503.662037037,14.712962962962964,{'Idle': 14.712962962962964}
TelemetryTask,162056,162057,2545587.796296296,2545602.111111111,14.314814814814815,{'Idle': 14.314814814814815}
UartTxTask,162059,162061,2545740.439814815,2545771.5231481483,31.083333333333332,{'TelemetryTask': 31.083333333333336}
UartTxTask,162065,162066,2546490.1203703703,2546504.949074074,14.828703703703704,{'Idle': 14.828703703703704}
TelemetryTask,162070,162071,2555587.847222222,2555602.0694444445,14.222222222222221,{'Idle': 14.222222222222221}
UartTxTask,162073,162075,2555739.9444444445,2555771.342592593,31.39814814814815,{'TelemetryTask': 31.398148148148145}
UartTxTask,162079,162080,2556489.9907407407,2556504.537037037,14.546296296296296,{'Idle': 14.546296296296296}
TelemetryTask,162084,162085,2565587.814814815,2565601.7731481483,13.958333333333334,{'Idle': 13.958333333333334}
UartTxTask,162087,162089,2565739.310185185,2565771.4907407407,32.18055555555556,{'TelemetryTask': 32.18055555555556}
UartTxTask,162093,162094,2566490.328703704,2566505.282407407,14.953703703703704,{'Idle': 14.953703703703704}
TelemetryTask,162098,162099,2575587.6805555555,2575601.912037037,14.231481481481481,{'Idle': 14.231481481481481}
UartTxTask,162101,162103,2575738.782407407,2575770.347222222,31.564814814814813,{'TelemetryTask': 31.564814814814813}
UartTxTask,162107,162108,2576489.685185185,2576504.6342592593,14.949074074074074,{'Idle': 14.949074074074074}
TelemetryTask,162112,162113,2585587.671296296,2585601.7916666665,14.12037037037037,{'Idle': 14.12037037037037}
UartTxTask,162115,162117,2585739.0185185187,2585770.6666666665,31.64814814814815,{'TelemetryTask': 31.64814814814815}
UartTxTask,162121,162122,2586489.5555555555,2586504.217592593,14.662037037037036,{'Idle': 14.662037037037036}
TelemetryTask,162126,162127,2595587.699074074,2595602.1481481483,14.449074074074074,{'Idle': 14.449074074074074}
UartTxTask,162129,162131,2595739.6203703703,2595771.2268518517,31.60648148148148,{'TelemetryTask': 31.60648148148148}
UartTxTask,162135,162136,2596490.078703704,2596504.6157407407,14.537037037037036,{'Idle': 14.537037037037036}
TelemetryTask,162140,162141,2605587.847222222,2605602.046296296,14.199074074074074,{'Idle': 14.199074074074074}
UartTxTask,162143,162145,2605738.7731481483,2605769.824074074,31.050925925925927,{'TelemetryTask': 31.050925925925924}
UartTxTask,162149,162150,2606488.611111111,2606503.402777778,14.791666666666666,{'Idle': 14.791666666666666}
TelemetryTask,162154,162155,2615587.787037037,2615602.0555555555,14.268518518518519,{'Idle': 14.268518518518519}
UartTxTask,162157,162159,2615739.2453703703,2615770.9907407407,31.74537037037037,{'TelemetryTask': 31.74537037037037}
UartTxTask,162163,162164,2616489.75,2616504.3333333335,14.583333333333334,{'Idle': 14.583333333333334}
TelemetryTask,162168,162169,2625587.837962963,2625601.7083333335,13.87037037037037,{'Idle': 13.87037037037037}
UartTxTask,162171,162173,2625739.328703704,2625770.578703704,31.25,{'TelemetryTask': 31.25}
UartTxTask,162177,162178,2626489.6944444445,2626504.407407407,14.712962962962964,{'Idle': 14.712962962962964}
TelemetryTask,162182,162183,2635587.7916666665,2635602.0416666665,14.25,{'Idle': 14.25}
UartTxTask,162185,162187,2635738.861111111,2635770.3703703703,31.50925925925926,{'TelemetryTask': 31.50925925925926}
UartTxTask,162191,162192,2636489.2407407407,2636503.828703704,14.587962962962964,{'Idle': 14.587962962962964}
TelemetryTask,162196,162197,2645587.625,2645601.532407407,13.907407407407407,{'Idle': 13.907407407407407}
UartTxTask,162199,162201,2645738.578703704,2645769.6481481483,31.069444444444443,{'TelemetryTask': 31.069444444444443}
UartTxTask,162205,162206,2646488.6064814813,2646503.527777778,14.921296296296296,{'Idle': 14.921296296296296}
TelemetryTask,162210,162211,2655587.537037037,2655601.5,13.962962962962964,{'Idle': 13.962962962962964}
UartTxTask,162213,162215,2655738.828703704,2655770.652777778,31.824074074074073,{'TelemetryTask': 31.824074074074076}
UartTxTask,162219,162220,2656489.439814815,2656504.2916666665,14.851851851851851,{'Idle': 14.851851851851851}
TelemetryTask,162224,162225,2665587.685185185,2665601.6435185187,13.958333333333334,{'Idle': 13.958333333333334}
UartTxTask,162227,162229,2665739.6296296297,2665771.6203703703,31.99074074074074,{'TelemetryTask': 31.99074074074074}
UartTxTask,162233,162234,2666490.1805555555,2666505.0555555555,14.875,{'Idle': 14.875}
TelemetryTask,162238,162239,2675587.736111111,2675602.1203703703,14.38425925925926,{'Idle': 14.38425925925926}
UartTxTask,162241,162243,2675739.4166666665,2675770.662037037,31.24537037037037,{'TelemetryTask': 31.24537037037037}
UartTxTask,162247,162248,2676489.657407407,2676504.3518518517,14.694444444444445,{'Idle': 14.694444444444445}
TelemetryTask,162252,162253,2685587.7268518517,2685601.8657407407,14.13888888888889,{'Idle': 14.13888888888889}
UartTxTask,162255,162257,2685739.0555555555,2685770.277777778,31.22222222222222,{'TelemetryTask': 31.22222222222222}
UartTxTask,162261,162262,2686489.3564814813,2686504.138888889,14.782407407407407,{'Idle': 14.782407407407407}
TelemetryTask,162266,162267,2695587.8518518517,2695601.972222222,14.12037037037037,{'Idle': 14.12037037037037}
UartTxTask,162269,162271,2695739.6944444445,2695770.685185185,30.99074074074074,{'TelemetryTask': 30.99074074074074}
UartTxTask,162275,162276,2696490.236111111,2696504.824074074,14.587962962962964,{'Idle': 14.587962962962964}
TelemetryTask,162280,162281,2705587.787037037,2705602.027777778,14.24074074074074,{'Idle': 14.24074074074074}
UartTxTask,162283,162285,2705738.6805555555,2705769.689814815,31.00925925925926,{'TelemetryTask': 31.00925925925926}
UartTxTask,162289,162290,2706488.703703704,2706503.5231481483,14.819444444444445,{'Idle': 14.819444444444445}
TelemetryTask,162294,162295,2715587.828703704,2715601.578703704,13.75,{'Idle': 13.75}
UartTxTask,162297,162299,2715738.162037037,2715770.037037037,31.875,{'TelemetryTask': 31.875}
UartTxTask,162303,162304,2716489.2916666665,2716503.9166666665,14.625,{'Idle': 14.625}
TelemetryTask,162308,162309,2725587.7083333335,2725602.0092592593,14.300925925925926,{'Idle': 14.300925925925926}
UartTxTask,162311,162313,2725739.342592593,2725770.777777778,31.435185185185187,{'TelemetryTask': 31.435185185185183}
UartTxTask,162317,162318,2726489.402777778,2726504.087962963,14.685185185185185,{'Idle': 14.685185185185185}
TelemetryTask,162322,162323,2735587.689814815,2735601.5833333335,13.893518518518519,{'Idle': 13.893518518518519}
UartTxTask,162325,162327,2735738.3194444445,2735769.3935185187,31.074074074074073,{'TelemetryTask': 31.074074074074076}
UartTxTask,162331,162332,2736487.689814815,2736502.6805555555,14.99074074074074,{'Idle': 14.99074074074074}
TelemetryTask,162336,162337,2745587.6481481483,2745601.712962963,14.064814814814815,{'Idle': 14.064814814814815}
UartTxTask,162339,162341,2745738.652777778,2745770.175925926,31.52314814814815,{'TelemetryTask': 31.52314814814815}
UartTxTask,162345,162346,2746489.4583333335,2746504.3518518517,14.893518518518519,{'Idle': 14.893518518518519}
TelemetryTask,162350,162351,2755587.6157407407,2755601.638888889,14.023148148148149,{'Idle': 14.023148148148149}
UartTxTask,162353,162355,2755738.842592593,2755770.3333333335,31.49074074074074,{'TelemetryTask': 31.49074074074074}
UartTxTask,162359,162360,2756489.0833333335,2756503.875,14.791666666666666,{'Idle': 14.791666666666666}
TelemetryTask,162364,162365,2765587.703703704,2765601.800925926,14.097222222222221,{'Idle': 14.097222222222221}
UartTxTask,162367,162369,2765738.5092592593,2765770.2083333335,31.699074074074073,{'TelemetryTask': 31.699074074074073}
UartTxTask,162373,162374,2766489.111111111,2766503.8935185187,14.782407407407407,{'Idle': 14.782407407407407}
TelemetryTask,162378,162379,2775587.814814815,2775601.3333333335,13.518518518518519,{'Idle': 13.518518518518519}
UartTxTask,162381,162383,2775739.282407407,2775770.296296296,31.01388888888889,{'TelemetryTask': 31.01388888888889}
UartTxTask,162387,162388,2776489.1064814813,2776504.0046296297,14.898148148148149,{'Idle': 14.898148148148149}
TelemetryTask,162392,162393,2785587.638888889,2785601.662037037,14.023148148148149,{'Idle': 14.023148148148149}
UartTxTask,162395,162397,2785738.513888889,2785769.828703704,31.314814814814813,{'TelemetryTask': 31.314814814814813}
UartTxTask,162401,162402,2786488.611111111,2786503.185185185,14.574074074074074,{'Idle': 14.574074074074074}
TelemetryTask,162406,162407,2795587.7916666665,2795601.638888889,13.847222222222221,{'Idle': 13.847222222222221}
UartTxTask,162409,162411,2795738.9907407407,2795769.810185185,30.819444444444443,{'TelemetryTask': 30.819444444444443}
UartTxTask,162415,162416,2796488.375,2796503.3055555555,14.930555555555555,{'Idle': 14.930555555555555}
TelemetryTask,162420,162421,2805587.6064814813,2805601.847222222,14.24074074074074,{'Idle': 14.24074074074074}
UartTxTask,162423,162425,2805738.587962963,2805770.2407407407,31.65277777777778,{'TelemetryTask': 31.65277777777778}
UartTxTask,162429,162430,2806488.814814815,2806503.296296296,14.481481481481481,{'Idle': 14.481481481481481}
TelemetryTask,162434,162435,2815587.828703704,2815601.6805555555,13.851851851851851,{'Idle': 13.851851851851851}
UartTxTask,162437,162439,2815738.712962963,2815770.046296296,31.333333333333332,{'TelemetryTask': 31.333333333333336}
UartTxTask,162443,162444,2816488.847222222,2816503.8518518517,15.00462962962963,{'Idle': 15.00462962962963}
TelemetryTask,162448,162449,2825587.6342592593,2825601.8333333335,14.199074074074074,{'Idle': 14.199074074074074}
UartTxTask,162451,162453,2825739.564814815,2825771.1064814813,31.541666666666668,{'TelemetryTask': 31.541666666666668}
UartTxTask,162457,162458,2826489.9907407407,2826504.8194444445,14.828703703703704,{'Idle': 14.828703703703704}
TelemetryTask,162462,162463,2835587.763888889,2835601.6018518517,13.837962962962964,{'Idle': 13.837962962962964}
UartTxTask,162465,162467,2835739.0231481483,2835770.152777778,31.12962962962963,{'TelemetryTask': 31.12962962962963}
UartTxTask,162471,162472,2836489.4444444445,2836504.337962963,14.893518518518519,{'Idle': 14.893518518518519}
TelemetryTask,162476,162477,2845587.5,2845601.6203703703,14.12037037037037,{'Idle': 14.12037037037037}
UartTxTask,162479,162481,2845738.8564814813,2845770.513888889,31.65740740740741,{'TelemetryTask': 31.65740740740741}
UartTxTask,162485,162486,2846489.550925926,2846504.412037037,14.86111111111111,{'Idle': 14.86111111111111}
TelemetryTask,162490,162491,2855587.7268518517,2855601.8981481483,14.171296296296296,{'Idle': 14.171296296296296}
UartTxTask,162493,162495,2855738.736111111,2855770.171296296,31.435185185185187,{'TelemetryTask': 31.435185185185183}
UartTxTask,162499,162500,2856489.1435185187,2856504.064814815,14.921296296296296,{'Idle': 14.921296296296296}
TelemetryTask,162504,162505,2865587.6666666665,2865601.574074074,13.907407407407407,{'Idle': 13.907407407407407}
UartTxTask,162507,162509,2865738.736111111,2865770.1064814813,31.37037037037037,{'TelemetryTask': 31.370370370370374}
UartTxTask,162513,162514,2866488.861111111,2866503.810185185,14.949074074074074,{'Idle': 14.949074074074074}
TelemetryTask,162518,162519,2875587.7916666665,2875602.1157407407,14.324074074074074,{'Idle': 14.324074074074074}
UartTxTask,162521,162523,2875739.013888889,2875770.763888889,31.75,{'TelemetryTask': 31.75}
UartTxTask,162527,162528,2876489.800925926,2876504.337962963,14.537037037037036,{'Idle': 14.537037037037036}
TelemetryTask,162532,162533,2885587.796296296,2885601.935185185,14.13888888888889,{'Idle': 14.13888888888889}
UartTxTask,162535,162537,2885740.3657407407,2885771.574074074,31.208333333333332,{'TelemetryTask': 31.208333333333332}
UartTxTask,162541,162542,2886490.3194444445,2886505.125,14.805555555555555,{'Idle': 14.805555555555555}
TelemetryTask,162546,162547,2895587.824074074,2895601.949074074,14.125,{'Idle': 14.125}
UartTxTask,162549,162551,2895738.814814815,2895769.703703704,30.88888888888889,{'TelemetryTask': 30.888888888888893}
UartTxTask,162555,162556,2896488.736111111,2896503.435185185,14.699074074074074,{'Idle': 14.699074074074074}
TelemetryTask,162560,162561,2905587.652777778,2905601.7268518517,14.074074074074074,{'Idle': 14.074074074074074}
UartTxTask,162563,162565,2905739.060185185,2905770.7268518517,31.666666666666668,{'TelemetryTask': 31.666666666666668}
UartTxTask,162569,162570,2906489.328703704,2906503.7592592593,14.430555555555555,{'Idle': 14.430555555555555}
TelemetryTask,162574,162575,2915587.8657407407,2915601.7083333335,13.842592592592593,{'Idle': 13.842592592592593}
UartTxTask,162577,162579,2915739.138888889,2915771.25,32.111111111111114,{'TelemetryTask': 32.111111111111114}
UartTxTask,162583,162584,2916490.0185185187,2916505.0046296297,14.98611111111111,{'Idle': 14.98611111111111}
TelemetryTask,162588,162589,2925587.6666666665,2925601.4768518517,13.810185185185185,{'Idle': 13.810185185185185}
UartTxTask,162591,162593,2925738.800925926,2925770.263888889,31.462962962962962,{'TelemetryTask': 31.462962962962962}
UartTxTask,162597,162598,2926489.314814815,2926504.1666666665,14.851851851851851,{'Idle': 14.851851851851851}
TelemetryTask,162602,162603,2935587.6944444445,2935601.837962963,14.143518518518519,{'Idle': 14.143518518518519}
UartTxTask,162605,162607,2935739.3518518517,2935770.7407407407,31.38888888888889,{'TelemetryTask': 31.388888888888893}
UartTxTask,162611,162612,2936489.7731481483,2936504.4444444445,14.671296296296296,{'Idle': 14.671296296296296}
TelemetryTask,162616,162617,2945587.787037037,2945601.796296296,14.00925925925926,{'Idle': 14.00925925925926}
UartTxTask,162619,162621,2945738.3055555555,2945769.902777778,31.59722222222222,{'TelemetryTask': 31.59722222222222}
UartTxTask,162625,162626,2946489.037037037,2946503.810185185,14.773148148148149,{'Idle': 14.773148148148149}
TelemetryTask,162630,162631,2955587.8796296297,2955601.828703704,13.949074074074074,{'Idle': 13.949074074074074}
UartTxTask,162633,162635,2955739.6296296297,2955771.4305555555,31.800925925925927,{'TelemetryTask': 31.800925925925924}
UartTxTask,162639,162640,2956490.638888889,2956505.185185185,14.546296296296296,{'Idle': 14.546296296296296}
TelemetryTask,162644,162645,2965587.587962963,2965601.625,14.037037037037036,{'Idle': 14.037037037037036}
UartTxTask,162647,162649,2965738.439814815,2965769.810185185,31.37037037037037,{'TelemetryTask': 31.370370370370367}
UartTxTask,162653,162654,2966489.1203703703,2966503.8981481483,14.777777777777779,{'Idle': 14.777777777777779}
TelemetryTask,162658,162659,2975587.7314814813,2975602.0046296297,14.273148148148149,{'Idle': 14.273148148148149}
UartTxTask,162661,162663,2975738.8657407407,2975769.7546296297,30.88888888888889,{'TelemetryTask': 30.888888888888886}
UartTxTask,162667,162668,2976488.7314814813,2976503.3935185187,14.662037037037036,{'Idle': 14.662037037037036}
TelemetryTask,162672,162673,2985587.75,2985601.587962963,13.837962962962964,{'Idle': 13.837962962962964}
UartTxTask,162675,162677,2985738.902777778,2985770.6296296297,31.72685185185185,{'TelemetryTask': 31.72685185185185}
UartTxTask,162681,162682,2986489.578703704,2986504.546296296,14.967592592592593,{'Idle': 14.967592592592593}
TelemetryTask,162686,162687,2995587.722222222,2995601.717592593,13.99537037037037,{'Idle': 13.99537037037037}
UartTxTask,162689,162691,2995739.199074074,2995770.5092592593,31.310185185185187,{'TelemetryTask': 31.310185185185183}
UartTxTask,162695,162696,2996488.9444444445,2996503.847222222,14.902777777777779,{'Idle': 14.902777777777779}
TelemetryTask,162700,162701,3005587.7407407407,3005602.1342592593,14.393518518518519,{'Idle': 14.393518518518519}
UartTxTask,162703,162705,3005739.763888889,3005771.611111111,31.84722222222222,{'TelemetryTask': 31.84722222222222}
UartTxTask,162709,162710,3006490.078703704,3006504.912037037,14.833333333333334,{'Idle': 14.833333333333334}
TelemetryTask,162714,162715,3015587.671296296,3015601.777777778,14.106481481481481,{'Idle': 14.106481481481481}
UartTxTask,162717,162719,3015738.486111111,3015769.796296296,31.310185185185187,{'TelemetryTask': 31.310185185185187}
UartTxTask,162723,162724,3016488.7314814813,3016503.375,14.643518518518519,{'Idle': 14.643518518518519}
TelemetryTask,162728,162729,3025587.777777778,3025601.717592593,13.939814814814815,{'Idle': 13.939814814814815}
UartTxTask,162731,162733,3025738.675925926,3025770.2546296297,31.578703703703702,{'TelemetryTask': 31.578703703703702}
UartTxTask,162737,162738,3026489.0833333335,3026503.675925926,14.592592592592593,{'Idle': 14.592592592592593}
TelemetryTask,162742,162743,3035587.777777778,3035602.2592592593,14.481481481481481,{'Idle': 14.481481481481481}
UartTxTask,162745,162747,3035739.611111111,3035770.925925926,31.314814814814813,{'TelemetryTask': 31.314814814814817}
UartTxTask,162751,162752,3036489.967592593,3036504.675925926,14.708333333333334,{'Idle': 14.708333333333334}
TelemetryTask,162756,162757,3045587.6157407407,3045601.310185185,13.694444444444445,{'Idle': 13.694444444444445}
UartTxTask,162759,162761,3045738.671296296,3045769.828703704,31.15740740740741,{'TelemetryTask': 31.15740740740741}
UartTxTask,162765,162766,3046488.8935185187,3046503.972222222,15.078703703703704,{'Idle': 15.078703703703704}
TelemetryTask,162770,162771,3055587.6064814813,3055601.6805555555,14.074074074074074,{'Idle': 14.074074074074074}
UartTxTask,162773,162775,3055739.296296296,3055770.185185185,30.88888888888889,{'TelemetryTask': 30.888888888888886}
UartTxTask,162779,162780,3056489.1018518517,3056504.092592593,14.99074074074074,{'Idle': 14.99074074074074}
TelemetryTask,162784,162785,3065587.7407407407,3065601.777777778,14.037037037037036,{'Idle': 14.037037037037036}
UartTxTask,162787,162789,3065739.2407407407,3065771.1018518517,31.86111111111111,{'TelemetryTask': 31.861111111111114}
UartTxTask,162793,162794,3066489.875,3066504.527777778,14.652777777777779,{'Idle': 14.652777777777779}
TelemetryTask,162798,162799,3075587.787037037,3075601.7314814813,13.944444444444445,{'Idle': 13.944444444444445}
UartTxTask,162801,162803,3075739.361111111,3075770.907407407,31.546296296296298,{'TelemetryTask': 31.546296296296298}
UartTxTask,162807,162808,3076489.875,3076504.587962963,14.712962962962964,{'Idle': 14.712962962962964}
TelemetryTask,162812,162813,3085587.763888889,3085601.587962963,13.824074074074074,{'Idle': 13.824074074074074}
UartTxTask,162815,162817,3085738.837962963,3085770.3842592593,31.546296296296298,{'TelemetryTask': 31.546296296296298}
UartTxTask,162821,162822,3086489.1342592593,3086503.8842592593,14.75,{'Idle': 14.75}
TelemetryTask,162826,162827,3095587.675925926,3095601.703703704,14.027777777777779,{'Idle': 14.027777777777779}
UartTxTask,162829,162831,3095738.2916666665,3095770.685185185,32.39351851851852,{'TelemetryTask': 32.39351851851852}
UartTxTask,162835,162836,3096489.412037037,3096504.2268518517,14.814814814814815,{'Idle': 14.814814814814815}
TelemetryTask,162840,162841,3105587.5833333335,3105601.4814814813,13.898148148148149,{'Idle': 13.898148148148149}
UartTxTask,162843,162845,3105739.0555555555,3105769.921296296,30.86574074074074,{'TelemetryTask': 30.86574074074074}
UartTxTask,162849,162850,3106489.0231481483,3106503.712962963,14.689814814814815,{'Idle': 14.689814814814815}
TelemetryTask,162854,162855,3115587.7268518517,3115601.810185185,14.083333333333334,{'Idle': 14.083333333333334}
UartTxTask,162857,162859,3115738.842592593,3115770.1944444445,31.35185185185185,{'TelemetryTask': 31.35185185185185}
UartTxTask,162863,162864,3116488.921296296,3116503.907407407,14.98611111111111,{'Idle': 14.98611111111111}
TelemetryTask,162868,162869,3125587.7407407407,3125601.662037037,13.921296296296296,{'Idle': 13.921296296296296}
UartTxTask,162871,162873,3125739.162037037,3125770.5555555555,31.39351851851852,{'TelemetryTask': 31.39351851851852}
UartTxTask,162877,162878,3126489.097222222,3126503.5,14.402777777777779,{'Idle': 14.402777777777779}
TelemetryTask,162882,162883,3135587.6064814813,3135601.6805555555,14.074074074074074,{'Idle': 14.074074074074074}
UartTxTask,162885,162887,3135738.25,3135770.472222222,32.22222222222222,{'TelemetryTask': 32.22222222222222}
UartTxTask,162891,162892,3136489.675925926,3136504.7407407407,15.064814814814815,{'Idle': 15.064814814814815}
TelemetryTask,162896,162897,3145587.782407407,3145601.8935185187,14.11111111111111,{'Idle': 14.11111111111111}
UartTxTask,162899,162901,3145738.8333333335,3145770.7685185187,31.935185185185187,{'TelemetryTask': 31.935185185185183}
UartTxTask,162905,162906,3146489.810185185,3146504.796296296,14.98611111111111,{'Idle': 14.98611111111111}
TelemetryTask,162910,162911,3155587.787037037,3155601.7407407407,13.953703703703704,{'Idle': 13.953703703703704}
UartTxTask,162913,162915,3155739.3703703703,3155770.837962963,31.46759259259259,{'TelemetryTask': 31.46759259259259}
UartTxTask,162919,162920,3156489.9444444445,3156504.7314814813,14.787037037037036,{'Idle': 14.787037037037036}
TelemetryTask,162924,162925,3165587.6666666665,3165601.611111111,13.944444444444445,{'Idle': 13.944444444444445}
UartTxTask,162927,162929,3165739.712962963,3165771.662037037,31.949074074074073,{'TelemetryTask': 31.949074074074073}
UartTxTask,162933,162934,3166490.717592593,3166505.763888889,15.046296296296296,{'Idle': 15.046296296296296}
TelemetryTask,162938,162939,3175587.527777778,3175601.699074074,14.171296296296296,{'Idle': 14.171296296296296}
UartTxTask,162941,162943,3175739.185185185,3175770.7268518517,31.541666666666668,{'TelemetryTask': 31.541666666666664}
UartTxTask,162947,162948,3176489.736111111,3176504.527777778,14.791666666666666,{'Idle': 14.791666666666666}
TelemetryTask,162952,162953,3185587.722222222,3185601.6435185187,13.921296296296296,{'Idle': 13.921296296296296}
UartTxTask,162955,162957,3185739.736111111,3185770.810185185,31.074074074074073,{'TelemetryTask': 31.074074074074076}
UartTxTask,162961,162962,3186489.7083333335,3186504.3796296297,14.671296296296296,{'Idle': 14.671296296296296}
TelemetryTask,162966,162967,3195587.574074074,3195601.449074074,13.875,{'Idle': 13.875}
UartTxTask,162969,162971,3195739.2453703703,3195770.5416666665,31.296296296296298,{'TelemetryTask': 31.296296296296298}
UartTxTask,162975,162976,3196489.337962963,3196504.1157407407,14.777777777777779,{'Idle': 14.777777777777779}
TelemetryTask,162980,162981,3205587.6481481483,3205601.412037037,13.76388888888889,{'Idle': 13.76388888888889}
UartTxTask,162983,162985,3205737.560185185,3205768.8564814813,31.296296296296298,{'TelemetryTask': 31.296296296296298}
UartTxTask,162989,162990,3206488.0416666665,3206502.657407407,14.61574074074074,{'Idle': 14.61574074074074}
TelemetryTask,162994,162995,3215587.578703704,3215601.814814815,14.23611111111111,{'Idle': 14.23611111111111}
UartTxTask,162997,162999,3215739.0185185187,3215771.1481481483,32.129629629629626,{'TelemetryTask': 32.12962962962963}
UartTxTask,163003,163004,3216490.2268518517,3216505.0833333335,14.856481481481481,{'Idle': 14.856481481481481}
TelemetryTask,163008,163009,3225587.689814815,3225601.6018518517,13.912037037037036,{'Idle': 13.912037037037036}
UartTxTask,163011,163013,3225738.9953703703,3225770.0231481483,31.02777777777778,{'TelemetryTask': 31.02777777777778}
UartTxTask,163017,163018,3226489.046296296,3226503.9305555555,14.88425925925926,{'Idle': 14.88425925925926}
TelemetryTask,163022,163023,3235587.4583333335,3235601.3518518517,13.893518518518519,{'Idle': 13.893518518518519}
UartTxTask,163025,163027,3235738.310185185,3235769.439814815,31.12962962962963,{'TelemetryTask': 31.12962962962963}
UartTxTask,163031,163032,3236488.402777778,3236503.1064814813,14.703703703703704,{'Idle': 14.703703703703704}
TelemetryTask,163036,163037,3245587.662037037,3245601.782407407,14.12037037037037,{'Idle': 14.12037037037037}
UartTxTask,163039,163041,3245739.212962963,3245770.662037037,31.449074074074073,{'TelemetryTask': 31.449074074074076}
UartTxTask,163045,163046,3246489.6666666665,3246504.328703704,14.662037037037036,{'Idle': 14.662037037037036}
TelemetryTask,163050,163051,3255587.5833333335,3255601.625,14.041666666666666,{'Idle': 14.041666666666666}
UartTxTask,163053,163055,3255739.449074074,3255771.1157407407,31.666666666666668,{'TelemetryTask': 31.666666666666664}
UartTxTask,163059,163060,3256489.861111111,3256504.3935185187,14.532407407407407,{'Idle': 14.532407407407407}
TelemetryTask,163064,163065,3265587.625,3265601.8796296297,14.25462962962963,{'Idle': 14.25462962962963}
UartTxTask,163067,163069,3265738.3703703703,3265770.1481481483,31.77777777777778,{'TelemetryTask': 31.77777777777778}
UartTxTask,163073,163074,3266489.157407407,3266504.027777778,14.87037037037037,{'Idle': 14.87037037037037}
TelemetryTask,163078,163079,3275587.587962963,3275601.814814815,14.226851851851851,{'Idle': 14.226851851851851}
UartTxTask,163081,163083,3275739.152777778,3275770.574074074,31.421296296296298,{'TelemetryTask': 31.421296296296298}
UartTxTask,163087,163088,3276489.4444444445,3276503.939814815,14.49537037037037,{'Idle': 14.49537037037037}
TelemetryTask,163092,163093,3285587.6944444445,3285601.7453703703,14.050925925925926,{'Idle': 14.050925925925926}
UartTxTask,163095,163097,3285739.8333333335,3285770.8055555555,30.97222222222222,{'TelemetryTask': 30.97222222222222}
UartTxTask,163101,163102,3286490.037037037,3286504.5,14.462962962962964,{'Idle': 14.462962962962964}
TelemetryTask,163106,163107,3295587.7407407407,3295601.9768518517,14.23611111111111,{'Idle': 14.23611111111111}
UartTxTask,163109,163111,3295739.6296296297,3295770.513888889,30.88425925925926,{'TelemetryTask': 30.88425925925926}
UartTxTask,163115,163116,3296489.1481481483,3296503.847222222,14.699074074074074,{'Idle': 14.699074074074074}
TelemetryTask,163120,163121,3305587.7083333335,3305601.6666666665,13.958333333333334,{'Idle': 13.958333333333334}
UartTxTask,163123,163125,3305739.078703704,3305770.685185185,31.60648148148148,{'TelemetryTask': 31.60648148148148}
UartTxTask,163129,163130,3306489.1481481483,3306503.8564814813,14.708333333333334,{'Idle': 14.708333333333334}
TelemetryTask,163134,163135,3315587.597222222,3315601.837962963,14.24074074074074,{'Idle': 14.24074074074074}
UartTxTask,163137,163139,3315738.939814815,3315769.8333333335,30.89351851851852,{'TelemetryTask': 30.89351851851852}
UartTxTask,163143,163144,3316488.800925926,3316503.6064814813,14.805555555555555,{'Idle': 14.805555555555555}
TelemetryTask,163148,163149,3325587.736111111,3325601.787037037,14.050925925925926,{'Idle': 14.050925925925926}
UartTxTask,163151,163153,3325739.2083333335,3325770.199074074,30.99074074074074,{'TelemetryTask': 30.99074074074074}
UartTxTask,163157,163158,3326489.2731481483,3326504.203703704,14.930555555555555,{'Idle': 14.930555555555555}
TelemetryTask,163162,163163,3335587.800925926,3335602.0,14.199074074074074,{'Idle': 14.199074074074074}
UartTxTask,163165,163167,3335738.9305555555,3335770.638888889,31.708333333333332,{'TelemetryTask': 31.708333333333336}
UartTxTask,163171,163172,3336489.671296296,3336504.1944444445,14.523148148148149,{'Idle': 14.523148148148149}
TelemetryTask,163176,163177,3345587.782407407,3345602.064814815,14.282407407407407,{'Idle': 14.282407407407407}
UartTxTask,163179,163181,3345739.703703704,3345770.907407407,31.203703703703702,{'TelemetryTask': 31.203703703703706}
UartTxTask,163185,163186,3346489.9583333335,3346504.7083333335,14.75,{'Idle': 14.75}
TelemetryTask,163190,163191,3355587.7453703703,3355601.574074074,13.828703703703704,{'Idle': 13.828703703703704}
UartTxTask,163193,163195,3355739.1157407407,3355770.592592593,31.47685185185185,{'TelemetryTask': 31.476851851851855}
UartTxTask,163199,163200,3356489.7083333335,3356504.657407407,14.949074074074074,{'Idle': 14.949074074074074}
TelemetryTask,163204,163205,3365587.7268518517,3365601.8935185187,14.166666666666666,{'Idle': 14.166666666666666}
UartTxTask,163207,163209,3365739.4444444445,3365770.7916666665,31.34722222222222,{'TelemetryTask': 31.34722222222222}
UartTxTask,163213,163214,3366489.435185185,3366504.1296296297,14.694444444444445,{'Idle': 14.694444444444445}
TelemetryTask,163218,163219,3375587.712962963,3375601.699074074,13.98611111111111,{'Idle': 13.98611111111111}
UartTxTask,163221,163223,3375738.152777778,3375769.5231481483,31.37037037037037,{'TelemetryTask': 31.37037037037037}
UartTxTask,163227,163228,3376488.050925926,3376502.9814814813,14.930555555555555,{'Idle': 14.930555555555555}
TelemetryTask,163232,163233,3385587.7685185187,3385601.7916666665,14.023148148148149,{'Idle': 14.023148148148149}
UartTxTask,163235,163237,3385739.611111111,3385770.921296296,31.310185185185187,{'TelemetryTask': 31.310185185185183}
UartTxTask,163241,163242,3386489.925925926,3386504.8518518517,14.925925925925926,{'Idle': 14.925925925925926}
TelemetryTask,163246,163247,3395587.7083333335,3395601.736111111,14.027777777777779,{'Idle': 14.027777777777779}
UartTxTask,163249,163251,3395739.296296296,3395771.300925926,32.004629629629626,{'TelemetryTask': 32.004629629629626}
UartTxTask,163255,163256,3396489.587962963,3396504.3981481483,14.810185185185185,{'Idle': 14.810185185185185}
TelemetryTask,163260,163261,3405587.8981481483,3405601.9953703703,14.097222222222221,{'Idle': 14.097222222222221}
UartTxTask,163263,163265,3405739.0092592593,3405771.1296296297,32.120370370370374,{'TelemetryTask': 32.12037037037037}
UartTxTask,163269,163270,3406490.546296296,3406505.189814815,14.643518518518519,{'Idle': 14.643518518518519}
TelemetryTask,163274,163275,3415587.6666666665,3415601.6157407407,13.949074074074074,{'Idle': 13.949074074074074}
UartTxTask,163277,163279,3415739.0694444445,3415770.4953703703,31.425925925925927,{'TelemetryTask': 31.425925925925927}
ButtonTask,163285,163287,3416011.796296296,3416024.0,12.203703703703704,"{'ISR#56': 5.861111111111111, 'Scheduler': 6.342592592592593}"
UartTxTask,163292,163293,3416488.902777778,3416498.037037037,9.13425925925926,{'Idle': 9.13425925925926}
UartTxTask,163298,163299,3417228.5185185187,3417237.814814815,9.296296296296296,{'Idle': 9.296296296296296}
TelemetryTask,163303,163304,3425587.7268518517,3425601.513888889,13.787037037037036,{'Idle': 13.787037037037036}
UartTxTask,163306,163308,3425738.962962963,3425770.388888889,31.425925925925927,{'TelemetryTask': 31.425925925925924}
UartTxTask,163312,163313,3426489.189814815,3426503.7592592593,14.569444444444445,{'Idle': 14.569444444444445}
TelemetryTask,163317,163318,3435587.527777778,3435601.4907407407,13.962962962962964,{'Idle': 13.962962962962964}
UartTxTask,163320,163322,3435738.5833333335,3435770.064814815,31.48148148148148,{'TelemetryTask': 31.48148148148148}
UartTxTask,163326,163327,3436489.087962963,3436503.6342592593,14.546296296296296,{'Idle': 14.546296296296296}
TelemetryTask,163331,163332,3445587.800925926,3445601.722222222,13.921296296296296,{'Idle': 13.921296296296296}
UartTxTask,163334,163336,3445739.287037037,3445770.7268518517,31.439814814814813,{'TelemetryTask': 31.439814814814817}
UartTxTask,163340,163341,3446489.7407407407,3446504.6435185187,14.902777777777779,{'Idle': 14.902777777777779}
TelemetryTask,163345,163346,3455587.532407407,3455601.6435185187,14.11111111111111,{'Idle': 14.11111111111111}
UartTxTask,163348,163350,3455738.3935185187,3455769.5694444445,31.175925925925927,{'TelemetryTask': 31.175925925925927}
UartTxTask,163354,163355,3456488.7592592593,3456503.712962963,14.953703703703704,{'Idle': 14.953703703703704}
TelemetryTask,163359,163360,3465587.8518518517,3465602.050925926,14.199074074074074,{'Idle': 14.199074074074074}
UartTxTask,163362,163364,3465739.717592593,3465771.060185185,31.34259259259259,{'TelemetryTask': 31.342592592592595}
UartTxTask,163368,163369,3466490.175925926,3466504.861111111,14.685185185185185,{'Idle': 14.685185185185185}
TelemetryTask,163373,163374,3475587.662037037,3475601.837962963,14.175925925925926,{'Idle': 14.175925925925926}
UartTxTask,163376,163378,3475738.777777778,3475769.847222222,31.069444444444443,{'TelemetryTask': 31.069444444444446}
UartTxTask,163382,163383,3476489.3796296297,3476504.013888889,14.63425925925926,{'Idle': 14.63425925925926}
TelemetryTask,163387,163388,3485587.657407407,3485601.5231481483,13.86574074074074,{'Idle': 13.86574074074074}
UartTxTask,163390,163392,3485738.949074074,3485770.722222222,31.77314814814815,{'TelemetryTask': 31.77314814814815}
UartTxTask,163396,163397,3486489.685185185,3486504.412037037,14.726851851851851,{'Idle': 14.726851851851851}
TelemetryTask,163401,163402,3495587.6805555555,3495601.75,14.069444444444445,{'Idle': 14.069444444444445}
UartTxTask,163404,163406,3495739.2731481483,3495770.611111111,31.337962962962962,{'TelemetryTask': 31.337962962962962}
UartTxTask,163410,163411,3496489.777777778,3496504.560185185,14.782407407407407,{'Idle': 14.782407407407407}
TelemetryTask,163415,163416,3505587.712962963,3505601.8935185187,14.180555555555555,{'Idle': 14.180555555555555}
UartTxTask,163418,163420,3505738.074074074,3505769.439814815,31.36574074074074,{'TelemetryTask': 31.36574074074074}
UartTxTask,163424,163425,3506488.4814814813,3506503.439814815,14.958333333333334,{'Idle': 14.958333333333334}
TelemetryTask,163429,163430,3515587.675925926,3515601.361111111,13.685185185185185,{'Idle': 13.685185185185185}
UartTxTask,163432,163434,3515737.7453703703,3515768.8981481483,31.15277777777778,{'TelemetryTask': 31.15277777777778}
UartTxTask,163438,163439,3516488.2453703703,3516502.8055555555,14.560185185185185,{'Idle': 14.560185185185185}
TelemetryTask,163443,163444,3525587.527777778,3525601.4907407407,13.962962962962964,{'Idle': 13.962962962962964}
UartTxTask,163446,163448,3525738.560185185,3525769.921296296,31.36111111111111,{'TelemetryTask': 31.361111111111107}
UartTxTask,163452,163453,3526488.513888889,3526503.1481481483,14.63425925925926,{'Idle': 14.63425925925926}
TelemetryTask,163457,163458,3535587.722222222,3535601.777777778,14.055555555555555,{'Idle': 14.055555555555555}
UartTxTask,163460,163462,3535738.657407407,3535770.4814814813,31.824074074074073,{'TelemetryTask': 31.824074074074073}
UartTxTask,163466,163467,3536489.3657407407,3536504.263888889,14.898148148148149,{'Idle': 14.898148148148149}
TelemetryTask,163471,163472,3545587.6481481483,3545601.8703703703,14.222222222222221,{'Idle': 14.222222222222221}
UartTxTask,163474,163476,3545739.5416666665,3545770.5555555555,31.01388888888889,{'TelemetryTask': 31.01388888888889}
UartTxTask,163480,163481,3546489.611111111,3546504.328703704,14.717592592592593,{'Idle': 14.717592592592593}
TelemetryTask,163485,163486,3555587.7407407407,3555601.550925926,13.810185185185185,{'Idle': 13.810185185185185}
UartTxTask,163488,163490,3555738.527777778,3555770.013888889,31.48611111111111,{'TelemetryTask': 31.48611111111111}
UartTxTask,163494,163495,3556489.5,3556504.189814815,14.689814814814815,{'Idle': 14.689814814814815}
TelemetryTask,163499,163500,3565587.675925926,3565601.6203703703,13.944444444444445,{'Idle': 13.944444444444445}
UartTxTask,163502,163504,3565738.671296296,3565770.810185185,32.138888888888886,{'TelemetryTask': 32.138888888888886}
UartTxTask,163508,163509,3566489.6666666665,3566504.162037037,14.49537037037037,{'Idle': 14.49537037037037}
TelemetryTask,163513,163514,3575587.546296296,3575601.277777778,13.731481481481481,{'Idle': 13.731481481481481}
UartTxTask,163516,163518,3575738.8518518517,3575770.337962963,31.48611111111111,{'TelemetryTask': 31.48611111111111}
UartTxTask,163522,163523,3576489.337962963,3576504.0694444445,14.731481481481481,{'Idle': 14.731481481481481}
TelemetryTask,163527,163528,3585587.8194444445,3585602.3333333335,14.51388888888889,{'Idle': 14.51388888888889}
UartTxTask,163530,163532,3585739.3657407407,3585770.7407407407,31.375,{'TelemetryTask': 31.375}
UartTxTask,163536,163537,3586489.4583333335,3586504.1944444445,14.73611111111111,{'Idle': 14.73611111111111}
TelemetryTask,163541,163542,3595587.722222222,3595601.6805555555,13.958333333333334,{'Idle': 13.958333333333334}
UartTxTask,163544,163546,3595739.125,3595770.9166666665,31.791666666666668,{'TelemetryTask': 31.791666666666664}
UartTxTask,163550,163551,3596489.699074074,3596504.375,14.675925925925926,{'Idle': 14.675925925925926}
TelemetryTask,163555,163556,3605587.7453703703,3605601.6296296297,13.88425925925926,{'Idle': 13.88425925925926}
UartTxTask,163558,163560,3605739.199074074,3605770.7731481483,31.574074074074073,{'TelemetryTask': 31.574074074074076}
UartTxTask,163564,163565,3606489.6203703703,3606504.4166666665,14.796296296296296,{'Idle': 14.796296296296296}
TelemetryTask,163569,163570,3615587.6666666665,3615601.699074074,14.032407407407407,{'Idle': 14.032407407407407}
UartTxTask,163572,163574,3615739.0833333335,3615770.4305555555,31.34722222222222,{'TelemetryTask': 31.34722222222222}
UartTxTask,163578,163579,3616489.5046296297,3616504.1944444445,14.689814814814815,{'Idle': 14.689814814814815}
TelemetryTask,163583,163584,3625587.7592592593,3625601.796296296,14.037037037037036,{'Idle': 14.037037037037036}
UartTxTask,163586,163588,3625739.703703704,3625771.050925926,31.34722222222222,{'TelemetryTask': 31.34722222222222}
UartTxTask,163592,163593,3626490.1064814813,3626504.75,14.643518518518519,{'Idle': 14.643518518518519}
TelemetryTask,163597,163598,3635587.7314814813,3635601.597222222,13.86574074074074,{'Idle': 13.86574074074074}
UartTxTask,163600,163602,3635739.402777778,3635771.092592593,31.689814814814813,{'TelemetryTask': 31.689814814814813}
UartTxTask,163606,163607,3636489.907407407,3636504.532407407,14.625,{'Idle': 14.625}
TelemetryTask,163611,163612,3645587.722222222,3645601.550925926,13.828703703703704,{'Idle': 13.828703703703704}
UartTxTask,163614,163616,3645738.7546296297,3645769.912037037,31.15740740740741,{'TelemetryTask': 31.157407407407405}
UartTxTask,163620,163621,3646488.777777778,3646503.763888889,14.98611111111111,{'Idle': 14.98611111111111}
TelemetryTask,163625,163626,3655587.7731481483,3655602.0092592593,14.23611111111111,{'Idle': 14.23611111111111}
UartTxTask,163628,163630,3655739.050925926,3655771.189814815,32.138888888888886,{'TelemetryTask': 32.138888888888886}
UartTxTask,163634,163635,3656490.324074074,3656505.060185185,14.73611111111111,{'Idle': 14.73611111111111}
TelemetryTask,163639,163640,3665587.657407407,3665601.810185185,14.152777777777779,{'Idle': 14.152777777777779}
UartTxTask,163642,163644,3665738.5694444445,3665770.1064814813,31.537037037037038,{'TelemetryTask': 31.537037037037038}
UartTxTask,163648,163649,3666489.0555555555,3666504.162037037,15.106481481481481,{'Idle': 15.106481481481481}
TelemetryTask,163653,163654,3675587.6805555555,3675601.453703704,13.773148148148149,{'Idle': 13.773148148148149}
UartTxTask,163656,163658,3675737.5555555555,3675769.097222222,31.541666666666668,{'TelemetryTask': 31.541666666666664}
UartTxTask,163662,163663,3676488.2268518517,3676503.138888889,14.912037037037036,{'Idle': 14.912037037037036}
TelemetryTask,163667,163668,3685587.787037037,3685601.9814814813,14.194444444444445,{'Idle': 14.194444444444445}
UartTxTask,163670,163672,3685739.0555555555,3685770.435185185,31.37962962962963,{'TelemetryTask': 31.37962962962963}
UartTxTask,163676,163677,3686489.722222222,3686504.652777778,14.930555555555555,{'Idle': 14.930555555555555}
TelemetryTask,163681,163682,3695587.7916666665,3695601.9444444445,14.152777777777779,{'Idle': 14.152777777777779}
UartTxTask,163684,163686,3695739.2685185187,3695770.310185185,31.041666666666668,{'TelemetryTask': 31.041666666666668}
UartTxTask,163690,163691,3696488.9444444445,3696503.9166666665,14.972222222222221,{'Idle': 14.972222222222221}
TelemetryTask,163695,163696,3705587.800925926,3705601.949074074,14.148148148148149,{'Idle': 14.148148148148149}
UartTxTask,163698,163700,3705738.949074074,3705770.6805555555,31.73148148148148,{'TelemetryTask': 31.73148148148148}
UartTxTask,163704,163705,3706489.8564814813,3706504.546296296,14.689814814814815,{'Idle': 14.689814814814815}
TelemetryTask,163709,163710,3715587.712962963,3715601.472222222,13.75925925925926,{'Idle': 13.75925925925926}
UartTxTask,163712,163714,3715739.5092592593,3715771.046296296,31.537037037037038,{'TelemetryTask': 31.537037037037038}
UartTxTask,163718,163719,3716490.3194444445,3716505.1157407407,14.796296296296296,{'Idle': 14.796296296296296}
TelemetryTask,163723,163724,3725587.8055555555,3725601.787037037,13.981481481481481,{'Idle': 13.981481481481481}
UartTxTask,163726,163728,3725738.2453703703,3725769.8703703703,31.625,{'TelemetryTask': 31.625}
UartTxTask,163732,163733,3726488.7685185187,3726503.6944444445,14.925925925925926,{'Idle': 14.925925925925926}
TelemetryTask,163737,163738,3735587.7268518517,3735601.814814815,14.087962962962964,{'Idle': 14.087962962962964}
UartTxTask,163740,163742,3735739.310185185,3735770.6064814813,31.296296296296298,{'TelemetryTask': 31.296296296296298}
UartTxTask,163746,163747,3736489.611111111,3736504.574074074,14.962962962962964,{'Idle': 14.962962962962964}
TelemetryTask,163751,163752,3745587.638888889,3745601.7314814813,14.092592592592593,{'Idle': 14.092592592592593}
UartTxTask,163754,163756,3745739.013888889,3745770.671296296,31.65740740740741,{'TelemetryTask': 31.657407407407405}
UartTxTask,163760,163761,3746489.662037037,3746504.685185185,15.023148148148149,{'Idle': 15.023148148148149}
TelemetryTask,163765,163766,3755587.7592592593,3755601.8194444445,14.060185185185185,{'Idle': 14.060185185185185}
UartTxTask,163768,163770,3755738.3518518517,3755769.842592593,31.49074074074074,{'TelemetryTask': 31.49074074074074}
UartTxTask,163774,163775,3756489.592592593,3756504.300925926,14.708333333333334,{'Idle': 14.708333333333334}
TelemetryTask,163779,163780,3765587.685185185,3765601.736111111,14.050925925925926,{'Idle': 14.050925925925926}
UartTxTask,163782,163784,3765739.013888889,3765770.236111111,31.22222222222222,{'TelemetryTask': 31.22222222222222}
UartTxTask,163788,163789,3766489.324074074,3766504.032407407,14.708333333333334,{'Idle': 14.708333333333334}
TelemetryTask,163793,163794,3775587.712962963,3775602.0046296297,14.291666666666666,{'Idle': 14.291666666666666}
UartTxTask,163796,163798,3775738.9768518517,3775770.402777778,31.425925925925927,{'TelemetryTask': 31.425925925925924}
UartTxTask,163802,163803,3776489.287037037,3776504.0833333335,14.796296296296296,{'Idle': 14.796296296296296}
TelemetryTask,163807,163808,3785587.5694444445,3785601.7546296297,14.185185185185185,{'Idle': 14.185185185185185}
UartTxTask,163810,163812,3785738.263888889,3785769.3518518517,31.087962962962962,{'TelemetryTask': 31.087962962962962}
UartTxTask,163816,163817,3786488.097222222,3786502.782407407,14.685185185185185,{'Idle': 14.685185185185185}
TelemetryTask,163821,163822,3795587.5046296297,3795601.6203703703,14.11574074074074,{'Idle': 14.11574074074074}
UartTxTask,163824,163826,3795738.439814815,3795769.5092592593,31.069444444444443,{'TelemetryTask': 31.069444444444443}
UartTxTask,163830,163831,3796488.421296296,3796503.638888889,15.217592592592593,{'Idle': 15.217592592592593}
TelemetryTask,163835,163836,3805587.6805555555,3805601.611111111,13.930555555555555,{'Idle': 13.930555555555555}
UartTxTask,163838,163840,3805738.9953703703,3805770.6342592593,31.63888888888889,{'TelemetryTask': 31.63888888888889}
UartTxTask,163844,163845,3806489.4583333335,3806504.037037037,14.578703703703704,{'Idle': 14.578703703703704}
TelemetryTask,163849,163850,3815587.8564814813,3815601.8333333335,13.976851851851851,{'Idle': 13.976851851851851}
UartTxTask,163852,163854,3815739.2268518517,3815770.8935185187,31.666666666666668,{'TelemetryTask': 31.666666666666668}
UartTxTask,163858,163859,3816489.597222222,3816504.486111111,14.88888888888889,{'Idle': 14.88888888888889}
TelemetryTask,163863,163864,3825587.736111111,3825601.4814814813,13.74537037037037,{'Idle': 13.74537037037037}
UartTxTask,163866,163868,3825737.412037037,3825769.5833333335,32.1712962962963,{'TelemetryTask': 32.1712962962963}
UartTxTask,163872,163873,3826488.6018518517,3826503.5,14.898148148148149,{'Idle': 14.898148148148149}
TelemetryTask,163877,163878,3835587.722222222,3835601.6805555555,13.958333333333334,{'Idle': 13.958333333333334}
UartTxTask,163880,163882,3835738.0231481483,3835769.217592593,31.194444444444443,{'TelemetryTask': 31.194444444444446}
UartTxTask,163886,163887,3836488.597222222,3836503.310185185,14.712962962962964,{'Idle': 14.712962962962964}
TelemetryTask,163891,163892,3845587.7916666665,3845601.861111111,14.069444444444445,{'Idle': 14.069444444444445}
UartTxTask,163894,163896,3845739.1018518517,3845770.287037037,31.185185185185187,{'TelemetryTask': 31.185185185185187}
UartTxTask,163900,163901,3846489.1064814813,3846503.689814815,14.583333333333334,{'Idle': 14.583333333333334}
TelemetryTask,163905,163906,3855587.810185185,3855601.8981481483,14.087962962962964,{'Idle': 14.087962962962964}
UartTxTask,163908,163910,3855738.7268518517,3855770.324074074,31.59722222222222,{'TelemetryTask': 31.59722222222222}
UartTxTask,163914,163915,3856489.685185185,3856504.421296296,14.73611111111111,{'Idle': 14.73611111111111}
TelemetryTask,163919,163920,3865587.7592592593,3865601.925925926,14.166666666666666,{'Idle': 14.166666666666666}
UartTxTask,163922,163924,3865738.513888889,3865769.652777778,31.13888888888889,{'TelemetryTask': 31.13888888888889}
UartTxTask,163928,163929,3866488.611111111,3866503.287037037,14.675925925925926,{'Idle': 14.675925925925926}
TelemetryTask,163933,163934,3875587.722222222,3875601.4444444445,13.722222222222221,{'Idle': 13.722222222222221}
UartTxTask,163936,163938,3875739.453703704,3875770.875,31.421296296296298,{'TelemetryTask': 31.421296296296294}
UartTxTask,163942,163943,3876489.986111111,3876505.203703704,15.217592592592593,{'Idle': 15.217592592592593}
TelemetryTask,163947,163948,3885587.8703703703,3885602.046296296,14.175925925925926,{'Idle': 14.175925925925926}
UartTxTask,163950,163952,3885738.4583333335,3885769.675925926,31.21759259259259,{'TelemetryTask': 31.21759259259259}
UartTxTask,163956,163957,3886488.402777778,3886503.1435185187,14.74074074074074,{'Idle': 14.74074074074074}
TelemetryTask,163961,163962,3895587.652777778,3895601.5833333335,13.930555555555555,{'Idle': 13.930555555555555}
UartTxTask,163964,163966,3895738.7407407407,3895769.967592593,31.22685185185185,{'TelemetryTask': 31.22685185185185}
UartTxTask,163970,163971,3896488.685185185,3896503.2916666665,14.606481481481481,{'Idle': 14.606481481481481}
TelemetryTask,163975,163976,3905587.6018518517,3905601.449074074,13.847222222222221,{'Idle': 13.847222222222221}
UartTxTask,163978,163980,3905738.388888889,3905769.662037037,31.27314814814815,{'TelemetryTask': 31.27314814814815}
UartTxTask,163984,163985,3906488.810185185,3906503.657407407,14.847222222222221,{'Idle': 14.847222222222221}
TelemetryTask,163989,163990,3915587.564814815,3915601.2083333335,13.643518518518519,{'Idle': 13.643518518518519}
UartTxTask,163992,163994,3915738.189814815,3915769.657407407,31.46759259259259,{'TelemetryTask': 31.467592592592595}
UartTxTask,163998,163999,3916488.912037037,3916503.222222222,14.310185185185185,{'Idle': 14.310185185185185}
TelemetryTask,164003,164004,3925587.685185185,3925601.722222222,14.037037037037036,{'Idle': 14.037037037037036}
UartTxTask,164006,164008,3925738.6018518517,3925770.527777778,31.925925925925927,{'TelemetryTask': 31.925925925925927}
UartTxTask,164012,164013,3926489.4166666665,3926504.199074074,14.782407407407407,{'Idle': 14.782407407407407}
TelemetryTask,164017,164018,3935587.7592592593,3935601.611111111,13.851851851851851,{'Idle': 13.851851851851851}
UartTxTask,164020,164022,3935738.217592593,3935769.2731481483,31.055555555555557,{'TelemetryTask': 31.055555555555554}
UartTxTask,164026,164027,3936488.0231481483,3936502.703703704,14.680555555555555,{'Idle': 14.680555555555555}
TelemetryTask,164031,164032,3945587.842592593,3945601.7546296297,13.912037037037036,{'Idle': 13.912037037037036}
UartTxTask,164034,164036,3945738.689814815,3945769.949074074,31.25925925925926,{'TelemetryTask': 31.25925925925926}
UartTxTask,164040,164041,3946488.4583333335,3946503.060185185,14.601851851851851,{'Idle': 14.601851851851851}
TelemetryTask,164045,164046,3955587.824074074,3955602.1481481483,14.324074074074074,{'Idle': 14.324074074074074}
UartTxTask,164048,164050,3955739.3518518517,3955770.7685185187,31.416666666666668,{'TelemetryTask': 31.416666666666664}
UartTxTask,164054,164055,3956489.9166666665,3956504.550925926,14.63425925925926,{'Idle': 14.63425925925926}
TelemetryTask,164059,164060,3965587.703703704,3965601.560185185,13.856481481481481,{'Idle': 13.856481481481481}
UartTxTask,164062,164064,3965739.138888889,3965770.472222222,31.333333333333332,{'TelemetryTask': 31.333333333333336}
UartTxTask,164068,164069,3966489.7592592593,3966504.277777778,14.518518518518519,{'Idle': 14.518518518518519}
TelemetryTask,164073,164074,3975587.814814815,3975601.8564814813,14.041666666666666,{'Idle': 14.041666666666666}
UartTxTask,164076,164078,3975738.4814814813,3975770.157407407,31.675925925925927,{'TelemetryTask': 31.675925925925924}
UartTxTask,164082,164083,3976489.2731481483,3976504.2453703703,14.972222222222221,{'Idle': 14.972222222222221}
TelemetryTask,164087,164088,3985587.6481481483,3985601.6944444445,14.046296296296296,{'Idle': 14.046296296296296}
UartTxTask,164090,164092,3985738.939814815,3985769.736111111,30.796296296296298,{'TelemetryTask': 30.796296296296298}
UartTxTask,164096,164097,3986488.675925926,3986503.402777778,14.726851851851851,{'Idle': 14.726851851851851}
TelemetryTask,164101,164102,3995587.5833333335,3995601.5416666665,13.958333333333334,{'Idle': 13.958333333333334}
UartTxTask,164104,164106,3995738.361111111,3995769.402777778,31.041666666666668,{'TelemetryTask': 31.041666666666664}
UartTxTask,164110,164111,3996487.587962963,3996502.532407407,14.944444444444445,{'Idle': 14.944444444444445}
TelemetryTask,164115,164116,4005587.7407407407,4005601.7546296297,14.01388888888889,{'Idle': 14.01388888888889}
UartTxTask,164118,164120,4005738.5231481483,4005770.3055555555,31.78240740740741,{'TelemetryTask': 31.782407407407405}
UartTxTask,164124,164125,4006489.4583333335,4006504.2592592593,14.800925925925926,{'Idle': 14.800925925925926}
TelemetryTask,164129,164130,4015587.712962963,4015602.1018518517,14.38888888888889,{'Idle': 14.38888888888889}
UartTxTask,164132,164134,4015738.467592593,4015769.7916666665,31.324074074074073,{'TelemetryTask': 31.324074074074076}
UartTxTask,164138,164139,4016488.782407407,4016503.527777778,14.74537037037037,{'Idle': 14.74537037037037}
TelemetryTask,164143,164144,4025587.675925926,4025601.1944444445,13.518518518518519,{'Idle': 13.518518518518519}
UartTxTask,164146,164148,4025739.546296296,4025771.175925926,31.62962962962963,{'TelemetryTask': 31.629629629629633}
UartTxTask,164152,164153,4026489.967592593,4026504.800925926,14.833333333333334,{'Idle': 14.833333333333334}
TelemetryTask,164157,164158,4035587.4907407407,4035601.5231481483,14.032407407407407,{'Idle': 14.032407407407407}
UartTxTask,164160,164162,4035738.5833333335,4035769.986111111,31.40277777777778,{'TelemetryTask': 31.40277777777778}
UartTxTask,164166,164167,4036488.763888889,4036503.375,14.61111111111111,{'Idle': 14.61111111111111}
TelemetryTask,164171,164172,4045587.6342592593,4045601.314814815,13.680555555555555,{'Idle': 13.680555555555555}
UartTxTask,164174,164176,4045738.652777778,4045770.3055555555,31.65277777777778,{'TelemetryTask': 31.65277777777778}
UartTxTask,164180,164181,4046489.0092592593,4046503.578703704,14.569444444444445,{'Idle': 14.569444444444445}
TelemetryTask,164185,164186,4055587.685185185,4055601.689814815,14.00462962962963,{'Idle': 14.00462962962963}
UartTxTask,164188,164190,4055738.939814815,4055770.300925926,31.36111111111111,{'TelemetryTask': 31.36111111111111}
UartTxTask,164194,164195,4056488.782407407,4056503.5833333335,14.800925925925926,{'Idle': 14.800925925925926}
TelemetryTask,164199,164200,4065587.7685185187,4065601.8194444445,14.050925925925926,{'Idle': 14.050925925925926}
UartTxTask,164202,164204,4065738.472222222,4065769.6203703703,31.14814814814815,{'TelemetryTask': 31.148148148148145}
UartTxTask,164208,164209,4066488.847222222,4066503.564814815,14.717592592592593,{'Idle': 14.717592592592593}
TelemetryTask,164213,164214,4075587.611111111,4075601.75,14.13888888888889,{'Idle': 14.13888888888889}
UartTxTask,164216,164218,4075738.7453703703,4075769.949074074,31.203703703703702,{'TelemetryTask': 31.203703703703702}
UartTxTask,164222,164223,4076489.027777778,4076503.875,14.847222222222221,{'Idle': 14.847222222222221}
TelemetryTask,164227,164228,4085587.736111111,4085601.6342592593,13.898148148148149,{'Idle': 13.898148148148149}
UartTxTask,164230,164232,4085738.1018518517,4085769.3703703703,31.26851851851852,{'TelemetryTask': 31.26851851851852}
UartTxTask,164236,164237,4086488.3564814813,4086502.949074074,14.592592592592593,{'Idle': 14.592592592592593}
TelemetryTask,164241,164242,4095587.875,4095602.162037037,14.287037037037036,{'Idle': 14.287037037037036}
UartTxTask,164244,164246,4095739.2083333335,4095770.402777778,31.194444444444443,{'TelemetryTask': 31.194444444444446}
UartTxTask,164250,164251,4096489.125,4096503.8842592593,14.75925925925926,{'Idle': 14.75925925925926}
TelemetryTask,164255,164256,4105587.782407407,4105601.4305555555,13.648148148148149,{'Idle': 13.648148148148149}
UartTxTask,164258,164260,4105738.0694444445,4105769.777777778,31.708333333333332,{'TelemetryTask': 31.708333333333336}
UartTxTask,164264,164265,4106488.824074074,4106503.5092592593,14.685185185185185,{'Idle': 14.685185185185185}
TelemetryTask,164269,164270,4115587.8564814813,4115601.8055555555,13.949074074074074,{'Idle': 13.949074074074074}
UartTxTask,164272,164274,4115738.4444444445,4115770.1342592593,31.689814814814813,{'TelemetryTask': 31.689814814814813}
UartTxTask,164278,164279,4116489.314814815,4116504.175925926,14.86111111111111,{'Idle': 14.86111111111111}
TelemetryTask,164283,164284,4125587.587962963,4125601.217592593,13.62962962962963,{'Idle': 13.62962962962963}
UartTxTask,164286,164288,4125738.578703704,4125769.685185185,31.10648148148148,{'TelemetryTask': 31.10648148148148}
UartTxTask,164292,164293,4126488.986111111,4126503.7268518517,14.74074074074074,{'Idle': 14.74074074074074}
TelemetryTask,164297,164298,4135587.763888889,4135601.9166666665,14.152777777777779,{'Idle': 14.152777777777779}
UartTxTask,164300,164302,4135738.7685185187,4135769.949074074,31.180555555555557,{'TelemetryTask': 31.180555555555557}
UartTxTask,164306,164307,4136489.597222222,4136504.296296296,14.699074074074074,{'Idle': 14.699074074074074}
TelemetryTask,164311,164312,4145587.7546296297,4145601.782407407,14.027777777777779,{'Idle': 14.027777777777779}
UartTxTask,164314,164316,4145739.217592593,4145770.435185185,31.21759259259259,{'TelemetryTask': 31.21759259259259}
UartTxTask,164320,164321,4146489.152777778,4146503.675925926,14.523148148148149,{'Idle': 14.523148148148149}
TelemetryTask,164325,164326,4155587.7731481483,4155601.8194444445,14.046296296296296,{'Idle': 14.046296296296296}
UartTxTask,164328,164330,4155738.337962963,4155769.902777778,31.564814814814813,{'TelemetryTask': 31.564814814814817}
UartTxTask,164334,164335,4156488.6435185187,4156503.685185185,15.041666666666666,{'Idle': 15.041666666666666}
TelemetryTask,164339,164340,4165587.796296296,4165602.2546296297,14.458333333333334,{'Idle': 14.458333333333334}
UartTxTask,164342,164344,4165738.9907407407,4165770.662037037,31.671296296296298,{'TelemetryTask': 31.671296296296298}
UartTxTask,164348,164349,4166489.407407407,4166504.074074074,14.666666666666666,{'Idle': 14.666666666666666}
TelemetryTask,164353,164354,4175587.7407407407,4175601.717592593,13.976851851851851,{'Idle': 13.976851851851851}
UartTxTask,164356,164358,4175738.236111111,4175769.527777778,31.291666666666668,{'TelemetryTask': 31.291666666666664}
UartTxTask,164362,164363,4176488.527777778,4176503.5,14.972222222222221,{'Idle': 14.972222222222221}
TelemetryTask,164367,164368,4185587.8518518517,4185601.912037037,14.060185185185185,{'Idle': 14.060185185185185}
UartTxTask,164370,164372,4185738.9907407407,4185770.3981481483,31.40740740740741,{'TelemetryTask': 31.40740740740741}
UartTxTask,164376,164377,4186488.953703704,4186503.902777778,14.949074074074074,{'Idle': 14.949074074074074}
TelemetryTask,164381,164382,4195587.833333333,4195602.115740741,14.282407407407407,{'Idle': 14.282407407959301}
UartTxTask,164384,164386,4195740.671296297,4195771.652777778,30.98148148148148,{'TelemetryTask': 30.981481480929588}
UartTxTask,164390,164391,4196490.666666667,4196505.541666667,14.875,"{'Idle': 14.874999999448105, 'UartTxTask': 5.518948590313946e-10}"
TelemetryTask,164395,164396,4205587.574074074,4205601.592592592,14.018518518518519,{'Idle': 14.018518519070414}
UartTxTask,164398,164400,4205739.560185186,4205770.935185186,31.375,"{'TelemetryTask': 31.374999999448107, 'UartTxTask': 5.518948590313946e-10}"
UartTxTask,164404,164405,4206490.078703703,4206504.546296297,14.467592592592593,"{'Idle': 14.467592593144488, 'UartTxTask': 5.518948590313946e-10}"
TelemetryTask,164409,164410,4215587.680555556,4215601.712962963,14.032407407407407,{'Idle': 14.032407406855512}
UartTxTask,164412,164414,4215739.00462963,4215770.236111111,31.23148148148148,{'TelemetryTask': 31.23148148148148}
UartTxTask,164418,164419,4216488.726851852,4216503.236111111,14.50925925925926,{'Idle': 14.50925925925926}
TelemetryTask,164423,164424,4225587.578703703,4225601.87037037,14.291666666666666,{'Idle': 14.29166666721856}
UartTxTask,164426,164428,4225739.328703703,4225770.666666667,31.337962962962962,"{'TelemetryTask': 31.337962963514858, 'UartTxTask': 5.518948590313946e-10}"
UartTxTask,164432,164433,4226489.777777778,4226504.513888889,14.73611111111111,{'Idle': 14.73611111111111}
TelemetryTask,164437,164438,4235587.712962963,4235601.87037037,14.157407407407407,{'Idle': 14.157407407407407}
UartTxTask,164440,164442,4235739.194444444,4235770.550925926,31.35648148148148,"{'TelemetryTask': 31.35648148203338, 'UartTxTask': 5.518948590313946e-10}"
UartTxTask,164446,164447,4236489.194444444,4236503.75,14.555555555555555,{'Idle': 14.55555555610745}
TelemetryTask,164451,164452,4245587.699074074,4245601.893518519,14.194444444444445,{'Idle': 14.19444444499634}
UartTxTask,164454,164456,4245738.740740741,4245770.092592592,31.35185185185185,{'TelemetryTask': 31.35185185185185}
UartTxTask,164460,164461,4246488.87037037,4246503.694444444,14.824074074074074,{'Idle': 14.82407407352218}
TelemetryTask,164465,164466,4255587.648148148,4255601.833333333,14.185185185185185,{'Idle': 14.18518518463329}
UartTxTask,164468,164470,4255738.402777778,4255769.101851852,30.699074074074073,{'TelemetryTask': 30.699074074074076}
UartTxTask,164474,164475,4256488.268518519,4256502.921296297,14.652777777777779,"{'Idle': 14.652777777777779, 'UartTxTask': 5.518948590313946e-10}"
TelemetryTask,164479,164480,4265587.814814814,4265601.958333333,14.143518518518519,{'Idle': 14.143518518518519}
UartTxTask,164482,164484,4265739.62037037,4265771.046296297,31.425925925925927,"{'TelemetryTask': 31.425925925925927, 'UartTxTask': 5.518948590313946e-10}"
UartTxTask,164488,164489,4266490.388888889,4266505.046296297,14.657407407407407,"{'Idle': 14.657407407407407, 'UartTxTask': 5.518948590313946e-10}"
TelemetryTask,164493,164494,4275587.74537037,4275601.689814814,13.944444444444445,{'Idle': 13.94444444389255}
UartTxTask,164496,164498,4275738.930555556,4275770.328703703,31.39814814814815,{'TelemetryTask': 31.39814814704436}
UartTxTask,164502,164503,4276489.62962963,4276504.407407408,14.777777777777779,{'Idle': 14.777777777777779}
TelemetryTask,164507,164508,4285587.782407408,4285601.717592592,13.935185185185185,{'Idle': 13.935185185185185}
UartTxTask,164510,164512,4285739.194444444,4285770.185185186,30.99074074074074,"{'TelemetryTask': 30.990740741292637, 'UartTxTask': 5.518948590313946e-10}"
UartTxTask,164516,164517,4286489.12037037,4286503.958333333,14.837962962962964,{'Idle': 14.837962962411067}
TelemetryTask,164521,164522,4295587.611111111,4295601.634259259,14.023148148148149,{'Idle': 14.023148148148149}
UartTxTask,164524,164526,4295737.962962963,4295769.523148148,31.560185185185187,{'TelemetryTask': 31.560185185185183}
UartTxTask,164530,164531,4296487.986111111,4296502.930555556,14.944444444444445,"{'Idle': 14.944444444444445, 'UartTxTask': 5.518948590313946e-10}"
TelemetryTask,164535,164536,4305587.606481481,4305601.74537037,14.13888888888889,{'Idle': 14.13888888888889}
UartTxTask,164538,164540,4305739.560185186,4305770.837962963,31.27777777777778,{'TelemetryTask': 31.277777777225886}
UartTxTask,164544,164545,4306489.305555556,4306503.87962963,14.574074074074074,{'Idle': 14.57407407352218}
TelemetryTask,164549,164550,4315587.791666667,4315601.865740741,14.074074074074074,{'Idle': 14.07407407352218}
UartTxTask,164552,164554,4315738.74537037,4315770.50462963,31.75925925925926,{'TelemetryTask': 31.75925925925926}
UartTxTask,164558,164559,4316488.87037037,4316503.398148148,14.527777777777779,{'Idle': 14.527777777777779}
TelemetryTask,164563,164564,4325587.597222222,4325601.291666667,13.694444444444445,"{'Idle': 13.694444444444445, 'TelemetryTask': 5.518948590313946e-10}"
UartTxTask,164566,164568,4325738.166666667,4325769.351851852,31.185185185185187,{'TelemetryTask': 31.18518518463329}
UartTxTask,164572,164573,4326488.347222222,4326503.018518519,14.671296296296296,{'Idle': 14.671296296296296}
TelemetryTask,164577,164578,4335587.694444444,4335601.740740741,14.046296296296296,{'Idle': 14.04629629684819}
UartTxTask,164580,164582,4335740.37037037,4335771.425925926,31.055555555555557,"{'TelemetryTask': 31.055555555555557, 'UartTxTask': 5.518948590313946e-10}"
UartTxTask,164586,164587,4336490.638888889,4336505.912037037,15.273148148148149,{'Idle': 15.273148148148149}
TelemetryTask,164591,164592,4345587.564814814,4345601.421296297,13.856481481481481,"{'Idle': 13.856481482033375, 'TelemetryTask': 5.518948590313946e-10}"
UartTxTask,164594,164596,4345738.134259259,4345769.375,31.24074074074074,{'TelemetryTask': 31.24074074074074}
UartTxTask,164600,164601,4346488.37962963,4346503.157407408,14.777777777777779,{'Idle': 14.777777777777779}
TelemetryTask,164605,164606,4355587.861111111,4355601.967592592,14.106481481481481,{'Idle': 14.106481481481481}
UartTxTask,164608,164610,4355739.148148148,4355770.25,31.10185185185185,{'TelemetryTask': 31.10185185185185}
UartTxTask,164614,164615,4356489.189814814,4356504.009259259,14.819444444444445,{'Idle': 14.81944444499634}
TelemetryTask,164619,164620,4365587.662037037,4365601.787037037,14.125,{'Idle': 14.125}
UartTxTask,164622,164624,4365738.856481481,4365770.148148148,31.291666666666668,{'TelemetryTask': 31.291666666666664}
UartTxTask,164628,164629,4366489.069444444,4366503.837962963,14.768518518518519,{'Idle': 14.768518519070414}
TelemetryTask,164633,164634,4375587.638888889,4375601.597222222,13.958333333333334,{'Idle': 13.958333333333334}
UartTxTask,164636,164638,4375738.675925926,4375769.972222222,31.296296296296298,{'TelemetryTask': 31.2962962957444}
UartTxTask,164642,164643,4376488.546296297,4376503.138888889,14.592592592592593,{'Idle': 14.592592592040697}
TelemetryTask,164647,164648,4385587.712962963,4385602.032407408,14.319444444444445,{'Idle': 14.319444444444445}
UartTxTask,164650,164652,4385739.00462963,4385770.87037037,31.86574074074074,{'TelemetryTask': 31.86574074074074}
UartTxTask,164656,164657,4386489.666666667,4386504.476851852,14.810185185185185,{'Idle': 14.81018518463329}
TelemetryTask,164661,164662,4395587.763888889,4395601.851851852,14.087962962962964,{'Idle': 14.087962962962964}
UartTxTask,164664,164666,4395738.763888889,4395770.453703703,31.689814814814813,{'TelemetryTask': 31.68981481426292}
UartTxTask,164670,164671,4396489.851851852,4396504.819444444,14.967592592592593,{'Idle': 14.967592592040697}
TelemetryTask,164675,164676,4405587.717592592,4405601.652777778,13.935185185185185,{'Idle': 13.935185185185185}
UartTxTask,164678,164680,4405739.532407408,4405771.037037037,31.50462962962963,{'TelemetryTask': 31.504629629629626}
UartTxTask,164684,164685,4406489.847222222,4406504.74537037,14.898148148148149,{'Idle': 14.898148148148149}
TelemetryTask,164689,164690,4415587.638888889,4415601.458333333,13.819444444444445,{'Idle': 13.81944444389255}
UartTxTask,164692,164694,4415739.175925926,4415770.819444444,31.64351851851852,{'TelemetryTask': 31.643518517414726}
UartTxTask,164698,164699,4416489.865740741,4416504.717592592,14.851851851851851,{'Idle': 14.851851851851851}
TelemetryTask,164703,164704,4425587.652777778,4425601.699074074,14.046296296296296,{'Idle': 14.046296295744401}
UartTxTask,164706,164708,4425739.513888889,4425771.425925926,31.912037037037038,"{'TelemetryTask': 31.912037037037038, 'UartTxTask': 5.518948590313946e-10}"
UartTxTask,164712,164713,4426490.291666667,4426505.101851852,14.810185185185185,{'Idle': 14.81018518463329}
TelemetryTask,164717,164718,4435587.689814814,4435601.652777778,13.962962962962964,{'Idle': 13.962962963514858}
UartTxTask,164720,164722,4435738.509259259,4435769.99537037,31.48611111111111,{'TelemetryTask': 31.48611111111111}
UartTxTask,164726,164727,4436489.111111111,4436503.560185186,14.449074074074074,"{'Idle': 14.449074074074074, 'UartTxTask': 5.518948590313946e-10}"
TelemetryTask,164731,164732,4445587.837962963,4445602.074074074,14.23611111111111,{'Idle': 14.236111110559216}
UartTxTask,164734,164736,4445738.675925926,4445770.185185186,31.50925925925926,"{'TelemetryTask': 31.509259258707367, 'UartTxTask': 5.518948590313946e-10}"
UartTxTask,164740,164741,4446489.796296297,4446504.62962963,14.833333333333334,{'Idle': 14.833333332781438}
TelemetryTask,164745,164746,4455587.74537037,4455602.097222222,14.351851851851851,{'Idle': 14.351851851851851}
UartTxTask,164748,164750,4455739.208333333,4455770.638888889,31.430555555555557,{'TelemetryTask': 31.43055555610745}
UartTxTask,164754,164755,4456489.685185186,4456504.592592592,14.907407407407407,{'Idle': 14.907407406855512}
TelemetryTask,164759,164760,4465587.680555556,4465601.62037037,13.939814814814815,{'Idle': 13.93981481426292}
UartTxTask,164762,164764,4465738.231481481,4465769.856481481,31.625,{'TelemetryTask': 31.625}
ButtonTask,164770,164771,4465835.263888889,4465842.856481481,7.592592592592593,{'Scheduler': 7.592592592592593}
UartTxTask,164776,164777,4466488.787037037,4466497.986111111,9.199074074074074,{'Idle': 9.199074074074074}
UartTxTask,164782,164783,4467227.981481481,4467237.263888889,9.282407407407407,{'Idle': 9.282407407407407}
TelemetryTask,164787,164788,4475587.814814814,4475601.861111111,14.046296296296296,{'Idle': 14.04629629684819}
UartTxTask,164790,164792,4475738.87037037,4475770.342592592,31.47222222222222,{'TelemetryTask': 31.47222222222222}
UartTxTask,164796,164797,4476489.5,4476504.148148148,14.648148148148149,{'Idle': 14.648148148148149}
TelemetryTask,164801,164802,4485587.652777778,4485601.810185186,14.157407407407407,"{'Idle': 14.157407407407407, 'TelemetryTask': 5.518948590313946e-10}"
UartTxTask,164804,164806,4485739.694444444,4485771.518518519,31.824074074074073,{'TelemetryTask': 31.82407407462597}
UartTxTask,164810,164811,4486490.282407408,4486504.805555556,14.523148148148149,"{'Idle': 14.523148148148149, 'UartTxTask': 5.518948590313946e-10}"
TelemetryTask,164815,164816,4495587.685185186,4495601.981481481,14.296296296296296,{'Idle': 14.296296295744401}
UartTxTask,164818,164820,4495738.884259259,4495771.046296297,32.16203703703704,"{'TelemetryTask': 32.16203703703704, 'UartTxTask': 5.518948590313946e-10}"
UartTxTask,164824,164825,4496489.99537037,4496504.597222222,14.601851851851851,{'Idle': 14.601851851851851}
TelemetryTask,164829,164830,4505587.569444444,4505601.75462963,14.185185185185185,{'Idle': 14.18518518573708}
UartTxTask,164832,164834,4505739.75462963,4505771.277777778,31.52314814814815,{'TelemetryTask': 31.523148148148145}
UartTxTask,164838,164839,4506490.763888889,4506505.592592592,14.828703703703704,{'Idle': 14.828703703703704}
TelemetryTask,164843,164844,4515587.476851852,4515601.611111111,14.13425925925926,{'Idle': 14.13425925925926}
UartTxTask,164846,164848,4515738.939814814,4515770.046296297,31.10648148148148,"{'TelemetryTask': 31.106481482033377, 'UartTxTask': 5.518948590313946e-10}"
UartTxTask,164852,164853,4516489.328703703,4516504.148148148,14.819444444444445,{'Idle': 14.81944444499634}
TelemetryTask,164857,164858,4525587.657407408,4525601.986111111,14.328703703703704,{'Idle': 14.328703703703704}
UartTxTask,164860,164862,4525739.143518519,4525770.638888889,31.49537037037037,{'TelemetryTask': 31.49537037037037}
UartTxTask,164866,164867,4526489.819444444,4526504.800925926,14.981481481481481,"{'Idle': 14.981481482033375, 'UartTxTask': 5.518948590313946e-10}"
TelemetryTask,164871,164872,4535587.814814814,4535602.092592592,14.277777777777779,{'Idle': 14.277777778329673}
UartTxTask,164874,164876,4535739.300925926,4535770.236111111,30.935185185185187,{'TelemetryTask': 30.93518518463329}
UartTxTask,164880,164881,4536489.333333333,4536504.384259259,15.050925925925926,{'Idle': 15.05092592647782}
TelemetryTask,164885,164886,4545587.796296297,4545602.050925926,14.25462962962963,"{'Idle': 14.254629629077735, 'TelemetryTask': 5.518948590313946e-10}"
UartTxTask,164888,164890,4545739.027777778,4545770.560185186,31.53240740740741,"{'TelemetryTask': 31.53240740740741, 'UartTxTask': 5.518948590313946e-10}"
UartTxTask,164894,164895,4546488.875,4546503.541666667,14.666666666666666,"{'Idle': 14.666666666666666, 'UartTxTask': 5.518948590313946e-10}"
TelemetryTask,164899,164900,4555587.736111111,4555602.097222222,14.36111111111111,{'Idle': 14.36111111111111}
UartTxTask,164902,164904,4555739.421296297,4555771.444444444,32.023148148148145,{'TelemetryTask': 32.02314814704436}
UartTxTask,164908,164909,4556491.083333333,4556506.296296297,15.212962962962964,"{'Idle': 15.212962963514858, 'UartTxTask': 5.518948590313946e-10}"
TelemetryTask,164913,164914,4565587.847222222,4565602.083333333,14.23611111111111,{'Idle': 14.236111110559216}
UartTxTask,164916,164918,4565738.986111111,4565770.388888889,31.40277777777778,{'TelemetryTask': 31.40277777777778}
UartTxTask,164922,164923,4566489.050925926,4566503.888888889,14.837962962962964,{'Idle': 14.837962962411067}
TelemetryTask,164927,164928,4575587.694444444,4575601.944444444,14.25,{'Idle': 14.25}
UartTxTask,164930,164932,4575739.25462963,4575770.907407408,31.65277777777778,{'TelemetryTask': 31.65277777777778}
UartTxTask,164936,164937,4576489.699074074,4576504.458333333,14.75925925925926,{'Idle': 14.75925925925926}
TelemetryTask,164941,164942,4585587.810185186,4585601.875,14.064814814814815,{'Idle': 14.06481481426292}
UartTxTask,164944,164946,4585738.912037037,4585770.12037037,31.208333333333332,{'TelemetryTask': 31.208333333333332}
UartTxTask,164950,164951,4586489.513888889,4586504.226851852,14.712962962962964,{'Idle': 14.712962962962964}
TelemetryTask,164955,164956,4595587.814814814,4595601.884259259,14.069444444444445,{'Idle': 14.06944444499634}
UartTxTask,164958,164960,4595738.657407408,4595770.398148148,31.74074074074074,{'TelemetryTask': 31.74074074074074}
UartTxTask,164964,164965,4596489.375,4596504.337962963,14.962962962962964,{'Idle': 14.962962962962964}
TelemetryTask,164969,164970,4605587.814814814,4605602.273148148,14.458333333333334,{'Idle': 14.458333333885228}
UartTxTask,164972,164974,4605739.5,4605770.523148148,31.02314814814815,{'TelemetryTask': 31.02314814814815}
UartTxTask,164978,164979,4606489.592592592,4606504.268518519,14.675925925925926,{'Idle': 14.675925925925926}
TelemetryTask,164983,164984,4615587.694444444,4615601.680555556,13.98611111111111,"{'Idle': 13.986111111663005, 'TelemetryTask': 5.518948590313946e-10}"
UartTxTask,164986,164988,4615738.472222222,4615770.166666667,31.694444444444443,"{'TelemetryTask': 31.694444444444443, 'UartTxTask': 5.518948590313946e-10}"
UartTxTask,164992,164993,4616488.490740741,4616503.24537037,14.75462962962963,{'Idle': 14.75462962962963}
TelemetryTask,164997,164998,4625587.736111111,4625601.680555556,13.944444444444445,"{'Idle': 13.944444444444445, 'TelemetryTask': 5.518948590313946e-10}"
UartTxTask,165000,165002,4625738.930555556,4625770.138888889,31.208333333333332,{'TelemetryTask': 31.208333332781436}
UartTxTask,165006,165007,4626489.115740741,4626503.828703703,14.712962962962964,{'Idle': 14.712962962411067}
TelemetryTask,165011,165012,4635587.611111111,4635601.782407408,14.171296296296296,{'Idle': 14.171296296296296}
UartTxTask,165014,165016,4635739.486111111,4635770.726851852,31.24074074074074,{'TelemetryTask': 31.24074074074074}
UartTxTask,165020,165021,4636489.634259259,4636504.648148148,15.01388888888889,{'Idle': 15.01388888888889}
TelemetryTask,165025,165026,4645587.726851852,4645601.865740741,14.13888888888889,{'Idle': 14.13888888888889}
UartTxTask,165028,165030,4645738.458333333,4645769.671296297,31.212962962962962,"{'TelemetryTask': 31.212962963514858, 'UartTxTask': 5.518948590313946e-10}"
UartTxTask,165034,165035,4646488.689814814,4646503.319444444,14.62962962962963,{'Idle': 14.62962962962963}
TelemetryTask,165039,165040,4655587.662037037,4655601.986111111,14.324074074074074,{'Idle': 14.324074074074074}
UartTxTask,165042,165044,4655738.805555556,4655770.662037037,31.85648148148148,{'TelemetryTask': 31.856481480929588}
UartTxTask,165048,165049,4656489.337962963,4656504.180555556,14.842592592592593,"{'Idle': 14.842592592592593, 'UartTxTask': 5.518948590313946e-10}"
ButtonTask,165055,165057,4659493.490740741,4659508.310185186,14.819444444444445,"{'ISR#56': 5.814814814814815, 'Scheduler': 9.00462962962963, 'ButtonTask': 5.518948590313946e-10}"
UartTxTask,165060,165062,4659629.694444444,4659659.361111111,29.666666666666668,{'ButtonTask': 29.666666667218564}
UartTxTask,165066,165067,4660378.222222222,4660387.550925926,9.328703703703704,"{'Idle': 9.328703703703704, 'UartTxTask': 5.518948590313946e-10}"
TelemetryTask,165071,165072,4665587.842592592,4665602.097222222,14.25462962962963,{'Idle': 14.25462962962963}
UartTxTask,165074,165076,4665739.722222222,4665771.083333333,31.36111111111111,{'TelemetryTask': 31.361111110559214}
UartTxTask,165080,165081,4666489.824074074,4666504.935185186,15.11111111111111,"{'Idle': 15.111111111663005, 'UartTxTask': 5.518948590313946e-10}"
TelemetryTask,165085,165086,4675587.736111111,4675601.689814814,13.953703703703704,{'Idle': 13.95370370315181}
UartTxTask,165088,165090,4675739.555555556,4675771.194444444,31.63888888888889,{'TelemetryTask': 31.6388888877851}
UartTxTask,165094,165095,4676490.050925926,4676504.763888889,14.712962962962964,{'Idle': 14.712962962411067}
TelemetryTask,165099,165100,4685587.777777778,4685601.87037037,14.092592592592593,{'Idle': 14.092592592592593}
UartTxTask,165102,165104,4685738.481481481,4685769.694444444,31.212962962962962,{'TelemetryTask': 31.21296296241107}
UartTxTask,165108,165109,4686488.407407408,4686502.856481481,14.449074074074074,{'Idle': 14.449074074074074}
TelemetryTask,165113,165114,4695587.675925926,4695601.541666667,13.86574074074074,"{'Idle': 13.865740740188846, 'TelemetryTask': 5.518948590313946e-10}"
UartTxTask,165116,165118,4695738.180555556,4695769.657407408,31.47685185185185,{'TelemetryTask': 31.476851851299955}
UartTxTask,165122,165123,4696488.615740741,4696503.125,14.50925925925926,{'Idle': 14.50925925925926}
TelemetryTask,165127,165128,4705587.634259259,4705601.800925926,14.166666666666666,"{'Idle': 14.166666666666666, 'TelemetryTask': 5.518948590313946e-10}"
UartTxTask,165130,165132,4705739.00462963,4705769.606481481,30.60185185185185,{'TelemetryTask': 30.601851851851855}
UartTxTask,165136,165137,4706489.032407408,4706503.939814814,14.907407407407407,{'Idle': 14.907407406855512}
TelemetryTask,165141,165142,4715587.708333333,4715601.712962963,14.00462962962963,{'Idle': 14.004629630181524}
UartTxTask,165144,165146,4715739.342592592,4715771.180555556,31.837962962962962,"{'TelemetryTask': 31.837962962962962, 'UartTxTask': 5.518948590313946e-10}"
UartTxTask,165150,165151,4716489.949074074,4716504.981481481,15.032407407407407,{'Idle': 15.032407407959301}
TelemetryTask,165155,165156,4725587.699074074,4725601.009259259,13.310185185185185,{'Idle': 13.31018518573708}
UartTxTask,165158,165160,4725738.601851852,4725769.87962963,31.27777777777778,{'TelemetryTask': 31.27777777777778}
UartTxTask,165164,165165,4726488.597222222,4726503.180555556,14.583333333333334,"{'Idle': 14.583333333333334, 'UartTxTask': 5.518948590313946e-10}"
TelemetryTask,165169,165170,4735587.722222222,4735602.060185186,14.337962962962964,"{'Idle': 14.337962962962964, 'TelemetryTask': 5.518948590313946e-10}"
UartTxTask,165172,165174,4735739.560185186,4735771.055555556,31.49537037037037,"{'TelemetryTask': 31.495370369818474, 'UartTxTask': 5.518948590313946e-10}"
UartTxTask,165178,165179,4736489.925925926,4736504.972222222,15.046296296296296,{'Idle': 15.046296295744401}
TelemetryTask,165183,165184,4745587.694444444,4745601.402777778,13.708333333333334,{'Idle': 13.708333333885228}
UartTxTask,165186,165188,4745738.064814814,4745769.444444444,31.37962962962963,{'TelemetryTask': 31.379629629629633}
UartTxTask,165192,165193,4746488.087962963,4746502.837962963,14.75,{'Idle': 14.75}
TelemetryTask,165197,165198,4755587.694444444,4755601.717592592,14.023148148148149,{'Idle': 14.023148148700043}
UartTxTask,165200,165202,4755738.819444444,4755770.583333333,31.76388888888889,{'TelemetryTask': 31.763888888888893}
UartTxTask,165206,165207,4756489.009259259,4756504.12962963,15.12037037037037,{'Idle': 15.12037037037037}
TelemetryTask,165211,165212,4765587.736111111,4765601.726851852,13.99074074074074,{'Idle': 13.99074074074074}
UartTxTask,165214,165216,4765739.74537037,4765771.25,31.50462962962963,{'TelemetryTask': 31.504629629629626}
UartTxTask,165220,165221,4766490.361111111,4766505.152777778,14.791666666666666,{'Idle': 14.791666666666666}
TelemetryTask,165225,165226,4775587.777777778,4775601.412037037,13.63425925925926,{'Idle': 13.63425925925926}
UartTxTask,165228,165230,4775738.865740741,4775770.569444444,31.703703703703702,{'TelemetryTask': 31.70370370315181}
UartTxTask,165234,165235,4776489.421296297,4776504.134259259,14.712962962962964,{'Idle': 14.712962962411067}
TelemetryTask,165239,165240,4785587.662037037,4785601.652777778,13.99074074074074,{'Idle': 13.99074074074074}
UartTxTask,165242,165244,4785738.939814814,4785770.199074074,31.25925925925926,{'TelemetryTask': 31.25925925925926}
UartTxTask,165248,165249,4786489.666666667,4786504.782407408,15.11574074074074,{'Idle': 15.115740740188846}
TelemetryTask,165253,165254,4795587.722222222,4795601.476851852,13.75462962962963,{'Idle': 13.75462962962963}
UartTxTask,165256,165258,4795738.148148148,4795769.532407408,31.38425925925926,{'TelemetryTask': 31.38425925925926}
UartTxTask,165262,165263,4796488.833333333,4796503.814814814,14.981481481481481,{'Idle': 14.981481481481481}
TelemetryTask,165267,165268,4805587.722222222,4805602.050925926,14.328703703703704,"{'Idle': 14.328703703703704, 'TelemetryTask': 5.518948590313946e-10}"
UartTxTask,165270,165272,4805739.523148148,4805771.680555556,32.157407407407405,"{'TelemetryTask': 32.157407407407405, 'UartTxTask': 5.518948590313946e-10}"
UartTxTask,165276,165277,4806490.569444444,4806505.337962963,14.768518518518519,{'Idle': 14.768518519070414}
TelemetryTask,165281,165282,4815587.763888889,4815601.708333333,13.944444444444445,{'Idle': 13.94444444389255}
UartTxTask,165284,165286,4815738.564814814,4815770.287037037,31.72222222222222,{'TelemetryTask': 31.72222222277412}
UartTxTask,165290,165291,4816488.300925926,4816503.199074074,14.898148148148149,{'Idle': 14.898148147044358}
TelemetryTask,165295,165296,4825587.800925926,4825601.912037037,14.11111111111111,{'Idle': 14.111111110559216}
UartTxTask,165298,165300,4825739.5,4825770.939814814,31.439814814814813,{'TelemetryTask': 31.43981481426292}
UartTxTask,165304,165305,4826489.675925926,4826504.296296297,14.62037037037037,"{'Idle': 14.620370369818476, 'UartTxTask': 5.518948590313946e-10}"
TelemetryTask,165309,165310,4835587.75462963,4835602.0,14.24537037037037,{'Idle': 14.24537037037037}
UartTxTask,165312,165314,4835739.361111111,4835771.324074074,31.962962962962962,{'TelemetryTask': 31.96296296241107}
UartTxTask,165318,165319,4836490.236111111,4836505.134259259,14.898148148148149,{'Idle': 14.898148148148149}
ButtonTask,165325,165327,4845302.759259259,4845317.722222222,14.962962962962964,"{'ISR#56': 5.75, 'Scheduler': 9.212962962962964}"
UartTxTask,165330,165332,4845438.032407408,4845467.717592592,29.685185185185187,{'ButtonTask': 29.685185185185183}
TelemetryTask,165336,165337,4845587.796296297,4845595.550925926,7.75462962962963,"{'Idle': 7.754629629077734, 'TelemetryTask': 5.518948590313946e-10}"
UartTxTask,165341,165342,4846186.837962963,4846196.00462963,9.166666666666666,{'Idle': 9.166666666666666}
UartTxTask,165347,165348,4846930.0,4846938.810185186,8.810185185185185,"{'Idle': 8.810185185185185, 'UartTxTask': 5.518948590313946e-10}"
TelemetryTask,165352,165353,4855587.791666667,4855601.791666667,14.0,"{'Idle': 13.999999999448105, 'TelemetryTask': 5.518948590313946e-10}"
UartTxTask,165355,165357,4855738.773148148,4855769.930555556,31.15740740740741,"{'TelemetryTask': 31.15740740740741, 'UartTxTask': 5.518948590313946e-10}"
UartTxTask,165361,165362,4856488.930555556,4856503.611111111,14.680555555555555,{'Idle': 14.68055555500366}
TelemetryTask,165366,165367,4865587.861111111,4865601.763888889,13.902777777777779,{'Idle': 13.902777777777779}
UartTxTask,165369,165371,4865739.217592592,4865770.62037037,31.40277777777778,{'TelemetryTask': 31.40277777777778}
UartTxTask,165375,165376,4866489.546296297,4866504.324074074,14.777777777777779,{'Idle': 14.777777776673988}
TelemetryTask,165380,165381,4875587.763888889,4875601.592592592,13.828703703703704,{'Idle': 13.828703703703704}
UartTxTask,165383,165385,4875738.967592592,4875770.481481481,31.51388888888889,{'TelemetryTask': 31.513888888888886}
UartTxTask,165389,165390,4876489.444444444,4876504.421296297,14.976851851851851,"{'Idle': 14.976851852403746, 'UartTxTask': 5.518948590313946e-10}"
TelemetryTask,165394,165395,4885587.675925926,4885601.509259259,13.833333333333334,{'Idle': 13.833333332781438}
UartTxTask,165397,165399,4885738.00462963,4885769.592592592,31.587962962962962,{'TelemetryTask': 31.587962962962962}
UartTxTask,165403,165404,4886488.550925926,4886503.708333333,15.157407407407407,{'Idle': 15.157407406303617}
TelemetryTask,165408,165409,4895587.592592592,4895601.449074074,13.856481481481481,{'Idle': 13.856481480929586}
UartTxTask,165411,165413,4895739.365740741,4895770.555555556,31.189814814814813,"{'TelemetryTask': 31.189814814814817, 'UartTxTask': 5.518948590313946e-10}"
UartTxTask,165417,165418,4896489.37037037,4896504.217592592,14.847222222222221,{'Idle': 14.847222222222221}
TelemetryTask,165422,165423,4905587.587962963,4905601.805555556,14.217592592592593,"{'Idle': 14.217592592592593, 'TelemetryTask': 5.518948590313946e-10}"
UartTxTask,165425,165427,4905739.685185186,4905771.356481481,31.671296296296298,{'TelemetryTask': 31.6712962957444}
UartTxTask,165431,165432,4906490.847222222,4906505.328703703,14.481481481481481,{'Idle': 14.481481480929586}
TelemetryTask,165436,165437,4915587.680555556,4915601.787037037,14.106481481481481,{'Idle': 14.106481480929586}
UartTxTask,165439,165441,4915738.657407408,4915770.453703703,31.796296296296298,{'TelemetryTask': 31.7962962957444}
UartTxTask,165445,165446,4916489.62962963,4916504.736111111,15.106481481481481,{'Idle': 15.106481481481481}
TelemetryTask,165450,165451,4925587.694444444,4925601.282407408,13.587962962962964,{'Idle': 13.587962963514858}
UartTxTask,165453,165455,4925739.273148148,4925770.5,31.22685185185185,{'TelemetryTask': 31.22685185185185}
UartTxTask,165459,165460,4926489.717592592,4926504.5,14.782407407407407,{'Idle': 14.782407407407407}
TelemetryTask,165464,165465,4935587.671296297,4935601.75,14.078703703703704,{'Idle': 14.07870370315181}
UartTxTask,165467,165469,4935739.25462963,4935770.416666667,31.162037037037038,"{'TelemetryTask': 31.162037037037038, 'UartTxTask': 5.518948590313946e-10}"
UartTxTask,165473,165474,4936489.263888889,4936503.953703703,14.689814814814815,{'Idle': 14.68981481426292}
TelemetryTask,165478,165479,4945587.712962963,4945601.49537037,13.782407407407407,{'Idle': 13.782407407407407}
UartTxTask,165481,165483,4945738.342592592,4945769.666666667,31.324074074074073,"{'TelemetryTask': 31.324074074074076, 'UartTxTask': 5.518948590313946e-10}"
UartTxTask,165487,165488,4946488.439814814,4946503.125,14.685185185185185,{'Idle': 14.68518518573708}
TelemetryTask,165492,165493,4955587.777777778,4955601.62962963,13.851851851851851,{'Idle': 13.851851851851851}
UartTxTask,165495,165497,4955738.569444444,4955769.907407408,31.337962962962962,{'TelemetryTask': 31.337962963514858}
UartTxTask,165501,165502,4956488.273148148,4956503.027777778,14.75462962962963,{'Idle': 14.75462962962963}
TelemetryTask,165506,165507,4965587.62962963,4965601.587962963,13.958333333333334,{'Idle': 13.958333333333334}
UartTxTask,165509,165511,4965738.421296297,4965769.449074074,31.02777777777778,{'TelemetryTask': 31.027777776673986}
UartTxTask,165515,165516,4966488.180555556,4966502.916666667,14.73611111111111,"{'Idle': 14.736111110559216, 'UartTxTask': 5.518948590313946e-10}"
TelemetryTask,165520,165521,4975587.675925926,4975601.782407408,14.106481481481481,{'Idle': 14.106481481481481}
UartTxTask,165523,165525,4975738.666666667,4975770.064814814,31.39814814814815,{'TelemetryTask': 31.39814814814815}
UartTxTask,165529,165530,4976488.875,4976503.703703703,14.828703703703704,{'Idle': 14.828703703703704}
TelemetryTask,165534,165535,4985587.652777778,4985601.972222222,14.319444444444445,{'Idle': 14.319444444444445}
UartTxTask,165537,165539,4985738.736111111,4985770.430555556,31.694444444444443,{'TelemetryTask': 31.694444444444443}
UartTxTask,165543,165544,4986489.518518519,4986504.537037037,15.018518518518519,{'Idle': 15.018518518518519}
TelemetryTask,165548,165549,4995587.75,4995601.476851852,13.726851851851851,{'Idle': 13.726851851851851}
UartTxTask,165551,165553,4995738.263888889,4995769.194444444,30.930555555555557,{'TelemetryTask': 30.930555555555554}
UartTxTask,165557,165558,4996488.287037037,4996503.393518519,15.106481481481481,{'Idle': 15.106481481481481}
TelemetryTask,165562,165563,5005587.703703703,5005601.902777778,14.199074074074074,{'Idle': 14.199074074074074}
UartTxTask,165565,165567,5005738.731481481,5005769.875,31.14351851851852,{'TelemetryTask': 31.14351851851852}
UartTxTask,165571,165572,5006488.768518519,5006503.532407408,14.76388888888889,{'Idle': 14.76388888888889}
ButtonTask,165578,165580,5011977.587962963,5011992.180555556,14.592592592592593,"{'ISR#56': 5.592592592592593, 'Scheduler': 9.0}"
UartTxTask,165583,165585,5012114.041666667,5012143.759259259,29.71759259259259,{'ButtonTask': 29.717592592592595}
UartTxTask,165589,165590,5012862.75,5012871.935185186,9.185185185185185,{'Idle': 9.185185185185185}
TelemetryTask,165594,165595,5015587.611111111,5015602.041666667,14.430555555555555,{'Idle': 14.430555555555555}
UartTxTask,165597,165599,5015738.773148148,5015770.027777778,31.25462962962963,{'TelemetryTask': 31.254629629629633}
UartTxTask,165603,165604,5016488.916666667,5016503.87037037,14.953703703703704,{'Idle': 14.953703703703704}
TelemetryTask,165608,165609,5025587.759259259,5025601.842592592,14.083333333333334,{'Idle': 14.083333333333334}
UartTxTask,165611,165613,5025739.449074074,5025770.134259259,30.685185185185187,{'TelemetryTask': 30.685185185185183}
UartTxTask,165617,165618,5026489.388888889,5026504.055555556,14.666666666666666,{'Idle': 14.666666666666666}
TelemetryTask,165622,165623,5035587.708333333,5035601.814814814,14.106481481481481,{'Idle': 14.106481481481481}
UartTxTask,165625,165627,5035738.356481481,5035769.638888889,31.28240740740741,{'TelemetryTask': 31.28240740740741}
UartTxTask,165631,165632,5036488.680555556,5036503.444444444,14.76388888888889,{'Idle': 14.76388888888889}
TelemetryTask,165636,165637,5045587.634259259,5045601.902777778,14.268518518518519,{'Idle': 14.268518518518519}
UartTxTask,165639,165641,5045738.541666667,5045769.606481481,31.064814814814813,{'TelemetryTask': 31.064814814814817}
UartTxTask,165645,165646,5046488.851851852,5046503.564814814,14.712962962962964,{'Idle': 14.712962962962964}
TelemetryTask,165650,165651,5055587.652777778,5055601.814814814,14.162037037037036,{'Idle': 14.162037037037036}
UartTxTask,165653,165655,5055739.087962963,5055769.986111111,30.89814814814815,{'TelemetryTask': 30.89814814814815}
UartTxTask,165659,165660,5056488.930555556,5056503.671296297,14.74074074074074,{'Idle': 14.74074074074074}
TelemetryTask,165664,165665,5065587.615740741,5065601.509259259,13.893518518518519,{'Idle': 13.893518518518519}
UartTxTask,165667,165669,5065738.796296297,5065770.027777778,31.23148148148148,{'TelemetryTask': 31.23148148148148}
UartTxTask,165673,165674,5066488.615740741,5066503.462962963,14.847222222222221,{'Idle': 14.847222222222221}
TelemetryTask,165678,165679,5075587.550925926,5075601.407407408,13.856481481481481,{'Idle': 13.856481481481481}
UartTxTask,165681,165683,5075738.509259259,5075769.828703703,31.319444444444443,{'TelemetryTask': 31.319444444444446}
UartTxTask,165687,165688,5076488.967592592,5076503.842592592,14.875,{'Idle': 14.875}
TelemetryTask,165692,165693,5085587.782407408,5085602.055555556,14.273148148148149,{'Idle': 14.273148148148149}
UartTxTask,165695,165697,5085738.972222222,5085770.060185186,31.087962962962962,{'TelemetryTask': 31.087962962962962}
UartTxTask,165701,165702,5086488.722222222,5086503.393518519,14.671296296296296,{'Idle': 14.671296296296296}
TelemetryTask,165706,165707,5095587.638888889,5095601.814814814,14.175925925925926,{'Idle': 14.175925925925926}
UartTxTask,165709,165711,5095739.606481481,5095770.986111111,31.37962962962963,{'TelemetryTask': 31.37962962962963}
UartTxTask,165715,165716,5096490.00462963,5096504.824074074,14.819444444444445,{'Idle': 14.819444444444445}
TelemetryTask,165720,165721,5105587.680555556,5105601.439814814,13.75925925925926,{'Idle': 13.75925925925926}
UartTxTask,165723,165725,5105737.944444444,5105769.430555556,31.48611111111111,{'TelemetryTask': 31.48611111111111}
UartTxTask,165729,165730,5106488.717592592,5106503.462962963,14.74537037037037,{'Idle': 14.74537037037037}
TelemetryTask,165734,165735,5115587.675925926,5115601.763888889,14.087962962962964,{'Idle': 14.087962962962964}
UartTxTask,165737,165739,5115738.930555556,5115770.138888889,31.208333333333332,{'TelemetryTask': 31.208333333333332}
UartTxTask,165743,165744,5116488.888888889,5116503.712962963,14.824074074074074,{'Idle': 14.824074074074074}
TelemetryTask,165748,165749,5125587.814814814,5125602.203703703,14.38888888888889,{'Idle': 14.38888888888889}
UartTxTask,165751,165753,5125739.421296297,5125771.032407408,31.61111111111111,{'TelemetryTask': 31.61111111111111}
UartTxTask,165757,165758,5126490.421296297,5126505.12962963,14.708333333333334,{'Idle': 14.708333333333334}
TelemetryTask,165762,165763,5135587.763888889,5135602.037037037,14.273148148148149,{'Idle': 14.273148148148149}
UartTxTask,165765,165767,5135738.467592592,5135769.958333333,31.49074074074074,{'TelemetryTask': 31.49074074074074}
UartTxTask,165771,165772,5136488.847222222,5136503.643518519,14.796296296296296,{'Idle': 14.796296296296296}
TelemetryTask,165776,165777,5145587.777777778,5145601.675925926,13.898148148148149,{'Idle': 13.898148148148149}
UartTxTask,165779,165781,5145739.208333333,5145770.986111111,31.77777777777778,{'TelemetryTask': 31.77777777777778}
UartTxTask,165785,165786,5146489.981481481,5146504.541666667,14.560185185185185,{'Idle': 14.560185185185185}
TelemetryTask,165790,165791,5155587.712962963,5155601.898148148,14.185185185185185,{'Idle': 14.185185185185185}
UartTxTask,165793,165795,5155738.671296297,5155769.634259259,30.962962962962962,{'TelemetryTask': 30.962962962962962}
UartTxTask,165799,165800,5156489.194444444,5156504.078703703,14.88425925925926,{'Idle': 14.88425925925926}
ButtonTask,165806,165808,5162825.37962963,5162840.449074074,15.069444444444445,"{'ISR#56': 6.00462962962963, 'Scheduler': 9.064814814814815}"
UartTxTask,165811,165813,5162960.828703703,5162990.388888889,29.560185185185187,{'ButtonTask': 29.560185185185183}
UartTxTask,165817,165818,5163711.902777778,5163720.87962963,8.976851851851851,{'Idle': 8.976851851851851}
TelemetryTask,165822,165823,5165587.736111111,5165601.666666667,13.930555555555555,{'Idle': 13.930555555555555}
UartTxTask,165825,165827,5165738.944444444,5165770.314814814,31.37037037037037,{'TelemetryTask': 31.37037037037037}
UartTxTask,165831,165832,5166489.638888889,5166504.111111111,14.472222222222221,{'Idle': 14.472222222222221}
TelemetryTask,165836,165837,5175587.666666667,5175601.574074074,13.907407407407407,{'Idle': 13.907407407407407}
UartTxTask,165839,165841,5175739.199074074,5175770.462962963,31.26388888888889,{'TelemetryTask': 31.263888888888893}
UartTxTask,165845,165846,5176489.175925926,5176503.958333333,14.782407407407407,{'Idle': 14.782407407407407}
TelemetryTask,165850,165851,5185587.777777778,5185602.236111111,14.458333333333334,{'Idle': 14.458333333333334}
UartTxTask,165853,165855,5185739.634259259,5185770.972222222,31.337962962962962,{'TelemetryTask': 31.337962962962962}
UartTxTask,165859,165860,5186489.907407408,5186504.884259259,14.976851851851851,{'Idle': 14.976851851851851}
TelemetryTask,165864,165865,5195587.699074074,5195601.782407408,14.083333333333334,{'Idle': 14.083333333333334}
UartTxTask,165867,165869,5195739.282407408,5195770.486111111,31.203703703703702,{'TelemetryTask': 31.203703703703702}
UartTxTask,165873,165874,5196489.99537037,5196504.810185186,14.814814814814815,{'Idle': 14.814814814814815}
TelemetryTask,165878,165879,5205587.657407408,5205601.62037037,13.962962962962964,{'Idle': 13.962962962962964}
UartTxTask,165881,165883,5205738.101851852,5205769.472222222,31.37037037037037,{'TelemetryTask': 31.370370370370374}
UartTxTask,165887,165888,5206488.597222222,5206503.569444444,14.972222222222221,{'Idle': 14.972222222222221}
TelemetryTask,165892,165893,5215587.532407408,5215601.407407408,13.875,{'Idle': 13.875}
UartTxTask,165895,165897,5215738.25462963,5215769.458333333,31.203703703703702,{'TelemetryTask': 31.203703703703706}
UartTxTask,165901,165902,5216488.912037037,5216503.689814814,14.777777777777779,{'Idle': 14.777777777777779}
TelemetryTask,165906,165907,5225587.699074074,5225602.023148148,14.324074074074074,{'Idle': 14.324074074074074}
UartTxTask,165909,165911,5225740.328703703,5225771.773148148,31.444444444444443,{'TelemetryTask': 31.444444444444443}
UartTxTask,165915,165916,5226490.643518519,5226505.388888889,14.74537037037037,{'Idle': 14.74537037037037}
TelemetryTask,165920,165921,5235587.680555556,5235602.189814814,14.50925925925926,{'Idle': 14.50925925925926}
UartTxTask,165923,165925,5235739.203703703,5235770.976851852,31.77314814814815,{'TelemetryTask': 31.773148148148152}
UartTxTask,165929,165930,5236489.444444444,5236504.435185186,14.99074074074074,{'Idle': 14.99074074074074}
TelemetryTask,165934,165935,5245587.675925926,5245601.324074074,13.648148148148149,{'Idle': 13.648148148148149}
UartTxTask,165937,165939,5245738.5,5245769.407407408,30.90740740740741,{'TelemetryTask': 30.907407407407405}
UartTxTask,165943,165944,5246488.337962963,5246502.722222222,14.38425925925926,{'Idle': 14.38425925925926}
TelemetryTask,165948,165949,5255587.675925926,5255601.555555556,13.87962962962963,{'Idle': 13.87962962962963}
UartTxTask,165951,165953,5255739.060185186,5255771.027777778,31.96759259259259,{'TelemetryTask': 31.967592592592595}
UartTxTask,165957,165958,5256489.782407408,5256504.509259259,14.726851851851851,{'Idle': 14.726851851851851}
TelemetryTask,165962,165963,5265587.717592592,5265601.37037037,13.652777777777779,{'Idle': 13.652777777777779}
UartTxTask,165965,165967,5265737.893518519,5265769.25,31.35648148148148,{'TelemetryTask': 31.35648148148148}
UartTxTask,165971,165972,5266488.203703703,5266503.12037037,14.916666666666666,{'Idle': 14.916666666666666}
TelemetryTask,165976,165977,5275587.587962963,5275601.62037037,14.032407407407407,{'Idle': 14.032407407407407}
UartTxTask,165979,165981,5275737.902777778,5275769.328703703,31.425925925925927,{'TelemetryTask': 31.425925925925924}
UartTxTask,165985,165986,5276488.152777778,5276502.944444444,14.791666666666666,{'Idle': 14.791666666666666}
TelemetryTask,165990,165991,5285587.680555556,5285601.717592592,14.037037037037036,{'Idle': 14.037037037037036}
UartTxTask,165993,165995,5285739.009259259,5285769.893518519,30.88425925925926,{'TelemetryTask': 30.88425925925926}
UartTxTask,165999,166000,5286488.685185186,5286503.467592592,14.782407407407407,{'Idle': 14.782407407407407}
TelemetryTask,166004,166005,5295587.814814814,5295602.115740741,14.300925925925926,{'Idle': 14.300925925925926}
UartTxTask,166007,166009,5295738.74537037,5295770.351851852,31.60648148148148,{'TelemetryTask': 31.60648148148148}
UartTxTask,166013,166014,5296488.99537037,5296503.731481481,14.73611111111111,{'Idle': 14.73611111111111}
TelemetryTask,166018,166019,5305587.601851852,5305601.574074074,13.972222222222221,{'Idle': 13.972222222222221}
UartTxTask,166021,166023,5305738.958333333,5305771.013888889,32.05555555555556,{'TelemetryTask': 32.05555555555556}
UartTxTask,166027,166028,5306489.740740741,5306504.513888889,14.773148148148149,{'Idle': 14.773148148148149}
TelemetryTask,166032,166033,5315587.597222222,5315601.37037037,13.773148148148149,{'Idle': 13.773148148148149}
UartTxTask,166035,166037,5315738.657407408,5315769.583333333,30.925925925925927,{'TelemetryTask': 30.925925925925924}
UartTxTask,166041,166042,5316488.912037037,5316503.578703703,14.666666666666666,{'Idle': 14.666666666666666}
TelemetryTask,166046,166047,5325587.671296297,5325601.699074074,14.027777777777779,{'Idle': 14.027777777777779}
UartTxTask,166049,166051,5325738.953703703,5325770.587962963,31.63425925925926,{'TelemetryTask': 31.63425925925926}
UartTxTask,166055,166056,5326489.162037037,5326503.546296297,14.38425925925926,{'Idle': 14.38425925925926}
TelemetryTask,166060,166061,5335587.671296297,5335601.805555556,14.13425925925926,{'Idle': 14.13425925925926}
UartTxTask,166063,166065,5335739.148148148,5335770.685185186,31.537037037037038,{'TelemetryTask': 31.537037037037038}
UartTxTask,166069,166070,5336489.564814814,5336504.435185186,14.87037037037037,{'Idle': 14.87037037037037}
TelemetryTask,166074,166075,5345587.763888889,5345601.5,13.73611111111111,{'Idle': 13.73611111111111}
UartTxTask,166077,166079,5345739.203703703,5345771.240740741,32.03703703703704,{'TelemetryTask': 32.03703703703704}
UartTxTask,166083,166084,5346490.310185186,5346505.351851852,15.041666666666666,{'Idle': 15.041666666666666}
TelemetryTask,166088,166089,5355587.712962963,5355602.111111111,14.398148148148149,{'Idle': 14.398148148148149}
UartTxTask,166091,166093,5355739.263888889,5355770.421296297,31.15740740740741,{'TelemetryTask': 31.157407407407405}
UartTxTask,166097,166098,5356489.138888889,5356503.680555556,14.541666666666666,{'Idle': 14.541666666666666}
TelemetryTask,166102,166103,5365587.699074074,5365601.666666667,13.967592592592593,{'Idle': 13.967592592592593}
UartTxTask,166105,166107,5365739.032407408,5365770.398148148,31.36574074074074,{'TelemetryTask': 31.36574074074074}
UartTxTask,166111,166112,5366489.509259259,5366504.37037037,14.86111111111111,{'Idle': 14.86111111111111}
TelemetryTask,166116,166117,5375587.680555556,5375601.523148148,13.842592592592593,{'Idle': 13.842592592592593}
UartTxTask,166119,166121,5375737.643518519,5375769.259259259,31.61574074074074,{'TelemetryTask': 31.61574074074074}
UartTxTask,166125,166126,5376488.361111111,5376503.101851852,14.74074074074074,{'Idle': 14.74074074074074}
TelemetryTask,166130,166131,5385587.814814814,5385601.912037037,14.097222222222221,{'Idle': 14.097222222222221}
UartTxTask,166133,166135,5385738.694444444,5385769.939814814,31.24537037037037,{'TelemetryTask': 31.245370370370374}
UartTxTask,166139,166140,5386489.189814814,5386503.935185186,14.74537037037037,{'Idle': 14.74537037037037}
TelemetryTask,166144,166145,5395587.662037037,5395601.643518519,13.981481481481481,{'Idle': 13.981481481481481}
UartTxTask,166147,166149,5395739.361111111,5395770.689814814,31.328703703703702,{'TelemetryTask': 31.328703703703702}
UartTxTask,166153,166154,5396489.805555556,5396504.782407408,14.976851851851851,{'Idle': 14.976851851851851}
TelemetryTask,166158,166159,5405587.648148148,5405601.662037037,14.01388888888889,{'Idle': 14.01388888888889}
UartTxTask,166161,166163,5405738.717592592,5405770.347222222,31.62962962962963,{'TelemetryTask': 31.62962962962963}
UartTxTask,166167,166168,5406489.287037037,5406503.972222222,14.685185185185185,{'Idle': 14.685185185185185}
TelemetryTask,166172,166173,5415587.740740741,5415601.685185186,13.944444444444445,{'Idle': 13.944444444444445}
UartTxTask,166175,166177,5415739.606481481,5415771.25462963,31.64814814814815,{'TelemetryTask': 31.648148148148145}
UartTxTask,166181,166182,5416490.439814814,5416505.069444444,14.62962962962963,{'Idle': 14.62962962962963}
TelemetryTask,166186,166187,5425587.652777778,5425602.078703703,14.425925925925926,{'Idle': 14.425925925925926}
UartTxTask,166189,166191,5425739.467592592,5425770.273148148,30.805555555555557,{'TelemetryTask': 30.805555555555554}
UartTxTask,166195,166196,5426489.324074074,5426504.231481481,14.907407407407407,{'Idle': 14.907407407407407}
TelemetryTask,166200,166201,5435587.638888889,5435601.449074074,13.810185185185185,{'Idle': 13.810185185185185}
UartTxTask,166203,166205,5435738.75462963,5435770.388888889,31.63425925925926,{'TelemetryTask': 31.63425925925926}
UartTxTask,166209,166210,5436488.981481481,5436503.814814814,14.833333333333334,{'Idle': 14.833333333333334}
TelemetryTask,166214,166215,5445587.680555556,5445601.768518519,14.087962962962964,{'Idle': 14.087962962962964}
UartTxTask,166217,166219,5445738.856481481,5445770.217592592,31.36111111111111,{'TelemetryTask': 31.361111111111114}
UartTxTask,166223,166224,5446488.49537037,5446503.046296297,14.550925925925926,{'Idle': 14.550925925925926}
TelemetryTask,166228,166229,5455587.736111111,5455601.773148148,14.037037037037036,{'Idle': 14.037037037037036}
UartTxTask,166231,166233,5455738.611111111,5455770.208333333,31.59722222222222,{'TelemetryTask': 31.59722222222222}
UartTxTask,166237,166238,5456488.972222222,5456503.856481481,14.88425925925926,{'Idle': 14.88425925925926}
TelemetryTask,166242,166243,5465587.657407408,5465601.574074074,13.916666666666666,{'Idle': 13.916666666666666}
UartTxTask,166245,166247,5465738.935185186,5465770.490740741,31.555555555555557,{'TelemetryTask': 31.555555555555557}
UartTxTask,166251,166252,5466489.375,5466503.837962963,14.462962962962964,{'Idle': 14.462962962962964}
TelemetryTask,166256,166257,5475587.648148148,5475601.509259259,13.86111111111111,{'Idle': 13.86111111111111}
UartTxTask,166259,166261,5475738.921296297,5475770.564814814,31.64351851851852,{'TelemetryTask': 31.64351851851852}
UartTxTask,166265,166266,5476489.50462963,5476504.388888889,14.88425925925926,{'Idle': 14.88425925925926}
TelemetryTask,166270,166271,5485587.652777778,5485601.782407408,14.12962962962963,{'Idle': 14.12962962962963}
UartTxTask,166273,166275,5485738.986111111,5485770.662037037,31.675925925925927,{'TelemetryTask': 31.675925925925924}
UartTxTask,166279,166280,5486489.606481481,5486504.083333333,14.476851851851851,{'Idle': 14.476851851851851}
TelemetryTask,166284,166285,5495587.893518519,5495601.703703703,13.810185185185185,{'Idle': 13.810185185185185}
UartTxTask,166287,166289,5495738.703703703,5495769.981481481,31.27777777777778,{'TelemetryTask': 31.27777777777778}
UartTxTask,166293,166294,5496488.916666667,5496503.300925926,14.38425925925926,{'Idle': 14.38425925925926}
TelemetryTask,166298,166299,5505587.638888889,5505601.50462963,13.86574074074074,{'Idle': 13.86574074074074}
UartTxTask,166301,166303,5505739.634259259,5505770.865740741,31.23148148148148,{'TelemetryTask': 31.23148148148148}
UartTxTask,166307,166308,5506489.398148148,5506504.324074074,14.925925925925926,{'Idle': 14.925925925925926}
TelemetryTask,166312,166313,5515587.666666667,5515601.759259259,14.092592592592593,{'Idle': 14.092592592592593}
UartTxTask,166315,166317,5515739.083333333,5515769.930555556,30.84722222222222,{'TelemetryTask': 30.84722222222222}
UartTxTask,166321,166322,5516489.055555556,5516503.611111111,14.555555555555555,{'Idle': 14.555555555555555}
TelemetryTask,166326,166327,5525587.699074074,5525601.851851852,14.152777777777779,{'Idle': 14.152777777777779}
UartTxTask,166329,166331,5525739.050925926,5525770.578703703,31.52777777777778,{'TelemetryTask': 31.52777777777778}
UartTxTask,166335,166336,5526489.587962963,5526503.810185186,14.222222222222221,{'Idle': 14.222222222222221}
TelemetryTask,166340,166341,5535587.606481481,5535601.759259259,14.152777777777779,{'Idle': 14.152777777777779}
UartTxTask,166343,166345,5535739.125,5535770.430555556,31.305555555555557,{'TelemetryTask': 31.305555555555554}
UartTxTask,166349,166350,5536489.828703703,5536504.708333333,14.87962962962963,{'Idle': 14.87962962962963}
TelemetryTask,166354,166355,5545587.578703703,5545601.518518519,13.939814814814815,{'Idle': 13.939814814814815}
UartTxTask,166357,166359,5545738.532407408,5545769.407407408,30.875,{'TelemetryTask': 30.875}
UartTxTask,166363,166364,5546488.509259259,5546503.023148148,14.51388888888889,{'Idle': 14.51388888888889}
TelemetryTask,166368,166369,5555587.736111111,5555601.240740741,13.50462962962963,{'Idle': 13.50462962962963}
UartTxTask,166371,166373,5555738.601851852,5555769.986111111,31.38425925925926,{'TelemetryTask': 31.38425925925926}
UartTxTask,166377,166378,5556489.287037037,5556504.12962963,14.842592592592593,{'Idle': 14.842592592592593}
TelemetryTask,166382,166383,5565587.689814814,5565601.777777778,14.087962962962964,{'Idle': 14.087962962962964}
UartTxTask,166385,166387,5565739.319444444,5565770.574074074,31.25462962962963,{'TelemetryTask': 31.254629629629626}
UartTxTask,166391,166392,5566489.337962963,5566503.912037037,14.574074074074074,{'Idle': 14.574074074074074}
TelemetryTask,166396,166397,5575587.638888889,5575602.037037037,14.398148148148149,{'Idle': 14.398148148148149}
UartTxTask,166399,166401,5575739.99537037,5575771.898148148,31.90277777777778,{'TelemetryTask': 31.90277777777778}
UartTxTask,166405,166406,5576491.097222222,5576505.865740741,14.768518518518519,{'Idle': 14.768518518518519}
TelemetryTask,166410,166411,5585587.611111111,5585601.648148148,14.037037037037036,{'Idle': 14.037037037037036}
UartTxTask,166413,166415,5585738.361111111,5585770.069444444,31.708333333333332,{'TelemetryTask': 31.708333333333336}
UartTxTask,166419,166420,5586488.921296297,5586503.768518519,14.847222222222221,{'Idle': 14.847222222222221}
TelemetryTask,166424,166425,5595587.587962963,5595601.550925926,13.962962962962964,{'Idle': 13.962962962962964}
UartTxTask,166427,166429,5595738.824074074,5595770.356481481,31.53240740740741,{'TelemetryTask': 31.532407407407405}
UartTxTask,166433,166434,5596488.861111111,5596503.819444444,14.958333333333334,{'Idle': 14.958333333333334}
TelemetryTask,166438,166439,5605587.708333333,5605601.736111111,14.027777777777779,{'Idle': 14.027777777777779}
UartTxTask,166441,166443,5605739.425925926,5605770.444444444,31.01851851851852,{'TelemetryTask': 31.01851851851852}
UartTxTask,166447,166448,5606489.097222222,5606503.611111111,14.51388888888889,{'Idle': 14.51388888888889}
TelemetryTask,166452,166453,5615587.861111111,5615601.777777778,13.916666666666666,{'Idle': 13.916666666666666}
UartTxTask,166455,166457,5615738.791666667,5615770.027777778,31.23611111111111,{'TelemetryTask': 31.23611111111111}
UartTxTask,166461,166462,5616488.888888889,5616503.583333333,14.694444444444445,{'Idle': 14.694444444444445}
TelemetryTask,166466,166467,5625587.597222222,5625602.106481481,14.50925925925926,{'Idle': 14.50925925925926}
UartTxTask,166469,166471,5625740.435185186,5625771.842592592,31.40740740740741,{'TelemetryTask': 31.40740740740741}
UartTxTask,166475,166476,5626491.226851852,5626505.800925926,14.574074074074074,{'Idle': 14.574074074074074}
TelemetryTask,166480,166481,5635587.810185186,5635602.013888889,14.203703703703704,{'Idle': 14.203703703703704}
UartTxTask,166483,166485,5635739.101851852,5635770.375,31.27314814814815,{'TelemetryTask': 31.273148148148145}
UartTxTask,166489,166490,5636489.560185186,5636504.12037037,14.560185185185185,{'Idle': 14.560185185185185}
TelemetryTask,166494,166495,5645587.736111111,5645601.875,14.13888888888889,{'Idle': 14.13888888888889}
UartTxTask,166497,166499,5645739.384259259,5645771.050925926,31.666666666666668,{'TelemetryTask': 31.666666666666668}
UartTxTask,166503,166504,5646489.962962963,5646504.953703703,14.99074074074074,{'Idle': 14.99074074074074}
TelemetryTask,166508,166509,5655587.768518519,5655601.916666667,14.148148148148149,{'Idle': 14.148148148148149}
UartTxTask,166511,166513,5655739.074074074,5655770.083333333,31.00925925925926,{'TelemetryTask': 31.00925925925926}
UartTxTask,166517,166518,5656488.541666667,5656503.532407408,14.99074074074074,{'Idle': 14.99074074074074}
TelemetryTask,166522,166523,5665587.611111111,5665601.861111111,14.25,{'Idle': 14.25}
UartTxTask,166525,166527,5665738.685185186,5665769.949074074,31.26388888888889,{'TelemetryTask': 31.26388888888889}
UartTxTask,166531,166532,5666488.634259259,5666503.018518519,14.38425925925926,{'Idle': 14.38425925925926}
TelemetryTask,166536,166537,5675587.726851852,5675601.532407408,13.805555555555555,{'Idle': 13.805555555555555}
UartTxTask,166539,166541,5675738.902777778,5675770.768518519,31.86574074074074,{'TelemetryTask': 31.86574074074074}
UartTxTask,166545,166546,5676489.476851852,5676504.439814814,14.962962962962964,{'Idle': 14.962962962962964}
TelemetryTask,166550,166551,5685587.703703703,5685602.041666667,14.337962962962964,{'Idle': 14.337962962962964}
UartTxTask,166553,166555,5685739.958333333,5685771.638888889,31.680555555555557,{'TelemetryTask': 31.680555555555557}
UartTxTask,166559,166560,5686490.375,5686505.337962963,14.962962962962964,{'Idle': 14.962962962962964}
TelemetryTask,166564,166565,5695587.722222222,5695601.606481481,13.88425925925926,{'Idle': 13.88425925925926}
UartTxTask,166567,166569,5695738.509259259,5695770.12962963,31.62037037037037,{'TelemetryTask': 31.62037037037037}
UartTxTask,166573,166574,5696488.666666667,5696503.337962963,14.671296296296296,{'Idle': 14.671296296296296}
TelemetryTask,166578,166579,5705587.810185186,5705601.694444444,13.88425925925926,{'Idle': 13.88425925925926}
UartTxTask,166581,166583,5705739.282407408,5705770.541666667,31.25925925925926,{'TelemetryTask': 31.25925925925926}
UartTxTask,166587,166588,5706488.777777778,5706503.388888889,14.61111111111111,{'Idle': 14.61111111111111}
TelemetryTask,166592,166593,5715587.796296297,5715601.861111111,14.064814814814815,{'Idle': 14.064814814814815}
UartTxTask,166595,166597,5715739.37037037,5715770.425925926,31.055555555555557,{'TelemetryTask': 31.055555555555557}
UartTxTask,166601,166602,5716489.490740741,5716504.208333333,14.717592592592593,{'Idle': 14.717592592592593}
TelemetryTask,166606,166607,5725587.652777778,5725601.861111111,14.208333333333334,{'Idle': 14.208333333333334}
UartTxTask,166609,166611,5725740.106481481,5725771.314814814,31.208333333333332,{'TelemetryTask': 31.208333333333336}
UartTxTask,166615,166616,5726490.351851852,5726505.143518519,14.791666666666666,{'Idle': 14.791666666666666}
TelemetryTask,166620,166621,5735587.791666667,5735601.509259259,13.717592592592593,{'Idle': 13.717592592592593}
UartTxTask,166623,166625,5735738.888888889,5735770.787037037,31.89814814814815,{'TelemetryTask': 31.898148148148145}
UartTxTask,166629,166630,5736489.458333333,5736504.208333333,14.75,{'Idle': 14.75}
TelemetryTask,166634,166635,5745587.611111111,5745601.064814814,13.453703703703704,{'Idle': 13.453703703703704}
UartTxTask,166637,166639,5745737.847222222,5745768.898148148,31.050925925925927,{'TelemetryTask': 31.050925925925927}
UartTxTask,166643,166644,5746488.421296297,5746503.078703703,14.657407407407407,{'Idle': 14.657407407407407}
TelemetryTask,166648,166649,5755587.805555556,5755601.810185186,14.00462962962963,{'Idle': 14.00462962962963}
UartTxTask,166651,166653,5755739.513888889,5755770.662037037,31.14814814814815,{'TelemetryTask': 31.14814814814815}
UartTxTask,166657,166658,5756488.787037037,5756503.259259259,14.472222222222221,{'Idle': 14.472222222222221}
TelemetryTask,166662,166663,5765587.574074074,5765601.689814814,14.11574074074074,{'Idle': 14.11574074074074}
UartTxTask,166665,166667,5765739.384259259,5765771.277777778,31.89351851851852,{'TelemetryTask': 31.89351851851852}
UartTxTask,166671,166672,5766490.523148148,5766505.541666667,15.018518518518519,{'Idle': 15.018518518518519}
TelemetryTask,166676,166677,5775587.699074074,5775601.638888889,13.939814814814815,{'Idle': 13.939814814814815}
UartTxTask,166679,166681,5775739.425925926,5775770.717592592,31.291666666666668,{'TelemetryTask': 31.291666666666664}
UartTxTask,166685,166686,5776489.203703703,5776504.152777778,14.949074074074074,{'Idle': 14.949074074074074}
TelemetryTask,166690,166691,5785587.837962963,5785602.138888889,14.300925925925926,{'Idle': 14.300925925925926}
UartTxTask,166693,166695,5785739.282407408,5785770.444444444,31.162037037037038,{'TelemetryTask': 31.162037037037038}
UartTxTask,166699,166700,5786489.74537037,5786504.907407408,15.162037037037036,{'Idle': 15.162037037037036}
TelemetryTask,166704,166705,5795587.810185186,5795601.833333333,14.023148148148149,{'Idle': 14.023148148148149}
UartTxTask,166707,166709,5795738.953703703,5795770.532407408,31.578703703703702,{'TelemetryTask': 31.578703703703702}
UartTxTask,166713,166714,5796489.092592592,5796503.532407408,14.439814814814815,{'Idle': 14.439814814814815}
TelemetryTask,166718,166719,5805587.583333333,5805601.430555556,13.847222222222221,{'Idle': 13.847222222222221}
UartTxTask,166721,166723,5805738.75462963,5805770.296296297,31.541666666666668,{'TelemetryTask': 31.541666666666668}
UartTxTask,166727,166728,5806489.444444444,5806503.925925926,14.481481481481481,{'Idle': 14.481481481481481}
TelemetryTask,166732,166733,5815587.712962963,5815601.675925926,13.962962962962964,{'Idle': 13.962962962962964}
UartTxTask,166735,166737,5815738.916666667,5815770.75,31.833333333333332,{'TelemetryTask': 31.833333333333332}
UartTxTask,166741,166742,5816489.402777778,5816504.333333333,14.930555555555555,{'Idle': 14.930555555555555}
TelemetryTask,166746,166747,5825587.782407408,5825601.958333333,14.175925925925926,{'Idle': 14.175925925925926}
UartTxTask,166749,166751,5825738.981481481,5825770.62962963,31.64814814814815,{'TelemetryTask': 31.64814814814815}
UartTxTask,166755,166756,5826489.435185186,5826504.12037037,14.685185185185185,{'Idle': 14.685185185185185}
TelemetryTask,166760,166761,5835587.699074074,5835601.939814814,14.24074074074074,{'Idle': 14.24074074074074}
UartTxTask,166763,166765,5835739.319444444,5835770.731481481,31.412037037037038,{'TelemetryTask': 31.412037037037038}
UartTxTask,166769,166770,5836489.189814814,5836503.875,14.685185185185185,{'Idle': 14.685185185185185}
TelemetryTask,166774,166775,5845587.638888889,5845601.824074074,14.185185185185185,{'Idle': 14.185185185185185}
UartTxTask,166777,166779,5845739.134259259,5845770.00462963,30.87037037037037,{'TelemetryTask': 30.870370370370374}
UartTxTask,166783,166784,5846489.064814814,5846503.546296297,14.481481481481481,{'Idle': 14.481481481481481}
TelemetryTask,166788,166789,5855587.810185186,5855601.842592592,14.032407407407407,{'Idle': 14.032407407407407}
UartTxTask,166791,166793,5855739.546296297,5855771.097222222,31.550925925925927,{'TelemetryTask': 31.550925925925924}
UartTxTask,166797,166798,5856490.24537037,5856505.319444444,15.074074074074074,{'Idle': 15.074074074074074}
TelemetryTask,166802,166803,5865587.638888889,5865601.810185186,14.171296296296296,{'Idle': 14.171296296296296}
UartTxTask,166805,166807,5865739.064814814,5865770.560185186,31.49537037037037,{'TelemetryTask': 31.49537037037037}
UartTxTask,166811,166812,5866489.490740741,5866504.212962963,14.722222222222221,{'Idle': 14.722222222222221}
TelemetryTask,166816,166817,5875587.740740741,5875601.958333333,14.217592592592593,{'Idle': 14.217592592592593}
UartTxTask,166819,166821,5875739.532407408,5875771.333333333,31.800925925925927,{'TelemetryTask': 31.800925925925924}
UartTxTask,166825,166826,5876490.347222222,5876504.972222222,14.625,{'Idle': 14.625}
TelemetryTask,166830,166831,5885587.675925926,5885601.662037037,13.98611111111111,{'Idle': 13.98611111111111}
UartTxTask,166833,166835,5885739.356481481,5885771.060185186,31.703703703703702,{'TelemetryTask': 31.703703703703702}
UartTxTask,166839,166840,5886489.828703703,5886504.680555556,14.851851851851851,{'Idle': 14.851851851851851}
TelemetryTask,166844,166845,5895587.805555556,5895601.819444444,14.01388888888889,{'Idle': 14.01388888888889}
UartTxTask,166847,166849,5895739.347222222,5895770.810185186,31.462962962962962,{'TelemetryTask': 31.462962962962962}
UartTxTask,166853,166854,5896489.708333333,5896504.550925926,14.842592592592593,{'Idle': 14.842592592592593}
TelemetryTask,166858,166859,5905587.62037037,5905601.62037037,14.0,{'Idle': 14.0}
UartTxTask,166861,166863,5905738.851851852,5905770.268518519,31.416666666666668,{'TelemetryTask': 31.416666666666664}
UartTxTask,166867,166868,5906489.828703703,5906504.699074074,14.87037037037037,{'Idle': 14.87037037037037}
TelemetryTask,166872,166873,5915587.731481481,5915601.768518519,14.037037037037036,{'Idle': 14.037037037037036}
UartTxTask,166875,166877,5915738.814814814,5915770.152777778,31.337962962962962,{'TelemetryTask': 31.337962962962965}
UartTxTask,166881,166882,5916489.138888889,5916503.856481481,14.717592592592593,{'Idle': 14.717592592592593}
TelemetryTask,166886,166887,5925587.796296297,5925602.092592592,14.296296296296296,{'Idle': 14.296296296296296}
UartTxTask,166889,166891,5925739.25,5925770.462962963,31.212962962962962,{'TelemetryTask': 31.212962962962962}
UartTxTask,166895,166896,5926489.736111111,5926504.37962963,14.643518518518519,{'Idle': 14.643518518518519}
TelemetryTask,166900,166901,5935587.814814814,5935602.032407408,14.217592592592593,{'Idle': 14.217592592592593}
UartTxTask,166903,166905,5935739.865740741,5935771.342592592,31.47685185185185,{'TelemetryTask': 31.476851851851848}
UartTxTask,166909,166910,5936489.828703703,5936504.824074074,14.99537037037037,{'Idle': 14.99537037037037}
TelemetryTask,166914,166915,5945587.671296297,5945601.708333333,14.037037037037036,{'Idle': 14.037037037037036}
UartTxTask,166917,166919,5945738.935185186,5945770.976851852,32.041666666666664,{'TelemetryTask': 32.04166666666667}
UartTxTask,166923,166924,5946489.819444444,5946504.444444444,14.625,{'Idle': 14.625}
TelemetryTask,166928,166929,5955587.638888889,5955602.101851852,14.462962962962964,{'Idle': 14.462962962962964}
UartTxTask,166931,166933,5955740.736111111,5955772.768518519,32.032407407407405,{'TelemetryTask': 32.032407407407405}
UartTxTask,166937,166938,5956491.777777778,5956506.814814814,15.037037037037036,{'Idle': 15.037037037037036}
TelemetryTask,166942,166943,5965587.875,5965601.74537037,13.87037037037037,{'Idle': 13.87037037037037}
UartTxTask,166945,166947,5965739.523148148,5965771.106481481,31.583333333333332,{'TelemetryTask': 31.583333333333332}
UartTxTask,166951,166952,5966489.87037037,5966504.805555556,14.935185185185185,{'Idle': 14.935185185185185}
TelemetryTask,166956,166957,5975587.722222222,5975602.148148148,14.425925925925926,{'Idle': 14.425925925925926}
UartTxTask,166959,166961,5975739.472222222,5975771.847222222,32.375,{'TelemetryTask': 32.375}
UartTxTask,166965,166966,5976490.986111111,5976505.907407408,14.921296296296296,{'Idle': 14.921296296296296}
TelemetryTask,166970,166971,5985587.611111111,5985601.592592592,13.981481481481481,{'Idle': 13.981481481481481}
UartTxTask,166973,166975,5985739.398148148,5985771.009259259,31.61111111111111,{'TelemetryTask': 31.611111111111114}
UartTxTask,166979,166980,5986489.726851852,5986504.412037037,14.685185185185185,{'Idle': 14.685185185185185}
TelemetryTask,166984,166985,5995587.578703703,5995601.541666667,13.962962962962964,{'Idle': 13.962962962962964}
UartTxTask,166987,166989,5995738.527777778,5995770.347222222,31.819444444444443,{'TelemetryTask': 31.819444444444443}
UartTxTask,166993,166994,5996489.333333333,5996503.884259259,14.550925925925926,{'Idle': 14.550925925925926}
TelemetryTask,166998,166999,6005587.643518519,6005601.611111111,13.967592592592593,{'Idle': 13.967592592592593}
UartTxTask,167001,167003,6005739.37037037,6005770.773148148,31.40277777777778,{'TelemetryTask': 31.40277777777778}
UartTxTask,167007,167008,6006489.912037037,6006504.837962963,14.925925925925926,{'Idle': 14.925925925925926}
TelemetryTask,167012,167013,6015587.662037037,6015602.00462963,14.342592592592593,{'Idle': 14.342592592592593}
UartTxTask,167015,167017,6015739.314814814,6015770.976851852,31.662037037037038,{'TelemetryTask': 31.662037037037038}
UartTxTask,167021,167022,6016489.837962963,6016504.518518519,14.680555555555555,{'Idle': 14.680555555555555}
TelemetryTask,167026,167027,6025587.796296297,6025602.263888889,14.467592592592593,{'Idle': 14.467592592592593}
UartTxTask,167029,167031,6025739.601851852,6025771.208333333,31.60648148148148,{'TelemetryTask': 31.60648148148148}
UartTxTask,167035,167036,6026489.958333333,6026504.814814814,14.856481481481481,{'Idle': 14.856481481481481}
TelemetryTask,167040,167041,6035587.587962963,6035601.643518519,14.055555555555555,{'Idle': 14.055555555555555}
UartTxTask,167043,167045,6035738.828703703,6035770.435185186,31.60648148148148,{'TelemetryTask': 31.60648148148148}
UartTxTask,167049,167050,6036489.402777778,6036504.240740741,14.837962962962964,{'Idle': 14.837962962962964}
TelemetryTask,167054,167055,6045587.773148148,6045602.12962963,14.356481481481481,{'Idle': 14.356481481481481}
UartTxTask,167057,167059,6045739.467592592,6045770.546296297,31.078703703703702,{'TelemetryTask': 31.078703703703702}
UartTxTask,167063,167064,6046489.398148148,6046504.476851852,15.078703703703704,{'Idle': 15.078703703703704}
TelemetryTask,167068,167069,6055587.611111111,6055601.944444444,14.333333333333334,{'Idle': 14.333333333333334}
UartTxTask,167071,167073,6055739.439814814,6055770.351851852,30.912037037037038,{'TelemetryTask': 30.912037037037038}
UartTxTask,167077,167078,6056488.731481481,6056503.134259259,14.402777777777779,{'Idle': 14.402777777777779}
TelemetryTask,167082,167083,6065587.592592592,6065601.652777778,14.060185185185185,{'Idle': 14.060185185185185}
UartTxTask,167085,167087,6065738.564814814,6065769.884259259,31.319444444444443,{'TelemetryTask': 31.319444444444443}
UartTxTask,167091,167092,6066489.273148148,6066504.023148148,14.75,{'Idle': 14.75}
TelemetryTask,167096,167097,6075587.819444444,6075601.763888889,13.944444444444445,{'Idle': 13.944444444444445}
UartTxTask,167099,167101,6075739.722222222,6075771.009259259,31.287037037037038,{'TelemetryTask': 31.287037037037038}
UartTxTask,167105,167106,6076489.981481481,6076505.037037037,15.055555555555555,{'Idle': 15.055555555555555}
TelemetryTask,167110,167111,6085587.675925926,6085601.736111111,14.060185185185185,{'Idle': 14.060185185185185}
UartTxTask,167113,167115,6085739.467592592,6085770.638888889,31.171296296296298,{'TelemetryTask': 31.171296296296298}
UartTxTask,167119,167120,6086489.458333333,6086504.199074074,14.74074074074074,{'Idle': 14.74074074074074}
TelemetryTask,167124,167125,6095587.703703703,6095601.476851852,13.773148148148149,{'Idle': 13.773148148148149}
UartTxTask,167127,167129,6095738.787037037,6095769.791666667,31.00462962962963,{'TelemetryTask': 31.00462962962963}
UartTxTask,167133,167134,6096488.532407408,6096503.208333333,14.675925925925926,{'Idle': 14.675925925925926}
TelemetryTask,167138,167139,6105587.476851852,6105601.601851852,14.125,{'Idle': 14.125}
UartTxTask,167141,167143,6105737.699074074,6105769.203703703,31.50462962962963,{'TelemetryTask': 31.50462962962963}
UartTxTask,167147,167148,6106488.865740741,6106503.847222222,14.981481481481481,{'Idle': 14.981481481481481}
TelemetryTask,167152,167153,6115587.587962963,6115601.518518519,13.930555555555555,{'Idle': 13.930555555555555}
UartTxTask,167155,167157,6115739.018518519,6115770.259259259,31.24074074074074,{'TelemetryTask': 31.24074074074074}
UartTxTask,167161,167162,6116488.99537037,6116503.50462963,14.50925925925926,{'Idle': 14.50925925925926}
TelemetryTask,167166,167167,6125587.657407408,6125601.902777778,14.24537037037037,{'Idle': 14.24537037037037}
UartTxTask,167169,167171,6125739.268518519,6125770.722222222,31.453703703703702,{'TelemetryTask': 31.453703703703702}
UartTxTask,167175,167176,6126489.888888889,6126504.763888889,14.875,{'Idle': 14.875}
TelemetryTask,167180,167181,6135587.712962963,6135601.837962963,14.125,{'Idle': 14.125}
UartTxTask,167183,167185,6135738.856481481,6135770.402777778,31.546296296296298,{'TelemetryTask': 31.546296296296298}
UartTxTask,167189,167190,6136489.337962963,6136504.236111111,14.898148148148149,{'Idle': 14.898148148148149}
TelemetryTask,167194,167195,6145587.703703703,6145601.856481481,14.152777777777779,{'Idle': 14.152777777777779}
UartTxTask,167197,167199,6145739.101851852,6145770.263888889,31.162037037037038,{'TelemetryTask': 31.162037037037038}
UartTxTask,167203,167204,6146488.777777778,6146503.574074074,14.796296296296296,{'Idle': 14.796296296296296}
TelemetryTask,167208,167209,6155587.546296297,6155601.777777778,14.231481481481481,{'Idle': 14.231481481481481}
UartTxTask,167211,167213,6155738.921296297,6155770.532407408,31.61111111111111,{'TelemetryTask': 31.61111111111111}
UartTxTask,167217,167218,6156488.930555556,6156503.648148148,14.717592592592593,{'Idle': 14.717592592592593}
TelemetryTask,167222,167223,6165587.611111111,6165601.467592592,13.856481481481481,{'Idle': 13.856481481481481}
UartTxTask,167225,167227,6165739.388888889,6165770.856481481,31.46759259259259,{'TelemetryTask': 31.467592592592595}
UartTxTask,167231,167232,6166489.824074074,6166504.259259259,14.435185185185185,{'Idle': 14.435185185185185}
TelemetryTask,167236,167237,6175587.625,6175601.842592592,14.217592592592593,{'Idle': 14.217592592592593}
UartTxTask,167239,167241,6175739.773148148,6175771.291666667,31.51851851851852,{'TelemetryTask': 31.51851851851852}
UartTxTask,167245,167246,6176490.37037037,6176505.476851852,15.106481481481481,{'Idle': 15.106481481481481}
TelemetryTask,167250,167251,6185587.717592592,6185601.736111111,14.018518518518519,{'Idle': 14.018518518518519}
UartTxTask,167253,167255,6185739.736111111,6185771.217592592,31.48148148148148,{'TelemetryTask': 31.48148148148148}
UartTxTask,167259,167260,6186490.194444444,6186505.300925926,15.106481481481481,{'Idle': 15.106481481481481}
TelemetryTask,167264,167265,6195587.689814814,6195601.574074074,13.88425925925926,{'Idle': 13.88425925925926}
UartTxTask,167267,167269,6195740.226851852,6195771.902777778,31.675925925925927,{'TelemetryTask': 31.675925925925927}
UartTxTask,167273,167274,6196490.74537037,6196505.611111111,14.86574074074074,{'Idle': 14.86574074074074}
TelemetryTask,167278,167279,6205587.666666667,6205601.555555556,13.88888888888889,{'Idle': 13.88888888888889}
UartTxTask,167281,167283,6205739.486111111,6205770.773148148,31.287037037037038,{'TelemetryTask': 31.287037037037038}
UartTxTask,167287,167288,6206489.407407408,6206504.180555556,14.773148148148149,{'Idle': 14.773148148148149}
TelemetryTask,167292,167293,6215587.625,6215601.643518519,14.018518518518519,{'Idle': 14.018518518518519}
UartTxTask,167295,167297,6215739.148148148,6215770.847222222,31.699074074074073,{'TelemetryTask': 31.699074074074073}
UartTxTask,167301,167302,6216489.708333333,6216504.62962963,14.921296296296296,{'Idle': 14.921296296296296}
TelemetryTask,167306,167307,6225587.689814814,6225601.763888889,14.074074074074074,{'Idle': 14.074074074074074}
UartTxTask,167309,167311,6225738.967592592,6225770.12037037,31.15277777777778,{'TelemetryTask': 31.15277777777778}
UartTxTask,167315,167316,6226489.259259259,6226503.87037037,14.61111111111111,{'Idle': 14.61111111111111}
TelemetryTask,167320,167321,6235587.814814814,6235601.768518519,13.953703703703704,{'Idle': 13.953703703703704}
UartTxTask,167323,167325,6235739.337962963,6235770.523148148,31.185185185185187,{'TelemetryTask': 31.185185185185183}
UartTxTask,167329,167330,6236489.523148148,6236504.282407408,14.75925925925926,{'Idle': 14.75925925925926}
TelemetryTask,167334,167335,6245587.671296297,6245601.560185186,13.88888888888889,{'Idle': 13.88888888888889}
UartTxTask,167337,167339,6245739.310185186,6245770.861111111,31.550925925925927,{'TelemetryTask': 31.550925925925924}
UartTxTask,167343,167344,6246489.75,6246504.444444444,14.694444444444445,{'Idle': 14.694444444444445}
TelemetryTask,167348,167349,6255587.546296297,6255601.481481481,13.935185185185185,{'Idle': 13.935185185185185}
UartTxTask,167351,167353,6255738.49537037,6255769.708333333,31.212962962962962,{'TelemetryTask': 31.212962962962962}
UartTxTask,167357,167358,6256488.527777778,6256503.393518519,14.86574074074074,{'Idle': 14.86574074074074}
TelemetryTask,167362,167363,6265587.680555556,6265601.819444444,14.13888888888889,{'Idle': 14.13888888888889}
UartTxTask,167365,167367,6265738.416666667,6265769.509259259,31.09259259259259,{'TelemetryTask': 31.092592592592595}
UartTxTask,167371,167372,6266488.180555556,6266503.231481481,15.050925925925926,{'Idle': 15.050925925925926}
TelemetryTask,167376,167377,6275587.74537037,6275601.759259259,14.01388888888889,{'Idle': 14.01388888888889}
UartTxTask,167379,167381,6275739.277777778,6275770.305555556,31.02777777777778,{'TelemetryTask': 31.02777777777778}
UartTxTask,167385,167386,6276489.787037037,6276505.064814814,15.277777777777779,{'Idle': 15.277777777777779}
TelemetryTask,167390,167391,6285587.731481481,6285601.597222222,13.86574074074074,{'Idle': 13.86574074074074}
UartTxTask,167393,167395,6285739.351851852,6285771.217592592,31.86574074074074,{'TelemetryTask': 31.86574074074074}
UartTxTask,167399,167400,6286490.328703703,6286505.282407408,14.953703703703704,{'Idle': 14.953703703703704}
TelemetryTask,167404,167405,6295587.666666667,6295601.564814814,13.898148148148149,{'Idle': 13.898148148148149}
UartTxTask,167407,167409,6295739.791666667,6295771.032407408,31.24074074074074,{'TelemetryTask': 31.24074074074074}
UartTxTask,167413,167414,6296489.666666667,6296504.546296297,14.87962962962963,{'Idle': 14.87962962962963}
TelemetryTask,167418,167419,6305587.685185186,6305601.782407408,14.097222222222221,{'Idle': 14.097222222222221}
UartTxTask,167421,167423,6305739.041666667,6305770.666666667,31.625,{'TelemetryTask': 31.625}
UartTxTask,167427,167428,6306489.310185186,6306504.12962963,14.819444444444445,{'Idle': 14.819444444444445}
TelemetryTask,167432,167433,6315587.592592592,6315601.694444444,14.101851851851851,{'Idle': 14.101851851851851}
UartTxTask,167435,167437,6315738.731481481,6315770.324074074,31.59259259259259,{'TelemetryTask': 31.592592592592595}
UartTxTask,167441,167442,6316488.949074074,6316503.583333333,14.63425925925926,{'Idle': 14.63425925925926}
TelemetryTask,167446,167447,6325587.694444444,6325601.685185186,13.99074074074074,{'Idle': 13.99074074074074}
UartTxTask,167449,167451,6325739.240740741,6325770.916666667,31.675925925925927,{'TelemetryTask': 31.675925925925927}
UartTxTask,167455,167456,6326489.921296297,6326504.851851852,14.930555555555555,{'Idle': 14.930555555555555}
TelemetryTask,167460,167461,6335587.787037037,6335601.828703703,14.041666666666666,{'Idle': 14.041666666666666}
UartTxTask,167463,167465,6335738.842592592,6335770.375,31.53240740740741,{'TelemetryTask': 31.532407407407405}
UartTxTask,167469,167470,6336489.467592592,6336504.268518519,14.800925925925926,{'Idle': 14.800925925925926}
TelemetryTask,167474,167475,6345587.634259259,6345601.671296297,14.037037037037036,{'Idle': 14.037037037037036}
UartTxTask,167477,167479,6345739.037037037,6345770.185185186,31.14814814814815,{'TelemetryTask': 31.148148148148145}
UartTxTask,167483,167484,6346488.939814814,6346504.046296297,15.106481481481481,{'Idle': 15.106481481481481}
TelemetryTask,167488,167489,6355587.782407408,6355601.847222222,14.064814814814815,{'Idle': 14.064814814814815}
UartTxTask,167491,167493,6355739.481481481,6355771.351851852,31.87037037037037,{'TelemetryTask': 31.870370370370367}
UartTxTask,167497,167498,6356490.796296297,6356505.5,14.703703703703704,{'Idle': 14.703703703703704}
TelemetryTask,167502,167503,6365587.638888889,6365601.606481481,13.967592592592593,{'Idle': 13.967592592592593}
UartTxTask,167505,167507,6365738.615740741,6365770.314814814,31.699074074074073,{'TelemetryTask': 31.699074074074076}
UartTxTask,167511,167512,6366489.037037037,6366504.203703703,15.166666666666666,{'Idle': 15.166666666666666}
TelemetryTask,167516,167517,6375587.731481481,6375601.592592592,13.86111111111111,{'Idle': 13.86111111111111}
UartTxTask,167519,167521,6375738.425925926,6375769.625,31.199074074074073,{'TelemetryTask': 31.199074074074076}
UartTxTask,167525,167526,6376488.944444444,6376503.810185186,14.86574074074074,{'Idle': 14.86574074074074}
TelemetryTask,167530,167531,6385587.856481481,6385601.671296297,13.814814814814815,{'Idle': 13.814814814814815}
UartTxTask,167533,167535,6385738.916666667,6385770.458333333,31.541666666666668,{'TelemetryTask': 31.541666666666668}
UartTxTask,167539,167540,6386489.25462963,6386504.347222222,15.092592592592593,{'Idle': 15.092592592592593}
TelemetryTask,167544,167545,6395587.643518519,6395601.337962963,13.694444444444445,{'Idle': 13.694444444444445}
UartTxTask,167547,167549,6395739.023148148,6395770.685185186,31.662037037037038,{'TelemetryTask': 31.662037037037038}
UartTxTask,167553,167554,6396488.944444444,6396503.592592592,14.648148148148149,{'Idle': 14.648148148148149}
TelemetryTask,167558,167559,6405587.777777778,6405601.518518519,13.74074074074074,{'Idle': 13.74074074074074}
UartTxTask,167561,167563,6405738.527777778,6405770.439814814,31.912037037037038,{'TelemetryTask': 31.912037037037038}
UartTxTask,167567,167568,6406489.319444444,6406504.273148148,14.953703703703704,{'Idle': 14.953703703703704}
TelemetryTask,167572,167573,6415587.712962963,6415601.412037037,13.699074074074074,{'Idle': 13.699074074074074}
UartTxTask,167575,167577,6415739.212962963,6415770.222222222,31.00925925925926,{'TelemetryTask': 31.00925925925926}
UartTxTask,167581,167582,6416488.930555556,6416503.861111111,14.930555555555555,{'Idle': 14.930555555555555}
TelemetryTask,167586,167587,6425587.606481481,6425601.550925926,13.944444444444445,{'Idle': 13.944444444444445}
UartTxTask,167589,167591,6425739.0,6425770.458333333,31.458333333333332,{'TelemetryTask': 31.458333333333336}
UartTxTask,167595,167596,6426489.486111111,6426504.296296297,14.810185185185185,{'Idle': 14.810185185185185}
TelemetryTask,167600,167601,6435587.731481481,6435601.671296297,13.939814814814815,{'Idle': 13.939814814814815}
UartTxTask,167603,167605,6435739.240740741,6435770.587962963,31.34722222222222,{'TelemetryTask': 31.34722222222222}
UartTxTask,167609,167610,6436489.314814814,6436503.939814814,14.625,{'Idle': 14.625}
TelemetryTask,167614,167615,6445587.75462963,6445602.041666667,14.287037037037036,{'Idle': 14.287037037037036}
UartTxTask,167617,167619,6445739.87037037,6445771.587962963,31.71759259259259,{'TelemetryTask': 31.717592592592595}
UartTxTask,167623,167624,6446490.296296297,6446505.078703703,14.782407407407407,{'Idle': 14.782407407407407}
TelemetryTask,167628,167629,6455587.847222222,6455602.305555556,14.458333333333334,{'Idle': 14.458333333333334}
UartTxTask,167631,167633,6455740.078703703,6455771.703703703,31.625,{'TelemetryTask': 31.625}
UartTxTask,167637,167638,6456490.356481481,6456505.291666667,14.935185185185185,{'Idle': 14.935185185185185}
TelemetryTask,167642,167643,6465587.773148148,6465601.703703703,13.930555555555555,{'Idle': 13.930555555555555}
UartTxTask,167645,167647,6465739.337962963,6465771.425925926,32.08796296296296,{'TelemetryTask': 32.08796296296296}
UartTxTask,167651,167652,6466490.282407408,6466505.111111111,14.828703703703704,{'Idle': 14.828703703703704}
TelemetryTask,167656,167657,6475587.763888889,6475601.444444444,13.680555555555555,{'Idle': 13.680555555555555}
UartTxTask,167659,167661,6475738.407407408,6475770.518518519,32.111111111111114,{'TelemetryTask': 32.111111111111114}
UartTxTask,167665,167666,6476489.106481481,6476503.930555556,14.824074074074074,{'Idle': 14.824074074074074}
TelemetryTask,167670,167671,6485587.833333333,6485601.703703703,13.87037037037037,{'Idle': 13.87037037037037}
UartTxTask,167673,167675,6485739.240740741,6485770.75462963,31.51388888888889,{'TelemetryTask': 31.513888888888886}
UartTxTask,167679,167680,6486489.662037037,6486504.375,14.712962962962964,{'Idle': 14.712962962962964}
TelemetryTask,167684,167685,6495587.87037037,6495602.023148148,14.152777777777779,{'Idle': 14.152777777777779}
UartTxTask,167687,167689,6495739.578703703,6495770.875,31.296296296296298,{'TelemetryTask': 31.296296296296298}
UartTxTask,167693,167694,6496489.481481481,6496504.175925926,14.694444444444445,{'Idle': 14.694444444444445}
TelemetryTask,167698,167699,6505587.75462963,6505601.606481481,13.851851851851851,{'Idle': 13.851851851851851}
UartTxTask,167701,167703,6505738.791666667,6505770.083333333,31.291666666666668,{'TelemetryTask': 31.291666666666668}
UartTxTask,167707,167708,6506489.305555556,6506503.907407408,14.601851851851851,{'Idle': 14.601851851851851}
TelemetryTask,167712,167713,6515587.851851852,6515602.074074074,14.222222222222221,{'Idle': 14.222222222222221}
UartTxTask,167715,167717,6515739.462962963,6515771.486111111,32.023148148148145,{'TelemetryTask': 32.02314814814815}
UartTxTask,167721,167722,6516490.611111111,6516505.532407408,14.921296296296296,{'Idle': 14.921296296296296}
TelemetryTask,167726,167727,6525587.740740741,6525601.976851852,14.23611111111111,{'Idle': 14.23611111111111}
UartTxTask,167729,167731,6525738.662037037,6525770.532407408,31.87037037037037,{'TelemetryTask': 31.870370370370374}
UartTxTask,167735,167736,6526489.472222222,6526504.111111111,14.63888888888889,{'Idle': 14.63888888888889}
TelemetryTask,167740,167741,6535587.518518519,6535601.657407408,14.13888888888889,{'Idle': 14.13888888888889}
UartTxTask,167743,167745,6535739.388888889,6535770.847222222,31.458333333333332,{'TelemetryTask': 31.458333333333336}
UartTxTask,167749,167750,6536489.944444444,6536504.842592592,14.898148148148149,{'Idle': 14.898148148148149}
TelemetryTask,167754,167755,6545587.75462963,6545601.513888889,13.75925925925926,{'Idle': 13.75925925925926}
UartTxTask,167757,167759,6545739.439814814,6545771.097222222,31.65740740740741,{'TelemetryTask': 31.657407407407405}
UartTxTask,167763,167764,6546490.305555556,6546505.342592592,15.037037037037036,{'Idle': 15.037037037037036}
TelemetryTask,167768,167769,6555587.805555556,6555601.884259259,14.078703703703704,{'Idle': 14.078703703703704}
UartTxTask,167771,167773,6555738.87037037,6555770.12037037,31.25,{'TelemetryTask': 31.25}
UartTxTask,167777,167778,6556489.189814814,6556503.611111111,14.421296296296296,{'Idle': 14.421296296296296}
TelemetryTask,167782,167783,6565587.638888889,6565601.810185186,14.171296296296296,{'Idle': 14.171296296296296}
UartTxTask,167785,167787,6565739.263888889,6565770.537037037,31.27314814814815,{'TelemetryTask': 31.273148148148145}
UartTxTask,167791,167792,6566489.106481481,6566503.916666667,14.810185185185185,{'Idle': 14.810185185185185}
TelemetryTask,167796,167797,6575587.902777778,6575601.777777778,13.875,{'Idle': 13.875}
UartTxTask,167799,167801,6575739.097222222,6575770.587962963,31.49074074074074,{'TelemetryTask': 31.49074074074074}
UartTxTask,167805,167806,6576489.666666667,6576504.328703703,14.662037037037036,{'Idle': 14.662037037037036}
TelemetryTask,167810,167811,6585587.717592592,6585601.657407408,13.939814814814815,{'Idle': 13.939814814814815}
UartTxTask,167813,167815,6585739.458333333,6585771.115740741,31.65740740740741,{'TelemetryTask': 31.657407407407405}
UartTxTask,167819,167820,6586490.134259259,6586504.662037037,14.527777777777779,{'Idle': 14.527777777777779}
TelemetryTask,167824,167825,6595587.574074074,6595601.810185186,14.23611111111111,{'Idle': 14.23611111111111}
UartTxTask,167827,167829,6595739.731481481,6595771.074074074,31.34259259259259,{'TelemetryTask': 31.342592592592595}
UartTxTask,167833,167834,6596490.203703703,6596505.384259259,15.180555555555555,{'Idle': 15.180555555555555}
TelemetryTask,167838,167839,6605587.722222222,6605601.62962963,13.907407407407407,{'Idle': 13.907407407407407}
UartTxTask,167841,167843,6605739.393518519,6605770.717592592,31.324074074074073,{'TelemetryTask': 31.324074074074073}
UartTxTask,167847,167848,6606489.708333333,6606504.384259259,14.675925925925926,{'Idle': 14.675925925925926}
TelemetryTask,167852,167853,6615587.787037037,6615601.592592592,13.805555555555555,{'Idle': 13.805555555555555}
UartTxTask,167855,167857,6615739.037037037,6615770.319444444,31.28240740740741,{'TelemetryTask': 31.28240740740741}
ButtonTask,167863,167865,6616139.226851852,6616151.472222222,12.24537037037037,"{'ISR#56': 6.018518518518518, 'Scheduler': 6.226851851851852}"
UartTxTask,167870,167871,6616489.587962963,6616498.486111111,8.898148148148149,{'Idle': 8.898148148148149}
UartTxTask,167876,167877,6617229.277777778,6617238.458333333,9.180555555555555,{'Idle': 9.180555555555555}
TelemetryTask,167881,167882,6625587.759259259,6625601.75462963,13.99537037037037,{'Idle': 13.99537037037037}
UartTxTask,167884,167886,6625738.773148148,6625770.393518519,31.62037037037037,{'TelemetryTask': 31.62037037037037}
UartTxTask,167890,167891,6626489.180555556,6626504.236111111,15.055555555555555,{'Idle': 15.055555555555555}
TelemetryTask,167895,167896,6635587.648148148,6635601.837962963,14.189814814814815,{'Idle': 14.189814814814815}
UartTxTask,167898,167900,6635739.324074074,6635771.268518519,31.944444444444443,{'TelemetryTask': 31.944444444444443}
UartTxTask,167904,167905,6636490.25,6636505.259259259,15.00925925925926,{'Idle': 15.00925925925926}
TelemetryTask,167909,167910,6645587.523148148,6645601.50462963,13.981481481481481,{'Idle': 13.981481481481481}
UartTxTask,167912,167914,6645739.138888889,6645770.972222222,31.833333333333332,{'TelemetryTask': 31.833333333333332}
UartTxTask,167918,167919,6646489.847222222,6646504.666666667,14.819444444444445,{'Idle': 14.819444444444445}
TelemetryTask,167923,167924,6655587.837962963,6655601.680555556,13.842592592592593,{'Idle': 13.842592592592593}
UartTxTask,167926,167928,6655739.37037037,6655770.824074074,31.453703703703702,{'TelemetryTask': 31.453703703703702}
UartTxTask,167932,167933,6656489.958333333,6656504.763888889,14.805555555555555,{'Idle': 14.805555555555555}
TelemetryTask,167937,167938,6665587.791666667,6665602.050925926,14.25925925925926,{'Idle': 14.25925925925926}
UartTxTask,167940,167942,6665738.652777778,6665770.027777778,31.375,{'TelemetryTask': 31.375}
UartTxTask,167946,167947,6666489.101851852,6666504.050925926,14.949074074074074,{'Idle': 14.949074074074074}
TelemetryTask,167951,167952,6675587.62962963,6675601.685185186,14.055555555555555,{'Idle': 14.055555555555555}
UartTxTask,167954,167956,6675738.972222222,6675770.171296297,31.199074074074073,{'TelemetryTask': 31.199074074074073}
UartTxTask,167960,167961,6676489.208333333,6676504.268518519,15.060185185185185,{'Idle': 15.060185185185185}
TelemetryTask,167965,167966,6685587.625,6685601.384259259,13.75925925925926,{'Idle': 13.75925925925926}
UartTxTask,167968,167970,6685738.310185186,6685769.189814814,30.87962962962963,{'TelemetryTask': 30.87962962962963}
UartTxTask,167974,167975,6686487.773148148,6686502.625,14.851851851851851,{'Idle': 14.851851851851851}
TelemetryTask,167979,167980,6695587.550925926,6695601.523148148,13.972222222222221,{'Idle': 13.972222222222221}
UartTxTask,167982,167984,6695739.638888889,6695771.273148148,31.63425925925926,{'TelemetryTask': 31.63425925925926}
UartTxTask,167988,167989,6696490.162037037,6696504.944444444,14.782407407407407,{'Idle': 14.782407407407407}
TelemetryTask,167993,167994,6705587.726851852,6705601.777777778,14.050925925925926,{'Idle': 14.050925925925926}
UartTxTask,167996,167998,6705739.171296297,6705770.75462963,31.583333333333332,{'TelemetryTask': 31.583333333333336}
UartTxTask,168002,168003,6706490.069444444,6706504.694444444,14.625,{'Idle': 14.625}
TelemetryTask,168007,168008,6715587.75462963,6715601.763888889,14.00925925925926,{'Idle': 14.00925925925926}
UartTxTask,168010,168012,6715739.810185186,6715771.203703703,31.39351851851852,{'TelemetryTask': 31.39351851851852}
UartTxTask,168016,168017,6716490.208333333,6716504.907407408,14.699074074074074,{'Idle': 14.699074074074074}
TelemetryTask,168021,168022,6725587.759259259,6725601.685185186,13.925925925925926,{'Idle': 13.925925925925926}
UartTxTask,168024,168026,6725739.337962963,6725770.356481481,31.01851851851852,{'TelemetryTask': 31.01851851851852}
UartTxTask,168030,168031,6726489.171296297,6726504.810185186,15.63888888888889,{'Idle': 15.63888888888889}
TelemetryTask,168035,168036,6735587.648148148,6735601.162037037,13.51388888888889,{'Idle': 13.51388888888889}
UartTxTask,168038,168040,6735739.064814814,6735770.62037037,31.555555555555557,{'TelemetryTask': 31.555555555555557}
UartTxTask,168044,168045,6736489.347222222,6736504.180555556,14.833333333333334,{'Idle': 14.833333333333334}
TelemetryTask,168049,168050,6745587.791666667,6745601.925925926,14.13425925925926,{'Idle': 14.13425925925926}
UartTxTask,168052,168054,6745739.578703703,6745770.708333333,31.12962962962963,{'TelemetryTask': 31.129629629629633}
UartTxTask,168058,168059,6746489.449074074,6746504.49537037,15.046296296296296,{'Idle': 15.046296296296296}
TelemetryTask,168063,168064,6755587.768518519,6755601.907407408,14.13888888888889,{'Idle': 14.13888888888889}
UartTxTask,168066,168068,6755739.481481481,6755770.768518519,31.287037037037038,{'TelemetryTask': 31.287037037037038}
UartTxTask,168072,168073,6756489.291666667,6756504.287037037,14.99537037037037,{'Idle': 14.99537037037037}
TelemetryTask,168077,168078,6765587.657407408,6765601.796296297,14.13888888888889,{'Idle': 14.13888888888889}
UartTxTask,168080,168082,6765738.152777778,6765769.314814814,31.162037037037038,{'TelemetryTask': 31.162037037037035}
UartTxTask,168086,168087,6766487.662037037,6766502.425925926,14.76388888888889,{'Idle': 14.76388888888889}
TelemetryTask,168091,168092,6775587.675925926,6775601.930555556,14.25462962962963,{'Idle': 14.25462962962963}
UartTxTask,168094,168096,6775739.37037037,6775770.912037037,31.541666666666668,{'TelemetryTask': 31.541666666666668}
UartTxTask,168100,168101,6776489.819444444,6776504.634259259,14.814814814814815,{'Idle': 14.814814814814815}
TelemetryTask,168105,168106,6785587.722222222,6785601.662037037,13.939814814814815,{'Idle': 13.939814814814815}
UartTxTask,168108,168110,6785739.194444444,6785770.828703703,31.63425925925926,{'TelemetryTask': 31.63425925925926}
UartTxTask,168114,168115,6786489.467592592,6786504.393518519,14.925925925925926,{'Idle': 14.925925925925926}
TelemetryTask,168119,168120,6795587.675925926,6795601.24537037,13.569444444444445,{'Idle': 13.569444444444445}
UartTxTask,168122,168124,6795739.00462963,6795769.824074074,30.819444444444443,{'TelemetryTask': 30.819444444444446}
UartTxTask,168128,168129,6796488.592592592,6796503.263888889,14.671296296296296,{'Idle': 14.671296296296296}
TelemetryTask,168133,168134,6805587.62962963,6805601.837962963,14.208333333333334,{'Idle': 14.208333333333334}
UartTxTask,168136,168138,6805738.962962963,6805770.166666667,31.203703703703702,{'TelemetryTask': 31.203703703703702}
UartTxTask,168142,168143,6806489.115740741,6806503.99537037,14.87962962962963,{'Idle': 14.87962962962963}
ButtonTask,168149,168151,6806937.712962963,6806952.759259259,15.046296296296296,"{'ISR#56': 5.902777777777778, 'Scheduler': 9.143518518518519}"
UartTxTask,168154,168156,6807076.777777778,6807106.143518519,29.36574074074074,{'ButtonTask': 29.36574074074074}
UartTxTask,168160,168161,6807825.263888889,6807834.060185186,8.796296296296296,{'Idle': 8.796296296296296}
TelemetryTask,168165,168166,6815587.810185186,6815601.87962963,14.069444444444445,{'Idle': 14.069444444444445}
UartTxTask,168168,168170,6815739.157407408,6815771.24537037,32.08796296296296,{'TelemetryTask': 32.08796296296296}
UartTxTask,168174,168175,6816490.402777778,6816505.217592592,14.814814814814815,{'Idle': 14.814814814814815}
TelemetryTask,168179,168180,6825587.787037037,6825601.796296297,14.00925925925926,{'Idle': 14.00925925925926}
UartTxTask,168182,168184,6825739.546296297,6825770.87037037,31.324074074074073,{'TelemetryTask': 31.324074074074076}
UartTxTask,168188,168189,6826489.509259259,6826504.277777778,14.768518518518519,{'Idle': 14.768518518518519}
TelemetryTask,168193,168194,6835587.726851852,6835601.824074074,14.097222222222221,{'Idle': 14.097222222222221}
UartTxTask,168196,168198,6835738.625,6835769.958333333,31.333333333333332,{'TelemetryTask': 31.333333333333332}
UartTxTask,168202,168203,6836489.138888889,6836504.055555556,14.916666666666666,{'Idle': 14.916666666666666}
TelemetryTask,168207,168208,6845587.703703703,6845601.787037037,14.083333333333334,{'Idle': 14.083333333333334}
UartTxTask,168210,168212,6845739.805555556,6845770.893518519,31.087962962962962,{'TelemetryTask': 31.087962962962962}
UartTxTask,168216,168217,6846489.550925926,6846504.555555556,15.00462962962963,{'Idle': 15.00462962962963}
TelemetryTask,168221,168222,6855587.708333333,6855601.240740741,13.532407407407407,{'Idle': 13.532407407407407}
UartTxTask,168224,168226,6855738.560185186,6855770.351851852,31.791666666666668,{'TelemetryTask': 31.791666666666664}
UartTxTask,168230,168231,6856488.791666667,6856503.564814814,14.773148148148149,{'Idle': 14.773148148148149}
TelemetryTask,168235,168236,6865587.814814814,6865602.097222222,14.282407407407407,{'Idle': 14.282407407407407}
UartTxTask,168238,168240,6865739.958333333,6865771.722222222,31.76388888888889,{'TelemetryTask': 31.76388888888889}
UartTxTask,168244,168245,6866490.875,6866505.791666667,14.916666666666666,{'Idle': 14.916666666666666}
TelemetryTask,168249,168250,6875587.805555556,6875601.62037037,13.814814814814815,{'Idle': 13.814814814814815}
UartTxTask,168252,168254,6875739.101851852,6875770.189814814,31.087962962962962,{'TelemetryTask': 31.087962962962962}
UartTxTask,168258,168259,6876489.162037037,6876504.009259259,14.847222222222221,{'Idle': 14.847222222222221}
TelemetryTask,168263,168264,6885587.814814814,6885602.148148148,14.333333333333334,{'Idle': 14.333333333333334}
UartTxTask,168266,168268,6885739.601851852,6885771.199074074,31.59722222222222,{'TelemetryTask': 31.59722222222222}
UartTxTask,168272,168273,6886489.953703703,6886504.740740741,14.787037037037036,{'Idle': 14.787037037037036}
TelemetryTask,168277,168278,6895587.833333333,6895602.115740741,14.282407407407407,{'Idle': 14.282407407407407}
UartTxTask,168280,168282,6895740.546296297,6895771.888888889,31.34259259259259,{'TelemetryTask': 31.342592592592595}
UartTxTask,168286,168287,6896490.981481481,6896505.986111111,15.00462962962963,{'Idle': 15.00462962962963}
TelemetryTask,168291,168292,6905587.74537037,6905601.425925926,13.680555555555555,{'Idle': 13.680555555555555}
UartTxTask,168294,168296,6905738.430555556,6905769.99537037,31.564814814814813,{'TelemetryTask': 31.564814814814817}
UartTxTask,168300,168301,6906489.453703703,6906504.532407408,15.078703703703704,{'Idle': 15.078703703703704}
TelemetryTask,168305,168306,6915587.694444444,6915602.060185186,14.36574074074074,{'Idle': 14.36574074074074}
UartTxTask,168308,168310,6915739.824074074,6915771.180555556,31.35648148148148,{'TelemetryTask': 31.35648148148148}
UartTxTask,168314,168315,6916490.240740741,6916505.203703703,14.962962962962964,{'Idle': 14.962962962962964}
TelemetryTask,168319,168320,6925587.865740741,6925602.268518519,14.402777777777779,{'Idle': 14.402777777777779}
UartTxTask,168322,168324,6925739.37962963,6925770.564814814,31.185185185185187,{'TelemetryTask': 31.185185185185183}
UartTxTask,168328,168329,6926489.773148148,6926504.550925926,14.777777777777779,{'Idle': 14.777777777777779}
TelemetryTask,168333,168334,6935587.712962963,6935601.800925926,14.087962962962964,{'Idle': 14.087962962962964}
UartTxTask,168336,168338,6935739.398148148,6935770.606481481,31.208333333333332,{'TelemetryTask': 31.208333333333332}
UartTxTask,168342,168343,6936489.490740741,6936504.111111111,14.62037037037037,{'Idle': 14.62037037037037}
TelemetryTask,168347,168348,6945587.768518519,6945601.935185186,14.166666666666666,{'Idle': 14.166666666666666}
UartTxTask,168350,168352,6945739.819444444,6945771.717592592,31.89814814814815,{'TelemetryTask': 31.89814814814815}
UartTxTask,168356,168357,6946490.805555556,6946505.643518519,14.837962962962964,{'Idle': 14.837962962962964}
TelemetryTask,168361,168362,6955587.847222222,6955601.800925926,13.953703703703704,{'Idle': 13.953703703703704}
UartTxTask,168364,168366,6955739.685185186,6955770.555555556,30.87037037037037,{'TelemetryTask': 30.870370370370367}
UartTxTask,168370,168371,6956489.666666667,6956504.24537037,14.578703703703704,{'Idle': 14.578703703703704}
TelemetryTask,168375,168376,6965587.532407408,6965601.444444444,13.912037037037036,{'Idle': 13.912037037037036}
UartTxTask,168378,168380,6965738.078703703,6965769.476851852,31.39814814814815,{'TelemetryTask': 31.398148148148145}
UartTxTask,168384,168385,6966488.884259259,6966503.796296297,14.912037037037036,{'Idle': 14.912037037037036}
TelemetryTask,168389,168390,6975587.828703703,6975602.240740741,14.412037037037036,{'Idle': 14.412037037037036}
UartTxTask,168392,168394,6975740.032407408,6975771.597222222,31.564814814814813,{'TelemetryTask': 31.564814814814817}
UartTxTask,168398,168399,6976490.49537037,6976505.421296297,14.925925925925926,{'Idle': 14.925925925925926}
TelemetryTask,168403,168404,6985587.782407408,6985601.861111111,14.078703703703704,{'Idle': 14.078703703703704}
UartTxTask,168406,168408,6985739.662037037,6985771.569444444,31.90740740740741,{'TelemetryTask': 31.90740740740741}
UartTxTask,168412,168413,6986490.888888889,6986505.398148148,14.50925925925926,{'Idle': 14.50925925925926}
TelemetryTask,168417,168418,6995587.537037037,6995601.634259259,14.097222222222221,{'Idle': 14.097222222222221}
UartTxTask,168420,168422,6995739.125,6995770.731481481,31.60648148148148,{'TelemetryTask': 31.60648148148148}
UartTxTask,168426,168427,6996489.851851852,6996504.388888889,14.537037037037036,{'Idle': 14.537037037037036}
TelemetryTask,168431,168432,7005587.699074074,7005601.606481481,13.907407407407407,{'Idle': 13.907407407407407}
UartTxTask,168434,168436,7005738.546296297,7005770.606481481,32.06018518518518,{'TelemetryTask': 32.06018518518518}
UartTxTask,168440,168441,7006488.981481481,7006503.810185186,14.828703703703704,{'Idle': 14.828703703703704}
TelemetryTask,168445,168446,7015587.726851852,7015601.560185186,13.833333333333334,{'Idle': 13.833333333333334}
UartTxTask,168448,168450,7015738.958333333,7015770.689814814,31.73148148148148,{'TelemetryTask': 31.73148148148148}
UartTxTask,168454,168455,7016489.37962963,7016504.115740741,14.73611111111111,{'Idle': 14.73611111111111}
TelemetryTask,168459,168460,7025587.736111111,7025601.328703703,13.592592592592593,{'Idle': 13.592592592592593}
UartTxTask,168462,168464,7025739.023148148,7025770.726851852,31.703703703703702,{'TelemetryTask': 31.703703703703702}
UartTxTask,168468,168469,7026489.384259259,7026504.041666667,14.657407407407407,{'Idle': 14.657407407407407}
TelemetryTask,168473,168474,7035587.740740741,7035601.740740741,14.0,{'Idle': 14.0}
UartTxTask,168476,168478,7035739.62037037,7035770.759259259,31.13888888888889,{'TelemetryTask': 31.13888888888889}
UartTxTask,168482,168483,7036490.185185186,7036504.861111111,14.675925925925926,{'Idle': 14.675925925925926}
TelemetryTask,168487,168488,7045587.597222222,7045601.467592592,13.87037037037037,{'Idle': 13.87037037037037}
UartTxTask,168490,168492,7045739.046296297,7045770.453703703,31.40740740740741,{'TelemetryTask': 31.40740740740741}
UartTxTask,168496,168497,7046489.157407408,7046504.212962963,15.055555555555555,{'Idle': 15.055555555555555}
TelemetryTask,168501,168502,7055587.662037037,7055601.824074074,14.162037037037036,{'Idle': 14.162037037037036}
UartTxTask,168504,168506,7055740.050925926,7055771.398148148,31.34722222222222,{'TelemetryTask': 31.34722222222222}
UartTxTask,168510,168511,7056490.287037037,7056504.912037037,14.625,{'Idle': 14.625}
TelemetryTask,168515,168516,7065587.824074074,7065602.027777778,14.203703703703704,{'Idle': 14.203703703703704}
UartTxTask,168518,168520,7065739.851851852,7065771.574074074,31.72222222222222,{'TelemetryTask': 31.72222222222222}
UartTxTask,168524,168525,7066490.398148148,7066504.930555556,14.532407407407407,{'Idle': 14.532407407407407}
TelemetryTask,168529,168530,7075587.87962963,7075602.365740741,14.48611111111111,{'Idle': 14.48611111111111}
UartTxTask,168532,168534,7075739.62037037,7075771.361111111,31.74074074074074,{'TelemetryTask': 31.74074074074074}
UartTxTask,168538,168539,7076490.101851852,7076504.685185186,14.583333333333334,{'Idle': 14.583333333333334}
TelemetryTask,168543,168544,7085587.777777778,7085602.009259259,14.231481481481481,{'Idle': 14.231481481481481}
UartTxTask,168546,168548,7085740.268518519,7085772.00462963,31.73611111111111,{'TelemetryTask': 31.73611111111111}
UartTxTask,168552,168553,7086491.189814814,7086505.708333333,14.518518518518519,{'Idle': 14.518518518518519}
TelemetryTask,168557,168558,7095587.597222222,7095601.532407408,13.935185185185185,{'Idle': 13.935185185185185}
UartTxTask,168560,168562,7095738.601851852,7095769.99537037,31.39351851851852,{'TelemetryTask': 31.39351851851852}
UartTxTask,168566,168567,7096489.439814814,7096504.115740741,14.675925925925926,{'Idle': 14.675925925925926}
TelemetryTask,168571,168572,7105587.662037037,7105601.699074074,14.037037037037036,{'Idle': 14.037037037037036}
UartTxTask,168574,168576,7105739.662037037,7105770.837962963,31.175925925925927,{'TelemetryTask': 31.175925925925924}
UartTxTask,168580,168581,7106490.259259259,7106504.851851852,14.592592592592593,{'Idle': 14.592592592592593}
TelemetryTask,168585,168586,7115587.810185186,7115601.601851852,13.791666666666666,{'Idle': 13.791666666666666}
UartTxTask,168588,168590,7115739.199074074,7115770.12962963,30.930555555555557,{'TelemetryTask': 30.930555555555557}
UartTxTask,168594,168595,7116488.810185186,7116503.462962963,14.652777777777779,{'Idle': 14.652777777777779}
TelemetryTask,168599,168600,7125587.726851852,7125601.916666667,14.189814814814815,{'Idle': 14.189814814814815}
UartTxTask,168602,168604,7125739.171296297,7125770.185185186,31.01388888888889,{'TelemetryTask': 31.01388888888889}
UartTxTask,168608,168609,7126489.222222222,7126503.888888889,14.666666666666666,{'Idle': 14.666666666666666}
TelemetryTask,168613,168614,7135587.652777778,7135601.578703703,13.925925925925926,{'Idle': 13.925925925925926}
UartTxTask,168616,168618,7135739.055555556,7135770.787037037,31.73148148148148,{'TelemetryTask': 31.73148148148148}
UartTxTask,168622,168623,7136489.865740741,7136504.708333333,14.842592592592593,{'Idle': 14.842592592592593}
TelemetryTask,168627,168628,7145587.787037037,7145601.805555556,14.018518518518519,{'Idle': 14.018518518518519}
UartTxTask,168630,168632,7145738.930555556,7145770.675925926,31.74537037037037,{'TelemetryTask': 31.74537037037037}
UartTxTask,168636,168637,7146489.134259259,7146504.050925926,14.916666666666666,{'Idle': 14.916666666666666}
TelemetryTask,168641,168642,7155587.768518519,7155602.046296297,14.277777777777779,{'Idle': 14.277777777777779}
UartTxTask,168644,168646,7155739.875,7155771.069444444,31.194444444444443,{'TelemetryTask': 31.194444444444443}
UartTxTask,168650,168651,7156489.990740741,7156504.777777778,14.787037037037036,{'Idle': 14.787037037037036}
TelemetryTask,168655,168656,7165587.763888889,7165601.689814814,13.925925925925926,{'Idle': 13.925925925925926}
UartTxTask,168658,168660,7165738.722222222,7165770.152777778,31.430555555555557,{'TelemetryTask': 31.430555555555557}
UartTxTask,168664,168665,7166489.671296297,7166504.625,14.953703703703704,{'Idle': 14.953703703703704}
TelemetryTask,168669,168670,7175587.810185186,7175601.680555556,13.87037037037037,{'Idle': 13.87037037037037}
UartTxTask,168672,168674,7175739.578703703,7175771.490740741,31.912037037037038,{'TelemetryTask': 31.912037037037038}
UartTxTask,168678,168679,7176490.319444444,7176504.662037037,14.342592592592593,{'Idle': 14.342592592592593}
TelemetryTask,168683,168684,7185587.75,7185601.925925926,14.175925925925926,{'Idle': 14.175925925925926}
UartTxTask,168686,168688,7185739.884259259,7185771.162037037,31.27777777777778,{'TelemetryTask': 31.27777777777778}
UartTxTask,168692,168693,7186490.180555556,7186505.078703703,14.898148148148149,{'Idle': 14.898148148148149}
TelemetryTask,168697,168698,7195587.777777778,7195601.763888889,13.98611111111111,{'Idle': 13.98611111111111}
UartTxTask,168700,168702,7195738.902777778,7195770.37037037,31.46759259259259,{'TelemetryTask': 31.467592592592595}
UartTxTask,168706,168707,7196489.236111111,7196504.069444444,14.833333333333334,{'Idle': 14.833333333333334}
TelemetryTask,168711,168712,7205587.62962963,7205601.856481481,14.226851851851851,{'Idle': 14.226851851851851}
UartTxTask,168714,168716,7205740.0,7205771.50462963,31.50462962962963,{'TelemetryTask': 31.504629629629626}
UartTxTask,168720,168721,7206490.532407408,7206505.25462963,14.722222222222221,{'Idle': 14.722222222222221}
TelemetryTask,168725,168726,7215587.74537037,7215601.726851852,13.981481481481481,{'Idle': 13.981481481481481}
UartTxTask,168728,168730,7215738.856481481,7215770.287037037,31.430555555555557,{'TelemetryTask': 31.430555555555557}
UartTxTask,168734,168735,7216489.453703703,7216504.00462963,14.550925925925926,{'Idle': 14.550925925925926}
TelemetryTask,168739,168740,7225587.75,7225601.819444444,14.069444444444445,{'Idle': 14.069444444444445}
UartTxTask,168742,168744,7225739.217592592,7225771.023148148,31.805555555555557,{'TelemetryTask': 31.805555555555557}
UartTxTask,168748,168749,7226490.009259259,7226504.574074074,14.564814814814815,{'Idle': 14.564814814814815}
TelemetryTask,168753,168754,7235587.712962963,7235601.800925926,14.087962962962964,{'Idle': 14.087962962962964}
UartTxTask,168756,168758,7235738.773148148,7235770.162037037,31.38888888888889,{'TelemetryTask': 31.388888888888893}
UartTxTask,168762,168763,7236488.986111111,7236503.967592592,14.981481481481481,{'Idle': 14.981481481481481}
TelemetryTask,168767,168768,7245587.634259259,7245601.546296297,13.912037037037036,{'Idle': 13.912037037037036}
UartTxTask,168770,168772,7245739.282407408,7245770.962962963,31.680555555555557,{'TelemetryTask': 31.680555555555554}
UartTxTask,168776,168777,7246489.75462963,7246504.814814814,15.060185185185185,{'Idle': 15.060185185185185}
TelemetryTask,168781,168782,7255587.810185186,7255601.638888889,13.828703703703704,{'Idle': 13.828703703703704}
UartTxTask,168784,168786,7255739.171296297,7255770.263888889,31.09259259259259,{'TelemetryTask': 31.09259259259259}
UartTxTask,168790,168791,7256488.662037037,7256503.277777778,14.61574074074074,{'Idle': 14.61574074074074}
TelemetryTask,168795,168796,7265587.810185186,7265601.74537037,13.935185185185185,{'Idle': 13.935185185185185}
UartTxTask,168798,168800,7265738.87037037,7265770.162037037,31.291666666666668,{'TelemetryTask': 31.291666666666664}
UartTxTask,168804,168805,7266488.74537037,7266503.597222222,14.851851851851851,{'Idle': 14.851851851851851}
TelemetryTask,168809,168810,7275587.611111111,7275601.74537037,14.13425925925926,{'Idle': 14.13425925925926}
UartTxTask,168812,168814,7275739.305555556,7275770.648148148,31.34259259259259,{'TelemetryTask': 31.34259259259259}
UartTxTask,168818,168819,7276489.819444444,7276504.615740741,14.796296296296296,{'Idle': 14.796296296296296}
TelemetryTask,168823,168824,7285587.722222222,7285601.759259259,14.037037037037036,{'Idle': 14.037037037037036}
UartTxTask,168826,168828,7285739.097222222,7285770.291666667,31.194444444444443,{'TelemetryTask': 31.194444444444446}
UartTxTask,168832,168833,7286489.189814814,7286503.833333333,14.643518518518519,{'Idle': 14.643518518518519}
TelemetryTask,168837,168838,7295587.814814814,7295602.027777778,14.212962962962964,{'Idle': 14.212962962962964}
UartTxTask,168840,168842,7295739.74537037,7295771.046296297,31.300925925925927,{'TelemetryTask': 31.300925925925924}
UartTxTask,168846,168847,7296490.226851852,7296504.759259259,14.532407407407407,{'Idle': 14.532407407407407}
TelemetryTask,168851,168852,7305587.666666667,7305601.717592592,14.050925925925926,{'Idle': 14.050925925925926}
UartTxTask,168854,168856,7305738.175925926,7305769.393518519,31.21759259259259,{'TelemetryTask': 31.21759259259259}
UartTxTask,168860,168861,7306488.203703703,7306503.268518519,15.064814814814815,{'Idle': 15.064814814814815}
TelemetryTask,168865,168866,7315587.703703703,7315601.615740741,13.912037037037036,{'Idle': 13.912037037037036}
UartTxTask,168868,168870,7315737.851851852,7315769.162037037,31.310185185185187,{'TelemetryTask': 31.310185185185187}
UartTxTask,168874,168875,7316488.222222222,7316503.134259259,14.912037037037036,{'Idle': 14.912037037037036}
TelemetryTask,168879,168880,7325587.666666667,7325601.638888889,13.972222222222221,{'Idle': 13.972222222222221}
UartTxTask,168882,168884,7325738.430555556,7325770.106481481,31.675925925925927,{'TelemetryTask': 31.675925925925924}
UartTxTask,168888,168889,7326489.236111111,7326503.62037037,14.38425925925926,{'Idle': 14.38425925925926}
TelemetryTask,168893,168894,7335587.791666667,7335602.097222222,14.305555555555555,{'Idle': 14.305555555555555}
UartTxTask,168896,168898,7335739.462962963,7335770.944444444,31.48148148148148,{'TelemetryTask': 31.48148148148148}
UartTxTask,168902,168903,7336490.157407408,7336504.930555556,14.773148148148149,{'Idle': 14.773148148148149}
TelemetryTask,168907,168908,7345587.759259259,7345601.712962963,13.953703703703704,{'Idle': 13.953703703703704}
UartTxTask,168910,168912,7345739.49537037,7345771.148148148,31.65277777777778,{'TelemetryTask': 31.65277777777778}
UartTxTask,168916,168917,7346490.402777778,7346504.939814814,14.537037037037036,{'Idle': 14.537037037037036}
TelemetryTask,168921,168922,7355587.509259259,7355601.935185186,14.425925925925926,{'Idle': 14.425925925925926}
UartTxTask,168924,168926,7355739.208333333,7355770.444444444,31.23611111111111,{'TelemetryTask': 31.236111111111114}
UartTxTask,168930,168931,7356489.699074074,7356504.175925926,14.476851851851851,{'Idle': 14.476851851851851}
TelemetryTask,168935,168936,7365587.791666667,7365601.962962963,14.171296296296296,{'Idle': 14.171296296296296}
UartTxTask,168938,168940,7365739.305555556,7365770.449074074,31.14351851851852,{'TelemetryTask': 31.14351851851852}
UartTxTask,168944,168945,7366489.467592592,7366504.166666667,14.699074074074074,{'Idle': 14.699074074074074}
TelemetryTask,168949,168950,7375587.671296297,7375601.814814814,14.143518518518519,{'Idle': 14.143518518518519}
UartTxTask,168952,168954,7375739.101851852,7375769.912037037,30.810185185185187,{'TelemetryTask': 30.810185185185187}
UartTxTask,168958,168959,7376488.62962963,7376503.574074074,14.944444444444445,{'Idle': 14.944444444444445}
TelemetryTask,168963,168964,7385587.773148148,7385601.847222222,14.074074074074074,{'Idle': 14.074074074074074}
UartTxTask,168966,168968,7385740.032407408,7385771.634259259,31.60185185185185,{'TelemetryTask': 31.601851851851855}
UartTxTask,168972,168973,7386490.537037037,7386505.189814814,14.652777777777779,{'Idle': 14.652777777777779}
TelemetryTask,168977,168978,7395587.777777778,7395601.842592592,14.064814814814815,{'Idle': 14.064814814814815}
UartTxTask,168980,168982,7395738.564814814,7395769.717592592,31.15277777777778,{'TelemetryTask': 31.15277777777778}
UartTxTask,168986,168987,7396488.287037037,7396503.180555556,14.893518518518519,{'Idle': 14.893518518518519}
TelemetryTask,168991,168992,7405587.759259259,7405601.898148148,14.13888888888889,{'Idle': 14.13888888888889}
UartTxTask,168994,168996,7405739.240740741,7405770.569444444,31.328703703703702,{'TelemetryTask': 31.328703703703702}
UartTxTask,169000,169001,7406489.74537037,7406504.666666667,14.921296296296296,{'Idle': 14.921296296296296}
TelemetryTask,169005,169006,7415587.759259259,7415601.717592592,13.958333333333334,{'Idle': 13.958333333333334}
UartTxTask,169008,169010,7415739.273148148,7415771.199074074,31.925925925925927,{'TelemetryTask': 31.925925925925924}
UartTxTask,169014,169015,7416490.467592592,7416505.171296297,14.703703703703704,{'Idle': 14.703703703703704}
TelemetryTask,169019,169020,7425587.689814814,7425601.967592592,14.277777777777779,{'Idle': 14.277777777777779}
UartTxTask,169022,169024,7425740.157407408,7425771.671296297,31.51388888888889,{'TelemetryTask': 31.51388888888889}
UartTxTask,169028,169029,7426490.666666667,7426505.259259259,14.592592592592593,{'Idle': 14.592592592592593}
TelemetryTask,169033,169034,7435587.736111111,7435601.49537037,13.75925925925926,{'Idle': 13.75925925925926}
UartTxTask,169036,169038,7435739.49537037,7435770.231481481,30.73611111111111,{'TelemetryTask': 30.736111111111114}
UartTxTask,169042,169043,7436489.328703703,7436504.263888889,14.935185185185185,{'Idle': 14.935185185185185}
TelemetryTask,169047,169048,7445587.703703703,7445601.851851852,14.148148148148149,{'Idle': 14.148148148148149}
UartTxTask,169050,169052,7445739.046296297,7445770.837962963,31.791666666666668,{'TelemetryTask': 31.791666666666664}
UartTxTask,169056,169057,7446489.740740741,7446504.287037037,14.546296296296296,{'Idle': 14.546296296296296}
TelemetryTask,169061,169062,7455587.791666667,7455602.083333333,14.291666666666666,{'Idle': 14.291666666666666}
UartTxTask,169064,169066,7455739.550925926,7455770.319444444,30.76851851851852,{'TelemetryTask': 30.76851851851852}
UartTxTask,169070,169071,7456489.481481481,7456504.166666667,14.685185185185185,{'Idle': 14.685185185185185}
TelemetryTask,169075,169076,7465587.62962963,7465601.62962963,14.0,{'Idle': 14.0}
UartTxTask,169078,169080,7465738.787037037,7465770.532407408,31.74537037037037,{'TelemetryTask': 31.74537037037037}
UartTxTask,169084,169085,7466489.481481481,7466504.152777778,14.671296296296296,{'Idle': 14.671296296296296}
TelemetryTask,169089,169090,7475587.740740741,7475602.018518519,14.277777777777779,{'Idle': 14.277777777777779}
UartTxTask,169092,169094,7475739.930555556,7475771.296296297,31.36574074074074,{'TelemetryTask': 31.36574074074074}
UartTxTask,169098,169099,7476489.930555556,7476504.796296297,14.86574074074074,{'Idle': 14.86574074074074}
TelemetryTask,169103,169104,7485587.731481481,7485601.875,14.143518518518519,{'Idle': 14.143518518518519}
UartTxTask,169106,169108,7485738.976851852,7485770.351851852,31.375,{'TelemetryTask': 31.375}
UartTxTask,169112,169113,7486489.564814814,7486504.634259259,15.069444444444445,{'Idle': 15.069444444444445}
TelemetryTask,169117,169118,7495587.851851852,7495602.194444444,14.342592592592593,{'Idle': 14.342592592592593}
UartTxTask,169120,169122,7495738.842592592,7495770.138888889,31.296296296296298,{'TelemetryTask': 31.296296296296298}
UartTxTask,169126,169127,7496488.527777778,7496503.444444444,14.916666666666666,{'Idle': 14.916666666666666}
TelemetryTask,169131,169132,7505587.722222222,7505601.787037037,14.064814814814815,{'Idle': 14.064814814814815}
UartTxTask,169134,169136,7505739.268518519,7505771.069444444,31.800925925925927,{'TelemetryTask': 31.800925925925924}
UartTxTask,169140,169141,7506490.092592592,7506504.657407408,14.564814814814815,{'Idle': 14.564814814814815}
TelemetryTask,169145,169146,7515587.574074074,7515601.175925926,13.601851851851851,{'Idle': 13.601851851851851}
UartTxTask,169148,169150,7515738.453703703,7515770.361111111,31.90740740740741,{'TelemetryTask': 31.90740740740741}
UartTxTask,169154,169155,7516489.087962963,7516503.865740741,14.777777777777779,{'Idle': 14.777777777777779}
TelemetryTask,169159,169160,7525587.703703703,7525601.638888889,13.935185185185185,{'Idle': 13.935185185185185}
UartTxTask,169162,169164,7525738.726851852,7525770.296296297,31.569444444444443,{'TelemetryTask': 31.569444444444443}
UartTxTask,169168,169169,7526488.689814814,7526503.421296297,14.731481481481481,{'Idle': 14.731481481481481}
TelemetryTask,169173,169174,7535587.731481481,7535602.018518519,14.287037037037036,{'Idle': 14.287037037037036}
UartTxTask,169176,169178,7535740.046296297,7535771.49537037,31.449074074074073,{'TelemetryTask': 31.449074074074073}
UartTxTask,169182,169183,7536490.5,7536505.282407408,14.782407407407407,{'Idle': 14.782407407407407}
TelemetryTask,169187,169188,7545587.796296297,7545601.625,13.828703703703704,{'Idle': 13.828703703703704}
UartTxTask,169190,169192,7545738.958333333,7545770.310185186,31.35185185185185,{'TelemetryTask': 31.35185185185185}
UartTxTask,169196,169197,7546489.157407408,7546504.092592592,14.935185185185185,{'Idle': 14.935185185185185}
TelemetryTask,169201,169202,7555587.796296297,7555601.851851852,14.055555555555555,{'Idle': 14.055555555555555}
UartTxTask,169204,169206,7555738.592592592,7555770.143518519,31.550925925925927,{'TelemetryTask': 31.550925925925924}
UartTxTask,169210,169211,7556489.314814814,7556504.282407408,14.967592592592593,{'Idle': 14.967592592592593}
TelemetryTask,169215,169216,7565587.731481481,7565601.740740741,14.00925925925926,{'Idle': 14.00925925925926}
UartTxTask,169218,169220,7565739.305555556,7565771.453703703,32.148148148148145,{'TelemetryTask': 32.14814814814815}
UartTxTask,169224,169225,7566490.444444444,7566504.930555556,14.48611111111111,{'Idle': 14.48611111111111}
TelemetryTask,169229,169230,7575587.657407408,7575601.314814814,13.657407407407407,{'Idle': 13.657407407407407}
UartTxTask,169232,169234,7575739.287037037,7575771.277777778,31.99074074074074,{'TelemetryTask': 31.99074074074074}
UartTxTask,169238,169239,7576490.310185186,7576505.282407408,14.972222222222221,{'Idle': 14.972222222222221}
TelemetryTask,169243,169244,7585587.842592592,7585601.601851852,13.75925925925926,{'Idle': 13.75925925925926}
UartTxTask,169246,169248,7585739.949074074,7585771.078703703,31.12962962962963,{'TelemetryTask': 31.129629629629626}
UartTxTask,169252,169253,7586489.842592592,7586504.935185186,15.092592592592593,{'Idle': 15.092592592592593}
TelemetryTask,169257,169258,7595587.763888889,7595601.597222222,13.833333333333334,{'Idle': 13.833333333333334}
UartTxTask,169260,169262,7595738.773148148,7595770.416666667,31.64351851851852,{'TelemetryTask': 31.64351851851852}
UartTxTask,169266,169267,7596489.337962963,7596503.930555556,14.592592592592593,{'Idle': 14.592592592592593}
TelemetryTask,169271,169272,7605587.675925926,7605601.472222222,13.796296296296296,{'Idle': 13.796296296296296}
UartTxTask,169274,169276,7605739.083333333,7605770.453703703,31.37037037037037,{'TelemetryTask': 31.370370370370374}
UartTxTask,169280,169281,7606489.467592592,7606504.453703703,14.98611111111111,{'Idle': 14.98611111111111}
TelemetryTask,169285,169286,7615587.759259259,7615601.805555556,14.046296296296296,{'Idle': 14.046296296296296}
UartTxTask,169288,169290,7615739.458333333,7615770.430555556,30.97222222222222,{'TelemetryTask': 30.97222222222222}
UartTxTask,169294,169295,7616489.532407408,7616504.625,15.092592592592593,{'Idle': 15.092592592592593}
TelemetryTask,169299,169300,7625587.740740741,7625601.976851852,14.23611111111111,{'Idle': 14.23611111111111}
UartTxTask,169302,169304,7625739.296296297,7625770.555555556,31.25925925925926,{'TelemetryTask': 31.25925925925926}
UartTxTask,169308,169309,7626489.203703703,7626504.055555556,14.851851851851851,{'Idle': 14.851851851851851}
TelemetryTask,169313,169314,7635587.791666667,7635601.925925926,14.13425925925926,{'Idle': 14.13425925925926}
UartTxTask,169316,169318,7635739.157407408,7635770.564814814,31.40740740740741,{'TelemetryTask': 31.40740740740741}
UartTxTask,169322,169323,7636489.333333333,7636504.356481481,15.023148148148149,{'Idle': 15.023148148148149}
TelemetryTask,169327,169328,7645587.597222222,7645601.583333333,13.98611111111111,{'Idle': 13.98611111111111}
UartTxTask,169330,169332,7645738.787037037,7645770.300925926,31.51388888888889,{'TelemetryTask': 31.51388888888889}
UartTxTask,169336,169337,7646489.634259259,7646504.490740741,14.856481481481481,{'Idle': 14.856481481481481}
TelemetryTask,169341,169342,7655587.611111111,7655602.060185186,14.449074074074074,{'Idle': 14.449074074074074}
UartTxTask,169344,169346,7655739.393518519,7655770.259259259,30.86574074074074,{'TelemetryTask': 30.86574074074074}
UartTxTask,169350,169351,7656489.050925926,7656503.768518519,14.717592592592593,{'Idle': 14.717592592592593}
TelemetryTask,169355,169356,7665587.685185186,7665601.87037037,14.185185185185185,{'Idle': 14.185185185185185}
UartTxTask,169358,169360,7665739.865740741,7665770.953703703,31.087962962962962,{'TelemetryTask': 31.087962962962962}
UartTxTask,169364,169365,7666490.194444444,7666504.842592592,14.648148148148149,{'Idle': 14.648148148148149}
TelemetryTask,169369,169370,7675587.662037037,7675601.958333333,14.296296296296296,{'Idle': 14.296296296296296}
UartTxTask,169372,169374,7675739.472222222,7675770.393518519,30.921296296296298,{'TelemetryTask': 30.921296296296298}
UartTxTask,169378,169379,7676489.509259259,7676504.226851852,14.717592592592593,{'Idle': 14.717592592592593}
TelemetryTask,169383,169384,7685587.74537037,7685601.925925926,14.180555555555555,{'Idle': 14.180555555555555}
UartTxTask,169386,169388,7685739.763888889,7685771.314814814,31.550925925925927,{'TelemetryTask': 31.550925925925924}
UartTxTask,169392,169393,7686490.324074074,7686505.0,14.675925925925926,{'Idle': 14.675925925925926}
TelemetryTask,169397,169398,7695587.759259259,7695601.49537037,13.73611111111111,{'Idle': 13.73611111111111}
UartTxTask,169400,169402,7695738.907407408,7695769.842592592,30.935185185185187,{'TelemetryTask': 30.935185185185183}
UartTxTask,169406,169407,7696488.856481481,7696503.726851852,14.87037037037037,{'Idle': 14.87037037037037}
TelemetryTask,169411,169412,7705587.583333333,7705601.759259259,14.175925925925926,{'Idle': 14.175925925925926}
UartTxTask,169414,169416,7705739.268518519,7705771.00462963,31.73611111111111,{'TelemetryTask': 31.73611111111111}
UartTxTask,169420,169421,7706489.856481481,7706504.296296297,14.439814814814815,{'Idle': 14.439814814814815}
TelemetryTask,169425,169426,7715587.625,7715601.625,14.0,{'Idle': 14.0}
UartTxTask,169428,169430,7715739.791666667,7715771.217592592,31.425925925925927,{'TelemetryTask': 31.425925925925924}
UartTxTask,169434,169435,7716490.638888889,7716505.560185186,14.921296296296296,{'Idle': 14.921296296296296}
TelemetryTask,169439,169440,7725587.569444444,7725601.337962963,13.768518518518519,{'Idle': 13.768518518518519}
UartTxTask,169442,169444,7725738.800925926,7725769.773148148,30.97222222222222,{'TelemetryTask': 30.97222222222222}
UartTxTask,169448,169449,7726489.157407408,7726503.962962963,14.805555555555555,{'Idle': 14.805555555555555}
TelemetryTask,169453,169454,7735587.726851852,7735601.546296297,13.819444444444445,{'Idle': 13.819444444444445}
UartTxTask,169456,169458,7735739.259259259,7735770.541666667,31.28240740740741,{'TelemetryTask': 31.282407407407405}
UartTxTask,169462,169463,7736489.763888889,7736504.523148148,14.75925925925926,{'Idle': 14.75925925925926}
TelemetryTask,169467,169468,7745587.796296297,7745601.537037037,13.74074074074074,{'Idle': 13.74074074074074}
UartTxTask,169470,169472,7745738.425925926,7745769.606481481,31.180555555555557,{'TelemetryTask': 31.180555555555554}
UartTxTask,169476,169477,7746488.425925926,7746503.236111111,14.810185185185185,{'Idle': 14.810185185185185}
TelemetryTask,169481,169482,7755587.62037037,7755601.412037037,13.791666666666666,{'Idle': 13.791666666666666}
UartTxTask,169484,169486,7755739.222222222,7755770.365740741,31.14351851851852,{'TelemetryTask': 31.14351851851852}
UartTxTask,169490,169491,7756489.37962963,7756504.166666667,14.787037037037036,{'Idle': 14.787037037037036}
TelemetryTask,169495,169496,7765587.898148148,7765602.259259259,14.36111111111111,{'Idle': 14.36111111111111}
UartTxTask,169498,169500,7765739.912037037,7765770.837962963,30.925925925925927,{'TelemetryTask': 30.925925925925924}
UartTxTask,169504,169505,7766489.912037037,7766504.310185186,14.398148148148149,{'Idle': 14.398148148148149}
TelemetryTask,169509,169510,7775587.875,7775601.907407408,14.032407407407407,{'Idle': 14.032407407407407}
UartTxTask,169512,169514,7775740.203703703,7775771.50462963,31.300925925925927,{'TelemetryTask': 31.300925925925924}
UartTxTask,169518,169519,7776490.819444444,7776505.736111111,14.916666666666666,{'Idle': 14.916666666666666}
TelemetryTask,169523,169524,7785587.810185186,7785601.944444444,14.13425925925926,{'Idle': 14.13425925925926}
UartTxTask,169526,169528,7785738.166666667,7785769.412037037,31.24537037037037,{'TelemetryTask': 31.245370370370367}
UartTxTask,169532,169533,7786488.402777778,7786503.273148148,14.87037037037037,{'Idle': 14.87037037037037}
TelemetryTask,169537,169538,7795587.574074074,7795601.865740741,14.291666666666666,{'Idle': 14.291666666666666}
UartTxTask,169540,169542,7795739.388888889,7795770.87037037,31.48148148148148,{'TelemetryTask': 31.48148148148148}
UartTxTask,169546,169547,7796489.662037037,7796504.555555556,14.893518518518519,{'Idle': 14.893518518518519}
TelemetryTask,169551,169552,7805587.634259259,7805601.689814814,14.055555555555555,{'Idle': 14.055555555555555}
UartTxTask,169554,169556,7805739.324074074,7805770.138888889,30.814814814814813,{'TelemetryTask': 30.814814814814817}
UartTxTask,169560,169561,7806489.37962963,7806504.287037037,14.907407407407407,{'Idle': 14.907407407407407}
TelemetryTask,169565,169566,7815587.791666667,7815601.935185186,14.143518518518519,{'Idle': 14.143518518518519}
UartTxTask,169568,169570,7815739.166666667,7815770.458333333,31.291666666666668,{'TelemetryTask': 31.291666666666664}
UartTxTask,169574,169575,7816489.486111111,7816503.967592592,14.481481481481481,{'Idle': 14.481481481481481}
TelemetryTask,169579,169580,7825587.814814814,7825602.157407408,14.342592592592593,{'Idle': 14.342592592592593}
UartTxTask,169582,169584,7825740.25,7825771.319444444,31.069444444444443,{'TelemetryTask': 31.069444444444443}
UartTxTask,169588,169589,7826490.439814814,7826505.416666667,14.976851851851851,{'Idle': 14.976851851851851}
ButtonTask,169595,169597,7831800.023148148,7831815.162037037,15.13888888888889,"{'ISR#56': 5.842592592592593, 'Scheduler': 9.296296296296296}"
UartTxTask,169600,169602,7831935.208333333,7831964.453703703,29.24537037037037,{'ButtonTask': 29.245370370370367}
UartTxTask,169606,169607,7832683.259259259,7832692.541666667,9.282407407407407,{'Idle': 9.282407407407407}
TelemetryTask,169611,169612,7835587.824074074,7835601.782407408,13.958333333333334,{'Idle': 13.958333333333334}
UartTxTask,169614,169616,7835739.513888889,7835770.685185186,31.171296296296298,{'TelemetryTask': 31.171296296296298}
UartTxTask,169620,169621,7836489.925925926,7836504.592592592,14.666666666666666,{'Idle': 14.666666666666666}
TelemetryTask,169625,169626,7845587.759259259,7845601.675925926,13.916666666666666,{'Idle': 13.916666666666666}
UartTxTask,169628,169630,7845739.37962963,7845770.541666667,31.162037037037038,{'TelemetryTask': 31.162037037037038}
UartTxTask,169634,169635,7846489.356481481,7846504.060185186,14.703703703703704,{'Idle': 14.703703703703704}
TelemetryTask,169639,169640,7855587.736111111,7855601.893518519,14.157407407407407,{'Idle': 14.157407407407407}
UartTxTask,169642,169644,7855739.703703703,7855771.962962963,32.25925925925926,{'TelemetryTask': 32.25925925925926}
UartTxTask,169648,169649,7856490.740740741,7856505.643518519,14.902777777777779,{'Idle': 14.902777777777779}
TelemetryTask,169653,169654,7865587.62962963,7865601.62037037,13.99074074074074,{'Idle': 13.99074074074074}
UartTxTask,169656,169658,7865739.208333333,7865770.62962963,31.421296296296298,{'TelemetryTask': 31.421296296296298}
UartTxTask,169662,169663,7866489.564814814,7866504.217592592,14.652777777777779,{'Idle': 14.652777777777779}
TelemetryTask,169667,169668,7875587.763888889,7875601.546296297,13.782407407407407,{'Idle': 13.782407407407407}
UartTxTask,169670,169672,7875740.152777778,7875771.851851852,31.699074074074073,{'TelemetryTask': 31.699074074074076}
UartTxTask,169676,169677,7876490.990740741,7876505.662037037,14.671296296296296,{'Idle': 14.671296296296296}
TelemetryTask,169681,169682,7885587.833333333,7885602.152777778,14.319444444444445,{'Idle': 14.319444444444445}
UartTxTask,169684,169686,7885739.944444444,7885771.185185186,31.24074074074074,{'TelemetryTask': 31.24074074074074}
UartTxTask,169690,169691,7886490.185185186,7886504.671296297,14.48611111111111,{'Idle': 14.48611111111111}
TelemetryTask,169695,169696,7895587.657407408,7895601.819444444,14.162037037037036,{'Idle': 14.162037037037036}
UartTxTask,169698,169700,7895739.407407408,7895770.791666667,31.38425925925926,{'TelemetryTask': 31.38425925925926}
UartTxTask,169704,169705,7896489.722222222,7896504.564814814,14.842592592592593,{'Idle': 14.842592592592593}
TelemetryTask,169709,169710,7905587.722222222,7905601.699074074,13.976851851851851,{'Idle': 13.976851851851851}
UartTxTask,169712,169714,7905738.796296297,7905770.481481481,31.685185185185187,{'TelemetryTask': 31.685185185185183}
UartTxTask,169718,169719,7906489.208333333,7906503.972222222,14.76388888888889,{'Idle': 14.76388888888889}
TelemetryTask,169723,169724,7915587.740740741,7915601.773148148,14.032407407407407,{'Idle': 14.032407407407407}
UartTxTask,169726,169728,7915738.875,7915769.736111111,30.86111111111111,{'TelemetryTask': 30.861111111111107}
UartTxTask,169732,169733,7916488.99537037,7916503.921296297,14.925925925925926,{'Idle': 14.925925925925926}
TelemetryTask,169737,169738,7925587.787037037,7925601.657407408,13.87037037037037,{'Idle': 13.87037037037037}
UartTxTask,169740,169742,7925740.041666667,7925771.013888889,30.97222222222222,{'TelemetryTask': 30.97222222222222}
UartTxTask,169746,169747,7926490.037037037,7926504.856481481,14.819444444444445,{'Idle': 14.819444444444445}
TelemetryTask,169751,169752,7935587.740740741,7935601.689814814,13.949074074074074,{'Idle': 13.949074074074074}
UartTxTask,169754,169756,7935738.273148148,7935769.708333333,31.435185185185187,{'TelemetryTask': 31.435185185185183}
UartTxTask,169760,169761,7936488.625,7936503.648148148,15.023148148148149,{'Idle': 15.023148148148149}
TelemetryTask,169765,169766,7945587.74537037,7945601.736111111,13.99074074074074,{'Idle': 13.99074074074074}
UartTxTask,169768,169770,7945740.00462963,7945771.759259259,31.75462962962963,{'TelemetryTask': 31.75462962962963}
UartTxTask,169774,169775,7946490.833333333,7946505.592592592,14.75925925925926,{'Idle': 14.75925925925926}
TelemetryTask,169779,169780,7955587.74537037,7955601.712962963,13.967592592592593,{'Idle': 13.967592592592593}
UartTxTask,169782,169784,7955739.907407408,7955771.268518519,31.36111111111111,{'TelemetryTask': 31.361111111111107}
UartTxTask,169788,169789,7956490.162037037,7956505.185185186,15.023148148148149,{'Idle': 15.023148148148149}
TelemetryTask,169793,169794,7965587.671296297,7965601.680555556,14.00925925925926,{'Idle': 14.00925925925926}
UartTxTask,169796,169798,7965739.856481481,7965771.319444444,31.462962962962962,{'TelemetryTask': 31.462962962962962}
UartTxTask,169802,169803,7966490.134259259,7966504.814814814,14.680555555555555,{'Idle': 14.680555555555555}
TelemetryTask,169807,169808,7975587.740740741,7975601.643518519,13.902777777777779,{'Idle': 13.902777777777779}
UartTxTask,169810,169812,7975738.25,7975770.282407408,32.032407407407405,{'TelemetryTask': 32.032407407407405}
UartTxTask,169816,169817,7976488.967592592,7976503.986111111,15.018518518518519,{'Idle': 15.018518518518519}
TelemetryTask,169821,169822,7985587.601851852,7985601.527777778,13.925925925925926,{'Idle': 13.925925925925926}
UartTxTask,169824,169826,7985739.152777778,7985770.388888889,31.23611111111111,{'TelemetryTask': 31.236111111111107}
UartTxTask,169830,169831,7986488.921296297,7986503.578703703,14.657407407407407,{'Idle': 14.657407407407407}
TelemetryTask,169835,169836,7995587.75,7995602.037037037,14.287037037037036,{'Idle': 14.287037037037036}
UartTxTask,169838,169840,7995739.736111111,7995771.148148148,31.412037037037038,{'TelemetryTask': 31.412037037037038}
UartTxTask,169844,169845,7996490.12037037,7996505.106481481,14.98611111111111,{'Idle': 14.98611111111111}
TelemetryTask,169849,169850,8005587.680555556,8005601.717592592,14.037037037037036,{'Idle': 14.037037037037036}
UartTxTask,169852,169854,8005739.439814814,8005770.898148148,31.458333333333332,{'TelemetryTask': 31.458333333333332}
UartTxTask,169858,169859,8006490.060185186,8006504.800925926,14.74074074074074,{'Idle': 14.74074074074074}
TelemetryTask,169863,169864,8015587.703703703,8015601.888888889,14.185185185185185,{'Idle': 14.185185185185185}
UartTxTask,169866,169868,8015739.597222222,8015771.296296297,31.699074074074073,{'TelemetryTask': 31.699074074074076}
UartTxTask,169872,169873,8016490.171296297,8016505.023148148,14.851851851851851,{'Idle': 14.851851851851851}
TelemetryTask,169877,169878,8025587.62037037,8025601.574074074,13.953703703703704,{'Idle': 13.953703703703704}
UartTxTask,169880,169882,8025738.481481481,8025770.194444444,31.712962962962962,{'TelemetryTask': 31.712962962962962}
UartTxTask,169886,169887,8026489.055555556,8026503.583333333,14.527777777777779,{'Idle': 14.527777777777779}
TelemetryTask,169891,169892,8035587.787037037,8035601.689814814,13.902777777777779,{'Idle': 13.902777777777779}
UartTxTask,169894,169896,8035738.236111111,8035769.981481481,31.74537037037037,{'TelemetryTask': 31.74537037037037}
UartTxTask,169900,169901,8036489.208333333,8036503.990740741,14.782407407407407,{'Idle': 14.782407407407407}
ButtonTask,169907,169909,8044405.449074074,8044420.125,14.675925925925926,"{'ISR#56': 5.638888888888889, 'Scheduler': 9.037037037037036}"
UartTxTask,169912,169914,8044540.333333333,8044570.032407408,29.699074074074073,{'ButtonTask': 29.699074074074076}
UartTxTask,169918,169919,8045291.009259259,8045300.365740741,9.356481481481481,{'Idle': 9.356481481481481}
TelemetryTask,169923,169924,8045587.962962963,8045595.814814814,7.851851851851852,{'Idle': 7.851851851851852}
UartTxTask,169926,169928,8045712.314814814,8045734.027777778,21.712962962962962,{'TelemetryTask': 21.712962962962962}
UartTxTask,169932,169933,8046456.800925926,8046466.273148148,9.472222222222221,{'Idle': 9.472222222222221}
TelemetryTask,169937,169938,8055587.703703703,8055602.064814814,14.36111111111111,{'Idle': 14.36111111111111}
UartTxTask,169940,169942,8055739.337962963,8055770.425925926,31.087962962962962,{'TelemetryTask': 31.087962962962962}
UartTxTask,169946,169947,8056489.111111111,8056503.953703703,14.842592592592593,{'Idle': 14.842592592592593}
TelemetryTask,169951,169952,8065587.671296297,8065601.828703703,14.157407407407407,{'Idle': 14.157407407407407}
UartTxTask,169954,169956,8065739.375,8065770.87037037,31.49537037037037,{'TelemetryTask': 31.495370370370374}
UartTxTask,169960,169961,8066489.675925926,8066504.773148148,15.097222222222221,{'Idle': 15.097222222222221}
TelemetryTask,169965,169966,8075587.689814814,8075601.402777778,13.712962962962964,{'Idle': 13.712962962962964}
UartTxTask,169968,169970,8075739.430555556,8075770.430555556,31.0,{'TelemetryTask': 31.0}
UartTxTask,169974,169975,8076489.875,8076504.814814814,14.939814814814815,{'Idle': 14.939814814814815}
TelemetryTask,169979,169980,8085587.662037037,8085601.782407408,14.12037037037037,{'Idle': 14.12037037037037}
UartTxTask,169982,169984,8085739.791666667,8085771.791666667,32.0,{'TelemetryTask': 32.0}
UartTxTask,169988,169989,8086491.00462963,8086505.62037037,14.61574074074074,{'Idle': 14.61574074074074}
TelemetryTask,169993,169994,8095587.671296297,8095601.532407408,13.86111111111111,{'Idle': 13.86111111111111}
UartTxTask,169996,169998,8095738.782407408,8095769.972222222,31.189814814814813,{'TelemetryTask': 31.189814814814817}
UartTxTask,170002,170003,8096488.625,8096503.615740741,14.99074074074074,{'Idle': 14.99074074074074}
TelemetryTask,170007,170008,8105587.611111111,8105602.00462963,14.393518518518519,{'Idle': 14.393518518518519}
UartTxTask,170010,170012,8105739.476851852,8105771.046296297,31.569444444444443,{'TelemetryTask': 31.569444444444446}
UartTxTask,170016,170017,8106490.050925926,8106504.513888889,14.462962962962964,{'Idle': 14.462962962962964}
TelemetryTask,170021,170022,8115587.731481481,8115601.99537037,14.26388888888889,{'Idle': 14.26388888888889}
UartTxTask,170024,170026,8115739.847222222,8115771.282407408,31.435185185185187,{'TelemetryTask': 31.435185185185187}
UartTxTask,170030,170031,8116489.740740741,8116504.430555556,14.689814814814815,{'Idle': 14.689814814814815}
TelemetryTask,170035,170036,8125587.791666667,8125601.615740741,13.824074074074074,{'Idle': 13.824074074074074}
UartTxTask,170038,170040,8125739.490740741,8125770.62037037,31.12962962962963,{'TelemetryTask': 31.129629629629633}
UartTxTask,170044,170045,8126489.652777778,8126504.675925926,15.023148148148149,{'Idle': 15.023148148148149}
TelemetryTask,170049,170050,8135587.74537037,8135601.5,13.75462962962963,{'Idle': 13.75462962962963}
UartTxTask,170052,170054,8135738.935185186,8135770.115740741,31.180555555555557,{'TelemetryTask': 31.180555555555557}
UartTxTask,170058,170059,8136488.875,8136503.444444444,14.569444444444445,{'Idle': 14.569444444444445}
TelemetryTask,170063,170064,8145587.740740741,8145601.537037037,13.796296296296296,{'Idle': 13.796296296296296}
UartTxTask,170066,170068,8145739.277777778,8145770.916666667,31.63888888888889,{'TelemetryTask': 31.63888888888889}
UartTxTask,170072,170073,8146489.958333333,8146504.675925926,14.717592592592593,{'Idle': 14.717592592592593}
TelemetryTask,170077,170078,8155587.712962963,8155601.662037037,13.949074074074074,{'Idle': 13.949074074074074}
UartTxTask,170080,170082,8155738.842592592,8155770.296296297,31.453703703703702,{'TelemetryTask': 31.453703703703702}
UartTxTask,170086,170087,8156489.055555556,8156503.925925926,14.87037037037037,{'Idle': 14.87037037037037}
TelemetryTask,170091,170092,8165587.814814814,8165601.898148148,14.083333333333334,{'Idle': 14.083333333333334}
UartTxTask,170094,170096,8165739.805555556,8165771.425925926,31.62037037037037,{'TelemetryTask': 31.62037037037037}
UartTxTask,170100,170101,8166490.356481481,8166504.884259259,14.527777777777779,{'Idle': 14.527777777777779}
TelemetryTask,170105,170106,8175587.819444444,8175602.12962963,14.310185185185185,{'Idle': 14.310185185185185}
UartTxTask,170108,170110,8175739.310185186,8175770.5,31.189814814814813,{'TelemetryTask': 31.189814814814817}
UartTxTask,170114,170115,8176488.981481481,8176503.625,14.643518518518519,{'Idle': 14.643518518518519}
TelemetryTask,170119,170120,8185587.828703703,8185602.138888889,14.310185185185185,{'Idle': 14.310185185185185}
UartTxTask,170122,170124,8185740.027777778,8185771.444444444,31.416666666666668,{'TelemetryTask': 31.416666666666664}
UartTxTask,170128,170129,8186490.509259259,8186505.356481481,14.847222222222221,{'Idle': 14.847222222222221}
TelemetryTask,170133,170134,8195587.662037037,8195601.847222222,14.185185185185185,{'Idle': 14.185185185185185}
UartTxTask,170136,170138,8195739.060185186,8195770.574074074,31.51388888888889,{'TelemetryTask': 31.513888888888893}
UartTxTask,170142,170143,8196489.009259259,8196503.74537037,14.73611111111111,{'Idle': 14.73611111111111}
TelemetryTask,170147,170148,8205587.675925926,8205601.671296297,13.99537037037037,{'Idle': 13.99537037037037}
UartTxTask,170150,170152,8205739.439814814,8205771.115740741,31.675925925925927,{'TelemetryTask': 31.675925925925924}
ButtonTask,170158,170161,8206500.861111111,8206530.731481481,29.87037037037037,"{'ISR#56': 5.75462962962963, 'Scheduler': 24.11574074074074}"
UartTxTask,170160,170165,8206517.615740741,8206672.476851852,154.86111111111111,"{'Scheduler': 13.11574074074074, 'ButtonTask': 141.74537037037038}"
UartTxTask,170170,170171,8207402.694444444,8207411.958333333,9.26388888888889,{'Idle': 9.26388888888889}
TelemetryTask,170175,170176,8215587.842592592,8215601.87962963,14.037037037037036,{'Idle': 14.037037037037036}
UartTxTask,170178,170180,8215739.462962963,8215771.25,31.787037037037038,{'TelemetryTask': 31.787037037037038}
UartTxTask,170184,170185,8216490.800925926,8216505.398148148,14.597222222222221,{'Idle': 14.597222222222221}
TelemetryTask,170189,170190,8225587.680555556,8225601.75,14.069444444444445,{'Idle': 14.069444444444445}
UartTxTask,170192,170194,8225738.972222222,8225770.662037037,31.689814814814813,{'TelemetryTask': 31.689814814814817}
UartTxTask,170198,170199,8226489.634259259,8226504.305555556,14.671296296296296,{'Idle': 14.671296296296296}
TelemetryTask,170203,170204,8235587.666666667,8235601.555555556,13.88888888888889,{'Idle': 13.88888888888889}
UartTxTask,170206,170208,8235738.259259259,8235769.740740741,31.48148148148148,{'TelemetryTask': 31.48148148148148}
UartTxTask,170212,170213,8236489.171296297,8236504.125,14.953703703703704,{'Idle': 14.953703703703704}
TelemetryTask,170217,170218,8245587.763888889,8245601.740740741,13.976851851851851,{'Idle': 13.976851851851851}
UartTxTask,170220,170222,8245738.685185186,8245770.486111111,31.800925925925927,{'TelemetryTask': 31.800925925925924}
UartTxTask,170226,170227,8246489.768518519,8246504.49537037,14.726851851851851,{'Idle': 14.726851851851851}
TelemetryTask,170231,170232,8255587.62962963,8255601.912037037,14.282407407407407,{'Idle': 14.282407407407407}
UartTxTask,170234,170236,8255739.574074074,8255770.925925926,31.35185185185185,{'TelemetryTask': 31.351851851851855}
UartTxTask,170240,170241,8256490.134259259,8256505.259259259,15.125,{'Idle': 15.125}
TelemetryTask,170245,170246,8265587.666666667,8265601.842592592,14.175925925925926,{'Idle': 14.175925925925926}
UartTxTask,170248,170250,8265738.912037037,8265770.305555556,31.39351851851852,{'TelemetryTask': 31.39351851851852}
UartTxTask,170254,170255,8266489.365740741,8266504.37037037,15.00462962962963,{'Idle': 15.00462962962963}
TelemetryTask,170259,170260,8275587.708333333,8275601.462962963,13.75462962962963,{'Idle': 13.75462962962963}
UartTxTask,170262,170264,8275738.407407408,8275769.856481481,31.449074074074073,{'TelemetryTask': 31.449074074074073}
UartTxTask,170268,170269,8276488.476851852,8276503.185185186,14.708333333333334,{'Idle': 14.708333333333334}
TelemetryTask,170273,170274,8285587.666666667,8285601.800925926,14.13425925925926,{'Idle': 14.13425925925926}
UartTxTask,170276,170278,8285739.597222222,8285770.819444444,31.22222222222222,{'TelemetryTask': 31.22222222222222}
UartTxTask,170282,170283,8286489.726851852,8286504.550925926,14.824074074074074,{'Idle': 14.824074074074074}
TelemetryTask,170287,170288,8295587.611111111,8295601.648148148,14.037037037037036,{'Idle': 14.037037037037036}
UartTxTask,170290,170292,8295739.277777778,8295771.162037037,31.88425925925926,{'TelemetryTask': 31.88425925925926}
UartTxTask,170296,170297,8296490.62962963,8296505.37037037,14.74074074074074,{'Idle': 14.74074074074074}
TelemetryTask,170301,170302,8305587.657407408,8305601.875,14.217592592592593,{'Idle': 14.217592592592593}
UartTxTask,170304,170306,8305739.162037037,8305770.25,31.087962962962962,{'TelemetryTask': 31.087962962962962}
UartTxTask,170310,170311,8306488.787037037,8306503.861111111,15.074074074074074,{'Idle': 15.074074074074074}
TelemetryTask,170315,170316,8315587.777777778,8315601.634259259,13.856481481481481,{'Idle': 13.856481481481481}
UartTxTask,170318,170320,8315738.615740741,8315770.111111111,31.49537037037037,{'TelemetryTask': 31.49537037037037}
UartTxTask,170324,170325,8316489.416666667,8316504.421296297,15.00462962962963,{'Idle': 15.00462962962963}
TelemetryTask,170329,170330,8325587.814814814,8325601.810185186,13.99537037037037,{'Idle': 13.99537037037037}
UartTxTask,170332,170334,8325739.333333333,8325770.708333333,31.375,{'TelemetryTask': 31.375}
UartTxTask,170338,170339,8326489.615740741,8326504.074074074,14.458333333333334,{'Idle': 14.458333333333334}
TelemetryTask,170343,170344,8335587.671296297,8335601.731481481,14.060185185185185,{'Idle': 14.060185185185185}
UartTxTask,170346,170348,8335739.615740741,8335771.199074074,31.583333333333332,{'TelemetryTask': 31.583333333333332}
UartTxTask,170352,170353,8336489.953703703,8336504.24537037,14.291666666666666,{'Idle': 14.291666666666666}
TelemetryTask,170357,170358,8345587.791666667,8345602.236111111,14.444444444444445,{'Idle': 14.444444444444445}
UartTxTask,170360,170362,8345739.615740741,8345771.407407408,31.791666666666668,{'TelemetryTask': 31.791666666666664}
UartTxTask,170366,170367,8346490.458333333,8346505.305555556,14.847222222222221,{'Idle': 14.847222222222221}
TelemetryTask,170371,170372,8355587.74537037,8355601.648148148,13.902777777777779,{'Idle': 13.902777777777779}
UartTxTask,170374,170376,8355739.157407408,8355770.587962963,31.430555555555557,{'TelemetryTask': 31.430555555555554}
UartTxTask,170380,170381,8356489.37037037,8356503.972222222,14.601851851851851,{'Idle': 14.601851851851851}
TelemetryTask,170385,170386,8365587.648148148,8365601.902777778,14.25462962962963,{'Idle': 14.25462962962963}
UartTxTask,170388,170390,8365739.412037037,8365770.513888889,31.10185185185185,{'TelemetryTask': 31.101851851851855}
UartTxTask,170394,170395,8366489.606481481,8366504.25462963,14.648148148148149,{'Idle': 14.648148148148149}
TelemetryTask,170399,170400,8375587.657407408,8375601.796296297,14.13888888888889,{'Idle': 14.13888888888889}
UartTxTask,170402,170404,8375739.171296297,8375770.282407408,31.11111111111111,{'TelemetryTask': 31.111111111111114}
UartTxTask,170408,170409,8376489.657407408,8376504.467592592,14.810185185185185,{'Idle': 14.810185185185185}
TelemetryTask,170413,170414,8385587.703703703,8385601.893518519,14.189814814814815,{'Idle': 14.189814814814815}
UartTxTask,170416,170418,8385739.921296297,8385771.342592592,31.421296296296298,{'TelemetryTask': 31.421296296296298}
UartTxTask,170422,170423,8386490.236111111,8386505.083333333,14.847222222222221,{'Idle': 14.847222222222221}
TelemetryTask,170427,170428,8395587.564814815,8395601.458333334,13.893518518518519,"{'Idle': 13.893518518518519, 'TelemetryTask': 1.1037897180627893e-09}"
UartTxTask,170430,170432,8395738.88425926,8395770.662037037,31.77777777777778,{'TelemetryTask': 31.77777777777778}
UartTxTask,170436,170437,8396489.851851853,8396505.0,15.148148148148149,{'Idle': 15.148148147044358}
TelemetryTask,170441,170442,8405587.611111112,8405601.925925925,14.314814814814815,{'Idle': 14.314814813711026}
UartTxTask,170444,170446,8405739.388888888,8405770.337962963,30.949074074074073,{'TelemetryTask': 30.949074075177865}
UartTxTask,170450,170451,8406489.032407407,8406503.861111112,14.828703703703704,"{'Idle': 14.828703704807493, 'UartTxTask': 1.1037897180627893e-09}"
TelemetryTask,170455,170456,8415587.875,8415601.819444444,13.944444444444445,{'Idle': 13.944444444444445}
UartTxTask,170458,170460,8415738.50925926,8415770.263888888,31.75462962962963,{'TelemetryTask': 31.75462962852584}
UartTxTask,170464,170465,8416488.782407407,8416503.416666666,14.63425925925926,{'Idle': 14.634259259259258}
TelemetryTask,170469,170470,8425587.680555556,8425601.875,14.194444444444445,{'Idle': 14.194444444444445}
UartTxTask,170472,170474,8425738.828703703,8425770.273148147,31.444444444444443,{'TelemetryTask': 31.444444443340654}
UartTxTask,170478,170479,8426489.402777778,8426504.388888888,14.98611111111111,{'Idle': 14.986111110007322}
TelemetryTask,170483,170484,8435587.703703703,8435601.638888888,13.935185185185185,{'Idle': 13.935185184081396}
UartTxTask,170486,170488,8435739.5,8435771.49074074,31.99074074074074,{'TelemetryTask': 31.99074074074074}
UartTxTask,170492,170493,8436490.791666666,8436505.111111112,14.319444444444445,"{'Idle': 14.319444445548234, 'UartTxTask': 1.1037897180627893e-09}"
TelemetryTask,170497,170498,8445587.587962963,8445601.532407407,13.944444444444445,{'Idle': 13.944444443340656}
UartTxTask,170500,170502,8445739.689814815,8445771.004629629,31.314814814814813,{'TelemetryTask': 31.314814813711024}
UartTxTask,170506,170507,8446489.773148147,8446504.671296297,14.898148148148149,{'Idle': 14.898148149251938}
TelemetryTask,170511,170512,8455587.597222222,8455601.680555556,14.083333333333334,{'Idle': 14.083333333333334}
UartTxTask,170514,170516,8455738.967592593,8455770.032407407,31.064814814814813,{'TelemetryTask': 31.064814812607235}
UartTxTask,170520,170521,8456488.652777778,8456503.407407407,14.75462962962963,{'Idle': 14.75462962852584}
TelemetryTask,170525,170526,8465587.597222222,8465601.875,14.277777777777779,{'Idle': 14.277777777777779}
UartTxTask,170528,170530,8465738.574074075,8465770.078703703,31.50462962962963,{'TelemetryTask': 31.504629629629626}
UartTxTask,170534,170535,8466489.064814815,8466503.643518519,14.578703703703704,{'Idle': 14.578703703703704}
TelemetryTask,170539,170540,8475587.851851853,8475602.277777778,14.425925925925926,{'Idle': 14.425925924822137}
UartTxTask,170542,170544,8475739.370370371,8475770.629629629,31.25925925925926,{'TelemetryTask': 31.25925925705168}
UartTxTask,170548,170549,8476489.546296297,8476504.629629629,15.083333333333334,{'Idle': 15.083333332229543}
TelemetryTask,170553,170554,8485587.74074074,8485601.625,13.88425925925926,{'Idle': 13.88425925925926}
UartTxTask,170556,170558,8485739.050925925,8485770.824074075,31.77314814814815,{'TelemetryTask': 31.77314814814815}
UartTxTask,170562,170563,8486489.592592593,8486504.087962963,14.49537037037037,{'Idle': 14.495370369266581}
TelemetryTask,170567,170568,8495587.712962963,8495601.949074075,14.23611111111111,{'Idle': 14.23611111111111}
UartTxTask,170570,170572,8495739.648148147,8495771.222222222,31.574074074074073,{'TelemetryTask': 31.57407407517786}
UartTxTask,170576,170577,8496489.541666666,8496504.157407407,14.61574074074074,{'Idle': 14.61574074074074}
TelemetryTask,170581,170582,8505587.74074074,8505601.300925925,13.560185185185185,{'Idle': 13.560185185185185}
UartTxTask,170584,170586,8505738.976851853,8505770.717592593,31.74074074074074,"{'TelemetryTask': 31.740740739636955, 'UartTxTask': 1.1037897180627893e-09}"
UartTxTask,170590,170591,8506489.921296297,8506504.583333334,14.662037037037036,"{'Idle': 14.662037037037036, 'UartTxTask': 1.1037897180627893e-09}"
TelemetryTask,170595,170596,8515587.810185185,8515601.5,13.689814814814815,{'Idle': 13.689814814814815}
UartTxTask,170598,170600,8515738.995370371,8515770.199074075,31.203703703703702,{'TelemetryTask': 31.203703702599917}
UartTxTask,170604,170605,8516489.310185185,8516503.861111112,14.550925925925926,"{'Idle': 14.550925925925926, 'UartTxTask': 1.1037897180627893e-09}"
TelemetryTask,170609,170610,8525587.745370371,8525601.495370371,13.75,"{'Idle': 13.749999998896211, 'TelemetryTask': 1.1037897180627893e-09}"
UartTxTask,170612,170614,8525738.564814815,8525770.393518519,31.828703703703702,{'TelemetryTask': 31.828703703703702}
UartTxTask,170618,170619,8526489.217592593,8526504.138888888,14.921296296296296,{'Idle': 14.921296294088718}
TelemetryTask,170623,170624,8535587.611111112,8535601.620370371,14.00925925925926,"{'Idle': 14.009259258155469, 'TelemetryTask': 1.1037897180627893e-09}"
UartTxTask,170626,170628,8535739.430555556,8535770.157407407,30.72685185185185,{'TelemetryTask': 30.726851850748062}
UartTxTask,170632,170633,8536488.75,8536503.768518519,15.018518518518519,{'Idle': 15.018518518518519}
TelemetryTask,170637,170638,8545587.625,8545601.74074074,14.11574074074074,{'Idle': 14.11574074074074}
UartTxTask,170640,170642,8545739.245370371,8545770.375,31.12962962962963,{'TelemetryTask': 31.12962962852584}
UartTxTask,170646,170647,8546489.416666666,8546504.421296297,15.00462962962963,{'Idle': 15.004629630733419}
TelemetryTask,170651,170652,8555587.796296297,8555601.842592593,14.046296296296296,"{'Idle': 14.046296296296296, 'TelemetryTask': 1.1037897180627893e-09}"
UartTxTask,170654,170656,8555739.305555556,8555770.546296297,31.24074074074074,{'TelemetryTask': 31.24074074074074}
UartTxTask,170660,170661,8556489.486111112,8556503.902777778,14.416666666666666,{'Idle': 14.416666665562877}
TelemetryTask,170665,170666,8565587.722222222,8565601.587962963,13.86574074074074,{'Idle': 13.86574074074074}
UartTxTask,170668,170670,8565738.773148147,8565770.032407407,31.25925925925926,{'TelemetryTask': 31.25925925925926}
UartTxTask,170674,170675,8566489.666666666,8566504.458333334,14.791666666666666,"{'Idle': 14.791666667770455, 'UartTxTask': 1.1037897180627893e-09}"
TelemetryTask,170679,170680,8575587.680555556,8575601.671296297,13.99074074074074,{'Idle': 13.99074074074074}
UartTxTask,170682,170684,8575738.819444444,8575770.217592593,31.39814814814815,"{'TelemetryTask': 31.398148148148145, 'UartTxTask': 1.1037897180627893e-09}"
UartTxTask,170688,170689,8576489.050925925,8576503.856481481,14.805555555555555,{'Idle': 14.805555555555555}
TelemetryTask,170693,170694,8585587.722222222,8585601.930555556,14.208333333333334,{'Idle': 14.208333333333334}
UartTxTask,170696,170698,8585739.314814815,8585770.013888888,30.699074074074073,{'TelemetryTask': 30.699074072970284}
UartTxTask,170702,170703,8586489.018518519,8586503.805555556,14.787037037037036,{'Idle': 14.787037037037036}
TelemetryTask,170707,170708,8595587.824074075,8595601.861111112,14.037037037037036,"{'Idle': 14.037037037037036, 'TelemetryTask': 1.1037897180627893e-09}"
UartTxTask,170710,170712,8595739.949074075,8595771.782407407,31.833333333333332,{'TelemetryTask': 31.833333332229543}
UartTxTask,170716,170717,8596491.231481481,8596506.300925925,15.069444444444445,{'Idle': 15.069444444444445}
TelemetryTask,170721,170722,8605587.699074075,8605602.046296297,14.347222222222221,{'Idle': 14.347222222222221}
UartTxTask,170724,170726,8605739.824074075,8605771.699074075,31.875,{'TelemetryTask': 31.875}
UartTxTask,170730,170731,8606490.203703703,8606504.861111112,14.657407407407407,"{'Idle': 14.657407407407407, 'UartTxTask': 1.1037897180627893e-09}"
TelemetryTask,170735,170736,8615587.662037037,8615601.86574074,14.203703703703704,{'Idle': 14.203703703703704}
UartTxTask,170738,170740,8615739.643518519,8615771.013888888,31.37037037037037,{'TelemetryTask': 31.37037036926658}
UartTxTask,170744,170745,8616489.800925925,8616504.754629629,14.953703703703704,{'Idle': 14.953703702599913}
TelemetryTask,170749,170750,8625587.689814815,8625601.597222222,13.907407407407407,{'Idle': 13.907407407407407}
UartTxTask,170752,170754,8625739.106481481,8625770.013888888,30.90740740740741,{'TelemetryTask': 30.90740740630362}
UartTxTask,170758,170759,8626488.814814815,8626503.657407407,14.842592592592593,{'Idle': 14.842592591488803}
TelemetryTask,170763,170764,8635587.652777778,8635601.842592593,14.189814814814815,"{'Idle': 14.189814814814815, 'TelemetryTask': 1.1037897180627893e-09}"
UartTxTask,170766,170768,8635739.481481481,8635771.513888888,32.032407407407405,{'TelemetryTask': 32.03240740630362}
UartTxTask,170772,170773,8636490.296296297,8636505.222222222,14.925925925925926,{'Idle': 14.925925925925926}
TelemetryTask,170777,170778,8645587.675925925,8645601.625,13.949074074074074,{'Idle': 13.949074074074074}
UartTxTask,170780,170782,8645739.203703703,8645770.287037037,31.083333333333332,{'TelemetryTask': 31.083333333333336}
UartTxTask,170786,170787,8646489.175925925,8646504.138888888,14.962962962962964,{'Idle': 14.962962961859173}
TelemetryTask,170791,170792,8655587.629629629,8655601.504629629,13.875,{'Idle': 13.875}
UartTxTask,170794,170796,8655739.037037037,8655770.888888888,31.85185185185185,{'TelemetryTask': 31.851851850748062}
UartTxTask,170800,170801,8656489.689814815,8656504.49074074,14.800925925925926,{'Idle': 14.800925925925926}
TelemetryTask,170805,170806,8665587.560185185,8665601.444444444,13.88425925925926,{'Idle': 13.88425925925926}
UartTxTask,170808,170810,8665738.61574074,8665769.560185185,30.944444444444443,{'TelemetryTask': 30.944444444444443}
UartTxTask,170814,170815,8666488.685185185,8666503.601851853,14.916666666666666,"{'Idle': 14.916666666666666, 'UartTxTask': 1.1037897180627893e-09}"
TelemetryTask,170819,170820,8675587.648148147,8675601.736111112,14.087962962962964,"{'Idle': 14.087962964066753, 'TelemetryTask': 1.1037897180627893e-09}"
UartTxTask,170822,170824,8675738.898148147,8675770.435185185,31.537037037037038,{'TelemetryTask': 31.537037038140827}
UartTxTask,170828,170829,8676489.504629629,8676504.277777778,14.773148148148149,{'Idle': 14.773148149251938}
TelemetryTask,170833,170834,8685587.652777778,8685601.921296297,14.268518518518519,{'Idle': 14.268518518518519}
UartTxTask,170836,170838,8685739.148148147,8685770.930555556,31.78240740740741,{'TelemetryTask': 31.782407408511197}
UartTxTask,170842,170843,8686489.976851853,8686504.569444444,14.592592592592593,{'Idle': 14.592592591488803}
TelemetryTask,170847,170848,8695587.745370371,8695602.037037037,14.291666666666666,{'Idle': 14.291666665562877}
UartTxTask,170850,170852,8695739.370370371,8695770.689814815,31.319444444444443,{'TelemetryTask': 31.319444443340654}
UartTxTask,170856,170857,8696489.421296297,8696503.912037037,14.49074074074074,{'Idle': 14.49074074074074}
TelemetryTask,170861,170862,8705587.680555556,8705601.787037037,14.106481481481481,{'Idle': 14.106481481481481}
UartTxTask,170864,170866,8705739.111111112,8705770.731481481,31.62037037037037,{'TelemetryTask': 31.62037036926658}
UartTxTask,170870,170871,8706489.782407407,8706504.61574074,14.833333333333334,{'Idle': 14.833333334437123}
TelemetryTask,170875,170876,8715587.578703703,8715601.5,13.921296296296296,{'Idle': 13.921296296296296}
UartTxTask,170878,170880,8715738.25925926,8715769.555555556,31.296296296296298,{'TelemetryTask': 31.296296296296298}
UartTxTask,170884,170885,8716488.069444444,8716502.578703703,14.50925925925926,{'Idle': 14.50925925925926}
TelemetryTask,170889,170890,8725587.680555556,8725601.356481481,13.675925925925926,{'Idle': 13.675925925925926}
UartTxTask,170892,170894,8725738.842592593,8725770.046296297,31.203703703703702,{'TelemetryTask': 31.203703702599917}
UartTxTask,170898,170899,8726489.337962963,8726504.00925926,14.671296296296296,{'Idle': 14.671296296296296}
TelemetryTask,170903,170904,8735587.652777778,8735601.754629629,14.101851851851851,{'Idle': 14.101851850748062}
UartTxTask,170906,170908,8735739.495370371,8735770.888888888,31.39351851851852,{'TelemetryTask': 31.39351851631094}
UartTxTask,170912,170913,8736489.75,8736504.375,14.625,{'Idle': 14.625}
TelemetryTask,170917,170918,8745587.671296297,8745601.587962963,13.916666666666666,{'Idle': 13.916666666666666}
UartTxTask,170920,170922,8745739.120370371,8745770.435185185,31.314814814814813,{'TelemetryTask': 31.314814813711024}
UartTxTask,170926,170927,8746489.305555556,8746504.064814815,14.75925925925926,{'Idle': 14.75925925925926}
TelemetryTask,170931,170932,8755587.828703703,8755601.949074075,14.12037037037037,{'Idle': 14.12037037037037}
UartTxTask,170934,170936,8755739.226851853,8755770.907407407,31.680555555555557,{'TelemetryTask': 31.680555553347975}
UartTxTask,170940,170941,8756489.560185185,8756504.587962963,15.027777777777779,{'Idle': 15.027777777777779}
TelemetryTask,170945,170946,8765587.810185185,8765601.763888888,13.953703703703704,{'Idle': 13.953703702599913}
UartTxTask,170948,170950,8765740.166666666,8765772.472222222,32.30555555555556,{'TelemetryTask': 32.30555555665934}
UartTxTask,170954,170955,8766491.546296297,8766506.185185185,14.63888888888889,{'Idle': 14.63888888888889}
TelemetryTask,170959,170960,8775587.638888888,8775601.800925925,14.162037037037036,{'Idle': 14.162037038140825}
UartTxTask,170962,170964,8775739.75925926,8775771.24074074,31.48148148148148,{'TelemetryTask': 31.48148148148148}
UartTxTask,170968,170969,8776489.851851853,8776504.328703703,14.476851851851851,{'Idle': 14.476851850748062}
TelemetryTask,170973,170974,8785587.791666666,8785602.319444444,14.527777777777779,{'Idle': 14.527777778881568}
UartTxTask,170976,170978,8785740.222222222,8785771.111111112,30.88888888888889,"{'TelemetryTask': 30.888888888888886, 'UartTxTask': 1.1037897180627893e-09}"
UartTxTask,170982,170983,8786490.194444444,8786504.824074075,14.62962962962963,{'Idle': 14.62962962962963}
TelemetryTask,170987,170988,8795587.74074074,8795602.125,14.38425925925926,{'Idle': 14.38425925925926}
UartTxTask,170990,170992,8795739.226851853,8795770.523148147,31.296296296296298,{'TelemetryTask': 31.29629629408872}
UartTxTask,170996,170997,8796489.828703703,8796504.773148147,14.944444444444445,{'Idle': 14.944444443340656}
TelemetryTask,171001,171002,8805587.837962963,8805602.175925925,14.337962962962964,{'Idle': 14.337962962962964}
UartTxTask,171004,171006,8805739.824074075,8805771.236111112,31.412037037037038,"{'TelemetryTask': 31.412037037037038, 'UartTxTask': 1.1037897180627893e-09}"
UartTxTask,171010,171011,8806489.837962963,8806504.462962963,14.625,{'Idle': 14.625}
TelemetryTask,171015,171016,8815587.597222222,8815601.796296297,14.199074074074074,{'Idle': 14.199074074074074}
UartTxTask,171018,171020,8815739.273148147,8815770.875,31.60185185185185,{'TelemetryTask': 31.60185185295564}
UartTxTask,171024,171025,8816489.652777778,8816504.657407407,15.00462962962963,{'Idle': 15.00462962852584}
TelemetryTask,171029,171030,8825587.819444444,8825601.99074074,14.171296296296296,{'Idle': 14.171296296296296}
UartTxTask,171032,171034,8825739.356481481,8825770.708333334,31.35185185185185,"{'TelemetryTask': 31.35185185185185, 'UartTxTask': 1.1037897180627893e-09}"
UartTxTask,171038,171039,8826489.300925925,8826504.004629629,14.703703703703704,{'Idle': 14.703703702599913}
TelemetryTask,171043,171044,8835587.796296297,8835601.851851853,14.055555555555555,"{'Idle': 14.055555555555555, 'TelemetryTask': 1.1037897180627893e-09}"
UartTxTask,171046,171048,8835738.754629629,8835770.435185185,31.680555555555557,{'TelemetryTask': 31.680555556659343}
UartTxTask,171052,171053,8836489.027777778,8836503.324074075,14.296296296296296,{'Idle': 14.296296296296296}
TelemetryTask,171057,171058,8845587.606481481,8845601.282407407,13.675925925925926,{'Idle': 13.675925924822137}
UartTxTask,171060,171062,8845738.412037037,8845770.370370371,31.958333333333332,"{'TelemetryTask': 31.958333333333336, 'UartTxTask': 1.1037897180627893e-09}"
UartTxTask,171066,171067,8846489.347222222,8846504.018518519,14.671296296296296,{'Idle': 14.671296296296296}
TelemetryTask,171071,171072,8855587.731481481,8855601.564814815,13.833333333333334,{'Idle': 13.833333333333334}
UartTxTask,171074,171076,8855739.018518519,8855769.898148147,30.87962962962963,{'TelemetryTask': 30.87962962852584}
UartTxTask,171080,171081,8856488.981481481,8856503.819444444,14.837962962962964,{'Idle': 14.837962962962964}
TelemetryTask,171085,171086,8865587.703703703,8865602.097222222,14.393518518518519,{'Idle': 14.393518518518519}
UartTxTask,171088,171090,8865740.120370371,8865772.060185185,31.939814814814813,{'TelemetryTask': 31.939814813711024}
UartTxTask,171094,171095,8866491.226851853,8866505.773148147,14.546296296296296,{'Idle': 14.546296294088718}
TelemetryTask,171099,171100,8875587.768518519,8875601.912037037,14.143518518518519,{'Idle': 14.143518518518519}
UartTxTask,171102,171104,8875739.629629629,8875771.120370371,31.49074074074074,"{'TelemetryTask': 31.49074074184453, 'UartTxTask': 1.1037897180627893e-09}"
UartTxTask,171108,171109,8876489.879629629,8876504.319444444,14.439814814814815,{'Idle': 14.439814815918604}
TelemetryTask,171113,171114,8885587.722222222,8885601.518518519,13.796296296296296,{'Idle': 13.796296296296296}
UartTxTask,171116,171118,8885739.912037037,8885771.574074075,31.662037037037038,{'TelemetryTask': 31.662037037037038}
UartTxTask,171122,171123,8886490.523148147,8886505.421296297,14.898148148148149,{'Idle': 14.898148149251938}
TelemetryTask,171127,171128,8895587.680555556,8895601.652777778,13.972222222222221,{'Idle': 13.972222222222221}
UartTxTask,171130,171132,8895738.407407407,8895769.777777778,31.37037037037037,{'TelemetryTask': 31.37037037147416}
UartTxTask,171136,171137,8896489.013888888,8896503.587962963,14.574074074074074,{'Idle': 14.574074075177863}
TelemetryTask,171141,171142,8905587.805555556,8905601.578703703,13.773148148148149,{'Idle': 13.773148148148149}
UartTxTask,171144,171146,8905739.50925926,8905771.245370371,31.73611111111111,"{'TelemetryTask': 31.736111111111114, 'UartTxTask': 1.1037897180627893e-09}"
UartTxTask,171150,171151,8906490.129629629,8906504.564814815,14.435185185185185,{'Idle': 14.435185186288974}
TelemetryTask,171155,171156,8915587.74074074,8915601.898148147,14.157407407407407,{'Idle': 14.157407406303617}
UartTxTask,171158,171160,8915739.800925925,8915771.018518519,31.21759259259259,{'TelemetryTask': 31.21759259259259}
UartTxTask,171164,171165,8916490.148148147,8916504.949074075,14.800925925925926,{'Idle': 14.800925927029715}
TelemetryTask,171169,171170,8925587.671296297,8925601.777777778,14.106481481481481,{'Idle': 14.106481481481481}
UartTxTask,171172,171174,8925740.212962963,8925772.018518519,31.805555555555557,{'TelemetryTask': 31.805555555555557}
UartTxTask,171178,171179,8926491.148148147,8926505.962962963,14.814814814814815,{'Idle': 14.814814815918604}
TelemetryTask,171183,171184,8935587.75,8935601.861111112,14.11111111111111,"{'Idle': 14.11111111111111, 'TelemetryTask': 1.1037897180627893e-09}"
UartTxTask,171186,171188,8935738.513888888,8935769.930555556,31.416666666666668,{'TelemetryTask': 31.416666667770457}
UartTxTask,171192,171193,8936488.995370371,8936503.949074075,14.953703703703704,{'Idle': 14.953703702599913}
TelemetryTask,171197,171198,8945587.773148147,8945601.851851853,14.078703703703704,"{'Idle': 14.078703704807493, 'TelemetryTask': 1.1037897180627893e-09}"
UartTxTask,171200,171202,8945739.018518519,8945770.25,31.23148148148148,{'TelemetryTask': 31.23148148148148}
UartTxTask,171206,171207,8946488.458333334,8946503.189814815,14.731481481481481,{'Idle': 14.731481480377692}
TelemetryTask,171211,171212,8955587.708333334,8955601.578703703,13.87037037037037,{'Idle': 13.870370369266581}
UartTxTask,171214,171216,8955739.606481481,8955771.092592593,31.48611111111111,"{'TelemetryTask': 31.486111111111107, 'UartTxTask': 1.1037897180627893e-09}"
UartTxTask,171220,171221,8956489.875,8956504.527777778,14.652777777777779,{'Idle': 14.652777777777779}
TelemetryTask,171225,171226,8965587.75,8965602.138888888,14.38888888888889,{'Idle': 14.388888887785098}
UartTxTask,171228,171230,8965740.152777778,8965771.712962963,31.560185185185187,{'TelemetryTask': 31.560185185185183}
UartTxTask,171234,171235,8966490.712962963,8966505.328703703,14.61574074074074,{'Idle': 14.61574074074074}
TelemetryTask,171239,171240,8975587.685185185,8975601.75,14.064814814814815,{'Idle': 14.064814814814815}
UartTxTask,171242,171244,8975738.833333334,8975771.541666666,32.708333333333336,{'TelemetryTask': 32.70833333112576}
UartTxTask,171248,171249,8976490.120370371,8976504.912037037,14.791666666666666,{'Idle': 14.791666665562877}
TelemetryTask,171253,171254,8985587.546296297,8985601.458333334,13.912037037037036,"{'Idle': 13.912037037037036, 'TelemetryTask': 1.1037897180627893e-09}"
UartTxTask,171256,171258,8985738.111111112,8985769.092592593,30.98148148148148,"{'TelemetryTask': 30.981481480377692, 'UartTxTask': 1.1037897180627893e-09}"
UartTxTask,171262,171263,8986488.38425926,8986503.11574074,14.731481481481481,{'Idle': 14.731481481481481}
TelemetryTask,171267,171268,8995587.611111112,8995601.541666666,13.930555555555555,{'Idle': 13.930555553347975}
UartTxTask,171270,171272,8995738.546296297,8995769.814814815,31.26851851851852,{'TelemetryTask': 31.26851851851852}
UartTxTask,171276,171277,8996488.532407407,8996503.296296297,14.76388888888889,{'Idle': 14.763888889992678}
TelemetryTask,171281,171282,9005587.495370371,9005601.393518519,13.898148148148149,{'Idle': 13.898148147044358}
UartTxTask,171284,171286,9005738.324074075,9005770.171296297,31.84722222222222,{'TelemetryTask': 31.84722222222222}
UartTxTask,171290,171291,9006488.976851853,9006503.638888888,14.662037037037036,{'Idle': 14.662037034829458}
TelemetryTask,171295,171296,9015587.712962963,9015601.976851853,14.26388888888889,"{'Idle': 14.26388888888889, 'TelemetryTask': 1.1037897180627893e-09}"
UartTxTask,171298,171300,9015739.194444444,9015770.356481481,31.162037037037038,{'TelemetryTask': 31.162037037037038}
UartTxTask,171304,171305,9016489.00925926,9016503.814814815,14.805555555555555,{'Idle': 14.805555555555555}
TelemetryTask,171309,171310,9025587.875,9025601.972222222,14.097222222222221,{'Idle': 14.097222222222221}
UartTxTask,171312,171314,9025739.652777778,9025771.319444444,31.666666666666668,{'TelemetryTask': 31.666666666666664}
UartTxTask,171318,171319,9026490.092592593,9026504.791666666,14.699074074074074,{'Idle': 14.699074071866495}
TelemetryTask,171323,171324,9035587.787037037,9035601.837962963,14.050925925925926,{'Idle': 14.050925925925926}
UartTxTask,171326,171328,9035738.953703703,9035770.814814815,31.86111111111111,{'TelemetryTask': 31.86111111111111}
UartTxTask,171332,171333,9036489.481481481,9036504.268518519,14.787037037037036,{'Idle': 14.787037037037036}
TelemetryTask,171337,171338,9045587.810185185,9045602.097222222,14.287037037037036,{'Idle': 14.287037037037036}
UartTxTask,171340,171342,9045739.504629629,9045770.648148147,31.14351851851852,{'TelemetryTask': 31.14351851851852}
UartTxTask,171346,171347,9046489.023148147,9046503.708333334,14.685185185185185,"{'Idle': 14.685185186288974, 'UartTxTask': 1.1037897180627893e-09}"
TelemetryTask,171351,171352,9055587.703703703,9055601.712962963,14.00925925925926,{'Idle': 14.00925925925926}
UartTxTask,171354,171356,9055739.495370371,9055771.050925925,31.555555555555557,{'TelemetryTask': 31.555555554451765}
UartTxTask,171360,171361,9056489.837962963,9056504.629629629,14.791666666666666,{'Idle': 14.791666665562877}
TelemetryTask,171365,171366,9065587.699074075,9065602.00925926,14.310185185185185,{'Idle': 14.310185185185185}
UartTxTask,171368,171370,9065740.592592593,9065771.652777778,31.060185185185187,{'TelemetryTask': 31.060185184081394}
UartTxTask,171374,171375,9066490.888888888,9066505.703703703,14.814814814814815,{'Idle': 14.814814815918604}
TelemetryTask,171379,171380,9075587.731481481,9075601.513888888,13.782407407407407,{'Idle': 13.782407406303617}
UartTxTask,171382,171384,9075739.11574074,9075770.439814815,31.324074074074073,{'TelemetryTask': 31.324074074074076}
UartTxTask,171388,171389,9076488.986111112,9076503.768518519,14.782407407407407,{'Idle': 14.782407406303617}
TelemetryTask,171393,171394,9085587.527777778,9085601.712962963,14.185185185185185,{'Idle': 14.185185185185185}
UartTxTask,171396,171398,9085739.208333334,9085770.828703703,31.62037037037037,{'TelemetryTask': 31.62037036926658}
UartTxTask,171402,171403,9086489.50925926,9086504.203703703,14.694444444444445,{'Idle': 14.694444444444445}
TelemetryTask,171407,171408,9095587.754629629,9095601.893518519,14.13888888888889,{'Idle': 14.138888889992678}
UartTxTask,171410,171412,9095739.236111112,9095770.189814815,30.953703703703702,{'TelemetryTask': 30.953703702599917}
UartTxTask,171416,171417,9096489.361111112,9096504.449074075,15.087962962962964,{'Idle': 15.087962961859173}
TelemetryTask,171421,171422,9105587.787037037,9105601.986111112,14.199074074074074,"{'Idle': 14.199074074074074, 'TelemetryTask': 1.1037897180627893e-09}"
UartTxTask,171424,171426,9105739.375,9105770.680555556,31.305555555555557,{'TelemetryTask': 31.305555555555554}
UartTxTask,171430,171431,9106490.143518519,9106504.99074074,14.847222222222221,{'Idle': 14.847222222222221}
TelemetryTask,171435,171436,9115587.444444444,9115601.532407407,14.087962962962964,{'Idle': 14.087962961859173}
UartTxTask,171438,171440,9115738.462962963,9115770.032407407,31.569444444444443,{'TelemetryTask': 31.569444443340654}
UartTxTask,171444,171445,9116489.36574074,9116504.162037037,14.796296296296296,{'Idle': 14.796296296296296}
TelemetryTask,171449,171450,9125587.583333334,9125601.722222222,14.13888888888889,{'Idle': 14.138888887785098}
UartTxTask,171452,171454,9125739.148148147,9125770.537037037,31.38888888888889,{'TelemetryTask': 31.38888888999268}
UartTxTask,171458,171459,9126489.023148147,9126503.703703703,14.680555555555555,{'Idle': 14.680555556659344}
TelemetryTask,171463,171464,9135587.828703703,9135602.138888888,14.310185185185185,{'Idle': 14.310185184081396}
UartTxTask,171466,171468,9135740.375,9135772.050925925,31.675925925925927,{'TelemetryTask': 31.675925925925927}
UartTxTask,171472,171473,9136490.824074075,9136505.601851853,14.777777777777779,"{'Idle': 14.777777777777779, 'UartTxTask': 1.1037897180627893e-09}"
TelemetryTask,171477,171478,9145587.629629629,9145602.120370371,14.49074074074074,"{'Idle': 14.49074074184453, 'TelemetryTask': 1.1037897180627893e-09}"
UartTxTask,171480,171482,9145739.393518519,9145770.74074074,31.34722222222222,{'TelemetryTask': 31.34722222222222}
UartTxTask,171486,171487,9146489.361111112,9146504.125,14.76388888888889,{'Idle': 14.763888887785098}
TelemetryTask,171491,171492,9155587.648148147,9155602.050925925,14.402777777777779,{'Idle': 14.402777778881568}
UartTxTask,171494,171496,9155739.787037037,9155771.245370371,31.458333333333332,"{'TelemetryTask': 31.458333333333336, 'UartTxTask': 1.1037897180627893e-09}"
UartTxTask,171500,171501,9156489.976851853,9156504.745370371,14.768518518518519,"{'Idle': 14.768518517414728, 'UartTxTask': 1.1037897180627893e-09}"
TelemetryTask,171505,171506,9165587.773148147,9165602.152777778,14.37962962962963,{'Idle': 14.379629630733419}
UartTxTask,171508,171510,9165739.555555556,9165771.513888888,31.958333333333332,{'TelemetryTask': 31.958333332229543}
UartTxTask,171514,171515,9166490.24074074,9166504.930555556,14.689814814814815,{'Idle': 14.689814814814815}
TelemetryTask,171519,171520,9175587.680555556,9175601.203703703,13.523148148148149,{'Idle': 13.523148148148149}
UartTxTask,171522,171524,9175737.847222222,9175768.699074075,30.85185185185185,{'TelemetryTask': 30.85185185185185}
UartTxTask,171528,171529,9176487.574074075,9176501.925925925,14.351851851851851,{'Idle': 14.351851851851851}
TelemetryTask,171533,171534,9185587.731481481,9185601.939814815,14.208333333333334,{'Idle': 14.208333333333334}
UartTxTask,171536,171538,9185740.027777778,9185771.398148147,31.37037037037037,{'TelemetryTask': 31.37037036926658}
UartTxTask,171542,171543,9186490.351851853,9186505.171296297,14.819444444444445,{'Idle': 14.819444443340656}
TelemetryTask,171547,171548,9195587.666666666,9195601.939814815,14.273148148148149,{'Idle': 14.273148149251938}
UartTxTask,171550,171552,9195739.523148147,9195770.888888888,31.36574074074074,{'TelemetryTask': 31.36574074074074}
UartTxTask,171556,171557,9196489.527777778,9196504.203703703,14.675925925925926,{'Idle': 14.675925925925926}
TelemetryTask,171561,171562,9205587.736111112,9205601.777777778,14.041666666666666,{'Idle': 14.041666665562877}
UartTxTask,171564,171566,9205739.328703703,9205770.944444444,31.61574074074074,{'TelemetryTask': 31.61574074074074}
UartTxTask,171570,171571,9206489.703703703,9206504.546296297,14.842592592592593,{'Idle': 14.842592592592593}
TelemetryTask,171575,171576,9215587.75925926,9215601.88425926,14.125,{'Idle': 14.125}
UartTxTask,171578,171580,9215738.666666666,9215769.819444444,31.15277777777778,{'TelemetryTask': 31.152777778881568}
UartTxTask,171584,171585,9216489.097222222,9216504.208333334,15.11111111111111,"{'Idle': 15.11111111111111, 'UartTxTask': 1.1037897180627893e-09}"
TelemetryTask,171589,171590,9225587.587962963,9225601.513888888,13.925925925925926,{'Idle': 13.925925924822137}
UartTxTask,171592,171594,9225738.541666666,9225769.976851853,31.435185185185187,"{'TelemetryTask': 31.435185186288976, 'UartTxTask': 1.1037897180627893e-09}"
UartTxTask,171598,171599,9226488.625,9226503.351851853,14.726851851851851,"{'Idle': 14.726851851851851, 'UartTxTask': 1.1037897180627893e-09}"
TelemetryTask,171603,171604,9235587.671296297,9235601.555555556,13.88425925925926,{'Idle': 13.88425925925926}
UartTxTask,171606,171608,9235739.046296297,9235770.337962963,31.291666666666668,{'TelemetryTask': 31.291666666666668}
UartTxTask,171612,171613,9236489.453703703,9236504.421296297,14.967592592592593,{'Idle': 14.967592592592593}
TelemetryTask,171617,171618,9245587.745370371,9245601.375,13.62962962962963,{'Idle': 13.62962962852584}
UartTxTask,171620,171622,9245738.129629629,9245769.527777778,31.39814814814815,{'TelemetryTask': 31.398148149251938}
UartTxTask,171626,171627,9246488.703703703,9246503.675925925,14.972222222222221,{'Idle': 14.972222222222221}
TelemetryTask,171631,171632,9255587.675925925,9255601.472222222,13.796296296296296,{'Idle': 13.796296296296296}
UartTxTask,171634,171636,9255739.606481481,9255771.101851853,31.49537037037037,"{'TelemetryTask': 31.49537037037037, 'UartTxTask': 1.1037897180627893e-09}"
UartTxTask,171640,171641,9256489.763888888,9256504.611111112,14.847222222222221,"{'Idle': 14.84722222332601, 'UartTxTask': 1.1037897180627893e-09}"
TelemetryTask,171645,171646,9265587.712962963,9265601.694444444,13.981481481481481,{'Idle': 13.981481481481481}
UartTxTask,171648,171650,9265739.189814815,9265770.893518519,31.703703703703702,{'TelemetryTask': 31.703703703703702}
UartTxTask,171654,171655,9266489.856481481,9266504.625,14.768518518518519,{'Idle': 14.768518518518519}
TelemetryTask,171659,171660,9275587.680555556,9275601.583333334,13.902777777777779,"{'Idle': 13.902777777777779, 'TelemetryTask': 1.1037897180627893e-09}"
UartTxTask,171662,171664,9275739.564814815,9275771.041666666,31.47685185185185,{'TelemetryTask': 31.476851850748062}
UartTxTask,171668,171669,9276489.453703703,9276504.236111112,14.782407407407407,"{'Idle': 14.782407407407407, 'UartTxTask': 1.1037897180627893e-09}"
TelemetryTask,171673,171674,9285587.75925926,9285601.569444444,13.810185185185185,{'Idle': 13.810185185185185}
UartTxTask,171676,171678,9285738.842592593,9285770.712962963,31.87037037037037,{'TelemetryTask': 31.87037036926658}
UartTxTask,171682,171683,9286489.398148147,9286504.064814815,14.666666666666666,{'Idle': 14.666666667770455}
TelemetryTask,171687,171688,9295587.685185185,9295601.88425926,14.199074074074074,{'Idle': 14.199074074074074}
UartTxTask,171690,171692,9295739.138888888,9295770.268518519,31.12962962962963,{'TelemetryTask': 31.12962963073342}
UartTxTask,171696,171697,9296489.680555556,9296504.287037037,14.606481481481481,{'Idle': 14.606481481481481}
TelemetryTask,171701,171702,9305587.773148147,9305602.064814815,14.291666666666666,{'Idle': 14.291666667770455}
UartTxTask,171704,171706,9305739.453703703,9305770.578703703,31.125,{'TelemetryTask': 31.125}
UartTxTask,171710,171711,9306489.046296297,9306503.601851853,14.555555555555555,"{'Idle': 14.555555555555555, 'UartTxTask': 1.1037897180627893e-09}"
TelemetryTask,171715,171716,9315587.671296297,9315601.444444444,13.773148148148149,{'Idle': 13.773148148148149}
UartTxTask,171718,171720,9315739.870370371,9315771.180555556,31.310185185185187,{'TelemetryTask': 31.310185184081398}
UartTxTask,171724,171725,9316490.106481481,9316504.888888888,14.782407407407407,{'Idle': 14.782407406303617}
TelemetryTask,171729,171730,9325587.782407407,9325601.893518519,14.11111111111111,{'Idle': 14.1111111122149}
UartTxTask,171732,171734,9325739.662037037,9325771.087962963,31.425925925925927,{'TelemetryTask': 31.425925925925924}
UartTxTask,171738,171739,9326489.532407407,9326504.074074075,14.541666666666666,{'Idle': 14.541666667770455}
TelemetryTask,171743,171744,9335587.712962963,9335601.837962963,14.125,{'Idle': 14.125}
UartTxTask,171746,171748,9335739.662037037,9335770.319444444,30.65740740740741,{'TelemetryTask': 30.657407407407405}
UartTxTask,171752,171753,9336489.439814815,9336504.162037037,14.722222222222221,{'Idle': 14.722222222222221}
TelemetryTask,171757,171758,9345587.662037037,9345601.666666666,14.00462962962963,{'Idle': 14.00462962852584}
UartTxTask,171760,171762,9345739.277777778,9345770.351851853,31.074074074074073,"{'TelemetryTask': 31.074074074074076, 'UartTxTask': 1.1037897180627893e-09}"
UartTxTask,171766,171767,9346489.453703703,9346504.0,14.546296296296296,{'Idle': 14.546296296296296}
TelemetryTask,171771,171772,9355587.787037037,9355601.583333334,13.796296296296296,"{'Idle': 13.796296296296296, 'TelemetryTask': 1.1037897180627893e-09}"
UartTxTask,171774,171776,9355738.430555556,9355770.296296297,31.86574074074074,{'TelemetryTask': 31.86574074074074}
UartTxTask,171780,171781,9356488.967592593,9356503.777777778,14.810185185185185,{'Idle': 14.810185184081396}
TelemetryTask,171785,171786,9365587.810185185,9365601.958333334,14.148148148148149,"{'Idle': 14.148148148148149, 'TelemetryTask': 1.1037897180627893e-09}"
UartTxTask,171788,171790,9365740.074074075,9365771.472222222,31.39814814814815,{'TelemetryTask': 31.39814814814815}
UartTxTask,171794,171795,9366490.629629629,9366505.305555556,14.675925925925926,{'Idle': 14.675925927029715}
TelemetryTask,171799,171800,9375587.63425926,9375601.680555556,14.046296296296296,{'Idle': 14.046296296296296}
UartTxTask,171802,171804,9375739.175925925,9375770.310185185,31.13425925925926,{'TelemetryTask': 31.13425925925926}
UartTxTask,171808,171809,9376489.63425926,9376504.171296297,14.537037037037036,{'Idle': 14.537037037037036}
TelemetryTask,171813,171814,9385587.717592593,9385601.958333334,14.24074074074074,"{'Idle': 14.240740739636951, 'TelemetryTask': 1.1037897180627893e-09}"
UartTxTask,171816,171818,9385740.342592593,9385771.555555556,31.212962962962962,{'TelemetryTask': 31.212962961859173}
UartTxTask,171822,171823,9386490.949074075,9386505.523148147,14.574074074074074,{'Idle': 14.574074072970284}
TelemetryTask,171827,171828,9395587.763888888,9395601.939814815,14.175925925925926,{'Idle': 14.175925927029715}
UartTxTask,171830,171832,9395739.171296297,9395770.620370371,31.449074074074073,"{'TelemetryTask': 31.449074074074073, 'UartTxTask': 1.1037897180627893e-09}"
UartTxTask,171836,171837,9396489.814814815,9396504.625,14.810185185185185,{'Idle': 14.810185185185185}
TelemetryTask,171841,171842,9405587.666666666,9405601.893518519,14.226851851851851,{'Idle': 14.22685185295564}
UartTxTask,171844,171846,9405740.087962963,9405771.583333334,31.49537037037037,"{'TelemetryTask': 31.49537037037037, 'UartTxTask': 1.1037897180627893e-09}"
UartTxTask,171850,171851,9406490.231481481,9406504.88425926,14.652777777777779,{'Idle': 14.652777777777779}
TelemetryTask,171855,171856,9415587.777777778,9415601.550925925,13.773148148148149,{'Idle': 13.773148148148149}
UartTxTask,171858,171860,9415739.518518519,9415770.337962963,30.819444444444443,{'TelemetryTask': 30.819444444444443}
UartTxTask,171864,171865,9416489.11574074,9416503.907407407,14.791666666666666,{'Idle': 14.791666665562877}
TelemetryTask,171869,171870,9425587.625,9425601.74074074,14.11574074074074,{'Idle': 14.11574074074074}
UartTxTask,171872,171874,9425738.907407407,9425770.222222222,31.314814814814813,{'TelemetryTask': 31.314814815918602}
UartTxTask,171878,171879,9426488.699074075,9426503.546296297,14.847222222222221,{'Idle': 14.847222222222221}
TelemetryTask,171883,171884,9435587.671296297,9435601.875,14.203703703703704,{'Idle': 14.203703703703704}
UartTxTask,171886,171888,9435739.069444444,9435771.194444444,32.125,{'TelemetryTask': 32.125}
UartTxTask,171892,171893,9436490.129629629,9436505.0,14.87037037037037,{'Idle': 14.87037037147416}
TelemetryTask,171897,171898,9445587.675925925,9445601.856481481,14.180555555555555,{'Idle': 14.180555555555555}
UartTxTask,171900,171902,9445739.625,9445770.976851853,31.35185185185185,"{'TelemetryTask': 31.35185185185185, 'UartTxTask': 1.1037897180627893e-09}"
UartTxTask,171906,171907,9446489.944444444,9446504.671296297,14.726851851851851,{'Idle': 14.726851851851851}
TelemetryTask,171911,171912,9455587.717592593,9455601.379629629,13.662037037037036,{'Idle': 13.662037034829458}
UartTxTask,171914,171916,9455739.199074075,9455769.787037037,30.587962962962962,{'TelemetryTask': 30.587962962962962}
UartTxTask,171920,171921,9456488.717592593,9456503.537037037,14.819444444444445,{'Idle': 14.819444443340656}
TelemetryTask,171925,171926,9465587.726851853,9465601.782407407,14.055555555555555,{'Idle': 14.055555553347975}
UartTxTask,171928,171930,9465739.722222222,9465771.120370371,31.39814814814815,"{'TelemetryTask': 31.398148148148145, 'UartTxTask': 1.1037897180627893e-09}"
UartTxTask,171934,171935,9466490.791666666,9466505.532407407,14.74074074074074,{'Idle': 14.74074074074074}
TelemetryTask,171939,171940,9475587.837962963,9475602.101851853,14.26388888888889,"{'Idle': 14.26388888888889, 'TelemetryTask': 1.1037897180627893e-09}"
UartTxTask,171942,171944,9475739.629629629,9475771.254629629,31.625,{'TelemetryTask': 31.625}
UartTxTask,171948,171949,9476490.032407407,9476504.88425926,14.851851851851851,{'Idle': 14.85185185295564}
TelemetryTask,171953,171954,9485587.712962963,9485601.606481481,13.893518518518519,{'Idle': 13.893518518518519}
UartTxTask,171956,171958,9485738.717592593,9485769.800925925,31.083333333333332,{'TelemetryTask': 31.083333332229543}
UartTxTask,171962,171963,9486488.467592593,9486503.208333334,14.74074074074074,"{'Idle': 14.740740739636951, 'UartTxTask': 1.1037897180627893e-09}"
TelemetryTask,171967,171968,9495587.620370371,9495601.962962963,14.342592592592593,{'Idle': 14.342592591488803}
UartTxTask,171970,171972,9495739.305555556,9495770.842592593,31.537037037037038,"{'TelemetryTask': 31.537037037037038, 'UartTxTask': 1.1037897180627893e-09}"
UartTxTask,171976,171977,9496489.921296297,9496504.36574074,14.444444444444445,{'Idle': 14.444444444444445}
TelemetryTask,171981,171982,9505587.828703703,9505602.175925925,14.347222222222221,{'Idle': 14.347222222222221}
UartTxTask,171984,171986,9505739.152777778,9505770.208333334,31.055555555555557,"{'TelemetryTask': 31.055555555555557, 'UartTxTask': 1.1037897180627893e-09}"
UartTxTask,171990,171991,9506489.050925925,9506503.828703703,14.777777777777779,{'Idle': 14.777777777777779}
TelemetryTask,171995,171996,9515587.731481481,9515602.074074075,14.342592592592593,{'Idle': 14.342592592592593}
UartTxTask,171998,172000,9515739.245370371,9515770.421296297,31.175925925925927,{'TelemetryTask': 31.175925924822135}
UartTxTask,172004,172005,9516489.180555556,9516504.087962963,14.907407407407407,{'Idle': 14.907407407407407}
TelemetryTask,172009,172010,9525587.86574074,9525601.847222222,13.981481481481481,{'Idle': 13.981481481481481}
UartTxTask,172012,172014,9525739.467592593,9525771.851851853,32.38425925925926,"{'TelemetryTask': 32.38425925815547, 'UartTxTask': 1.1037897180627893e-09}"
UartTxTask,172018,172019,9526490.796296297,9526505.421296297,14.625,{'Idle': 14.625}
TelemetryTask,172023,172024,9535587.791666666,9535602.101851853,14.310185185185185,"{'Idle': 14.310185186288974, 'TelemetryTask': 1.1037897180627893e-09}"
UartTxTask,172026,172028,9535739.319444444,9535770.856481481,31.537037037037038,{'TelemetryTask': 31.537037037037038}
UartTxTask,172032,172033,9536489.916666666,9536504.606481481,14.689814814814815,{'Idle': 14.689814815918604}
TelemetryTask,172037,172038,9545587.527777778,9545601.537037037,14.00925925925926,{'Idle': 14.00925925925926}
UartTxTask,172040,172042,9545739.148148147,9545770.453703703,31.305555555555557,{'TelemetryTask': 31.305555556659346}
UartTxTask,172046,172047,9546489.314814815,9546504.120370371,14.805555555555555,"{'Idle': 14.805555555555555, 'UartTxTask': 1.1037897180627893e-09}"
TelemetryTask,172051,172052,9555587.583333334,9555601.791666666,14.208333333333334,{'Idle': 14.208333331125754}
UartTxTask,172054,172056,9555738.722222222,9555770.351851853,31.62962962962963,"{'TelemetryTask': 31.62962962962963, 'UartTxTask': 1.1037897180627893e-09}"
UartTxTask,172060,172061,9556489.254629629,9556504.143518519,14.88888888888889,{'Idle': 14.888888889992678}
TelemetryTask,172065,172066,9565587.657407407,9565601.745370371,14.087962962962964,"{'Idle': 14.087962964066753, 'TelemetryTask': 1.1037897180627893e-09}"
UartTxTask,172068,172070,9565739.078703703,9565770.606481481,31.52777777777778,{'TelemetryTask': 31.52777777777778}
UartTxTask,172074,172075,9566489.643518519,9566504.203703703,14.560185185185185,{'Idle': 14.560185185185185}
TelemetryTask,172079,172080,9575587.666666666,9575601.504629629,13.837962962962964,{'Idle': 13.837962962962962}
UartTxTask,172082,172084,9575739.097222222,9575770.643518519,31.546296296296298,{'TelemetryTask': 31.546296296296298}
UartTxTask,172088,172089,9576489.476851853,9576504.495370371,15.018518518518519,"{'Idle': 15.018518517414728, 'UartTxTask': 1.1037897180627893e-09}"
TelemetryTask,172093,172094,9585587.787037037,9585601.606481481,13.819444444444445,{'Idle': 13.819444444444445}
UartTxTask,172096,172098,9585739.078703703,9585770.902777778,31.824074074074073,{'TelemetryTask': 31.824074074074076}
UartTxTask,172102,172103,9586489.375,9586504.120370371,14.74537037037037,"{'Idle': 14.74537037037037, 'UartTxTask': 1.1037897180627893e-09}"
TelemetryTask,172107,172108,9595587.601851853,9595601.712962963,14.11111111111111,{'Idle': 14.111111110007322}
UartTxTask,172110,172112,9595738.907407407,9595769.467592593,30.560185185185187,"{'TelemetryTask': 30.560185186288976, 'UartTxTask': 1.1037897180627893e-09}"
UartTxTask,172116,172117,9596488.319444444,9596502.791666666,14.472222222222221,{'Idle': 14.472222221118432}
TelemetryTask,172121,172122,9605587.611111112,9605601.787037037,14.175925925925926,{'Idle': 14.175925924822137}
UartTxTask,172124,172126,9605738.958333334,9605770.736111112,31.77777777777778,"{'TelemetryTask': 31.777777776673986, 'UartTxTask': 1.1037897180627893e-09}"
UartTxTask,172130,172131,9606489.504629629,9606504.231481481,14.726851851851851,{'Idle': 14.72685185295564}
TelemetryTask,172135,172136,9615587.620370371,9615601.370370371,13.75,"{'Idle': 13.749999998896211, 'TelemetryTask': 1.1037897180627893e-09}"
UartTxTask,172138,172140,9615738.486111112,9615770.162037037,31.675925925925927,{'TelemetryTask': 31.67592592482214}
UartTxTask,172144,172145,9616488.583333334,9616503.041666666,14.458333333333334,{'Idle': 14.458333331125754}
TelemetryTask,172149,172150,9625587.61574074,9625601.768518519,14.152777777777779,{'Idle': 14.152777777777779}
UartTxTask,172152,172154,9625740.208333334,9625771.425925925,31.21759259259259,{'TelemetryTask': 31.217592591488803}
UartTxTask,172158,172159,9626490.023148147,9626504.88425926,14.86111111111111,{'Idle': 14.8611111122149}
TelemetryTask,172163,172164,9635587.782407407,9635602.129629629,14.347222222222221,{'Idle': 14.347222222222221}
UartTxTask,172166,172168,9635739.699074075,9635771.537037037,31.837962962962962,{'TelemetryTask': 31.837962962962962}
UartTxTask,172172,172173,9636489.902777778,9636504.671296297,14.768518518518519,{'Idle': 14.768518518518519}
TelemetryTask,172178,172179,9645587.875,9645602.277777778,14.402777777777779,{'Idle': 14.402777777777779}
UartTxTask,172181,172183,9645739.212962963,9645771.060185185,31.84722222222222,{'TelemetryTask': 31.84722222222222}
UartTxTask,172187,172188,9646489.643518519,9646504.356481481,14.712962962962964,{'Idle': 14.712962962962964}
TelemetryTask,172193,172194,9655587.592592593,9655601.888888888,14.296296296296296,{'Idle': 14.296296294088718}
UartTxTask,172197,172198,9665587.555555556,9665601.208333334,13.652777777777779,"{'Idle': 13.652777777777779, 'UartTxTask': 1.1037897180627893e-09}"
UartTxTask,172203,172204,9685587.555555556,9685601.421296297,13.86574074074074,{'Idle': 13.86574074074074}
UartTxTask,172209,172210,9705587.527777778,9705601.546296297,14.018518518518519,{'Idle': 14.018518518518519}
UartTxTask,172215,172216,9725587.578703703,9725601.726851853,14.148148148148149,"{'Idle': 14.148148148148149, 'UartTxTask': 1.1037897180627893e-09}"
UartTxTask,172221,172222,9745587.629629629,9745601.273148147,13.643518518518519,{'Idle': 13.643518518518517}
UartTxTask,172227,172228,9765587.625,9765601.717592593,14.092592592592593,"{'Idle': 14.092592592592593, 'UartTxTask': 1.1037897180627893e-09}"
UartTxTask,172233,172234,9785587.462962963,9785601.189814815,13.726851851851851,{'Idle': 13.726851851851851}
UartTxTask,172239,172240,9805587.671296297,9805601.467592593,13.796296296296296,"{'Idle': 13.796296296296296, 'UartTxTask': 1.1037897180627893e-09}"
UartTxTask,172245,172246,9825587.574074075,9825601.717592593,14.143518518518519,"{'Idle': 14.143518518518519, 'UartTxTask': 1.1037897180627893e-09}"
UartTxTask,172251,172252,9845587.61574074,9845601.527777778,13.912037037037036,{'Idle': 13.912037037037036}
UartTxTask,172257,172258,9865587.611111112,9865601.842592593,14.231481481481481,"{'Idle': 14.231481480377692, 'UartTxTask': 1.1037897180627893e-09}"
UartTxTask,172263,172264,9885587.504629629,9885601.356481481,13.851851851851851,{'Idle': 13.85185185295564}
UartTxTask,172269,172270,9905587.5,9905601.703703703,14.203703703703704,{'Idle': 14.203703703703704}
UartTxTask,172275,172276,9925587.527777778,9925601.421296297,13.893518518518519,{'Idle': 13.893518518518519}
UartTxTask,172281,172282,9945587.620370371,9945601.541666666,13.921296296296296,{'Idle': 13.921296296296296}
UartTxTask,172287,172288,9965587.527777778,9965601.50925926,13.981481481481481,{'Idle': 13.981481481481481}
UartTxTask,172293,172294,9985587.61574074,9985601.777777778,14.162037037037036,{'Idle': 14.162037037037036}
UartTxTask,172299,172300,10005587.546296297,10005601.166666666,13.62037037037037,{'Idle': 13.62037037037037}
UartTxTask,172305,172306,10025587.527777778,10025601.453703703,13.925925925925926,{'Idle': 13.925925925925926}
UartTxTask,172312,172313,10045587.685185185,10045602.0,14.314814814814815,{'Idle': 14.314814814814815}
UartTxTask,172318,172319,10046483.518518519,10046497.995370371,14.476851851851851,{'Idle': 14.476851851851851}
UartTxTask,172322,172323,10047355.74074074,10047370.273148147,14.532407407407407,{'Idle': 14.532407407407407}
UartTxTask,172326,172327,10048225.898148147,10048240.486111112,14.587962962962964,{'Idle': 14.587962962962964}
UartTxTask,172330,172331,10049096.574074075,10049111.518518519,14.944444444444445,{'Idle': 14.944444444444445}
UartTxTask,172334,172335,10049966.689814815,10049981.453703703,14.76388888888889,{'Idle': 14.76388888888889}
UartTxTask,172338,172339,10050840.61574074,10050854.893518519,14.277777777777779,{'Idle': 14.277777777777779}
UartTxTask,172342,172343,10051713.995370371,10051728.675925925,14.680555555555555,{'Idle': 14.680555555555555}
UartTxTask,172346,172347,10052584.407407407,10052599.263888888,14.856481481481481,{'Idle': 14.856481481481481}
UartTxTask,172350,172351,10053458.296296297,10053473.064814815,14.768518518518519,{'Idle': 14.768518518518519}
UartTxTask,172354,172355,10054331.481481481,10054346.467592593,14.98611111111111,{'Idle': 14.98611111111111}
UartTxTask,172358,172359,10055203.00925926,10055217.74074074,14.731481481481481,{'Idle': 14.731481481481481}
UartTxTask,172362,172363,10056073.444444444,10056088.226851853,14.782407407407407,{'Idle': 14.782407407407407}
UartTxTask,172366,172367,10056944.106481481,10056958.75925926,14.652777777777779,{'Idle': 14.652777777777779}
UartTxTask,172370,172371,10057818.638888888,10057833.555555556,14.916666666666666,{'Idle': 14.916666666666666}
UartTxTask,172374,172375,10058689.611111112,10058704.449074075,14.837962962962964,{'Idle': 14.837962962962964}
UartTxTask,172378,172379,10059540.527777778,10059555.180555556,14.652777777777779,{'Idle': 14.652777777777779}
UartTxTask,172382,172383,10060347.851851853,10060362.625,14.773148148148149,{'Idle': 14.773148148148149}
UartTxTask,172387,172388,10079587.435185185,10079601.388888888,13.953703703703704,{'Idle': 13.953703703703704}
UartTxTask,172393,172394,10099587.50925926,10099601.708333334,14.199074074074074,{'Idle': 14.199074074074074}
UartTxTask,172399,172400,10119587.555555556,10119601.555555556,14.0,{'Idle': 14.0}
UartTxTask,172405,172406,10139587.680555556,10139601.402777778,13.722222222222221,{'Idle': 13.722222222222221}
UartTxTask,172411,172412,10159587.597222222,10159601.689814815,14.092592592592593,{'Idle': 14.092592592592593}
UartTxTask,172417,172418,10179587.50925926,10179601.25925926,13.75,{'Idle': 13.75}
UartTxTask,172423,172424,10199587.708333334,10199601.717592593,14.00925925925926,{'Idle': 14.00925925925926}
UartTxTask,172429,172430,10219587.504629629,10219601.532407407,14.027777777777779,{'Idle': 14.027777777777779}
UartTxTask,172435,172436,10239587.666666666,10239601.592592593,13.925925925925926,{'Idle': 13.925925925925926}
UartTxTask,172441,172442,10259587.504629629,10259600.925925925,13.421296296296296,{'Idle': 13.421296296296296}
UartTxTask,172447,172448,10279587.435185185,10279601.486111112,14.050925925925926,{'Idle': 14.050925925925926}
UartTxTask,172453,172454,10299587.638888888,10299601.574074075,13.935185185185185,{'Idle': 13.935185185185185}
UartTxTask,172459,172460,10319587.564814815,10319601.953703703,14.38888888888889,{'Idle': 14.38888888888889}
UartTxTask,172465,172466,10339587.587962963,10339601.226851853,13.63888888888889,{'Idle': 13.63888888888889}
UartTxTask,172471,172472,10359587.537037037,10359601.537037037,14.0,{'Idle': 14.0}
UartTxTask,172477,172478,10379587.61574074,10379601.550925925,13.935185185185185,{'Idle': 13.935185185185185}
UartTxTask,172483,172484,10399587.356481481,10399601.689814815,14.333333333333334,{'Idle': 14.333333333333334}
UartTxTask,172489,172490,10419587.504629629,10419601.407407407,13.902777777777779,{'Idle': 13.902777777777779}
UartTxTask,172495,172496,10439587.592592593,10439601.481481481,13.88888888888889,{'Idle': 13.88888888888889}
UartTxTask,172501,172502,10459587.597222222,10459601.777777778,14.180555555555555,{'Idle': 14.180555555555555}
UartTxTask,172507,172508,10479587.675925925,10479601.379629629,13.703703703703704,{'Idle': 13.703703703703704}
UartTxTask,172513,172514,10499587.675925925,10499601.49074074,13.814814814814815,{'Idle': 13.814814814814815}
UartTxTask,172519,172520,10519587.430555556,10519601.277777778,13.847222222222221,{'Idle': 13.847222222222221}
UartTxTask,172525,172526,10539587.606481481,10539601.462962963,13.856481481481481,{'Idle': 13.856481481481481}
UartTxTask,172531,172532,10559587.694444444,10559601.675925925,13.981481481481481,{'Idle': 13.981481481481481}
UartTxTask,172537,172538,10579587.532407407,10579601.50925926,13.976851851851851,{'Idle': 13.976851851851851}
UartTxTask,172543,172544,10599587.564814815,10599601.277777778,13.712962962962964,{'Idle': 13.712962962962964}
UartTxTask,172549,172550,10619587.50925926,10619601.342592593,13.833333333333334,{'Idle': 13.833333333333334}
UartTxTask,172555,172556,10639587.731481481,10639601.805555556,14.074074074074074,{'Idle': 14.074074074074074}
UartTxTask,172561,172562,10659587.550925925,10659601.38425926,13.833333333333334,{'Idle': 13.833333333333334}
UartTxTask,172567,172568,10679587.638888888,10679601.435185185,13.796296296296296,{'Idle': 13.796296296296296}
UartTxTask,172573,172574,10699587.601851853,10699601.888888888,14.287037037037036,{'Idle': 14.287037037037036}
UartTxTask,172579,172580,10719587.458333334,10719601.287037037,13.828703703703704,{'Idle': 13.828703703703704}
UartTxTask,172585,172586,10739587.601851853,10739601.578703703,13.976851851851851,{'Idle': 13.976851851851851}
UartTxTask,172591,172592,10759587.435185185,10759601.277777778,13.842592592592593,{'Idle': 13.842592592592593}
UartTxTask,172597,172598,10779587.518518519,10779601.319444444,13.800925925925926,{'Idle': 13.800925925925926}
UartTxTask,172603,172604,10799587.712962963,10799601.36574074,13.652777777777779,{'Idle': 13.652777777777779}
UartTxTask,172609,172610,10819587.50925926,10819601.513888888,14.00462962962963,{'Idle': 14.00462962962963}
UartTxTask,172615,172616,10839587.620370371,10839601.88425926,14.26388888888889,{'Idle': 14.26388888888889}
UartTxTask,172621,172622,10859587.476851853,10859601.583333334,14.106481481481481,{'Idle': 14.106481481481481}
UartTxTask,172627,172628,10879587.61574074,10879601.680555556,14.064814814814815,{'Idle': 14.064814814814815}
UartTxTask,172633,172634,10899587.601851853,10899601.523148147,13.921296296296296,{'Idle': 13.921296296296296}
UartTxTask,172639,172640,10919587.546296297,10919601.462962963,13.916666666666666,{'Idle': 13.916666666666666}
UartTxTask,172645,172646,10939587.689814815,10939601.328703703,13.63888888888889,{'Idle': 13.63888888888889}
